assertion_id,canonical_game_id,source_program_key,source_game_id,source_era,season_label,game_date,source_opponent_label,normalized_opponent_key,normalized_opponent_name,team_score,opponent_score,played_result,overtime_periods,source_site_candidate,curated_site_type,source_venue_name,curated_venue_name,city,state,event_or_tournament,source_round,curated_game_type,curated_postseason_round,source_page,raw_text,normalization_status,notes,match_status,match_method
ASRT-MIZ-00001,CBBG-0000001,missouri,MIZ-HIST-00001,historical_media_guide,1906-1907,1907-01-12,Central Methodist,central-methodist,Central Methodist,65,5,W,0,home_or_special_site_candidate,unknown,Rothwell Gymnasium,,,,,,REGULAR_SEASON,,19,Jan. 12 Central Methodist W 65-5,opponent_resolved_site_pending,,MATCHED,BOOTSTRAP_SAME_SOURCE_SEQUENCE
ASRT-MIZ-00002,CBBG-0000002,missouri,MIZ-HIST-00002,historical_media_guide,1906-1907,1907-01-18,Washington (Mo.),washington-university-of-st-louis,Washington University of St. Louis,24,28,L,0,home_or_special_site_candidate,unknown,Rothwell Gymnasium,,,,,,REGULAR_SEASON,,19,Jan. 18 Washington (Mo.) L 24-28,opponent_resolved_site_pending,,MATCHED,BOOTSTRAP_SAME_SOURCE_SEQUENCE
ASRT-MIZ-00003,CBBG-0000003,missouri,MIZ-HIST-00003,historical_media_guide,1906-1907,1907-02-02,K.C. Athletic Club,k-c-athletic-club,K.C. Athletic Club,34,35,L,0,away_candidate,unknown,,,,,,,REGULAR_SEASON,,19,Feb. 2 @ K.C. Athletic Club L 34-35,opponent_resolved_site_pending,,MATCHED,BOOTSTRAP_SAME_SOURCE_SEQUENCE
ASRT-MIZ-00004,CBBG-0000004,missouri,MIZ-HIST-00004,historical_media_guide,1906-1907,1907-02-04,Baker,baker,Baker,28,43,L,0,away_candidate,unknown,,,,,,,REGULAR_SEASON,,19,Feb. 4 @ Baker L 28-43,opponent_resolved_site_pending,,MATCHED,BOOTSTRAP_SAME_SOURCE_SEQUENCE
ASRT-MIZ-00005,CBBG-0000005,missouri,MIZ-HIST-00005,historical_media_guide,1906-1907,1907-02-05,Emporia State,emporia-state,Emporia State,40,26,W,0,away_candidate,unknown,,,,,,,REGULAR_SEASON,,19,Feb. 5 @ Emporia State W 40-26,opponent_resolved_site_pending,,MATCHED,BOOTSTRAP_SAME_SOURCE_SEQUENCE
ASRT-MIZ-00006,CBBG-0000006,missouri,MIZ-HIST-00006,historical_media_guide,1906-1907,1907-02-06,Fort Riley,fort-riley,Fort Riley,66,6,W,0,away_candidate,unknown,,,,,,,REGULAR_SEASON,,19,Feb. 6 @ Fort Riley W 66-6,opponent_resolved_site_pending,,MATCHED,BOOTSTRAP_SAME_SOURCE_SEQUENCE
ASRT-MIZ-00007,CBBG-0000007,missouri,MIZ-HIST-00007,historical_media_guide,1906-1907,1907-02-07,Kansas State,kansas-state,Kansas State,19,34,L,0,away_candidate,unknown,,,,,,,REGULAR_SEASON,,19,Feb. 7 @ Kansas State L 19-34,opponent_resolved_site_pending,,MATCHED,BOOTSTRAP_SAME_SOURCE_SEQUENCE
ASRT-MIZ-00008,CBBG-0000008,missouri,MIZ-HIST-00008,historical_media_guide,1906-1907,1907-02-08,Haskell Institute,haskell,Haskell,40,47,L,0,away_candidate,unknown,,,,,,,REGULAR_SEASON,,19,Feb. 8 @ Haskell Institute L 40-47,opponent_resolved_site_pending,,MATCHED,BOOTSTRAP_SAME_SOURCE_SEQUENCE
ASRT-MIZ-00009,CBBG-0000009,missouri,MIZ-HIST-00009,historical_media_guide,1906-1907,1907-02-09,Central Missouri,central-missouri,Central Missouri,43,18,W,0,away_candidate,unknown,,,,,,,REGULAR_SEASON,,19,Feb. 9 @ Central Missouri W 43-18,opponent_resolved_site_pending,,MATCHED,BOOTSTRAP_SAME_SOURCE_SEQUENCE
ASRT-MIZ-00010,CBBG-0000010,missouri,MIZ-HIST-00010,historical_media_guide,1906-1907,1907-02-14,Mo. Athletic Club,missouri-athletic-club,Missouri Athletic Club,35,29,W,0,away_candidate,unknown,,,,,,,REGULAR_SEASON,,19,Feb. 14 @ Mo. Athletic Club W 35-29,opponent_resolved_site_pending,,MATCHED,BOOTSTRAP_SAME_SOURCE_SEQUENCE
ASRT-MIZ-00011,CBBG-0000011,missouri,MIZ-HIST-00011,historical_media_guide,1906-1907,1907-02-15,Washington (Mo.),washington-university-of-st-louis,Washington University of St. Louis,37,30,W,0,away_candidate,unknown,,,,,,,REGULAR_SEASON,,19,Feb. 15 @ Washington (Mo.) W 37-30,opponent_resolved_site_pending,,MATCHED,BOOTSTRAP_SAME_SOURCE_SEQUENCE
ASRT-MIZ-00012,CBBG-0000012,missouri,MIZ-HIST-00012,historical_media_guide,1906-1907,1907-03-02,K.C. Athletic Club,k-c-athletic-club,K.C. Athletic Club,46,26,W,0,home_or_special_site_candidate,unknown,Rothwell Gymnasium,,,,,,REGULAR_SEASON,,19,Mar. 2 K.C. Athletic Club W 46-26,opponent_resolved_site_pending,,MATCHED,BOOTSTRAP_SAME_SOURCE_SEQUENCE
ASRT-MIZ-00013,CBBG-0000013,missouri,MIZ-HIST-00013,historical_media_guide,1906-1907,1907-03-11,Kansas,kansas,Kansas,34,31,W,0,home_or_special_site_candidate,unknown,Rothwell Gymnasium,,,,,,REGULAR_SEASON,,19,Mar. 11 Kansas W 34-31,opponent_resolved_site_pending,,MATCHED,BOOTSTRAP_SAME_SOURCE_SEQUENCE
ASRT-MIZ-00014,CBBG-0000014,missouri,MIZ-HIST-00014,historical_media_guide,1906-1907,1907-03-12,Kansas,kansas,Kansas,34,12,W,0,home_or_special_site_candidate,unknown,Rothwell Gymnasium,,,,,,REGULAR_SEASON,,19,Mar. 12 Kansas W 34-12,opponent_resolved_site_pending,,MATCHED,BOOTSTRAP_SAME_SOURCE_SEQUENCE
ASRT-MIZ-00015,CBBG-0000015,missouri,MIZ-HIST-00015,historical_media_guide,1906-1907,1907-03-19,Haskell Institute,haskell,Haskell,30,21,W,0,home_or_special_site_candidate,unknown,Rothwell Gymnasium,,,,,,REGULAR_SEASON,,19,Mar. 19 Haskell Institute W 30-21,opponent_resolved_site_pending,,MATCHED,BOOTSTRAP_SAME_SOURCE_SEQUENCE
ASRT-MIZ-00016,CBBG-0000016,missouri,MIZ-HIST-00016,historical_media_guide,1906-1907,1907-03-23,Mo. Athletic Club,missouri-athletic-club,Missouri Athletic Club,22,32,L,0,home_or_special_site_candidate,unknown,Rothwell Gymnasium,,,,,,REGULAR_SEASON,,19,Mar. 23 Mo. Athletic Club L 22-32,opponent_resolved_site_pending,,MATCHED,BOOTSTRAP_SAME_SOURCE_SEQUENCE
ASRT-MIZ-00017,CBBG-0000017,missouri,MIZ-HIST-00017,historical_media_guide,1907-1908,1907-12-12,Joplin YMCA,joplin-ymca,Joplin YMCA,42,21,W,0,home_or_special_site_candidate,unknown,Rothwell Gymnasium,,,,,,REGULAR_SEASON,,19,Dec. 12 Joplin YMCA W 42-21,opponent_resolved_site_pending,,MATCHED,BOOTSTRAP_SAME_SOURCE_SEQUENCE
ASRT-MIZ-00018,CBBG-0000018,missouri,MIZ-HIST-00018,historical_media_guide,1907-1908,1907-12-13,Missouri-Rolla,missouri-rolla,Missouri Rolla,39,18,W,0,home_or_special_site_candidate,unknown,Rothwell Gymnasium,,,,,,REGULAR_SEASON,,19,Dec. 13 Missouri-Rolla W 39-18,opponent_resolved_site_pending,,MATCHED,BOOTSTRAP_SAME_SOURCE_SEQUENCE
ASRT-MIZ-00019,CBBG-0000019,missouri,MIZ-HIST-00019,historical_media_guide,1907-1908,1907-12-14,Missouri-Rolla,missouri-rolla,Missouri Rolla,75,11,W,0,home_or_special_site_candidate,unknown,Rothwell Gymnasium,,,,,,REGULAR_SEASON,,19,Dec. 14 Missouri-Rolla W 75-11,opponent_resolved_site_pending,,MATCHED,BOOTSTRAP_SAME_SOURCE_SEQUENCE
ASRT-MIZ-00020,CBBG-0000020,missouri,MIZ-HIST-00020,historical_media_guide,1907-1908,1907-12-17,Central Missouri,central-missouri,Central Missouri,34,16,W,0,home_or_special_site_candidate,unknown,Rothwell Gymnasium,,,,,,REGULAR_SEASON,,19,Dec. 17 Central Missouri W 34-16,opponent_resolved_site_pending,,MATCHED,BOOTSTRAP_SAME_SOURCE_SEQUENCE
ASRT-MIZ-00021,CBBG-0000021,missouri,MIZ-HIST-00021,historical_media_guide,1907-1908,1908-01-28,Mo. Athletic Club,missouri-athletic-club,Missouri Athletic Club,31,30,W,0,away_candidate,unknown,,,,,,,REGULAR_SEASON,,19,Jan. 28 @ Mo. Athletic Club W 31-30,opponent_resolved_site_pending,,MATCHED,BOOTSTRAP_SAME_SOURCE_SEQUENCE
ASRT-MIZ-00022,CBBG-0000022,missouri,MIZ-HIST-00022,historical_media_guide,1907-1908,1908-01-29,Washington (Mo.),washington-university-of-st-louis,Washington University of St. Louis,22,30,L,0,away_candidate,unknown,,,,,,,REGULAR_SEASON,,19,Jan. 29 @ Washington (Mo.) L 22-30,opponent_resolved_site_pending,,MATCHED,BOOTSTRAP_SAME_SOURCE_SEQUENCE
ASRT-MIZ-00023,CBBG-0000023,missouri,MIZ-HIST-00023,historical_media_guide,1907-1908,1908-01-30,Iowa,iowa,Iowa,15,46,L,0,away_candidate,unknown,,,,,,,REGULAR_SEASON,,19,Jan. 30 @ Iowa L 15-46,opponent_resolved_site_pending,,MATCHED,BOOTSTRAP_SAME_SOURCE_SEQUENCE
ASRT-MIZ-00024,CBBG-0000024,missouri,MIZ-HIST-00024,historical_media_guide,1907-1908,1908-01-31,Nebraska,nebraska,Nebraska,30,41,L,0,away_candidate,unknown,,,,,,,REGULAR_SEASON,,19,Jan. 31 @ Nebraska L 30-41,opponent_resolved_site_pending,,MATCHED,BOOTSTRAP_SAME_SOURCE_SEQUENCE
ASRT-MIZ-00025,CBBG-0000025,missouri,MIZ-HIST-00025,historical_media_guide,1907-1908,1908-02-01,Nebraska,nebraska,Nebraska,31,43,L,0,away_candidate,unknown,,,,,,,REGULAR_SEASON,,19,Feb. 1 @ Nebraska L 31-43,opponent_resolved_site_pending,,MATCHED,BOOTSTRAP_SAME_SOURCE_SEQUENCE
ASRT-MIZ-00026,CBBG-0000026,missouri,MIZ-HIST-00026,historical_media_guide,1907-1908,1908-02-03,K.C. Athletic Club,k-c-athletic-club,K.C. Athletic Club,46,27,W,0,away_candidate,unknown,,,,,,,REGULAR_SEASON,,19,Feb. 3 @ K.C. Athletic Club W 46-27,opponent_resolved_site_pending,,MATCHED,BOOTSTRAP_SAME_SOURCE_SEQUENCE
ASRT-MIZ-00027,CBBG-0000027,missouri,MIZ-HIST-00027,historical_media_guide,1907-1908,1908-02-04,Kansas,kansas,Kansas,20,21,L,0,away_candidate,unknown,,,,,,,REGULAR_SEASON,,19,Feb. 4 @ Kansas L 20-21,opponent_resolved_site_pending,,MATCHED,BOOTSTRAP_SAME_SOURCE_SEQUENCE
ASRT-MIZ-00028,CBBG-0000028,missouri,MIZ-HIST-00028,historical_media_guide,1907-1908,1908-02-05,Kansas,kansas,Kansas,18,24,L,0,away_candidate,unknown,,,,,,,REGULAR_SEASON,,19,Feb. 5 @ Kansas L 18-24,opponent_resolved_site_pending,,MATCHED,BOOTSTRAP_SAME_SOURCE_SEQUENCE
ASRT-MIZ-00029,CBBG-0000029,missouri,MIZ-HIST-00029,historical_media_guide,1907-1908,1908-02-06,Central Missouri,central-missouri,Central Missouri,46,16,W,0,home_or_special_site_candidate,unknown,Rothwell Gymnasium,,,,,,REGULAR_SEASON,,19,Feb. 6 Central Missouri W 46-16,opponent_resolved_site_pending,,MATCHED,BOOTSTRAP_SAME_SOURCE_SEQUENCE
ASRT-MIZ-00030,CBBG-0000030,missouri,MIZ-HIST-00030,historical_media_guide,1907-1908,1908-02-08,Baker,baker,Baker,38,28,W,0,home_or_special_site_candidate,unknown,Rothwell Gymnasium,,,,,,REGULAR_SEASON,,19,Feb. 8 Baker W 38-28,opponent_resolved_site_pending,,MATCHED,BOOTSTRAP_SAME_SOURCE_SEQUENCE
ASRT-MIZ-00031,CBBG-0000031,missouri,MIZ-HIST-00031,historical_media_guide,1907-1908,1908-02-15,Mo. Athletic Club,missouri-athletic-club,Missouri Athletic Club,24,36,L,0,home_or_special_site_candidate,unknown,Rothwell Gymnasium,,,,,,REGULAR_SEASON,,19,Feb. 15 Mo. Athletic Club L 24-36,opponent_resolved_site_pending,,MATCHED,BOOTSTRAP_SAME_SOURCE_SEQUENCE
ASRT-MIZ-00032,CBBG-0000032,missouri,MIZ-HIST-00032,historical_media_guide,1907-1908,1908-02-17,Kansas,kansas,Kansas,19,30,L,0,home_or_special_site_candidate,unknown,Rothwell Gymnasium,,,,,,REGULAR_SEASON,,19,Feb. 17 Kansas L 19-30,opponent_resolved_site_pending,,MATCHED,BOOTSTRAP_SAME_SOURCE_SEQUENCE
ASRT-MIZ-00033,CBBG-0000033,missouri,MIZ-HIST-00033,historical_media_guide,1907-1908,1908-02-18,Kansas,kansas,Kansas,22,26,L,0,home_or_special_site_candidate,unknown,Rothwell Gymnasium,,,,,,REGULAR_SEASON,,19,Feb. 18 Kansas L 22-26,opponent_resolved_site_pending,,MATCHED,BOOTSTRAP_SAME_SOURCE_SEQUENCE
ASRT-MIZ-00034,CBBG-0000034,missouri,MIZ-HIST-00034,historical_media_guide,1907-1908,1908-02-22,K.C. Athletic Club,k-c-athletic-club,K.C. Athletic Club,28,34,L,0,home_or_special_site_candidate,unknown,Rothwell Gymnasium,,,,,,REGULAR_SEASON,,19,Feb. 22 K.C. Athletic Club L 28-34,opponent_resolved_site_pending,,MATCHED,BOOTSTRAP_SAME_SOURCE_SEQUENCE
ASRT-MIZ-00035,CBBG-0000035,missouri,MIZ-HIST-00035,historical_media_guide,1908-1909,1908-12-18,Central Missouri,central-missouri,Central Missouri,38,16,W,0,home_or_special_site_candidate,unknown,Rothwell Gymnasium,,,,,,REGULAR_SEASON,,19,Dec. 18 Central Missouri W 38-16,opponent_resolved_site_pending,,MATCHED,BOOTSTRAP_SAME_SOURCE_SEQUENCE
ASRT-MIZ-00036,CBBG-0000036,missouri,MIZ-HIST-00036,historical_media_guide,1908-1909,1908-12-19,Central Missouri,central-missouri,Central Missouri,46,12,W,0,home_or_special_site_candidate,unknown,Rothwell Gymnasium,,,,,,REGULAR_SEASON,,19,Dec. 19 Central Missouri W 46-12,opponent_resolved_site_pending,,MATCHED,BOOTSTRAP_SAME_SOURCE_SEQUENCE
ASRT-MIZ-00037,CBBG-0000037,missouri,MIZ-HIST-00037,historical_media_guide,1908-1909,1909-01-09,Iowa State,iowa-state,Iowa State,53,14,W,0,home_or_special_site_candidate,unknown,Rothwell Gymnasium,,,,,,REGULAR_SEASON,,19,Jan. 9 Iowa State W 53-14,opponent_resolved_site_pending,,MATCHED,BOOTSTRAP_SAME_SOURCE_SEQUENCE
ASRT-MIZ-00038,CBBG-0000038,missouri,MIZ-HIST-00038,historical_media_guide,1908-1909,1909-01-16,Washington (Mo.),washington-university-of-st-louis,Washington University of St. Louis,25,34,L,0,away_candidate,unknown,,,,,,,REGULAR_SEASON,,19,Jan. 16 @ Washington (Mo.) L 25-34,opponent_resolved_site_pending,,MATCHED,BOOTSTRAP_SAME_SOURCE_SEQUENCE
ASRT-MIZ-00039,CBBG-0000039,missouri,MIZ-HIST-00039,historical_media_guide,1908-1909,1909-01-17,Washington (Mo.),washington-university-of-st-louis,Washington University of St. Louis,26,44,L,0,away_candidate,unknown,,,,,,,REGULAR_SEASON,,19,Jan. 17 @ Washington (Mo.) L 26-44,opponent_resolved_site_pending,,MATCHED,BOOTSTRAP_SAME_SOURCE_SEQUENCE
ASRT-MIZ-00040,CBBG-0000040,missouri,MIZ-HIST-00040,historical_media_guide,1908-1909,1909-01-22,Missouri-Rolla,missouri-rolla,Missouri Rolla,43,12,W,0,home_or_special_site_candidate,unknown,Rothwell Gymnasium,,,,,,REGULAR_SEASON,,19,Jan. 22 Missouri-Rolla W 43-12,opponent_resolved_site_pending,,MATCHED,BOOTSTRAP_SAME_SOURCE_SEQUENCE
ASRT-MIZ-00041,CBBG-0000041,missouri,MIZ-HIST-00041,historical_media_guide,1908-1909,1909-01-23,Missouri-Rolla,missouri-rolla,Missouri Rolla,49,22,W,0,home_or_special_site_candidate,unknown,Rothwell Gymnasium,,,,,,REGULAR_SEASON,,19,Jan. 23 Missouri-Rolla W 49-22,opponent_resolved_site_pending,,MATCHED,BOOTSTRAP_SAME_SOURCE_SEQUENCE
ASRT-MIZ-00042,CBBG-0000042,missouri,MIZ-HIST-00042,historical_media_guide,1908-1909,1909-02-01,Nebraska,nebraska,Nebraska,26,24,W,0,away_candidate,unknown,,,,,,,REGULAR_SEASON,,19,Feb. 1 @ Nebraska W 26-24,opponent_resolved_site_pending,,MATCHED,BOOTSTRAP_SAME_SOURCE_SEQUENCE
ASRT-MIZ-00043,CBBG-0000043,missouri,MIZ-HIST-00043,historical_media_guide,1908-1909,1909-02-02,Kansas State,kansas-state,Kansas State,31,29,W,0,away_candidate,unknown,,,,,,,REGULAR_SEASON,,19,Feb. 2 @ Kansas State W 31-29,opponent_resolved_site_pending,,MATCHED,BOOTSTRAP_SAME_SOURCE_SEQUENCE
ASRT-MIZ-00044,CBBG-0000044,missouri,MIZ-HIST-00044,historical_media_guide,1908-1909,1909-02-03,Kansas,kansas,Kansas,15,24,L,0,away_candidate,unknown,,,,,,,REGULAR_SEASON,,19,Feb. 3 @ Kansas L 15-24,opponent_resolved_site_pending,,MATCHED,BOOTSTRAP_SAME_SOURCE_SEQUENCE
ASRT-MIZ-00045,CBBG-0000045,missouri,MIZ-HIST-00045,historical_media_guide,1908-1909,1909-02-04,Kansas,kansas,Kansas,23,31,L,0,away_candidate,unknown,,,,,,,REGULAR_SEASON,,19,Feb. 4 @ Kansas L 23-31,opponent_resolved_site_pending,,MATCHED,BOOTSTRAP_SAME_SOURCE_SEQUENCE
ASRT-MIZ-00046,CBBG-0000046,missouri,MIZ-HIST-00046,historical_media_guide,1908-1909,1909-02-06,Central Missouri,central-missouri,Central Missouri,36,14,W,0,away_candidate,unknown,,,,,,,REGULAR_SEASON,,19,Feb. 6 @ Central Missouri W 36-14,opponent_resolved_site_pending,,MATCHED,BOOTSTRAP_SAME_SOURCE_SEQUENCE
ASRT-MIZ-00047,CBBG-0000047,missouri,MIZ-HIST-00047,historical_media_guide,1908-1909,1909-02-12,Kansas,kansas,Kansas,19,24,L,0,home_or_special_site_candidate,unknown,Rothwell Gymnasium,,,,,,REGULAR_SEASON,,19,Feb. 12 Kansas L 19-24,opponent_resolved_site_pending,,MATCHED,BOOTSTRAP_SAME_SOURCE_SEQUENCE
ASRT-MIZ-00048,CBBG-0000048,missouri,MIZ-HIST-00048,historical_media_guide,1908-1909,1909-02-13,Kansas,kansas,Kansas,37,21,W,0,home_or_special_site_candidate,unknown,Rothwell Gymnasium,,,,,,REGULAR_SEASON,,19,Feb. 13 Kansas W 37-21,opponent_resolved_site_pending,,MATCHED,BOOTSTRAP_SAME_SOURCE_SEQUENCE
ASRT-MIZ-00049,CBBG-0000049,missouri,MIZ-HIST-00049,historical_media_guide,1908-1909,1909-02-17,Washington (Mo.),washington-university-of-st-louis,Washington University of St. Louis,36,16,W,0,home_or_special_site_candidate,unknown,Rothwell Gymnasium,,,,,,REGULAR_SEASON,,19,Feb. 17 Washington (Mo.) W 36-16,opponent_resolved_site_pending,,MATCHED,BOOTSTRAP_SAME_SOURCE_SEQUENCE
ASRT-MIZ-00050,CBBG-0000050,missouri,MIZ-HIST-00050,historical_media_guide,1909-1910,1910-01-10,William Jewell,william-jewell,William Jewell,42,19,W,0,home_or_special_site_candidate,unknown,Rothwell Gymnasium,,,,,,REGULAR_SEASON,,19,Jan. 10 William Jewell W 42-19,opponent_resolved_site_pending,,MATCHED,BOOTSTRAP_SAME_SOURCE_SEQUENCE
ASRT-MIZ-00051,CBBG-0000051,missouri,MIZ-HIST-00051,historical_media_guide,1909-1910,1910-01-11,William Jewell,william-jewell,William Jewell,37,35,W,0,home_or_special_site_candidate,unknown,Rothwell Gymnasium,,,,,,REGULAR_SEASON,,19,Jan. 11 William Jewell W 37-35,opponent_resolved_site_pending,,MATCHED,BOOTSTRAP_SAME_SOURCE_SEQUENCE
ASRT-MIZ-00052,CBBG-0000052,missouri,MIZ-HIST-00052,historical_media_guide,1909-1910,1910-01-13,Washington (Mo.),washington-university-of-st-louis,Washington University of St. Louis,25,10,W,0,home_or_special_site_candidate,unknown,Rothwell Gymnasium,,,,,,REGULAR_SEASON,,19,Jan. 13 Washington (Mo.) W 25-10,opponent_resolved_site_pending,,MATCHED,BOOTSTRAP_SAME_SOURCE_SEQUENCE
ASRT-MIZ-00053,CBBG-0000053,missouri,MIZ-HIST-00053,historical_media_guide,1909-1910,1910-01-14,Washington (Mo.),washington-university-of-st-louis,Washington University of St. Louis,30,9,W,0,home_or_special_site_candidate,unknown,Rothwell Gymnasium,,,,,,REGULAR_SEASON,,19,Jan. 14 Washington (Mo.) W 30-9,opponent_resolved_site_pending,,MATCHED,BOOTSTRAP_SAME_SOURCE_SEQUENCE
ASRT-MIZ-00054,CBBG-0000054,missouri,MIZ-HIST-00054,historical_media_guide,1909-1910,1910-01-21,Grinnell,grinnell,Grinnell,30,34,L,0,home_or_special_site_candidate,unknown,Rothwell Gymnasium,,,,,,REGULAR_SEASON,,19,Jan. 21 Grinnell L 30-34,opponent_resolved_site_pending,,MATCHED,BOOTSTRAP_SAME_SOURCE_SEQUENCE
ASRT-MIZ-00055,CBBG-0000055,missouri,MIZ-HIST-00055,historical_media_guide,1909-1910,1910-01-22,Grinnell,grinnell,Grinnell,8,32,L,0,home_or_special_site_candidate,unknown,Rothwell Gymnasium,,,,,,REGULAR_SEASON,,19,Jan. 22 Grinnell L 8-32,opponent_resolved_site_pending,,MATCHED,BOOTSTRAP_SAME_SOURCE_SEQUENCE
ASRT-MIZ-00056,CBBG-0000056,missouri,MIZ-HIST-00056,historical_media_guide,1909-1910,1910-02-05,Emporia State,emporia-state,Emporia State,32,8,W,0,home_or_special_site_candidate,unknown,Rothwell Gymnasium,,,,,,REGULAR_SEASON,,19,Feb. 5 Emporia State W 32-8,opponent_resolved_site_pending,,MATCHED,BOOTSTRAP_SAME_SOURCE_SEQUENCE
ASRT-MIZ-00057,CBBG-0000057,missouri,MIZ-HIST-00057,historical_media_guide,1909-1910,1910-02-09,Central Missouri,central-missouri,Central Missouri,28,27,W,0,away_candidate,unknown,,,,,,,REGULAR_SEASON,,19,Feb. 9 @ Central Missouri W 28-27,opponent_resolved_site_pending,,MATCHED,BOOTSTRAP_SAME_SOURCE_SEQUENCE
ASRT-MIZ-00058,CBBG-0000058,missouri,MIZ-HIST-00058,historical_media_guide,1909-1910,1910-02-10,Central Missouri,central-missouri,Central Missouri,20,19,W,0,away_candidate,unknown,,,,,,,REGULAR_SEASON,,19,Feb. 10 @ Central Missouri W 20-19,opponent_resolved_site_pending,,MATCHED,BOOTSTRAP_SAME_SOURCE_SEQUENCE
ASRT-MIZ-00059,CBBG-0000059,missouri,MIZ-HIST-00059,historical_media_guide,1909-1910,1910-02-11,Kansas,kansas,Kansas,15,29,L,0,away_candidate,unknown,,,,,,,REGULAR_SEASON,,19,Feb. 11 @ Kansas L 15-29,opponent_resolved_site_pending,,MATCHED,BOOTSTRAP_SAME_SOURCE_SEQUENCE
ASRT-MIZ-00060,CBBG-0000060,missouri,MIZ-HIST-00060,historical_media_guide,1909-1910,1910-02-12,Kansas,kansas,Kansas,14,27,L,0,away_candidate,unknown,,,,,,,REGULAR_SEASON,,19,Feb. 12 @ Kansas L 14-27,opponent_resolved_site_pending,,MATCHED,BOOTSTRAP_SAME_SOURCE_SEQUENCE
ASRT-MIZ-00061,CBBG-0000061,missouri,MIZ-HIST-00061,historical_media_guide,1909-1910,1910-02-14,Drake,drake,Drake,28,7,W,0,away_candidate,unknown,,,,,,,REGULAR_SEASON,,19,Feb. 14 @ Drake W 28-7,opponent_resolved_site_pending,,MATCHED,BOOTSTRAP_SAME_SOURCE_SEQUENCE
ASRT-MIZ-00062,CBBG-0000062,missouri,MIZ-HIST-00062,historical_media_guide,1909-1910,1910-02-15,Iowa State,iowa-state,Iowa State,11,13,L,0,away_candidate,unknown,,,,,,,REGULAR_SEASON,,19,Feb. 15 @ Iowa State L 11-13,opponent_resolved_site_pending,,MATCHED,BOOTSTRAP_SAME_SOURCE_SEQUENCE
ASRT-MIZ-00063,CBBG-0000063,missouri,MIZ-HIST-00063,historical_media_guide,1909-1910,1910-02-16,Iowa,iowa,Iowa,6,20,L,0,away_candidate,unknown,,,,,,,REGULAR_SEASON,,19,Feb. 16 @ Iowa L 6-20,opponent_resolved_site_pending,,MATCHED,BOOTSTRAP_SAME_SOURCE_SEQUENCE
ASRT-MIZ-00064,CBBG-0000064,missouri,MIZ-HIST-00064,historical_media_guide,1909-1910,1910-02-21,Kansas,kansas,Kansas,21,25,L,0,home_or_special_site_candidate,unknown,Rothwell Gymnasium,,,,,,REGULAR_SEASON,,19,Feb. 21 Kansas L 21-25,opponent_resolved_site_pending,,MATCHED,BOOTSTRAP_SAME_SOURCE_SEQUENCE
ASRT-MIZ-00065,CBBG-0000065,missouri,MIZ-HIST-00065,historical_media_guide,1909-1910,1910-02-22,Kansas,kansas,Kansas,22,58,L,0,home_or_special_site_candidate,unknown,Rothwell Gymnasium,,,,,,REGULAR_SEASON,,19,Feb. 22 Kansas L 22-58,opponent_resolved_site_pending,,MATCHED,BOOTSTRAP_SAME_SOURCE_SEQUENCE
ASRT-MIZ-00066,CBBG-0000066,missouri,MIZ-HIST-00066,historical_media_guide,1909-1910,1910-02-28,Washington (Mo.),washington-university-of-st-louis,Washington University of St. Louis,12,24,L,0,away_candidate,unknown,,,,,,,REGULAR_SEASON,,19,Feb. 28 @ Washington (Mo.) L 12-24,opponent_resolved_site_pending,,MATCHED,BOOTSTRAP_SAME_SOURCE_SEQUENCE
ASRT-MIZ-00067,CBBG-0000067,missouri,MIZ-HIST-00067,historical_media_guide,1909-1910,1910-03-01,Washington (Mo.),washington-university-of-st-louis,Washington University of St. Louis,13,35,L,0,away_candidate,unknown,,,,,,,REGULAR_SEASON,,19,Mar. 1 @ Washington (Mo.) L 13-35,opponent_resolved_site_pending,,MATCHED,BOOTSTRAP_SAME_SOURCE_SEQUENCE
ASRT-MIZ-00068,CBBG-0000068,missouri,MIZ-HIST-00068,historical_media_guide,1909-1910,1910-03-23,Mo. Athletic Club,missouri-athletic-club,Missouri Athletic Club,22,32,L,0,home_or_special_site_candidate,unknown,Rothwell Gymnasium,,,,,,REGULAR_SEASON,,19,Mar. 23 Mo. Athletic Club L 22-32,opponent_resolved_site_pending,,MATCHED,BOOTSTRAP_SAME_SOURCE_SEQUENCE
ASRT-MIZ-00069,CBBG-0000069,missouri,MIZ-HIST-00069,historical_media_guide,1910-1911,1911-01-13,Iowa State,iowa-state,Iowa State,40,22,W,0,home_or_special_site_candidate,unknown,Rothwell Gymnasium,,,,,,REGULAR_SEASON,,19,Jan. 13 Iowa State W 40-22,opponent_resolved_site_pending,,MATCHED,BOOTSTRAP_SAME_SOURCE_SEQUENCE
ASRT-MIZ-00070,CBBG-0000070,missouri,MIZ-HIST-00070,historical_media_guide,1910-1911,1911-01-14,Iowa State,iowa-state,Iowa State,43,26,W,0,home_or_special_site_candidate,unknown,Rothwell Gymnasium,,,,,,REGULAR_SEASON,,19,Jan. 14 Iowa State W 43-26,opponent_resolved_site_pending,,MATCHED,BOOTSTRAP_SAME_SOURCE_SEQUENCE
ASRT-MIZ-00071,CBBG-0000071,missouri,MIZ-HIST-00071,historical_media_guide,1910-1911,1911-01-27,Kansas,kansas,Kansas,28,34,L,0,away_candidate,unknown,,,,,,,REGULAR_SEASON,,19,Jan. 27 @ Kansas L 28-34,opponent_resolved_site_pending,,MATCHED,BOOTSTRAP_SAME_SOURCE_SEQUENCE
ASRT-MIZ-00072,CBBG-0000072,missouri,MIZ-HIST-00072,historical_media_guide,1910-1911,1911-01-28,Kansas,kansas,Kansas,15,27,L,0,away_candidate,unknown,,,,,,,REGULAR_SEASON,,19,Jan. 28 @ Kansas L 15-27,opponent_resolved_site_pending,,MATCHED,BOOTSTRAP_SAME_SOURCE_SEQUENCE
ASRT-MIZ-00073,CBBG-0000073,missouri,MIZ-HIST-00073,historical_media_guide,1910-1911,1911-02-08,Nebraska,nebraska,Nebraska,39,26,W,0,home_or_special_site_candidate,unknown,Rothwell Gymnasium,,,,,,REGULAR_SEASON,,19,Feb. 8 Nebraska W 39-26,opponent_resolved_site_pending,,MATCHED,BOOTSTRAP_SAME_SOURCE_SEQUENCE
ASRT-MIZ-00074,CBBG-0000074,missouri,MIZ-HIST-00074,historical_media_guide,1910-1911,1911-02-09,Nebraska,nebraska,Nebraska,37,36,W,0,home_or_special_site_candidate,unknown,Rothwell Gymnasium,,,,,,REGULAR_SEASON,,19,Feb. 9 Nebraska (OT) W 37-36,opponent_resolved_site_pending,,MATCHED,BOOTSTRAP_SAME_SOURCE_SEQUENCE
ASRT-MIZ-00075,CBBG-0000075,missouri,MIZ-HIST-00075,historical_media_guide,1910-1911,1911-02-17,Kansas,kansas,Kansas,16,32,L,0,home_or_special_site_candidate,unknown,Rothwell Gymnasium,,,,,,REGULAR_SEASON,,19,Feb. 17 Kansas L 16-32,opponent_resolved_site_pending,,MATCHED,BOOTSTRAP_SAME_SOURCE_SEQUENCE
ASRT-MIZ-00076,CBBG-0000076,missouri,MIZ-HIST-00076,historical_media_guide,1910-1911,1911-02-18,Kansas,kansas,Kansas,25,36,L,0,home_or_special_site_candidate,unknown,Rothwell Gymnasium,,,,,,REGULAR_SEASON,,19,Feb. 18 Kansas L 25-36,opponent_resolved_site_pending,,MATCHED,BOOTSTRAP_SAME_SOURCE_SEQUENCE
ASRT-MIZ-00077,CBBG-0000077,missouri,MIZ-HIST-00077,historical_media_guide,1910-1911,1911-02-24,Iowa State,iowa-state,Iowa State,16,22,L,0,away_candidate,unknown,,,,,,,REGULAR_SEASON,,19,Feb. 24 @ Iowa State L 16-22,opponent_resolved_site_pending,,MATCHED,BOOTSTRAP_SAME_SOURCE_SEQUENCE
ASRT-MIZ-00078,CBBG-0000078,missouri,MIZ-HIST-00078,historical_media_guide,1910-1911,1911-02-25,Iowa State,iowa-state,Iowa State,18,21,L,0,away_candidate,unknown,,,,,,,REGULAR_SEASON,,19,Feb. 25 @ Iowa State L 18-21,opponent_resolved_site_pending,,MATCHED,BOOTSTRAP_SAME_SOURCE_SEQUENCE
ASRT-MIZ-00079,CBBG-0000079,missouri,MIZ-HIST-00079,historical_media_guide,1910-1911,1911-02-26,Nebraska,nebraska,Nebraska,23,30,L,0,away_candidate,unknown,,,,,,,REGULAR_SEASON,,19,Feb. 26 @ Nebraska L 23-30,opponent_resolved_site_pending,,MATCHED,BOOTSTRAP_SAME_SOURCE_SEQUENCE
ASRT-MIZ-00080,CBBG-0000080,missouri,MIZ-HIST-00080,historical_media_guide,1910-1911,1911-02-27,Nebraska,nebraska,Nebraska,23,20,W,0,away_candidate,unknown,,,,,,,REGULAR_SEASON,,19,Feb. 27 @ Nebraska W 23-20,opponent_resolved_site_pending,,MATCHED,BOOTSTRAP_SAME_SOURCE_SEQUENCE
ASRT-MIZ-00081,CBBG-0000081,missouri,MIZ-HIST-00081,historical_media_guide,1911-1912,1912-01-10,Washburn,washburn,Washburn,26,17,W,0,home_or_special_site_candidate,unknown,Rothwell Gymnasium,,,,,,REGULAR_SEASON,,19,Jan. 10 Washburn W 26-17,opponent_resolved_site_pending,,MATCHED,BOOTSTRAP_SAME_SOURCE_SEQUENCE
ASRT-MIZ-00082,CBBG-0000082,missouri,MIZ-HIST-00082,historical_media_guide,1911-1912,1912-01-17,Iowa State,iowa-state,Iowa State,25,24,W,0,home_or_special_site_candidate,unknown,Rothwell Gymnasium,,,,,,REGULAR_SEASON,,19,Jan. 17 Iowa State W 25-24,opponent_resolved_site_pending,,MATCHED,BOOTSTRAP_SAME_SOURCE_SEQUENCE
ASRT-MIZ-00083,CBBG-0000083,missouri,MIZ-HIST-00083,historical_media_guide,1911-1912,1912-01-18,Iowa State,iowa-state,Iowa State,18,10,W,0,home_or_special_site_candidate,unknown,Rothwell Gymnasium,,,,,,REGULAR_SEASON,,19,Jan. 18 Iowa State W 18-10,opponent_resolved_site_pending,,MATCHED,BOOTSTRAP_SAME_SOURCE_SEQUENCE
ASRT-MIZ-00084,CBBG-0000084,missouri,MIZ-HIST-00084,historical_media_guide,1911-1912,1912-01-19,Washington (Mo.),washington-university-of-st-louis,Washington University of St. Louis,12,29,L,0,away_candidate,unknown,,,,,,,REGULAR_SEASON,,19,Jan. 19 @ Washington (Mo.) L 12-29,opponent_resolved_site_pending,,MATCHED,BOOTSTRAP_SAME_SOURCE_SEQUENCE
ASRT-MIZ-00085,CBBG-0000085,missouri,MIZ-HIST-00085,historical_media_guide,1911-1912,1912-01-20,Washington (Mo.),washington-university-of-st-louis,Washington University of St. Louis,14,31,L,0,away_candidate,unknown,,,,,,,REGULAR_SEASON,,19,Jan. 20 @ Washington (Mo.) L 14-31,opponent_resolved_site_pending,,MATCHED,BOOTSTRAP_SAME_SOURCE_SEQUENCE
ASRT-MIZ-00086,CBBG-0000086,missouri,MIZ-HIST-00086,historical_media_guide,1911-1912,1912-02-08,Central Missouri,central-missouri,Central Missouri,26,30,L,0,away_candidate,unknown,,,,,,,REGULAR_SEASON,,19,Feb. 8 @ Central Missouri L 26-30,opponent_resolved_site_pending,,MATCHED,BOOTSTRAP_SAME_SOURCE_SEQUENCE
ASRT-MIZ-00087,CBBG-0000087,missouri,MIZ-HIST-00087,historical_media_guide,1911-1912,1912-02-09,Kansas,kansas,Kansas,16,27,L,0,away_candidate,unknown,,,,,,,REGULAR_SEASON,,19,Feb. 9 @ Kansas L 16-27,opponent_resolved_site_pending,,MATCHED,BOOTSTRAP_SAME_SOURCE_SEQUENCE
ASRT-MIZ-00088,CBBG-0000088,missouri,MIZ-HIST-00088,historical_media_guide,1911-1912,1912-02-10,Kansas,kansas,Kansas,21,31,L,0,away_candidate,unknown,,,,,,,REGULAR_SEASON,,19,Feb. 10 @ Kansas L 21-31,opponent_resolved_site_pending,,MATCHED,BOOTSTRAP_SAME_SOURCE_SEQUENCE
ASRT-MIZ-00089,CBBG-0000089,missouri,MIZ-HIST-00089,historical_media_guide,1911-1912,1912-02-12,Washington (Mo.),washington-university-of-st-louis,Washington University of St. Louis,16,8,W,0,home_or_special_site_candidate,unknown,Rothwell Gymnasium,,,,,,REGULAR_SEASON,,19,Feb. 12 Washington (Mo.) W 16-8,opponent_resolved_site_pending,,MATCHED,BOOTSTRAP_SAME_SOURCE_SEQUENCE
ASRT-MIZ-00090,CBBG-0000090,missouri,MIZ-HIST-00090,historical_media_guide,1911-1912,1912-02-13,Washington (Mo.),washington-university-of-st-louis,Washington University of St. Louis,16,19,L,0,home_or_special_site_candidate,unknown,Rothwell Gymnasium,,,,,,REGULAR_SEASON,,19,Feb. 13 Washington (Mo.) L 16-19,opponent_resolved_site_pending,,MATCHED,BOOTSTRAP_SAME_SOURCE_SEQUENCE
ASRT-MIZ-00091,CBBG-0000091,missouri,MIZ-HIST-00091,historical_media_guide,1911-1912,1912-02-15,Drake,drake,Drake,15,12,W,0,away_candidate,unknown,,,,,,,REGULAR_SEASON,,19,Feb. 15 @ Drake W 15-12,opponent_resolved_site_pending,,MATCHED,BOOTSTRAP_SAME_SOURCE_SEQUENCE
ASRT-MIZ-00092,CBBG-0000092,missouri,MIZ-HIST-00092,historical_media_guide,1911-1912,1912-02-16,Iowa State,iowa-state,Iowa State,9,27,L,0,away_candidate,unknown,,,,,,,REGULAR_SEASON,,19,Feb. 16 @ Iowa State L 9-27,opponent_resolved_site_pending,,MATCHED,BOOTSTRAP_SAME_SOURCE_SEQUENCE
ASRT-MIZ-00093,CBBG-0000093,missouri,MIZ-HIST-00093,historical_media_guide,1911-1912,1912-02-17,Iowa State,iowa-state,Iowa State,13,32,L,0,away_candidate,unknown,,,,,,,REGULAR_SEASON,,19,Feb. 17 @ Iowa State L 13-32,opponent_resolved_site_pending,,MATCHED,BOOTSTRAP_SAME_SOURCE_SEQUENCE
ASRT-MIZ-00094,CBBG-0000094,missouri,MIZ-HIST-00094,historical_media_guide,1911-1912,1912-02-21,Kansas,kansas,Kansas,24,39,L,0,home_or_special_site_candidate,unknown,Rothwell Gymnasium,,,,,,REGULAR_SEASON,,19,Feb. 21 Kansas L 24-39,opponent_resolved_site_pending,,MATCHED,BOOTSTRAP_SAME_SOURCE_SEQUENCE
ASRT-MIZ-00095,CBBG-0000095,missouri,MIZ-HIST-00095,historical_media_guide,1911-1912,1912-02-22,Kansas,kansas,Kansas,26,32,L,0,home_or_special_site_candidate,unknown,Rothwell Gymnasium,,,,,,REGULAR_SEASON,,19,Feb. 22 Kansas L 26-32,opponent_resolved_site_pending,,MATCHED,BOOTSTRAP_SAME_SOURCE_SEQUENCE
ASRT-MIZ-00096,CBBG-0000096,missouri,MIZ-HIST-00096,historical_media_guide,1912-1913,1913-01-06,Central Methodist,central-methodist,Central Methodist,39,24,W,0,home_or_special_site_candidate,unknown,Rothwell Gymnasium,,,,,,REGULAR_SEASON,,20,Jan. 6 Central Methodist W 39-24,opponent_resolved_site_pending,,MATCHED,BOOTSTRAP_SAME_SOURCE_SEQUENCE
ASRT-MIZ-00097,CBBG-0000097,missouri,MIZ-HIST-00097,historical_media_guide,1912-1913,1913-01-13,Central Methodist,central-methodist,Central Methodist,23,22,W,0,home_or_special_site_candidate,unknown,Rothwell Gymnasium,,,,,,REGULAR_SEASON,,20,Jan. 13 Central Methodist W 23-22,opponent_resolved_site_pending,,MATCHED,BOOTSTRAP_SAME_SOURCE_SEQUENCE
ASRT-MIZ-00098,CBBG-0000098,missouri,MIZ-HIST-00098,historical_media_guide,1912-1913,1913-01-16,Iowa State,iowa-state,Iowa State,28,14,W,0,home_or_special_site_candidate,unknown,Rothwell Gymnasium,,,,,,REGULAR_SEASON,,20,Jan. 16 Iowa State W 28-14,opponent_resolved_site_pending,,MATCHED,BOOTSTRAP_SAME_SOURCE_SEQUENCE
ASRT-MIZ-00099,CBBG-0000099,missouri,MIZ-HIST-00099,historical_media_guide,1912-1913,1913-01-17,Iowa State,iowa-state,Iowa State,25,13,W,0,home_or_special_site_candidate,unknown,Rothwell Gymnasium,,,,,,REGULAR_SEASON,,20,Jan. 17 Iowa State W 25-13,opponent_resolved_site_pending,,MATCHED,BOOTSTRAP_SAME_SOURCE_SEQUENCE
ASRT-MIZ-00100,CBBG-0000100,missouri,MIZ-HIST-00100,historical_media_guide,1912-1913,1913-01-21,Kansas State,kansas-state,Kansas State,18,32,L,0,home_or_special_site_candidate,unknown,Rothwell Gymnasium,,,,,,REGULAR_SEASON,,20,Jan. 21 Kansas State L 18-32,opponent_resolved_site_pending,,MATCHED,BOOTSTRAP_SAME_SOURCE_SEQUENCE
ASRT-MIZ-00101,CBBG-0000101,missouri,MIZ-HIST-00101,historical_media_guide,1912-1913,1913-01-22,Kansas State,kansas-state,Kansas State,27,34,L,0,home_or_special_site_candidate,unknown,Rothwell Gymnasium,,,,,,REGULAR_SEASON,,20,Jan. 22 Kansas State L 27-34,opponent_resolved_site_pending,,MATCHED,BOOTSTRAP_SAME_SOURCE_SEQUENCE
ASRT-MIZ-00102,CBBG-0000102,missouri,MIZ-HIST-00102,historical_media_guide,1912-1913,1913-02-05,Washington (Mo.),washington-university-of-st-louis,Washington University of St. Louis,29,11,W,0,away_candidate,unknown,,,,,,,REGULAR_SEASON,,20,Feb. 5 @ Washington (Mo.) W 29-11,opponent_resolved_site_pending,,MATCHED,BOOTSTRAP_SAME_SOURCE_SEQUENCE
ASRT-MIZ-00103,CBBG-0000103,missouri,MIZ-HIST-00103,historical_media_guide,1912-1913,1913-02-06,Washington (Mo.),washington-university-of-st-louis,Washington University of St. Louis,38,13,W,0,away_candidate,unknown,,,,,,,REGULAR_SEASON,,20,Feb. 6 @ Washington (Mo.) W 38-13,opponent_resolved_site_pending,,MATCHED,BOOTSTRAP_SAME_SOURCE_SEQUENCE
ASRT-MIZ-00104,CBBG-0000104,missouri,MIZ-HIST-00104,historical_media_guide,1912-1913,1913-02-10,Iowa State,iowa-state,Iowa State,33,13,W,0,away_candidate,unknown,,,,,,,REGULAR_SEASON,,20,Feb. 10 @ Iowa State W 33-13,opponent_resolved_site_pending,,MATCHED,BOOTSTRAP_SAME_SOURCE_SEQUENCE
ASRT-MIZ-00105,CBBG-0000105,missouri,MIZ-HIST-00105,historical_media_guide,1912-1913,1913-02-11,Iowa State,iowa-state,Iowa State,24,23,W,0,away_candidate,unknown,,,,,,,REGULAR_SEASON,,20,Feb. 11 @ Iowa State W 24-23,opponent_resolved_site_pending,,MATCHED,BOOTSTRAP_SAME_SOURCE_SEQUENCE
ASRT-MIZ-00106,CBBG-0000106,missouri,MIZ-HIST-00106,historical_media_guide,1912-1913,1913-02-12,Kansas State,kansas-state,Kansas State,25,24,W,0,away_candidate,unknown,,,,,,,REGULAR_SEASON,,20,Feb. 12 @ Kansas State W 25-24,opponent_resolved_site_pending,,MATCHED,BOOTSTRAP_SAME_SOURCE_SEQUENCE
ASRT-MIZ-00107,CBBG-0000107,missouri,MIZ-HIST-00107,historical_media_guide,1912-1913,1913-02-14,Kansas,kansas,Kansas,12,22,L,0,away_candidate,unknown,,,,,,,REGULAR_SEASON,,20,Feb. 14 @ Kansas L 12-22,opponent_resolved_site_pending,,MATCHED,BOOTSTRAP_SAME_SOURCE_SEQUENCE
ASRT-MIZ-00108,CBBG-0000108,missouri,MIZ-HIST-00108,historical_media_guide,1912-1913,1913-02-15,Kansas,kansas,Kansas,20,34,L,0,away_candidate,unknown,,,,,,,REGULAR_SEASON,,20,Feb. 15 @ Kansas L 20-34,opponent_resolved_site_pending,,MATCHED,BOOTSTRAP_SAME_SOURCE_SEQUENCE
ASRT-MIZ-00109,CBBG-0000109,missouri,MIZ-HIST-00109,historical_media_guide,1912-1913,1913-02-17,Washington (Mo.),washington-university-of-st-louis,Washington University of St. Louis,23,15,W,0,home_or_special_site_candidate,unknown,Rothwell Gymnasium,,,,,,REGULAR_SEASON,,20,Feb. 17 Washington (Mo.) W 23-15,opponent_resolved_site_pending,,MATCHED,BOOTSTRAP_SAME_SOURCE_SEQUENCE
ASRT-MIZ-00110,CBBG-0000110,missouri,MIZ-HIST-00110,historical_media_guide,1912-1913,1913-02-18,Washington (Mo.),washington-university-of-st-louis,Washington University of St. Louis,33,31,W,0,home_or_special_site_candidate,unknown,Rothwell Gymnasium,,,,,,REGULAR_SEASON,,20,Feb. 18 Washington (Mo.) W 33-31,opponent_resolved_site_pending,,MATCHED,BOOTSTRAP_SAME_SOURCE_SEQUENCE
ASRT-MIZ-00111,CBBG-0000111,missouri,MIZ-HIST-00111,historical_media_guide,1912-1913,1913-02-22,William Jewell,william-jewell,William Jewell,31,20,W,0,home_or_special_site_candidate,unknown,Rothwell Gymnasium,,,,,,REGULAR_SEASON,,20,Feb. 22 William Jewell W 31-20,opponent_resolved_site_pending,,MATCHED,BOOTSTRAP_SAME_SOURCE_SEQUENCE
ASRT-MIZ-00112,CBBG-0000112,missouri,MIZ-HIST-00112,historical_media_guide,1912-1913,1913-02-26,Kansas,kansas,Kansas,26,20,W,0,home_or_special_site_candidate,unknown,Rothwell Gymnasium,,,,,,REGULAR_SEASON,,20,Feb. 26 Kansas W 26-20,opponent_resolved_site_pending,,MATCHED,BOOTSTRAP_SAME_SOURCE_SEQUENCE
ASRT-MIZ-00113,CBBG-0000113,missouri,MIZ-HIST-00113,historical_media_guide,1912-1913,1913-02-27,Kansas,kansas,Kansas,26,34,L,0,home_or_special_site_candidate,unknown,Rothwell Gymnasium,,,,,,REGULAR_SEASON,,20,Feb. 27 Kansas L 26-34,opponent_resolved_site_pending,,MATCHED,BOOTSTRAP_SAME_SOURCE_SEQUENCE
ASRT-MIZ-00114,CBBG-0000114,missouri,MIZ-HIST-00114,historical_media_guide,1913-1914,1914-01-12,Iowa State,iowa-state,Iowa State,32,19,W,0,home_or_special_site_candidate,unknown,Rothwell Gymnasium,,,,,,REGULAR_SEASON,,20,Jan. 12 Iowa State W 32-19,opponent_resolved_site_pending,,MATCHED,BOOTSTRAP_SAME_SOURCE_SEQUENCE
ASRT-MIZ-00115,CBBG-0000115,missouri,MIZ-HIST-00115,historical_media_guide,1913-1914,1914-01-13,Iowa State,iowa-state,Iowa State,37,9,W,0,home_or_special_site_candidate,unknown,Rothwell Gymnasium,,,,,,REGULAR_SEASON,,20,Jan. 13 Iowa State W 37-9,opponent_resolved_site_pending,,MATCHED,BOOTSTRAP_SAME_SOURCE_SEQUENCE
ASRT-MIZ-00116,CBBG-0000116,missouri,MIZ-HIST-00116,historical_media_guide,1913-1914,1914-02-04,Washington (Mo.),washington-university-of-st-louis,Washington University of St. Louis,28,20,W,0,home_or_special_site_candidate,unknown,Rothwell Gymnasium,,,,,,REGULAR_SEASON,,20,Feb. 4 Washington (Mo.) W 28-20,opponent_resolved_site_pending,,MATCHED,BOOTSTRAP_SAME_SOURCE_SEQUENCE
ASRT-MIZ-00117,CBBG-0000117,missouri,MIZ-HIST-00117,historical_media_guide,1913-1914,1914-02-05,Washington (Mo.),washington-university-of-st-louis,Washington University of St. Louis,15,23,L,0,home_or_special_site_candidate,unknown,Rothwell Gymnasium,,,,,,REGULAR_SEASON,,20,Feb. 5 Washington (Mo.) L 15-23,opponent_resolved_site_pending,,MATCHED,BOOTSTRAP_SAME_SOURCE_SEQUENCE
ASRT-MIZ-00118,CBBG-0000118,missouri,MIZ-HIST-00118,historical_media_guide,1913-1914,1914-02-11,Kansas,kansas,Kansas,25,28,L,0,home_or_special_site_candidate,unknown,Rothwell Gymnasium,,,,,,REGULAR_SEASON,,20,Feb. 11 Kansas L 25-28,opponent_resolved_site_pending,,MATCHED,BOOTSTRAP_SAME_SOURCE_SEQUENCE
ASRT-MIZ-00119,CBBG-0000119,missouri,MIZ-HIST-00119,historical_media_guide,1913-1914,1914-02-12,Kansas,kansas,Kansas,21,27,L,0,home_or_special_site_candidate,unknown,Rothwell Gymnasium,,,,,,REGULAR_SEASON,,20,Feb. 12 Kansas L 21-27,opponent_resolved_site_pending,,MATCHED,BOOTSTRAP_SAME_SOURCE_SEQUENCE
ASRT-MIZ-00120,CBBG-0000120,missouri,MIZ-HIST-00120,historical_media_guide,1913-1914,1914-02-13,Iowa State,iowa-state,Iowa State,20,23,L,0,away_candidate,unknown,,,,,,,REGULAR_SEASON,,20,Feb. 13 @ Iowa State L 20-23,opponent_resolved_site_pending,,MATCHED,BOOTSTRAP_SAME_SOURCE_SEQUENCE
ASRT-MIZ-00121,CBBG-0000121,missouri,MIZ-HIST-00121,historical_media_guide,1913-1914,1914-02-14,Iowa State,iowa-state,Iowa State,23,16,W,0,away_candidate,unknown,,,,,,,REGULAR_SEASON,,20,Feb. 14 @ Iowa State W 23-16,opponent_resolved_site_pending,,MATCHED,BOOTSTRAP_SAME_SOURCE_SEQUENCE
ASRT-MIZ-00122,CBBG-0000122,missouri,MIZ-HIST-00122,historical_media_guide,1913-1914,1914-02-18,Kansas State,kansas-state,Kansas State,32,35,L,0,home_or_special_site_candidate,unknown,Rothwell Gymnasium,,,,,,REGULAR_SEASON,,20,Feb. 18 Kansas State L 32-35,opponent_resolved_site_pending,,MATCHED,BOOTSTRAP_SAME_SOURCE_SEQUENCE
ASRT-MIZ-00123,CBBG-0000123,missouri,MIZ-HIST-00123,historical_media_guide,1913-1914,1914-02-19,Kansas State,kansas-state,Kansas State,21,22,L,0,home_or_special_site_candidate,unknown,Rothwell Gymnasium,,,,,,REGULAR_SEASON,,20,Feb. 19 Kansas State L 21-22,opponent_resolved_site_pending,,MATCHED,BOOTSTRAP_SAME_SOURCE_SEQUENCE
ASRT-MIZ-00124,CBBG-0000124,missouri,MIZ-HIST-00124,historical_media_guide,1913-1914,1914-02-25,Kansas,kansas,Kansas,22,38,L,0,away_candidate,unknown,,,,,,,REGULAR_SEASON,,20,Feb. 25 @ Kansas L 22-38,opponent_resolved_site_pending,,MATCHED,BOOTSTRAP_SAME_SOURCE_SEQUENCE
ASRT-MIZ-00125,CBBG-0000125,missouri,MIZ-HIST-00125,historical_media_guide,1913-1914,1914-02-26,Kansas,kansas,Kansas,18,31,L,0,away_candidate,unknown,,,,,,,REGULAR_SEASON,,20,Feb. 26 @ Kansas L 18-31,opponent_resolved_site_pending,,MATCHED,BOOTSTRAP_SAME_SOURCE_SEQUENCE
ASRT-MIZ-00126,CBBG-0000126,missouri,MIZ-HIST-00126,historical_media_guide,1913-1914,1914-02-27,Kansas State,kansas-state,Kansas State,20,32,L,0,away_candidate,unknown,,,,,,,REGULAR_SEASON,,20,Feb. 27 @ Kansas State L 20-32,opponent_resolved_site_pending,,MATCHED,BOOTSTRAP_SAME_SOURCE_SEQUENCE
ASRT-MIZ-00127,CBBG-0000127,missouri,MIZ-HIST-00127,historical_media_guide,1913-1914,1914-02-28,Kansas State,kansas-state,Kansas State,23,24,L,0,away_candidate,unknown,,,,,,,REGULAR_SEASON,,20,Feb. 28 @ Kansas State L 23-24,opponent_resolved_site_pending,,MATCHED,BOOTSTRAP_SAME_SOURCE_SEQUENCE
ASRT-MIZ-00128,CBBG-0000128,missouri,MIZ-HIST-00128,historical_media_guide,1913-1914,1914-03-02,Washington (Mo.),washington-university-of-st-louis,Washington University of St. Louis,17,27,L,0,away_candidate,unknown,,,,,,,REGULAR_SEASON,,20,Mar. 2 @ Washington (Mo.) L 17-27,opponent_resolved_site_pending,,MATCHED,BOOTSTRAP_SAME_SOURCE_SEQUENCE
ASRT-MIZ-00129,CBBG-0000129,missouri,MIZ-HIST-00129,historical_media_guide,1913-1914,1914-03-03,Washington (Mo.),washington-university-of-st-louis,Washington University of St. Louis,19,27,L,0,away_candidate,unknown,,,,,,,REGULAR_SEASON,,20,Mar. 3 @ Washington (Mo.) L 19-27,opponent_resolved_site_pending,,MATCHED,BOOTSTRAP_SAME_SOURCE_SEQUENCE
ASRT-MIZ-00130,CBBG-0000130,missouri,MIZ-HIST-00130,historical_media_guide,1914-1915,1915-01-16,Tarkio,tarkio,Tarkio,29,11,W,0,home_or_special_site_candidate,unknown,Rothwell Gymnasium,,,,,,REGULAR_SEASON,,20,Jan. 16 Tarkio W 29-11,opponent_resolved_site_pending,,MATCHED,BOOTSTRAP_SAME_SOURCE_SEQUENCE
ASRT-MIZ-00131,CBBG-0000131,missouri,MIZ-HIST-00131,historical_media_guide,1914-1915,1915-01-17,Central Methodist,central-methodist,Central Methodist,39,23,W,0,home_or_special_site_candidate,unknown,Rothwell Gymnasium,,,,,,REGULAR_SEASON,,20,Jan. 17 Central Methodist W 39-23,opponent_resolved_site_pending,,MATCHED,BOOTSTRAP_SAME_SOURCE_SEQUENCE
ASRT-MIZ-00132,CBBG-0000132,missouri,MIZ-HIST-00132,historical_media_guide,1914-1915,1915-02-08,Washington (Mo.),washington-university-of-st-louis,Washington University of St. Louis,52,18,W,0,home_or_special_site_candidate,unknown,Rothwell Gymnasium,,,,,,REGULAR_SEASON,,20,Feb. 8 Washington (Mo.) W 52-18,opponent_resolved_site_pending,,MATCHED,BOOTSTRAP_SAME_SOURCE_SEQUENCE
ASRT-MIZ-00133,CBBG-0000133,missouri,MIZ-HIST-00133,historical_media_guide,1914-1915,1915-02-09,Washington (Mo.),washington-university-of-st-louis,Washington University of St. Louis,28,16,W,0,home_or_special_site_candidate,unknown,Rothwell Gymnasium,,,,,,REGULAR_SEASON,,20,Feb. 9 Washington (Mo.) W 28-16,opponent_resolved_site_pending,,MATCHED,BOOTSTRAP_SAME_SOURCE_SEQUENCE
ASRT-MIZ-00134,CBBG-0000134,missouri,MIZ-HIST-00134,historical_media_guide,1914-1915,1915-02-16,Kansas State,kansas-state,Kansas State,26,16,W,0,away_candidate,unknown,,,,,,,REGULAR_SEASON,,20,Feb. 16 @ Kansas State W 26-16,opponent_resolved_site_pending,,MATCHED,BOOTSTRAP_SAME_SOURCE_SEQUENCE
ASRT-MIZ-00135,CBBG-0000135,missouri,MIZ-HIST-00135,historical_media_guide,1914-1915,1915-02-17,Kansas State,kansas-state,Kansas State,26,19,W,0,away_candidate,unknown,,,,,,,REGULAR_SEASON,,20,Feb. 17 @ Kansas State W 26-19,opponent_resolved_site_pending,,MATCHED,BOOTSTRAP_SAME_SOURCE_SEQUENCE
ASRT-MIZ-00136,CBBG-0000136,missouri,MIZ-HIST-00136,historical_media_guide,1914-1915,1915-02-19,Kansas,kansas,Kansas,19,44,L,0,away_candidate,unknown,,,,,,,REGULAR_SEASON,,20,Feb. 19 @ Kansas L 19-44,opponent_resolved_site_pending,,MATCHED,BOOTSTRAP_SAME_SOURCE_SEQUENCE
ASRT-MIZ-00137,CBBG-0000137,missouri,MIZ-HIST-00137,historical_media_guide,1914-1915,1915-02-20,Kansas,kansas,Kansas,23,42,L,0,away_candidate,unknown,,,,,,,REGULAR_SEASON,,20,Feb. 20 @ Kansas L 23-42,opponent_resolved_site_pending,,MATCHED,BOOTSTRAP_SAME_SOURCE_SEQUENCE
ASRT-MIZ-00138,CBBG-0000138,missouri,MIZ-HIST-00138,historical_media_guide,1914-1915,1915-02-24,Kansas,kansas,Kansas,22,33,L,0,home_or_special_site_candidate,unknown,Rothwell Gymnasium,,,,,,REGULAR_SEASON,,20,Feb. 24 Kansas L 22-33,opponent_resolved_site_pending,,MATCHED,BOOTSTRAP_SAME_SOURCE_SEQUENCE
ASRT-MIZ-00139,CBBG-0000139,missouri,MIZ-HIST-00139,historical_media_guide,1914-1915,1915-02-25,Kansas,kansas,Kansas,26,40,L,0,home_or_special_site_candidate,unknown,Rothwell Gymnasium,,,,,,REGULAR_SEASON,,20,Feb. 25 Kansas L 26-40,opponent_resolved_site_pending,,MATCHED,BOOTSTRAP_SAME_SOURCE_SEQUENCE
ASRT-MIZ-00140,CBBG-0000140,missouri,MIZ-HIST-00140,historical_media_guide,1914-1915,1915-03-01,Kansas State,kansas-state,Kansas State,19,28,L,0,home_or_special_site_candidate,unknown,Rothwell Gymnasium,,,,,,REGULAR_SEASON,,20,Mar. 1 Kansas State L 19-28,opponent_resolved_site_pending,,MATCHED,BOOTSTRAP_SAME_SOURCE_SEQUENCE
ASRT-MIZ-00141,CBBG-0000141,missouri,MIZ-HIST-00141,historical_media_guide,1914-1915,1915-03-02,Kansas State,kansas-state,Kansas State,32,16,W,0,home_or_special_site_candidate,unknown,Rothwell Gymnasium,,,,,,REGULAR_SEASON,,20,Mar. 2 Kansas State W 32-16,opponent_resolved_site_pending,,MATCHED,BOOTSTRAP_SAME_SOURCE_SEQUENCE
ASRT-MIZ-00142,CBBG-0000142,missouri,MIZ-HIST-00142,historical_media_guide,1914-1915,1915-03-05,Washington (Mo.),washington-university-of-st-louis,Washington University of St. Louis,23,26,L,0,away_candidate,unknown,,,,,,,REGULAR_SEASON,,20,Mar. 5 @ Washington (Mo.) L 23-26,opponent_resolved_site_pending,,MATCHED,BOOTSTRAP_SAME_SOURCE_SEQUENCE
ASRT-MIZ-00143,CBBG-0000143,missouri,MIZ-HIST-00143,historical_media_guide,1914-1915,1915-03-06,Washington (Mo.),washington-university-of-st-louis,Washington University of St. Louis,29,28,W,0,away_candidate,unknown,,,,,,,REGULAR_SEASON,,20,Mar. 6 @ Washington (Mo.) W 29-28,opponent_resolved_site_pending,,MATCHED,BOOTSTRAP_SAME_SOURCE_SEQUENCE
ASRT-MIZ-00144,CBBG-0000144,missouri,MIZ-HIST-00144,historical_media_guide,1915-1916,1916-01-08,Northwest Missouri,northwest-missouri-state,Northwest Missouri State,49,25,W,0,home_or_special_site_candidate,unknown,Rothwell Gymnasium,,,,,,REGULAR_SEASON,,20,Jan. 8 Northwest Missouri W 49-25,opponent_resolved_site_pending,,MATCHED,BOOTSTRAP_SAME_SOURCE_SEQUENCE
ASRT-MIZ-00145,CBBG-0000145,missouri,MIZ-HIST-00145,historical_media_guide,1915-1916,1916-01-10,Washington (Mo.),washington-university-of-st-louis,Washington University of St. Louis,45,21,W,0,home_or_special_site_candidate,unknown,Rothwell Gymnasium,,,,,,REGULAR_SEASON,,20,Jan. 10 Washington (Mo.) W 45-21,opponent_resolved_site_pending,,MATCHED,BOOTSTRAP_SAME_SOURCE_SEQUENCE
ASRT-MIZ-00146,CBBG-0000146,missouri,MIZ-HIST-00146,historical_media_guide,1915-1916,1916-01-14,Iowa State,iowa-state,Iowa State,26,12,W,0,away_candidate,unknown,,,,,,,REGULAR_SEASON,,20,Jan. 14 @ Iowa State W 26-12,opponent_resolved_site_pending,,MATCHED,BOOTSTRAP_SAME_SOURCE_SEQUENCE
ASRT-MIZ-00147,CBBG-0000147,missouri,MIZ-HIST-00147,historical_media_guide,1915-1916,1916-01-15,Iowa State,iowa-state,Iowa State,21,15,W,0,away_candidate,unknown,,,,,,,REGULAR_SEASON,,20,Jan. 15 @ Iowa State W 21-15,opponent_resolved_site_pending,,MATCHED,BOOTSTRAP_SAME_SOURCE_SEQUENCE
ASRT-MIZ-00148,CBBG-0000148,missouri,MIZ-HIST-00148,historical_media_guide,1915-1916,1916-01-20,Central Methodist,central-methodist,Central Methodist,44,19,W,0,home_or_special_site_candidate,unknown,Rothwell Gymnasium,,,,,,REGULAR_SEASON,,20,Jan. 20 Central Methodist W 44-19,opponent_resolved_site_pending,,MATCHED,BOOTSTRAP_SAME_SOURCE_SEQUENCE
ASRT-MIZ-00149,CBBG-0000149,missouri,MIZ-HIST-00149,historical_media_guide,1915-1916,1916-02-09,Kansas,kansas,Kansas,30,24,W,0,home_or_special_site_candidate,unknown,Rothwell Gymnasium,,,,,,REGULAR_SEASON,,20,Feb. 9 Kansas W 30-24,opponent_resolved_site_pending,,MATCHED,BOOTSTRAP_SAME_SOURCE_SEQUENCE
ASRT-MIZ-00150,CBBG-0000150,missouri,MIZ-HIST-00150,historical_media_guide,1915-1916,1916-02-10,Kansas,kansas,Kansas,42,20,W,0,home_or_special_site_candidate,unknown,Rothwell Gymnasium,,,,,,REGULAR_SEASON,,20,Feb. 10 Kansas W 42-20,opponent_resolved_site_pending,,MATCHED,BOOTSTRAP_SAME_SOURCE_SEQUENCE
ASRT-MIZ-00151,CBBG-0000151,missouri,MIZ-HIST-00151,historical_media_guide,1915-1916,1916-02-16,Oklahoma,oklahoma,Oklahoma,50,20,W,0,home_or_special_site_candidate,unknown,Rothwell Gymnasium,,,,,,REGULAR_SEASON,,20,Feb. 16 Oklahoma W 50-20,opponent_resolved_site_pending,,MATCHED,BOOTSTRAP_SAME_SOURCE_SEQUENCE
ASRT-MIZ-00152,CBBG-0000152,missouri,MIZ-HIST-00152,historical_media_guide,1915-1916,1916-02-17,Oklahoma,oklahoma,Oklahoma,28,29,L,0,home_or_special_site_candidate,unknown,Rothwell Gymnasium,,,,,,REGULAR_SEASON,,20,Feb. 17 Oklahoma L 28-29,opponent_resolved_site_pending,,MATCHED,BOOTSTRAP_SAME_SOURCE_SEQUENCE
ASRT-MIZ-00153,CBBG-0000153,missouri,MIZ-HIST-00153,historical_media_guide,1915-1916,1916-02-18,Washington (Mo.),washington-university-of-st-louis,Washington University of St. Louis,23,17,W,0,away_candidate,unknown,,,,,,,REGULAR_SEASON,,20,Feb. 18 @ Washington (Mo.) W 23-17,opponent_resolved_site_pending,,MATCHED,BOOTSTRAP_SAME_SOURCE_SEQUENCE
ASRT-MIZ-00154,CBBG-0000154,missouri,MIZ-HIST-00154,historical_media_guide,1915-1916,1916-02-19,Washington (Mo.),washington-university-of-st-louis,Washington University of St. Louis,41,19,W,0,away_candidate,unknown,,,,,,,REGULAR_SEASON,,20,Feb. 19 @ Washington (Mo.) W 41-19,opponent_resolved_site_pending,,MATCHED,BOOTSTRAP_SAME_SOURCE_SEQUENCE
ASRT-MIZ-00155,CBBG-0000155,missouri,MIZ-HIST-00155,historical_media_guide,1915-1916,1916-02-25,Kansas State,kansas-state,Kansas State,19,27,L,0,away_candidate,unknown,,,,,,,REGULAR_SEASON,,20,Feb. 25 @ Kansas State L 19-27,opponent_resolved_site_pending,,MATCHED,BOOTSTRAP_SAME_SOURCE_SEQUENCE
ASRT-MIZ-00156,CBBG-0000156,missouri,MIZ-HIST-00156,historical_media_guide,1915-1916,1916-02-26,Kansas State,kansas-state,Kansas State,22,10,W,0,away_candidate,unknown,,,,,,,REGULAR_SEASON,,20,Feb. 26 @ Kansas State W 22-10,opponent_resolved_site_pending,,MATCHED,BOOTSTRAP_SAME_SOURCE_SEQUENCE
ASRT-MIZ-00157,CBBG-0000157,missouri,MIZ-HIST-00157,historical_media_guide,1915-1916,1916-02-28,Kansas,kansas,Kansas,41,10,W,0,away_candidate,unknown,,,,,,,REGULAR_SEASON,,20,Feb. 28 @ Kansas W 41-10,opponent_resolved_site_pending,,MATCHED,BOOTSTRAP_SAME_SOURCE_SEQUENCE
ASRT-MIZ-00158,CBBG-0000158,missouri,MIZ-HIST-00158,historical_media_guide,1915-1916,1916-02-29,Kansas,kansas,Kansas,19,31,L,0,away_candidate,unknown,,,,,,,REGULAR_SEASON,,20,Feb. 29 @ Kansas L 19-31,opponent_resolved_site_pending,,MATCHED,BOOTSTRAP_SAME_SOURCE_SEQUENCE
ASRT-MIZ-00159,CBBG-0000159,missouri,MIZ-HIST-00159,historical_media_guide,1916-1917,1917-01-06,Central Methodist,central-methodist,Central Methodist,47,21,W,0,home_or_special_site_candidate,unknown,Rothwell Gymnasium,,,,,,REGULAR_SEASON,,20,Jan. 6 Central Methodist W 47-21,opponent_resolved_site_pending,,MATCHED,BOOTSTRAP_SAME_SOURCE_SEQUENCE
ASRT-MIZ-00160,CBBG-0000160,missouri,MIZ-HIST-00160,historical_media_guide,1916-1917,1917-01-12,Iowa State,iowa-state,Iowa State,28,25,W,0,home_or_special_site_candidate,unknown,Rothwell Gymnasium,,,,,,REGULAR_SEASON,,20,Jan. 12 Iowa State W 28-25,opponent_resolved_site_pending,,MATCHED,BOOTSTRAP_SAME_SOURCE_SEQUENCE
ASRT-MIZ-00161,CBBG-0000161,missouri,MIZ-HIST-00161,historical_media_guide,1916-1917,1917-01-13,Iowa State,iowa-state,Iowa State,21,24,L,0,home_or_special_site_candidate,unknown,Rothwell Gymnasium,,,,,,REGULAR_SEASON,,20,Jan. 13 Iowa State L 21-24,opponent_resolved_site_pending,,MATCHED,BOOTSTRAP_SAME_SOURCE_SEQUENCE
ASRT-MIZ-00162,CBBG-0000162,missouri,MIZ-HIST-00162,historical_media_guide,1916-1917,1917-01-19,Washington (Mo.),washington-university-of-st-louis,Washington University of St. Louis,36,22,W,0,home_or_special_site_candidate,unknown,Rothwell Gymnasium,,,,,,REGULAR_SEASON,,20,Jan. 19 Washington (Mo.) W 36-22,opponent_resolved_site_pending,,MATCHED,BOOTSTRAP_SAME_SOURCE_SEQUENCE
ASRT-MIZ-00163,CBBG-0000163,missouri,MIZ-HIST-00163,historical_media_guide,1916-1917,1917-01-20,Washington (Mo.),washington-university-of-st-louis,Washington University of St. Louis,30,20,W,0,home_or_special_site_candidate,unknown,Rothwell Gymnasium,,,,,,REGULAR_SEASON,,20,Jan. 20 Washington (Mo.) W 30-20,opponent_resolved_site_pending,,MATCHED,BOOTSTRAP_SAME_SOURCE_SEQUENCE
ASRT-MIZ-00164,CBBG-0000164,missouri,MIZ-HIST-00164,historical_media_guide,1916-1917,1917-02-02,Kansas City Poly,kansas-city-poly,Kansas City Poly,52,20,W,0,home_or_special_site_candidate,unknown,Rothwell Gymnasium,,,,,,REGULAR_SEASON,,20,Feb. 2 Kansas City Poly W 52-20,opponent_resolved_site_pending,,MATCHED,BOOTSTRAP_SAME_SOURCE_SEQUENCE
ASRT-MIZ-00165,CBBG-0000165,missouri,MIZ-HIST-00165,historical_media_guide,1916-1917,1917-02-06,Kansas,kansas,Kansas,23,24,L,0,away_candidate,unknown,,,,,,,REGULAR_SEASON,,20,Feb. 6 @ Kansas L 23-24,opponent_resolved_site_pending,,MATCHED,BOOTSTRAP_SAME_SOURCE_SEQUENCE
ASRT-MIZ-00166,CBBG-0000166,missouri,MIZ-HIST-00166,historical_media_guide,1916-1917,1917-02-07,Kansas,kansas,Kansas,26,17,W,0,away_candidate,unknown,,,,,,,REGULAR_SEASON,,20,Feb. 7 @ Kansas W 26-17,opponent_resolved_site_pending,,MATCHED,BOOTSTRAP_SAME_SOURCE_SEQUENCE
ASRT-MIZ-00167,CBBG-0000167,missouri,MIZ-HIST-00167,historical_media_guide,1916-1917,1917-02-09,Nebraska,nebraska,Nebraska,18,16,W,0,away_candidate,unknown,,,,,,,REGULAR_SEASON,,20,Feb. 9 @ Nebraska W 18-16,opponent_resolved_site_pending,,MATCHED,BOOTSTRAP_SAME_SOURCE_SEQUENCE
ASRT-MIZ-00168,CBBG-0000168,missouri,MIZ-HIST-00168,historical_media_guide,1916-1917,1917-02-10,Nebraska,nebraska,Nebraska,18,7,W,0,away_candidate,unknown,,,,,,,REGULAR_SEASON,,20,Feb. 10 @ Nebraska W 18-7,opponent_resolved_site_pending,,MATCHED,BOOTSTRAP_SAME_SOURCE_SEQUENCE
ASRT-MIZ-00169,CBBG-0000169,missouri,MIZ-HIST-00169,historical_media_guide,1916-1917,1917-02-21,Kansas,kansas,Kansas,24,20,W,0,home_or_special_site_candidate,unknown,Rothwell Gymnasium,,,,,,REGULAR_SEASON,,20,Feb. 21 Kansas W 24-20,opponent_resolved_site_pending,,MATCHED,BOOTSTRAP_SAME_SOURCE_SEQUENCE
ASRT-MIZ-00170,CBBG-0000170,missouri,MIZ-HIST-00170,historical_media_guide,1916-1917,1917-02-22,Kansas,kansas,Kansas,38,15,W,0,home_or_special_site_candidate,unknown,Rothwell Gymnasium,,,,,,REGULAR_SEASON,,20,Feb. 22 Kansas W 38-15,opponent_resolved_site_pending,,MATCHED,BOOTSTRAP_SAME_SOURCE_SEQUENCE
ASRT-MIZ-00171,CBBG-0000171,missouri,MIZ-HIST-00171,historical_media_guide,1916-1917,1917-03-05,Kansas State,kansas-state,Kansas State,22,26,L,0,home_or_special_site_candidate,unknown,Rothwell Gymnasium,,,,,,REGULAR_SEASON,,20,Mar. 5 Kansas State L 22-26,opponent_resolved_site_pending,,MATCHED,BOOTSTRAP_SAME_SOURCE_SEQUENCE
ASRT-MIZ-00172,CBBG-0000172,missouri,MIZ-HIST-00172,historical_media_guide,1916-1917,1917-03-06,Kansas State,kansas-state,Kansas State,27,32,L,0,home_or_special_site_candidate,unknown,Rothwell Gymnasium,,,,,,REGULAR_SEASON,,20,Mar. 6 Kansas State L 27-32,opponent_resolved_site_pending,,MATCHED,BOOTSTRAP_SAME_SOURCE_SEQUENCE
ASRT-MIZ-00173,CBBG-0000173,missouri,MIZ-HIST-00173,historical_media_guide,1916-1917,1917-03-08,Washington (Mo.),washington-university-of-st-louis,Washington University of St. Louis,23,19,W,0,away_candidate,unknown,,,,,,,REGULAR_SEASON,,20,Mar. 8 @ Washington (Mo.) W 23-19,opponent_resolved_site_pending,,MATCHED,BOOTSTRAP_SAME_SOURCE_SEQUENCE
ASRT-MIZ-00174,CBBG-0000174,missouri,MIZ-HIST-00174,historical_media_guide,1916-1917,1917-03-09,Washington (Mo.),washington-university-of-st-louis,Washington University of St. Louis,31,22,W,0,away_candidate,unknown,,,,,,,REGULAR_SEASON,,20,Mar. 9 @ Washington (Mo.) W 31-22,opponent_resolved_site_pending,,MATCHED,BOOTSTRAP_SAME_SOURCE_SEQUENCE
ASRT-MIZ-00175,CBBG-0000175,missouri,MIZ-HIST-00175,historical_media_guide,1917-1918,1917-12-20,Tulsa,tulsa,Tulsa,52,12,W,0,home_or_special_site_candidate,unknown,Rothwell Gymnasium,,,,,,REGULAR_SEASON,,20,Dec. 20 Tulsa W 52-12,opponent_resolved_site_pending,,MATCHED,BOOTSTRAP_SAME_SOURCE_SEQUENCE
ASRT-MIZ-00176,CBBG-0000176,missouri,MIZ-HIST-00176,historical_media_guide,1917-1918,1918-01-05,Kansas City Poly,kansas-city-poly,Kansas City Poly,37,21,W,0,home_or_special_site_candidate,unknown,Rothwell Gymnasium,,,,,,REGULAR_SEASON,,20,Jan. 5 Kansas City Poly W 37-21,opponent_resolved_site_pending,,MATCHED,BOOTSTRAP_SAME_SOURCE_SEQUENCE
ASRT-MIZ-00177,CBBG-0000177,missouri,MIZ-HIST-00177,historical_media_guide,1917-1918,1918-01-11,Drake,drake,Drake,27,8,W,0,home_or_special_site_candidate,unknown,Rothwell Gymnasium,,,,,,REGULAR_SEASON,,20,Jan. 11 Drake W 27-8,opponent_resolved_site_pending,,MATCHED,BOOTSTRAP_SAME_SOURCE_SEQUENCE
ASRT-MIZ-00178,CBBG-0000178,missouri,MIZ-HIST-00178,historical_media_guide,1917-1918,1918-01-12,Drake,drake,Drake,19,17,W,0,home_or_special_site_candidate,unknown,Rothwell Gymnasium,,,,,,REGULAR_SEASON,,20,Jan. 12 Drake W 19-17,opponent_resolved_site_pending,,MATCHED,BOOTSTRAP_SAME_SOURCE_SEQUENCE
ASRT-MIZ-00179,CBBG-0000179,missouri,MIZ-HIST-00179,historical_media_guide,1917-1918,1918-01-17,Washington (Mo.),washington-university-of-st-louis,Washington University of St. Louis,17,14,W,0,away_candidate,unknown,,,,,,,REGULAR_SEASON,,20,Jan. 17 @ Washington (Mo.) W 17-14,opponent_resolved_site_pending,,MATCHED,BOOTSTRAP_SAME_SOURCE_SEQUENCE
ASRT-MIZ-00180,CBBG-0000180,missouri,MIZ-HIST-00180,historical_media_guide,1917-1918,1918-01-18,Washington (Mo.),washington-university-of-st-louis,Washington University of St. Louis,26,23,W,0,away_candidate,unknown,,,,,,,REGULAR_SEASON,,20,Jan. 18 @ Washington (Mo.) W 26-23,opponent_resolved_site_pending,,MATCHED,BOOTSTRAP_SAME_SOURCE_SEQUENCE
ASRT-MIZ-00181,CBBG-0000181,missouri,MIZ-HIST-00181,historical_media_guide,1917-1918,1918-02-04,Kansas,kansas,Kansas,36,22,W,0,away_candidate,unknown,,,,,,,REGULAR_SEASON,,20,Feb. 4 @ Kansas W 36-22,opponent_resolved_site_pending,,MATCHED,BOOTSTRAP_SAME_SOURCE_SEQUENCE
ASRT-MIZ-00182,CBBG-0000182,missouri,MIZ-HIST-00182,historical_media_guide,1917-1918,1918-02-05,Kansas,kansas,Kansas,25,21,W,0,away_candidate,unknown,,,,,,,REGULAR_SEASON,,20,Feb. 5 @ Kansas W 25-21,opponent_resolved_site_pending,,MATCHED,BOOTSTRAP_SAME_SOURCE_SEQUENCE
ASRT-MIZ-00183,CBBG-0000183,missouri,MIZ-HIST-00183,historical_media_guide,1917-1918,1918-02-08,Nebraska,nebraska,Nebraska,22,9,W,0,home_or_special_site_candidate,unknown,Rothwell Gymnasium,,,,,,REGULAR_SEASON,,20,Feb. 8 Nebraska W 22-9,opponent_resolved_site_pending,,MATCHED,BOOTSTRAP_SAME_SOURCE_SEQUENCE
ASRT-MIZ-00184,CBBG-0000184,missouri,MIZ-HIST-00184,historical_media_guide,1917-1918,1918-02-09,Nebraska,nebraska,Nebraska,16,8,W,0,home_or_special_site_candidate,unknown,Rothwell Gymnasium,,,,,,REGULAR_SEASON,,20,Feb. 9 Nebraska W 16-8,opponent_resolved_site_pending,,MATCHED,BOOTSTRAP_SAME_SOURCE_SEQUENCE
ASRT-MIZ-00185,CBBG-0000185,missouri,MIZ-HIST-00185,historical_media_guide,1917-1918,1918-02-13,Iowa State,iowa-state,Iowa State,26,11,W,0,away_candidate,unknown,,,,,,,REGULAR_SEASON,,20,Feb. 13 @ Iowa State W 26-11,opponent_resolved_site_pending,,MATCHED,BOOTSTRAP_SAME_SOURCE_SEQUENCE
ASRT-MIZ-00186,CBBG-0000186,missouri,MIZ-HIST-00186,historical_media_guide,1917-1918,1918-02-14,Iowa State,iowa-state,Iowa State,24,13,W,0,away_candidate,unknown,,,,,,,REGULAR_SEASON,,20,Feb. 14 @ Iowa State W 24-13,opponent_resolved_site_pending,,MATCHED,BOOTSTRAP_SAME_SOURCE_SEQUENCE
ASRT-MIZ-00187,CBBG-0000187,missouri,MIZ-HIST-00187,historical_media_guide,1917-1918,1918-02-20,Kansas,kansas,Kansas,39,21,W,0,home_or_special_site_candidate,unknown,Rothwell Gymnasium,,,,,,REGULAR_SEASON,,20,Feb. 20 Kansas W 39-21,opponent_resolved_site_pending,,MATCHED,BOOTSTRAP_SAME_SOURCE_SEQUENCE
ASRT-MIZ-00188,CBBG-0000188,missouri,MIZ-HIST-00188,historical_media_guide,1917-1918,1918-02-21,Kansas,kansas,Kansas,22,28,L,0,home_or_special_site_candidate,unknown,Rothwell Gymnasium,,,,,,REGULAR_SEASON,,20,Feb. 21 Kansas L 22-28,opponent_resolved_site_pending,,MATCHED,BOOTSTRAP_SAME_SOURCE_SEQUENCE
ASRT-MIZ-00189,CBBG-0000189,missouri,MIZ-HIST-00189,historical_media_guide,1917-1918,1918-02-27,Kansas State,kansas-state,Kansas State,22,19,W,0,away_candidate,unknown,,,,,,,REGULAR_SEASON,,20,Feb. 27 @ Kansas State W 22-19,opponent_resolved_site_pending,,MATCHED,BOOTSTRAP_SAME_SOURCE_SEQUENCE
ASRT-MIZ-00190,CBBG-0000190,missouri,MIZ-HIST-00190,historical_media_guide,1917-1918,1918-02-28,Kansas State,kansas-state,Kansas State,28,24,W,0,away_candidate,unknown,,,,,,,REGULAR_SEASON,,20,Feb. 28 @ Kansas State W 28-24,opponent_resolved_site_pending,,MATCHED,BOOTSTRAP_SAME_SOURCE_SEQUENCE
ASRT-MIZ-00191,CBBG-0000191,missouri,MIZ-HIST-00191,historical_media_guide,1917-1918,1918-03-04,Washington (Mo.),washington-university-of-st-louis,Washington University of St. Louis,34,13,W,0,home_or_special_site_candidate,unknown,Rothwell Gymnasium,,,,,,REGULAR_SEASON,,20,Mar. 4 Washington (Mo.) W 34-13,opponent_resolved_site_pending,,MATCHED,BOOTSTRAP_SAME_SOURCE_SEQUENCE
ASRT-MIZ-00192,CBBG-0000192,missouri,MIZ-HIST-00192,historical_media_guide,1917-1918,1918-03-05,Washington (Mo.),washington-university-of-st-louis,Washington University of St. Louis,32,18,W,0,home_or_special_site_candidate,unknown,Rothwell Gymnasium,,,,,,REGULAR_SEASON,,20,Mar. 5 Washington (Mo.) W 32-18,opponent_resolved_site_pending,,MATCHED,BOOTSTRAP_SAME_SOURCE_SEQUENCE
ASRT-MIZ-00193,CBBG-0000193,missouri,MIZ-HIST-00193,historical_media_guide,1918-1919,1919-01-10,Iowa State,iowa-state,Iowa State,33,16,W,0,home_or_special_site_candidate,unknown,Rothwell Gymnasium,,,,,,REGULAR_SEASON,,21,Jan. 10 Iowa State W 33-16,opponent_resolved_site_pending,,MATCHED,BOOTSTRAP_SAME_SOURCE_SEQUENCE
ASRT-MIZ-00194,CBBG-0000194,missouri,MIZ-HIST-00194,historical_media_guide,1918-1919,1919-01-11,Iowa State,iowa-state,Iowa State,35,22,W,0,home_or_special_site_candidate,unknown,Rothwell Gymnasium,,,,,,REGULAR_SEASON,,21,Jan. 11 Iowa State W 35-22,opponent_resolved_site_pending,,MATCHED,BOOTSTRAP_SAME_SOURCE_SEQUENCE
ASRT-MIZ-00195,CBBG-0000195,missouri,MIZ-HIST-00195,historical_media_guide,1918-1919,1919-01-17,Washington (Mo.),washington-university-of-st-louis,Washington University of St. Louis,39,15,W,0,home_or_special_site_candidate,unknown,Rothwell Gymnasium,,,,,,REGULAR_SEASON,,21,Jan. 17 Washington (Mo.) W 39-15,opponent_resolved_site_pending,,MATCHED,BOOTSTRAP_SAME_SOURCE_SEQUENCE
ASRT-MIZ-00196,CBBG-0000196,missouri,MIZ-HIST-00196,historical_media_guide,1918-1919,1919-01-18,Washington (Mo.),washington-university-of-st-louis,Washington University of St. Louis,36,19,W,0,home_or_special_site_candidate,unknown,Rothwell Gymnasium,,,,,,REGULAR_SEASON,,21,Jan. 18 Washington (Mo.) W 36-19,opponent_resolved_site_pending,,MATCHED,BOOTSTRAP_SAME_SOURCE_SEQUENCE
ASRT-MIZ-00197,CBBG-0000197,missouri,MIZ-HIST-00197,historical_media_guide,1918-1919,1919-01-25,Westminster,westminster,Westminster,69,23,W,0,home_or_special_site_candidate,unknown,Rothwell Gymnasium,,,,,,REGULAR_SEASON,,21,Jan. 25 Westminster W 69-23,opponent_resolved_site_pending,,MATCHED,BOOTSTRAP_SAME_SOURCE_SEQUENCE
ASRT-MIZ-00198,CBBG-0000198,missouri,MIZ-HIST-00198,historical_media_guide,1918-1919,1919-01-31,Kansas,kansas,Kansas,43,25,W,0,away_candidate,unknown,,,,,,,REGULAR_SEASON,,21,Jan. 31 @ Kansas W 43-25,opponent_resolved_site_pending,,MATCHED,BOOTSTRAP_SAME_SOURCE_SEQUENCE
ASRT-MIZ-00199,CBBG-0000199,missouri,MIZ-HIST-00199,historical_media_guide,1918-1919,1919-02-01,Kansas,kansas,Kansas,37,15,W,0,away_candidate,unknown,,,,,,,REGULAR_SEASON,,21,Feb. 1 @ Kansas W 37-15,opponent_resolved_site_pending,,MATCHED,BOOTSTRAP_SAME_SOURCE_SEQUENCE
ASRT-MIZ-00200,CBBG-0000200,missouri,MIZ-HIST-00200,historical_media_guide,1918-1919,1919-02-13,Nebraska Wesleyan,nebraska-wesleyan,Nebraska Wesleyan,48,15,W,0,away_candidate,unknown,,,,,,,REGULAR_SEASON,,21,Feb. 13 @ Nebraska Wesleyan W 48-15,opponent_resolved_site_pending,,MATCHED,BOOTSTRAP_SAME_SOURCE_SEQUENCE
ASRT-MIZ-00201,CBBG-0000201,missouri,MIZ-HIST-00201,historical_media_guide,1918-1919,1919-02-14,Nebraska,nebraska,Nebraska,14,21,L,0,away_candidate,unknown,,,,,,,REGULAR_SEASON,,21,Feb. 14 @ Nebraska L 14-21,opponent_resolved_site_pending,,MATCHED,BOOTSTRAP_SAME_SOURCE_SEQUENCE
ASRT-MIZ-00202,CBBG-0000202,missouri,MIZ-HIST-00202,historical_media_guide,1918-1919,1919-02-15,Nebraska,nebraska,Nebraska,26,28,L,0,away_candidate,unknown,,,,,,,REGULAR_SEASON,,21,Feb. 15 @ Nebraska L 26-28,opponent_resolved_site_pending,,MATCHED,BOOTSTRAP_SAME_SOURCE_SEQUENCE
ASRT-MIZ-00203,CBBG-0000203,missouri,MIZ-HIST-00203,historical_media_guide,1918-1919,1919-02-19,Kansas,kansas,Kansas,34,20,W,0,home_or_special_site_candidate,unknown,Rothwell Gymnasium,,,,,,REGULAR_SEASON,,21,Feb. 19 Kansas W 34-20,opponent_resolved_site_pending,,MATCHED,BOOTSTRAP_SAME_SOURCE_SEQUENCE
ASRT-MIZ-00204,CBBG-0000204,missouri,MIZ-HIST-00204,historical_media_guide,1918-1919,1919-02-20,Kansas,kansas,Kansas,29,36,L,0,home_or_special_site_candidate,unknown,Rothwell Gymnasium,,,,,,REGULAR_SEASON,,21,Feb. 20 Kansas L 29-36,opponent_resolved_site_pending,,MATCHED,BOOTSTRAP_SAME_SOURCE_SEQUENCE
ASRT-MIZ-00205,CBBG-0000205,missouri,MIZ-HIST-00205,historical_media_guide,1918-1919,1919-03-01,Central Methodist,central-methodist,Central Methodist,56,15,W,0,home_or_special_site_candidate,unknown,Rothwell Gymnasium,,,,,,REGULAR_SEASON,,21,Mar. 1 Central Methodist W 56-15,opponent_resolved_site_pending,,MATCHED,BOOTSTRAP_SAME_SOURCE_SEQUENCE
ASRT-MIZ-00206,CBBG-0000206,missouri,MIZ-HIST-00206,historical_media_guide,1918-1919,1919-03-07,Washington (Mo.),washington-university-of-st-louis,Washington University of St. Louis,46,22,W,0,away_candidate,unknown,,,,,,,REGULAR_SEASON,,21,Mar. 7 @ Washington (Mo.) W 46-22,opponent_resolved_site_pending,,MATCHED,BOOTSTRAP_SAME_SOURCE_SEQUENCE
ASRT-MIZ-00207,CBBG-0000207,missouri,MIZ-HIST-00207,historical_media_guide,1918-1919,1919-03-08,Washington (Mo.),washington-university-of-st-louis,Washington University of St. Louis,35,26,W,0,away_candidate,unknown,,,,,,,REGULAR_SEASON,,21,Mar. 8 @ Washington (Mo.) W 35-26,opponent_resolved_site_pending,,MATCHED,BOOTSTRAP_SAME_SOURCE_SEQUENCE
ASRT-MIZ-00208,CBBG-0000208,missouri,MIZ-HIST-00208,historical_media_guide,1918-1919,1919-03-14,Kansas State,kansas-state,Kansas State,47,26,W,0,home_or_special_site_candidate,unknown,Rothwell Gymnasium,,,,,,REGULAR_SEASON,,21,Mar. 14 Kansas State W 47-26,opponent_resolved_site_pending,,MATCHED,BOOTSTRAP_SAME_SOURCE_SEQUENCE
ASRT-MIZ-00209,CBBG-0000209,missouri,MIZ-HIST-00209,historical_media_guide,1918-1919,1919-03-15,Kansas State,kansas-state,Kansas State,38,23,W,0,home_or_special_site_candidate,unknown,Rothwell Gymnasium,,,,,,REGULAR_SEASON,,21,Mar. 15 Kansas State W 38-23,opponent_resolved_site_pending,,MATCHED,BOOTSTRAP_SAME_SOURCE_SEQUENCE
ASRT-MIZ-00210,CBBG-0000210,missouri,MIZ-HIST-00210,historical_media_guide,1919-1920,1920-01-09,Iowa State,iowa-state,Iowa State,55,20,W,0,away_candidate,unknown,,,,,,,REGULAR_SEASON,,21,Jan. 9 @ Iowa State W 55-20,opponent_resolved_site_pending,,MATCHED,BOOTSTRAP_SAME_SOURCE_SEQUENCE
ASRT-MIZ-00211,CBBG-0000211,missouri,MIZ-HIST-00211,historical_media_guide,1919-1920,1920-01-10,Iowa State,iowa-state,Iowa State,55,17,W,0,away_candidate,unknown,,,,,,,REGULAR_SEASON,,21,Jan. 10 @ Iowa State W 55-17,opponent_resolved_site_pending,,MATCHED,BOOTSTRAP_SAME_SOURCE_SEQUENCE
ASRT-MIZ-00212,CBBG-0000212,missouri,MIZ-HIST-00212,historical_media_guide,1919-1920,1920-01-16,Washington (Mo.),washington-university-of-st-louis,Washington University of St. Louis,34,29,W,0,away_candidate,unknown,,,,,,,REGULAR_SEASON,,21,Jan. 16 @ Washington (Mo.) W 34-29,opponent_resolved_site_pending,,MATCHED,BOOTSTRAP_SAME_SOURCE_SEQUENCE
ASRT-MIZ-00213,CBBG-0000213,missouri,MIZ-HIST-00213,historical_media_guide,1919-1920,1920-01-17,Washington (Mo.),washington-university-of-st-louis,Washington University of St. Louis,35,18,W,0,away_candidate,unknown,,,,,,,REGULAR_SEASON,,21,Jan. 17 @ Washington (Mo.) W 35-18,opponent_resolved_site_pending,,MATCHED,BOOTSTRAP_SAME_SOURCE_SEQUENCE
ASRT-MIZ-00214,CBBG-0000214,missouri,MIZ-HIST-00214,historical_media_guide,1919-1920,1920-01-22,Kansas,kansas,Kansas,32,27,W,0,away_candidate,unknown,,,,,,,REGULAR_SEASON,,21,Jan. 22 @ Kansas W 32-27,opponent_resolved_site_pending,,MATCHED,BOOTSTRAP_SAME_SOURCE_SEQUENCE
ASRT-MIZ-00215,CBBG-0000215,missouri,MIZ-HIST-00215,historical_media_guide,1919-1920,1920-01-23,Kansas,kansas,Kansas,38,16,W,0,away_candidate,unknown,,,,,,,REGULAR_SEASON,,21,Jan. 23 @ Kansas W 38-16,opponent_resolved_site_pending,,MATCHED,BOOTSTRAP_SAME_SOURCE_SEQUENCE
ASRT-MIZ-00216,CBBG-0000216,missouri,MIZ-HIST-00216,historical_media_guide,1919-1920,1920-01-30,Kansas State,kansas-state,Kansas State,21,19,W,0,home_or_special_site_candidate,unknown,Rothwell Gymnasium,,,,,,REGULAR_SEASON,,21,Jan. 30 Kansas State W 21-19,opponent_resolved_site_pending,,MATCHED,BOOTSTRAP_SAME_SOURCE_SEQUENCE
ASRT-MIZ-00217,CBBG-0000217,missouri,MIZ-HIST-00217,historical_media_guide,1919-1920,1920-02-06,Drake,drake,Drake,44,9,W,0,home_or_special_site_candidate,unknown,Rothwell Gymnasium,,,,,,REGULAR_SEASON,,21,Feb. 6 Drake W 44-9,opponent_resolved_site_pending,,MATCHED,BOOTSTRAP_SAME_SOURCE_SEQUENCE
ASRT-MIZ-00218,CBBG-0000218,missouri,MIZ-HIST-00218,historical_media_guide,1919-1920,1920-02-07,Drake,drake,Drake,53,16,W,0,home_or_special_site_candidate,unknown,Rothwell Gymnasium,,,,,,REGULAR_SEASON,,21,Feb. 7 Drake W 53-16,opponent_resolved_site_pending,,MATCHED,BOOTSTRAP_SAME_SOURCE_SEQUENCE
ASRT-MIZ-00219,CBBG-0000219,missouri,MIZ-HIST-00219,historical_media_guide,1919-1920,1920-02-11,Oklahoma,oklahoma,Oklahoma,33,21,W,0,home_or_special_site_candidate,unknown,Rothwell Gymnasium,,,,,,REGULAR_SEASON,,21,Feb. 11 Oklahoma W 33-21,opponent_resolved_site_pending,,MATCHED,BOOTSTRAP_SAME_SOURCE_SEQUENCE
ASRT-MIZ-00220,CBBG-0000220,missouri,MIZ-HIST-00220,historical_media_guide,1919-1920,1920-02-12,Oklahoma,oklahoma,Oklahoma,53,18,W,0,home_or_special_site_candidate,unknown,Rothwell Gymnasium,,,,,,REGULAR_SEASON,,21,Feb. 12 Oklahoma W 53-18,opponent_resolved_site_pending,,MATCHED,BOOTSTRAP_SAME_SOURCE_SEQUENCE
ASRT-MIZ-00221,CBBG-0000221,missouri,MIZ-HIST-00221,historical_media_guide,1919-1920,1920-02-19,Kansas,kansas,Kansas,31,13,W,0,home_or_special_site_candidate,unknown,Rothwell Gymnasium,,,,,,REGULAR_SEASON,,21,Feb. 19 Kansas W 31-13,opponent_resolved_site_pending,,MATCHED,BOOTSTRAP_SAME_SOURCE_SEQUENCE
ASRT-MIZ-00222,CBBG-0000222,missouri,MIZ-HIST-00222,historical_media_guide,1919-1920,1920-02-27,Washington (Mo.),washington-university-of-st-louis,Washington University of St. Louis,41,22,W,0,home_or_special_site_candidate,unknown,Rothwell Gymnasium,,,,,,REGULAR_SEASON,,21,Feb. 27 Washington (Mo.) W 41-22,opponent_resolved_site_pending,,MATCHED,BOOTSTRAP_SAME_SOURCE_SEQUENCE
ASRT-MIZ-00223,CBBG-0000223,missouri,MIZ-HIST-00223,historical_media_guide,1919-1920,1920-02-28,Washington (Mo.),washington-university-of-st-louis,Washington University of St. Louis,34,27,W,0,home_or_special_site_candidate,unknown,Rothwell Gymnasium,,,,,,REGULAR_SEASON,,21,Feb. 28 Washington (Mo.) W 34-27,opponent_resolved_site_pending,,MATCHED,BOOTSTRAP_SAME_SOURCE_SEQUENCE
ASRT-MIZ-00224,CBBG-0000224,missouri,MIZ-HIST-00224,historical_media_guide,1919-1920,1920-03-04,Kansas State,kansas-state,Kansas State,29,22,W,0,away_candidate,unknown,,,,,,,REGULAR_SEASON,,21,Mar. 4 @ Kansas State W 29-22,opponent_resolved_site_pending,,MATCHED,BOOTSTRAP_SAME_SOURCE_SEQUENCE
ASRT-MIZ-00225,CBBG-0000225,missouri,MIZ-HIST-00225,historical_media_guide,1919-1920,1920-03-05,Kansas State,kansas-state,Kansas State,23,29,L,0,away_candidate,unknown,,,,,,,REGULAR_SEASON,,21,Mar. 5 @ Kansas State L 23-29,opponent_resolved_site_pending,,MATCHED,BOOTSTRAP_SAME_SOURCE_SEQUENCE
ASRT-MIZ-00226,CBBG-0000226,missouri,MIZ-HIST-00226,historical_media_guide,1920-1921,1921-01-07,Iowa State,iowa-state,Iowa State,30,11,W,0,home_or_special_site_candidate,unknown,Rothwell Gymnasium,,,,,,REGULAR_SEASON,,21,Jan. 7 Iowa State W 30-11,opponent_resolved_site_pending,,MATCHED,BOOTSTRAP_SAME_SOURCE_SEQUENCE
ASRT-MIZ-00227,CBBG-0000227,missouri,MIZ-HIST-00227,historical_media_guide,1920-1921,1921-01-08,Iowa State,iowa-state,Iowa State,28,19,W,0,home_or_special_site_candidate,unknown,Rothwell Gymnasium,,,,,,REGULAR_SEASON,,21,Jan. 8 Iowa State W 28-19,opponent_resolved_site_pending,,MATCHED,BOOTSTRAP_SAME_SOURCE_SEQUENCE
ASRT-MIZ-00228,CBBG-0000228,missouri,MIZ-HIST-00228,historical_media_guide,1920-1921,1921-01-14,Washington (Mo.),washington-university-of-st-louis,Washington University of St. Louis,46,11,W,0,home_or_special_site_candidate,unknown,Rothwell Gymnasium,,,,,,REGULAR_SEASON,,21,Jan. 14 Washington (Mo.) W 46-11,opponent_resolved_site_pending,,MATCHED,BOOTSTRAP_SAME_SOURCE_SEQUENCE
ASRT-MIZ-00229,CBBG-0000229,missouri,MIZ-HIST-00229,historical_media_guide,1920-1921,1921-01-15,Washington (Mo.),washington-university-of-st-louis,Washington University of St. Louis,40,11,W,0,home_or_special_site_candidate,unknown,Rothwell Gymnasium,,,,,,REGULAR_SEASON,,21,Jan. 15 Washington (Mo.) W 40-11,opponent_resolved_site_pending,,MATCHED,BOOTSTRAP_SAME_SOURCE_SEQUENCE
ASRT-MIZ-00230,CBBG-0000230,missouri,MIZ-HIST-00230,historical_media_guide,1920-1921,1921-01-21,Oklahoma,oklahoma,Oklahoma,47,24,W,0,away_candidate,unknown,,,,,,,REGULAR_SEASON,,21,Jan. 21 @ Oklahoma W 47-24,opponent_resolved_site_pending,,MATCHED,BOOTSTRAP_SAME_SOURCE_SEQUENCE
ASRT-MIZ-00231,CBBG-0000231,missouri,MIZ-HIST-00231,historical_media_guide,1920-1921,1921-01-22,Oklahoma,oklahoma,Oklahoma,34,16,W,0,away_candidate,unknown,,,,,,,REGULAR_SEASON,,21,Jan. 22 @ Oklahoma W 34-16,opponent_resolved_site_pending,,MATCHED,BOOTSTRAP_SAME_SOURCE_SEQUENCE
ASRT-MIZ-00232,CBBG-0000232,missouri,MIZ-HIST-00232,historical_media_guide,1920-1921,1921-01-28,Kansas,kansas,Kansas,27,22,W,0,home_or_special_site_candidate,unknown,Rothwell Gymnasium,,,,,,REGULAR_SEASON,,21,Jan. 28 Kansas W 27-22,opponent_resolved_site_pending,,MATCHED,BOOTSTRAP_SAME_SOURCE_SEQUENCE
ASRT-MIZ-00233,CBBG-0000233,missouri,MIZ-HIST-00233,historical_media_guide,1920-1921,1921-01-29,Kansas,kansas,Kansas,28,21,W,0,home_or_special_site_candidate,unknown,Rothwell Gymnasium,,,,,,REGULAR_SEASON,,21,Jan. 29 Kansas W 28-21,opponent_resolved_site_pending,,MATCHED,BOOTSTRAP_SAME_SOURCE_SEQUENCE
ASRT-MIZ-00234,CBBG-0000234,missouri,MIZ-HIST-00234,historical_media_guide,1920-1921,1921-02-04,Washington (Mo.),washington-university-of-st-louis,Washington University of St. Louis,48,14,W,0,away_candidate,unknown,,,,,,,REGULAR_SEASON,,21,Feb. 4 @ Washington (Mo.) W 48-14,opponent_resolved_site_pending,,MATCHED,BOOTSTRAP_SAME_SOURCE_SEQUENCE
ASRT-MIZ-00235,CBBG-0000235,missouri,MIZ-HIST-00235,historical_media_guide,1920-1921,1921-02-05,Washington (Mo.),washington-university-of-st-louis,Washington University of St. Louis,28,22,W,0,away_candidate,unknown,,,,,,,REGULAR_SEASON,,21,Feb. 5 @ Washington (Mo.) W 28-22,opponent_resolved_site_pending,,MATCHED,BOOTSTRAP_SAME_SOURCE_SEQUENCE
ASRT-MIZ-00236,CBBG-0000236,missouri,MIZ-HIST-00236,historical_media_guide,1920-1921,1921-02-11,Kansas State,kansas-state,Kansas State,48,18,W,0,away_candidate,unknown,,,,,,,REGULAR_SEASON,,21,Feb. 11 @ Kansas State W 48-18,opponent_resolved_site_pending,,MATCHED,BOOTSTRAP_SAME_SOURCE_SEQUENCE
ASRT-MIZ-00237,CBBG-0000237,missouri,MIZ-HIST-00237,historical_media_guide,1920-1921,1921-02-12,Kansas State,kansas-state,Kansas State,35,26,W,0,away_candidate,unknown,,,,,,,REGULAR_SEASON,,21,Feb. 12 @ Kansas State W 35-26,opponent_resolved_site_pending,,MATCHED,BOOTSTRAP_SAME_SOURCE_SEQUENCE
ASRT-MIZ-00238,CBBG-0000238,missouri,MIZ-HIST-00238,historical_media_guide,1920-1921,1921-02-18,Drake,drake,Drake,50,14,W,0,home_or_special_site_candidate,unknown,Rothwell Gymnasium,,,,,,REGULAR_SEASON,,21,Feb. 18 Drake W 50-14,opponent_resolved_site_pending,,MATCHED,BOOTSTRAP_SAME_SOURCE_SEQUENCE
ASRT-MIZ-00239,CBBG-0000239,missouri,MIZ-HIST-00239,historical_media_guide,1920-1921,1921-02-19,Drake,drake,Drake,26,8,W,0,home_or_special_site_candidate,unknown,Rothwell Gymnasium,,,,,,REGULAR_SEASON,,21,Feb. 19 Drake W 26-8,opponent_resolved_site_pending,,MATCHED,BOOTSTRAP_SAME_SOURCE_SEQUENCE
ASRT-MIZ-00240,CBBG-0000240,missouri,MIZ-HIST-00240,historical_media_guide,1920-1921,1921-02-25,Kansas,kansas,Kansas,33,17,W,0,away_candidate,unknown,,,,,,,REGULAR_SEASON,,21,Feb. 25 @ Kansas W 33-17,opponent_resolved_site_pending,,MATCHED,BOOTSTRAP_SAME_SOURCE_SEQUENCE
ASRT-MIZ-00241,CBBG-0000241,missouri,MIZ-HIST-00241,historical_media_guide,1920-1921,1921-02-26,Kansas,kansas,Kansas,41,30,W,0,away_candidate,unknown,,,,,,,REGULAR_SEASON,,21,Feb. 26 @ Kansas W 41-30,opponent_resolved_site_pending,,MATCHED,BOOTSTRAP_SAME_SOURCE_SEQUENCE
ASRT-MIZ-00242,CBBG-0000242,missouri,MIZ-HIST-00242,historical_media_guide,1920-1921,1921-03-04,Kansas State,kansas-state,Kansas State,33,19,W,0,home_or_special_site_candidate,unknown,Rothwell Gymnasium,,,,,,REGULAR_SEASON,,21,Mar. 4 Kansas State W 33-19,opponent_resolved_site_pending,,MATCHED,BOOTSTRAP_SAME_SOURCE_SEQUENCE
ASRT-MIZ-00243,CBBG-0000243,missouri,MIZ-HIST-00243,historical_media_guide,1920-1921,1921-03-05,Kansas State,kansas-state,Kansas State,24,32,L,0,home_or_special_site_candidate,unknown,Rothwell Gymnasium,,,,,,REGULAR_SEASON,,21,Mar. 5 Kansas State L 24-32,opponent_resolved_site_pending,,MATCHED,BOOTSTRAP_SAME_SOURCE_SEQUENCE
ASRT-MIZ-00244,CBBG-0000244,missouri,MIZ-HIST-00244,historical_media_guide,1921-1922,1922-01-02,Missouri-Rolla,missouri-rolla,Missouri Rolla,33,18,W,0,home_or_special_site_candidate,unknown,Rothwell Gymnasium,,,,,,REGULAR_SEASON,,21,Jan. 2 Missouri-Rolla W 33-18,opponent_resolved_site_pending,,MATCHED,BOOTSTRAP_SAME_SOURCE_SEQUENCE
ASRT-MIZ-00245,CBBG-0000245,missouri,MIZ-HIST-00245,historical_media_guide,1921-1922,1922-01-06,Drake,drake,Drake,37,25,W,0,away_candidate,unknown,,,,,,,REGULAR_SEASON,,21,Jan. 6 @ Drake W 37-25,opponent_resolved_site_pending,,MATCHED,BOOTSTRAP_SAME_SOURCE_SEQUENCE
ASRT-MIZ-00246,CBBG-0000246,missouri,MIZ-HIST-00246,historical_media_guide,1921-1922,1922-01-09,Washington (Mo.),washington-university-of-st-louis,Washington University of St. Louis,45,26,W,0,home_or_special_site_candidate,unknown,Rothwell Gymnasium,,,,,,REGULAR_SEASON,,21,Jan. 9 Washington (Mo.) W 45-26,opponent_resolved_site_pending,,MATCHED,BOOTSTRAP_SAME_SOURCE_SEQUENCE
ASRT-MIZ-00247,CBBG-0000247,missouri,MIZ-HIST-00247,historical_media_guide,1921-1922,1922-01-13,Nebraska,nebraska,Nebraska,46,31,W,0,away_candidate,unknown,,,,,,,REGULAR_SEASON,,21,Jan. 13 @ Nebraska W 46-31,opponent_resolved_site_pending,,MATCHED,BOOTSTRAP_SAME_SOURCE_SEQUENCE
ASRT-MIZ-00248,CBBG-0000248,missouri,MIZ-HIST-00248,historical_media_guide,1921-1922,1922-01-21,Grinnell,grinnell,Grinnell,47,19,W,0,home_or_special_site_candidate,unknown,Rothwell Gymnasium,,,,,,REGULAR_SEASON,,21,Jan. 21 Grinnell W 47-19,opponent_resolved_site_pending,,MATCHED,BOOTSTRAP_SAME_SOURCE_SEQUENCE
ASRT-MIZ-00249,CBBG-0000249,missouri,MIZ-HIST-00249,historical_media_guide,1921-1922,1922-01-24,Kansas,kansas,Kansas,35,25,W,0,away_candidate,unknown,,,,,,,REGULAR_SEASON,,21,Jan. 24 @ Kansas W 35-25,opponent_resolved_site_pending,,MATCHED,BOOTSTRAP_SAME_SOURCE_SEQUENCE
ASRT-MIZ-00250,CBBG-0000250,missouri,MIZ-HIST-00250,historical_media_guide,1921-1922,1922-01-28,Iowa State,iowa-state,Iowa State,30,18,W,0,away_candidate,unknown,,,,,,,REGULAR_SEASON,,21,Jan. 28 @ Iowa State W 30-18,opponent_resolved_site_pending,,MATCHED,BOOTSTRAP_SAME_SOURCE_SEQUENCE
ASRT-MIZ-00251,CBBG-0000251,missouri,MIZ-HIST-00251,historical_media_guide,1921-1922,1922-01-31,Grinnell,grinnell,Grinnell,30,17,W,0,away_candidate,unknown,,,,,,,REGULAR_SEASON,,21,Jan. 31 @ Grinnell W 30-17,opponent_resolved_site_pending,,MATCHED,BOOTSTRAP_SAME_SOURCE_SEQUENCE
ASRT-MIZ-00252,CBBG-0000252,missouri,MIZ-HIST-00252,historical_media_guide,1921-1922,1922-02-03,Kansas State,kansas-state,Kansas State,39,24,W,0,home_or_special_site_candidate,unknown,Rothwell Gymnasium,,,,,,REGULAR_SEASON,,21,Feb. 3 Kansas State W 39-24,opponent_resolved_site_pending,,MATCHED,BOOTSTRAP_SAME_SOURCE_SEQUENCE
ASRT-MIZ-00253,CBBG-0000253,missouri,MIZ-HIST-00253,historical_media_guide,1921-1922,1922-02-04,Oklahoma,oklahoma,Oklahoma,46,27,W,0,home_or_special_site_candidate,unknown,Rothwell Gymnasium,,,,,,REGULAR_SEASON,,21,Feb. 4 Oklahoma W 46-27,opponent_resolved_site_pending,,MATCHED,BOOTSTRAP_SAME_SOURCE_SEQUENCE
ASRT-MIZ-00254,CBBG-0000254,missouri,MIZ-HIST-00254,historical_media_guide,1921-1922,1922-02-10,Drake,drake,Drake,44,29,W,0,home_or_special_site_candidate,unknown,Rothwell Gymnasium,,,,,,REGULAR_SEASON,,21,Feb. 10 Drake W 44-29,opponent_resolved_site_pending,,MATCHED,BOOTSTRAP_SAME_SOURCE_SEQUENCE
ASRT-MIZ-00255,CBBG-0000255,missouri,MIZ-HIST-00255,historical_media_guide,1921-1922,1922-02-11,Iowa State,iowa-state,Iowa State,29,19,W,0,home_or_special_site_candidate,unknown,Rothwell Gymnasium,,,,,,REGULAR_SEASON,,21,Feb. 11 Iowa State W 29-19,opponent_resolved_site_pending,,MATCHED,BOOTSTRAP_SAME_SOURCE_SEQUENCE
ASRT-MIZ-00256,CBBG-0000256,missouri,MIZ-HIST-00256,historical_media_guide,1921-1922,1922-02-15,Washington (Mo.),washington-university-of-st-louis,Washington University of St. Louis,29,20,W,0,away_candidate,unknown,,,,,,,REGULAR_SEASON,,21,Feb. 15 @ Washington (Mo.) W 29-20,opponent_resolved_site_pending,,MATCHED,BOOTSTRAP_SAME_SOURCE_SEQUENCE
ASRT-MIZ-00257,CBBG-0000257,missouri,MIZ-HIST-00257,historical_media_guide,1921-1922,1922-02-21,Kansas,kansas,Kansas,16,26,L,0,home_or_special_site_candidate,unknown,Rothwell Gymnasium,,,,,,REGULAR_SEASON,,21,Feb. 21 Kansas L 16-26,opponent_resolved_site_pending,,MATCHED,BOOTSTRAP_SAME_SOURCE_SEQUENCE
ASRT-MIZ-00258,CBBG-0000258,missouri,MIZ-HIST-00258,historical_media_guide,1921-1922,1922-02-24,Nebraska,nebraska,Nebraska,55,16,W,0,home_or_special_site_candidate,unknown,Rothwell Gymnasium,,,,,,REGULAR_SEASON,,21,Feb. 24 Nebraska W 55-16,opponent_resolved_site_pending,,MATCHED,BOOTSTRAP_SAME_SOURCE_SEQUENCE
ASRT-MIZ-00259,CBBG-0000259,missouri,MIZ-HIST-00259,historical_media_guide,1921-1922,1922-03-04,Oklahoma,oklahoma,Oklahoma,66,22,W,0,away_candidate,unknown,,,,,,,REGULAR_SEASON,,21,Mar. 4 @ Oklahoma W 66-22,opponent_resolved_site_pending,,MATCHED,BOOTSTRAP_SAME_SOURCE_SEQUENCE
ASRT-MIZ-00260,CBBG-0000260,missouri,MIZ-HIST-00260,historical_media_guide,1921-1922,1922-03-06,Kansas State,kansas-state,Kansas State,32,28,W,0,away_candidate,unknown,,,,,,,REGULAR_SEASON,,21,Mar. 6 @ Kansas State W 32-28,opponent_resolved_site_pending,,MATCHED,BOOTSTRAP_SAME_SOURCE_SEQUENCE
ASRT-MIZ-00261,CBBG-0000261,missouri,MIZ-HIST-00261,historical_media_guide,1922-1923,1923-01-01,Texas,texas,Texas,37,18,W,0,home_or_special_site_candidate,unknown,Rothwell Gymnasium,,,,,,REGULAR_SEASON,,21,Jan. 1 Texas W 37-18,opponent_resolved_site_pending,,MATCHED,BOOTSTRAP_SAME_SOURCE_SEQUENCE
ASRT-MIZ-00262,CBBG-0000262,missouri,MIZ-HIST-00262,historical_media_guide,1922-1923,1923-01-05,Grinnell,grinnell,Grinnell,28,17,W,0,away_candidate,unknown,,,,,,,REGULAR_SEASON,,21,Jan. 5 @ Grinnell W 28-17,opponent_resolved_site_pending,,MATCHED,BOOTSTRAP_SAME_SOURCE_SEQUENCE
ASRT-MIZ-00263,CBBG-0000263,missouri,MIZ-HIST-00263,historical_media_guide,1922-1923,1923-01-06,Drake,drake,Drake,50,22,W,0,away_candidate,unknown,,,,,,,REGULAR_SEASON,,21,Jan. 6 @ Drake W 50-22,opponent_resolved_site_pending,,MATCHED,BOOTSTRAP_SAME_SOURCE_SEQUENCE
ASRT-MIZ-00264,CBBG-0000264,missouri,MIZ-HIST-00264,historical_media_guide,1922-1923,1923-01-12,Kansas State,kansas-state,Kansas State,40,17,W,0,home_or_special_site_candidate,unknown,Rothwell Gymnasium,,,,,,REGULAR_SEASON,,21,Jan. 12 Kansas State W 40-17,opponent_resolved_site_pending,,MATCHED,BOOTSTRAP_SAME_SOURCE_SEQUENCE
ASRT-MIZ-00265,CBBG-0000265,missouri,MIZ-HIST-00265,historical_media_guide,1922-1923,1923-01-13,Oklahoma,oklahoma,Oklahoma,50,20,W,0,home_or_special_site_candidate,unknown,Rothwell Gymnasium,,,,,,REGULAR_SEASON,,21,Jan. 13 Oklahoma W 50-20,opponent_resolved_site_pending,,MATCHED,BOOTSTRAP_SAME_SOURCE_SEQUENCE
ASRT-MIZ-00266,CBBG-0000266,missouri,MIZ-HIST-00266,historical_media_guide,1922-1923,1923-01-16,Kansas,kansas,Kansas,19,21,L,0,home_or_special_site_candidate,unknown,Rothwell Gymnasium,,,,,,REGULAR_SEASON,,21,Jan. 16 Kansas L 19-21,opponent_resolved_site_pending,,MATCHED,BOOTSTRAP_SAME_SOURCE_SEQUENCE
ASRT-MIZ-00267,CBBG-0000267,missouri,MIZ-HIST-00267,historical_media_guide,1922-1923,1923-01-20,Iowa State,iowa-state,Iowa State,41,25,W,0,away_candidate,unknown,,,,,,,REGULAR_SEASON,,21,Jan. 20 @ Iowa State W 41-25,opponent_resolved_site_pending,,MATCHED,BOOTSTRAP_SAME_SOURCE_SEQUENCE
ASRT-MIZ-00268,CBBG-0000268,missouri,MIZ-HIST-00268,historical_media_guide,1922-1923,1923-01-22,Nebraska,nebraska,Nebraska,33,18,W,0,away_candidate,unknown,,,,,,,REGULAR_SEASON,,21,Jan. 22 @ Nebraska W 33-18,opponent_resolved_site_pending,,MATCHED,BOOTSTRAP_SAME_SOURCE_SEQUENCE
ASRT-MIZ-00269,CBBG-0000269,missouri,MIZ-HIST-00269,historical_media_guide,1922-1923,1923-01-31,Washington (Mo.),washington-university-of-st-louis,Washington University of St. Louis,26,22,W,0,away_candidate,unknown,,,,,,,REGULAR_SEASON,,21,Jan. 31 @ Washington (Mo.) W 26-22,opponent_resolved_site_pending,,MATCHED,BOOTSTRAP_SAME_SOURCE_SEQUENCE
ASRT-MIZ-00270,CBBG-0000270,missouri,MIZ-HIST-00270,historical_media_guide,1922-1923,1923-02-03,Oklahoma,oklahoma,Oklahoma,38,29,W,0,away_candidate,unknown,,,,,,,REGULAR_SEASON,,21,Feb. 3 @ Oklahoma W 38-29,opponent_resolved_site_pending,,MATCHED,BOOTSTRAP_SAME_SOURCE_SEQUENCE
ASRT-MIZ-00271,CBBG-0000271,missouri,MIZ-HIST-00271,historical_media_guide,1922-1923,1923-02-09,Iowa State,iowa-state,Iowa State,25,22,W,0,home_or_special_site_candidate,unknown,Rothwell Gymnasium,,,,,,REGULAR_SEASON,,21,Feb. 9 Iowa State W 25-22,opponent_resolved_site_pending,,MATCHED,BOOTSTRAP_SAME_SOURCE_SEQUENCE
ASRT-MIZ-00272,CBBG-0000272,missouri,MIZ-HIST-00272,historical_media_guide,1922-1923,1923-02-10,Grinnell,grinnell,Grinnell,41,13,W,0,home_or_special_site_candidate,unknown,Rothwell Gymnasium,,,,,,REGULAR_SEASON,,21,Feb. 10 Grinnell W 41-13,opponent_resolved_site_pending,,MATCHED,BOOTSTRAP_SAME_SOURCE_SEQUENCE
ASRT-MIZ-00273,CBBG-0000273,missouri,MIZ-HIST-00273,historical_media_guide,1922-1923,1923-02-13,Kansas State,kansas-state,Kansas State,36,10,W,0,away_candidate,unknown,,,,,,,REGULAR_SEASON,,21,Feb. 13 @ Kansas State W 36-10,opponent_resolved_site_pending,,MATCHED,BOOTSTRAP_SAME_SOURCE_SEQUENCE
ASRT-MIZ-00274,CBBG-0000274,missouri,MIZ-HIST-00274,historical_media_guide,1922-1923,1923-02-19,K.C. Athletic Club,k-c-athletic-club,K.C. Athletic Club,22,32,L,0,away_candidate,unknown,,,,,,,REGULAR_SEASON,,21,Feb. 19 @ K.C. Athletic Club L 22-32,opponent_resolved_site_pending,,MATCHED,BOOTSTRAP_SAME_SOURCE_SEQUENCE
ASRT-MIZ-00275,CBBG-0000275,missouri,MIZ-HIST-00275,historical_media_guide,1922-1923,1923-02-23,Drake,drake,Drake,45,19,W,0,home_or_special_site_candidate,unknown,Rothwell Gymnasium,,,,,,REGULAR_SEASON,,21,Feb. 23 Drake W 45-19,opponent_resolved_site_pending,,MATCHED,BOOTSTRAP_SAME_SOURCE_SEQUENCE
ASRT-MIZ-00276,CBBG-0000276,missouri,MIZ-HIST-00276,historical_media_guide,1922-1923,1923-02-24,Nebraska,nebraska,Nebraska,39,22,W,0,home_or_special_site_candidate,unknown,Rothwell Gymnasium,,,,,,REGULAR_SEASON,,21,Feb. 24 Nebraska W 39-22,opponent_resolved_site_pending,,MATCHED,BOOTSTRAP_SAME_SOURCE_SEQUENCE
ASRT-MIZ-00277,CBBG-0000277,missouri,MIZ-HIST-00277,historical_media_guide,1922-1923,1923-02-28,Kansas,kansas,Kansas,20,33,L,0,away_candidate,unknown,,,,,,,REGULAR_SEASON,,21,Feb. 28 @ Kansas L 20-33,opponent_resolved_site_pending,,MATCHED,BOOTSTRAP_SAME_SOURCE_SEQUENCE
ASRT-MIZ-00278,CBBG-0000278,missouri,MIZ-HIST-00278,historical_media_guide,1922-1923,1923-03-03,Washington (Mo.),washington-university-of-st-louis,Washington University of St. Louis,42,26,W,0,home_or_special_site_candidate,unknown,Rothwell Gymnasium,,,,,,REGULAR_SEASON,,21,Mar. 3 Washington (Mo.) W 42-26,opponent_resolved_site_pending,,MATCHED,BOOTSTRAP_SAME_SOURCE_SEQUENCE
ASRT-MIZ-00279,CBBG-0000279,missouri,MIZ-HIST-00279,historical_media_guide,1923-1924,1924-01-02,K.C. Athletic Club,k-c-athletic-club,K.C. Athletic Club,24,36,L,0,home_or_special_site_candidate,unknown,Rothwell Gymnasium,,,,,,REGULAR_SEASON,,21,Jan. 2 K.C. Athletic Club L 24-36,opponent_resolved_site_pending,,MATCHED,BOOTSTRAP_SAME_SOURCE_SEQUENCE
ASRT-MIZ-00280,CBBG-0000280,missouri,MIZ-HIST-00280,historical_media_guide,1923-1924,1924-01-05,Nebraska,nebraska,Nebraska,18,24,L,0,away_candidate,unknown,,,,,,,REGULAR_SEASON,,21,Jan. 5 @ Nebraska L 18-24,opponent_resolved_site_pending,,MATCHED,BOOTSTRAP_SAME_SOURCE_SEQUENCE
ASRT-MIZ-00281,CBBG-0000281,missouri,MIZ-HIST-00281,historical_media_guide,1923-1924,1924-01-07,Grinnell,grinnell,Grinnell,18,25,L,0,away_candidate,unknown,,,,,,,REGULAR_SEASON,,21,Jan. 7 @ Grinnell L 18-25,opponent_resolved_site_pending,,MATCHED,BOOTSTRAP_SAME_SOURCE_SEQUENCE
ASRT-MIZ-00282,CBBG-0000282,missouri,MIZ-HIST-00282,historical_media_guide,1923-1924,1924-01-12,Washington (Mo.),washington-university-of-st-louis,Washington University of St. Louis,20,27,L,0,away_candidate,unknown,,,,,,,REGULAR_SEASON,,21,Jan. 12 @ Washington (Mo.) L 20-27,opponent_resolved_site_pending,,MATCHED,BOOTSTRAP_SAME_SOURCE_SEQUENCE
ASRT-MIZ-00283,CBBG-0000283,missouri,MIZ-HIST-00283,historical_media_guide,1923-1924,1924-01-21,Iowa State,iowa-state,Iowa State,36,16,W,0,home_or_special_site_candidate,unknown,Rothwell Gymnasium,,,,,,REGULAR_SEASON,,21,Jan. 21 Iowa State W 36-16,opponent_resolved_site_pending,,MATCHED,BOOTSTRAP_SAME_SOURCE_SEQUENCE
ASRT-MIZ-00284,CBBG-0000284,missouri,MIZ-HIST-00284,historical_media_guide,1923-1924,1924-01-25,Grinnell,grinnell,Grinnell,22,19,W,0,home_or_special_site_candidate,unknown,Rothwell Gymnasium,,,,,,REGULAR_SEASON,,21,Jan. 25 Grinnell W 22-19,opponent_resolved_site_pending,,MATCHED,BOOTSTRAP_SAME_SOURCE_SEQUENCE
ASRT-MIZ-00285,CBBG-0000285,missouri,MIZ-HIST-00285,historical_media_guide,1923-1924,1924-01-30,Kansas,kansas,Kansas,14,16,L,0,away_candidate,unknown,,,,,,,REGULAR_SEASON,,21,Jan. 30 @ Kansas L 14-16,opponent_resolved_site_pending,,MATCHED,BOOTSTRAP_SAME_SOURCE_SEQUENCE
ASRT-MIZ-00286,CBBG-0000286,missouri,MIZ-HIST-00286,historical_media_guide,1923-1924,1924-02-01,Kansas State,kansas-state,Kansas State,26,29,L,0,away_candidate,unknown,,,,,,,REGULAR_SEASON,,21,Feb. 1 @ Kansas State L 26-29,opponent_resolved_site_pending,,MATCHED,BOOTSTRAP_SAME_SOURCE_SEQUENCE
ASRT-MIZ-00287,CBBG-0000287,missouri,MIZ-HIST-00287,historical_media_guide,1923-1924,1924-02-02,Washington (Mo.),washington-university-of-st-louis,Washington University of St. Louis,26,27,L,0,home_or_special_site_candidate,unknown,Rothwell Gymnasium,,,,,,REGULAR_SEASON,,21,Feb. 2 Washington (Mo.) L 26-27,opponent_resolved_site_pending,,MATCHED,BOOTSTRAP_SAME_SOURCE_SEQUENCE
ASRT-MIZ-00288,CBBG-0000288,missouri,MIZ-HIST-00288,historical_media_guide,1923-1924,1924-02-04,Drake,drake,Drake,24,26,L,0,home_or_special_site_candidate,unknown,Rothwell Gymnasium,,,,,,REGULAR_SEASON,,21,Feb. 4 Drake L 24-26,opponent_resolved_site_pending,,MATCHED,BOOTSTRAP_SAME_SOURCE_SEQUENCE
ASRT-MIZ-00289,CBBG-0000289,missouri,MIZ-HIST-00289,historical_media_guide,1923-1924,1924-02-08,Nebraska,nebraska,Nebraska,11,31,L,0,home_or_special_site_candidate,unknown,Rothwell Gymnasium,,,,,,REGULAR_SEASON,,21,Feb. 8 Nebraska L 11-31,opponent_resolved_site_pending,,MATCHED,BOOTSTRAP_SAME_SOURCE_SEQUENCE
ASRT-MIZ-00290,CBBG-0000290,missouri,MIZ-HIST-00290,historical_media_guide,1923-1924,1924-02-11,Oklahoma,oklahoma,Oklahoma,20,22,L,0,home_or_special_site_candidate,unknown,Rothwell Gymnasium,,,,,,REGULAR_SEASON,,21,Feb. 11 Oklahoma L 20-22,opponent_resolved_site_pending,,MATCHED,BOOTSTRAP_SAME_SOURCE_SEQUENCE
ASRT-MIZ-00291,CBBG-0000291,missouri,MIZ-HIST-00291,historical_media_guide,1923-1924,1924-02-13,K.C. Athletic Club,k-c-athletic-club,K.C. Athletic Club,19,25,L,0,away_candidate,unknown,,,,,,,REGULAR_SEASON,,21,Feb. 13 @ K.C. Athletic Club L 19-25,opponent_resolved_site_pending,,MATCHED,BOOTSTRAP_SAME_SOURCE_SEQUENCE
ASRT-MIZ-00292,CBBG-0000292,missouri,MIZ-HIST-00292,historical_media_guide,1923-1924,1924-02-16,Oklahoma,oklahoma,Oklahoma,24,21,W,0,home_or_special_site_candidate,unknown,Rothwell Gymnasium,,,,,,REGULAR_SEASON,,21,Feb. 16 Oklahoma W 24-21,opponent_resolved_site_pending,,MATCHED,BOOTSTRAP_SAME_SOURCE_SEQUENCE
ASRT-MIZ-00293,CBBG-0000293,missouri,MIZ-HIST-00293,historical_media_guide,1923-1924,1924-02-19,Drake,drake,Drake,23,37,L,0,away_candidate,unknown,,,,,,,REGULAR_SEASON,,21,Feb. 19 @ Drake L 23-37,opponent_resolved_site_pending,,MATCHED,BOOTSTRAP_SAME_SOURCE_SEQUENCE
ASRT-MIZ-00294,CBBG-0000294,missouri,MIZ-HIST-00294,historical_media_guide,1923-1924,1924-02-20,Iowa State,iowa-state,Iowa State,21,14,W,0,away_candidate,unknown,,,,,,,REGULAR_SEASON,,21,Feb. 20 @ Iowa State W 21-14,opponent_resolved_site_pending,,MATCHED,BOOTSTRAP_SAME_SOURCE_SEQUENCE
ASRT-MIZ-00295,CBBG-0000295,missouri,MIZ-HIST-00295,historical_media_guide,1923-1924,1924-02-26,Kansas State,kansas-state,Kansas State,15,23,L,0,home_or_special_site_candidate,unknown,Rothwell Gymnasium,,,,,,REGULAR_SEASON,,21,Feb. 26 Kansas State L 15-23,opponent_resolved_site_pending,,MATCHED,BOOTSTRAP_SAME_SOURCE_SEQUENCE
ASRT-MIZ-00296,CBBG-0000296,missouri,MIZ-HIST-00296,historical_media_guide,1923-1924,1924-03-01,Kansas,kansas,Kansas,17,30,L,0,home_or_special_site_candidate,unknown,Rothwell Gymnasium,,,,,,REGULAR_SEASON,,21,Mar. 1 Kansas L 17-30,opponent_resolved_site_pending,,MATCHED,BOOTSTRAP_SAME_SOURCE_SEQUENCE
ASRT-MIZ-00297,CBBG-0000297,missouri,MIZ-HIST-00297,historical_media_guide,1924-1925,1924-12-19,Central Wesleyan,central-wesleyan,Central Wesleyan,36,16,W,0,home_or_special_site_candidate,unknown,Rothwell Gymnasium,,,,,,REGULAR_SEASON,,22,Dec. 19 Central Wesleyan W 36-16,opponent_resolved_site_pending,,MATCHED,BOOTSTRAP_SAME_SOURCE_SEQUENCE
ASRT-MIZ-00298,CBBG-0000298,missouri,MIZ-HIST-00298,historical_media_guide,1924-1925,1925-01-08,Iowa State,iowa-state,Iowa State,28,15,W,0,away_candidate,unknown,,,,,,,REGULAR_SEASON,,22,Jan. 8 @ Iowa State W 28-15,opponent_resolved_site_pending,,MATCHED,BOOTSTRAP_SAME_SOURCE_SEQUENCE
ASRT-MIZ-00299,CBBG-0000299,missouri,MIZ-HIST-00299,historical_media_guide,1924-1925,1925-01-09,Drake,drake,Drake,28,22,W,0,away_candidate,unknown,,,,,,,REGULAR_SEASON,,22,Jan. 9 @ Drake W 28-22,opponent_resolved_site_pending,,MATCHED,BOOTSTRAP_SAME_SOURCE_SEQUENCE
ASRT-MIZ-00300,CBBG-0000300,missouri,MIZ-HIST-00300,historical_media_guide,1924-1925,1925-01-10,Grinnell,grinnell,Grinnell,23,25,L,0,away_candidate,unknown,,,,,,,REGULAR_SEASON,,22,Jan. 10 @ Grinnell L 23-25,opponent_resolved_site_pending,,MATCHED,BOOTSTRAP_SAME_SOURCE_SEQUENCE
ASRT-MIZ-00301,CBBG-0000301,missouri,MIZ-HIST-00301,historical_media_guide,1924-1925,1925-01-17,Oklahoma,oklahoma,Oklahoma,15,22,L,0,home_or_special_site_candidate,unknown,Rothwell Gymnasium,,,,,,REGULAR_SEASON,,22,Jan. 17 Oklahoma L 15-22,opponent_resolved_site_pending,,MATCHED,BOOTSTRAP_SAME_SOURCE_SEQUENCE
ASRT-MIZ-00302,CBBG-0000302,missouri,MIZ-HIST-00302,historical_media_guide,1924-1925,1925-01-24,Drake,drake,Drake,24,20,W,0,home_or_special_site_candidate,unknown,Rothwell Gymnasium,,,,,,REGULAR_SEASON,,22,Jan. 24 Drake W 24-20,opponent_resolved_site_pending,,MATCHED,BOOTSTRAP_SAME_SOURCE_SEQUENCE
ASRT-MIZ-00303,CBBG-0000303,missouri,MIZ-HIST-00303,historical_media_guide,1924-1925,1925-01-27,Washington (Mo.),washington-university-of-st-louis,Washington University of St. Louis,10,15,L,0,away_candidate,unknown,,,,,,,REGULAR_SEASON,,22,Jan. 27 @ Washington (Mo.) L 10-15,opponent_resolved_site_pending,,MATCHED,BOOTSTRAP_SAME_SOURCE_SEQUENCE
ASRT-MIZ-00304,CBBG-0000304,missouri,MIZ-HIST-00304,historical_media_guide,1924-1925,1925-02-02,Washington (Mo.),washington-university-of-st-louis,Washington University of St. Louis,22,24,L,0,home_or_special_site_candidate,unknown,Rothwell Gymnasium,,,,,,REGULAR_SEASON,,22,Feb. 2 Washington (Mo.) L 22-24,opponent_resolved_site_pending,,MATCHED,BOOTSTRAP_SAME_SOURCE_SEQUENCE
ASRT-MIZ-00305,CBBG-0000305,missouri,MIZ-HIST-00305,historical_media_guide,1924-1925,1925-02-07,Iowa State,iowa-state,Iowa State,17,15,W,0,home_or_special_site_candidate,unknown,Rothwell Gymnasium,,,,,,REGULAR_SEASON,,22,Feb. 7 Iowa State W 17-15,opponent_resolved_site_pending,,MATCHED,BOOTSTRAP_SAME_SOURCE_SEQUENCE
ASRT-MIZ-00306,CBBG-0000306,missouri,MIZ-HIST-00306,historical_media_guide,1924-1925,1925-02-09,Kansas State,kansas-state,Kansas State,28,24,W,0,away_candidate,unknown,,,,,,,REGULAR_SEASON,,22,Feb. 9 @ Kansas State W 28-24,opponent_resolved_site_pending,,MATCHED,BOOTSTRAP_SAME_SOURCE_SEQUENCE
ASRT-MIZ-00307,CBBG-0000307,missouri,MIZ-HIST-00307,historical_media_guide,1924-1925,1925-02-10,Oklahoma,oklahoma,Oklahoma,22,42,L,0,away_candidate,unknown,,,,,,,REGULAR_SEASON,,22,Feb. 10 @ Oklahoma L 22-42,opponent_resolved_site_pending,,MATCHED,BOOTSTRAP_SAME_SOURCE_SEQUENCE
ASRT-MIZ-00308,CBBG-0000308,missouri,MIZ-HIST-00308,historical_media_guide,1924-1925,1925-02-14,Kansas,kansas,Kansas,22,23,L,0,home_or_special_site_candidate,unknown,Rothwell Gymnasium,,,,,,REGULAR_SEASON,,22,Feb. 14 Kansas L 22-23,opponent_resolved_site_pending,,MATCHED,BOOTSTRAP_SAME_SOURCE_SEQUENCE
ASRT-MIZ-00309,CBBG-0000309,missouri,MIZ-HIST-00309,historical_media_guide,1924-1925,1925-02-20,Grinnell,grinnell,Grinnell,37,26,W,0,home_or_special_site_candidate,unknown,Rothwell Gymnasium,,,,,,REGULAR_SEASON,,22,Feb. 20 Grinnell W 37-26,opponent_resolved_site_pending,,MATCHED,BOOTSTRAP_SAME_SOURCE_SEQUENCE
ASRT-MIZ-00310,CBBG-0000310,missouri,MIZ-HIST-00310,historical_media_guide,1924-1925,1925-02-21,Nebraska,nebraska,Nebraska,20,25,L,0,home_or_special_site_candidate,unknown,Rothwell Gymnasium,,,,,,REGULAR_SEASON,,22,Feb. 21 Nebraska L 20-25,opponent_resolved_site_pending,,MATCHED,BOOTSTRAP_SAME_SOURCE_SEQUENCE
ASRT-MIZ-00311,CBBG-0000311,missouri,MIZ-HIST-00311,historical_media_guide,1924-1925,1925-02-27,Nebraska,nebraska,Nebraska,21,24,L,0,away_candidate,unknown,,,,,,,REGULAR_SEASON,,22,Feb. 27 @ Nebraska L 21-24,opponent_resolved_site_pending,,MATCHED,BOOTSTRAP_SAME_SOURCE_SEQUENCE
ASRT-MIZ-00312,CBBG-0000312,missouri,MIZ-HIST-00312,historical_media_guide,1924-1925,1925-02-28,Kansas,kansas,Kansas,17,33,L,0,away_candidate,unknown,,,,,,,REGULAR_SEASON,,22,Feb. 28 @ Kansas L 17-33,opponent_resolved_site_pending,,MATCHED,BOOTSTRAP_SAME_SOURCE_SEQUENCE
ASRT-MIZ-00313,CBBG-0000313,missouri,MIZ-HIST-00313,historical_media_guide,1924-1925,1925-03-04,Kansas State,kansas-state,Kansas State,32,43,L,0,home_or_special_site_candidate,unknown,Rothwell Gymnasium,,,,,,REGULAR_SEASON,,22,Mar. 4 Kansas State L 32-43,opponent_resolved_site_pending,,MATCHED,BOOTSTRAP_SAME_SOURCE_SEQUENCE
ASRT-MIZ-00314,CBBG-0000314,missouri,MIZ-HIST-00314,historical_media_guide,1924-1925,1925-03-05,Hillyards,hillyards,Hillyards,21,47,L,0,away_candidate,unknown,,,,,,,REGULAR_SEASON,,22,Mar. 5 @ Hillyards L 21-47,opponent_resolved_site_pending,,MATCHED,BOOTSTRAP_SAME_SOURCE_SEQUENCE
ASRT-MIZ-00315,CBBG-0000315,missouri,MIZ-HIST-00315,historical_media_guide,1925-1926,1925-12-31,Purdue,purdue,Purdue,26,27,L,0,away_candidate,unknown,,,,,,,REGULAR_SEASON,,22,Dec. 31 @ Purdue L 26-27,opponent_resolved_site_pending,,MATCHED,BOOTSTRAP_SAME_SOURCE_SEQUENCE
ASRT-MIZ-00316,CBBG-0000316,missouri,MIZ-HIST-00316,historical_media_guide,1925-1926,1926-01-02,Michigan,michigan,Michigan,19,27,L,0,away_candidate,unknown,,,,,,,REGULAR_SEASON,,22,Jan. 2 @ Michigan L 19-27,opponent_resolved_site_pending,,MATCHED,BOOTSTRAP_SAME_SOURCE_SEQUENCE
ASRT-MIZ-00317,CBBG-0000317,missouri,MIZ-HIST-00317,historical_media_guide,1925-1926,1926-01-08,Oklahoma State,oklahoma-state,Oklahoma State,31,23,W,0,away_candidate,unknown,,,,,,,REGULAR_SEASON,,22,Jan. 8 @ Oklahoma State W 31-23,opponent_resolved_site_pending,,MATCHED,BOOTSTRAP_SAME_SOURCE_SEQUENCE
ASRT-MIZ-00318,CBBG-0000318,missouri,MIZ-HIST-00318,historical_media_guide,1925-1926,1926-01-09,Oklahoma,oklahoma,Oklahoma,23,28,L,0,away_candidate,unknown,,,,,,,REGULAR_SEASON,,22,Jan. 9 @ Oklahoma L 23-28,opponent_resolved_site_pending,,MATCHED,BOOTSTRAP_SAME_SOURCE_SEQUENCE
ASRT-MIZ-00319,CBBG-0000319,missouri,MIZ-HIST-00319,historical_media_guide,1925-1926,1926-01-15,Iowa State,iowa-state,Iowa State,22,23,L,0,home_or_special_site_candidate,unknown,Rothwell Gymnasium,,,,,,REGULAR_SEASON,,22,Jan. 15 Iowa State L 22-23,opponent_resolved_site_pending,,MATCHED,BOOTSTRAP_SAME_SOURCE_SEQUENCE
ASRT-MIZ-00320,CBBG-0000320,missouri,MIZ-HIST-00320,historical_media_guide,1925-1926,1926-01-22,Kansas,kansas,Kansas,15,24,L,0,away_candidate,unknown,,,,,,,REGULAR_SEASON,,22,Jan. 22 @ Kansas L 15-24,opponent_resolved_site_pending,,MATCHED,BOOTSTRAP_SAME_SOURCE_SEQUENCE
ASRT-MIZ-00321,CBBG-0000321,missouri,MIZ-HIST-00321,historical_media_guide,1925-1926,1926-02-05,Kansas State,kansas-state,Kansas State,25,22,W,0,home_or_special_site_candidate,unknown,Rothwell Gymnasium,,,,,,REGULAR_SEASON,,22,Feb. 5 Kansas State W 25-22,opponent_resolved_site_pending,,MATCHED,BOOTSTRAP_SAME_SOURCE_SEQUENCE
ASRT-MIZ-00322,CBBG-0000322,missouri,MIZ-HIST-00322,historical_media_guide,1925-1926,1926-02-08,Washington (Mo.),washington-university-of-st-louis,Washington University of St. Louis,21,24,L,0,home_or_special_site_candidate,unknown,Rothwell Gymnasium,,,,,,REGULAR_SEASON,,22,Feb. 8 Washington (Mo.) L 21-24,opponent_resolved_site_pending,,MATCHED,BOOTSTRAP_SAME_SOURCE_SEQUENCE
ASRT-MIZ-00323,CBBG-0000323,missouri,MIZ-HIST-00323,historical_media_guide,1925-1926,1926-02-12,Oklahoma State,oklahoma-state,Oklahoma State,37,36,W,0,home_or_special_site_candidate,unknown,Rothwell Gymnasium,,,,,,REGULAR_SEASON,,22,Feb. 12 Oklahoma State W 37-36,opponent_resolved_site_pending,,MATCHED,BOOTSTRAP_SAME_SOURCE_SEQUENCE
ASRT-MIZ-00324,CBBG-0000324,missouri,MIZ-HIST-00324,historical_media_guide,1925-1926,1926-02-13,Oklahoma,oklahoma,Oklahoma,27,36,L,0,home_or_special_site_candidate,unknown,Rothwell Gymnasium,,,,,,REGULAR_SEASON,,22,Feb. 13 Oklahoma L 27-36,opponent_resolved_site_pending,,MATCHED,BOOTSTRAP_SAME_SOURCE_SEQUENCE
ASRT-MIZ-00325,CBBG-0000325,missouri,MIZ-HIST-00325,historical_media_guide,1925-1926,1926-02-19,Nebraska,nebraska,Nebraska,26,24,W,0,away_candidate,unknown,,,,,,,REGULAR_SEASON,,22,Feb. 19 @ Nebraska W 26-24,opponent_resolved_site_pending,,MATCHED,BOOTSTRAP_SAME_SOURCE_SEQUENCE
ASRT-MIZ-00326,CBBG-0000326,missouri,MIZ-HIST-00326,historical_media_guide,1925-1926,1926-02-20,Kansas State,kansas-state,Kansas State,22,26,L,0,away_candidate,unknown,,,,,,,REGULAR_SEASON,,22,Feb. 20 @ Kansas State L 22-26,opponent_resolved_site_pending,,MATCHED,BOOTSTRAP_SAME_SOURCE_SEQUENCE
ASRT-MIZ-00327,CBBG-0000327,missouri,MIZ-HIST-00327,historical_media_guide,1925-1926,1926-02-22,Kansas,kansas,Kansas,22,27,L,0,home_or_special_site_candidate,unknown,Rothwell Gymnasium,,,,,,REGULAR_SEASON,,22,Feb. 22 Kansas L 22-27,opponent_resolved_site_pending,,MATCHED,BOOTSTRAP_SAME_SOURCE_SEQUENCE
ASRT-MIZ-00328,CBBG-0000328,missouri,MIZ-HIST-00328,historical_media_guide,1925-1926,1926-02-26,Iowa State,iowa-state,Iowa State,34,21,W,0,away_candidate,unknown,,,,,,,REGULAR_SEASON,,22,Feb. 26 @ Iowa State W 34-21,opponent_resolved_site_pending,,MATCHED,BOOTSTRAP_SAME_SOURCE_SEQUENCE
ASRT-MIZ-00329,CBBG-0000329,missouri,MIZ-HIST-00329,historical_media_guide,1925-1926,1926-02-27,Drake,drake,Drake,19,15,W,0,away_candidate,unknown,,,,,,,REGULAR_SEASON,,22,Feb. 27 @ Drake W 19-15,opponent_resolved_site_pending,,MATCHED,BOOTSTRAP_SAME_SOURCE_SEQUENCE
ASRT-MIZ-00330,CBBG-0000330,missouri,MIZ-HIST-00330,historical_media_guide,1925-1926,1926-03-02,Washington (Mo.),washington-university-of-st-louis,Washington University of St. Louis,24,21,W,0,away_candidate,unknown,,,,,,,REGULAR_SEASON,,22,Mar. 2 @ Washington (Mo.) W 24-21,opponent_resolved_site_pending,,MATCHED,BOOTSTRAP_SAME_SOURCE_SEQUENCE
ASRT-MIZ-00331,CBBG-0000331,missouri,MIZ-HIST-00331,historical_media_guide,1925-1926,1926-03-05,Nebraska,nebraska,Nebraska,24,22,W,0,home_or_special_site_candidate,unknown,Rothwell Gymnasium,,,,,,REGULAR_SEASON,,22,Mar. 5 Nebraska W 24-22,opponent_resolved_site_pending,,MATCHED,BOOTSTRAP_SAME_SOURCE_SEQUENCE
ASRT-MIZ-00332,CBBG-0000332,missouri,MIZ-HIST-00332,historical_media_guide,1925-1926,1926-03-06,Drake,drake,Drake,25,27,L,0,home_or_special_site_candidate,unknown,Rothwell Gymnasium,,,,,,REGULAR_SEASON,,22,Mar. 6 Drake L 25-27,opponent_resolved_site_pending,,MATCHED,BOOTSTRAP_SAME_SOURCE_SEQUENCE
ASRT-MIZ-00333,CBBG-0000333,missouri,MIZ-HIST-00333,historical_media_guide,1926-1927,1927-01-05,Northeast Missouri,truman-state,Truman State,40,20,W,0,home_or_special_site_candidate,unknown,Rothwell Gymnasium,,,,,,REGULAR_SEASON,,22,Jan. 5 Northeast Missouri W 40-20,opponent_resolved_site_pending,,MATCHED,BOOTSTRAP_SAME_SOURCE_SEQUENCE
ASRT-MIZ-00334,CBBG-0000334,missouri,MIZ-HIST-00334,historical_media_guide,1926-1927,1927-01-07,Hillyards,hillyards,Hillyards,26,31,L,0,away_candidate,unknown,,,,,,,REGULAR_SEASON,,22,Jan. 7 @ Hillyards L 26-31,opponent_resolved_site_pending,,MATCHED,BOOTSTRAP_SAME_SOURCE_SEQUENCE
ASRT-MIZ-00335,CBBG-0000335,missouri,MIZ-HIST-00335,historical_media_guide,1926-1927,1927-01-08,K.C. Athletic Club,k-c-athletic-club,K.C. Athletic Club,32,26,W,0,away_candidate,unknown,,,,,,,REGULAR_SEASON,,22,Jan. 8 @ K.C. Athletic Club W 32-26,opponent_resolved_site_pending,,MATCHED,BOOTSTRAP_SAME_SOURCE_SEQUENCE
ASRT-MIZ-00336,CBBG-0000336,missouri,MIZ-HIST-00336,historical_media_guide,1926-1927,1927-01-14,Drake,drake,Drake,27,18,W,0,home_or_special_site_candidate,unknown,Rothwell Gymnasium,,,,,,REGULAR_SEASON,,22,Jan. 14 Drake W 27-18,opponent_resolved_site_pending,,MATCHED,BOOTSTRAP_SAME_SOURCE_SEQUENCE
ASRT-MIZ-00337,CBBG-0000337,missouri,MIZ-HIST-00337,historical_media_guide,1926-1927,1927-01-15,Nebraska,nebraska,Nebraska,23,35,L,0,home_or_special_site_candidate,unknown,Rothwell Gymnasium,,,,,,REGULAR_SEASON,,22,Jan. 15 Nebraska L 23-35,opponent_resolved_site_pending,,MATCHED,BOOTSTRAP_SAME_SOURCE_SEQUENCE
ASRT-MIZ-00338,CBBG-0000338,missouri,MIZ-HIST-00338,historical_media_guide,1926-1927,1927-01-22,Grinnell,grinnell,Grinnell,35,15,W,0,home_or_special_site_candidate,unknown,Rothwell Gymnasium,,,,,,REGULAR_SEASON,,22,Jan. 22 Grinnell W 35-15,opponent_resolved_site_pending,,MATCHED,BOOTSTRAP_SAME_SOURCE_SEQUENCE
ASRT-MIZ-00339,CBBG-0000339,missouri,MIZ-HIST-00339,historical_media_guide,1926-1927,1927-01-29,Kansas,kansas,Kansas,23,40,L,0,home_or_special_site_candidate,unknown,Rothwell Gymnasium,,,,,,REGULAR_SEASON,,22,Jan. 29 Kansas L 23-40,opponent_resolved_site_pending,,MATCHED,BOOTSTRAP_SAME_SOURCE_SEQUENCE
ASRT-MIZ-00340,CBBG-0000340,missouri,MIZ-HIST-00340,historical_media_guide,1926-1927,1927-02-05,Drake,drake,Drake,39,23,W,0,away_candidate,unknown,,,,,,,REGULAR_SEASON,,22,Feb. 5 @ Drake W 39-23,opponent_resolved_site_pending,,MATCHED,BOOTSTRAP_SAME_SOURCE_SEQUENCE
ASRT-MIZ-00341,CBBG-0000341,missouri,MIZ-HIST-00341,historical_media_guide,1926-1927,1927-02-07,Grinnell,grinnell,Grinnell,20,16,W,0,away_candidate,unknown,,,,,,,REGULAR_SEASON,,22,Feb. 7 @ Grinnell W 20-16,opponent_resolved_site_pending,,MATCHED,BOOTSTRAP_SAME_SOURCE_SEQUENCE
ASRT-MIZ-00342,CBBG-0000342,missouri,MIZ-HIST-00342,historical_media_guide,1926-1927,1927-02-11,Oklahoma State,oklahoma-state,Oklahoma State,46,29,W,0,home_or_special_site_candidate,unknown,Rothwell Gymnasium,,,,,,REGULAR_SEASON,,22,Feb. 11 Oklahoma State W 46-29,opponent_resolved_site_pending,,MATCHED,BOOTSTRAP_SAME_SOURCE_SEQUENCE
ASRT-MIZ-00343,CBBG-0000343,missouri,MIZ-HIST-00343,historical_media_guide,1926-1927,1927-02-12,Oklahoma,oklahoma,Oklahoma,48,36,W,0,home_or_special_site_candidate,unknown,Rothwell Gymnasium,,,,,,REGULAR_SEASON,,22,Feb. 12 Oklahoma W 48-36,opponent_resolved_site_pending,,MATCHED,BOOTSTRAP_SAME_SOURCE_SEQUENCE
ASRT-MIZ-00344,CBBG-0000344,missouri,MIZ-HIST-00344,historical_media_guide,1926-1927,1927-02-14,Nebraska,nebraska,Nebraska,22,27,L,0,away_candidate,unknown,,,,,,,REGULAR_SEASON,,22,Feb. 14 @ Nebraska L 22-27,opponent_resolved_site_pending,,MATCHED,BOOTSTRAP_SAME_SOURCE_SEQUENCE
ASRT-MIZ-00345,CBBG-0000345,missouri,MIZ-HIST-00345,historical_media_guide,1926-1927,1927-02-15,Creighton,creighton,Creighton,30,37,L,0,away_candidate,unknown,,,,,,,REGULAR_SEASON,,22,Feb. 15 @ Creighton L 30-37,opponent_resolved_site_pending,,MATCHED,BOOTSTRAP_SAME_SOURCE_SEQUENCE
ASRT-MIZ-00346,CBBG-0000346,missouri,MIZ-HIST-00346,historical_media_guide,1926-1927,1927-02-17,K.C. Athletic Club,k-c-athletic-club,K.C. Athletic Club,32,23,W,0,away_candidate,unknown,,,,,,,REGULAR_SEASON,,22,Feb. 17 @ K.C. Athletic Club W 32-23,opponent_resolved_site_pending,,MATCHED,BOOTSTRAP_SAME_SOURCE_SEQUENCE
ASRT-MIZ-00347,CBBG-0000347,missouri,MIZ-HIST-00347,historical_media_guide,1926-1927,1927-02-25,Oklahoma State,oklahoma-state,Oklahoma State,26,32,L,0,away_candidate,unknown,,,,,,,REGULAR_SEASON,,22,Feb. 25 @ Oklahoma State L 26-32,opponent_resolved_site_pending,,MATCHED,BOOTSTRAP_SAME_SOURCE_SEQUENCE
ASRT-MIZ-00348,CBBG-0000348,missouri,MIZ-HIST-00348,historical_media_guide,1926-1927,1927-02-26,Oklahoma,oklahoma,Oklahoma,20,43,L,0,away_candidate,unknown,,,,,,,REGULAR_SEASON,,22,Feb. 26 @ Oklahoma L 20-43,opponent_resolved_site_pending,,MATCHED,BOOTSTRAP_SAME_SOURCE_SEQUENCE
ASRT-MIZ-00349,CBBG-0000349,missouri,MIZ-HIST-00349,historical_media_guide,1926-1927,1927-03-02,Kansas,kansas,Kansas,29,36,L,0,away_candidate,unknown,,,,,,,REGULAR_SEASON,,22,Mar. 2 @ Kansas L 29-36,opponent_resolved_site_pending,,MATCHED,BOOTSTRAP_SAME_SOURCE_SEQUENCE
ASRT-MIZ-00350,CBBG-0000350,missouri,MIZ-HIST-00350,historical_media_guide,1927-1928,1927-12-11,Nebraska,nebraska,Nebraska,36,15,W,0,home_or_special_site_candidate,unknown,Rothwell Gymnasium,,,,,,REGULAR_SEASON,,22,Dec. 11 Nebraska W 36-15,opponent_resolved_site_pending,,MATCHED,BOOTSTRAP_SAME_SOURCE_SEQUENCE
ASRT-MIZ-00351,CBBG-0000351,missouri,MIZ-HIST-00351,historical_media_guide,1927-1928,1928-01-07,Nebraska,nebraska,Nebraska,26,36,L,0,away_candidate,unknown,,,,,,,REGULAR_SEASON,,22,Jan. 7 @ Nebraska L 26-36,opponent_resolved_site_pending,,MATCHED,BOOTSTRAP_SAME_SOURCE_SEQUENCE
ASRT-MIZ-00352,CBBG-0000352,missouri,MIZ-HIST-00352,historical_media_guide,1927-1928,1928-01-09,Kansas State,kansas-state,Kansas State,44,33,W,0,away_candidate,unknown,,,,,,,REGULAR_SEASON,,22,Jan. 9 @ Kansas State W 44-33,opponent_resolved_site_pending,,MATCHED,BOOTSTRAP_SAME_SOURCE_SEQUENCE
ASRT-MIZ-00353,CBBG-0000353,missouri,MIZ-HIST-00353,historical_media_guide,1927-1928,1928-01-10,Kansas,kansas,Kansas,30,22,W,0,away_candidate,unknown,,,,,,,REGULAR_SEASON,,22,Jan. 10 @ Kansas W 30-22,opponent_resolved_site_pending,,MATCHED,BOOTSTRAP_SAME_SOURCE_SEQUENCE
ASRT-MIZ-00354,CBBG-0000354,missouri,MIZ-HIST-00354,historical_media_guide,1927-1928,1928-01-13,Grinnell,grinnell,Grinnell,38,28,W,0,home_or_special_site_candidate,unknown,Rothwell Gymnasium,,,,,,REGULAR_SEASON,,22,Jan. 13 Grinnell W 38-28,opponent_resolved_site_pending,,MATCHED,BOOTSTRAP_SAME_SOURCE_SEQUENCE
ASRT-MIZ-00355,CBBG-0000355,missouri,MIZ-HIST-00355,historical_media_guide,1927-1928,1928-01-14,Iowa State,iowa-state,Iowa State,52,28,W,0,home_or_special_site_candidate,unknown,Rothwell Gymnasium,,,,,,REGULAR_SEASON,,22,Jan. 14 Iowa State W 52-28,opponent_resolved_site_pending,,MATCHED,BOOTSTRAP_SAME_SOURCE_SEQUENCE
ASRT-MIZ-00356,CBBG-0000356,missouri,MIZ-HIST-00356,historical_media_guide,1927-1928,1928-01-20,Washington (Mo.),washington-university-of-st-louis,Washington University of St. Louis,35,24,W,0,away_candidate,unknown,,,,,,,REGULAR_SEASON,,22,Jan. 20 @ Washington (Mo.) W 35-24,opponent_resolved_site_pending,,MATCHED,BOOTSTRAP_SAME_SOURCE_SEQUENCE
ASRT-MIZ-00357,CBBG-0000357,missouri,MIZ-HIST-00357,historical_media_guide,1927-1928,1928-02-04,Oklahoma,oklahoma,Oklahoma,24,40,L,0,home_or_special_site_candidate,unknown,Rothwell Gymnasium,,,,,,REGULAR_SEASON,,22,Feb. 4 Oklahoma L 24-40,opponent_resolved_site_pending,,MATCHED,BOOTSTRAP_SAME_SOURCE_SEQUENCE
ASRT-MIZ-00358,CBBG-0000358,missouri,MIZ-HIST-00358,historical_media_guide,1927-1928,1928-02-10,Oklahoma State,oklahoma-state,Oklahoma State,56,47,W,0,away_candidate,unknown,,,,,,,REGULAR_SEASON,,22,Feb. 10 @ Oklahoma State W 56-47,opponent_resolved_site_pending,,MATCHED,BOOTSTRAP_SAME_SOURCE_SEQUENCE
ASRT-MIZ-00359,CBBG-0000359,missouri,MIZ-HIST-00359,historical_media_guide,1927-1928,1928-02-11,Oklahoma,oklahoma,Oklahoma,33,34,L,0,away_candidate,unknown,,,,,,,REGULAR_SEASON,,22,Feb. 11 @ Oklahoma L 33-34,opponent_resolved_site_pending,,MATCHED,BOOTSTRAP_SAME_SOURCE_SEQUENCE
ASRT-MIZ-00360,CBBG-0000360,missouri,MIZ-HIST-00360,historical_media_guide,1927-1928,1928-02-17,Drake,drake,Drake,28,21,W,0,home_or_special_site_candidate,unknown,Rothwell Gymnasium,,,,,,REGULAR_SEASON,,22,Feb. 17 Drake W 28-21,opponent_resolved_site_pending,,MATCHED,BOOTSTRAP_SAME_SOURCE_SEQUENCE
ASRT-MIZ-00361,CBBG-0000361,missouri,MIZ-HIST-00361,historical_media_guide,1927-1928,1928-02-21,Kansas,kansas,Kansas,49,29,W,0,home_or_special_site_candidate,unknown,Rothwell Gymnasium,,,,,,REGULAR_SEASON,,22,Feb. 21 Kansas W 49-29,opponent_resolved_site_pending,,MATCHED,BOOTSTRAP_SAME_SOURCE_SEQUENCE
ASRT-MIZ-00362,CBBG-0000362,missouri,MIZ-HIST-00362,historical_media_guide,1927-1928,1928-02-24,Grinnell,grinnell,Grinnell,37,38,L,0,away_candidate,unknown,,,,,,,REGULAR_SEASON,,22,Feb. 24 @ Grinnell L 37-38,opponent_resolved_site_pending,,MATCHED,BOOTSTRAP_SAME_SOURCE_SEQUENCE
ASRT-MIZ-00363,CBBG-0000363,missouri,MIZ-HIST-00363,historical_media_guide,1927-1928,1928-02-25,Iowa State,iowa-state,Iowa State,42,30,W,0,away_candidate,unknown,,,,,,,REGULAR_SEASON,,22,Feb. 25 @ Iowa State W 42-30,opponent_resolved_site_pending,,MATCHED,BOOTSTRAP_SAME_SOURCE_SEQUENCE
ASRT-MIZ-00364,CBBG-0000364,missouri,MIZ-HIST-00364,historical_media_guide,1927-1928,1928-02-27,Drake,drake,Drake,24,30,L,0,away_candidate,unknown,,,,,,,REGULAR_SEASON,,22,Feb. 27 @ Drake L 24-30,opponent_resolved_site_pending,,MATCHED,BOOTSTRAP_SAME_SOURCE_SEQUENCE
ASRT-MIZ-00365,CBBG-0000365,missouri,MIZ-HIST-00365,historical_media_guide,1927-1928,1928-03-02,Kansas State,kansas-state,Kansas State,41,31,W,0,home_or_special_site_candidate,unknown,Rothwell Gymnasium,,,,,,REGULAR_SEASON,,22,Mar. 2 Kansas State W 41-31,opponent_resolved_site_pending,,MATCHED,BOOTSTRAP_SAME_SOURCE_SEQUENCE
ASRT-MIZ-00366,CBBG-0000366,missouri,MIZ-HIST-00366,historical_media_guide,1927-1928,1928-03-07,Washington (Mo.),washington-university-of-st-louis,Washington University of St. Louis,28,21,W,0,home_or_special_site_candidate,unknown,Rothwell Gymnasium,,,,,,REGULAR_SEASON,,22,Mar. 7 Washington (Mo.) W 28-21,opponent_resolved_site_pending,,MATCHED,BOOTSTRAP_SAME_SOURCE_SEQUENCE
ASRT-MIZ-00367,CBBG-0000367,missouri,MIZ-HIST-00367,historical_media_guide,1927-1928,1928-03-09,Oklahoma State,oklahoma-state,Oklahoma State,37,32,W,0,home_or_special_site_candidate,unknown,Rothwell Gymnasium,,,,,,REGULAR_SEASON,,22,Mar. 9 Oklahoma State W 37-32,opponent_resolved_site_pending,,MATCHED,BOOTSTRAP_SAME_SOURCE_SEQUENCE
ASRT-MIZ-00368,CBBG-0000368,missouri,MIZ-HIST-00368,historical_media_guide,1928-1929,1928-12-22,Kansas (@ Kansas City),kansas,Kansas,38,31,W,0,home_or_special_site_candidate,unknown,Rothwell Gymnasium,,,,,,REGULAR_SEASON,,22,Dec. 22 Kansas (@ Kansas City) W 38-31,opponent_resolved_site_pending,,MATCHED,BOOTSTRAP_SAME_SOURCE_SEQUENCE
ASRT-MIZ-00369,CBBG-0000369,missouri,MIZ-HIST-00369,historical_media_guide,1928-1929,1929-01-03,Butler,butler,Butler,25,38,L,0,away_candidate,unknown,,,,,,,REGULAR_SEASON,,22,Jan. 3 @ Butler L 25-38,opponent_resolved_site_pending,,MATCHED,BOOTSTRAP_SAME_SOURCE_SEQUENCE
ASRT-MIZ-00370,CBBG-0000370,missouri,MIZ-HIST-00370,historical_media_guide,1928-1929,1929-01-04,Indiana,indiana,Indiana,29,42,L,0,away_candidate,unknown,,,,,,,REGULAR_SEASON,,22,Jan. 4 @ Indiana L 29-42,opponent_resolved_site_pending,,MATCHED,BOOTSTRAP_SAME_SOURCE_SEQUENCE
ASRT-MIZ-00371,CBBG-0000371,missouri,MIZ-HIST-00371,historical_media_guide,1928-1929,1929-01-12,Nebraska,nebraska,Nebraska,30,25,W,0,away_candidate,unknown,,,,,,,REGULAR_SEASON,,22,Jan. 12 @ Nebraska W 30-25,opponent_resolved_site_pending,,MATCHED,BOOTSTRAP_SAME_SOURCE_SEQUENCE
ASRT-MIZ-00372,CBBG-0000372,missouri,MIZ-HIST-00372,historical_media_guide,1928-1929,1929-01-15,Kansas,kansas,Kansas,34,30,W,0,home_or_special_site_candidate,unknown,Rothwell Gymnasium,,,,,,REGULAR_SEASON,,22,Jan. 15 Kansas W 34-30,opponent_resolved_site_pending,,MATCHED,BOOTSTRAP_SAME_SOURCE_SEQUENCE
ASRT-MIZ-00373,CBBG-0000373,missouri,MIZ-HIST-00373,historical_media_guide,1928-1929,1929-01-20,Kansas State,kansas-state,Kansas State,51,36,W,0,home_or_special_site_candidate,unknown,Rothwell Gymnasium,,,,,,REGULAR_SEASON,,22,Jan. 20 Kansas State W 51-36,opponent_resolved_site_pending,,MATCHED,BOOTSTRAP_SAME_SOURCE_SEQUENCE
ASRT-MIZ-00374,CBBG-0000374,missouri,MIZ-HIST-00374,historical_media_guide,1928-1929,1929-01-26,Washington (Mo.),washington-university-of-st-louis,Washington University of St. Louis,30,28,W,0,away_candidate,unknown,,,,,,,REGULAR_SEASON,,22,Jan. 26 @ Washington (Mo.) W 30-28,opponent_resolved_site_pending,,MATCHED,BOOTSTRAP_SAME_SOURCE_SEQUENCE
ASRT-MIZ-00375,CBBG-0000375,missouri,MIZ-HIST-00375,historical_media_guide,1928-1929,1929-01-28,Drake,drake,Drake,36,35,W,0,away_candidate,unknown,,,,,,,REGULAR_SEASON,,22,Jan. 28 @ Drake W 36-35,opponent_resolved_site_pending,,MATCHED,BOOTSTRAP_SAME_SOURCE_SEQUENCE
ASRT-MIZ-00376,CBBG-0000376,missouri,MIZ-HIST-00376,historical_media_guide,1928-1929,1929-01-29,Iowa State,iowa-state,Iowa State,29,19,W,0,away_candidate,unknown,,,,,,,REGULAR_SEASON,,22,Jan. 29 @ Iowa State W 29-19,opponent_resolved_site_pending,,MATCHED,BOOTSTRAP_SAME_SOURCE_SEQUENCE
ASRT-MIZ-00377,CBBG-0000377,missouri,MIZ-HIST-00377,historical_media_guide,1928-1929,1929-02-02,Oklahoma,oklahoma,Oklahoma,34,40,L,0,home_or_special_site_candidate,unknown,Rothwell Gymnasium,,,,,,REGULAR_SEASON,,22,Feb. 2 Oklahoma L 34-40,opponent_resolved_site_pending,,MATCHED,BOOTSTRAP_SAME_SOURCE_SEQUENCE
ASRT-MIZ-00378,CBBG-0000378,missouri,MIZ-HIST-00378,historical_media_guide,1928-1929,1929-02-06,Washington (Mo.),washington-university-of-st-louis,Washington University of St. Louis,25,29,L,0,home_or_special_site_candidate,unknown,Rothwell Gymnasium,,,,,,REGULAR_SEASON,,22,Feb. 6 Washington (Mo.) L 25-29,opponent_resolved_site_pending,,MATCHED,BOOTSTRAP_SAME_SOURCE_SEQUENCE
ASRT-MIZ-00379,CBBG-0000379,missouri,MIZ-HIST-00379,historical_media_guide,1928-1929,1929-02-07,Creighton,creighton,Creighton,33,29,W,0,away_candidate,unknown,,,,,,,REGULAR_SEASON,,22,Feb. 7 @ Creighton W 33-29,opponent_resolved_site_pending,,MATCHED,BOOTSTRAP_SAME_SOURCE_SEQUENCE
ASRT-MIZ-00380,CBBG-0000380,missouri,MIZ-HIST-00380,historical_media_guide,1928-1929,1929-02-08,Kansas State,kansas-state,Kansas State,35,25,W,0,away_candidate,unknown,,,,,,,REGULAR_SEASON,,22,Feb. 8 @ Kansas State W 35-25,opponent_resolved_site_pending,,MATCHED,BOOTSTRAP_SAME_SOURCE_SEQUENCE
ASRT-MIZ-00381,CBBG-0000381,missouri,MIZ-HIST-00381,historical_media_guide,1928-1929,1929-02-11,Drake,drake,Drake,26,32,L,0,home_or_special_site_candidate,unknown,Rothwell Gymnasium,,,,,,REGULAR_SEASON,,22,Feb. 11 Drake L 26-32,opponent_resolved_site_pending,,MATCHED,BOOTSTRAP_SAME_SOURCE_SEQUENCE
ASRT-MIZ-00382,CBBG-0000382,missouri,MIZ-HIST-00382,historical_media_guide,1928-1929,1929-02-15,Iowa State,iowa-state,Iowa State,49,29,W,0,home_or_special_site_candidate,unknown,Rothwell Gymnasium,,,,,,REGULAR_SEASON,,22,Feb. 15 Iowa State W 49-29,opponent_resolved_site_pending,,MATCHED,BOOTSTRAP_SAME_SOURCE_SEQUENCE
ASRT-MIZ-00383,CBBG-0000383,missouri,MIZ-HIST-00383,historical_media_guide,1928-1929,1929-02-20,Kansas,kansas,Kansas,33,20,W,0,away_candidate,unknown,,,,,,,REGULAR_SEASON,,22,Feb. 20 @ Kansas W 33-20,opponent_resolved_site_pending,,MATCHED,BOOTSTRAP_SAME_SOURCE_SEQUENCE
ASRT-MIZ-00384,CBBG-0000384,missouri,MIZ-HIST-00384,historical_media_guide,1928-1929,1929-02-25,Nebraska,nebraska,Nebraska,33,39,L,0,home_or_special_site_candidate,unknown,Rothwell Gymnasium,,,,,,REGULAR_SEASON,,22,Feb. 25 Nebraska L 33-39,opponent_resolved_site_pending,,MATCHED,BOOTSTRAP_SAME_SOURCE_SEQUENCE
ASRT-MIZ-00385,CBBG-0000385,missouri,MIZ-HIST-00385,historical_media_guide,1928-1929,1929-03-02,Oklahoma,oklahoma,Oklahoma,35,36,L,0,away_candidate,unknown,,,,,,,REGULAR_SEASON,,22,Mar. 2 @ Oklahoma L 35-36,opponent_resolved_site_pending,,MATCHED,BOOTSTRAP_SAME_SOURCE_SEQUENCE
ASRT-MIZ-00386,CBBG-0000386,missouri,MIZ-HIST-00386,historical_media_guide,1929-1930,1929-12-16,Central Methodist,central-methodist,Central Methodist,27,17,W,0,home_or_special_site_candidate,unknown,Rothwell Gymnasium,,,,,,REGULAR_SEASON,,22,Dec. 16 Central Methodist W 27-17,opponent_resolved_site_pending,,MATCHED,BOOTSTRAP_SAME_SOURCE_SEQUENCE
ASRT-MIZ-00387,CBBG-0000387,missouri,MIZ-HIST-00387,historical_media_guide,1929-1930,1929-12-21,Kansas (@ Kansas City),kansas,Kansas,12,17,L,0,home_or_special_site_candidate,unknown,Rothwell Gymnasium,,,,,,REGULAR_SEASON,,22,Dec. 21 Kansas (@ Kansas City) L 12-17,opponent_resolved_site_pending,,MATCHED,BOOTSTRAP_SAME_SOURCE_SEQUENCE
ASRT-MIZ-00388,CBBG-0000388,missouri,MIZ-HIST-00388,historical_media_guide,1929-1930,1930-01-02,William Jewell,william-jewell,William Jewell,38,22,W,0,away_candidate,unknown,,,,,,,REGULAR_SEASON,,22,Jan. 2 @ William Jewell W 38-22,opponent_resolved_site_pending,,MATCHED,BOOTSTRAP_SAME_SOURCE_SEQUENCE
ASRT-MIZ-00389,CBBG-0000389,missouri,MIZ-HIST-00389,historical_media_guide,1929-1930,1930-01-06,Washington (Mo.),washington-university-of-st-louis,Washington University of St. Louis,33,30,W,0,away_candidate,unknown,,,,,,,REGULAR_SEASON,,22,Jan. 6 @ Washington (Mo.) W 33-30,opponent_resolved_site_pending,,MATCHED,BOOTSTRAP_SAME_SOURCE_SEQUENCE
ASRT-MIZ-00390,CBBG-0000390,missouri,MIZ-HIST-00390,historical_media_guide,1929-1930,1930-01-10,Iowa State,iowa-state,Iowa State,31,24,W,0,away_candidate,unknown,,,,,,,REGULAR_SEASON,,22,Jan. 10 @ Iowa State W 31-24,opponent_resolved_site_pending,,MATCHED,BOOTSTRAP_SAME_SOURCE_SEQUENCE
ASRT-MIZ-00391,CBBG-0000391,missouri,MIZ-HIST-00391,historical_media_guide,1929-1930,1930-01-11,Iowa,iowa,Iowa,25,24,W,0,away_candidate,unknown,,,,,,,REGULAR_SEASON,,22,Jan. 11 @ Iowa W 25-24,opponent_resolved_site_pending,,MATCHED,BOOTSTRAP_SAME_SOURCE_SEQUENCE
ASRT-MIZ-00392,CBBG-0000392,missouri,MIZ-HIST-00392,historical_media_guide,1929-1930,1930-01-13,Kansas State,kansas-state,Kansas State,34,21,W,0,home_or_special_site_candidate,unknown,,,,,,,REGULAR_SEASON,,22,Jan. 13 Kansas State W 34-21,opponent_resolved_site_pending,,MATCHED,BOOTSTRAP_SAME_SOURCE_SEQUENCE
ASRT-MIZ-00393,CBBG-0000393,missouri,MIZ-HIST-00393,historical_media_guide,1929-1930,1930-01-18,Nebraska,nebraska,Nebraska,27,21,W,0,home_or_special_site_candidate,unknown,,,,,,,REGULAR_SEASON,,22,Jan. 18 Nebraska W 27-21,opponent_resolved_site_pending,,MATCHED,BOOTSTRAP_SAME_SOURCE_SEQUENCE
ASRT-MIZ-00394,CBBG-0000394,missouri,MIZ-HIST-00394,historical_media_guide,1929-1930,1930-02-01,Oklahoma,oklahoma,Oklahoma,37,20,W,0,away_candidate,unknown,,,,,,,REGULAR_SEASON,,22,Feb. 1 @ Oklahoma W 37-20,opponent_resolved_site_pending,,MATCHED,BOOTSTRAP_SAME_SOURCE_SEQUENCE
ASRT-MIZ-00395,CBBG-0000395,missouri,MIZ-HIST-00395,historical_media_guide,1929-1930,1930-02-04,Creighton,creighton,Creighton,32,30,W,0,away_candidate,unknown,,,,,,,REGULAR_SEASON,,22,Feb. 4 @ Creighton W 32-30,opponent_resolved_site_pending,,MATCHED,BOOTSTRAP_SAME_SOURCE_SEQUENCE
ASRT-MIZ-00396,CBBG-0000396,missouri,MIZ-HIST-00396,historical_media_guide,1929-1930,1930-02-08,Iowa State,iowa-state,Iowa State,43,34,W,0,home_or_special_site_candidate,unknown,Brewer Fieldhouse,,,,,,REGULAR_SEASON,,22,Feb. 8 Iowa State W 43-34,opponent_resolved_site_pending,,MATCHED,BOOTSTRAP_SAME_SOURCE_SEQUENCE
ASRT-MIZ-00397,CBBG-0000397,missouri,MIZ-HIST-00397,historical_media_guide,1929-1930,1930-02-11,Creighton,creighton,Creighton,29,21,W,0,home_or_special_site_candidate,unknown,Brewer Fieldhouse,,,,,,REGULAR_SEASON,,22,Feb. 11 Creighton W 29-21,opponent_resolved_site_pending,,MATCHED,BOOTSTRAP_SAME_SOURCE_SEQUENCE
ASRT-MIZ-00398,CBBG-0000398,missouri,MIZ-HIST-00398,historical_media_guide,1929-1930,1930-02-14,Kansas State,kansas-state,Kansas State,35,37,L,0,away_candidate,unknown,,,,,,,REGULAR_SEASON,,22,Feb. 14 @ Kansas State L 35-37,opponent_resolved_site_pending,,MATCHED,BOOTSTRAP_SAME_SOURCE_SEQUENCE
ASRT-MIZ-00399,CBBG-0000399,missouri,MIZ-HIST-00399,historical_media_guide,1929-1930,1930-02-15,Nebraska,nebraska,Nebraska,31,34,L,0,away_candidate,unknown,,,,,,,REGULAR_SEASON,,22,Feb. 15 @ Nebraska L 31-34,opponent_resolved_site_pending,,MATCHED,BOOTSTRAP_SAME_SOURCE_SEQUENCE
ASRT-MIZ-00400,CBBG-0000400,missouri,MIZ-HIST-00400,historical_media_guide,1929-1930,1930-02-21,Kansas,kansas,Kansas,29,18,W,0,home_or_special_site_candidate,unknown,Brewer Fieldhouse,,,,,,REGULAR_SEASON,,22,Feb. 21 Kansas W 29-18,opponent_resolved_site_pending,,MATCHED,BOOTSTRAP_SAME_SOURCE_SEQUENCE
ASRT-MIZ-00401,CBBG-0000401,missouri,MIZ-HIST-00401,historical_media_guide,1929-1930,1930-02-24,Washington (Mo.),washington-university-of-st-louis,Washington University of St. Louis,31,20,W,0,home_or_special_site_candidate,unknown,Brewer Fieldhouse,,,,,,REGULAR_SEASON,,22,Feb. 24 Washington (Mo.) W 31-20,opponent_resolved_site_pending,,MATCHED,BOOTSTRAP_SAME_SOURCE_SEQUENCE
ASRT-MIZ-00402,CBBG-0000402,missouri,MIZ-HIST-00402,historical_media_guide,1929-1930,1930-03-01,Oklahoma,oklahoma,Oklahoma,36,20,W,0,home_or_special_site_candidate,unknown,Brewer Fieldhouse,,,,,,REGULAR_SEASON,,23,Mar. 1 Oklahoma W 36-20,opponent_resolved_site_pending,,MATCHED,BOOTSTRAP_SAME_SOURCE_SEQUENCE
ASRT-MIZ-00403,CBBG-0000403,missouri,MIZ-HIST-00403,historical_media_guide,1929-1930,1930-03-05,Kansas,kansas,Kansas,23,18,W,0,away_candidate,unknown,,,,,,,REGULAR_SEASON,,23,Mar. 5 @ Kansas W 23-18,opponent_resolved_site_pending,,MATCHED,BOOTSTRAP_SAME_SOURCE_SEQUENCE
ASRT-MIZ-00404,CBBG-0000404,missouri,MIZ-HIST-00404,historical_media_guide,1930-1931,1930-12-16,Central Methodist,central-methodist,Central Methodist,24,25,L,0,home_or_special_site_candidate,unknown,Brewer Fieldhouse,,,,,,REGULAR_SEASON,,23,Dec. 16 Central Methodist L 24-25,opponent_resolved_site_pending,,MATCHED,BOOTSTRAP_SAME_SOURCE_SEQUENCE
ASRT-MIZ-00405,CBBG-0000405,missouri,MIZ-HIST-00405,historical_media_guide,1930-1931,1930-12-20,Kansas (@ Kansas City),kansas,Kansas,26,40,L,0,home_or_special_site_candidate,unknown,Brewer Fieldhouse,,,,,,REGULAR_SEASON,,23,Dec. 20 Kansas (@ Kansas City) L 26-40,opponent_resolved_site_pending,,MATCHED,BOOTSTRAP_SAME_SOURCE_SEQUENCE
ASRT-MIZ-00406,CBBG-0000406,missouri,MIZ-HIST-00406,historical_media_guide,1930-1931,1930-12-22,Wisconsin,wisconsin,Wisconsin,9,37,L,0,away_candidate,unknown,,,,,,,REGULAR_SEASON,,23,Dec. 22 @ Wisconsin L 9-37,opponent_resolved_site_pending,,MATCHED,BOOTSTRAP_SAME_SOURCE_SEQUENCE
ASRT-MIZ-00407,CBBG-0000407,missouri,MIZ-HIST-00407,historical_media_guide,1930-1931,1931-01-05,Washington (Mo.),washington-university-of-st-louis,Washington University of St. Louis,17,18,L,0,away_candidate,unknown,,,,,,,REGULAR_SEASON,,23,Jan. 5 @ Washington (Mo.) L 17-18,opponent_resolved_site_pending,,MATCHED,BOOTSTRAP_SAME_SOURCE_SEQUENCE
ASRT-MIZ-00408,CBBG-0000408,missouri,MIZ-HIST-00408,historical_media_guide,1930-1931,1931-01-10,Nebraska,nebraska,Nebraska,32,42,L,0,away_candidate,unknown,,,,,,,REGULAR_SEASON,,23,Jan. 10 @ Nebraska L 32-42,opponent_resolved_site_pending,,MATCHED,BOOTSTRAP_SAME_SOURCE_SEQUENCE
ASRT-MIZ-00409,CBBG-0000409,missouri,MIZ-HIST-00409,historical_media_guide,1930-1931,1931-01-12,Kansas State,kansas-state,Kansas State,30,31,L,0,home_or_special_site_candidate,unknown,Brewer Fieldhouse,,,,,,REGULAR_SEASON,,23,Jan. 12 Kansas State L 30-31,opponent_resolved_site_pending,,MATCHED,BOOTSTRAP_SAME_SOURCE_SEQUENCE
ASRT-MIZ-00410,CBBG-0000410,missouri,MIZ-HIST-00410,historical_media_guide,1930-1931,1931-01-17,Iowa State,iowa-state,Iowa State,20,18,W,0,home_or_special_site_candidate,unknown,Brewer Fieldhouse,,,,,,REGULAR_SEASON,,23,Jan. 17 Iowa State W 20-18,opponent_resolved_site_pending,,MATCHED,BOOTSTRAP_SAME_SOURCE_SEQUENCE
ASRT-MIZ-00411,CBBG-0000411,missouri,MIZ-HIST-00411,historical_media_guide,1930-1931,1931-01-26,Oklahoma,oklahoma,Oklahoma,22,14,W,0,home_or_special_site_candidate,unknown,Brewer Fieldhouse,,,,,,REGULAR_SEASON,,23,Jan. 26 Oklahoma W 22-14,opponent_resolved_site_pending,,MATCHED,BOOTSTRAP_SAME_SOURCE_SEQUENCE
ASRT-MIZ-00412,CBBG-0000412,missouri,MIZ-HIST-00412,historical_media_guide,1930-1931,1931-01-29,Kansas,kansas,Kansas,13,31,L,0,away_candidate,unknown,,,,,,,REGULAR_SEASON,,23,Jan. 29 @ Kansas L 13-31,opponent_resolved_site_pending,,MATCHED,BOOTSTRAP_SAME_SOURCE_SEQUENCE
ASRT-MIZ-00413,CBBG-0000413,missouri,MIZ-HIST-00413,historical_media_guide,1930-1931,1931-02-03,Creighton,creighton,Creighton,30,20,W,0,away_candidate,unknown,,,,,,,REGULAR_SEASON,,23,Feb. 3 @ Creighton W 30-20,opponent_resolved_site_pending,,MATCHED,BOOTSTRAP_SAME_SOURCE_SEQUENCE
ASRT-MIZ-00414,CBBG-0000414,missouri,MIZ-HIST-00414,historical_media_guide,1930-1931,1931-02-05,Iowa State,iowa-state,Iowa State,19,29,L,0,away_candidate,unknown,,,,,,,REGULAR_SEASON,,23,Feb. 5 @ Iowa State L 19-29,opponent_resolved_site_pending,,MATCHED,BOOTSTRAP_SAME_SOURCE_SEQUENCE
ASRT-MIZ-00415,CBBG-0000415,missouri,MIZ-HIST-00415,historical_media_guide,1930-1931,1931-02-07,Nebraska,nebraska,Nebraska,33,20,W,0,home_or_special_site_candidate,unknown,Brewer Fieldhouse,,,,,,REGULAR_SEASON,,23,Feb. 7 Nebraska W 33-20,opponent_resolved_site_pending,,MATCHED,BOOTSTRAP_SAME_SOURCE_SEQUENCE
ASRT-MIZ-00416,CBBG-0000416,missouri,MIZ-HIST-00416,historical_media_guide,1930-1931,1931-02-10,Creighton,creighton,Creighton,25,19,W,0,home_or_special_site_candidate,unknown,Brewer Fieldhouse,,,,,,REGULAR_SEASON,,23,Feb. 10 Creighton W 25-19,opponent_resolved_site_pending,,MATCHED,BOOTSTRAP_SAME_SOURCE_SEQUENCE
ASRT-MIZ-00417,CBBG-0000417,missouri,MIZ-HIST-00417,historical_media_guide,1930-1931,1931-02-14,Oklahoma,oklahoma,Oklahoma,27,17,W,0,away_candidate,unknown,,,,,,,REGULAR_SEASON,,23,Feb. 14 @ Oklahoma W 27-17,opponent_resolved_site_pending,,MATCHED,BOOTSTRAP_SAME_SOURCE_SEQUENCE
ASRT-MIZ-00418,CBBG-0000418,missouri,MIZ-HIST-00418,historical_media_guide,1930-1931,1931-02-16,Washington (Mo.),washington-university-of-st-louis,Washington University of St. Louis,28,13,W,0,home_or_special_site_candidate,unknown,Brewer Fieldhouse,,,,,,REGULAR_SEASON,,23,Feb. 16 Washington (Mo.) W 28-13,opponent_resolved_site_pending,,MATCHED,BOOTSTRAP_SAME_SOURCE_SEQUENCE
ASRT-MIZ-00419,CBBG-0000419,missouri,MIZ-HIST-00419,historical_media_guide,1930-1931,1931-02-21,Kansas State,kansas-state,Kansas State,14,21,L,0,away_candidate,unknown,,,,,,,REGULAR_SEASON,,23,Feb. 21 @ Kansas State L 14-21,opponent_resolved_site_pending,,MATCHED,BOOTSTRAP_SAME_SOURCE_SEQUENCE
ASRT-MIZ-00420,CBBG-0000420,missouri,MIZ-HIST-00420,historical_media_guide,1930-1931,1931-02-27,Kansas,kansas,Kansas,26,19,W,0,home_or_special_site_candidate,unknown,Brewer Fieldhouse,,,,,,REGULAR_SEASON,,23,Feb. 27 Kansas W 26-19,opponent_resolved_site_pending,,MATCHED,BOOTSTRAP_SAME_SOURCE_SEQUENCE
ASRT-MIZ-00421,CBBG-0000421,missouri,MIZ-HIST-00421,historical_media_guide,1931-1932,1931-12-12,Ohio State,ohio-state,Ohio State,17,30,L,0,home_or_special_site_candidate,unknown,Brewer Fieldhouse,,,,,,REGULAR_SEASON,,23,Dec. 12 Ohio State L 17-30,opponent_resolved_site_pending,,MATCHED,BOOTSTRAP_SAME_SOURCE_SEQUENCE
ASRT-MIZ-00422,CBBG-0000422,missouri,MIZ-HIST-00422,historical_media_guide,1931-1932,1931-12-14,St. Louis,saint-louis,Saint Louis,25,23,W,0,away_candidate,unknown,,,,,,,REGULAR_SEASON,,23,Dec. 14 @ St. Louis W 25-23,opponent_resolved_site_pending,,MATCHED,BOOTSTRAP_SAME_SOURCE_SEQUENCE
ASRT-MIZ-00423,CBBG-0000423,missouri,MIZ-HIST-00423,historical_media_guide,1931-1932,1931-12-15,Southern California,usc,USC,21,22,L,0,home_or_special_site_candidate,unknown,Brewer Fieldhouse,,,,,,REGULAR_SEASON,,23,Dec. 15 Southern California L 21-22,opponent_resolved_site_pending,,MATCHED,BOOTSTRAP_SAME_SOURCE_SEQUENCE
ASRT-MIZ-00424,CBBG-0000424,missouri,MIZ-HIST-00424,historical_media_guide,1931-1932,1931-12-18,Central Methodist,central-methodist,Central Methodist,21,24,L,0,home_or_special_site_candidate,unknown,Brewer Fieldhouse,,,,,,REGULAR_SEASON,,23,Dec. 18 Central Methodist L 21-24,opponent_resolved_site_pending,,MATCHED,BOOTSTRAP_SAME_SOURCE_SEQUENCE
ASRT-MIZ-00425,CBBG-0000425,missouri,MIZ-HIST-00425,historical_media_guide,1931-1932,1932-01-05,Washington (Mo.),washington-university-of-st-louis,Washington University of St. Louis,37,27,W,0,home_or_special_site_candidate,unknown,Brewer Fieldhouse,,,,,,REGULAR_SEASON,,23,Jan. 5 Washington (Mo.) W 37-27,opponent_resolved_site_pending,,MATCHED,BOOTSTRAP_SAME_SOURCE_SEQUENCE
ASRT-MIZ-00426,CBBG-0000426,missouri,MIZ-HIST-00426,historical_media_guide,1931-1932,1932-01-07,Creighton,creighton,Creighton,34,35,L,0,home_or_special_site_candidate,unknown,Brewer Fieldhouse,,,,,,REGULAR_SEASON,,23,Jan. 7 Creighton L 34-35,opponent_resolved_site_pending,,MATCHED,BOOTSTRAP_SAME_SOURCE_SEQUENCE
ASRT-MIZ-00427,CBBG-0000427,missouri,MIZ-HIST-00427,historical_media_guide,1931-1932,1932-01-09,Kansas State,kansas-state,Kansas State,32,29,W,0,home_or_special_site_candidate,unknown,Brewer Fieldhouse,,,,,,REGULAR_SEASON,,23,Jan. 9 Kansas State W 32-29,opponent_resolved_site_pending,,MATCHED,BOOTSTRAP_SAME_SOURCE_SEQUENCE
ASRT-MIZ-00428,CBBG-0000428,missouri,MIZ-HIST-00428,historical_media_guide,1931-1932,1932-01-16,Nebraska,nebraska,Nebraska,30,18,W,0,home_or_special_site_candidate,unknown,Brewer Fieldhouse,,,,,,REGULAR_SEASON,,23,Jan. 16 Nebraska W 30-18,opponent_resolved_site_pending,,MATCHED,BOOTSTRAP_SAME_SOURCE_SEQUENCE
ASRT-MIZ-00429,CBBG-0000429,missouri,MIZ-HIST-00429,historical_media_guide,1931-1932,1932-01-22,Iowa State,iowa-state,Iowa State,13,18,L,0,away_candidate,unknown,,,,,,,REGULAR_SEASON,,23,Jan. 22 @ Iowa State L 13-18,opponent_resolved_site_pending,,MATCHED,BOOTSTRAP_SAME_SOURCE_SEQUENCE
ASRT-MIZ-00430,CBBG-0000430,missouri,MIZ-HIST-00430,historical_media_guide,1931-1932,1932-01-23,Creighton,creighton,Creighton,26,23,W,0,away_candidate,unknown,,,,,,,REGULAR_SEASON,,23,Jan. 23 @ Creighton (OT) W 26-23,opponent_resolved_site_pending,,MATCHED,BOOTSTRAP_SAME_SOURCE_SEQUENCE
ASRT-MIZ-00431,CBBG-0000431,missouri,MIZ-HIST-00431,historical_media_guide,1931-1932,1932-01-30,Kansas,kansas,Kansas,26,22,W,0,home_or_special_site_candidate,unknown,Brewer Fieldhouse,,,,,,REGULAR_SEASON,,23,Jan. 30 Kansas W 26-22,opponent_resolved_site_pending,,MATCHED,BOOTSTRAP_SAME_SOURCE_SEQUENCE
ASRT-MIZ-00432,CBBG-0000432,missouri,MIZ-HIST-00432,historical_media_guide,1931-1932,1932-02-06,Oklahoma,oklahoma,Oklahoma,27,20,W,0,home_or_special_site_candidate,unknown,Brewer Fieldhouse,,,,,,REGULAR_SEASON,,23,Feb. 6 Oklahoma W 27-20,opponent_resolved_site_pending,,MATCHED,BOOTSTRAP_SAME_SOURCE_SEQUENCE
ASRT-MIZ-00433,CBBG-0000433,missouri,MIZ-HIST-00433,historical_media_guide,1931-1932,1932-02-08,Washington (Mo.),washington-university-of-st-louis,Washington University of St. Louis,21,27,L,0,away_candidate,unknown,,,,,,,REGULAR_SEASON,,23,Feb. 8 @ Washington (Mo.) L 21-27,opponent_resolved_site_pending,,MATCHED,BOOTSTRAP_SAME_SOURCE_SEQUENCE
ASRT-MIZ-00434,CBBG-0000434,missouri,MIZ-HIST-00434,historical_media_guide,1931-1932,1932-02-13,Iowa State,iowa-state,Iowa State,31,25,W,0,home_or_special_site_candidate,unknown,Brewer Fieldhouse,,,,,,REGULAR_SEASON,,23,Feb. 13 Iowa State W 31-25,opponent_resolved_site_pending,,MATCHED,BOOTSTRAP_SAME_SOURCE_SEQUENCE
ASRT-MIZ-00435,CBBG-0000435,missouri,MIZ-HIST-00435,historical_media_guide,1931-1932,1932-02-20,Kansas,kansas,Kansas,16,24,L,0,away_candidate,unknown,,,,,,,REGULAR_SEASON,,23,Feb. 20 @ Kansas L 16-24,opponent_resolved_site_pending,,MATCHED,BOOTSTRAP_SAME_SOURCE_SEQUENCE
ASRT-MIZ-00436,CBBG-0000436,missouri,MIZ-HIST-00436,historical_media_guide,1931-1932,1932-02-22,Oklahoma,oklahoma,Oklahoma,17,28,L,0,away_candidate,unknown,,,,,,,REGULAR_SEASON,,23,Feb. 22 @ Oklahoma L 17-28,opponent_resolved_site_pending,,MATCHED,BOOTSTRAP_SAME_SOURCE_SEQUENCE
ASRT-MIZ-00437,CBBG-0000437,missouri,MIZ-HIST-00437,historical_media_guide,1931-1932,1932-02-25,Nebraska,nebraska,Nebraska,32,28,W,0,away_candidate,unknown,,,,,,,REGULAR_SEASON,,23,Feb. 25 @ Nebraska W 32-28,opponent_resolved_site_pending,,MATCHED,BOOTSTRAP_SAME_SOURCE_SEQUENCE
ASRT-MIZ-00438,CBBG-0000438,missouri,MIZ-HIST-00438,historical_media_guide,1931-1932,1932-02-26,Kansas State,kansas-state,Kansas State,22,28,L,0,away_candidate,unknown,,,,,,,REGULAR_SEASON,,23,Feb. 26 @ Kansas State L 22-28,opponent_resolved_site_pending,,MATCHED,BOOTSTRAP_SAME_SOURCE_SEQUENCE
ASRT-MIZ-00439,CBBG-0000439,missouri,MIZ-HIST-00439,historical_media_guide,1932-1933,1932-12-14,Butler,butler,Butler,23,30,L,0,away_candidate,unknown,,,,,,,REGULAR_SEASON,,23,Dec. 14 @ Butler L 23-30,opponent_resolved_site_pending,,MATCHED,BOOTSTRAP_SAME_SOURCE_SEQUENCE
ASRT-MIZ-00440,CBBG-0000440,missouri,MIZ-HIST-00440,historical_media_guide,1932-1933,1932-12-15,G. Washington,george-washington,George Washington,33,30,W,0,away_candidate,unknown,,,,,,,REGULAR_SEASON,,23,Dec. 15 @ G. Washington W 33-30,opponent_resolved_site_pending,,MATCHED,BOOTSTRAP_SAME_SOURCE_SEQUENCE
ASRT-MIZ-00441,CBBG-0000441,missouri,MIZ-HIST-00441,historical_media_guide,1932-1933,1932-12-16,Washington (Mo.),washington-university-of-st-louis,Washington University of St. Louis,39,27,W,0,away_candidate,unknown,,,,,,,REGULAR_SEASON,,23,Dec. 16 @ Washington (Mo.) W 39-27,opponent_resolved_site_pending,,MATCHED,BOOTSTRAP_SAME_SOURCE_SEQUENCE
ASRT-MIZ-00442,CBBG-0000442,missouri,MIZ-HIST-00442,historical_media_guide,1932-1933,1932-12-20,Illinois,illinois,Illinois,24,36,L,0,home_or_special_site_candidate,unknown,Brewer Fieldhouse,,,,,,REGULAR_SEASON,,23,Dec. 20 Illinois L 24-36,opponent_resolved_site_pending,,MATCHED,BOOTSTRAP_SAME_SOURCE_SEQUENCE
ASRT-MIZ-00443,CBBG-0000443,missouri,MIZ-HIST-00443,historical_media_guide,1932-1933,1933-01-02,NW Missouri,northwest-missouri-state,Northwest Missouri State,30,24,W,0,home_or_special_site_candidate,unknown,Brewer Fieldhouse,,,,,,REGULAR_SEASON,,23,Jan. 2 NW Missouri W 30-24,opponent_resolved_site_pending,,MATCHED,BOOTSTRAP_SAME_SOURCE_SEQUENCE
ASRT-MIZ-00444,CBBG-0000444,missouri,MIZ-HIST-00444,historical_media_guide,1932-1933,1933-01-04,Central Methodist,central-methodist,Central Methodist,27,10,W,0,home_or_special_site_candidate,unknown,Brewer Fieldhouse,,,,,,REGULAR_SEASON,,23,Jan. 4 Central Methodist W 27-10,opponent_resolved_site_pending,,MATCHED,BOOTSTRAP_SAME_SOURCE_SEQUENCE
ASRT-MIZ-00445,CBBG-0000445,missouri,MIZ-HIST-00445,historical_media_guide,1932-1933,1933-01-07,Nebraska,nebraska,Nebraska,37,33,W,0,home_or_special_site_candidate,unknown,Brewer Fieldhouse,,,,,,REGULAR_SEASON,,23,Jan. 7 Nebraska W 37-33,opponent_resolved_site_pending,,MATCHED,BOOTSTRAP_SAME_SOURCE_SEQUENCE
ASRT-MIZ-00446,CBBG-0000446,missouri,MIZ-HIST-00446,historical_media_guide,1932-1933,1933-01-09,St. Louis,saint-louis,Saint Louis,20,27,L,0,away_candidate,unknown,,,,,,,REGULAR_SEASON,,23,Jan. 9 @ St. Louis L 20-27,opponent_resolved_site_pending,,MATCHED,BOOTSTRAP_SAME_SOURCE_SEQUENCE
ASRT-MIZ-00447,CBBG-0000447,missouri,MIZ-HIST-00447,historical_media_guide,1932-1933,1933-01-14,Iowa State,iowa-state,Iowa State,29,22,W,0,home_or_special_site_candidate,unknown,Brewer Fieldhouse,,,,,,REGULAR_SEASON,,23,Jan. 14 Iowa State W 29-22,opponent_resolved_site_pending,,MATCHED,BOOTSTRAP_SAME_SOURCE_SEQUENCE
ASRT-MIZ-00448,CBBG-0000448,missouri,MIZ-HIST-00448,historical_media_guide,1932-1933,1933-01-19,Kansas,kansas,Kansas,27,35,L,0,away_candidate,unknown,,,,,,,REGULAR_SEASON,,23,Jan. 19 @ Kansas L 27-35,opponent_resolved_site_pending,,MATCHED,BOOTSTRAP_SAME_SOURCE_SEQUENCE
ASRT-MIZ-00449,CBBG-0000449,missouri,MIZ-HIST-00449,historical_media_guide,1932-1933,1933-02-03,Kansas State,kansas-state,Kansas State,28,35,L,0,away_candidate,unknown,,,,,,,REGULAR_SEASON,,23,Feb. 3 @ Kansas State L 28-35,opponent_resolved_site_pending,,MATCHED,BOOTSTRAP_SAME_SOURCE_SEQUENCE
ASRT-MIZ-00450,CBBG-0000450,missouri,MIZ-HIST-00450,historical_media_guide,1932-1933,1933-02-04,Oklahoma,oklahoma,Oklahoma,26,31,L,0,away_candidate,unknown,,,,,,,REGULAR_SEASON,,23,Feb. 4 @ Oklahoma L 26-31,opponent_resolved_site_pending,,MATCHED,BOOTSTRAP_SAME_SOURCE_SEQUENCE
ASRT-MIZ-00451,CBBG-0000451,missouri,MIZ-HIST-00451,historical_media_guide,1932-1933,1933-02-05,Creighton,creighton,Creighton,19,28,L,0,away_candidate,unknown,,,,,,,REGULAR_SEASON,,23,Feb. 5 @ Creighton L 19-28,opponent_resolved_site_pending,,MATCHED,BOOTSTRAP_SAME_SOURCE_SEQUENCE
ASRT-MIZ-00452,CBBG-0000452,missouri,MIZ-HIST-00452,historical_media_guide,1932-1933,1933-02-11,Kansas,kansas,Kansas,21,17,W,0,home_or_special_site_candidate,unknown,Brewer Fieldhouse,,,,,,REGULAR_SEASON,,23,Feb. 11 Kansas W 21-17,opponent_resolved_site_pending,,MATCHED,BOOTSTRAP_SAME_SOURCE_SEQUENCE
ASRT-MIZ-00453,CBBG-0000453,missouri,MIZ-HIST-00453,historical_media_guide,1932-1933,1933-02-17,Oklahoma,oklahoma,Oklahoma,40,30,W,0,home_or_special_site_candidate,unknown,Brewer Fieldhouse,,,,,,REGULAR_SEASON,,23,Feb. 17 Oklahoma W 40-30,opponent_resolved_site_pending,,MATCHED,BOOTSTRAP_SAME_SOURCE_SEQUENCE
ASRT-MIZ-00454,CBBG-0000454,missouri,MIZ-HIST-00454,historical_media_guide,1932-1933,1933-02-24,Iowa State,iowa-state,Iowa State,31,32,L,0,away_candidate,unknown,,,,,,,REGULAR_SEASON,,23,Feb. 24 @ Iowa State L 31-32,opponent_resolved_site_pending,,MATCHED,BOOTSTRAP_SAME_SOURCE_SEQUENCE
ASRT-MIZ-00455,CBBG-0000455,missouri,MIZ-HIST-00455,historical_media_guide,1932-1933,1933-02-25,Nebraska,nebraska,Nebraska,39,31,W,0,away_candidate,unknown,,,,,,,REGULAR_SEASON,,23,Feb. 25 @ Nebraska W 39-31,opponent_resolved_site_pending,,MATCHED,BOOTSTRAP_SAME_SOURCE_SEQUENCE
ASRT-MIZ-00456,CBBG-0000456,missouri,MIZ-HIST-00456,historical_media_guide,1932-1933,1933-03-04,Kansas State,kansas-state,Kansas State,37,33,W,0,home_or_special_site_candidate,unknown,Brewer Fieldhouse,,,,,,REGULAR_SEASON,,23,Mar. 4 Kansas State W 37-33,opponent_resolved_site_pending,,MATCHED,BOOTSTRAP_SAME_SOURCE_SEQUENCE
ASRT-MIZ-00457,CBBG-0000457,missouri,MIZ-HIST-00457,historical_media_guide,1933-1934,1933-12-09,St. Louis,saint-louis,Saint Louis,26,23,W,0,home_or_special_site_candidate,unknown,Brewer Fieldhouse,,,,,,REGULAR_SEASON,,23,Dec. 9 St. Louis W 26-23,opponent_resolved_site_pending,,MATCHED,BOOTSTRAP_SAME_SOURCE_SEQUENCE
ASRT-MIZ-00458,CBBG-0000458,missouri,MIZ-HIST-00458,historical_media_guide,1933-1934,1933-12-14,Creighton,creighton,Creighton,24,28,L,0,home_or_special_site_candidate,unknown,Brewer Fieldhouse,,,,,,REGULAR_SEASON,,23,Dec. 14 Creighton L 24-28,opponent_resolved_site_pending,,MATCHED,BOOTSTRAP_SAME_SOURCE_SEQUENCE
ASRT-MIZ-00459,CBBG-0000459,missouri,MIZ-HIST-00459,historical_media_guide,1933-1934,1934-01-03,Illinois,illinois,Illinois,27,31,L,0,away_candidate,unknown,,,,,,,REGULAR_SEASON,,23,Jan. 3 @ Illinois L 27-31,opponent_resolved_site_pending,,MATCHED,BOOTSTRAP_SAME_SOURCE_SEQUENCE
ASRT-MIZ-00460,CBBG-0000460,missouri,MIZ-HIST-00460,historical_media_guide,1933-1934,1934-01-06,Kansas State,kansas-state,Kansas State,32,20,W,0,home_or_special_site_candidate,unknown,Brewer Fieldhouse,,,,,,REGULAR_SEASON,,23,Jan. 6 Kansas State W 32-20,opponent_resolved_site_pending,,MATCHED,BOOTSTRAP_SAME_SOURCE_SEQUENCE
ASRT-MIZ-00461,CBBG-0000461,missouri,MIZ-HIST-00461,historical_media_guide,1933-1934,1934-01-13,Nebraska,nebraska,Nebraska,36,26,W,0,home_or_special_site_candidate,unknown,Brewer Fieldhouse,,,,,,REGULAR_SEASON,,23,Jan. 13 Nebraska W 36-26,opponent_resolved_site_pending,,MATCHED,BOOTSTRAP_SAME_SOURCE_SEQUENCE
ASRT-MIZ-00462,CBBG-0000462,missouri,MIZ-HIST-00462,historical_media_guide,1933-1934,1934-01-16,Kansas,kansas,Kansas,25,27,L,0,home_or_special_site_candidate,unknown,Brewer Fieldhouse,,,,,,REGULAR_SEASON,,23,Jan. 16 Kansas L 25-27,opponent_resolved_site_pending,,MATCHED,BOOTSTRAP_SAME_SOURCE_SEQUENCE
ASRT-MIZ-00463,CBBG-0000463,missouri,MIZ-HIST-00463,historical_media_guide,1933-1934,1934-01-18,Iowa State,iowa-state,Iowa State,26,25,W,0,away_candidate,unknown,,,,,,,REGULAR_SEASON,,23,Jan. 18 @ Iowa State W 26-25,opponent_resolved_site_pending,,MATCHED,BOOTSTRAP_SAME_SOURCE_SEQUENCE
ASRT-MIZ-00464,CBBG-0000464,missouri,MIZ-HIST-00464,historical_media_guide,1933-1934,1934-01-27,St. Louis,saint-louis,Saint Louis,26,30,L,0,away_candidate,unknown,,,,,,,REGULAR_SEASON,,23,Jan. 27 @ St. Louis L 26-30,opponent_resolved_site_pending,,MATCHED,BOOTSTRAP_SAME_SOURCE_SEQUENCE
ASRT-MIZ-00465,CBBG-0000465,missouri,MIZ-HIST-00465,historical_media_guide,1933-1934,1934-02-02,Oklahoma,oklahoma,Oklahoma,31,28,W,0,away_candidate,unknown,,,,,,,REGULAR_SEASON,,23,Feb. 2 @ Oklahoma W 31-28,opponent_resolved_site_pending,,MATCHED,BOOTSTRAP_SAME_SOURCE_SEQUENCE
ASRT-MIZ-00466,CBBG-0000466,missouri,MIZ-HIST-00466,historical_media_guide,1933-1934,1934-02-03,Oklahoma,oklahoma,Oklahoma,21,35,L,0,away_candidate,unknown,,,,,,,REGULAR_SEASON,,23,Feb. 3 @ Oklahoma L 21-35,opponent_resolved_site_pending,,MATCHED,BOOTSTRAP_SAME_SOURCE_SEQUENCE
ASRT-MIZ-00467,CBBG-0000467,missouri,MIZ-HIST-00467,historical_media_guide,1933-1934,1934-02-09,Nebraska,nebraska,Nebraska,27,34,L,0,away_candidate,unknown,,,,,,,REGULAR_SEASON,,23,Feb. 9 @ Nebraska L 27-34,opponent_resolved_site_pending,,MATCHED,BOOTSTRAP_SAME_SOURCE_SEQUENCE
ASRT-MIZ-00468,CBBG-0000468,missouri,MIZ-HIST-00468,historical_media_guide,1933-1934,1934-02-10,Kansas State,kansas-state,Kansas State,41,20,W,0,away_candidate,unknown,,,,,,,REGULAR_SEASON,,23,Feb. 10 @ Kansas State W 41-20,opponent_resolved_site_pending,,MATCHED,BOOTSTRAP_SAME_SOURCE_SEQUENCE
ASRT-MIZ-00469,CBBG-0000469,missouri,MIZ-HIST-00469,historical_media_guide,1933-1934,1934-02-12,Creighton,creighton,Creighton,24,36,L,0,away_candidate,unknown,,,,,,,REGULAR_SEASON,,23,Feb. 12 @ Creighton L 24-36,opponent_resolved_site_pending,,MATCHED,BOOTSTRAP_SAME_SOURCE_SEQUENCE
ASRT-MIZ-00470,CBBG-0000470,missouri,MIZ-HIST-00470,historical_media_guide,1933-1934,1934-02-16,Washington (Mo.),washington-university-of-st-louis,Washington University of St. Louis,30,18,W,0,home_or_special_site_candidate,unknown,Brewer Fieldhouse,,,,,,REGULAR_SEASON,,23,Feb. 16 Washington (Mo.) W 30-18,opponent_resolved_site_pending,,MATCHED,BOOTSTRAP_SAME_SOURCE_SEQUENCE
ASRT-MIZ-00471,CBBG-0000471,missouri,MIZ-HIST-00471,historical_media_guide,1933-1934,1934-02-19,Iowa State,iowa-state,Iowa State,25,19,W,0,home_or_special_site_candidate,unknown,Brewer Fieldhouse,,,,,,REGULAR_SEASON,,23,Feb. 19 Iowa State W 25-19,opponent_resolved_site_pending,,MATCHED,BOOTSTRAP_SAME_SOURCE_SEQUENCE
ASRT-MIZ-00472,CBBG-0000472,missouri,MIZ-HIST-00472,historical_media_guide,1933-1934,1934-02-23,Oklahoma,oklahoma,Oklahoma,29,28,W,0,home_or_special_site_candidate,unknown,Brewer Fieldhouse,,,,,,REGULAR_SEASON,,23,Feb. 23 Oklahoma W 29-28,opponent_resolved_site_pending,,MATCHED,BOOTSTRAP_SAME_SOURCE_SEQUENCE
ASRT-MIZ-00473,CBBG-0000473,missouri,MIZ-HIST-00473,historical_media_guide,1933-1934,1934-02-24,Oklahoma,oklahoma,Oklahoma,32,22,W,0,home_or_special_site_candidate,unknown,Brewer Fieldhouse,,,,,,REGULAR_SEASON,,23,Feb. 24 Oklahoma W 32-22,opponent_resolved_site_pending,,MATCHED,BOOTSTRAP_SAME_SOURCE_SEQUENCE
ASRT-MIZ-00474,CBBG-0000474,missouri,MIZ-HIST-00474,historical_media_guide,1933-1934,1934-03-06,Kansas,kansas,Kansas,21,23,L,0,away_candidate,unknown,,,,,,,REGULAR_SEASON,,23,Mar. 6 @ Kansas L 21-23,opponent_resolved_site_pending,,MATCHED,BOOTSTRAP_SAME_SOURCE_SEQUENCE
ASRT-MIZ-00475,CBBG-0000475,missouri,MIZ-HIST-00475,historical_media_guide,1934-1935,1934-12-21,St. Louis,saint-louis,Saint Louis,18,33,L,0,away_candidate,unknown,,,,,,,REGULAR_SEASON,,23,Dec. 21 @ St. Louis L 18-33,opponent_resolved_site_pending,,MATCHED,BOOTSTRAP_SAME_SOURCE_SEQUENCE
ASRT-MIZ-00476,CBBG-0000476,missouri,MIZ-HIST-00476,historical_media_guide,1934-1935,1934-12-22,Washington (Mo.),washington-university-of-st-louis,Washington University of St. Louis,25,29,L,0,away_candidate,unknown,,,,,,,REGULAR_SEASON,,23,Dec. 22 @ Washington (Mo.) L 25-29,opponent_resolved_site_pending,,MATCHED,BOOTSTRAP_SAME_SOURCE_SEQUENCE
ASRT-MIZ-00477,CBBG-0000477,missouri,MIZ-HIST-00477,historical_media_guide,1934-1935,1935-01-04,Iowa State,iowa-state,Iowa State,23,31,L,0,away_candidate,unknown,,,,,,,REGULAR_SEASON,,23,Jan. 4 @ Iowa State L 23-31,opponent_resolved_site_pending,,MATCHED,BOOTSTRAP_SAME_SOURCE_SEQUENCE
ASRT-MIZ-00478,CBBG-0000478,missouri,MIZ-HIST-00478,historical_media_guide,1934-1935,1935-01-07,Kansas,kansas,Kansas,29,39,L,0,away_candidate,unknown,,,,,,,REGULAR_SEASON,,23,Jan. 7 @ Kansas L 29-39,opponent_resolved_site_pending,,MATCHED,BOOTSTRAP_SAME_SOURCE_SEQUENCE
ASRT-MIZ-00479,CBBG-0000479,missouri,MIZ-HIST-00479,historical_media_guide,1934-1935,1935-01-08,Kansas,kansas,Kansas,27,36,L,0,away_candidate,unknown,,,,,,,REGULAR_SEASON,,23,Jan. 8 @ Kansas L 27-36,opponent_resolved_site_pending,,MATCHED,BOOTSTRAP_SAME_SOURCE_SEQUENCE
ASRT-MIZ-00480,CBBG-0000480,missouri,MIZ-HIST-00480,historical_media_guide,1934-1935,1935-01-11,Oklahoma,oklahoma,Oklahoma,28,38,L,0,home_or_special_site_candidate,unknown,Brewer Fieldhouse,,,,,,REGULAR_SEASON,,23,Jan. 11 Oklahoma L 28-38,opponent_resolved_site_pending,,MATCHED,BOOTSTRAP_SAME_SOURCE_SEQUENCE
ASRT-MIZ-00481,CBBG-0000481,missouri,MIZ-HIST-00481,historical_media_guide,1934-1935,1935-01-12,Oklahoma,oklahoma,Oklahoma,29,33,L,0,home_or_special_site_candidate,unknown,Brewer Fieldhouse,,,,,,REGULAR_SEASON,,23,Jan. 12 Oklahoma L 29-33,opponent_resolved_site_pending,,MATCHED,BOOTSTRAP_SAME_SOURCE_SEQUENCE
ASRT-MIZ-00482,CBBG-0000482,missouri,MIZ-HIST-00482,historical_media_guide,1934-1935,1935-01-19,Nebraska,nebraska,Nebraska,32,31,W,0,home_or_special_site_candidate,unknown,Brewer Fieldhouse,,,,,,REGULAR_SEASON,,23,Jan. 19 Nebraska W 32-31,opponent_resolved_site_pending,,MATCHED,BOOTSTRAP_SAME_SOURCE_SEQUENCE
ASRT-MIZ-00483,CBBG-0000483,missouri,MIZ-HIST-00483,historical_media_guide,1934-1935,1935-01-26,Iowa State,iowa-state,Iowa State,28,37,L,0,away_candidate,unknown,,,,,,,REGULAR_SEASON,,23,Jan. 26 @ Iowa State L 28-37,opponent_resolved_site_pending,,MATCHED,BOOTSTRAP_SAME_SOURCE_SEQUENCE
ASRT-MIZ-00484,CBBG-0000484,missouri,MIZ-HIST-00484,historical_media_guide,1934-1935,1935-02-01,Kansas State,kansas-state,Kansas State,29,32,L,0,away_candidate,unknown,,,,,,,REGULAR_SEASON,,23,Feb. 1 @ Kansas State L 29-32,opponent_resolved_site_pending,,MATCHED,BOOTSTRAP_SAME_SOURCE_SEQUENCE
ASRT-MIZ-00485,CBBG-0000485,missouri,MIZ-HIST-00485,historical_media_guide,1934-1935,1935-02-02,Kansas State,kansas-state,Kansas State,20,27,L,0,away_candidate,unknown,,,,,,,REGULAR_SEASON,,23,Feb. 2 @ Kansas State L 20-27,opponent_resolved_site_pending,,MATCHED,BOOTSTRAP_SAME_SOURCE_SEQUENCE
ASRT-MIZ-00486,CBBG-0000486,missouri,MIZ-HIST-00486,historical_media_guide,1934-1935,1935-02-04,Nebraska,nebraska,Nebraska,23,21,W,0,away_candidate,unknown,,,,,,,REGULAR_SEASON,,23,Feb. 4 @ Nebraska W 23-21,opponent_resolved_site_pending,,MATCHED,BOOTSTRAP_SAME_SOURCE_SEQUENCE
ASRT-MIZ-00487,CBBG-0000487,missouri,MIZ-HIST-00487,historical_media_guide,1934-1935,1935-02-09,Kansas State,kansas-state,Kansas State,44,31,W,0,home_or_special_site_candidate,unknown,Brewer Fieldhouse,,,,,,REGULAR_SEASON,,23,Feb. 9 Kansas State W 44-31,opponent_resolved_site_pending,,MATCHED,BOOTSTRAP_SAME_SOURCE_SEQUENCE
ASRT-MIZ-00488,CBBG-0000488,missouri,MIZ-HIST-00488,historical_media_guide,1934-1935,1935-02-10,Kansas State,kansas-state,Kansas State,34,20,W,0,home_or_special_site_candidate,unknown,Brewer Fieldhouse,,,,,,REGULAR_SEASON,,23,Feb. 10 Kansas State W 34-20,opponent_resolved_site_pending,,MATCHED,BOOTSTRAP_SAME_SOURCE_SEQUENCE
ASRT-MIZ-00489,CBBG-0000489,missouri,MIZ-HIST-00489,historical_media_guide,1934-1935,1935-02-22,Oklahoma,oklahoma,Oklahoma,24,45,L,0,away_candidate,unknown,,,,,,,REGULAR_SEASON,,23,Feb. 22 @ Oklahoma L 24-45,opponent_resolved_site_pending,,MATCHED,BOOTSTRAP_SAME_SOURCE_SEQUENCE
ASRT-MIZ-00490,CBBG-0000490,missouri,MIZ-HIST-00490,historical_media_guide,1934-1935,1935-02-23,Oklahoma,oklahoma,Oklahoma,41,37,W,0,away_candidate,unknown,,,,,,,REGULAR_SEASON,,23,Feb. 23 @ Oklahoma W 41-37,opponent_resolved_site_pending,,MATCHED,BOOTSTRAP_SAME_SOURCE_SEQUENCE
ASRT-MIZ-00491,CBBG-0000491,missouri,MIZ-HIST-00491,historical_media_guide,1934-1935,1935-03-01,Kansas,kansas,Kansas,23,21,W,0,home_or_special_site_candidate,unknown,Brewer Fieldhouse,,,,,,REGULAR_SEASON,,23,Mar. 1 Kansas W 23-21,opponent_resolved_site_pending,,MATCHED,BOOTSTRAP_SAME_SOURCE_SEQUENCE
ASRT-MIZ-00492,CBBG-0000492,missouri,MIZ-HIST-00492,historical_media_guide,1934-1935,1935-03-02,Kansas,kansas,Kansas,21,18,W,0,home_or_special_site_candidate,unknown,Brewer Fieldhouse,,,,,,REGULAR_SEASON,,23,Mar. 2 Kansas W 21-18,opponent_resolved_site_pending,,MATCHED,BOOTSTRAP_SAME_SOURCE_SEQUENCE
ASRT-MIZ-00493,CBBG-0000493,missouri,MIZ-HIST-00493,historical_media_guide,1935-1936,1935-12-10,Westminster,westminster,Westminster,27,26,W,0,home_or_special_site_candidate,unknown,Brewer Fieldhouse,,,,,,REGULAR_SEASON,,23,Dec. 10 Westminster W 27-26,opponent_resolved_site_pending,,MATCHED,BOOTSTRAP_SAME_SOURCE_SEQUENCE
ASRT-MIZ-00494,CBBG-0000494,missouri,MIZ-HIST-00494,historical_media_guide,1935-1936,1935-12-14,St. Louis,saint-louis,Saint Louis,30,37,L,0,home_or_special_site_candidate,unknown,Brewer Fieldhouse,,,,,,REGULAR_SEASON,,23,Dec. 14 St. Louis L 30-37,opponent_resolved_site_pending,,MATCHED,BOOTSTRAP_SAME_SOURCE_SEQUENCE
ASRT-MIZ-00495,CBBG-0000495,missouri,MIZ-HIST-00495,historical_media_guide,1935-1936,1935-12-20,Kansas State,kansas-state,Kansas State,25,39,L,0,home_or_special_site_candidate,unknown,Municipal Auditorium,,,,University Tournament played at Kansas City,,REGULAR_SEASON,,23,Dec. 20 #Kansas State L 25-39,opponent_resolved_site_pending,,MATCHED,BOOTSTRAP_SAME_SOURCE_SEQUENCE
ASRT-MIZ-00496,CBBG-0000496,missouri,MIZ-HIST-00496,historical_media_guide,1935-1936,1935-12-21,So. California,usc,USC,16,42,L,0,home_or_special_site_candidate,unknown,Municipal Auditorium,,,,University Tournament played at Kansas City,,REGULAR_SEASON,,23,Dec. 21 #So. California L 16-42,opponent_resolved_site_pending,,MATCHED,BOOTSTRAP_SAME_SOURCE_SEQUENCE
ASRT-MIZ-00497,CBBG-0000497,missouri,MIZ-HIST-00497,historical_media_guide,1935-1936,1936-01-04,Oklahoma,oklahoma,Oklahoma,37,34,W,0,home_or_special_site_candidate,unknown,Brewer Fieldhouse,,,,,,REGULAR_SEASON,,23,Jan. 4 Oklahoma W 37-34,opponent_resolved_site_pending,,MATCHED,BOOTSTRAP_SAME_SOURCE_SEQUENCE
ASRT-MIZ-00498,CBBG-0000498,missouri,MIZ-HIST-00498,historical_media_guide,1935-1936,1936-01-10,Nebraska,nebraska,Nebraska,26,31,L,0,away_candidate,unknown,,,,,,,REGULAR_SEASON,,23,Jan. 10 @ Nebraska L 26-31,opponent_resolved_site_pending,,MATCHED,BOOTSTRAP_SAME_SOURCE_SEQUENCE
ASRT-MIZ-00499,CBBG-0000499,missouri,MIZ-HIST-00499,historical_media_guide,1935-1936,1936-01-11,Kansas State,kansas-state,Kansas State,19,37,L,0,away_candidate,unknown,,,,,,,REGULAR_SEASON,,23,Jan. 11 @ Kansas State L 19-37,opponent_resolved_site_pending,,MATCHED,BOOTSTRAP_SAME_SOURCE_SEQUENCE
ASRT-MIZ-00500,CBBG-0000500,missouri,MIZ-HIST-00500,historical_media_guide,1935-1936,1936-01-15,Kansas,kansas,Kansas,25,29,L,0,home_or_special_site_candidate,unknown,Brewer Fieldhouse,,,,,,REGULAR_SEASON,,23,Jan. 15 Kansas L 25-29,opponent_resolved_site_pending,,MATCHED,BOOTSTRAP_SAME_SOURCE_SEQUENCE
ASRT-MIZ-00501,CBBG-0000501,missouri,MIZ-HIST-00501,historical_media_guide,1935-1936,1936-01-25,Central Missouri,central-missouri,Central Missouri,24,51,L,0,home_or_special_site_candidate,unknown,Brewer Fieldhouse,,,,,,REGULAR_SEASON,,23,Jan. 25 Central Missouri L 24-51,opponent_resolved_site_pending,,MATCHED,BOOTSTRAP_SAME_SOURCE_SEQUENCE
ASRT-MIZ-00502,CBBG-0000502,missouri,MIZ-HIST-00502,historical_media_guide,1935-1936,1936-02-01,Iowa State,iowa-state,Iowa State,33,29,W,0,away_candidate,unknown,,,,,,,REGULAR_SEASON,,23,Feb. 1 @ Iowa State W 33-29,opponent_resolved_site_pending,,MATCHED,BOOTSTRAP_SAME_SOURCE_SEQUENCE
ASRT-MIZ-00503,CBBG-0000503,missouri,MIZ-HIST-00503,historical_media_guide,1935-1936,1936-02-08,Nebraska,nebraska,Nebraska,33,43,L,0,home_or_special_site_candidate,unknown,Brewer Fieldhouse,,,,,,REGULAR_SEASON,,24,Feb. 8 Nebraska L 33-43,opponent_resolved_site_pending,,MATCHED,BOOTSTRAP_SAME_SOURCE_SEQUENCE
ASRT-MIZ-00504,CBBG-0000504,missouri,MIZ-HIST-00504,historical_media_guide,1935-1936,1936-02-15,Oklahoma,oklahoma,Oklahoma,21,36,L,0,away_candidate,unknown,,,,,,,REGULAR_SEASON,,24,Feb. 15 @ Oklahoma L 21-36,opponent_resolved_site_pending,,MATCHED,BOOTSTRAP_SAME_SOURCE_SEQUENCE
ASRT-MIZ-00505,CBBG-0000505,missouri,MIZ-HIST-00505,historical_media_guide,1935-1936,1936-02-22,Kansas State,kansas-state,Kansas State,35,39,L,0,home_or_special_site_candidate,unknown,Brewer Fieldhouse,,,,,,REGULAR_SEASON,,24,Feb. 22 Kansas State L 35-39,opponent_resolved_site_pending,,MATCHED,BOOTSTRAP_SAME_SOURCE_SEQUENCE
ASRT-MIZ-00506,CBBG-0000506,missouri,MIZ-HIST-00506,historical_media_guide,1935-1936,1936-02-27,St. Louis,saint-louis,Saint Louis,31,22,W,0,away_candidate,unknown,,,,,,,REGULAR_SEASON,,24,Feb. 27 @ St. Louis W 31-22,opponent_resolved_site_pending,,MATCHED,BOOTSTRAP_SAME_SOURCE_SEQUENCE
ASRT-MIZ-00507,CBBG-0000507,missouri,MIZ-HIST-00507,historical_media_guide,1935-1936,1936-03-02,Washington (Mo.),washington-university-of-st-louis,Washington University of St. Louis,36,31,W,0,home_or_special_site_candidate,unknown,Brewer Fieldhouse,,,,,,REGULAR_SEASON,,24,Mar. 2 Washington (Mo.) W 36-31,opponent_resolved_site_pending,,MATCHED,BOOTSTRAP_SAME_SOURCE_SEQUENCE
ASRT-MIZ-00508,CBBG-0000508,missouri,MIZ-HIST-00508,historical_media_guide,1935-1936,1936-03-04,Iowa State,iowa-state,Iowa State,29,31,L,0,home_or_special_site_candidate,unknown,Brewer Fieldhouse,,,,,,REGULAR_SEASON,,24,Mar. 4 Iowa State (OT) L 29-31,opponent_resolved_site_pending,,MATCHED,BOOTSTRAP_SAME_SOURCE_SEQUENCE
ASRT-MIZ-00509,CBBG-0000509,missouri,MIZ-HIST-00509,historical_media_guide,1935-1936,1936-03-06,Kansas,kansas,Kansas,28,51,L,0,away_candidate,unknown,,,,,,,REGULAR_SEASON,,24,Mar. 6 @ Kansas L 28-51,opponent_resolved_site_pending,,MATCHED,BOOTSTRAP_SAME_SOURCE_SEQUENCE
ASRT-MIZ-00510,CBBG-0000510,missouri,MIZ-HIST-00510,historical_media_guide,1936-1937,1936-12-08,St. Louis,saint-louis,Saint Louis,31,26,W,0,away_candidate,unknown,,,,,,,REGULAR_SEASON,,24,Dec. 8 @ St. Louis W 31-26,opponent_resolved_site_pending,,MATCHED,BOOTSTRAP_SAME_SOURCE_SEQUENCE
ASRT-MIZ-00511,CBBG-0000511,missouri,MIZ-HIST-00511,historical_media_guide,1936-1937,1936-12-12,Washington (Mo.),washington-university-of-st-louis,Washington University of St. Louis,38,34,W,0,home_or_special_site_candidate,unknown,Brewer Fieldhouse,,,,,,REGULAR_SEASON,,24,Dec. 12 Washington (Mo.) W 38-34,opponent_resolved_site_pending,,MATCHED,BOOTSTRAP_SAME_SOURCE_SEQUENCE
ASRT-MIZ-00512,CBBG-0000512,missouri,MIZ-HIST-00512,historical_media_guide,1936-1937,1936-12-22,Colorado,colorado,Colorado,37,32,W,0,away_candidate,unknown,,,,,,,REGULAR_SEASON,,24,Dec. 22 @ Colorado (OT) W 37-32,opponent_resolved_site_pending,,MATCHED,BOOTSTRAP_SAME_SOURCE_SEQUENCE
ASRT-MIZ-00513,CBBG-0000513,missouri,MIZ-HIST-00513,historical_media_guide,1936-1937,1936-12-23,Denver,denver,Denver,45,35,W,0,away_candidate,unknown,,,,,,,REGULAR_SEASON,,24,Dec. 23 @ Denver W 45-35,opponent_resolved_site_pending,,MATCHED,BOOTSTRAP_SAME_SOURCE_SEQUENCE
ASRT-MIZ-00514,CBBG-0000514,missouri,MIZ-HIST-00514,historical_media_guide,1936-1937,1937-01-09,Nebraska,nebraska,Nebraska,22,31,L,0,home_or_special_site_candidate,unknown,Brewer Fieldhouse,,,,,,REGULAR_SEASON,,24,Jan. 9 Nebraska L 22-31,opponent_resolved_site_pending,,MATCHED,BOOTSTRAP_SAME_SOURCE_SEQUENCE
ASRT-MIZ-00515,CBBG-0000515,missouri,MIZ-HIST-00515,historical_media_guide,1936-1937,1937-01-13,Iowa State,iowa-state,Iowa State,31,28,W,0,away_candidate,unknown,,,,,,,REGULAR_SEASON,,24,Jan. 13 @ Iowa State W 31-28,opponent_resolved_site_pending,,MATCHED,BOOTSTRAP_SAME_SOURCE_SEQUENCE
ASRT-MIZ-00516,CBBG-0000516,missouri,MIZ-HIST-00516,historical_media_guide,1936-1937,1937-01-16,Kansas,kansas,Kansas,27,39,L,0,away_candidate,unknown,,,,,,,REGULAR_SEASON,,24,Jan. 16 @ Kansas L 27-39,opponent_resolved_site_pending,,MATCHED,BOOTSTRAP_SAME_SOURCE_SEQUENCE
ASRT-MIZ-00517,CBBG-0000517,missouri,MIZ-HIST-00517,historical_media_guide,1936-1937,1937-01-20,Iowa State,iowa-state,Iowa State,39,27,W,0,home_or_special_site_candidate,unknown,Brewer Fieldhouse,,,,,,REGULAR_SEASON,,24,Jan. 20 Iowa State W 39-27,opponent_resolved_site_pending,,MATCHED,BOOTSTRAP_SAME_SOURCE_SEQUENCE
ASRT-MIZ-00518,CBBG-0000518,missouri,MIZ-HIST-00518,historical_media_guide,1936-1937,1937-01-30,Washington (Mo.),washington-university-of-st-louis,Washington University of St. Louis,23,26,L,0,away_candidate,unknown,,,,,,,REGULAR_SEASON,,24,Jan. 30 @ Washington (Mo.) L 23-26,opponent_resolved_site_pending,,MATCHED,BOOTSTRAP_SAME_SOURCE_SEQUENCE
ASRT-MIZ-00519,CBBG-0000519,missouri,MIZ-HIST-00519,historical_media_guide,1936-1937,1937-02-06,Oklahoma,oklahoma,Oklahoma,26,42,L,0,away_candidate,unknown,,,,,,,REGULAR_SEASON,,24,Feb. 6 @ Oklahoma L 26-42,opponent_resolved_site_pending,,MATCHED,BOOTSTRAP_SAME_SOURCE_SEQUENCE
ASRT-MIZ-00520,CBBG-0000520,missouri,MIZ-HIST-00520,historical_media_guide,1936-1937,1937-02-08,Kansas State,kansas-state,Kansas State,42,46,L,0,home_or_special_site_candidate,unknown,Brewer Fieldhouse,,,,,,REGULAR_SEASON,,24,Feb. 8 Kansas State L 42-46,opponent_resolved_site_pending,,MATCHED,BOOTSTRAP_SAME_SOURCE_SEQUENCE
ASRT-MIZ-00521,CBBG-0000521,missouri,MIZ-HIST-00521,historical_media_guide,1936-1937,1937-02-13,St. Louis,saint-louis,Saint Louis,41,27,W,0,home_or_special_site_candidate,unknown,Brewer Fieldhouse,,,,,,REGULAR_SEASON,,24,Feb. 13 St. Louis W 41-27,opponent_resolved_site_pending,,MATCHED,BOOTSTRAP_SAME_SOURCE_SEQUENCE
ASRT-MIZ-00522,CBBG-0000522,missouri,MIZ-HIST-00522,historical_media_guide,1936-1937,1937-02-19,Nebraska,nebraska,Nebraska,21,50,L,0,away_candidate,unknown,,,,,,,REGULAR_SEASON,,24,Feb. 19 @ Nebraska L 21-50,opponent_resolved_site_pending,,MATCHED,BOOTSTRAP_SAME_SOURCE_SEQUENCE
ASRT-MIZ-00523,CBBG-0000523,missouri,MIZ-HIST-00523,historical_media_guide,1936-1937,1937-02-20,Kansas State,kansas-state,Kansas State,26,39,L,0,away_candidate,unknown,,,,,,,REGULAR_SEASON,,24,Feb. 20 @ Kansas State L 26-39,opponent_resolved_site_pending,,MATCHED,BOOTSTRAP_SAME_SOURCE_SEQUENCE
ASRT-MIZ-00524,CBBG-0000524,missouri,MIZ-HIST-00524,historical_media_guide,1936-1937,1937-02-26,Oklahoma,oklahoma,Oklahoma,41,50,L,0,home_or_special_site_candidate,unknown,Brewer Fieldhouse,,,,,,REGULAR_SEASON,,24,Feb. 26 Oklahoma L 41-50,opponent_resolved_site_pending,,MATCHED,BOOTSTRAP_SAME_SOURCE_SEQUENCE
ASRT-MIZ-00525,CBBG-0000525,missouri,MIZ-HIST-00525,historical_media_guide,1936-1937,1937-03-04,Kansas,kansas,Kansas,24,39,L,0,home_or_special_site_candidate,unknown,Brewer Fieldhouse,,,,,,REGULAR_SEASON,,24,Mar. 4 Kansas L 24-39,opponent_resolved_site_pending,,MATCHED,BOOTSTRAP_SAME_SOURCE_SEQUENCE
ASRT-MIZ-00526,CBBG-0000526,missouri,MIZ-HIST-00526,historical_media_guide,1937-1938,1937-12-11,St. Louis,saint-louis,Saint Louis,35,33,W,0,home_or_special_site_candidate,unknown,Brewer Fieldhouse,,,,,,REGULAR_SEASON,,24,Dec. 11 St. Louis W 35-33,opponent_resolved_site_pending,,MATCHED,BOOTSTRAP_SAME_SOURCE_SEQUENCE
ASRT-MIZ-00527,CBBG-0000527,missouri,MIZ-HIST-00527,historical_media_guide,1937-1938,1937-12-17,St. Louis,saint-louis,Saint Louis,24,31,L,0,away_candidate,unknown,,,,,,,REGULAR_SEASON,,24,Dec. 17 @ St. Louis L 24-31,opponent_resolved_site_pending,,MATCHED,BOOTSTRAP_SAME_SOURCE_SEQUENCE
ASRT-MIZ-00528,CBBG-0000528,missouri,MIZ-HIST-00528,historical_media_guide,1937-1938,1937-12-18,Washington (Mo.),washington-university-of-st-louis,Washington University of St. Louis,47,46,W,0,away_candidate,unknown,,,,,,,REGULAR_SEASON,,24,Dec. 18 @ Washington (Mo.) W 47-46,opponent_resolved_site_pending,,MATCHED,BOOTSTRAP_SAME_SOURCE_SEQUENCE
ASRT-MIZ-00529,CBBG-0000529,missouri,MIZ-HIST-00529,historical_media_guide,1937-1938,1937-12-30,Michigan State,michigan-state,Michigan State,33,43,L,0,away_candidate,unknown,,,,,,,REGULAR_SEASON,,24,Dec. 30 @ Michigan State L 33-43,opponent_resolved_site_pending,,MATCHED,BOOTSTRAP_SAME_SOURCE_SEQUENCE
ASRT-MIZ-00530,CBBG-0000530,missouri,MIZ-HIST-00530,historical_media_guide,1937-1938,1937-12-31,Wisconsin,wisconsin,Wisconsin,29,40,L,0,away_candidate,unknown,,,,,,,REGULAR_SEASON,,24,Dec. 31 @ Wisconsin L 29-40,opponent_resolved_site_pending,,MATCHED,BOOTSTRAP_SAME_SOURCE_SEQUENCE
ASRT-MIZ-00531,CBBG-0000531,missouri,MIZ-HIST-00531,historical_media_guide,1937-1938,1938-01-07,Colorado,colorado,Colorado,35,33,W,0,home_or_special_site_candidate,unknown,Brewer Fieldhouse,,,,,,REGULAR_SEASON,,24,Jan. 7 Colorado W 35-33,opponent_resolved_site_pending,,MATCHED,BOOTSTRAP_SAME_SOURCE_SEQUENCE
ASRT-MIZ-00532,CBBG-0000532,missouri,MIZ-HIST-00532,historical_media_guide,1937-1938,1938-01-08,Colorado,colorado,Colorado,33,29,W,0,home_or_special_site_candidate,unknown,Brewer Fieldhouse,,,,,,REGULAR_SEASON,,24,Jan. 8 Colorado W 33-29,opponent_resolved_site_pending,,MATCHED,BOOTSTRAP_SAME_SOURCE_SEQUENCE
ASRT-MIZ-00533,CBBG-0000533,missouri,MIZ-HIST-00533,historical_media_guide,1937-1938,1938-01-14,Nebraska,nebraska,Nebraska,27,18,W,0,away_candidate,unknown,,,,,,,REGULAR_SEASON,,24,Jan. 14 @ Nebraska W 27-18,opponent_resolved_site_pending,,MATCHED,BOOTSTRAP_SAME_SOURCE_SEQUENCE
ASRT-MIZ-00534,CBBG-0000534,missouri,MIZ-HIST-00534,historical_media_guide,1937-1938,1938-01-15,Kansas State,kansas-state,Kansas State,28,29,L,0,away_candidate,unknown,,,,,,,REGULAR_SEASON,,24,Jan. 15 @ Kansas State (OT) L 28-29,opponent_resolved_site_pending,,MATCHED,BOOTSTRAP_SAME_SOURCE_SEQUENCE
ASRT-MIZ-00535,CBBG-0000535,missouri,MIZ-HIST-00535,historical_media_guide,1937-1938,1938-01-19,Kansas,kansas,Kansas,32,37,L,0,home_or_special_site_candidate,unknown,Brewer Fieldhouse,,,,,,REGULAR_SEASON,,24,Jan. 19 Kansas L 32-37,opponent_resolved_site_pending,,MATCHED,BOOTSTRAP_SAME_SOURCE_SEQUENCE
ASRT-MIZ-00536,CBBG-0000536,missouri,MIZ-HIST-00536,historical_media_guide,1937-1938,1938-01-21,Iowa State,iowa-state,Iowa State,43,34,W,0,home_or_special_site_candidate,unknown,Brewer Fieldhouse,,,,,,REGULAR_SEASON,,24,Jan. 21 Iowa State W 43-34,opponent_resolved_site_pending,,MATCHED,BOOTSTRAP_SAME_SOURCE_SEQUENCE
ASRT-MIZ-00537,CBBG-0000537,missouri,MIZ-HIST-00537,historical_media_guide,1937-1938,1938-02-04,Washington (Mo.),washington-university-of-st-louis,Washington University of St. Louis,45,28,W,0,home_or_special_site_candidate,unknown,Brewer Fieldhouse,,,,,,REGULAR_SEASON,,24,Feb. 4 Washington (Mo.) W 45-28,opponent_resolved_site_pending,,MATCHED,BOOTSTRAP_SAME_SOURCE_SEQUENCE
ASRT-MIZ-00538,CBBG-0000538,missouri,MIZ-HIST-00538,historical_media_guide,1937-1938,1938-02-05,Iowa State,iowa-state,Iowa State,35,38,L,0,away_candidate,unknown,,,,,,,REGULAR_SEASON,,24,Feb. 5 @ Iowa State L 35-38,opponent_resolved_site_pending,,MATCHED,BOOTSTRAP_SAME_SOURCE_SEQUENCE
ASRT-MIZ-00539,CBBG-0000539,missouri,MIZ-HIST-00539,historical_media_guide,1937-1938,1938-02-12,Nebraska,nebraska,Nebraska,38,30,W,0,home_or_special_site_candidate,unknown,Brewer Fieldhouse,,,,,,REGULAR_SEASON,,24,Feb. 12 Nebraska W 38-30,opponent_resolved_site_pending,,MATCHED,BOOTSTRAP_SAME_SOURCE_SEQUENCE
ASRT-MIZ-00540,CBBG-0000540,missouri,MIZ-HIST-00540,historical_media_guide,1937-1938,1938-02-18,Kansas State,kansas-state,Kansas State,59,46,W,0,home_or_special_site_candidate,unknown,Brewer Fieldhouse,,,,,,REGULAR_SEASON,,24,Feb. 18 Kansas State W 59-46,opponent_resolved_site_pending,,MATCHED,BOOTSTRAP_SAME_SOURCE_SEQUENCE
ASRT-MIZ-00541,CBBG-0000541,missouri,MIZ-HIST-00541,historical_media_guide,1937-1938,1938-02-21,Oklahoma,oklahoma,Oklahoma,39,41,L,0,away_candidate,unknown,,,,,,,REGULAR_SEASON,,24,Feb. 21 @ Oklahoma L 39-41,opponent_resolved_site_pending,,MATCHED,BOOTSTRAP_SAME_SOURCE_SEQUENCE
ASRT-MIZ-00542,CBBG-0000542,missouri,MIZ-HIST-00542,historical_media_guide,1937-1938,1938-02-28,Oklahoma,oklahoma,Oklahoma,52,55,L,0,home_or_special_site_candidate,unknown,Brewer Fieldhouse,,,,,,REGULAR_SEASON,,24,Feb. 28 Oklahoma L 52-55,opponent_resolved_site_pending,,MATCHED,BOOTSTRAP_SAME_SOURCE_SEQUENCE
ASRT-MIZ-00543,CBBG-0000543,missouri,MIZ-HIST-00543,historical_media_guide,1937-1938,1938-03-03,Kansas,kansas,Kansas,36,56,L,0,away_candidate,unknown,,,,,,,REGULAR_SEASON,,24,Mar. 3 @ Kansas L 36-56,opponent_resolved_site_pending,,MATCHED,BOOTSTRAP_SAME_SOURCE_SEQUENCE
ASRT-MIZ-00544,CBBG-0000544,missouri,MIZ-HIST-00544,historical_media_guide,1938-1939,1938-12-17,St. Louis,saint-louis,Saint Louis,42,30,W,0,home_or_special_site_candidate,unknown,Brewer Fieldhouse,,,,,,REGULAR_SEASON,,24,Dec. 17 St. Louis W 42-30,opponent_resolved_site_pending,,MATCHED,BOOTSTRAP_SAME_SOURCE_SEQUENCE
ASRT-MIZ-00545,CBBG-0000545,missouri,MIZ-HIST-00545,historical_media_guide,1938-1939,1938-12-20,Wyoming,wyoming,Wyoming,38,42,L,0,home_or_special_site_candidate,unknown,Brewer Fieldhouse,,,,,,REGULAR_SEASON,,24,Dec. 20 Wyoming L 38-42,opponent_resolved_site_pending,,MATCHED,BOOTSTRAP_SAME_SOURCE_SEQUENCE
ASRT-MIZ-00546,CBBG-0000546,missouri,MIZ-HIST-00546,historical_media_guide,1938-1939,1938-12-21,St. Louis,saint-louis,Saint Louis,27,35,L,0,away_candidate,unknown,,,,,,,REGULAR_SEASON,,24,Dec. 21 @ St. Louis L 27-35,opponent_resolved_site_pending,,MATCHED,BOOTSTRAP_SAME_SOURCE_SEQUENCE
ASRT-MIZ-00547,CBBG-0000547,missouri,MIZ-HIST-00547,historical_media_guide,1938-1939,1938-12-22,Washington (Mo.),washington-university-of-st-louis,Washington University of St. Louis,43,47,L,0,away_candidate,unknown,,,,,,,REGULAR_SEASON,,24,Dec. 22 @ Washington (Mo.) L 43-47,opponent_resolved_site_pending,,MATCHED,BOOTSTRAP_SAME_SOURCE_SEQUENCE
ASRT-MIZ-00548,CBBG-0000548,missouri,MIZ-HIST-00548,historical_media_guide,1938-1939,1939-01-02,Denver,denver,Denver,51,48,W,0,away_candidate,unknown,,,,,,,REGULAR_SEASON,,24,Jan. 2 @ Denver (OT) W 51-48,opponent_resolved_site_pending,,MATCHED,BOOTSTRAP_SAME_SOURCE_SEQUENCE
ASRT-MIZ-00549,CBBG-0000549,missouri,MIZ-HIST-00549,historical_media_guide,1938-1939,1939-01-05,Northern Colorado,northern-colorado,Northern Colorado,41,26,W,0,away_candidate,unknown,,,,,,,REGULAR_SEASON,,24,Jan. 5 @ Northern Colorado W 41-26,opponent_resolved_site_pending,,MATCHED,BOOTSTRAP_SAME_SOURCE_SEQUENCE
ASRT-MIZ-00550,CBBG-0000550,missouri,MIZ-HIST-00550,historical_media_guide,1938-1939,1939-01-06,Wyoming,wyoming,Wyoming,41,35,W,0,away_candidate,unknown,,,,,,,REGULAR_SEASON,,24,Jan. 6 @ Wyoming W 41-35,opponent_resolved_site_pending,,MATCHED,BOOTSTRAP_SAME_SOURCE_SEQUENCE
ASRT-MIZ-00551,CBBG-0000551,missouri,MIZ-HIST-00551,historical_media_guide,1938-1939,1939-01-09,Iowa State,iowa-state,Iowa State,56,35,W,0,home_or_special_site_candidate,unknown,Brewer Fieldhouse,,,,,,REGULAR_SEASON,,24,Jan. 9 Iowa State W 56-35,opponent_resolved_site_pending,,MATCHED,BOOTSTRAP_SAME_SOURCE_SEQUENCE
ASRT-MIZ-00552,CBBG-0000552,missouri,MIZ-HIST-00552,historical_media_guide,1938-1939,1939-01-14,Oklahoma,oklahoma,Oklahoma,37,33,W,0,home_or_special_site_candidate,unknown,Brewer Fieldhouse,,,,,,REGULAR_SEASON,,24,Jan. 14 Oklahoma (OT) W 37-33,opponent_resolved_site_pending,,MATCHED,BOOTSTRAP_SAME_SOURCE_SEQUENCE
ASRT-MIZ-00553,CBBG-0000553,missouri,MIZ-HIST-00553,historical_media_guide,1938-1939,1939-01-18,Kansas,kansas,Kansas,32,37,L,0,away_candidate,unknown,,,,,,,REGULAR_SEASON,,24,Jan. 18 @ Kansas L 32-37,opponent_resolved_site_pending,,MATCHED,BOOTSTRAP_SAME_SOURCE_SEQUENCE
ASRT-MIZ-00554,CBBG-0000554,missouri,MIZ-HIST-00554,historical_media_guide,1938-1939,1939-01-21,Nebraska,nebraska,Nebraska,54,41,W,0,home_or_special_site_candidate,unknown,Brewer Fieldhouse,,,,,,REGULAR_SEASON,,24,Jan. 21 Nebraska W 54-41,opponent_resolved_site_pending,,MATCHED,BOOTSTRAP_SAME_SOURCE_SEQUENCE
ASRT-MIZ-00555,CBBG-0000555,missouri,MIZ-HIST-00555,historical_media_guide,1938-1939,1939-01-30,Washington (Mo.),washington-university-of-st-louis,Washington University of St. Louis,52,32,W,0,home_or_special_site_candidate,unknown,Brewer Fieldhouse,,,,,,REGULAR_SEASON,,24,Jan. 30 Washington (Mo.) W 52-32,opponent_resolved_site_pending,,MATCHED,BOOTSTRAP_SAME_SOURCE_SEQUENCE
ASRT-MIZ-00556,CBBG-0000556,missouri,MIZ-HIST-00556,historical_media_guide,1938-1939,1939-02-04,Iowa State,iowa-state,Iowa State,45,51,L,0,away_candidate,unknown,,,,,,,REGULAR_SEASON,,24,Feb. 4 @ Iowa State L 45-51,opponent_resolved_site_pending,,MATCHED,BOOTSTRAP_SAME_SOURCE_SEQUENCE
ASRT-MIZ-00557,CBBG-0000557,missouri,MIZ-HIST-00557,historical_media_guide,1938-1939,1939-02-11,Oklahoma,oklahoma,Oklahoma,40,43,L,0,away_candidate,unknown,,,,,,,REGULAR_SEASON,,24,Feb. 11 @ Oklahoma L 40-43,opponent_resolved_site_pending,,MATCHED,BOOTSTRAP_SAME_SOURCE_SEQUENCE
ASRT-MIZ-00558,CBBG-0000558,missouri,MIZ-HIST-00558,historical_media_guide,1938-1939,1939-02-18,Nebraska,nebraska,Nebraska,46,36,W,0,away_candidate,unknown,,,,,,,REGULAR_SEASON,,24,Feb. 18 @ Nebraska W 46-36,opponent_resolved_site_pending,,MATCHED,BOOTSTRAP_SAME_SOURCE_SEQUENCE
ASRT-MIZ-00559,CBBG-0000559,missouri,MIZ-HIST-00559,historical_media_guide,1938-1939,1939-02-20,Kansas State,kansas-state,Kansas State,39,29,W,0,away_candidate,unknown,,,,,,,REGULAR_SEASON,,24,Feb. 20 @ Kansas State W 39-29,opponent_resolved_site_pending,,MATCHED,BOOTSTRAP_SAME_SOURCE_SEQUENCE
ASRT-MIZ-00560,CBBG-0000560,missouri,MIZ-HIST-00560,historical_media_guide,1938-1939,1939-02-25,Kansas State,kansas-state,Kansas State,46,37,W,0,home_or_special_site_candidate,unknown,Brewer Fieldhouse,,,,,,REGULAR_SEASON,,24,Feb. 25 Kansas State W 46-37,opponent_resolved_site_pending,,MATCHED,BOOTSTRAP_SAME_SOURCE_SEQUENCE
ASRT-MIZ-00561,CBBG-0000561,missouri,MIZ-HIST-00561,historical_media_guide,1938-1939,1939-03-02,Kansas,kansas,Kansas,54,30,W,0,home_or_special_site_candidate,unknown,Brewer Fieldhouse,,,,,,REGULAR_SEASON,,24,Mar. 2 Kansas W 54-30,opponent_resolved_site_pending,,MATCHED,BOOTSTRAP_SAME_SOURCE_SEQUENCE
ASRT-MIZ-00562,CBBG-0000562,missouri,MIZ-HIST-00562,historical_media_guide,1939-1940,1939-12-16,St. Louis,saint-louis,Saint Louis,54,45,W,0,home_or_special_site_candidate,unknown,Brewer Fieldhouse,,,,,,REGULAR_SEASON,,24,Dec. 16 St. Louis W 54-45,opponent_resolved_site_pending,,MATCHED,BOOTSTRAP_SAME_SOURCE_SEQUENCE
ASRT-MIZ-00563,CBBG-0000563,missouri,MIZ-HIST-00563,historical_media_guide,1939-1940,1939-12-18,Denver,denver,Denver,40,36,W,0,home_or_special_site_candidate,unknown,Brewer Fieldhouse,,,,,,REGULAR_SEASON,,24,Dec. 18 Denver W 40-36,opponent_resolved_site_pending,,MATCHED,BOOTSTRAP_SAME_SOURCE_SEQUENCE
ASRT-MIZ-00564,CBBG-0000564,missouri,MIZ-HIST-00564,historical_media_guide,1939-1940,1939-12-21,St. Louis,saint-louis,Saint Louis,48,34,W,0,away_candidate,unknown,,,,,,,REGULAR_SEASON,,24,Dec. 21 @ St. Louis W 48-34,opponent_resolved_site_pending,,MATCHED,BOOTSTRAP_SAME_SOURCE_SEQUENCE
ASRT-MIZ-00565,CBBG-0000565,missouri,MIZ-HIST-00565,historical_media_guide,1939-1940,1939-12-22,Washington (Mo.),washington-university-of-st-louis,Washington University of St. Louis,29,34,L,0,away_candidate,unknown,,,,,,,REGULAR_SEASON,,24,Dec. 22 @ Washington (Mo.) L 29-34,opponent_resolved_site_pending,,MATCHED,BOOTSTRAP_SAME_SOURCE_SEQUENCE
ASRT-MIZ-00566,CBBG-0000566,missouri,MIZ-HIST-00566,historical_media_guide,1939-1940,1939-12-28,New York U.,nyu,NYU,47,68,L,0,away_candidate,unknown,,,,,,,REGULAR_SEASON,,24,Dec. 28 @ New York U. L 47-68,opponent_resolved_site_pending,,MATCHED,BOOTSTRAP_SAME_SOURCE_SEQUENCE
ASRT-MIZ-00567,CBBG-0000567,missouri,MIZ-HIST-00567,historical_media_guide,1939-1940,1939-12-29,St. Joseph’s (Pa.),saint-joseph-s,Saint Joseph's,38,39,L,0,away_candidate,unknown,,,,,,,REGULAR_SEASON,,24,Dec. 29 @ St. Joseph’s (Pa.) L 38-39,opponent_resolved_site_pending,,MATCHED,BOOTSTRAP_SAME_SOURCE_SEQUENCE
ASRT-MIZ-00568,CBBG-0000568,missouri,MIZ-HIST-00568,historical_media_guide,1939-1940,1940-01-05,Northern Colorado,northern-colorado,Northern Colorado,53,34,W,0,home_or_special_site_candidate,unknown,Brewer Fieldhouse,,,,,,REGULAR_SEASON,,24,Jan. 5 Northern Colorado W 53-34,opponent_resolved_site_pending,,MATCHED,BOOTSTRAP_SAME_SOURCE_SEQUENCE
ASRT-MIZ-00569,CBBG-0000569,missouri,MIZ-HIST-00569,historical_media_guide,1939-1940,1940-01-13,Nebraska,nebraska,Nebraska,46,33,W,0,home_or_special_site_candidate,unknown,Brewer Fieldhouse,,,,,,REGULAR_SEASON,,24,Jan. 13 Nebraska W 46-33,opponent_resolved_site_pending,,MATCHED,BOOTSTRAP_SAME_SOURCE_SEQUENCE
ASRT-MIZ-00570,CBBG-0000570,missouri,MIZ-HIST-00570,historical_media_guide,1939-1940,1940-01-15,Iowa State,iowa-state,Iowa State,27,16,W,0,away_candidate,unknown,,,,,,,REGULAR_SEASON,,24,Jan. 15 @ Iowa State W 27-16,opponent_resolved_site_pending,,MATCHED,BOOTSTRAP_SAME_SOURCE_SEQUENCE
ASRT-MIZ-00571,CBBG-0000571,missouri,MIZ-HIST-00571,historical_media_guide,1939-1940,1940-01-18,Kansas,kansas,Kansas,42,31,W,0,home_or_special_site_candidate,unknown,Brewer Fieldhouse,,,,,,REGULAR_SEASON,,24,Jan. 18 Kansas W 42-31,opponent_resolved_site_pending,,MATCHED,BOOTSTRAP_SAME_SOURCE_SEQUENCE
ASRT-MIZ-00572,CBBG-0000572,missouri,MIZ-HIST-00572,historical_media_guide,1939-1940,1940-01-29,Oklahoma,oklahoma,Oklahoma,34,35,L,0,home_or_special_site_candidate,unknown,Brewer Fieldhouse,,,,,,REGULAR_SEASON,,24,Jan. 29 Oklahoma L 34-35,opponent_resolved_site_pending,,MATCHED,BOOTSTRAP_SAME_SOURCE_SEQUENCE
ASRT-MIZ-00573,CBBG-0000573,missouri,MIZ-HIST-00573,historical_media_guide,1939-1940,1940-02-03,Nebraska,nebraska,Nebraska,41,40,W,0,away_candidate,unknown,,,,,,,REGULAR_SEASON,,24,Feb. 3 @ Nebraska W 41-40,opponent_resolved_site_pending,,MATCHED,BOOTSTRAP_SAME_SOURCE_SEQUENCE
ASRT-MIZ-00574,CBBG-0000574,missouri,MIZ-HIST-00574,historical_media_guide,1939-1940,1940-02-05,Kansas State,kansas-state,Kansas State,44,28,W,0,away_candidate,unknown,,,,,,,REGULAR_SEASON,,24,Feb. 5 @ Kansas State W 44-28,opponent_resolved_site_pending,,MATCHED,BOOTSTRAP_SAME_SOURCE_SEQUENCE
ASRT-MIZ-00575,CBBG-0000575,missouri,MIZ-HIST-00575,historical_media_guide,1939-1940,1940-02-09,Washington (Mo.),washington-university-of-st-louis,Washington University of St. Louis,35,26,W,0,home_or_special_site_candidate,unknown,Brewer Fieldhouse,,,,,,REGULAR_SEASON,,24,Feb. 9 Washington (Mo.) W 35-26,opponent_resolved_site_pending,,MATCHED,BOOTSTRAP_SAME_SOURCE_SEQUENCE
ASRT-MIZ-00576,CBBG-0000576,missouri,MIZ-HIST-00576,historical_media_guide,1939-1940,1940-02-13,Oklahoma,oklahoma,Oklahoma,33,27,W,0,away_candidate,unknown,,,,,,,REGULAR_SEASON,,24,Feb. 13 @ Oklahoma W 33-27,opponent_resolved_site_pending,,MATCHED,BOOTSTRAP_SAME_SOURCE_SEQUENCE
ASRT-MIZ-00577,CBBG-0000577,missouri,MIZ-HIST-00577,historical_media_guide,1939-1940,1940-02-16,Kansas State,kansas-state,Kansas State,36,23,W,0,home_or_special_site_candidate,unknown,Brewer Fieldhouse,,,,,,REGULAR_SEASON,,24,Feb. 16 Kansas State W 36-23,opponent_resolved_site_pending,,MATCHED,BOOTSTRAP_SAME_SOURCE_SEQUENCE
ASRT-MIZ-00578,CBBG-0000578,missouri,MIZ-HIST-00578,historical_media_guide,1939-1940,1940-02-22,Iowa State,iowa-state,Iowa State,63,40,W,0,home_or_special_site_candidate,unknown,Brewer Fieldhouse,,,,,,REGULAR_SEASON,,24,Feb. 22 Iowa State W 63-40,opponent_resolved_site_pending,,MATCHED,BOOTSTRAP_SAME_SOURCE_SEQUENCE
ASRT-MIZ-00579,CBBG-0000579,missouri,MIZ-HIST-00579,historical_media_guide,1939-1940,1940-03-01,Kansas,kansas,Kansas,40,42,L,0,away_candidate,unknown,,,,,,,REGULAR_SEASON,,24,Mar. 1 @ Kansas L 40-42,opponent_resolved_site_pending,,MATCHED,BOOTSTRAP_SAME_SOURCE_SEQUENCE
ASRT-MIZ-00580,CBBG-0000580,missouri,MIZ-HIST-00580,historical_media_guide,1939-1940,1940-03-11,Oklahoma,oklahoma,Oklahoma,41,52,L,0,home_or_special_site_candidate,unknown,,,,,"Playoff for NCAA Tournament berth, played in Wichita",,REGULAR_SEASON,,24,Mar. 11 #Oklahoma L 41-52,opponent_resolved_site_pending,,MATCHED,BOOTSTRAP_SAME_SOURCE_SEQUENCE
ASRT-MIZ-00581,CBBG-0000581,missouri,MIZ-HIST-00581,historical_media_guide,1940-1941,1940-12-13,Washington (Mo.),washington-university-of-st-louis,Washington University of St. Louis,27,35,L,0,away_candidate,unknown,,,,,,,REGULAR_SEASON,,24,Dec. 13 @ Washington (Mo.) L 27-35,opponent_resolved_site_pending,,MATCHED,BOOTSTRAP_SAME_SOURCE_SEQUENCE
ASRT-MIZ-00582,CBBG-0000582,missouri,MIZ-HIST-00582,historical_media_guide,1940-1941,1940-12-14,St. Louis,saint-louis,Saint Louis,34,21,W,0,away_candidate,unknown,,,,,,,REGULAR_SEASON,,24,Dec. 14 @ St. Louis W 34-21,opponent_resolved_site_pending,,MATCHED,BOOTSTRAP_SAME_SOURCE_SEQUENCE
ASRT-MIZ-00583,CBBG-0000583,missouri,MIZ-HIST-00583,historical_media_guide,1940-1941,1940-12-19,Westminster,westminster,Westminster,41,36,W,0,home_or_special_site_candidate,unknown,Brewer Fieldhouse,,,,,,REGULAR_SEASON,,24,Dec. 19 Westminster W 41-36,opponent_resolved_site_pending,,MATCHED,BOOTSTRAP_SAME_SOURCE_SEQUENCE
ASRT-MIZ-00584,CBBG-0000584,missouri,MIZ-HIST-00584,historical_media_guide,1940-1941,1941-01-03,Washington (Mo.),washington-university-of-st-louis,Washington University of St. Louis,35,32,W,0,home_or_special_site_candidate,unknown,Brewer Fieldhouse,,,,,,REGULAR_SEASON,,24,Jan. 3 Washington (Mo.) W 35-32,opponent_resolved_site_pending,,MATCHED,BOOTSTRAP_SAME_SOURCE_SEQUENCE
ASRT-MIZ-00585,CBBG-0000585,missouri,MIZ-HIST-00585,historical_media_guide,1940-1941,1941-01-08,Southwest Missouri,missouri-state,Missouri State,32,35,L,0,away_candidate,unknown,,,,,,,REGULAR_SEASON,,24,Jan. 8 @ Southwest Missouri L 32-35,opponent_resolved_site_pending,,MATCHED,BOOTSTRAP_SAME_SOURCE_SEQUENCE
ASRT-MIZ-00586,CBBG-0000586,missouri,MIZ-HIST-00586,historical_media_guide,1940-1941,1941-01-16,Kansas,kansas,Kansas,41,48,L,0,away_candidate,unknown,,,,,,,REGULAR_SEASON,,24,Jan. 16 @ Kansas L 41-48,opponent_resolved_site_pending,,MATCHED,BOOTSTRAP_SAME_SOURCE_SEQUENCE
ASRT-MIZ-00587,CBBG-0000587,missouri,MIZ-HIST-00587,historical_media_guide,1940-1941,1941-01-18,Iowa State,iowa-state,Iowa State,37,40,L,0,away_candidate,unknown,,,,,,,REGULAR_SEASON,,24,Jan. 18 @ Iowa State L 37-40,opponent_resolved_site_pending,,MATCHED,BOOTSTRAP_SAME_SOURCE_SEQUENCE
ASRT-MIZ-00588,CBBG-0000588,missouri,MIZ-HIST-00588,historical_media_guide,1940-1941,1941-01-20,Nebraska,nebraska,Nebraska,29,40,L,0,away_candidate,unknown,,,,,,,REGULAR_SEASON,,24,Jan. 20 @ Nebraska L 29-40,opponent_resolved_site_pending,,MATCHED,BOOTSTRAP_SAME_SOURCE_SEQUENCE
ASRT-MIZ-00589,CBBG-0000589,missouri,MIZ-HIST-00589,historical_media_guide,1940-1941,1941-01-24,Oklahoma,oklahoma,Oklahoma,32,49,L,0,away_candidate,unknown,,,,,,,REGULAR_SEASON,,24,Jan. 24 @ Oklahoma L 32-49,opponent_resolved_site_pending,,MATCHED,BOOTSTRAP_SAME_SOURCE_SEQUENCE
ASRT-MIZ-00590,CBBG-0000590,missouri,MIZ-HIST-00590,historical_media_guide,1940-1941,1941-02-06,Kansas State,kansas-state,Kansas State,24,34,L,0,away_candidate,unknown,,,,,,,REGULAR_SEASON,,24,Feb. 6 @ Kansas State L 24-34,opponent_resolved_site_pending,,MATCHED,BOOTSTRAP_SAME_SOURCE_SEQUENCE
ASRT-MIZ-00591,CBBG-0000591,missouri,MIZ-HIST-00591,historical_media_guide,1940-1941,1941-02-12,St. Louis,saint-louis,Saint Louis,39,24,W,0,home_or_special_site_candidate,unknown,Brewer Fieldhouse,,,,,,REGULAR_SEASON,,24,Feb. 12 St. Louis W 39-24,opponent_resolved_site_pending,,MATCHED,BOOTSTRAP_SAME_SOURCE_SEQUENCE
ASRT-MIZ-00592,CBBG-0000592,missouri,MIZ-HIST-00592,historical_media_guide,1940-1941,1941-02-15,Nebraska,nebraska,Nebraska,36,38,L,0,home_or_special_site_candidate,unknown,Brewer Fieldhouse,,,,,,REGULAR_SEASON,,24,Feb. 15 Nebraska L 36-38,opponent_resolved_site_pending,,MATCHED,BOOTSTRAP_SAME_SOURCE_SEQUENCE
ASRT-MIZ-00593,CBBG-0000593,missouri,MIZ-HIST-00593,historical_media_guide,1940-1941,1941-02-17,Kansas State,kansas-state,Kansas State,30,28,W,0,home_or_special_site_candidate,unknown,Brewer Fieldhouse,,,,,,REGULAR_SEASON,,24,Feb. 17 Kansas State W 30-28,opponent_resolved_site_pending,,MATCHED,BOOTSTRAP_SAME_SOURCE_SEQUENCE
ASRT-MIZ-00594,CBBG-0000594,missouri,MIZ-HIST-00594,historical_media_guide,1940-1941,1941-02-21,Kansas,kansas,Kansas,24,35,L,0,home_or_special_site_candidate,unknown,Brewer Fieldhouse,,,,,,REGULAR_SEASON,,24,Feb. 21 Kansas L 24-35,opponent_resolved_site_pending,,MATCHED,BOOTSTRAP_SAME_SOURCE_SEQUENCE
ASRT-MIZ-00595,CBBG-0000595,missouri,MIZ-HIST-00595,historical_media_guide,1940-1941,1941-02-24,Iowa State,iowa-state,Iowa State,29,49,L,0,home_or_special_site_candidate,unknown,Brewer Fieldhouse,,,,,,REGULAR_SEASON,,24,Feb. 24 Iowa State L 29-49,opponent_resolved_site_pending,,MATCHED,BOOTSTRAP_SAME_SOURCE_SEQUENCE
ASRT-MIZ-00596,CBBG-0000596,missouri,MIZ-HIST-00596,historical_media_guide,1940-1941,1941-03-01,Oklahoma,oklahoma,Oklahoma,61,42,W,0,home_or_special_site_candidate,unknown,Brewer Fieldhouse,,,,,,REGULAR_SEASON,,24,Mar. 1 Oklahoma W 61-42,opponent_resolved_site_pending,,MATCHED,BOOTSTRAP_SAME_SOURCE_SEQUENCE
ASRT-MIZ-00597,CBBG-0000597,missouri,MIZ-HIST-00597,historical_media_guide,1941-1942,1941-12-09,St. Louis,saint-louis,Saint Louis,52,29,W,0,away_candidate,unknown,,,,,,,REGULAR_SEASON,,24,Dec. 9 @ St. Louis W 52-29,opponent_resolved_site_pending,,MATCHED,BOOTSTRAP_SAME_SOURCE_SEQUENCE
ASRT-MIZ-00598,CBBG-0000598,missouri,MIZ-HIST-00598,historical_media_guide,1941-1942,1941-12-16,Gonzaga,gonzaga,Gonzaga,55,46,W,0,away_candidate,unknown,,,,,,,REGULAR_SEASON,,24,Dec. 16 @ Gonzaga W 55-46,opponent_resolved_site_pending,,MATCHED,BOOTSTRAP_SAME_SOURCE_SEQUENCE
ASRT-MIZ-00599,CBBG-0000599,missouri,MIZ-HIST-00599,historical_media_guide,1941-1942,1941-12-17,Idaho,idaho,Idaho,28,40,L,0,away_candidate,unknown,,,,,,,REGULAR_SEASON,,24,Dec. 17 @ Idaho L 28-40,opponent_resolved_site_pending,,MATCHED,BOOTSTRAP_SAME_SOURCE_SEQUENCE
ASRT-MIZ-00600,CBBG-0000600,missouri,MIZ-HIST-00600,historical_media_guide,1941-1942,1941-12-19,Washington State,washington-state,Washington State,23,62,L,0,away_candidate,unknown,,,,,,,REGULAR_SEASON,,24,Dec. 19 @ Washington State L 23-62,opponent_resolved_site_pending,,MATCHED,BOOTSTRAP_SAME_SOURCE_SEQUENCE
ASRT-MIZ-00601,CBBG-0000601,missouri,MIZ-HIST-00601,historical_media_guide,1941-1942,1941-12-20,Washington,washington,Washington,31,52,L,0,away_candidate,unknown,,,,,,,REGULAR_SEASON,,24,Dec. 20 @ Washington L 31-52,opponent_resolved_site_pending,,MATCHED,BOOTSTRAP_SAME_SOURCE_SEQUENCE
ASRT-MIZ-00602,CBBG-0000602,missouri,MIZ-HIST-00602,historical_media_guide,1941-1942,1941-12-22,California,california,California,37,34,W,0,away_candidate,unknown,,,,,,,REGULAR_SEASON,,25,Dec. 22 @ California W 37-34,opponent_resolved_site_pending,,MATCHED,BOOTSTRAP_SAME_SOURCE_SEQUENCE
ASRT-MIZ-00603,CBBG-0000603,missouri,MIZ-HIST-00603,historical_media_guide,1941-1942,1942-01-06,St. Louis,saint-louis,Saint Louis,39,24,W,0,home_or_special_site_candidate,unknown,Brewer Fieldhouse,,,,,,REGULAR_SEASON,,25,Jan. 6 St. Louis W 39-24,opponent_resolved_site_pending,,MATCHED,BOOTSTRAP_SAME_SOURCE_SEQUENCE
ASRT-MIZ-00604,CBBG-0000604,missouri,MIZ-HIST-00604,historical_media_guide,1941-1942,1942-01-10,Iowa State,iowa-state,Iowa State,25,34,L,0,away_candidate,unknown,,,,,,,REGULAR_SEASON,,25,Jan. 10 @ Iowa State L 25-34,opponent_resolved_site_pending,,MATCHED,BOOTSTRAP_SAME_SOURCE_SEQUENCE
ASRT-MIZ-00605,CBBG-0000605,missouri,MIZ-HIST-00605,historical_media_guide,1941-1942,1942-01-12,Nebraska,nebraska,Nebraska,45,51,L,0,away_candidate,unknown,,,,,,,REGULAR_SEASON,,25,Jan. 12 @ Nebraska L 45-51,opponent_resolved_site_pending,,MATCHED,BOOTSTRAP_SAME_SOURCE_SEQUENCE
ASRT-MIZ-00606,CBBG-0000606,missouri,MIZ-HIST-00606,historical_media_guide,1941-1942,1942-01-14,Kansas,kansas,Kansas,34,48,L,0,home_or_special_site_candidate,unknown,Brewer Fieldhouse,,,,,,REGULAR_SEASON,,25,Jan. 14 Kansas L 34-48,opponent_resolved_site_pending,,MATCHED,BOOTSTRAP_SAME_SOURCE_SEQUENCE
ASRT-MIZ-00607,CBBG-0000607,missouri,MIZ-HIST-00607,historical_media_guide,1941-1942,1942-01-19,Oklahoma,oklahoma,Oklahoma,31,46,L,0,home_or_special_site_candidate,unknown,Brewer Fieldhouse,,,,,,REGULAR_SEASON,,25,Jan. 19 Oklahoma L 31-46,opponent_resolved_site_pending,,MATCHED,BOOTSTRAP_SAME_SOURCE_SEQUENCE
ASRT-MIZ-00608,CBBG-0000608,missouri,MIZ-HIST-00608,historical_media_guide,1941-1942,1942-01-29,Iowa State,iowa-state,Iowa State,45,41,W,0,home_or_special_site_candidate,unknown,Brewer Fieldhouse,,,,,,REGULAR_SEASON,,25,Jan. 29 Iowa State W 45-41,opponent_resolved_site_pending,,MATCHED,BOOTSTRAP_SAME_SOURCE_SEQUENCE
ASRT-MIZ-00609,CBBG-0000609,missouri,MIZ-HIST-00609,historical_media_guide,1941-1942,1942-02-04,Washington (Mo.),washington-university-of-st-louis,Washington University of St. Louis,34,35,L,0,home_or_special_site_candidate,unknown,Brewer Fieldhouse,,,,,,REGULAR_SEASON,,25,Feb. 4 Washington (Mo.) L 34-35,opponent_resolved_site_pending,,MATCHED,BOOTSTRAP_SAME_SOURCE_SEQUENCE
ASRT-MIZ-00610,CBBG-0000610,missouri,MIZ-HIST-00610,historical_media_guide,1941-1942,1942-02-07,Oklahoma,oklahoma,Oklahoma,36,60,L,0,away_candidate,unknown,,,,,,,REGULAR_SEASON,,25,Feb. 7 @ Oklahoma L 36-60,opponent_resolved_site_pending,,MATCHED,BOOTSTRAP_SAME_SOURCE_SEQUENCE
ASRT-MIZ-00611,CBBG-0000611,missouri,MIZ-HIST-00611,historical_media_guide,1941-1942,1942-02-14,Kansas State,kansas-state,Kansas State,44,36,W,0,home_or_special_site_candidate,unknown,Brewer Fieldhouse,,,,,,REGULAR_SEASON,,25,Feb. 14 Kansas State W 44-36,opponent_resolved_site_pending,,MATCHED,BOOTSTRAP_SAME_SOURCE_SEQUENCE
ASRT-MIZ-00612,CBBG-0000612,missouri,MIZ-HIST-00612,historical_media_guide,1941-1942,1942-02-21,Kansas State,kansas-state,Kansas State,35,42,L,0,away_candidate,unknown,,,,,,,REGULAR_SEASON,,25,Feb. 21 @ Kansas State L 35-42,opponent_resolved_site_pending,,MATCHED,BOOTSTRAP_SAME_SOURCE_SEQUENCE
ASRT-MIZ-00613,CBBG-0000613,missouri,MIZ-HIST-00613,historical_media_guide,1941-1942,1942-02-28,Nebraska,nebraska,Nebraska,40,41,L,0,home_or_special_site_candidate,unknown,Brewer Fieldhouse,,,,,,REGULAR_SEASON,,25,Feb. 28 Nebraska L 40-41,opponent_resolved_site_pending,,MATCHED,BOOTSTRAP_SAME_SOURCE_SEQUENCE
ASRT-MIZ-00614,CBBG-0000614,missouri,MIZ-HIST-00614,historical_media_guide,1941-1942,1942-03-06,Kansas,kansas,Kansas,44,67,L,0,away_candidate,unknown,,,,,,,REGULAR_SEASON,,25,Mar. 6 @ Kansas L 44-67,opponent_resolved_site_pending,,MATCHED,BOOTSTRAP_SAME_SOURCE_SEQUENCE
ASRT-MIZ-00615,CBBG-0000615,missouri,MIZ-HIST-00615,historical_media_guide,1942-1943,1942-12-12,Missouri Valley,missouri-valley,Missouri Valley,32,31,W,0,home_or_special_site_candidate,unknown,Brewer Fieldhouse,,,,,,REGULAR_SEASON,,25,Dec. 12 Missouri Valley W 32-31,opponent_resolved_site_pending,,MATCHED,BOOTSTRAP_SAME_SOURCE_SEQUENCE
ASRT-MIZ-00616,CBBG-0000616,missouri,MIZ-HIST-00616,historical_media_guide,1942-1943,1942-12-14,Illinois,illinois,Illinois,30,51,L,0,away_candidate,unknown,,,,,,,REGULAR_SEASON,,25,Dec. 14 @ Illinois L 30-51,opponent_resolved_site_pending,,MATCHED,BOOTSTRAP_SAME_SOURCE_SEQUENCE
ASRT-MIZ-00617,CBBG-0000617,missouri,MIZ-HIST-00617,historical_media_guide,1942-1943,1942-12-29,Olathe NAB,olathe-nab,Olathe NAB,35,45,L,0,home_or_special_site_candidate,unknown,Brewer Fieldhouse,,,,,,REGULAR_SEASON,,25,Dec. 29 Olathe NAB L 35-45,opponent_resolved_site_pending,,MATCHED,BOOTSTRAP_SAME_SOURCE_SEQUENCE
ASRT-MIZ-00618,CBBG-0000618,missouri,MIZ-HIST-00618,historical_media_guide,1942-1943,1943-01-02,Ft. Leonard Wood,ft-leonard-wood,Ft. Leonard Wood,49,23,W,0,home_or_special_site_candidate,unknown,Brewer Fieldhouse,,,,,,REGULAR_SEASON,,25,Jan. 2 Ft. Leonard Wood W 49-23,opponent_resolved_site_pending,,MATCHED,BOOTSTRAP_SAME_SOURCE_SEQUENCE
ASRT-MIZ-00619,CBBG-0000619,missouri,MIZ-HIST-00619,historical_media_guide,1942-1943,1943-01-06,Kansas,kansas,Kansas,44,69,L,0,away_candidate,unknown,,,,,,,REGULAR_SEASON,,25,Jan. 6 @ Kansas L 44-69,opponent_resolved_site_pending,,MATCHED,BOOTSTRAP_SAME_SOURCE_SEQUENCE
ASRT-MIZ-00620,CBBG-0000620,missouri,MIZ-HIST-00620,historical_media_guide,1942-1943,1943-01-07,Olathe NAB,olathe-nab,Olathe NAB,42,51,L,0,home_or_special_site_candidate,unknown,Brewer Fieldhouse,,,,,,REGULAR_SEASON,,25,Jan. 7 Olathe NAB L 42-51,opponent_resolved_site_pending,,MATCHED,BOOTSTRAP_SAME_SOURCE_SEQUENCE
ASRT-MIZ-00621,CBBG-0000621,missouri,MIZ-HIST-00621,historical_media_guide,1942-1943,1943-01-16,Nebraska,nebraska,Nebraska,36,39,L,0,home_or_special_site_candidate,unknown,Brewer Fieldhouse,,,,,,REGULAR_SEASON,,25,Jan. 16 Nebraska L 36-39,opponent_resolved_site_pending,,MATCHED,BOOTSTRAP_SAME_SOURCE_SEQUENCE
ASRT-MIZ-00622,CBBG-0000622,missouri,MIZ-HIST-00622,historical_media_guide,1942-1943,1943-01-23,Iowa State,iowa-state,Iowa State,52,34,W,0,home_or_special_site_candidate,unknown,Brewer Fieldhouse,,,,,,REGULAR_SEASON,,25,Jan. 23 Iowa State W 52-34,opponent_resolved_site_pending,,MATCHED,BOOTSTRAP_SAME_SOURCE_SEQUENCE
ASRT-MIZ-00623,CBBG-0000623,missouri,MIZ-HIST-00623,historical_media_guide,1942-1943,1943-01-29,Great Lakes NTS,great-lakes-nts,Great Lakes NTS,45,92,L,0,away_candidate,unknown,,,,,,,REGULAR_SEASON,,25,Jan. 29 @ Great Lakes NTS L 45-92,opponent_resolved_site_pending,,MATCHED,BOOTSTRAP_SAME_SOURCE_SEQUENCE
ASRT-MIZ-00624,CBBG-0000624,missouri,MIZ-HIST-00624,historical_media_guide,1942-1943,1943-01-30,Olathe NAB,olathe-nab,Olathe NAB,37,39,L,0,away_candidate,unknown,,,,,,,REGULAR_SEASON,,25,Jan. 30 @ Olathe NAB L 37-39,opponent_resolved_site_pending,,MATCHED,BOOTSTRAP_SAME_SOURCE_SEQUENCE
ASRT-MIZ-00625,CBBG-0000625,missouri,MIZ-HIST-00625,historical_media_guide,1942-1943,1943-02-06,Kansas State,kansas-state,Kansas State,44,30,W,0,home_or_special_site_candidate,unknown,Brewer Fieldhouse,,,,,,REGULAR_SEASON,,25,Feb. 6 Kansas State W 44-30,opponent_resolved_site_pending,,MATCHED,BOOTSTRAP_SAME_SOURCE_SEQUENCE
ASRT-MIZ-00626,CBBG-0000626,missouri,MIZ-HIST-00626,historical_media_guide,1942-1943,1943-02-15,Oklahoma,oklahoma,Oklahoma,50,45,W,0,home_or_special_site_candidate,unknown,Brewer Fieldhouse,,,,,,REGULAR_SEASON,,25,Feb. 15 Oklahoma W 50-45,opponent_resolved_site_pending,,MATCHED,BOOTSTRAP_SAME_SOURCE_SEQUENCE
ASRT-MIZ-00627,CBBG-0000627,missouri,MIZ-HIST-00627,historical_media_guide,1942-1943,1943-02-20,Nebraska,nebraska,Nebraska,50,56,L,0,away_candidate,unknown,,,,,,,REGULAR_SEASON,,25,Feb. 20 @ Nebraska L 50-56,opponent_resolved_site_pending,,MATCHED,BOOTSTRAP_SAME_SOURCE_SEQUENCE
ASRT-MIZ-00628,CBBG-0000628,missouri,MIZ-HIST-00628,historical_media_guide,1942-1943,1943-02-22,Iowa State,iowa-state,Iowa State,31,28,W,0,away_candidate,unknown,,,,,,,REGULAR_SEASON,,25,Feb. 22 @ Iowa State W 31-28,opponent_resolved_site_pending,,MATCHED,BOOTSTRAP_SAME_SOURCE_SEQUENCE
ASRT-MIZ-00629,CBBG-0000629,missouri,MIZ-HIST-00629,historical_media_guide,1942-1943,1943-02-27,Kansas State,kansas-state,Kansas State,42,34,W,0,away_candidate,unknown,,,,,,,REGULAR_SEASON,,25,Feb. 27 @ Kansas State W 42-34,opponent_resolved_site_pending,,MATCHED,BOOTSTRAP_SAME_SOURCE_SEQUENCE
ASRT-MIZ-00630,CBBG-0000630,missouri,MIZ-HIST-00630,historical_media_guide,1942-1943,1943-03-02,Kansas,kansas,Kansas,44,47,L,0,home_or_special_site_candidate,unknown,Brewer Fieldhouse,,,,,,REGULAR_SEASON,,25,Mar. 2 Kansas (OT) L 44-47,opponent_resolved_site_pending,,MATCHED,BOOTSTRAP_SAME_SOURCE_SEQUENCE
ASRT-MIZ-00631,CBBG-0000631,missouri,MIZ-HIST-00631,historical_media_guide,1942-1943,1943-03-06,Oklahoma,oklahoma,Oklahoma,37,52,L,0,away_candidate,unknown,,,,,,,REGULAR_SEASON,,25,Mar. 6 @ Oklahoma L 37-52,opponent_resolved_site_pending,,MATCHED,BOOTSTRAP_SAME_SOURCE_SEQUENCE
ASRT-MIZ-00632,CBBG-0000632,missouri,MIZ-HIST-00632,historical_media_guide,1943-1944,1943-12-11,61st Troop Carrier,61st-troop-center,61st Troop Center,49,29,W,0,home_or_special_site_candidate,unknown,Brewer Fieldhouse,,,,,,REGULAR_SEASON,,25,Dec. 11 61st Troop Carrier W 49-29,opponent_resolved_site_pending,,MATCHED,BOOTSTRAP_SAME_SOURCE_SEQUENCE
ASRT-MIZ-00633,CBBG-0000633,missouri,MIZ-HIST-00633,historical_media_guide,1943-1944,1943-12-18,Illinois,illinois,Illinois,29,39,L,0,home_or_special_site_candidate,unknown,Brewer Fieldhouse,,,,,,REGULAR_SEASON,,25,Dec. 18 Illinois L 29-39,opponent_resolved_site_pending,,MATCHED,BOOTSTRAP_SAME_SOURCE_SEQUENCE
ASRT-MIZ-00634,CBBG-0000634,missouri,MIZ-HIST-00634,historical_media_guide,1943-1944,1943-12-29,Washburn,washburn,Washburn,29,28,W,0,away_candidate,unknown,,,,,,,REGULAR_SEASON,,25,Dec. 29 @ Washburn W 29-28,opponent_resolved_site_pending,,MATCHED,BOOTSTRAP_SAME_SOURCE_SEQUENCE
ASRT-MIZ-00635,CBBG-0000635,missouri,MIZ-HIST-00635,historical_media_guide,1943-1944,1943-12-30,Kansas,kansas,Kansas,27,34,L,0,away_candidate,unknown,,,,,,,REGULAR_SEASON,,25,Dec. 30 @ Kansas L 27-34,opponent_resolved_site_pending,,MATCHED,BOOTSTRAP_SAME_SOURCE_SEQUENCE
ASRT-MIZ-00636,CBBG-0000636,missouri,MIZ-HIST-00636,historical_media_guide,1943-1944,1944-01-04,Westminster,westminster,Westminster,32,30,W,0,away_candidate,unknown,,,,,,,REGULAR_SEASON,,25,Jan. 4 @ Westminster W 32-30,opponent_resolved_site_pending,,MATCHED,BOOTSTRAP_SAME_SOURCE_SEQUENCE
ASRT-MIZ-00637,CBBG-0000637,missouri,MIZ-HIST-00637,historical_media_guide,1943-1944,1944-01-08,Kansas,kansas,Kansas,35,28,W,0,home_or_special_site_candidate,unknown,Brewer Fieldhouse,,,,,,REGULAR_SEASON,,25,Jan. 8 Kansas W 35-28,opponent_resolved_site_pending,,MATCHED,BOOTSTRAP_SAME_SOURCE_SEQUENCE
ASRT-MIZ-00638,CBBG-0000638,missouri,MIZ-HIST-00638,historical_media_guide,1943-1944,1944-01-15,Oklahoma,oklahoma,Oklahoma,30,44,L,0,away_candidate,unknown,,,,,,,REGULAR_SEASON,,25,Jan. 15 @ Oklahoma L 30-44,opponent_resolved_site_pending,,MATCHED,BOOTSTRAP_SAME_SOURCE_SEQUENCE
ASRT-MIZ-00639,CBBG-0000639,missouri,MIZ-HIST-00639,historical_media_guide,1943-1944,1944-01-17,Olathe NAB,olathe-nab,Olathe NAB,35,48,L,0,away_candidate,unknown,,,,,,,REGULAR_SEASON,,25,Jan. 17 @ Olathe NAB L 35-48,opponent_resolved_site_pending,,MATCHED,BOOTSTRAP_SAME_SOURCE_SEQUENCE
ASRT-MIZ-00640,CBBG-0000640,missouri,MIZ-HIST-00640,historical_media_guide,1943-1944,1944-01-22,Iowa State,iowa-state,Iowa State,25,41,L,0,away_candidate,unknown,,,,,,,REGULAR_SEASON,,25,Jan. 22 @ Iowa State L 25-41,opponent_resolved_site_pending,,MATCHED,BOOTSTRAP_SAME_SOURCE_SEQUENCE
ASRT-MIZ-00641,CBBG-0000641,missouri,MIZ-HIST-00641,historical_media_guide,1943-1944,1944-01-29,Oklahoma,oklahoma,Oklahoma,26,27,L,0,home_or_special_site_candidate,unknown,Brewer Fieldhouse,,,,,,REGULAR_SEASON,,25,Jan. 29 Oklahoma L 26-27,opponent_resolved_site_pending,,MATCHED,BOOTSTRAP_SAME_SOURCE_SEQUENCE
ASRT-MIZ-00642,CBBG-0000642,missouri,MIZ-HIST-00642,historical_media_guide,1943-1944,1944-02-05,Nebraska,nebraska,Nebraska,36,32,W,0,away_candidate,unknown,,,,,,,REGULAR_SEASON,,25,Feb. 5 @ Nebraska (OT) W 36-32,opponent_resolved_site_pending,,MATCHED,BOOTSTRAP_SAME_SOURCE_SEQUENCE
ASRT-MIZ-00643,CBBG-0000643,missouri,MIZ-HIST-00643,historical_media_guide,1943-1944,1944-02-07,Kansas State,kansas-state,Kansas State,45,30,W,0,away_candidate,unknown,,,,,,,REGULAR_SEASON,,25,Feb. 7 @ Kansas State W 45-30,opponent_resolved_site_pending,,MATCHED,BOOTSTRAP_SAME_SOURCE_SEQUENCE
ASRT-MIZ-00644,CBBG-0000644,missouri,MIZ-HIST-00644,historical_media_guide,1943-1944,1944-02-12,Nebraska,nebraska,Nebraska,44,29,W,0,home_or_special_site_candidate,unknown,Brewer Fieldhouse,,,,,,REGULAR_SEASON,,25,Feb. 12 Nebraska W 44-29,opponent_resolved_site_pending,,MATCHED,BOOTSTRAP_SAME_SOURCE_SEQUENCE
ASRT-MIZ-00645,CBBG-0000645,missouri,MIZ-HIST-00645,historical_media_guide,1943-1944,1944-02-19,Olathe NAB,olathe-nab,Olathe NAB,47,41,W,0,home_or_special_site_candidate,unknown,Brewer Fieldhouse,,,,,,REGULAR_SEASON,,25,Feb. 19 Olathe NAB W 47-41,opponent_resolved_site_pending,,MATCHED,BOOTSTRAP_SAME_SOURCE_SEQUENCE
ASRT-MIZ-00646,CBBG-0000646,missouri,MIZ-HIST-00646,historical_media_guide,1943-1944,1944-02-21,Iowa State,iowa-state,Iowa State,32,46,L,0,home_or_special_site_candidate,unknown,Brewer Fieldhouse,,,,,,REGULAR_SEASON,,25,Feb. 21 Iowa State L 32-46,opponent_resolved_site_pending,,MATCHED,BOOTSTRAP_SAME_SOURCE_SEQUENCE
ASRT-MIZ-00647,CBBG-0000647,missouri,MIZ-HIST-00647,historical_media_guide,1943-1944,1944-02-26,Kansas,kansas,Kansas,27,40,L,0,away_candidate,unknown,,,,,,,REGULAR_SEASON,,25,Feb. 26 @ Kansas L 27-40,opponent_resolved_site_pending,,MATCHED,BOOTSTRAP_SAME_SOURCE_SEQUENCE
ASRT-MIZ-00648,CBBG-0000648,missouri,MIZ-HIST-00648,historical_media_guide,1943-1944,1944-03-04,Kansas State,kansas-state,Kansas State,38,14,W,0,away_candidate,unknown,,,,,,,REGULAR_SEASON,,25,Mar. 4 @ Kansas State W 38-14,opponent_resolved_site_pending,,MATCHED,BOOTSTRAP_SAME_SOURCE_SEQUENCE
ASRT-MIZ-00649,CBBG-0000649,missouri,MIZ-HIST-00649,historical_media_guide,1943-1944,1944-03-24,Utah,utah,Utah,35,45,L,0,home_or_special_site_candidate,unknown,Municipal Auditorium,,,,"NCAA Western Playoffs, Kansas City",,NCAA_TOURNAMENT,Elite Eight,25,Mar. 24 #Utah L 35-45,opponent_resolved_site_pending,,MATCHED,BOOTSTRAP_SAME_SOURCE_SEQUENCE
ASRT-MIZ-00650,CBBG-0000650,missouri,MIZ-HIST-00650,historical_media_guide,1943-1944,1944-03-25,Pepperdine,pepperdine,Pepperdine,61,46,W,0,home_or_special_site_candidate,unknown,Municipal Auditorium,,,,"NCAA Western Playoffs, Kansas City",,NCAA_TOURNAMENT,,25,Mar. 25 #Pepperdine W 61-46,opponent_resolved_site_pending,,MATCHED,BOOTSTRAP_SAME_SOURCE_SEQUENCE
ASRT-MIZ-00651,CBBG-0000651,missouri,MIZ-HIST-00651,historical_media_guide,1944-1945,1944-12-15,Westminster,westminster,Westminster,40,26,W,0,away_candidate,unknown,,,,,,,REGULAR_SEASON,,25,Dec. 15 @ Westminster W 40-26,opponent_resolved_site_pending,,MATCHED,BOOTSTRAP_SAME_SOURCE_SEQUENCE
ASRT-MIZ-00652,CBBG-0000652,missouri,MIZ-HIST-00652,historical_media_guide,1944-1945,1944-12-18,Westminster,westminster,Westminster,50,35,W,0,home_or_special_site_candidate,unknown,Brewer Fieldhouse,,,,,,REGULAR_SEASON,,25,Dec. 18 Westminster W 50-35,opponent_resolved_site_pending,,MATCHED,BOOTSTRAP_SAME_SOURCE_SEQUENCE
ASRT-MIZ-00653,CBBG-0000653,missouri,MIZ-HIST-00653,historical_media_guide,1944-1945,1944-12-22,Colorado,colorado,Colorado,43,64,L,0,away_candidate,unknown,,,,,,,REGULAR_SEASON,,25,Dec. 22 @ Colorado L 43-64,opponent_resolved_site_pending,,MATCHED,BOOTSTRAP_SAME_SOURCE_SEQUENCE
ASRT-MIZ-00654,CBBG-0000654,missouri,MIZ-HIST-00654,historical_media_guide,1944-1945,1944-12-23,Kansas,kansas,Kansas,48,39,W,0,away_candidate,unknown,,,,,,,REGULAR_SEASON,,25,Dec. 23 @ Kansas W 48-39,opponent_resolved_site_pending,,MATCHED,BOOTSTRAP_SAME_SOURCE_SEQUENCE
ASRT-MIZ-00655,CBBG-0000655,missouri,MIZ-HIST-00655,historical_media_guide,1944-1945,1944-12-30,Wisconsin,wisconsin,Wisconsin,37,52,L,0,away_candidate,unknown,,,,,,,REGULAR_SEASON,,25,Dec. 30 @ Wisconsin L 37-52,opponent_resolved_site_pending,,MATCHED,BOOTSTRAP_SAME_SOURCE_SEQUENCE
ASRT-MIZ-00656,CBBG-0000656,missouri,MIZ-HIST-00656,historical_media_guide,1944-1945,1945-01-05,Kansas,kansas,Kansas,28,45,L,0,home_or_special_site_candidate,unknown,Brewer Fieldhouse,,,,,,REGULAR_SEASON,,25,Jan. 5 Kansas L 28-45,opponent_resolved_site_pending,,MATCHED,BOOTSTRAP_SAME_SOURCE_SEQUENCE
ASRT-MIZ-00657,CBBG-0000657,missouri,MIZ-HIST-00657,historical_media_guide,1944-1945,1945-01-13,Iowa Pre-Flight,iowa-pre-flight,Iowa Pre-Flight,38,74,L,0,home_or_special_site_candidate,unknown,Brewer Fieldhouse,,,,,,REGULAR_SEASON,,25,Jan. 13 Iowa Pre-Flight L 38-74,opponent_resolved_site_pending,,MATCHED,BOOTSTRAP_SAME_SOURCE_SEQUENCE
ASRT-MIZ-00658,CBBG-0000658,missouri,MIZ-HIST-00658,historical_media_guide,1944-1945,1945-01-20,Iowa State,iowa-state,Iowa State,38,32,W,0,home_or_special_site_candidate,unknown,Brewer Fieldhouse,,,,,,REGULAR_SEASON,,25,Jan. 20 Iowa State W 38-32,opponent_resolved_site_pending,,MATCHED,BOOTSTRAP_SAME_SOURCE_SEQUENCE
ASRT-MIZ-00659,CBBG-0000659,missouri,MIZ-HIST-00659,historical_media_guide,1944-1945,1945-01-26,Oklahoma,oklahoma,Oklahoma,27,43,L,0,away_candidate,unknown,,,,,,,REGULAR_SEASON,,25,Jan. 26 @ Oklahoma L 27-43,opponent_resolved_site_pending,,MATCHED,BOOTSTRAP_SAME_SOURCE_SEQUENCE
ASRT-MIZ-00660,CBBG-0000660,missouri,MIZ-HIST-00660,historical_media_guide,1944-1945,1945-01-27,Norman ATTC,norman-attc,Norman ATTC,34,61,L,0,away_candidate,unknown,,,,,,,REGULAR_SEASON,,25,Jan. 27 @ Norman ATTC L 34-61,opponent_resolved_site_pending,,MATCHED,BOOTSTRAP_SAME_SOURCE_SEQUENCE
ASRT-MIZ-00661,CBBG-0000661,missouri,MIZ-HIST-00661,historical_media_guide,1944-1945,1945-02-03,Nebraska,nebraska,Nebraska,47,41,W,0,away_candidate,unknown,,,,,,,REGULAR_SEASON,,25,Feb. 3 @ Nebraska W 47-41,opponent_resolved_site_pending,,MATCHED,BOOTSTRAP_SAME_SOURCE_SEQUENCE
ASRT-MIZ-00662,CBBG-0000662,missouri,MIZ-HIST-00662,historical_media_guide,1944-1945,1945-02-05,Kansas State,kansas-state,Kansas State,29,50,L,0,away_candidate,unknown,,,,,,,REGULAR_SEASON,,25,Feb. 5 @ Kansas State L 29-50,opponent_resolved_site_pending,,MATCHED,BOOTSTRAP_SAME_SOURCE_SEQUENCE
ASRT-MIZ-00663,CBBG-0000663,missouri,MIZ-HIST-00663,historical_media_guide,1944-1945,1945-02-09,Iowa State,iowa-state,Iowa State,30,58,L,0,away_candidate,unknown,,,,,,,REGULAR_SEASON,,25,Feb. 9 @ Iowa State L 30-58,opponent_resolved_site_pending,,MATCHED,BOOTSTRAP_SAME_SOURCE_SEQUENCE
ASRT-MIZ-00664,CBBG-0000664,missouri,MIZ-HIST-00664,historical_media_guide,1944-1945,1945-02-10,Iowa Pre-Flight,iowa-pre-flight,Iowa Pre-Flight,36,59,L,0,away_candidate,unknown,,,,,,,REGULAR_SEASON,,25,Feb. 10 @ Iowa Pre-Flight L 36-59,opponent_resolved_site_pending,,MATCHED,BOOTSTRAP_SAME_SOURCE_SEQUENCE
ASRT-MIZ-00665,CBBG-0000665,missouri,MIZ-HIST-00665,historical_media_guide,1944-1945,1945-02-17,Nebraska,nebraska,Nebraska,55,54,W,0,home_or_special_site_candidate,unknown,Brewer Fieldhouse,,,,,,REGULAR_SEASON,,25,Feb. 17 Nebraska (2OT) W 55-54,opponent_resolved_site_pending,,MATCHED,BOOTSTRAP_SAME_SOURCE_SEQUENCE
ASRT-MIZ-00666,CBBG-0000666,missouri,MIZ-HIST-00666,historical_media_guide,1944-1945,1945-02-24,Kansas,kansas,Kansas,33,64,L,0,away_candidate,unknown,,,,,,,REGULAR_SEASON,,25,Feb. 24 @ Kansas L 33-64,opponent_resolved_site_pending,,MATCHED,BOOTSTRAP_SAME_SOURCE_SEQUENCE
ASRT-MIZ-00667,CBBG-0000667,missouri,MIZ-HIST-00667,historical_media_guide,1944-1945,1945-03-02,Kansas State,kansas-state,Kansas State,45,42,W,0,home_or_special_site_candidate,unknown,Brewer Fieldhouse,,,,,,REGULAR_SEASON,,25,Mar. 2 Kansas State W 45-42,opponent_resolved_site_pending,,MATCHED,BOOTSTRAP_SAME_SOURCE_SEQUENCE
ASRT-MIZ-00668,CBBG-0000668,missouri,MIZ-HIST-00668,historical_media_guide,1944-1945,1945-03-05,Oklahoma,oklahoma,Oklahoma,45,39,W,0,home_or_special_site_candidate,unknown,Brewer Fieldhouse,,,,,,REGULAR_SEASON,,25,Mar. 5 Oklahoma W 45-39,opponent_resolved_site_pending,,MATCHED,BOOTSTRAP_SAME_SOURCE_SEQUENCE
ASRT-MIZ-00669,CBBG-0000669,missouri,MIZ-HIST-00669,historical_media_guide,1945-1946,1945-12-07,Westminster,westminster,Westminster,44,30,W,0,away_candidate,unknown,,,,,,,REGULAR_SEASON,,25,Dec. 7 @ Westminster W 44-30,opponent_resolved_site_pending,,MATCHED,BOOTSTRAP_SAME_SOURCE_SEQUENCE
ASRT-MIZ-00670,CBBG-0000670,missouri,MIZ-HIST-00670,historical_media_guide,1945-1946,1945-12-12,Nebraska,nebraska,Nebraska,64,54,W,0,away_candidate,unknown,,,,,,,REGULAR_SEASON,,25,Dec. 12 @ Nebraska W 64-54,opponent_resolved_site_pending,,MATCHED,BOOTSTRAP_SAME_SOURCE_SEQUENCE
ASRT-MIZ-00671,CBBG-0000671,missouri,MIZ-HIST-00671,historical_media_guide,1945-1946,1945-12-15,Kansas,kansas,Kansas,35,59,L,0,away_candidate,unknown,,,,,,,REGULAR_SEASON,,25,Dec. 15 @ Kansas L 35-59,opponent_resolved_site_pending,,MATCHED,BOOTSTRAP_SAME_SOURCE_SEQUENCE
ASRT-MIZ-00672,CBBG-0000672,missouri,MIZ-HIST-00672,historical_media_guide,1945-1946,1945-12-21,St. Louis,saint-louis,Saint Louis,35,50,L,0,away_candidate,unknown,,,,,,,REGULAR_SEASON,,25,Dec. 21 @ St. Louis L 35-50,opponent_resolved_site_pending,,MATCHED,BOOTSTRAP_SAME_SOURCE_SEQUENCE
ASRT-MIZ-00673,CBBG-0000673,missouri,MIZ-HIST-00673,historical_media_guide,1945-1946,1945-12-22,Washington (Mo.),washington-university-of-st-louis,Washington University of St. Louis,42,45,L,0,away_candidate,unknown,,,,,,,REGULAR_SEASON,,25,Dec. 22 @ Washington (Mo.) L 42-45,opponent_resolved_site_pending,,MATCHED,BOOTSTRAP_SAME_SOURCE_SEQUENCE
ASRT-MIZ-00674,CBBG-0000674,missouri,MIZ-HIST-00674,historical_media_guide,1945-1946,1946-01-04,Washington (Mo.),washington-university-of-st-louis,Washington University of St. Louis,56,53,W,0,home_or_special_site_candidate,unknown,Brewer Fieldhouse,,,,,,REGULAR_SEASON,,25,Jan. 4 Washington (Mo.) W 56-53,opponent_resolved_site_pending,,MATCHED,BOOTSTRAP_SAME_SOURCE_SEQUENCE
ASRT-MIZ-00675,CBBG-0000675,missouri,MIZ-HIST-00675,historical_media_guide,1945-1946,1946-01-07,Kansas,kansas,Kansas,36,48,L,0,away_candidate,unknown,,,,,,,REGULAR_SEASON,,25,Jan. 7 @ Kansas L 36-48,opponent_resolved_site_pending,,MATCHED,BOOTSTRAP_SAME_SOURCE_SEQUENCE
ASRT-MIZ-00676,CBBG-0000676,missouri,MIZ-HIST-00676,historical_media_guide,1945-1946,1946-01-11,Iowa State,iowa-state,Iowa State,33,45,L,0,home_or_special_site_candidate,unknown,Brewer Fieldhouse,,,,,,REGULAR_SEASON,,25,Jan. 11 Iowa State L 33-45,opponent_resolved_site_pending,,MATCHED,BOOTSTRAP_SAME_SOURCE_SEQUENCE
ASRT-MIZ-00677,CBBG-0000677,missouri,MIZ-HIST-00677,historical_media_guide,1945-1946,1946-01-15,Kansas State,kansas-state,Kansas State,44,34,W,0,away_candidate,unknown,,,,,,,REGULAR_SEASON,,25,Jan. 15 @ Kansas State W 44-34,opponent_resolved_site_pending,,MATCHED,BOOTSTRAP_SAME_SOURCE_SEQUENCE
ASRT-MIZ-00678,CBBG-0000678,missouri,MIZ-HIST-00678,historical_media_guide,1945-1946,1946-01-18,Nebraska,nebraska,Nebraska,42,44,L,0,home_or_special_site_candidate,unknown,Brewer Fieldhouse,,,,,,REGULAR_SEASON,,25,Jan. 18 Nebraska L 42-44,opponent_resolved_site_pending,,MATCHED,BOOTSTRAP_SAME_SOURCE_SEQUENCE
ASRT-MIZ-00679,CBBG-0000679,missouri,MIZ-HIST-00679,historical_media_guide,1945-1946,1946-01-26,Oklahoma,oklahoma,Oklahoma,27,41,L,0,home_or_special_site_candidate,unknown,Brewer Fieldhouse,,,,,,REGULAR_SEASON,,25,Jan. 26 Oklahoma L 27-41,opponent_resolved_site_pending,,MATCHED,BOOTSTRAP_SAME_SOURCE_SEQUENCE
ASRT-MIZ-00680,CBBG-0000680,missouri,MIZ-HIST-00680,historical_media_guide,1945-1946,1946-02-05,St. Louis,saint-louis,Saint Louis,34,40,L,0,home_or_special_site_candidate,unknown,Brewer Fieldhouse,,,,,,REGULAR_SEASON,,25,Feb. 5 St. Louis L 34-40,opponent_resolved_site_pending,,MATCHED,BOOTSTRAP_SAME_SOURCE_SEQUENCE
ASRT-MIZ-00681,CBBG-0000681,missouri,MIZ-HIST-00681,historical_media_guide,1945-1946,1946-02-09,Kansas State,kansas-state,Kansas State,58,47,W,0,home_or_special_site_candidate,unknown,Brewer Fieldhouse,,,,,,REGULAR_SEASON,,25,Feb. 9 Kansas State W 58-47,opponent_resolved_site_pending,,MATCHED,BOOTSTRAP_SAME_SOURCE_SEQUENCE
ASRT-MIZ-00682,CBBG-0000682,missouri,MIZ-HIST-00682,historical_media_guide,1945-1946,1946-02-15,Iowa State,iowa-state,Iowa State,38,36,W,0,away_candidate,unknown,,,,,,,REGULAR_SEASON,,25,Feb. 15 @ Iowa State W 38-36,opponent_resolved_site_pending,,MATCHED,BOOTSTRAP_SAME_SOURCE_SEQUENCE
ASRT-MIZ-00683,CBBG-0000683,missouri,MIZ-HIST-00683,historical_media_guide,1945-1946,1946-02-22,Kansas,kansas,Kansas,34,50,L,0,home_or_special_site_candidate,unknown,Brewer Fieldhouse,,,,,,REGULAR_SEASON,,25,Feb. 22 Kansas L 34-50,opponent_resolved_site_pending,,MATCHED,BOOTSTRAP_SAME_SOURCE_SEQUENCE
ASRT-MIZ-00684,CBBG-0000684,missouri,MIZ-HIST-00684,historical_media_guide,1945-1946,1946-02-25,Nebraska,nebraska,Nebraska,39,42,L,0,away_candidate,unknown,,,,,,,REGULAR_SEASON,,25,Feb. 25 @ Nebraska L 39-42,opponent_resolved_site_pending,,MATCHED,BOOTSTRAP_SAME_SOURCE_SEQUENCE
ASRT-MIZ-00685,CBBG-0000685,missouri,MIZ-HIST-00685,historical_media_guide,1945-1946,1946-03-02,Oklahoma,oklahoma,Oklahoma,40,50,L,0,away_candidate,unknown,,,,,,,REGULAR_SEASON,,25,Mar. 2 @ Oklahoma L 40-50,opponent_resolved_site_pending,,MATCHED,BOOTSTRAP_SAME_SOURCE_SEQUENCE
ASRT-MIZ-00686,CBBG-0000686,missouri,MIZ-HIST-00686,historical_media_guide,1946-1947,1946-12-03,Drake,drake,Drake,49,41,W,0,home_or_special_site_candidate,unknown,Brewer Fieldhouse,,,,,,REGULAR_SEASON,,25,Dec. 3 Drake W 49-41,opponent_resolved_site_pending,,MATCHED,BOOTSTRAP_SAME_SOURCE_SEQUENCE
ASRT-MIZ-00687,CBBG-0000687,missouri,MIZ-HIST-00687,historical_media_guide,1946-1947,1946-12-06,Westminster,westminster,Westminster,49,33,W,0,home_or_special_site_candidate,unknown,Brewer Fieldhouse,,,,,,REGULAR_SEASON,,25,Dec. 6 Westminster W 49-33,opponent_resolved_site_pending,,MATCHED,BOOTSTRAP_SAME_SOURCE_SEQUENCE
ASRT-MIZ-00688,CBBG-0000688,missouri,MIZ-HIST-00688,historical_media_guide,1946-1947,1946-12-09,St. Louis,saint-louis,Saint Louis,48,44,W,0,away_candidate,unknown,,,,,,,REGULAR_SEASON,,25,Dec. 9 @ St. Louis W 48-44,opponent_resolved_site_pending,,MATCHED,BOOTSTRAP_SAME_SOURCE_SEQUENCE
ASRT-MIZ-00689,CBBG-0000689,missouri,MIZ-HIST-00689,historical_media_guide,1946-1947,1946-12-12,So. Methodist,smu,SMU,53,56,L,0,home_or_special_site_candidate,unknown,Municipal Auditorium,,,,"Big Six Tournament, Kansas City",,REGULAR_SEASON,,25,Dec. 12 #So. Methodist L 53-56,opponent_resolved_site_pending,,MATCHED,BOOTSTRAP_SAME_SOURCE_SEQUENCE
ASRT-MIZ-00690,CBBG-0000690,missouri,MIZ-HIST-00690,historical_media_guide,1946-1947,1946-12-13,Oklahoma,oklahoma,Oklahoma,53,61,L,0,home_or_special_site_candidate,unknown,Municipal Auditorium,,,,"Big Six Tournament, Kansas City",,REGULAR_SEASON,,25,Dec. 13 #Oklahoma L 53-61,opponent_resolved_site_pending,,MATCHED,BOOTSTRAP_SAME_SOURCE_SEQUENCE
ASRT-MIZ-00691,CBBG-0000691,missouri,MIZ-HIST-00691,historical_media_guide,1946-1947,1946-12-14,Iowa State,iowa-state,Iowa State,56,55,W,0,home_or_special_site_candidate,unknown,Municipal Auditorium,,,,"Big Six Tournament, Kansas City",,REGULAR_SEASON,,25,Dec. 14 #Iowa State W 56-55,opponent_resolved_site_pending,,MATCHED,BOOTSTRAP_SAME_SOURCE_SEQUENCE
ASRT-MIZ-00692,CBBG-0000692,missouri,MIZ-HIST-00692,historical_media_guide,1946-1947,1946-12-16,Illinois,illinois,Illinois,55,50,W,0,home_or_special_site_candidate,unknown,Municipal Auditorium,,,,"Big Six Tournament, Kansas City",,REGULAR_SEASON,,25,Dec. 16 #Illinois W 55-50,opponent_resolved_site_pending,,MATCHED,BOOTSTRAP_SAME_SOURCE_SEQUENCE
ASRT-MIZ-00693,CBBG-0000693,missouri,MIZ-HIST-00693,historical_media_guide,1946-1947,1946-12-19,Washington (Mo.),washington-university-of-st-louis,Washington University of St. Louis,54,40,W,0,away_candidate,unknown,,,,,,,REGULAR_SEASON,,25,Dec. 19 @ Washington (Mo.) W 54-40,opponent_resolved_site_pending,,MATCHED,BOOTSTRAP_SAME_SOURCE_SEQUENCE
ASRT-MIZ-00694,CBBG-0000694,missouri,MIZ-HIST-00694,historical_media_guide,1946-1947,1946-12-26,Texas,texas,Texas,46,65,L,0,home_or_special_site_candidate,unknown,,,,,"All College Tournament, Oklahoma City",,REGULAR_SEASON,,25,Dec. 26 *Texas L 46-65,opponent_resolved_site_pending,,MATCHED,BOOTSTRAP_SAME_SOURCE_SEQUENCE
ASRT-MIZ-00695,CBBG-0000695,missouri,MIZ-HIST-00695,historical_media_guide,1946-1947,1946-12-27,Rice,rice,Rice,57,53,W,0,home_or_special_site_candidate,unknown,,,,,"All College Tournament, Oklahoma City",,REGULAR_SEASON,,25,Dec. 27 *Rice W 57-53,opponent_resolved_site_pending,,MATCHED,BOOTSTRAP_SAME_SOURCE_SEQUENCE
ASRT-MIZ-00696,CBBG-0000696,missouri,MIZ-HIST-00696,historical_media_guide,1946-1947,1946-12-28,Baylor,baylor,Baylor,51,58,L,0,home_or_special_site_candidate,unknown,,,,,"All College Tournament, Oklahoma City",,REGULAR_SEASON,,25,Dec. 28 *Baylor L 51-58,opponent_resolved_site_pending,,MATCHED,BOOTSTRAP_SAME_SOURCE_SEQUENCE
ASRT-MIZ-00697,CBBG-0000697,missouri,MIZ-HIST-00697,historical_media_guide,1946-1947,1946-12-30,Texas Christian,tcu,TCU,63,36,W,0,away_candidate,unknown,,,,,,,REGULAR_SEASON,,25,Dec. 30 @ Texas Christian W 63-36,opponent_resolved_site_pending,,MATCHED,BOOTSTRAP_SAME_SOURCE_SEQUENCE
ASRT-MIZ-00698,CBBG-0000698,missouri,MIZ-HIST-00698,historical_media_guide,1946-1947,1947-01-03,Iowa State,iowa-state,Iowa State,36,25,W,0,home_or_special_site_candidate,unknown,Brewer Fieldhouse,,,,,,REGULAR_SEASON,,25,Jan. 3 Iowa State W 36-25,opponent_resolved_site_pending,,MATCHED,BOOTSTRAP_SAME_SOURCE_SEQUENCE
ASRT-MIZ-00699,CBBG-0000699,missouri,MIZ-HIST-00699,historical_media_guide,1946-1947,1947-01-08,Kansas,kansas,Kansas,39,34,W,0,away_candidate,unknown,,,,,,,REGULAR_SEASON,,25,Jan. 8 @ Kansas W 39-34,opponent_resolved_site_pending,,MATCHED,BOOTSTRAP_SAME_SOURCE_SEQUENCE
ASRT-MIZ-00700,CBBG-0000700,missouri,MIZ-HIST-00700,historical_media_guide,1946-1947,1947-01-14,Kansas State,kansas-state,Kansas State,43,42,W,0,away_candidate,unknown,,,,,,,REGULAR_SEASON,,25,Jan. 14 @ Kansas State W 43-42,opponent_resolved_site_pending,,MATCHED,BOOTSTRAP_SAME_SOURCE_SEQUENCE
ASRT-MIZ-00701,CBBG-0000701,missouri,MIZ-HIST-00701,historical_media_guide,1946-1947,1947-01-18,Nebraska,nebraska,Nebraska,47,41,W,0,home_or_special_site_candidate,unknown,Brewer Fieldhouse,,,,,,REGULAR_SEASON,,26,Jan. 18 Nebraska W 47-41,opponent_resolved_site_pending,,MATCHED,BOOTSTRAP_SAME_SOURCE_SEQUENCE
ASRT-MIZ-00702,CBBG-0000702,missouri,MIZ-HIST-00702,historical_media_guide,1946-1947,1947-01-22,Washington (Mo.),washington-university-of-st-louis,Washington University of St. Louis,50,45,W,0,home_or_special_site_candidate,unknown,Brewer Fieldhouse,,,,,,REGULAR_SEASON,,26,Jan. 22 Washington (Mo.) W 50-45,opponent_resolved_site_pending,,MATCHED,BOOTSTRAP_SAME_SOURCE_SEQUENCE
ASRT-MIZ-00703,CBBG-0000703,missouri,MIZ-HIST-00703,historical_media_guide,1946-1947,1947-01-25,Oklahoma,oklahoma,Oklahoma,43,57,L,0,home_or_special_site_candidate,unknown,Brewer Fieldhouse,,,,,,REGULAR_SEASON,,26,Jan. 25 Oklahoma L 43-57,opponent_resolved_site_pending,,MATCHED,BOOTSTRAP_SAME_SOURCE_SEQUENCE
ASRT-MIZ-00704,CBBG-0000704,missouri,MIZ-HIST-00704,historical_media_guide,1946-1947,1947-02-06,St. Louis,saint-louis,Saint Louis,35,36,L,0,away_candidate,unknown,,,,,,,REGULAR_SEASON,,26,Feb. 6 @ St. Louis L 35-36,opponent_resolved_site_pending,,MATCHED,BOOTSTRAP_SAME_SOURCE_SEQUENCE
ASRT-MIZ-00705,CBBG-0000705,missouri,MIZ-HIST-00705,historical_media_guide,1946-1947,1947-02-07,Kansas State,kansas-state,Kansas State,49,43,W,0,home_or_special_site_candidate,unknown,Brewer Fieldhouse,,,,,,REGULAR_SEASON,,26,Feb. 7 Kansas State W 49-43,opponent_resolved_site_pending,,MATCHED,BOOTSTRAP_SAME_SOURCE_SEQUENCE
ASRT-MIZ-00706,CBBG-0000706,missouri,MIZ-HIST-00706,historical_media_guide,1946-1947,1947-02-13,Drake,drake,Drake,52,66,L,0,away_candidate,unknown,,,,,,,REGULAR_SEASON,,26,Feb. 13 @ Drake L 52-66,opponent_resolved_site_pending,,MATCHED,BOOTSTRAP_SAME_SOURCE_SEQUENCE
ASRT-MIZ-00707,CBBG-0000707,missouri,MIZ-HIST-00707,historical_media_guide,1946-1947,1947-02-14,Iowa State,iowa-state,Iowa State,52,54,L,0,away_candidate,unknown,,,,,,,REGULAR_SEASON,,26,Feb. 14 @ Iowa State L 52-54,opponent_resolved_site_pending,,MATCHED,BOOTSTRAP_SAME_SOURCE_SEQUENCE
ASRT-MIZ-00708,CBBG-0000708,missouri,MIZ-HIST-00708,historical_media_guide,1946-1947,1947-02-22,Nebraska,nebraska,Nebraska,60,49,W,0,home_or_special_site_candidate,unknown,Brewer Fieldhouse,,,,,,REGULAR_SEASON,,26,Feb. 22 Nebraska W 60-49,opponent_resolved_site_pending,,MATCHED,BOOTSTRAP_SAME_SOURCE_SEQUENCE
ASRT-MIZ-00709,CBBG-0000709,missouri,MIZ-HIST-00709,historical_media_guide,1946-1947,1947-02-27,Oklahoma,oklahoma,Oklahoma,36,42,L,0,home_or_special_site_candidate,unknown,Brewer Fieldhouse,,,,,,REGULAR_SEASON,,26,Feb. 27 Oklahoma L 36-42,opponent_resolved_site_pending,,MATCHED,BOOTSTRAP_SAME_SOURCE_SEQUENCE
ASRT-MIZ-00710,CBBG-0000710,missouri,MIZ-HIST-00710,historical_media_guide,1946-1947,1947-03-07,Kansas,kansas,Kansas,38,48,L,0,home_or_special_site_candidate,unknown,Brewer Fieldhouse,,,,,,REGULAR_SEASON,,26,Mar. 7 Kansas L 38-48,opponent_resolved_site_pending,,MATCHED,BOOTSTRAP_SAME_SOURCE_SEQUENCE
ASRT-MIZ-00711,CBBG-0000711,missouri,MIZ-HIST-00711,historical_media_guide,1947-1948,1947-12-04,Westminster,westminster,Westminster,72,40,W,0,home_or_special_site_candidate,unknown,Brewer Fieldhouse,,,,,,REGULAR_SEASON,,26,Dec. 4 Westminster W 72-40,opponent_resolved_site_pending,,MATCHED,BOOTSTRAP_SAME_SOURCE_SEQUENCE
ASRT-MIZ-00712,CBBG-0000712,missouri,MIZ-HIST-00712,historical_media_guide,1947-1948,1947-12-10,Washington (Mo.),washington-university-of-st-louis,Washington University of St. Louis,46,32,W,0,home_or_special_site_candidate,unknown,Brewer Fieldhouse,,,,,,REGULAR_SEASON,,26,Dec. 10 Washington (Mo.) W 46-32,opponent_resolved_site_pending,,MATCHED,BOOTSTRAP_SAME_SOURCE_SEQUENCE
ASRT-MIZ-00713,CBBG-0000713,missouri,MIZ-HIST-00713,historical_media_guide,1947-1948,1947-12-13,Drake,drake,Drake,43,38,W,0,home_or_special_site_candidate,unknown,Brewer Fieldhouse,,,,,,REGULAR_SEASON,,26,Dec. 13 Drake W 43-38,opponent_resolved_site_pending,,MATCHED,BOOTSTRAP_SAME_SOURCE_SEQUENCE
ASRT-MIZ-00714,CBBG-0000714,missouri,MIZ-HIST-00714,historical_media_guide,1947-1948,1947-12-15,St. Louis,saint-louis,Saint Louis,34,54,L,0,home_or_special_site_candidate,unknown,Brewer Fieldhouse,,,,,,REGULAR_SEASON,,26,Dec. 15 St. Louis L 34-54,opponent_resolved_site_pending,,MATCHED,BOOTSTRAP_SAME_SOURCE_SEQUENCE
ASRT-MIZ-00715,CBBG-0000715,missouri,MIZ-HIST-00715,historical_media_guide,1947-1948,1947-12-18,Nebraska,nebraska,Nebraska,44,46,L,0,home_or_special_site_candidate,unknown,Municipal Auditorium,,,,"Big Seven Tournament, Kansas City",,REGULAR_SEASON,,26,Dec. 18 #Nebraska L 44-46,opponent_resolved_site_pending,,MATCHED,BOOTSTRAP_SAME_SOURCE_SEQUENCE
ASRT-MIZ-00716,CBBG-0000716,missouri,MIZ-HIST-00716,historical_media_guide,1947-1948,1947-12-19,Iowa State,iowa-state,Iowa State,48,40,W,0,home_or_special_site_candidate,unknown,Municipal Auditorium,,,,"Big Seven Tournament, Kansas City",,REGULAR_SEASON,,26,Dec. 19 #Iowa State W 48-40,opponent_resolved_site_pending,,MATCHED,BOOTSTRAP_SAME_SOURCE_SEQUENCE
ASRT-MIZ-00717,CBBG-0000717,missouri,MIZ-HIST-00717,historical_media_guide,1947-1948,1947-12-20,Oklahoma,oklahoma,Oklahoma,44,54,L,0,home_or_special_site_candidate,unknown,Municipal Auditorium,,,,"Big Seven Tournament, Kansas City",,REGULAR_SEASON,,26,Dec. 20 #Oklahoma L 44-54,opponent_resolved_site_pending,,MATCHED,BOOTSTRAP_SAME_SOURCE_SEQUENCE
ASRT-MIZ-00718,CBBG-0000718,missouri,MIZ-HIST-00718,historical_media_guide,1947-1948,1947-12-27,New York U.,nyu,NYU,63,70,L,0,away_candidate,unknown,,,,,,,REGULAR_SEASON,,26,Dec. 27 @ New York U. L 63-70,opponent_resolved_site_pending,,MATCHED,BOOTSTRAP_SAME_SOURCE_SEQUENCE
ASRT-MIZ-00719,CBBG-0000719,missouri,MIZ-HIST-00719,historical_media_guide,1947-1948,1947-12-30,Buffalo,buffalo,Buffalo,51,50,W,0,away_candidate,unknown,,,,,,,REGULAR_SEASON,,26,Dec. 30 @ Buffalo W 51-50,opponent_resolved_site_pending,,MATCHED,BOOTSTRAP_SAME_SOURCE_SEQUENCE
ASRT-MIZ-00720,CBBG-0000720,missouri,MIZ-HIST-00720,historical_media_guide,1947-1948,1947-12-31,Northwestern,northwestern,Northwestern,49,41,W,0,away_candidate,unknown,,,,,,,REGULAR_SEASON,,26,Dec. 31 @ Northwestern W 49-41,opponent_resolved_site_pending,,MATCHED,BOOTSTRAP_SAME_SOURCE_SEQUENCE
ASRT-MIZ-00721,CBBG-0000721,missouri,MIZ-HIST-00721,historical_media_guide,1947-1948,1948-01-05,Michigan State,michigan-state,Michigan State,46,44,W,0,home_or_special_site_candidate,unknown,Brewer Fieldhouse,,,,,,REGULAR_SEASON,,26,Jan. 5 Michigan State W 46-44,opponent_resolved_site_pending,,MATCHED,BOOTSTRAP_SAME_SOURCE_SEQUENCE
ASRT-MIZ-00722,CBBG-0000722,missouri,MIZ-HIST-00722,historical_media_guide,1947-1948,1948-01-10,Iowa State,iowa-state,Iowa State,43,45,L,0,away_candidate,unknown,,,,,,,REGULAR_SEASON,,26,Jan. 10 @ Iowa State L 45-43,opponent_resolved_site_pending,,MATCHED,BOOTSTRAP_SAME_SOURCE_SEQUENCE
ASRT-MIZ-00723,CBBG-0000723,missouri,MIZ-HIST-00723,historical_media_guide,1947-1948,1948-01-12,Nebraska,nebraska,Nebraska,66,54,W,0,away_candidate,unknown,,,,,,,REGULAR_SEASON,,26,Jan. 12 @ Nebraska W 66-54,opponent_resolved_site_pending,,MATCHED,BOOTSTRAP_SAME_SOURCE_SEQUENCE
ASRT-MIZ-00724,CBBG-0000724,missouri,MIZ-HIST-00724,historical_media_guide,1947-1948,1948-01-17,Kansas,kansas,Kansas,46,58,L,0,home_or_special_site_candidate,unknown,Brewer Fieldhouse,,,,,,REGULAR_SEASON,,26,Jan. 17 Kansas L 46-58,opponent_resolved_site_pending,,MATCHED,BOOTSTRAP_SAME_SOURCE_SEQUENCE
ASRT-MIZ-00725,CBBG-0000725,missouri,MIZ-HIST-00725,historical_media_guide,1947-1948,1948-01-31,Oklahoma,oklahoma,Oklahoma,49,43,W,0,home_or_special_site_candidate,unknown,Brewer Fieldhouse,,,,,,REGULAR_SEASON,,26,Jan. 31 Oklahoma W 49-43,opponent_resolved_site_pending,,MATCHED,BOOTSTRAP_SAME_SOURCE_SEQUENCE
ASRT-MIZ-00726,CBBG-0000726,missouri,MIZ-HIST-00726,historical_media_guide,1947-1948,1948-02-04,St. Louis,saint-louis,Saint Louis,36,49,L,0,away_candidate,unknown,,,,,,,REGULAR_SEASON,,26,Feb. 4 @ St. Louis L 36-49,opponent_resolved_site_pending,,MATCHED,BOOTSTRAP_SAME_SOURCE_SEQUENCE
ASRT-MIZ-00727,CBBG-0000727,missouri,MIZ-HIST-00727,historical_media_guide,1947-1948,1948-02-07,Kansas State,kansas-state,Kansas State,48,46,W,0,home_or_special_site_candidate,unknown,Brewer Fieldhouse,,,,,,REGULAR_SEASON,,26,Feb. 7 Kansas State W 48-46,opponent_resolved_site_pending,,MATCHED,BOOTSTRAP_SAME_SOURCE_SEQUENCE
ASRT-MIZ-00728,CBBG-0000728,missouri,MIZ-HIST-00728,historical_media_guide,1947-1948,1948-02-09,Kansas,kansas,Kansas,42,39,W,0,away_candidate,unknown,,,,,,,REGULAR_SEASON,,26,Feb. 9 @ Kansas W 42-39,opponent_resolved_site_pending,,MATCHED,BOOTSTRAP_SAME_SOURCE_SEQUENCE
ASRT-MIZ-00729,CBBG-0000729,missouri,MIZ-HIST-00729,historical_media_guide,1947-1948,1948-02-14,Nebraska,nebraska,Nebraska,47,41,W,0,home_or_special_site_candidate,unknown,Brewer Fieldhouse,,,,,,REGULAR_SEASON,,26,Feb. 14 Nebraska W 47-41,opponent_resolved_site_pending,,MATCHED,BOOTSTRAP_SAME_SOURCE_SEQUENCE
ASRT-MIZ-00730,CBBG-0000730,missouri,MIZ-HIST-00730,historical_media_guide,1947-1948,1948-02-16,Iowa State,iowa-state,Iowa State,47,48,L,0,home_or_special_site_candidate,unknown,Brewer Fieldhouse,,,,,,REGULAR_SEASON,,26,Feb. 16 Iowa State L 47-48,opponent_resolved_site_pending,,MATCHED,BOOTSTRAP_SAME_SOURCE_SEQUENCE
ASRT-MIZ-00731,CBBG-0000731,missouri,MIZ-HIST-00731,historical_media_guide,1947-1948,1948-02-21,Kansas State,kansas-state,Kansas State,53,55,L,0,away_candidate,unknown,,,,,,,REGULAR_SEASON,,26,Feb. 21 @ Kansas State L 53-55,opponent_resolved_site_pending,,MATCHED,BOOTSTRAP_SAME_SOURCE_SEQUENCE
ASRT-MIZ-00732,CBBG-0000732,missouri,MIZ-HIST-00732,historical_media_guide,1947-1948,1948-02-23,Colorado,colorado,Colorado,48,56,L,0,away_candidate,unknown,,,,,,,REGULAR_SEASON,,26,Feb. 23 @ Colorado L 48-56,opponent_resolved_site_pending,,MATCHED,BOOTSTRAP_SAME_SOURCE_SEQUENCE
ASRT-MIZ-00733,CBBG-0000733,missouri,MIZ-HIST-00733,historical_media_guide,1947-1948,1948-03-01,Colorado,colorado,Colorado,47,35,W,0,home_or_special_site_candidate,unknown,Brewer Fieldhouse,,,,,,REGULAR_SEASON,,26,Mar. 1 Colorado W 47-35,opponent_resolved_site_pending,,MATCHED,BOOTSTRAP_SAME_SOURCE_SEQUENCE
ASRT-MIZ-00734,CBBG-0000734,missouri,MIZ-HIST-00734,historical_media_guide,1947-1948,1948-03-05,Oklahoma,oklahoma,Oklahoma,45,43,W,0,away_candidate,unknown,,,,,,,REGULAR_SEASON,,26,Mar. 5 @ Oklahoma W 45-43,opponent_resolved_site_pending,,MATCHED,BOOTSTRAP_SAME_SOURCE_SEQUENCE
ASRT-MIZ-00735,CBBG-0000735,missouri,MIZ-HIST-00735,historical_media_guide,1948-1949,1948-12-09,Wisconsin,wisconsin,Wisconsin,42,58,L,0,away_candidate,unknown,,,,,,,REGULAR_SEASON,,26,Dec. 9 @ Wisconsin L 42-58,opponent_resolved_site_pending,,MATCHED,BOOTSTRAP_SAME_SOURCE_SEQUENCE
ASRT-MIZ-00736,CBBG-0000736,missouri,MIZ-HIST-00736,historical_media_guide,1948-1949,1948-12-11,Washington (Mo.),washington-university-of-st-louis,Washington University of St. Louis,47,37,W,0,away_candidate,unknown,,,,,,,REGULAR_SEASON,,26,Dec. 11 @ Washington (Mo.) W 47-37,opponent_resolved_site_pending,,MATCHED,BOOTSTRAP_SAME_SOURCE_SEQUENCE
ASRT-MIZ-00737,CBBG-0000737,missouri,MIZ-HIST-00737,historical_media_guide,1948-1949,1948-12-16,Baylor,baylor,Baylor,44,45,L,0,home_or_special_site_candidate,unknown,Brewer Fieldhouse,,,,,,REGULAR_SEASON,,26,Dec. 16 Baylor L 44-45,opponent_resolved_site_pending,,MATCHED,BOOTSTRAP_SAME_SOURCE_SEQUENCE
ASRT-MIZ-00738,CBBG-0000738,missouri,MIZ-HIST-00738,historical_media_guide,1948-1949,1948-12-17,Baylor,baylor,Baylor,42,49,L,0,home_or_special_site_candidate,unknown,Brewer Fieldhouse,,,,,,REGULAR_SEASON,,26,Dec. 17 Baylor L 42-49,opponent_resolved_site_pending,,MATCHED,BOOTSTRAP_SAME_SOURCE_SEQUENCE
ASRT-MIZ-00739,CBBG-0000739,missouri,MIZ-HIST-00739,historical_media_guide,1948-1949,1948-12-20,SMU,smu,SMU,52,41,W,0,home_or_special_site_candidate,unknown,Brewer Fieldhouse,,,,,,REGULAR_SEASON,,26,Dec. 20 SMU W 52-41,opponent_resolved_site_pending,,MATCHED,BOOTSTRAP_SAME_SOURCE_SEQUENCE
ASRT-MIZ-00740,CBBG-0000740,missouri,MIZ-HIST-00740,historical_media_guide,1948-1949,1948-12-21,SMU,smu,SMU,49,59,L,0,home_or_special_site_candidate,unknown,Brewer Fieldhouse,,,,,,REGULAR_SEASON,,26,Dec. 21 SMU L 49-59,opponent_resolved_site_pending,,MATCHED,BOOTSTRAP_SAME_SOURCE_SEQUENCE
ASRT-MIZ-00741,CBBG-0000741,missouri,MIZ-HIST-00741,historical_media_guide,1948-1949,1948-12-28,Kansas,kansas,Kansas,50,62,L,0,home_or_special_site_candidate,unknown,Municipal Auditorium,,,,"Big Seven Tournament, Kansas City",,REGULAR_SEASON,,26,Dec. 28 #Kansas L 50-62,opponent_resolved_site_pending,,MATCHED,BOOTSTRAP_SAME_SOURCE_SEQUENCE
ASRT-MIZ-00742,CBBG-0000742,missouri,MIZ-HIST-00742,historical_media_guide,1948-1949,1948-12-29,Nebraska,nebraska,Nebraska,52,50,W,0,home_or_special_site_candidate,unknown,Municipal Auditorium,,,,"Big Seven Tournament, Kansas City",,REGULAR_SEASON,,26,Dec. 29 #Nebraska W 52-50,opponent_resolved_site_pending,,MATCHED,BOOTSTRAP_SAME_SOURCE_SEQUENCE
ASRT-MIZ-00743,CBBG-0000743,missouri,MIZ-HIST-00743,historical_media_guide,1948-1949,1948-12-30,Colorado,colorado,Colorado,48,44,W,0,home_or_special_site_candidate,unknown,Municipal Auditorium,,,,"Big Seven Tournament, Kansas City",,REGULAR_SEASON,,26,Dec. 30 #Colorado W 48-44,opponent_resolved_site_pending,,MATCHED,BOOTSTRAP_SAME_SOURCE_SEQUENCE
ASRT-MIZ-00744,CBBG-0000744,missouri,MIZ-HIST-00744,historical_media_guide,1948-1949,1949-01-03,Northwestern,northwestern,Northwestern,59,37,W,0,home_or_special_site_candidate,unknown,Brewer Fieldhouse,,,,,,REGULAR_SEASON,,26,Jan. 3 Northwestern W 59-37,opponent_resolved_site_pending,,MATCHED,BOOTSTRAP_SAME_SOURCE_SEQUENCE
ASRT-MIZ-00745,CBBG-0000745,missouri,MIZ-HIST-00745,historical_media_guide,1948-1949,1949-01-08,Kansas State,kansas-state,Kansas State,49,42,W,0,home_or_special_site_candidate,unknown,Brewer Fieldhouse,,,,,,REGULAR_SEASON,,26,Jan. 8 Kansas State W 49-42,opponent_resolved_site_pending,,MATCHED,BOOTSTRAP_SAME_SOURCE_SEQUENCE
ASRT-MIZ-00746,CBBG-0000746,missouri,MIZ-HIST-00746,historical_media_guide,1948-1949,1949-01-11,Kansas,kansas,Kansas,35,42,L,0,away_candidate,unknown,,,,,,,REGULAR_SEASON,,26,Jan. 11 @ Kansas L 35-42,opponent_resolved_site_pending,,MATCHED,BOOTSTRAP_SAME_SOURCE_SEQUENCE
ASRT-MIZ-00747,CBBG-0000747,missouri,MIZ-HIST-00747,historical_media_guide,1948-1949,1949-01-16,Oklahoma,oklahoma,Oklahoma,40,44,L,0,away_candidate,unknown,,,,,,,REGULAR_SEASON,,26,Jan. 16 @ Oklahoma L 40-44,opponent_resolved_site_pending,,MATCHED,BOOTSTRAP_SAME_SOURCE_SEQUENCE
ASRT-MIZ-00748,CBBG-0000748,missouri,MIZ-HIST-00748,historical_media_guide,1948-1949,1949-01-22,Iowa State,iowa-state,Iowa State,39,36,W,0,home_or_special_site_candidate,unknown,Brewer Fieldhouse,,,,,,REGULAR_SEASON,,26,Jan. 22 Iowa State W 39-36,opponent_resolved_site_pending,,MATCHED,BOOTSTRAP_SAME_SOURCE_SEQUENCE
ASRT-MIZ-00749,CBBG-0000749,missouri,MIZ-HIST-00749,historical_media_guide,1948-1949,1949-02-02,St. Louis,saint-louis,Saint Louis,27,38,L,0,home_or_special_site_candidate,unknown,Brewer Fieldhouse,,,,,,REGULAR_SEASON,,26,Feb. 2 St. Louis L 27-38,opponent_resolved_site_pending,,MATCHED,BOOTSTRAP_SAME_SOURCE_SEQUENCE
ASRT-MIZ-00750,CBBG-0000750,missouri,MIZ-HIST-00750,historical_media_guide,1948-1949,1949-02-05,Kansas State,kansas-state,Kansas State,40,34,W,0,away_candidate,unknown,,,,,,,REGULAR_SEASON,,26,Feb. 5 @ Kansas State W 40-34,opponent_resolved_site_pending,,MATCHED,BOOTSTRAP_SAME_SOURCE_SEQUENCE
ASRT-MIZ-00751,CBBG-0000751,missouri,MIZ-HIST-00751,historical_media_guide,1948-1949,1949-02-15,Kansas,kansas,Kansas,37,55,L,0,home_or_special_site_candidate,unknown,Brewer Fieldhouse,,,,,,REGULAR_SEASON,,26,Feb. 15 Kansas L 37-55,opponent_resolved_site_pending,,MATCHED,BOOTSTRAP_SAME_SOURCE_SEQUENCE
ASRT-MIZ-00752,CBBG-0000752,missouri,MIZ-HIST-00752,historical_media_guide,1948-1949,1949-02-19,Colorado,colorado,Colorado,49,48,W,0,away_candidate,unknown,,,,,,,REGULAR_SEASON,,26,Feb. 19 @ Colorado W 49-48,opponent_resolved_site_pending,,MATCHED,BOOTSTRAP_SAME_SOURCE_SEQUENCE
ASRT-MIZ-00753,CBBG-0000753,missouri,MIZ-HIST-00753,historical_media_guide,1948-1949,1949-02-21,Nebraska,nebraska,Nebraska,46,47,L,0,away_candidate,unknown,,,,,,,REGULAR_SEASON,,26,Feb. 21 @ Nebraska L 46-47,opponent_resolved_site_pending,,MATCHED,BOOTSTRAP_SAME_SOURCE_SEQUENCE
ASRT-MIZ-00754,CBBG-0000754,missouri,MIZ-HIST-00754,historical_media_guide,1948-1949,1949-02-26,Oklahoma,oklahoma,Oklahoma,49,44,W,0,home_or_special_site_candidate,unknown,Brewer Fieldhouse,,,,,,REGULAR_SEASON,,26,Feb. 26 Oklahoma W 49-44,opponent_resolved_site_pending,,MATCHED,BOOTSTRAP_SAME_SOURCE_SEQUENCE
ASRT-MIZ-00755,CBBG-0000755,missouri,MIZ-HIST-00755,historical_media_guide,1948-1949,1949-02-28,Iowa State,iowa-state,Iowa State,34,40,L,0,away_candidate,unknown,,,,,,,REGULAR_SEASON,,26,Feb. 28 @ Iowa State L 34-40,opponent_resolved_site_pending,,MATCHED,BOOTSTRAP_SAME_SOURCE_SEQUENCE
ASRT-MIZ-00756,CBBG-0000756,missouri,MIZ-HIST-00756,historical_media_guide,1948-1949,1949-03-05,Colorado,colorado,Colorado,49,34,W,0,home_or_special_site_candidate,unknown,Brewer Fieldhouse,,,,,,REGULAR_SEASON,,26,Mar. 5 Colorado W 49-34,opponent_resolved_site_pending,,MATCHED,BOOTSTRAP_SAME_SOURCE_SEQUENCE
ASRT-MIZ-00757,CBBG-0000757,missouri,MIZ-HIST-00757,historical_media_guide,1948-1949,1949-03-10,St. Louis,saint-louis,Saint Louis,37,54,L,0,away_candidate,unknown,,,,,,,REGULAR_SEASON,,26,Mar. 10 @ St. Louis L 37-54,opponent_resolved_site_pending,,MATCHED,BOOTSTRAP_SAME_SOURCE_SEQUENCE
ASRT-MIZ-00758,CBBG-0000758,missouri,MIZ-HIST-00758,historical_media_guide,1948-1949,1949-03-17,Nebraska,nebraska,Nebraska,48,52,L,0,home_or_special_site_candidate,unknown,Brewer Fieldhouse,,,,,,REGULAR_SEASON,,26,Mar. 17 Nebraska L 48-52,opponent_resolved_site_pending,,MATCHED,BOOTSTRAP_SAME_SOURCE_SEQUENCE
ASRT-MIZ-00759,CBBG-0000759,missouri,MIZ-HIST-00759,historical_media_guide,1949-1950,1949-12-12,Texas Christian,tcu,TCU,35,37,L,0,home_or_special_site_candidate,unknown,Brewer Fieldhouse,,,,,,REGULAR_SEASON,,26,Dec. 12 - - Texas Christian L 35-37,opponent_resolved_site_pending,,MATCHED,BOOTSTRAP_SAME_SOURCE_SEQUENCE
ASRT-MIZ-00760,CBBG-0000760,missouri,MIZ-HIST-00760,historical_media_guide,1949-1950,1949-12-13,Texas Christian,tcu,TCU,54,45,W,0,home_or_special_site_candidate,unknown,Brewer Fieldhouse,,,,,,REGULAR_SEASON,,26,Dec. 13 - - Texas Christian W 54-45,opponent_resolved_site_pending,,MATCHED,BOOTSTRAP_SAME_SOURCE_SEQUENCE
ASRT-MIZ-00761,CBBG-0000761,missouri,MIZ-HIST-00761,historical_media_guide,1949-1950,1949-12-17,Michigan State,michigan-state,Michigan State,74,54,W,0,away_candidate,unknown,,,,,,,REGULAR_SEASON,,26,Dec. 17 - - @ Michigan State W 74-54,opponent_resolved_site_pending,,MATCHED,BOOTSTRAP_SAME_SOURCE_SEQUENCE
ASRT-MIZ-00762,CBBG-0000762,missouri,MIZ-HIST-00762,historical_media_guide,1949-1950,1949-12-20,Wisconsin,wisconsin,Wisconsin,50,48,W,0,home_or_special_site_candidate,unknown,Brewer Fieldhouse,,,,,,REGULAR_SEASON,,26,Dec. 20 - - Wisconsin W 50-48,opponent_resolved_site_pending,,MATCHED,BOOTSTRAP_SAME_SOURCE_SEQUENCE
ASRT-MIZ-00763,CBBG-0000763,missouri,MIZ-HIST-00763,historical_media_guide,1949-1950,1949-12-22,SMU,smu,SMU,62,61,W,0,away_candidate,unknown,,,,,,,REGULAR_SEASON,,26,Dec. 22 - - @ SMU W 62-61,opponent_resolved_site_pending,,MATCHED,BOOTSTRAP_SAME_SOURCE_SEQUENCE
ASRT-MIZ-00764,CBBG-0000764,missouri,MIZ-HIST-00764,historical_media_guide,1949-1950,1949-12-23,SMU,smu,SMU,53,42,W,0,away_candidate,unknown,,,,,,,REGULAR_SEASON,,26,Dec. 23 - - @ SMU W 53-42,opponent_resolved_site_pending,,MATCHED,BOOTSTRAP_SAME_SOURCE_SEQUENCE
ASRT-MIZ-00765,CBBG-0000765,missouri,MIZ-HIST-00765,historical_media_guide,1949-1950,1949-12-27,Michigan,michigan,Michigan,47,46,W,0,home_or_special_site_candidate,unknown,Municipal Auditorium,,,,"Big Seven Tournament, Kansas City",,REGULAR_SEASON,,26,Dec. 27 - - #Michigan W 47-46,opponent_resolved_site_pending,,MATCHED,BOOTSTRAP_SAME_SOURCE_SEQUENCE
ASRT-MIZ-00766,CBBG-0000766,missouri,MIZ-HIST-00766,historical_media_guide,1949-1950,1949-12-28,Colorado,colorado,Colorado,62,51,W,0,home_or_special_site_candidate,unknown,Municipal Auditorium,,,,"Big Seven Tournament, Kansas City",,REGULAR_SEASON,,26,Dec. 28 - - #Colorado W 62-51,opponent_resolved_site_pending,,MATCHED,BOOTSTRAP_SAME_SOURCE_SEQUENCE
ASRT-MIZ-00767,CBBG-0000767,missouri,MIZ-HIST-00767,historical_media_guide,1949-1950,1949-12-30,Oklahoma,oklahoma,Oklahoma,44,42,W,0,home_or_special_site_candidate,unknown,Municipal Auditorium,,,,"Big Seven Tournament, Kansas City",,REGULAR_SEASON,,26,Dec. 30 - - #Oklahoma W 44-42,opponent_resolved_site_pending,,MATCHED,BOOTSTRAP_SAME_SOURCE_SEQUENCE
ASRT-MIZ-00768,CBBG-0000768,missouri,MIZ-HIST-00768,historical_media_guide,1949-1950,1950-01-06,Washington (Mo.),washington-university-of-st-louis,Washington University of St. Louis,49,43,W,0,home_or_special_site_candidate,unknown,Brewer Fieldhouse,,,,,,REGULAR_SEASON,,26,Jan. 6 12 - Washington (Mo.) W 49-43,opponent_resolved_site_pending,,MATCHED,BOOTSTRAP_SAME_SOURCE_SEQUENCE
ASRT-MIZ-00769,CBBG-0000769,missouri,MIZ-HIST-00769,historical_media_guide,1949-1950,1950-01-09,Oklahoma,oklahoma,Oklahoma,36,41,L,0,away_candidate,unknown,,,,,,,REGULAR_SEASON,,26,Jan. 9 12 17 @ Oklahoma L 36-41,opponent_resolved_site_pending,,MATCHED,BOOTSTRAP_SAME_SOURCE_SEQUENCE
ASRT-MIZ-00770,CBBG-0000770,missouri,MIZ-HIST-00770,historical_media_guide,1949-1950,1950-01-14,Kansas,kansas,Kansas,44,48,L,0,home_or_special_site_candidate,unknown,Brewer Fieldhouse,,,,,,REGULAR_SEASON,,26,Jan. 14 16 - Kansas L 44-48,opponent_resolved_site_pending,,MATCHED,BOOTSTRAP_SAME_SOURCE_SEQUENCE
ASRT-MIZ-00771,CBBG-0000771,missouri,MIZ-HIST-00771,historical_media_guide,1949-1950,1950-01-18,Wichita State,wichita-state,Wichita State,72,45,W,0,home_or_special_site_candidate,unknown,Brewer Fieldhouse,,,,,,REGULAR_SEASON,,26,Jan. 18 - - Wichita State W 72-45,opponent_resolved_site_pending,,MATCHED,BOOTSTRAP_SAME_SOURCE_SEQUENCE
ASRT-MIZ-00772,CBBG-0000772,missouri,MIZ-HIST-00772,historical_media_guide,1949-1950,1950-01-21,Iowa State,iowa-state,Iowa State,49,61,L,0,away_candidate,unknown,,,,,,,REGULAR_SEASON,,26,Jan. 21 - - @ Iowa State L 49-61,opponent_resolved_site_pending,,MATCHED,BOOTSTRAP_SAME_SOURCE_SEQUENCE
ASRT-MIZ-00773,CBBG-0000773,missouri,MIZ-HIST-00773,historical_media_guide,1949-1950,1950-02-04,Colorado,colorado,Colorado,39,41,L,0,away_candidate,unknown,,,,,,,REGULAR_SEASON,,26,Feb. 4 - - @ Colorado L 39-41,opponent_resolved_site_pending,,MATCHED,BOOTSTRAP_SAME_SOURCE_SEQUENCE
ASRT-MIZ-00774,CBBG-0000774,missouri,MIZ-HIST-00774,historical_media_guide,1949-1950,1950-02-06,Nebraska,nebraska,Nebraska,41,50,L,0,away_candidate,unknown,,,,,,,REGULAR_SEASON,,26,Feb. 6 - - @ Nebraska L 41-50,opponent_resolved_site_pending,,MATCHED,BOOTSTRAP_SAME_SOURCE_SEQUENCE
ASRT-MIZ-00775,CBBG-0000775,missouri,MIZ-HIST-00775,historical_media_guide,1949-1950,1950-02-11,Kansas State,kansas-state,Kansas State,59,43,W,0,home_or_special_site_candidate,unknown,Brewer Fieldhouse,,,,,,REGULAR_SEASON,,26,Feb. 11 - - Kansas State W 59-43,opponent_resolved_site_pending,,MATCHED,BOOTSTRAP_SAME_SOURCE_SEQUENCE
ASRT-MIZ-00776,CBBG-0000776,missouri,MIZ-HIST-00776,historical_media_guide,1949-1950,1950-02-13,Ohio State,ohio-state,Ohio State,46,47,L,0,home_or_special_site_candidate,unknown,Brewer Fieldhouse,,,,,,REGULAR_SEASON,,26,Feb. 13 - - Ohio State L 46-47,opponent_resolved_site_pending,,MATCHED,BOOTSTRAP_SAME_SOURCE_SEQUENCE
ASRT-MIZ-00777,CBBG-0000777,missouri,MIZ-HIST-00777,historical_media_guide,1949-1950,1950-02-17,Kansas,kansas,Kansas,52,59,L,0,away_candidate,unknown,,,,,,,REGULAR_SEASON,,26,Feb. 17 - - @ Kansas L 52-59,opponent_resolved_site_pending,,MATCHED,BOOTSTRAP_SAME_SOURCE_SEQUENCE
ASRT-MIZ-00778,CBBG-0000778,missouri,MIZ-HIST-00778,historical_media_guide,1949-1950,1950-02-20,Nebraska,nebraska,Nebraska,48,55,L,0,home_or_special_site_candidate,unknown,Brewer Fieldhouse,,,,,,REGULAR_SEASON,,26,Feb. 20 - - Nebraska L 48-55,opponent_resolved_site_pending,,MATCHED,BOOTSTRAP_SAME_SOURCE_SEQUENCE
ASRT-MIZ-00779,CBBG-0000779,missouri,MIZ-HIST-00779,historical_media_guide,1949-1950,1950-02-25,Oklahoma,oklahoma,Oklahoma,40,55,L,0,home_or_special_site_candidate,unknown,Brewer Fieldhouse,,,,,,REGULAR_SEASON,,26,Feb. 25 - - Oklahoma L 40-55,opponent_resolved_site_pending,,MATCHED,BOOTSTRAP_SAME_SOURCE_SEQUENCE
ASRT-MIZ-00780,CBBG-0000780,missouri,MIZ-HIST-00780,historical_media_guide,1949-1950,1950-03-04,Kansas State,kansas-state,Kansas State,58,55,W,0,away_candidate,unknown,,,,,,,REGULAR_SEASON,,26,Mar. 4 - - @ Kansas State W 58-55,opponent_resolved_site_pending,,MATCHED,BOOTSTRAP_SAME_SOURCE_SEQUENCE
ASRT-MIZ-00781,CBBG-0000781,missouri,MIZ-HIST-00781,historical_media_guide,1949-1950,1950-03-06,Iowa State,iowa-state,Iowa State,74,59,W,0,home_or_special_site_candidate,unknown,Brewer Fieldhouse,,,,,,REGULAR_SEASON,,26,Mar. 6 - - Iowa State W 74-59,opponent_resolved_site_pending,,MATCHED,BOOTSTRAP_SAME_SOURCE_SEQUENCE
ASRT-MIZ-00782,CBBG-0000782,missouri,MIZ-HIST-00782,historical_media_guide,1949-1950,1950-03-11,Colorado,colorado,Colorado,53,49,W,0,home_or_special_site_candidate,unknown,Brewer Fieldhouse,,,,,,REGULAR_SEASON,,26,Mar. 11 - - Colorado W 53-49,opponent_resolved_site_pending,,MATCHED,BOOTSTRAP_SAME_SOURCE_SEQUENCE
ASRT-MIZ-00783,CBBG-0000783,missouri,MIZ-HIST-00783,historical_media_guide,1950-1951,1950-12-07,Washington (Mo.),washington-university-of-st-louis,Washington University of St. Louis,42,45,L,0,away_candidate,unknown,,,,,,,REGULAR_SEASON,,26,Dec. 7 - - @ Washington (Mo.) L 42-45,opponent_resolved_site_pending,,MATCHED,BOOTSTRAP_SAME_SOURCE_SEQUENCE
ASRT-MIZ-00784,CBBG-0000784,missouri,MIZ-HIST-00784,historical_media_guide,1950-1951,1950-12-09,CCNY,ccny,CCNY,54,37,W,0,away_candidate,unknown,,,,,,,REGULAR_SEASON,,26,Dec. 9 - - @ CCNY W 54-37,opponent_resolved_site_pending,,MATCHED,BOOTSTRAP_SAME_SOURCE_SEQUENCE
ASRT-MIZ-00785,CBBG-0000785,missouri,MIZ-HIST-00785,historical_media_guide,1950-1951,1950-12-11,Ohio State,ohio-state,Ohio State,61,51,W,0,away_candidate,unknown,,,,,,,REGULAR_SEASON,,26,Dec. 11 - - @ Ohio State W 61-51,opponent_resolved_site_pending,,MATCHED,BOOTSTRAP_SAME_SOURCE_SEQUENCE
ASRT-MIZ-00786,CBBG-0000786,missouri,MIZ-HIST-00786,historical_media_guide,1950-1951,1950-12-14,Texas Christian,tcu,TCU,50,45,W,0,away_candidate,unknown,,,,,,,REGULAR_SEASON,,26,Dec. 14 - - @ Texas Christian W 50-45,opponent_resolved_site_pending,,MATCHED,BOOTSTRAP_SAME_SOURCE_SEQUENCE
ASRT-MIZ-00787,CBBG-0000787,missouri,MIZ-HIST-00787,historical_media_guide,1950-1951,1950-12-18,Arkansas,arkansas,Arkansas,54,32,W,0,home_or_special_site_candidate,unknown,Brewer Fieldhouse,,,,,,REGULAR_SEASON,,26,Dec. 18 - - Arkansas W 54-32,opponent_resolved_site_pending,,MATCHED,BOOTSTRAP_SAME_SOURCE_SEQUENCE
ASRT-MIZ-00788,CBBG-0000788,missouri,MIZ-HIST-00788,historical_media_guide,1950-1951,1950-12-28,Nebraska,nebraska,Nebraska,52,54,L,0,home_or_special_site_candidate,unknown,Municipal Auditorium,,,,"Big Seven Tournament, Kansas City",,REGULAR_SEASON,,26,Dec. 28 - - #Nebraska L 52-54,opponent_resolved_site_pending,,MATCHED,BOOTSTRAP_SAME_SOURCE_SEQUENCE
ASRT-MIZ-00789,CBBG-0000789,missouri,MIZ-HIST-00789,historical_media_guide,1950-1951,1950-12-29,Oklahoma,oklahoma,Oklahoma,41,51,L,0,home_or_special_site_candidate,unknown,Municipal Auditorium,,,,"Big Seven Tournament, Kansas City",,REGULAR_SEASON,,26,Dec. 29 9 - #Oklahoma L 41-51,opponent_resolved_site_pending,,MATCHED,BOOTSTRAP_SAME_SOURCE_SEQUENCE
ASRT-MIZ-00790,CBBG-0000790,missouri,MIZ-HIST-00790,historical_media_guide,1950-1951,1950-12-30,Colorado,colorado,Colorado,62,54,W,0,home_or_special_site_candidate,unknown,Municipal Auditorium,,,,"Big Seven Tournament, Kansas City",,REGULAR_SEASON,,26,Dec. 30 9 - #Colorado W 62-54,opponent_resolved_site_pending,,MATCHED,BOOTSTRAP_SAME_SOURCE_SEQUENCE
ASRT-MIZ-00791,CBBG-0000791,missouri,MIZ-HIST-00791,historical_media_guide,1950-1951,1951-01-04,Houston,houston,Houston,66,48,W,0,home_or_special_site_candidate,unknown,Brewer Fieldhouse,,,,,,REGULAR_SEASON,,26,Jan. 4 9 - Houston W 66-48,opponent_resolved_site_pending,,MATCHED,BOOTSTRAP_SAME_SOURCE_SEQUENCE
ASRT-MIZ-00792,CBBG-0000792,missouri,MIZ-HIST-00792,historical_media_guide,1950-1951,1951-01-06,Kansas State,kansas-state,Kansas State,43,60,L,0,home_or_special_site_candidate,unknown,Brewer Fieldhouse,,,,,,REGULAR_SEASON,,26,Jan. 6 - 9 Kansas State L 43-60,opponent_resolved_site_pending,,MATCHED,BOOTSTRAP_SAME_SOURCE_SEQUENCE
ASRT-MIZ-00793,CBBG-0000793,missouri,MIZ-HIST-00793,historical_media_guide,1950-1951,1951-01-08,Kansas,kansas,Kansas,46,61,L,0,away_candidate,unknown,,,,,,,REGULAR_SEASON,,26,Jan. 8 - 20 @ Kansas L 46-61,opponent_resolved_site_pending,,MATCHED,BOOTSTRAP_SAME_SOURCE_SEQUENCE
ASRT-MIZ-00794,CBBG-0000794,missouri,MIZ-HIST-00794,historical_media_guide,1950-1951,1951-01-13,Oklahoma,oklahoma,Oklahoma,41,39,W,0,away_candidate,unknown,,,,,,,REGULAR_SEASON,,26,Jan. 13 - - @ Oklahoma W 41-39,opponent_resolved_site_pending,,MATCHED,BOOTSTRAP_SAME_SOURCE_SEQUENCE
ASRT-MIZ-00795,CBBG-0000795,missouri,MIZ-HIST-00795,historical_media_guide,1950-1951,1951-01-16,Wichita State,wichita-state,Wichita State,61,42,W,0,home_or_special_site_candidate,unknown,Brewer Fieldhouse,,,,,,REGULAR_SEASON,,26,Jan. 16 - - Wichita State W 61-42,opponent_resolved_site_pending,,MATCHED,BOOTSTRAP_SAME_SOURCE_SEQUENCE
ASRT-MIZ-00796,CBBG-0000796,missouri,MIZ-HIST-00796,historical_media_guide,1950-1951,1951-01-17,Wichita State,wichita-state,Wichita State,46,38,W,0,home_or_special_site_candidate,unknown,Brewer Fieldhouse,,,,,,REGULAR_SEASON,,26,Jan. 17 - - Wichita State W 46-38,opponent_resolved_site_pending,,MATCHED,BOOTSTRAP_SAME_SOURCE_SEQUENCE
ASRT-MIZ-00797,CBBG-0000797,missouri,MIZ-HIST-00797,historical_media_guide,1950-1951,1951-01-22,Iowa State,iowa-state,Iowa State,49,46,W,0,home_or_special_site_candidate,unknown,Brewer Fieldhouse,,,,,,REGULAR_SEASON,,26,Jan. 22 - - Iowa State W 49-46,opponent_resolved_site_pending,,MATCHED,BOOTSTRAP_SAME_SOURCE_SEQUENCE
ASRT-MIZ-00798,CBBG-0000798,missouri,MIZ-HIST-00798,historical_media_guide,1950-1951,1951-02-02,Iowa,iowa,Iowa,53,63,L,0,away_candidate,unknown,,,,,,,REGULAR_SEASON,,26,Feb. 2 - - @ Iowa L 53-63,opponent_resolved_site_pending,,MATCHED,BOOTSTRAP_SAME_SOURCE_SEQUENCE
ASRT-MIZ-00799,CBBG-0000799,missouri,MIZ-HIST-00799,historical_media_guide,1950-1951,1951-02-10,Kansas State,kansas-state,Kansas State,64,75,L,0,away_candidate,unknown,,,,,,,REGULAR_SEASON,,26,Feb. 10 - 4 @ Kansas State L 64-75,opponent_resolved_site_pending,,MATCHED,BOOTSTRAP_SAME_SOURCE_SEQUENCE
ASRT-MIZ-00800,CBBG-0000800,missouri,MIZ-HIST-00800,historical_media_guide,1950-1951,1951-02-12,Kansas,kansas,Kansas,39,38,W,0,home_or_special_site_candidate,unknown,Brewer Fieldhouse,,,,,,REGULAR_SEASON,,26,Feb. 12 - 20 Kansas W 39-38,opponent_resolved_site_pending,,MATCHED,BOOTSTRAP_SAME_SOURCE_SEQUENCE
ASRT-MIZ-00801,CBBG-0000801,missouri,MIZ-HIST-00801,historical_media_guide,1950-1951,1951-02-17,Colorado,colorado,Colorado,41,36,W,0,away_candidate,unknown,,,,,,,REGULAR_SEASON,,26,Feb. 17 - - @ Colorado W 41-36,opponent_resolved_site_pending,,MATCHED,BOOTSTRAP_SAME_SOURCE_SEQUENCE
ASRT-MIZ-00802,CBBG-0000802,missouri,MIZ-HIST-00802,historical_media_guide,1950-1951,1951-02-19,Nebraska,nebraska,Nebraska,52,54,L,0,away_candidate,unknown,,,,,,,REGULAR_SEASON,,26,Feb. 19 - - @ Nebraska L 52-54,opponent_resolved_site_pending,,MATCHED,BOOTSTRAP_SAME_SOURCE_SEQUENCE
ASRT-MIZ-00803,CBBG-0000803,missouri,MIZ-HIST-00803,historical_media_guide,1950-1951,1951-02-24,Oklahoma,oklahoma,Oklahoma,57,45,W,0,home_or_special_site_candidate,unknown,Brewer Fieldhouse,,,,,,REGULAR_SEASON,,27,Feb. 24 - 17 Oklahoma W 57-45,opponent_resolved_site_pending,,MATCHED,BOOTSTRAP_SAME_SOURCE_SEQUENCE
ASRT-MIZ-00804,CBBG-0000804,missouri,MIZ-HIST-00804,historical_media_guide,1950-1951,1951-02-26,Iowa State,iowa-state,Iowa State,59,54,W,0,away_candidate,unknown,,,,,,,REGULAR_SEASON,,27,Feb. 26 - - @ Iowa State W 59-54,opponent_resolved_site_pending,,MATCHED,BOOTSTRAP_SAME_SOURCE_SEQUENCE
ASRT-MIZ-00805,CBBG-0000805,missouri,MIZ-HIST-00805,historical_media_guide,1950-1951,1951-03-05,Colorado,colorado,Colorado,50,46,W,0,home_or_special_site_candidate,unknown,Brewer Fieldhouse,,,,,,REGULAR_SEASON,,27,Mar. 5 - - Colorado W 50-46,opponent_resolved_site_pending,,MATCHED,BOOTSTRAP_SAME_SOURCE_SEQUENCE
ASRT-MIZ-00806,CBBG-0000806,missouri,MIZ-HIST-00806,historical_media_guide,1950-1951,1951-03-07,Nebraska,nebraska,Nebraska,68,57,W,0,home_or_special_site_candidate,unknown,Brewer Fieldhouse,,,,,,REGULAR_SEASON,,27,Mar. 7 - - Nebraska W 68-57,opponent_resolved_site_pending,,MATCHED,BOOTSTRAP_SAME_SOURCE_SEQUENCE
ASRT-MIZ-00807,CBBG-0000807,missouri,MIZ-HIST-00807,historical_media_guide,1951-1952,1951-12-10,Central Methodist,central-methodist,Central Methodist,48,35,W,0,home_or_special_site_candidate,unknown,Brewer Fieldhouse,,,,,,REGULAR_SEASON,,27,Dec. 10 - - Central Methodist W 48-35,opponent_resolved_site_pending,,MATCHED,BOOTSTRAP_SAME_SOURCE_SEQUENCE
ASRT-MIZ-00808,CBBG-0000808,missouri,MIZ-HIST-00808,historical_media_guide,1951-1952,1951-12-10,Missouri Valley,missouri-valley,Missouri Valley,62,48,W,0,home_or_special_site_candidate,unknown,Brewer Fieldhouse,,,,,,REGULAR_SEASON,,27,Dec. 10 - - Missouri Valley W 62-48,opponent_resolved_site_pending,,MATCHED,BOOTSTRAP_SAME_SOURCE_SEQUENCE
ASRT-MIZ-00809,CBBG-0000809,missouri,MIZ-HIST-00809,historical_media_guide,1951-1952,1951-12-13,New Mexico State,new-mexico-state,New Mexico State,53,38,W,0,home_or_special_site_candidate,unknown,Brewer Fieldhouse,,,,,,REGULAR_SEASON,,27,Dec. 13 - - New Mexico State W 53-38,opponent_resolved_site_pending,,MATCHED,BOOTSTRAP_SAME_SOURCE_SEQUENCE
ASRT-MIZ-00810,CBBG-0000810,missouri,MIZ-HIST-00810,historical_media_guide,1951-1952,1951-12-15,Iowa,iowa,Iowa,43,48,L,0,home_or_special_site_candidate,unknown,Brewer Fieldhouse,,,,,,REGULAR_SEASON,,27,Dec. 15 - - Iowa L 43-48,opponent_resolved_site_pending,,MATCHED,BOOTSTRAP_SAME_SOURCE_SEQUENCE
ASRT-MIZ-00811,CBBG-0000811,missouri,MIZ-HIST-00811,historical_media_guide,1951-1952,1951-12-19,Tulsa,tulsa,Tulsa,53,60,L,0,away_candidate,unknown,,,,,,,REGULAR_SEASON,,27,Dec. 19 - - @ Tulsa L 53-60,opponent_resolved_site_pending,,MATCHED,BOOTSTRAP_SAME_SOURCE_SEQUENCE
ASRT-MIZ-00812,CBBG-0000812,missouri,MIZ-HIST-00812,historical_media_guide,1951-1952,1951-12-20,Arkansas,arkansas,Arkansas,43,49,L,0,away_candidate,unknown,,,,,,,REGULAR_SEASON,,27,Dec. 20 - - @ Arkansas L 43-49,opponent_resolved_site_pending,,MATCHED,BOOTSTRAP_SAME_SOURCE_SEQUENCE
ASRT-MIZ-00813,CBBG-0000813,missouri,MIZ-HIST-00813,historical_media_guide,1951-1952,1951-12-28,Iowa State,iowa-state,Iowa State,49,42,W,0,home_or_special_site_candidate,unknown,Municipal Auditorium,,,,"Big Seven Tournament, Kansas City",,REGULAR_SEASON,,27,Dec. 28 - - #Iowa State W 49-42,opponent_resolved_site_pending,,MATCHED,BOOTSTRAP_SAME_SOURCE_SEQUENCE
ASRT-MIZ-00814,CBBG-0000814,missouri,MIZ-HIST-00814,historical_media_guide,1951-1952,1951-12-29,Oklahoma,oklahoma,Oklahoma,61,49,W,0,home_or_special_site_candidate,unknown,Municipal Auditorium,,,,"Big Seven Tournament, Kansas City",,REGULAR_SEASON,,27,Dec. 29 - - #Oklahoma W 61-49,opponent_resolved_site_pending,,MATCHED,BOOTSTRAP_SAME_SOURCE_SEQUENCE
ASRT-MIZ-00815,CBBG-0000815,missouri,MIZ-HIST-00815,historical_media_guide,1951-1952,1951-12-30,Kansas,kansas,Kansas,65,75,L,0,home_or_special_site_candidate,unknown,Municipal Auditorium,,,,"Big Seven Tournament, Kansas City",,REGULAR_SEASON,,27,Dec. 30 - 4 #Kansas L 65-75,opponent_resolved_site_pending,,MATCHED,BOOTSTRAP_SAME_SOURCE_SEQUENCE
ASRT-MIZ-00816,CBBG-0000816,missouri,MIZ-HIST-00816,historical_media_guide,1951-1952,1952-01-03,Ft. Leonard Wood,ft-leonard-wood,Ft. Leonard Wood,76,47,W,0,home_or_special_site_candidate,unknown,Brewer Fieldhouse,,,,,,REGULAR_SEASON,,27,Jan. 3 - - Ft. Leonard Wood W 76-47,opponent_resolved_site_pending,,MATCHED,BOOTSTRAP_SAME_SOURCE_SEQUENCE
ASRT-MIZ-00817,CBBG-0000817,missouri,MIZ-HIST-00817,historical_media_guide,1951-1952,1952-01-05,Iowa State,iowa-state,Iowa State,55,57,L,0,away_candidate,unknown,,,,,,,REGULAR_SEASON,,27,Jan. 5 - - @ Iowa State L 55-57,opponent_resolved_site_pending,,MATCHED,BOOTSTRAP_SAME_SOURCE_SEQUENCE
ASRT-MIZ-00818,CBBG-0000818,missouri,MIZ-HIST-00818,historical_media_guide,1951-1952,1952-01-12,Kansas,kansas,Kansas,59,60,L,0,home_or_special_site_candidate,unknown,Brewer Fieldhouse,,,,,,REGULAR_SEASON,,27,Jan. 12 - 1 Kansas L 59-60,opponent_resolved_site_pending,,MATCHED,BOOTSTRAP_SAME_SOURCE_SEQUENCE
ASRT-MIZ-00819,CBBG-0000819,missouri,MIZ-HIST-00819,historical_media_guide,1951-1952,1952-01-14,Drake,drake,Drake,59,50,W,0,home_or_special_site_candidate,unknown,Brewer Fieldhouse,,,,,,REGULAR_SEASON,,27,Jan. 14 - - Drake W 59-50,opponent_resolved_site_pending,,MATCHED,BOOTSTRAP_SAME_SOURCE_SEQUENCE
ASRT-MIZ-00820,CBBG-0000820,missouri,MIZ-HIST-00820,historical_media_guide,1951-1952,1952-01-19,Colorado,colorado,Colorado,44,41,W,0,home_or_special_site_candidate,unknown,Brewer Fieldhouse,,,,,,REGULAR_SEASON,,27,Jan. 19 - - Colorado W 44-41,opponent_resolved_site_pending,,MATCHED,BOOTSTRAP_SAME_SOURCE_SEQUENCE
ASRT-MIZ-00821,CBBG-0000821,missouri,MIZ-HIST-00821,historical_media_guide,1951-1952,1952-01-21,Oklahoma,oklahoma,Oklahoma,45,47,L,0,away_candidate,unknown,,,,,,,REGULAR_SEASON,,27,Jan. 21 - - @ Oklahoma L 45-47,opponent_resolved_site_pending,,MATCHED,BOOTSTRAP_SAME_SOURCE_SEQUENCE
ASRT-MIZ-00822,CBBG-0000822,missouri,MIZ-HIST-00822,historical_media_guide,1951-1952,1952-02-01,Drake,drake,Drake,63,62,W,0,away_candidate,unknown,,,,,,,REGULAR_SEASON,,27,Feb. 1 - - @ Drake W 63-62,opponent_resolved_site_pending,,MATCHED,BOOTSTRAP_SAME_SOURCE_SEQUENCE
ASRT-MIZ-00823,CBBG-0000823,missouri,MIZ-HIST-00823,historical_media_guide,1951-1952,1952-02-02,Nebraska,nebraska,Nebraska,60,55,W,0,away_candidate,unknown,,,,,,,REGULAR_SEASON,,27,Feb. 2 - - @ Nebraska W 60-55,opponent_resolved_site_pending,,MATCHED,BOOTSTRAP_SAME_SOURCE_SEQUENCE
ASRT-MIZ-00824,CBBG-0000824,missouri,MIZ-HIST-00824,historical_media_guide,1951-1952,1952-02-09,Kansas State,kansas-state,Kansas State,52,55,L,0,home_or_special_site_candidate,unknown,Brewer Fieldhouse,,,,,,REGULAR_SEASON,,27,Feb. 9 - 2 Kansas State L 52-55,opponent_resolved_site_pending,,MATCHED,BOOTSTRAP_SAME_SOURCE_SEQUENCE
ASRT-MIZ-00825,CBBG-0000825,missouri,MIZ-HIST-00825,historical_media_guide,1951-1952,1952-02-11,Oklahoma,oklahoma,Oklahoma,56,50,W,0,home_or_special_site_candidate,unknown,Brewer Fieldhouse,,,,,,REGULAR_SEASON,,27,Feb. 11 - - Oklahoma W 56-50,opponent_resolved_site_pending,,MATCHED,BOOTSTRAP_SAME_SOURCE_SEQUENCE
ASRT-MIZ-00826,CBBG-0000826,missouri,MIZ-HIST-00826,historical_media_guide,1951-1952,1952-02-16,Kansas State,kansas-state,Kansas State,58,86,L,0,away_candidate,unknown,,,,,,,REGULAR_SEASON,,27,Feb. 16 - 2 @ Kansas State L 58-86,opponent_resolved_site_pending,,MATCHED,BOOTSTRAP_SAME_SOURCE_SEQUENCE
ASRT-MIZ-00827,CBBG-0000827,missouri,MIZ-HIST-00827,historical_media_guide,1951-1952,1952-02-18,Colorado,colorado,Colorado,72,55,W,0,away_candidate,unknown,,,,,,,REGULAR_SEASON,,27,Feb. 18 - - @ Colorado W 72-55,opponent_resolved_site_pending,,MATCHED,BOOTSTRAP_SAME_SOURCE_SEQUENCE
ASRT-MIZ-00828,CBBG-0000828,missouri,MIZ-HIST-00828,historical_media_guide,1951-1952,1952-02-25,Kansas,kansas,Kansas,54,65,L,0,away_candidate,unknown,,,,,,,REGULAR_SEASON,,27,Feb. 25 - 7 @ Kansas L 54-65,opponent_resolved_site_pending,,MATCHED,BOOTSTRAP_SAME_SOURCE_SEQUENCE
ASRT-MIZ-00829,CBBG-0000829,missouri,MIZ-HIST-00829,historical_media_guide,1951-1952,1952-02-29,Iowa State,iowa-state,Iowa State,53,49,W,0,home_or_special_site_candidate,unknown,Brewer Fieldhouse,,,,,,REGULAR_SEASON,,27,Feb. 29 - - Iowa State W 53-49,opponent_resolved_site_pending,,MATCHED,BOOTSTRAP_SAME_SOURCE_SEQUENCE
ASRT-MIZ-00830,CBBG-0000830,missouri,MIZ-HIST-00830,historical_media_guide,1951-1952,1952-03-03,Nebraska,nebraska,Nebraska,68,53,W,0,home_or_special_site_candidate,unknown,Brewer Fieldhouse,,,,,,REGULAR_SEASON,,27,Mar. 3 - - Nebraska W 68-53,opponent_resolved_site_pending,,MATCHED,BOOTSTRAP_SAME_SOURCE_SEQUENCE
ASRT-MIZ-00831,CBBG-0000831,missouri,MIZ-HIST-00831,historical_media_guide,1952-1953,1952-12-13,Ft. Leonard Wood,ft-leonard-wood,Ft. Leonard Wood,66,62,W,0,home_or_special_site_candidate,unknown,Brewer Fieldhouse,,,,,,REGULAR_SEASON,,27,Dec. 13 - - Ft. Leonard Wood W 66-62,opponent_resolved_site_pending,,MATCHED,BOOTSTRAP_SAME_SOURCE_SEQUENCE
ASRT-MIZ-00832,CBBG-0000832,missouri,MIZ-HIST-00832,historical_media_guide,1952-1953,1952-12-16,Arkansas,arkansas,Arkansas,64,65,L,0,home_or_special_site_candidate,unknown,Brewer Fieldhouse,,,,,,REGULAR_SEASON,,27,Dec. 16 - - Arkansas L 64-65,opponent_resolved_site_pending,,MATCHED,BOOTSTRAP_SAME_SOURCE_SEQUENCE
ASRT-MIZ-00833,CBBG-0000833,missouri,MIZ-HIST-00833,historical_media_guide,1952-1953,1952-12-18,Texas Christian,tcu,TCU,55,45,W,0,home_or_special_site_candidate,unknown,Brewer Fieldhouse,,,,,,REGULAR_SEASON,,27,Dec. 18 - - Texas Christian W 55-45,opponent_resolved_site_pending,,MATCHED,BOOTSTRAP_SAME_SOURCE_SEQUENCE
ASRT-MIZ-00834,CBBG-0000834,missouri,MIZ-HIST-00834,historical_media_guide,1952-1953,1952-12-20,Wyoming,wyoming,Wyoming,64,58,W,0,away_candidate,unknown,,,,,,,REGULAR_SEASON,,27,Dec. 20 - - @ Wyoming W 64-58,opponent_resolved_site_pending,,MATCHED,BOOTSTRAP_SAME_SOURCE_SEQUENCE
ASRT-MIZ-00835,CBBG-0000835,missouri,MIZ-HIST-00835,historical_media_guide,1952-1953,1952-12-23,Drake,drake,Drake,57,77,L,0,away_candidate,unknown,,,,,,,REGULAR_SEASON,,27,Dec. 23 - - @ Drake L 57-77,opponent_resolved_site_pending,,MATCHED,BOOTSTRAP_SAME_SOURCE_SEQUENCE
ASRT-MIZ-00836,CBBG-0000836,missouri,MIZ-HIST-00836,historical_media_guide,1952-1953,1952-12-26,Iowa State,iowa-state,Iowa State,63,61,W,0,home_or_special_site_candidate,unknown,Municipal Auditorium,,,,"Big Seven Tournament, Kansas City",,REGULAR_SEASON,,27,Dec. 26 - - #Iowa State W 63-61,opponent_resolved_site_pending,,MATCHED,BOOTSTRAP_SAME_SOURCE_SEQUENCE
ASRT-MIZ-00837,CBBG-0000837,missouri,MIZ-HIST-00837,historical_media_guide,1952-1953,1952-12-29,Kansas,kansas,Kansas,62,66,L,0,home_or_special_site_candidate,unknown,Municipal Auditorium,,,,"Big Seven Tournament, Kansas City",,REGULAR_SEASON,,27,Dec. 29 - - #Kansas L 62-66,opponent_resolved_site_pending,,MATCHED,BOOTSTRAP_SAME_SOURCE_SEQUENCE
ASRT-MIZ-00838,CBBG-0000838,missouri,MIZ-HIST-00838,historical_media_guide,1952-1953,1952-12-30,Yale,yale,Yale,57,55,W,0,home_or_special_site_candidate,unknown,Municipal Auditorium,,,,"Big Seven Tournament, Kansas City",,REGULAR_SEASON,,27,Dec. 30 - - #Yale W 57-55,opponent_resolved_site_pending,,MATCHED,BOOTSTRAP_SAME_SOURCE_SEQUENCE
ASRT-MIZ-00839,CBBG-0000839,missouri,MIZ-HIST-00839,historical_media_guide,1952-1953,1953-01-05,Iowa State,iowa-state,Iowa State,66,61,W,0,home_or_special_site_candidate,unknown,Brewer Fieldhouse,,,,,,REGULAR_SEASON,,27,Jan. 5 - - Iowa State W 66-61,opponent_resolved_site_pending,,MATCHED,BOOTSTRAP_SAME_SOURCE_SEQUENCE
ASRT-MIZ-00840,CBBG-0000840,missouri,MIZ-HIST-00840,historical_media_guide,1952-1953,1953-01-10,Oklahoma,oklahoma,Oklahoma,61,64,L,0,away_candidate,unknown,,,,,,,REGULAR_SEASON,,27,Jan. 10 - - @ Oklahoma L 61-64,opponent_resolved_site_pending,,MATCHED,BOOTSTRAP_SAME_SOURCE_SEQUENCE
ASRT-MIZ-00841,CBBG-0000841,missouri,MIZ-HIST-00841,historical_media_guide,1952-1953,1953-01-17,Colorado,colorado,Colorado,79,72,W,0,away_candidate,unknown,,,,,,,REGULAR_SEASON,,27,Jan. 17 - - @ Colorado W 79-72,opponent_resolved_site_pending,,MATCHED,BOOTSTRAP_SAME_SOURCE_SEQUENCE
ASRT-MIZ-00842,CBBG-0000842,missouri,MIZ-HIST-00842,historical_media_guide,1952-1953,1953-01-19,Nebraska,nebraska,Nebraska,62,73,L,0,away_candidate,unknown,,,,,,,REGULAR_SEASON,,27,Jan. 19 - - @ Nebraska L 62-73,opponent_resolved_site_pending,,MATCHED,BOOTSTRAP_SAME_SOURCE_SEQUENCE
ASRT-MIZ-00843,CBBG-0000843,missouri,MIZ-HIST-00843,historical_media_guide,1952-1953,1953-01-24,Kansas State,kansas-state,Kansas State,85,94,L,0,home_or_special_site_candidate,unknown,Brewer Fieldhouse,,,,,,REGULAR_SEASON,,27,Jan. 24 - 4 Kansas State L 85-94,opponent_resolved_site_pending,,MATCHED,BOOTSTRAP_SAME_SOURCE_SEQUENCE
ASRT-MIZ-00844,CBBG-0000844,missouri,MIZ-HIST-00844,historical_media_guide,1952-1953,1953-02-07,Kansas,kansas,Kansas,62,86,L,0,away_candidate,unknown,,,,,,,REGULAR_SEASON,,27,Feb. 7 - 18 @ Kansas L 62-86,opponent_resolved_site_pending,,MATCHED,BOOTSTRAP_SAME_SOURCE_SEQUENCE
ASRT-MIZ-00845,CBBG-0000845,missouri,MIZ-HIST-00845,historical_media_guide,1952-1953,1953-02-14,Colorado,colorado,Colorado,83,67,W,0,home_or_special_site_candidate,unknown,Brewer Fieldhouse,,,,,,REGULAR_SEASON,,27,Feb. 14 - - Colorado W 83-67,opponent_resolved_site_pending,,MATCHED,BOOTSTRAP_SAME_SOURCE_SEQUENCE
ASRT-MIZ-00846,CBBG-0000846,missouri,MIZ-HIST-00846,historical_media_guide,1952-1953,1953-02-16,Iowa State,iowa-state,Iowa State,78,74,W,0,away_candidate,unknown,,,,,,,REGULAR_SEASON,,27,Feb. 16 - - @ Iowa State W 78-74,opponent_resolved_site_pending,,MATCHED,BOOTSTRAP_SAME_SOURCE_SEQUENCE
ASRT-MIZ-00847,CBBG-0000847,missouri,MIZ-HIST-00847,historical_media_guide,1952-1953,1953-02-21,Nebraska,nebraska,Nebraska,66,59,W,0,home_or_special_site_candidate,unknown,Brewer Fieldhouse,,,,,,REGULAR_SEASON,,27,Feb. 21 - - Nebraska W 66-59,opponent_resolved_site_pending,,MATCHED,BOOTSTRAP_SAME_SOURCE_SEQUENCE
ASRT-MIZ-00848,CBBG-0000848,missouri,MIZ-HIST-00848,historical_media_guide,1952-1953,1953-02-23,Drake,drake,Drake,59,53,W,0,home_or_special_site_candidate,unknown,Brewer Fieldhouse,,,,,,REGULAR_SEASON,,27,Feb. 23 - - Drake W 59-53,opponent_resolved_site_pending,,MATCHED,BOOTSTRAP_SAME_SOURCE_SEQUENCE
ASRT-MIZ-00849,CBBG-0000849,missouri,MIZ-HIST-00849,historical_media_guide,1952-1953,1953-02-25,Kansas State,kansas-state,Kansas State,68,75,L,0,away_candidate,unknown,,,,,,,REGULAR_SEASON,,27,Feb. 25 - 9 @ Kansas State L 68-75,opponent_resolved_site_pending,,MATCHED,BOOTSTRAP_SAME_SOURCE_SEQUENCE
ASRT-MIZ-00850,CBBG-0000850,missouri,MIZ-HIST-00850,historical_media_guide,1952-1953,1953-03-02,Oklahoma,oklahoma,Oklahoma,77,73,W,0,home_or_special_site_candidate,unknown,Brewer Fieldhouse,,,,,,REGULAR_SEASON,,27,Mar. 2 - - Oklahoma (OT) W 77-73,opponent_resolved_site_pending,,MATCHED,BOOTSTRAP_SAME_SOURCE_SEQUENCE
ASRT-MIZ-00851,CBBG-0000851,missouri,MIZ-HIST-00851,historical_media_guide,1952-1953,1953-03-12,Kansas,kansas,Kansas,60,69,L,0,home_or_special_site_candidate,unknown,Brewer Fieldhouse,,,,,,REGULAR_SEASON,,27,Mar. 12 - 5 Kansas L 60-69,opponent_resolved_site_pending,,MATCHED,BOOTSTRAP_SAME_SOURCE_SEQUENCE
ASRT-MIZ-00852,CBBG-0000852,missouri,MIZ-HIST-00852,historical_media_guide,1953-1954,1953-12-07,Drake,drake,Drake,75,43,W,0,home_or_special_site_candidate,unknown,Brewer Fieldhouse,,,,,,REGULAR_SEASON,,27,Dec. 7 - - Drake W 75-43,opponent_resolved_site_pending,,MATCHED,BOOTSTRAP_SAME_SOURCE_SEQUENCE
ASRT-MIZ-00853,CBBG-0000853,missouri,MIZ-HIST-00853,historical_media_guide,1953-1954,1953-12-12,Wisconsin,wisconsin,Wisconsin,53,64,L,0,away_candidate,unknown,,,,,,,REGULAR_SEASON,,27,Dec. 12 - - @ Wisconsin L 53-64,opponent_resolved_site_pending,,MATCHED,BOOTSTRAP_SAME_SOURCE_SEQUENCE
ASRT-MIZ-00854,CBBG-0000854,missouri,MIZ-HIST-00854,historical_media_guide,1953-1954,1953-12-15,Westminster,westminster,Westminster,84,42,W,0,home_or_special_site_candidate,unknown,Brewer Fieldhouse,,,,,,REGULAR_SEASON,,27,Dec. 15 - - Westminster W 84-42,opponent_resolved_site_pending,,MATCHED,BOOTSTRAP_SAME_SOURCE_SEQUENCE
ASRT-MIZ-00855,CBBG-0000855,missouri,MIZ-HIST-00855,historical_media_guide,1953-1954,1953-12-19,Arkansas,arkansas,Arkansas,63,64,L,0,away_candidate,unknown,,,,,,,REGULAR_SEASON,,27,Dec. 19 - - @ Arkansas L 63-64,opponent_resolved_site_pending,,MATCHED,BOOTSTRAP_SAME_SOURCE_SEQUENCE
ASRT-MIZ-00856,CBBG-0000856,missouri,MIZ-HIST-00856,historical_media_guide,1953-1954,1953-12-26,Iowa State,iowa-state,Iowa State,74,65,W,0,home_or_special_site_candidate,unknown,Municipal Auditorium,,,,"Big Seven Tournament, Kansas City",,REGULAR_SEASON,,27,Dec. 26 - - #Iowa State W 74-65,opponent_resolved_site_pending,,MATCHED,BOOTSTRAP_SAME_SOURCE_SEQUENCE
ASRT-MIZ-00857,CBBG-0000857,missouri,MIZ-HIST-00857,historical_media_guide,1953-1954,1953-12-29,Kansas,kansas,Kansas,67,69,L,0,home_or_special_site_candidate,unknown,Municipal Auditorium,,,,"Big Seven Tournament, Kansas City",,REGULAR_SEASON,,27,Dec. 29 - - #Kansas L 67-69,opponent_resolved_site_pending,,MATCHED,BOOTSTRAP_SAME_SOURCE_SEQUENCE
ASRT-MIZ-00858,CBBG-0000858,missouri,MIZ-HIST-00858,historical_media_guide,1953-1954,1953-12-30,Nebraska,nebraska,Nebraska,72,57,W,0,home_or_special_site_candidate,unknown,Municipal Auditorium,,,,"Big Seven Tournament, Kansas City",,REGULAR_SEASON,,27,Dec. 30 - - #Nebraska W 72-57,opponent_resolved_site_pending,,MATCHED,BOOTSTRAP_SAME_SOURCE_SEQUENCE
ASRT-MIZ-00859,CBBG-0000859,missouri,MIZ-HIST-00859,historical_media_guide,1953-1954,1954-01-04,Colorado,colorado,Colorado,62,66,L,0,home_or_special_site_candidate,unknown,Brewer Fieldhouse,,,,,,REGULAR_SEASON,,27,Jan. 4 - 16 Colorado L 62-66,opponent_resolved_site_pending,,MATCHED,BOOTSTRAP_SAME_SOURCE_SEQUENCE
ASRT-MIZ-00860,CBBG-0000860,missouri,MIZ-HIST-00860,historical_media_guide,1953-1954,1954-01-09,Kansas,kansas,Kansas,69,86,L,0,away_candidate,unknown,,,,,,,REGULAR_SEASON,,27,Jan. 9 - - @ Kansas L 69-86,opponent_resolved_site_pending,,MATCHED,BOOTSTRAP_SAME_SOURCE_SEQUENCE
ASRT-MIZ-00861,CBBG-0000861,missouri,MIZ-HIST-00861,historical_media_guide,1953-1954,1954-01-16,Colorado,colorado,Colorado,69,80,L,0,away_candidate,unknown,,,,,,,REGULAR_SEASON,,27,Jan. 16 - - @ Colorado L 69-80,opponent_resolved_site_pending,,MATCHED,BOOTSTRAP_SAME_SOURCE_SEQUENCE
ASRT-MIZ-00862,CBBG-0000862,missouri,MIZ-HIST-00862,historical_media_guide,1953-1954,1954-01-18,Nebraska,nebraska,Nebraska,72,80,L,0,away_candidate,unknown,,,,,,,REGULAR_SEASON,,27,Jan. 18 - - @ Nebraska L 72-80,opponent_resolved_site_pending,,MATCHED,BOOTSTRAP_SAME_SOURCE_SEQUENCE
ASRT-MIZ-00863,CBBG-0000863,missouri,MIZ-HIST-00863,historical_media_guide,1953-1954,1954-01-23,Kansas State,kansas-state,Kansas State,75,71,W,0,away_candidate,unknown,,,,,,,REGULAR_SEASON,,27,Jan. 23 - - @ Kansas State W 75-71,opponent_resolved_site_pending,,MATCHED,BOOTSTRAP_SAME_SOURCE_SEQUENCE
ASRT-MIZ-00864,CBBG-0000864,missouri,MIZ-HIST-00864,historical_media_guide,1953-1954,1954-01-26,Iowa State,iowa-state,Iowa State,62,57,W,0,home_or_special_site_candidate,unknown,Brewer Fieldhouse,,,,,,REGULAR_SEASON,,27,Jan. 26 - - Iowa State W 62-57,opponent_resolved_site_pending,,MATCHED,BOOTSTRAP_SAME_SOURCE_SEQUENCE
ASRT-MIZ-00865,CBBG-0000865,missouri,MIZ-HIST-00865,historical_media_guide,1953-1954,1954-02-06,Iowa,iowa,Iowa,53,73,L,0,away_candidate,unknown,,,,,,,REGULAR_SEASON,,27,Feb. 6 - - @ Iowa L 53-73,opponent_resolved_site_pending,,MATCHED,BOOTSTRAP_SAME_SOURCE_SEQUENCE
ASRT-MIZ-00866,CBBG-0000866,missouri,MIZ-HIST-00866,historical_media_guide,1953-1954,1954-02-09,Oklahoma,oklahoma,Oklahoma,78,80,L,0,away_candidate,unknown,,,,,,,REGULAR_SEASON,,27,Feb. 9 - - @ Oklahoma L 78-80,opponent_resolved_site_pending,,MATCHED,BOOTSTRAP_SAME_SOURCE_SEQUENCE
ASRT-MIZ-00867,CBBG-0000867,missouri,MIZ-HIST-00867,historical_media_guide,1953-1954,1954-02-13,Houston,houston,Houston,96,62,W,0,home_or_special_site_candidate,unknown,Brewer Fieldhouse,,,,,,REGULAR_SEASON,,27,Feb. 13 - - Houston W 96-62,opponent_resolved_site_pending,,MATCHED,BOOTSTRAP_SAME_SOURCE_SEQUENCE
ASRT-MIZ-00868,CBBG-0000868,missouri,MIZ-HIST-00868,historical_media_guide,1953-1954,1954-02-20,Oklahoma,oklahoma,Oklahoma,66,51,W,0,home_or_special_site_candidate,unknown,Brewer Fieldhouse,,,,,,REGULAR_SEASON,,27,Feb. 20 - - Oklahoma W 66-51,opponent_resolved_site_pending,,MATCHED,BOOTSTRAP_SAME_SOURCE_SEQUENCE
ASRT-MIZ-00869,CBBG-0000869,missouri,MIZ-HIST-00869,historical_media_guide,1953-1954,1954-02-27,Kansas State,kansas-state,Kansas State,78,79,L,0,home_or_special_site_candidate,unknown,Brewer Fieldhouse,,,,,,REGULAR_SEASON,,27,Feb. 27 - - Kansas State L 78-79,opponent_resolved_site_pending,,MATCHED,BOOTSTRAP_SAME_SOURCE_SEQUENCE
ASRT-MIZ-00870,CBBG-0000870,missouri,MIZ-HIST-00870,historical_media_guide,1953-1954,1954-03-01,Nebraska,nebraska,Nebraska,82,67,W,0,home_or_special_site_candidate,unknown,Brewer Fieldhouse,,,,,,REGULAR_SEASON,,27,Mar. 1 - - Nebraska W 82-67,opponent_resolved_site_pending,,MATCHED,BOOTSTRAP_SAME_SOURCE_SEQUENCE
ASRT-MIZ-00871,CBBG-0000871,missouri,MIZ-HIST-00871,historical_media_guide,1953-1954,1954-03-05,Iowa State,iowa-state,Iowa State,72,57,W,0,away_candidate,unknown,,,,,,,REGULAR_SEASON,,27,Mar. 5 - - @ Iowa State W 72-57,opponent_resolved_site_pending,,MATCHED,BOOTSTRAP_SAME_SOURCE_SEQUENCE
ASRT-MIZ-00872,CBBG-0000872,missouri,MIZ-HIST-00872,historical_media_guide,1953-1954,1954-03-09,Kansas,kansas,Kansas,76,67,W,0,home_or_special_site_candidate,unknown,Brewer Fieldhouse,,,,,,REGULAR_SEASON,,27,Mar. 9 - 13 Kansas W 76-67,opponent_resolved_site_pending,,MATCHED,BOOTSTRAP_SAME_SOURCE_SEQUENCE
ASRT-MIZ-00873,CBBG-0000873,missouri,MIZ-HIST-00873,historical_media_guide,1954-1955,1954-12-04,Illinois,illinois,Illinois,49,77,L,0,away_candidate,unknown,,,,,,,REGULAR_SEASON,,27,Dec. 4 - - @ Illinois L 49-77,opponent_resolved_site_pending,,MATCHED,BOOTSTRAP_SAME_SOURCE_SEQUENCE
ASRT-MIZ-00874,CBBG-0000874,missouri,MIZ-HIST-00874,historical_media_guide,1954-1955,1954-12-06,Indiana,indiana,Indiana,64,61,W,0,away_candidate,unknown,,,,,,,REGULAR_SEASON,,27,Dec. 6 - - @ Indiana W 64-61,opponent_resolved_site_pending,,MATCHED,BOOTSTRAP_SAME_SOURCE_SEQUENCE
ASRT-MIZ-00875,CBBG-0000875,missouri,MIZ-HIST-00875,historical_media_guide,1954-1955,1954-12-11,Iowa,iowa,Iowa,97,74,W,0,home_or_special_site_candidate,unknown,Brewer Fieldhouse,,,,,,REGULAR_SEASON,,27,Dec. 11 - 4 Iowa W 97-74,opponent_resolved_site_pending,,MATCHED,BOOTSTRAP_SAME_SOURCE_SEQUENCE
ASRT-MIZ-00876,CBBG-0000876,missouri,MIZ-HIST-00876,historical_media_guide,1954-1955,1954-12-13,Wisconsin,wisconsin,Wisconsin,67,56,W,0,home_or_special_site_candidate,unknown,Brewer Fieldhouse,,,,,,REGULAR_SEASON,,27,Dec. 13 - - Wisconsin W 67-56,opponent_resolved_site_pending,,MATCHED,BOOTSTRAP_SAME_SOURCE_SEQUENCE
ASRT-MIZ-00877,CBBG-0000877,missouri,MIZ-HIST-00877,historical_media_guide,1954-1955,1954-12-15,Arkansas,arkansas,Arkansas,77,58,W,0,home_or_special_site_candidate,unknown,Brewer Fieldhouse,,,,,,REGULAR_SEASON,,27,Dec. 15 6 - Arkansas W 77-58,opponent_resolved_site_pending,,MATCHED,BOOTSTRAP_SAME_SOURCE_SEQUENCE
ASRT-MIZ-00878,CBBG-0000878,missouri,MIZ-HIST-00878,historical_media_guide,1954-1955,1954-12-23,Houston,houston,Houston,76,84,L,0,away_candidate,unknown,,,,,,,REGULAR_SEASON,,27,Dec. 23 7 - @ Houston (OT) L 76-84,opponent_resolved_site_pending,,MATCHED,BOOTSTRAP_SAME_SOURCE_SEQUENCE
ASRT-MIZ-00879,CBBG-0000879,missouri,MIZ-HIST-00879,historical_media_guide,1954-1955,1954-12-27,Nebraska,nebraska,Nebraska,75,58,W,0,home_or_special_site_candidate,unknown,Municipal Auditorium,,,,"Big Seven Tournament, Kansas CIty",,REGULAR_SEASON,,27,Dec. 27 7 - #Nebraska W 75-58,opponent_resolved_site_pending,,MATCHED,BOOTSTRAP_SAME_SOURCE_SEQUENCE
ASRT-MIZ-00880,CBBG-0000880,missouri,MIZ-HIST-00880,historical_media_guide,1954-1955,1954-12-29,Oklahoma,oklahoma,Oklahoma,95,87,W,0,home_or_special_site_candidate,unknown,Municipal Auditorium,,,,"Big Seven Tournament, Kansas CIty",,REGULAR_SEASON,,27,Dec. 29 - - #Oklahoma W 95-87,opponent_resolved_site_pending,,MATCHED,BOOTSTRAP_SAME_SOURCE_SEQUENCE
ASRT-MIZ-00881,CBBG-0000881,missouri,MIZ-HIST-00881,historical_media_guide,1954-1955,1954-12-30,Kansas State,kansas-state,Kansas State,89,71,W,0,home_or_special_site_candidate,unknown,Municipal Auditorium,,,,"Big Seven Tournament, Kansas CIty",,REGULAR_SEASON,,27,Dec. 30 - - #Kansas State W 89-71,opponent_resolved_site_pending,,MATCHED,BOOTSTRAP_SAME_SOURCE_SEQUENCE
ASRT-MIZ-00882,CBBG-0000882,missouri,MIZ-HIST-00882,historical_media_guide,1954-1955,1955-01-04,Kansas,kansas,Kansas,76,65,W,0,away_candidate,unknown,,,,,,,REGULAR_SEASON,,27,Jan. 4 9 - @ Kansas W 76-65,opponent_resolved_site_pending,,MATCHED,BOOTSTRAP_SAME_SOURCE_SEQUENCE
ASRT-MIZ-00883,CBBG-0000883,missouri,MIZ-HIST-00883,historical_media_guide,1954-1955,1955-01-08,Nebraska,nebraska,Nebraska,69,57,W,0,home_or_special_site_candidate,unknown,Brewer Fieldhouse,,,,,,REGULAR_SEASON,,27,Jan. 8 9 - Nebraska W 69-57,opponent_resolved_site_pending,,MATCHED,BOOTSTRAP_SAME_SOURCE_SEQUENCE
ASRT-MIZ-00884,CBBG-0000884,missouri,MIZ-HIST-00884,historical_media_guide,1954-1955,1955-01-15,Kansas State,kansas-state,Kansas State,94,85,W,0,away_candidate,unknown,,,,,,,REGULAR_SEASON,,27,Jan. 15 6 - @ Kansas State W 94-85,opponent_resolved_site_pending,,MATCHED,BOOTSTRAP_SAME_SOURCE_SEQUENCE
ASRT-MIZ-00885,CBBG-0000885,missouri,MIZ-HIST-00885,historical_media_guide,1954-1955,1955-01-19,Kansas State,kansas-state,Kansas State,67,78,L,0,home_or_special_site_candidate,unknown,Brewer Fieldhouse,,,,,,REGULAR_SEASON,,27,Jan. 19 8 - Kansas State L 67-78,opponent_resolved_site_pending,,MATCHED,BOOTSTRAP_SAME_SOURCE_SEQUENCE
ASRT-MIZ-00886,CBBG-0000886,missouri,MIZ-HIST-00886,historical_media_guide,1954-1955,1955-02-01,Iowa State,iowa-state,Iowa State,84,67,W,0,away_candidate,unknown,,,,,,,REGULAR_SEASON,,27,Feb. 1 17 - @ Iowa State W 84-67,opponent_resolved_site_pending,,MATCHED,BOOTSTRAP_SAME_SOURCE_SEQUENCE
ASRT-MIZ-00887,CBBG-0000887,missouri,MIZ-HIST-00887,historical_media_guide,1954-1955,1955-02-05,Oklahoma,oklahoma,Oklahoma,96,61,W,0,home_or_special_site_candidate,unknown,Brewer Fieldhouse,,,,,,REGULAR_SEASON,,27,Feb. 5 17 - Oklahoma W 96-61,opponent_resolved_site_pending,,MATCHED,BOOTSTRAP_SAME_SOURCE_SEQUENCE
ASRT-MIZ-00888,CBBG-0000888,missouri,MIZ-HIST-00888,historical_media_guide,1954-1955,1955-02-12,Colorado,colorado,Colorado,71,80,L,0,away_candidate,unknown,,,,,,,REGULAR_SEASON,,27,Feb. 12 14 - @ Colorado L 71-80,opponent_resolved_site_pending,,MATCHED,BOOTSTRAP_SAME_SOURCE_SEQUENCE
ASRT-MIZ-00889,CBBG-0000889,missouri,MIZ-HIST-00889,historical_media_guide,1954-1955,1955-02-14,Nebraska,nebraska,Nebraska,76,63,W,0,away_candidate,unknown,,,,,,,REGULAR_SEASON,,27,Feb. 14 14 - @ Nebraska W 76-63,opponent_resolved_site_pending,,MATCHED,BOOTSTRAP_SAME_SOURCE_SEQUENCE
ASRT-MIZ-00890,CBBG-0000890,missouri,MIZ-HIST-00890,historical_media_guide,1954-1955,1955-02-19,Iowa State,iowa-state,Iowa State,78,63,W,0,home_or_special_site_candidate,unknown,Brewer Fieldhouse,,,,,,REGULAR_SEASON,,27,Feb. 19 - - Iowa State W 78-63,opponent_resolved_site_pending,,MATCHED,BOOTSTRAP_SAME_SOURCE_SEQUENCE
ASRT-MIZ-00891,CBBG-0000891,missouri,MIZ-HIST-00891,historical_media_guide,1954-1955,1955-02-25,Oklahoma,oklahoma,Oklahoma,91,78,W,0,away_candidate,unknown,,,,,,,REGULAR_SEASON,,27,Feb. 25 20 - @ Oklahoma W 91-78,opponent_resolved_site_pending,,MATCHED,BOOTSTRAP_SAME_SOURCE_SEQUENCE
ASRT-MIZ-00892,CBBG-0000892,missouri,MIZ-HIST-00892,historical_media_guide,1954-1955,1955-02-28,Colorado,colorado,Colorado,57,66,L,0,home_or_special_site_candidate,unknown,Brewer Fieldhouse,,,,,,REGULAR_SEASON,,27,Feb. 28 20 - Colorado L 57-66,opponent_resolved_site_pending,,MATCHED,BOOTSTRAP_SAME_SOURCE_SEQUENCE
ASRT-MIZ-00893,CBBG-0000893,missouri,MIZ-HIST-00893,historical_media_guide,1954-1955,1955-03-05,Kansas,kansas,Kansas,90,71,W,0,home_or_special_site_candidate,unknown,Brewer Fieldhouse,,,,,,REGULAR_SEASON,,27,Mar. 5 20 - Kansas W 90-71,opponent_resolved_site_pending,,MATCHED,BOOTSTRAP_SAME_SOURCE_SEQUENCE
ASRT-MIZ-00894,CBBG-0000894,missouri,MIZ-HIST-00894,historical_media_guide,1955-1956,1955-12-01,South Dakota,south-dakota,South Dakota,71,46,W,0,home_or_special_site_candidate,unknown,Brewer Fieldhouse,,,,,,REGULAR_SEASON,,27,Dec. 1 - - South Dakota W 71-46,opponent_resolved_site_pending,,MATCHED,BOOTSTRAP_SAME_SOURCE_SEQUENCE
ASRT-MIZ-00895,CBBG-0000895,missouri,MIZ-HIST-00895,historical_media_guide,1955-1956,1955-12-03,Purdue,purdue,Purdue,58,62,L,0,away_candidate,unknown,,,,,,,REGULAR_SEASON,,27,Dec. 3 - - @ Purdue L 58-62,opponent_resolved_site_pending,,MATCHED,BOOTSTRAP_SAME_SOURCE_SEQUENCE
ASRT-MIZ-00896,CBBG-0000896,missouri,MIZ-HIST-00896,historical_media_guide,1955-1956,1955-12-05,Texas Tech,texas-tech,Texas Tech,92,60,W,0,home_or_special_site_candidate,unknown,Brewer Fieldhouse,,,,,,REGULAR_SEASON,,27,Dec. 5 - - Texas Tech W 92-60,opponent_resolved_site_pending,,MATCHED,BOOTSTRAP_SAME_SOURCE_SEQUENCE
ASRT-MIZ-00897,CBBG-0000897,missouri,MIZ-HIST-00897,historical_media_guide,1955-1956,1955-12-10,Illinois,illinois,Illinois,74,73,W,0,home_or_special_site_candidate,unknown,Brewer Fieldhouse,,,,,,REGULAR_SEASON,,27,Dec. 10 - 8 Illinois W 74-73,opponent_resolved_site_pending,,MATCHED,BOOTSTRAP_SAME_SOURCE_SEQUENCE
ASRT-MIZ-00898,CBBG-0000898,missouri,MIZ-HIST-00898,historical_media_guide,1955-1956,1955-12-17,Indiana,indiana,Indiana,78,81,L,0,home_or_special_site_candidate,unknown,Brewer Fieldhouse,,,,,,REGULAR_SEASON,,27,Dec. 17 - 19 Indiana L 78-81,opponent_resolved_site_pending,,MATCHED,BOOTSTRAP_SAME_SOURCE_SEQUENCE
ASRT-MIZ-00899,CBBG-0000899,missouri,MIZ-HIST-00899,historical_media_guide,1955-1956,1955-12-19,Idaho,idaho,Idaho,81,57,W,0,home_or_special_site_candidate,unknown,Brewer Fieldhouse,,,,,,REGULAR_SEASON,,27,Dec. 19 - - Idaho W 81-57,opponent_resolved_site_pending,,MATCHED,BOOTSTRAP_SAME_SOURCE_SEQUENCE
ASRT-MIZ-00900,CBBG-0000900,missouri,MIZ-HIST-00900,historical_media_guide,1955-1956,1955-12-28,Nebraska,nebraska,Nebraska,71,66,W,0,home_or_special_site_candidate,unknown,Brewer Fieldhouse,,,,,,REGULAR_SEASON,,28,Dec. 28 - - #Nebraska W 71-66,opponent_resolved_site_pending,,MATCHED,BOOTSTRAP_SAME_SOURCE_SEQUENCE
ASRT-MIZ-00901,CBBG-0000901,missouri,MIZ-HIST-00901,historical_media_guide,1955-1956,1955-12-29,Kansas,kansas,Kansas,56,73,L,0,home_or_special_site_candidate,unknown,Brewer Fieldhouse,,,,,,REGULAR_SEASON,,28,Dec. 29 - - #Kansas L 56-73,opponent_resolved_site_pending,,MATCHED,BOOTSTRAP_SAME_SOURCE_SEQUENCE
ASRT-MIZ-00902,CBBG-0000902,missouri,MIZ-HIST-00902,historical_media_guide,1955-1956,1955-12-30,Colorado,colorado,Colorado,82,79,W,0,home_or_special_site_candidate,unknown,Brewer Fieldhouse,,,,,,REGULAR_SEASON,,28,Dec. 30 - - #Colorado W 82-79,opponent_resolved_site_pending,,MATCHED,BOOTSTRAP_SAME_SOURCE_SEQUENCE
ASRT-MIZ-00903,CBBG-0000903,missouri,MIZ-HIST-00903,historical_media_guide,1955-1956,1956-01-02,Arkansas,arkansas,Arkansas,51,50,W,0,away_candidate,unknown,,,,,,,REGULAR_SEASON,,28,Jan. 2 - - @ Arkansas W 51-50,opponent_resolved_site_pending,,MATCHED,BOOTSTRAP_SAME_SOURCE_SEQUENCE
ASRT-MIZ-00904,CBBG-0000904,missouri,MIZ-HIST-00904,historical_media_guide,1955-1956,1956-01-09,Kansas,kansas,Kansas,76,54,W,0,home_or_special_site_candidate,unknown,Brewer Fieldhouse,,,,,,REGULAR_SEASON,,28,Jan. 9 - - Kansas W 76-54,opponent_resolved_site_pending,,MATCHED,BOOTSTRAP_SAME_SOURCE_SEQUENCE
ASRT-MIZ-00905,CBBG-0000905,missouri,MIZ-HIST-00905,historical_media_guide,1955-1956,1956-01-14,Colorado,colorado,Colorado,72,79,L,0,away_candidate,unknown,,,,,,,REGULAR_SEASON,,28,Jan. 14 - - @ Colorado L 72-79,opponent_resolved_site_pending,,MATCHED,BOOTSTRAP_SAME_SOURCE_SEQUENCE
ASRT-MIZ-00906,CBBG-0000906,missouri,MIZ-HIST-00906,historical_media_guide,1955-1956,1956-01-16,Nebraska,nebraska,Nebraska,77,83,L,0,away_candidate,unknown,,,,,,,REGULAR_SEASON,,28,Jan. 16 - - @ Nebraska L 77-83,opponent_resolved_site_pending,,MATCHED,BOOTSTRAP_SAME_SOURCE_SEQUENCE
ASRT-MIZ-00907,CBBG-0000907,missouri,MIZ-HIST-00907,historical_media_guide,1955-1956,1956-01-21,Kansas State,kansas-state,Kansas State,54,58,L,0,home_or_special_site_candidate,unknown,Brewer Fieldhouse,,,,,,REGULAR_SEASON,,28,Jan. 21 - - Kansas State L 54-58,opponent_resolved_site_pending,,MATCHED,BOOTSTRAP_SAME_SOURCE_SEQUENCE
ASRT-MIZ-00908,CBBG-0000908,missouri,MIZ-HIST-00908,historical_media_guide,1955-1956,1956-02-04,Oklahoma,oklahoma,Oklahoma,77,72,W,0,home_or_special_site_candidate,unknown,Brewer Fieldhouse,,,,,,REGULAR_SEASON,,28,Feb. 4 - - Oklahoma W 77-72,opponent_resolved_site_pending,,MATCHED,BOOTSTRAP_SAME_SOURCE_SEQUENCE
ASRT-MIZ-00909,CBBG-0000909,missouri,MIZ-HIST-00909,historical_media_guide,1955-1956,1956-02-06,Kansas,kansas,Kansas,85,78,W,0,away_candidate,unknown,,,,,,,REGULAR_SEASON,,28,Feb. 6 - - @ Kansas W 85-78,opponent_resolved_site_pending,,MATCHED,BOOTSTRAP_SAME_SOURCE_SEQUENCE
ASRT-MIZ-00910,CBBG-0000910,missouri,MIZ-HIST-00910,historical_media_guide,1955-1956,1956-02-11,Iowa State,iowa-state,Iowa State,85,88,L,0,home_or_special_site_candidate,unknown,Brewer Fieldhouse,,,,,,REGULAR_SEASON,,28,Feb. 11 - - Iowa State L 85-88,opponent_resolved_site_pending,,MATCHED,BOOTSTRAP_SAME_SOURCE_SEQUENCE
ASRT-MIZ-00911,CBBG-0000911,missouri,MIZ-HIST-00911,historical_media_guide,1955-1956,1956-02-18,Colorado,colorado,Colorado,86,61,W,0,home_or_special_site_candidate,unknown,Brewer Fieldhouse,,,,,,REGULAR_SEASON,,28,Feb. 18 - - Colorado W 86-61,opponent_resolved_site_pending,,MATCHED,BOOTSTRAP_SAME_SOURCE_SEQUENCE
ASRT-MIZ-00912,CBBG-0000912,missouri,MIZ-HIST-00912,historical_media_guide,1955-1956,1956-02-20,Iowa State,iowa-state,Iowa State,73,66,W,0,away_candidate,unknown,,,,,,,REGULAR_SEASON,,28,Feb. 20 - - @ Iowa State W 73-66,opponent_resolved_site_pending,,MATCHED,BOOTSTRAP_SAME_SOURCE_SEQUENCE
ASRT-MIZ-00913,CBBG-0000913,missouri,MIZ-HIST-00913,historical_media_guide,1955-1956,1956-02-25,Oklahoma,oklahoma,Oklahoma,86,64,W,0,home_or_special_site_candidate,unknown,Brewer Fieldhouse,,,,,,REGULAR_SEASON,,28,Feb. 25 - - Oklahoma W 86-64,opponent_resolved_site_pending,,MATCHED,BOOTSTRAP_SAME_SOURCE_SEQUENCE
ASRT-MIZ-00914,CBBG-0000914,missouri,MIZ-HIST-00914,historical_media_guide,1955-1956,1956-03-03,Kansas State,kansas-state,Kansas State,85,72,W,0,home_or_special_site_candidate,unknown,Brewer Fieldhouse,,,,,,REGULAR_SEASON,,28,Mar. 3 - 17 Kansas State W 85-72,opponent_resolved_site_pending,,MATCHED,BOOTSTRAP_SAME_SOURCE_SEQUENCE
ASRT-MIZ-00915,CBBG-0000915,missouri,MIZ-HIST-00915,historical_media_guide,1955-1956,1956-03-05,Nebraska,nebraska,Nebraska,88,80,W,0,home_or_special_site_candidate,unknown,Brewer Fieldhouse,,,,,,REGULAR_SEASON,,28,Mar. 5 - - Nebraska W 88-80,opponent_resolved_site_pending,,MATCHED,BOOTSTRAP_SAME_SOURCE_SEQUENCE
ASRT-MIZ-00916,CBBG-0000916,missouri,MIZ-HIST-00916,historical_media_guide,1956-1957,1956-12-08,Purdue,purdue,Purdue,69,71,L,0,home_or_special_site_candidate,unknown,Brewer Fieldhouse,,,,,,REGULAR_SEASON,,28,Dec. 8 - - Purdue L 69-71,opponent_resolved_site_pending,,MATCHED,BOOTSTRAP_SAME_SOURCE_SEQUENCE
ASRT-MIZ-00917,CBBG-0000917,missouri,MIZ-HIST-00917,historical_media_guide,1956-1957,1956-12-10,South Dakota,south-dakota,South Dakota,81,71,W,0,home_or_special_site_candidate,unknown,Brewer Fieldhouse,,,,,,REGULAR_SEASON,,28,Dec. 10 - - South Dakota W 81-71,opponent_resolved_site_pending,,MATCHED,BOOTSTRAP_SAME_SOURCE_SEQUENCE
ASRT-MIZ-00918,CBBG-0000918,missouri,MIZ-HIST-00918,historical_media_guide,1956-1957,1956-12-15,Arkansas,arkansas,Arkansas,72,52,W,0,home_or_special_site_candidate,unknown,Brewer Fieldhouse,,,,,,REGULAR_SEASON,,28,Dec. 15 - - Arkansas W 72-52,opponent_resolved_site_pending,,MATCHED,BOOTSTRAP_SAME_SOURCE_SEQUENCE
ASRT-MIZ-00919,CBBG-0000919,missouri,MIZ-HIST-00919,historical_media_guide,1956-1957,1956-12-18,Oregon State,oregon-state,Oregon State,71,41,W,0,away_candidate,unknown,,,,,,,REGULAR_SEASON,,28,Dec. 18 - - @ Oregon State W 71-41,opponent_resolved_site_pending,,MATCHED,BOOTSTRAP_SAME_SOURCE_SEQUENCE
ASRT-MIZ-00920,CBBG-0000920,missouri,MIZ-HIST-00920,historical_media_guide,1956-1957,1956-12-19,Oregon,oregon,Oregon,59,52,W,0,away_candidate,unknown,,,,,,,REGULAR_SEASON,,28,Dec. 19 - - @ Oregon W 59-52,opponent_resolved_site_pending,,MATCHED,BOOTSTRAP_SAME_SOURCE_SEQUENCE
ASRT-MIZ-00921,CBBG-0000921,missouri,MIZ-HIST-00921,historical_media_guide,1956-1957,1956-12-21,UCLA,ucla,UCLA,54,77,L,0,away_candidate,unknown,,,,,,,REGULAR_SEASON,,28,Dec. 21 - - @ UCLA L 54-77,opponent_resolved_site_pending,,MATCHED,BOOTSTRAP_SAME_SOURCE_SEQUENCE
ASRT-MIZ-00922,CBBG-0000922,missouri,MIZ-HIST-00922,historical_media_guide,1956-1957,1956-12-22,Southern California,usc,USC,76,69,W,0,away_candidate,unknown,,,,,,,REGULAR_SEASON,,28,Dec. 22 - - @ Southern California W 76-69,opponent_resolved_site_pending,,MATCHED,BOOTSTRAP_SAME_SOURCE_SEQUENCE
ASRT-MIZ-00923,CBBG-0000923,missouri,MIZ-HIST-00923,historical_media_guide,1956-1957,1956-12-27,Colorado,colorado,Colorado,55,64,L,0,home_or_special_site_candidate,unknown,Municipal Auditorium,,,,"Big Seven Tournament, Kansas City",,REGULAR_SEASON,,28,Dec. 27 - - #Colorado L 55-64,opponent_resolved_site_pending,,MATCHED,BOOTSTRAP_SAME_SOURCE_SEQUENCE
ASRT-MIZ-00924,CBBG-0000924,missouri,MIZ-HIST-00924,historical_media_guide,1956-1957,1956-12-28,Nebraska,nebraska,Nebraska,65,70,L,0,home_or_special_site_candidate,unknown,Municipal Auditorium,,,,"Big Seven Tournament, Kansas City",,REGULAR_SEASON,,28,Dec. 28 - - #Nebraska L 65-70,opponent_resolved_site_pending,,MATCHED,BOOTSTRAP_SAME_SOURCE_SEQUENCE
ASRT-MIZ-00925,CBBG-0000925,missouri,MIZ-HIST-00925,historical_media_guide,1956-1957,1956-12-30,Kansas State,kansas-state,Kansas State,75,79,L,0,home_or_special_site_candidate,unknown,Municipal Auditorium,,,,"Big Seven Tournament, Kansas City",,REGULAR_SEASON,,28,Dec. 30 - - #Kansas State (OT) L 75-79,opponent_resolved_site_pending,,MATCHED,BOOTSTRAP_SAME_SOURCE_SEQUENCE
ASRT-MIZ-00926,CBBG-0000926,missouri,MIZ-HIST-00926,historical_media_guide,1956-1957,1957-01-05,Kansas,kansas,Kansas,79,92,L,0,away_candidate,unknown,,,,,,,REGULAR_SEASON,,28,Jan. 5 - - @ Kansas L 79-92,opponent_resolved_site_pending,,MATCHED,BOOTSTRAP_SAME_SOURCE_SEQUENCE
ASRT-MIZ-00927,CBBG-0000927,missouri,MIZ-HIST-00927,historical_media_guide,1956-1957,1957-01-07,Iowa State,iowa-state,Iowa State,77,59,W,0,home_or_special_site_candidate,unknown,Brewer Fieldhouse,,,,,,REGULAR_SEASON,,28,Jan. 7 - 7 Iowa State W 77-59,opponent_resolved_site_pending,,MATCHED,BOOTSTRAP_SAME_SOURCE_SEQUENCE
ASRT-MIZ-00928,CBBG-0000928,missouri,MIZ-HIST-00928,historical_media_guide,1956-1957,1957-01-14,Kansas State,kansas-state,Kansas State,55,59,L,0,away_candidate,unknown,,,,,,,REGULAR_SEASON,,28,Jan. 14 - - @ Kansas State L 55-59,opponent_resolved_site_pending,,MATCHED,BOOTSTRAP_SAME_SOURCE_SEQUENCE
ASRT-MIZ-00929,CBBG-0000929,missouri,MIZ-HIST-00929,historical_media_guide,1956-1957,1957-01-19,Nebraska,nebraska,Nebraska,65,84,L,0,home_or_special_site_candidate,unknown,Brewer Fieldhouse,,,,,,REGULAR_SEASON,,28,Jan. 19 - - Nebraska L 65-84,opponent_resolved_site_pending,,MATCHED,BOOTSTRAP_SAME_SOURCE_SEQUENCE
ASRT-MIZ-00930,CBBG-0000930,missouri,MIZ-HIST-00930,historical_media_guide,1956-1957,1957-01-24,Iowa State,iowa-state,Iowa State,69,66,W,0,away_candidate,unknown,,,,,,,REGULAR_SEASON,,28,Jan. 24 - 3 @ Iowa State W 69-66,opponent_resolved_site_pending,,MATCHED,BOOTSTRAP_SAME_SOURCE_SEQUENCE
ASRT-MIZ-00931,CBBG-0000931,missouri,MIZ-HIST-00931,historical_media_guide,1956-1957,1957-02-05,Oklahoma,oklahoma,Oklahoma,74,56,W,0,home_or_special_site_candidate,unknown,Brewer Fieldhouse,,,,,,REGULAR_SEASON,,28,Feb. 5 - - Oklahoma W 74-56,opponent_resolved_site_pending,,MATCHED,BOOTSTRAP_SAME_SOURCE_SEQUENCE
ASRT-MIZ-00932,CBBG-0000932,missouri,MIZ-HIST-00932,historical_media_guide,1956-1957,1957-02-09,Colorado,colorado,Colorado,70,75,L,0,away_candidate,unknown,,,,,,,REGULAR_SEASON,,28,Feb. 9 - - @ Colorado L 70-75,opponent_resolved_site_pending,,MATCHED,BOOTSTRAP_SAME_SOURCE_SEQUENCE
ASRT-MIZ-00933,CBBG-0000933,missouri,MIZ-HIST-00933,historical_media_guide,1956-1957,1957-02-11,Nebraska,nebraska,Nebraska,49,53,L,0,away_candidate,unknown,,,,,,,REGULAR_SEASON,,28,Feb. 11 - - @ Nebraska L 49-53,opponent_resolved_site_pending,,MATCHED,BOOTSTRAP_SAME_SOURCE_SEQUENCE
ASRT-MIZ-00934,CBBG-0000934,missouri,MIZ-HIST-00934,historical_media_guide,1956-1957,1957-02-16,Kansas,kansas,Kansas,58,91,L,0,home_or_special_site_candidate,unknown,Brewer Fieldhouse,,,,,,REGULAR_SEASON,,28,Feb. 16 - 2 Kansas L 58-91,opponent_resolved_site_pending,,MATCHED,BOOTSTRAP_SAME_SOURCE_SEQUENCE
ASRT-MIZ-00935,CBBG-0000935,missouri,MIZ-HIST-00935,historical_media_guide,1956-1957,1957-02-18,Marquette,marquette,Marquette,98,76,W,0,home_or_special_site_candidate,unknown,Brewer Fieldhouse,,,,,,REGULAR_SEASON,,28,Feb. 18 - - Marquette W 98-76,opponent_resolved_site_pending,,MATCHED,BOOTSTRAP_SAME_SOURCE_SEQUENCE
ASRT-MIZ-00936,CBBG-0000936,missouri,MIZ-HIST-00936,historical_media_guide,1956-1957,1957-02-23,Colorado,colorado,Colorado,72,62,W,0,home_or_special_site_candidate,unknown,Brewer Fieldhouse,,,,,,REGULAR_SEASON,,28,Feb. 23 - - Colorado W 72-62,opponent_resolved_site_pending,,MATCHED,BOOTSTRAP_SAME_SOURCE_SEQUENCE
ASRT-MIZ-00937,CBBG-0000937,missouri,MIZ-HIST-00937,historical_media_guide,1956-1957,1957-02-25,Kansas State,kansas-state,Kansas State,71,78,L,0,home_or_special_site_candidate,unknown,Brewer Fieldhouse,,,,,,REGULAR_SEASON,,28,Feb. 25 - 17 Kansas State L 71-78,opponent_resolved_site_pending,,MATCHED,BOOTSTRAP_SAME_SOURCE_SEQUENCE
ASRT-MIZ-00938,CBBG-0000938,missouri,MIZ-HIST-00938,historical_media_guide,1956-1957,1957-03-02,Oklahoma,oklahoma,Oklahoma,68,70,L,0,away_candidate,unknown,,,,,,,REGULAR_SEASON,,28,Mar. 2 - - @ Oklahoma L 68-70,opponent_resolved_site_pending,,MATCHED,BOOTSTRAP_SAME_SOURCE_SEQUENCE
ASRT-MIZ-00939,CBBG-0000939,missouri,MIZ-HIST-00939,historical_media_guide,1957-1958,1957-12-03,South Dakota,south-dakota,South Dakota,73,62,W,0,home_or_special_site_candidate,unknown,Brewer Fieldhouse,,,,,,REGULAR_SEASON,,28,Dec. 3 - - South Dakota W 73-62,opponent_resolved_site_pending,,MATCHED,BOOTSTRAP_SAME_SOURCE_SEQUENCE
ASRT-MIZ-00940,CBBG-0000940,missouri,MIZ-HIST-00940,historical_media_guide,1957-1958,1957-12-06,Marquette,marquette,Marquette,57,56,W,0,away_candidate,unknown,,,,,,,REGULAR_SEASON,,28,Dec. 6 - - @ Marquette W 57-56,opponent_resolved_site_pending,,MATCHED,BOOTSTRAP_SAME_SOURCE_SEQUENCE
ASRT-MIZ-00941,CBBG-0000941,missouri,MIZ-HIST-00941,historical_media_guide,1957-1958,1957-12-07,Purdue,purdue,Purdue,49,76,L,0,away_candidate,unknown,,,,,,,REGULAR_SEASON,,28,Dec. 7 - - @ Purdue L 49-76,opponent_resolved_site_pending,,MATCHED,BOOTSTRAP_SAME_SOURCE_SEQUENCE
ASRT-MIZ-00942,CBBG-0000942,missouri,MIZ-HIST-00942,historical_media_guide,1957-1958,1957-12-09,North Dakota,north-dakota,North Dakota,78,40,W,0,home_or_special_site_candidate,unknown,Brewer Fieldhouse,,,,,,REGULAR_SEASON,,28,Dec. 9 - - North Dakota W 78-40,opponent_resolved_site_pending,,MATCHED,BOOTSTRAP_SAME_SOURCE_SEQUENCE
ASRT-MIZ-00943,CBBG-0000943,missouri,MIZ-HIST-00943,historical_media_guide,1957-1958,1957-12-14,Indiana,indiana,Indiana,78,73,W,0,home_or_special_site_candidate,unknown,Brewer Fieldhouse,,,,,,REGULAR_SEASON,,28,Dec. 14 - - Indiana W 78-73,opponent_resolved_site_pending,,MATCHED,BOOTSTRAP_SAME_SOURCE_SEQUENCE
ASRT-MIZ-00944,CBBG-0000944,missouri,MIZ-HIST-00944,historical_media_guide,1957-1958,1957-12-18,Texas,texas,Texas,82,61,W,0,home_or_special_site_candidate,unknown,Brewer Fieldhouse,,,,,,REGULAR_SEASON,,28,Dec. 18 - - Texas W 82-61,opponent_resolved_site_pending,,MATCHED,BOOTSTRAP_SAME_SOURCE_SEQUENCE
ASRT-MIZ-00945,CBBG-0000945,missouri,MIZ-HIST-00945,historical_media_guide,1957-1958,1957-12-20,Arkansas,arkansas,Arkansas,45,55,L,0,away_candidate,unknown,,,,,,,REGULAR_SEASON,,28,Dec. 20 - - @ Arkansas L 45-55,opponent_resolved_site_pending,,MATCHED,BOOTSTRAP_SAME_SOURCE_SEQUENCE
ASRT-MIZ-00946,CBBG-0000946,missouri,MIZ-HIST-00946,historical_media_guide,1957-1958,1957-12-27,Kansas State,kansas-state,Kansas State,51,60,L,0,home_or_special_site_candidate,unknown,Municipal Auditorium,,,,"Big Seven Tournament, Kansas City",,REGULAR_SEASON,,28,Dec. 27 - 3 #Kansas State L 51-60,opponent_resolved_site_pending,,MATCHED,BOOTSTRAP_SAME_SOURCE_SEQUENCE
ASRT-MIZ-00947,CBBG-0000947,missouri,MIZ-HIST-00947,historical_media_guide,1957-1958,1957-12-28,Princeton,princeton,Princeton,83,71,W,0,home_or_special_site_candidate,unknown,Municipal Auditorium,,,,"Big Seven Tournament, Kansas City",,REGULAR_SEASON,,28,Dec. 28 - - #Princeton W 83-71,opponent_resolved_site_pending,,MATCHED,BOOTSTRAP_SAME_SOURCE_SEQUENCE
ASRT-MIZ-00948,CBBG-0000948,missouri,MIZ-HIST-00948,historical_media_guide,1957-1958,1957-12-30,Oklahoma,oklahoma,Oklahoma,69,80,L,0,home_or_special_site_candidate,unknown,Municipal Auditorium,,,,"Big Seven Tournament, Kansas City",,REGULAR_SEASON,,28,Dec. 30 - - #Oklahoma L 69-80,opponent_resolved_site_pending,,MATCHED,BOOTSTRAP_SAME_SOURCE_SEQUENCE
ASRT-MIZ-00949,CBBG-0000949,missouri,MIZ-HIST-00949,historical_media_guide,1957-1958,1958-01-06,Nebraska,nebraska,Nebraska,55,54,W,0,home_or_special_site_candidate,unknown,Brewer Fieldhouse,,,,,,REGULAR_SEASON,,28,Jan. 6 - - Nebraska W 55-54,opponent_resolved_site_pending,,MATCHED,BOOTSTRAP_SAME_SOURCE_SEQUENCE
ASRT-MIZ-00950,CBBG-0000950,missouri,MIZ-HIST-00950,historical_media_guide,1957-1958,1958-01-11,Iowa State,iowa-state,Iowa State,55,62,L,0,away_candidate,unknown,,,,,,,REGULAR_SEASON,,28,Jan. 11 - - @ Iowa State L 55-62,opponent_resolved_site_pending,,MATCHED,BOOTSTRAP_SAME_SOURCE_SEQUENCE
ASRT-MIZ-00951,CBBG-0000951,missouri,MIZ-HIST-00951,historical_media_guide,1957-1958,1958-01-18,Kansas,kansas,Kansas,54,68,L,0,home_or_special_site_candidate,unknown,Brewer Fieldhouse,,,,,,REGULAR_SEASON,,28,Jan. 18 - 3 Kansas L 54-68,opponent_resolved_site_pending,,MATCHED,BOOTSTRAP_SAME_SOURCE_SEQUENCE
ASRT-MIZ-00952,CBBG-0000952,missouri,MIZ-HIST-00952,historical_media_guide,1957-1958,1958-02-01,Oklahoma,oklahoma,Oklahoma,56,59,L,0,away_candidate,unknown,,,,,,,REGULAR_SEASON,,28,Feb. 1 - - @ Oklahoma L 56-59,opponent_resolved_site_pending,,MATCHED,BOOTSTRAP_SAME_SOURCE_SEQUENCE
ASRT-MIZ-00953,CBBG-0000953,missouri,MIZ-HIST-00953,historical_media_guide,1957-1958,1958-02-08,Colorado,colorado,Colorado,55,51,W,0,away_candidate,unknown,,,,,,,REGULAR_SEASON,,28,Feb. 8 - - @ Colorado (OT) W 55-51,opponent_resolved_site_pending,,MATCHED,BOOTSTRAP_SAME_SOURCE_SEQUENCE
ASRT-MIZ-00954,CBBG-0000954,missouri,MIZ-HIST-00954,historical_media_guide,1957-1958,1958-02-12,Nebraska,nebraska,Nebraska,62,67,L,0,away_candidate,unknown,,,,,,,REGULAR_SEASON,,28,Feb. 12 - - @ Nebraska (OT) L 62-67,opponent_resolved_site_pending,,MATCHED,BOOTSTRAP_SAME_SOURCE_SEQUENCE
ASRT-MIZ-00955,CBBG-0000955,missouri,MIZ-HIST-00955,historical_media_guide,1957-1958,1958-02-15,Oklahoma,oklahoma,Oklahoma,74,53,W,0,home_or_special_site_candidate,unknown,Brewer Fieldhouse,,,,,,REGULAR_SEASON,,28,Feb. 15 - 20 Oklahoma W 74-53,opponent_resolved_site_pending,,MATCHED,BOOTSTRAP_SAME_SOURCE_SEQUENCE
ASRT-MIZ-00956,CBBG-0000956,missouri,MIZ-HIST-00956,historical_media_guide,1957-1958,1958-02-17,Kansas,kansas,Kansas,69,84,L,0,away_candidate,unknown,,,,,,,REGULAR_SEASON,,28,Feb. 17 - 4 @ Kansas L 69-84,opponent_resolved_site_pending,,MATCHED,BOOTSTRAP_SAME_SOURCE_SEQUENCE
ASRT-MIZ-00957,CBBG-0000957,missouri,MIZ-HIST-00957,historical_media_guide,1957-1958,1958-02-22,Kansas State,kansas-state,Kansas State,61,82,L,0,home_or_special_site_candidate,unknown,Brewer Fieldhouse,,,,,,REGULAR_SEASON,,28,Feb. 22 - 1 Kansas State L 61-82,opponent_resolved_site_pending,,MATCHED,BOOTSTRAP_SAME_SOURCE_SEQUENCE
ASRT-MIZ-00958,CBBG-0000958,missouri,MIZ-HIST-00958,historical_media_guide,1957-1958,1958-03-01,Kansas State,kansas-state,Kansas State,75,86,L,0,away_candidate,unknown,,,,,,,REGULAR_SEASON,,28,Mar. 1 - 1 @ Kansas State L 75-86,opponent_resolved_site_pending,,MATCHED,BOOTSTRAP_SAME_SOURCE_SEQUENCE
ASRT-MIZ-00959,CBBG-0000959,missouri,MIZ-HIST-00959,historical_media_guide,1957-1958,1958-03-03,Colorado,colorado,Colorado,45,59,L,0,home_or_special_site_candidate,unknown,Brewer Fieldhouse,,,,,,REGULAR_SEASON,,28,Mar. 3 - - Colorado L 45-59,opponent_resolved_site_pending,,MATCHED,BOOTSTRAP_SAME_SOURCE_SEQUENCE
ASRT-MIZ-00960,CBBG-0000960,missouri,MIZ-HIST-00960,historical_media_guide,1957-1958,1958-03-10,Iowa State,iowa-state,Iowa State,59,63,L,0,home_or_special_site_candidate,unknown,Brewer Fieldhouse,,,,,,REGULAR_SEASON,,28,Mar. 10 - - Iowa State (OT) L 59-63,opponent_resolved_site_pending,,MATCHED,BOOTSTRAP_SAME_SOURCE_SEQUENCE
ASRT-MIZ-00961,CBBG-0000961,missouri,MIZ-HIST-00961,historical_media_guide,1958-1959,1958-12-03,Arkansas,arkansas,Arkansas,74,71,W,0,home_or_special_site_candidate,unknown,Brewer Fieldhouse,,,,,,REGULAR_SEASON,,28,Dec. 3 - - Arkansas (OT) W 74-71,opponent_resolved_site_pending,,MATCHED,BOOTSTRAP_SAME_SOURCE_SEQUENCE
ASRT-MIZ-00962,CBBG-0000962,missouri,MIZ-HIST-00962,historical_media_guide,1958-1959,1958-12-06,Purdue,purdue,Purdue,57,65,L,0,home_or_special_site_candidate,unknown,Brewer Fieldhouse,,,,,,REGULAR_SEASON,,28,Dec. 6 - - Purdue L 57-65,opponent_resolved_site_pending,,MATCHED,BOOTSTRAP_SAME_SOURCE_SEQUENCE
ASRT-MIZ-00963,CBBG-0000963,missouri,MIZ-HIST-00963,historical_media_guide,1958-1959,1958-12-08,Vanderbilt,vanderbilt,Vanderbilt,78,72,W,0,home_or_special_site_candidate,unknown,Brewer Fieldhouse,,,,,,REGULAR_SEASON,,28,Dec. 8 - - Vanderbilt (2OT) W 78-72,opponent_resolved_site_pending,,MATCHED,BOOTSTRAP_SAME_SOURCE_SEQUENCE
ASRT-MIZ-00964,CBBG-0000964,missouri,MIZ-HIST-00964,historical_media_guide,1958-1959,1958-12-13,Indiana,indiana,Indiana,72,87,L,0,away_candidate,unknown,,,,,,,REGULAR_SEASON,,28,Dec. 13 - 19 @ Indiana L 72-87,opponent_resolved_site_pending,,MATCHED,BOOTSTRAP_SAME_SOURCE_SEQUENCE
ASRT-MIZ-00965,CBBG-0000965,missouri,MIZ-HIST-00965,historical_media_guide,1958-1959,1958-12-15,Wisconsin,wisconsin,Wisconsin,60,68,L,0,away_candidate,unknown,,,,,,,REGULAR_SEASON,,28,Dec. 15 - - @ Wisconsin L 60-68,opponent_resolved_site_pending,,MATCHED,BOOTSTRAP_SAME_SOURCE_SEQUENCE
ASRT-MIZ-00966,CBBG-0000966,missouri,MIZ-HIST-00966,historical_media_guide,1958-1959,1958-12-18,Rice,rice,Rice,68,62,W,0,away_candidate,unknown,,,,,,,REGULAR_SEASON,,28,Dec. 18 - - @ Rice W 68-62,opponent_resolved_site_pending,,MATCHED,BOOTSTRAP_SAME_SOURCE_SEQUENCE
ASRT-MIZ-00967,CBBG-0000967,missouri,MIZ-HIST-00967,historical_media_guide,1958-1959,1958-12-20,Texas Tech,texas-tech,Texas Tech,70,80,L,0,away_candidate,unknown,,,,,,,REGULAR_SEASON,,28,Dec. 20 - - @ Texas Tech L 70-80,opponent_resolved_site_pending,,MATCHED,BOOTSTRAP_SAME_SOURCE_SEQUENCE
ASRT-MIZ-00968,CBBG-0000968,missouri,MIZ-HIST-00968,historical_media_guide,1958-1959,1958-12-22,Texas-El Paso,utep,UTEP,71,75,L,0,away_candidate,unknown,,,,,,,REGULAR_SEASON,,28,Dec. 22 - - @ Texas-El Paso L 71-75,opponent_resolved_site_pending,,MATCHED,BOOTSTRAP_SAME_SOURCE_SEQUENCE
ASRT-MIZ-00969,CBBG-0000969,missouri,MIZ-HIST-00969,historical_media_guide,1958-1959,1958-12-26,Kansas State,kansas-state,Kansas State,66,69,L,0,home_or_special_site_candidate,unknown,Municipal Auditorium,,,,"Big Eight Tournament, Kansas City",,REGULAR_SEASON,,28,Dec. 26 - 4 #Kansas State L 66-69,opponent_resolved_site_pending,,MATCHED,BOOTSTRAP_SAME_SOURCE_SEQUENCE
ASRT-MIZ-00970,CBBG-0000970,missouri,MIZ-HIST-00970,historical_media_guide,1958-1959,1958-12-29,Iowa State,iowa-state,Iowa State,70,72,L,0,home_or_special_site_candidate,unknown,Municipal Auditorium,,,,"Big Eight Tournament, Kansas City",,REGULAR_SEASON,,28,Dec. 29 - - #Iowa State (OT) L 70-72,opponent_resolved_site_pending,,MATCHED,BOOTSTRAP_SAME_SOURCE_SEQUENCE
ASRT-MIZ-00971,CBBG-0000971,missouri,MIZ-HIST-00971,historical_media_guide,1958-1959,1958-12-30,Kansas,kansas,Kansas,73,84,L,0,home_or_special_site_candidate,unknown,Municipal Auditorium,,,,"Big Eight Tournament, Kansas City",,REGULAR_SEASON,,28,Dec. 30 - - #Kansas L 73-84,opponent_resolved_site_pending,,MATCHED,BOOTSTRAP_SAME_SOURCE_SEQUENCE
ASRT-MIZ-00972,CBBG-0000972,missouri,MIZ-HIST-00972,historical_media_guide,1958-1959,1959-01-05,Oklahoma,oklahoma,Oklahoma,59,64,L,0,away_candidate,unknown,,,,,,,REGULAR_SEASON,,28,Jan. 5 - - @ Oklahoma L 59-64,opponent_resolved_site_pending,,MATCHED,BOOTSTRAP_SAME_SOURCE_SEQUENCE
ASRT-MIZ-00973,CBBG-0000973,missouri,MIZ-HIST-00973,historical_media_guide,1958-1959,1959-01-10,Kansas,kansas,Kansas,62,69,L,0,home_or_special_site_candidate,unknown,Brewer Fieldhouse,,,,,,REGULAR_SEASON,,28,Jan. 10 - - Kansas L 62-69,opponent_resolved_site_pending,,MATCHED,BOOTSTRAP_SAME_SOURCE_SEQUENCE
ASRT-MIZ-00974,CBBG-0000974,missouri,MIZ-HIST-00974,historical_media_guide,1958-1959,1959-01-12,Nebraska,nebraska,Nebraska,69,81,L,0,away_candidate,unknown,,,,,,,REGULAR_SEASON,,28,Jan. 12 - - @ Nebraska L 69-81,opponent_resolved_site_pending,,MATCHED,BOOTSTRAP_SAME_SOURCE_SEQUENCE
ASRT-MIZ-00975,CBBG-0000975,missouri,MIZ-HIST-00975,historical_media_guide,1958-1959,1959-01-17,Kansas State,kansas-state,Kansas State,60,75,L,0,home_or_special_site_candidate,unknown,Brewer Fieldhouse,,,,,,REGULAR_SEASON,,28,Jan. 17 - 4 Kansas State L 60-75,opponent_resolved_site_pending,,MATCHED,BOOTSTRAP_SAME_SOURCE_SEQUENCE
ASRT-MIZ-00976,CBBG-0000976,missouri,MIZ-HIST-00976,historical_media_guide,1958-1959,1959-02-03,Colorado,colorado,Colorado,59,65,L,0,home_or_special_site_candidate,unknown,Brewer Fieldhouse,,,,,,REGULAR_SEASON,,28,Feb. 3 - - Colorado L 59-65,opponent_resolved_site_pending,,MATCHED,BOOTSTRAP_SAME_SOURCE_SEQUENCE
ASRT-MIZ-00977,CBBG-0000977,missouri,MIZ-HIST-00977,historical_media_guide,1958-1959,1959-02-07,Iowa State,iowa-state,Iowa State,53,61,L,0,away_candidate,unknown,,,,,,,REGULAR_SEASON,,28,Feb. 7 - - @ Iowa State L 53-61,opponent_resolved_site_pending,,MATCHED,BOOTSTRAP_SAME_SOURCE_SEQUENCE
ASRT-MIZ-00978,CBBG-0000978,missouri,MIZ-HIST-00978,historical_media_guide,1958-1959,1959-02-10,Oklahoma State,oklahoma-state,Oklahoma State,51,44,W,0,home_or_special_site_candidate,unknown,Brewer Fieldhouse,,,,,,REGULAR_SEASON,,28,Feb. 10 - - Oklahoma State W 51-44,opponent_resolved_site_pending,,MATCHED,BOOTSTRAP_SAME_SOURCE_SEQUENCE
ASRT-MIZ-00979,CBBG-0000979,missouri,MIZ-HIST-00979,historical_media_guide,1958-1959,1959-02-14,Colorado,colorado,Colorado,85,80,W,0,away_candidate,unknown,,,,,,,REGULAR_SEASON,,28,Feb. 14 - - @ Colorado W 85-80,opponent_resolved_site_pending,,MATCHED,BOOTSTRAP_SAME_SOURCE_SEQUENCE
ASRT-MIZ-00980,CBBG-0000980,missouri,MIZ-HIST-00980,historical_media_guide,1958-1959,1959-02-21,Oklahoma,oklahoma,Oklahoma,37,55,L,0,home_or_special_site_candidate,unknown,Brewer Fieldhouse,,,,,,REGULAR_SEASON,,28,Feb. 21 - - Oklahoma L 37-55,opponent_resolved_site_pending,,MATCHED,BOOTSTRAP_SAME_SOURCE_SEQUENCE
ASRT-MIZ-00981,CBBG-0000981,missouri,MIZ-HIST-00981,historical_media_guide,1958-1959,1959-02-23,Kansas,kansas,Kansas,81,85,L,0,away_candidate,unknown,,,,,,,REGULAR_SEASON,,28,Feb. 23 - - @ Kansas L 81-85,opponent_resolved_site_pending,,MATCHED,BOOTSTRAP_SAME_SOURCE_SEQUENCE
ASRT-MIZ-00982,CBBG-0000982,missouri,MIZ-HIST-00982,historical_media_guide,1958-1959,1959-02-28,Oklahoma State,oklahoma-state,Oklahoma State,54,64,L,0,away_candidate,unknown,,,,,,,REGULAR_SEASON,,28,Feb. 28 - - @ Oklahoma State L 54-64,opponent_resolved_site_pending,,MATCHED,BOOTSTRAP_SAME_SOURCE_SEQUENCE
ASRT-MIZ-00983,CBBG-0000983,missouri,MIZ-HIST-00983,historical_media_guide,1958-1959,1959-03-02,Nebraska,nebraska,Nebraska,79,81,L,0,home_or_special_site_candidate,unknown,Brewer Fieldhouse,,,,,,REGULAR_SEASON,,28,Mar. 2 - - Nebraska L 79-81,opponent_resolved_site_pending,,MATCHED,BOOTSTRAP_SAME_SOURCE_SEQUENCE
ASRT-MIZ-00984,CBBG-0000984,missouri,MIZ-HIST-00984,historical_media_guide,1958-1959,1959-03-07,Kansas State,kansas-state,Kansas State,69,108,L,0,away_candidate,unknown,,,,,,,REGULAR_SEASON,,28,Mar. 7 - 2 @ Kansas State L 69-108,opponent_resolved_site_pending,,MATCHED,BOOTSTRAP_SAME_SOURCE_SEQUENCE
ASRT-MIZ-00985,CBBG-0000985,missouri,MIZ-HIST-00985,historical_media_guide,1958-1959,1959-03-09,Iowa State,iowa-state,Iowa State,68,67,W,0,home_or_special_site_candidate,unknown,Brewer Fieldhouse,,,,,,REGULAR_SEASON,,28,Mar. 9 - - Iowa State W 68-67,opponent_resolved_site_pending,,MATCHED,BOOTSTRAP_SAME_SOURCE_SEQUENCE
ASRT-MIZ-00986,CBBG-0000986,missouri,MIZ-HIST-00986,historical_media_guide,1959-1960,1959-12-01,Washington (Mo.),washington-university-of-st-louis,Washington University of St. Louis,70,62,W,0,home_or_special_site_candidate,unknown,Brewer Fieldhouse,,,,,,REGULAR_SEASON,,28,Dec. 1 - - Washington (Mo.) W 70-62,opponent_resolved_site_pending,,MATCHED,BOOTSTRAP_SAME_SOURCE_SEQUENCE
ASRT-MIZ-00987,CBBG-0000987,missouri,MIZ-HIST-00987,historical_media_guide,1959-1960,1959-12-04,Arkansas,arkansas,Arkansas,75,71,W,0,away_candidate,unknown,,,,,,,REGULAR_SEASON,,28,Dec. 4 - - @ Arkansas W 75-71,opponent_resolved_site_pending,,MATCHED,BOOTSTRAP_SAME_SOURCE_SEQUENCE
ASRT-MIZ-00988,CBBG-0000988,missouri,MIZ-HIST-00988,historical_media_guide,1959-1960,1959-12-07,Indiana,indiana,Indiana,79,76,W,0,home_or_special_site_candidate,unknown,Brewer Fieldhouse,,,,,,REGULAR_SEASON,,28,Dec. 7 - - Indiana W 79-76,opponent_resolved_site_pending,,MATCHED,BOOTSTRAP_SAME_SOURCE_SEQUENCE
ASRT-MIZ-00989,CBBG-0000989,missouri,MIZ-HIST-00989,historical_media_guide,1959-1960,1959-12-14,Wisconsin,wisconsin,Wisconsin,78,66,W,0,home_or_special_site_candidate,unknown,Brewer Fieldhouse,,,,,,REGULAR_SEASON,,28,Dec. 14 - - Wisconsin W 78-66,opponent_resolved_site_pending,,MATCHED,BOOTSTRAP_SAME_SOURCE_SEQUENCE
ASRT-MIZ-00990,CBBG-0000990,missouri,MIZ-HIST-00990,historical_media_guide,1959-1960,1959-12-17,Rice,rice,Rice,77,48,W,0,home_or_special_site_candidate,unknown,Brewer Fieldhouse,,,,,,REGULAR_SEASON,,28,Dec. 17 - - Rice W 77-48,opponent_resolved_site_pending,,MATCHED,BOOTSTRAP_SAME_SOURCE_SEQUENCE
ASRT-MIZ-00991,CBBG-0000991,missouri,MIZ-HIST-00991,historical_media_guide,1959-1960,1959-12-19,Minnesota,minnesota,Minnesota,62,80,L,0,away_candidate,unknown,,,,,,,REGULAR_SEASON,,28,Dec. 19 - - @ Minnesota L 62-80,opponent_resolved_site_pending,,MATCHED,BOOTSTRAP_SAME_SOURCE_SEQUENCE
ASRT-MIZ-00992,CBBG-0000992,missouri,MIZ-HIST-00992,historical_media_guide,1959-1960,1959-12-21,Loyola (Ill.),loyola-chicago,Loyola Chicago,71,62,W,0,away_candidate,unknown,,,,,,,REGULAR_SEASON,,28,Dec. 21 - - @ Loyola (Ill.) W 71-62,opponent_resolved_site_pending,,MATCHED,BOOTSTRAP_SAME_SOURCE_SEQUENCE
ASRT-MIZ-00993,CBBG-0000993,missouri,MIZ-HIST-00993,historical_media_guide,1959-1960,1959-12-28,Oklahoma,oklahoma,Oklahoma,65,70,L,0,home_or_special_site_candidate,unknown,Municipal Auditorium,,,,"Big Eight Tournament, Kansas City",,REGULAR_SEASON,,28,Dec. 28 - - #Oklahoma L 65-70,opponent_resolved_site_pending,,MATCHED,BOOTSTRAP_SAME_SOURCE_SEQUENCE
ASRT-MIZ-00994,CBBG-0000994,missouri,MIZ-HIST-00994,historical_media_guide,1959-1960,1959-12-29,Oklahoma State,oklahoma-state,Oklahoma State,49,64,L,0,home_or_special_site_candidate,unknown,Municipal Auditorium,,,,"Big Eight Tournament, Kansas City",,REGULAR_SEASON,,28,Dec. 29 - - #Oklahoma State L 49-64,opponent_resolved_site_pending,,MATCHED,BOOTSTRAP_SAME_SOURCE_SEQUENCE
ASRT-MIZ-00995,CBBG-0000995,missouri,MIZ-HIST-00995,historical_media_guide,1959-1960,1959-12-30,Nebraska,nebraska,Nebraska,67,78,L,0,home_or_special_site_candidate,unknown,Municipal Auditorium,,,,"Big Eight Tournament, Kansas City",,REGULAR_SEASON,,28,Dec. 30 - - #Nebraska L 67-78,opponent_resolved_site_pending,,MATCHED,BOOTSTRAP_SAME_SOURCE_SEQUENCE
ASRT-MIZ-00996,CBBG-0000996,missouri,MIZ-HIST-00996,historical_media_guide,1959-1960,1960-01-04,Oklahoma State,oklahoma-state,Oklahoma State,42,51,L,0,away_candidate,unknown,,,,,,,REGULAR_SEASON,,28,Jan. 4 - - @ Oklahoma State L 42-51,opponent_resolved_site_pending,,MATCHED,BOOTSTRAP_SAME_SOURCE_SEQUENCE
ASRT-MIZ-00997,CBBG-0000997,missouri,MIZ-HIST-00997,historical_media_guide,1959-1960,1960-01-09,Kansas State,kansas-state,Kansas State,60,65,L,0,home_or_special_site_candidate,unknown,Brewer Fieldhouse,,,,,,REGULAR_SEASON,,28,Jan. 9 - - Kansas State L 60-65,opponent_resolved_site_pending,,MATCHED,BOOTSTRAP_SAME_SOURCE_SEQUENCE
ASRT-MIZ-00998,CBBG-0000998,missouri,MIZ-HIST-00998,historical_media_guide,1959-1960,1960-01-11,Nebraska,nebraska,Nebraska,69,61,W,0,home_or_special_site_candidate,unknown,Brewer Fieldhouse,,,,,,REGULAR_SEASON,,28,Jan. 11 - - Nebraska W 69-61,opponent_resolved_site_pending,,MATCHED,BOOTSTRAP_SAME_SOURCE_SEQUENCE
ASRT-MIZ-00999,CBBG-0000999,missouri,MIZ-HIST-00999,historical_media_guide,1959-1960,1960-01-16,Kansas,kansas,Kansas,63,79,L,0,away_candidate,unknown,,,,,,,REGULAR_SEASON,,28,Jan. 16 - - @ Kansas L 63-79,opponent_resolved_site_pending,,MATCHED,BOOTSTRAP_SAME_SOURCE_SEQUENCE
ASRT-MIZ-01000,CBBG-0001000,missouri,MIZ-HIST-01000,historical_media_guide,1959-1960,1960-01-18,Oklahoma,oklahoma,Oklahoma,52,64,L,0,away_candidate,unknown,,,,,,,REGULAR_SEASON,,28,Jan. 18 - - @ Oklahoma L 52-64,opponent_resolved_site_pending,,MATCHED,BOOTSTRAP_SAME_SOURCE_SEQUENCE
ASRT-MIZ-01001,CBBG-0001001,missouri,MIZ-HIST-01001,historical_media_guide,1959-1960,1960-01-23,Tulsa,tulsa,Tulsa,84,74,W,0,home_or_special_site_candidate,unknown,Brewer Fieldhouse,,,,,,REGULAR_SEASON,,28,Jan. 23 - - Tulsa W 84-74,opponent_resolved_site_pending,,MATCHED,BOOTSTRAP_SAME_SOURCE_SEQUENCE
ASRT-MIZ-01002,CBBG-0001002,missouri,MIZ-HIST-01002,historical_media_guide,1959-1960,1960-02-01,Nebraska,nebraska,Nebraska,59,64,L,0,away_candidate,unknown,,,,,,,REGULAR_SEASON,,28,Feb. 1 - - @ Nebraska L 59-64,opponent_resolved_site_pending,,MATCHED,BOOTSTRAP_SAME_SOURCE_SEQUENCE
ASRT-MIZ-01003,CBBG-0001003,missouri,MIZ-HIST-01003,historical_media_guide,1959-1960,1960-02-06,Oklahoma,oklahoma,Oklahoma,84,72,W,0,home_or_special_site_candidate,unknown,Brewer Fieldhouse,,,,,,REGULAR_SEASON,,28,Feb. 6 - - Oklahoma W 84-72,opponent_resolved_site_pending,,MATCHED,BOOTSTRAP_SAME_SOURCE_SEQUENCE
ASRT-MIZ-01004,CBBG-0001004,missouri,MIZ-HIST-01004,historical_media_guide,1959-1960,1960-02-13,Kansas State,kansas-state,Kansas State,80,89,L,0,away_candidate,unknown,,,,,,,REGULAR_SEASON,,28,Feb. 13 - - @ Kansas State L 80-89,opponent_resolved_site_pending,,MATCHED,BOOTSTRAP_SAME_SOURCE_SEQUENCE
ASRT-MIZ-01005,CBBG-0001005,missouri,MIZ-HIST-01005,historical_media_guide,1959-1960,1960-02-15,Colorado,colorado,Colorado,62,63,L,0,away_candidate,unknown,,,,,,,REGULAR_SEASON,,28,Feb. 15 - - @ Colorado L 62-63,opponent_resolved_site_pending,,MATCHED,BOOTSTRAP_SAME_SOURCE_SEQUENCE
ASRT-MIZ-01006,CBBG-0001006,missouri,MIZ-HIST-01006,historical_media_guide,1959-1960,1960-02-20,Oklahoma State,oklahoma-state,Oklahoma State,70,55,W,0,home_or_special_site_candidate,unknown,Brewer Fieldhouse,,,,,,REGULAR_SEASON,,28,Feb. 20 - - Oklahoma State W 70-55,opponent_resolved_site_pending,,MATCHED,BOOTSTRAP_SAME_SOURCE_SEQUENCE
ASRT-MIZ-01007,CBBG-0001007,missouri,MIZ-HIST-01007,historical_media_guide,1959-1960,1960-02-22,Colorado,colorado,Colorado,82,73,W,0,home_or_special_site_candidate,unknown,Brewer Fieldhouse,,,,,,REGULAR_SEASON,,28,Feb. 22 - - Colorado W 82-73,opponent_resolved_site_pending,,MATCHED,BOOTSTRAP_SAME_SOURCE_SEQUENCE
ASRT-MIZ-01008,CBBG-0001008,missouri,MIZ-HIST-01008,historical_media_guide,1959-1960,1960-02-27,Kansas,kansas,Kansas,72,85,L,0,home_or_special_site_candidate,unknown,Brewer Fieldhouse,,,,,,REGULAR_SEASON,,29,Feb. 27 - - Kansas L 72-85,opponent_resolved_site_pending,,MATCHED,BOOTSTRAP_SAME_SOURCE_SEQUENCE
ASRT-MIZ-01009,CBBG-0001009,missouri,MIZ-HIST-01009,historical_media_guide,1959-1960,1960-02-29,Iowa State,iowa-state,Iowa State,69,72,L,0,away_candidate,unknown,,,,,,,REGULAR_SEASON,,29,Feb. 29 - - @ Iowa State L 69-72,opponent_resolved_site_pending,,MATCHED,BOOTSTRAP_SAME_SOURCE_SEQUENCE
ASRT-MIZ-01010,CBBG-0001010,missouri,MIZ-HIST-01010,historical_media_guide,1959-1960,1960-03-07,Iowa State,iowa-state,Iowa State,59,57,W,0,home_or_special_site_candidate,unknown,Brewer Fieldhouse,,,,,,REGULAR_SEASON,,29,Mar. 7 - - Iowa State W 59-57,opponent_resolved_site_pending,,MATCHED,BOOTSTRAP_SAME_SOURCE_SEQUENCE
ASRT-MIZ-01011,CBBG-0001011,missouri,MIZ-HIST-01011,historical_media_guide,1960-1961,1960-12-01,Washington (Mo.),washington-university-of-st-louis,Washington University of St. Louis,77,60,W,0,away_candidate,unknown,,,,,,,REGULAR_SEASON,,29,Dec. 1 - - @ Washington (Mo.) W 77-60,opponent_resolved_site_pending,,MATCHED,BOOTSTRAP_SAME_SOURCE_SEQUENCE
ASRT-MIZ-01012,CBBG-0001012,missouri,MIZ-HIST-01012,historical_media_guide,1960-1961,1960-12-03,Arkansas,arkansas,Arkansas,75,84,L,0,home_or_special_site_candidate,unknown,Brewer Fieldhouse,,,,,,REGULAR_SEASON,,29,Dec. 3 - - Arkansas L 75-84,opponent_resolved_site_pending,,MATCHED,BOOTSTRAP_SAME_SOURCE_SEQUENCE
ASRT-MIZ-01013,CBBG-0001013,missouri,MIZ-HIST-01013,historical_media_guide,1960-1961,1960-12-05,Minnesota,minnesota,Minnesota,56,60,L,0,home_or_special_site_candidate,unknown,Brewer Fieldhouse,,,,,,REGULAR_SEASON,,29,Dec. 5 - - Minnesota L 56-60,opponent_resolved_site_pending,,MATCHED,BOOTSTRAP_SAME_SOURCE_SEQUENCE
ASRT-MIZ-01014,CBBG-0001014,missouri,MIZ-HIST-01014,historical_media_guide,1960-1961,1960-12-10,Northwestern,northwestern,Northwestern,73,72,W,0,away_candidate,unknown,,,,,,,REGULAR_SEASON,,29,Dec. 10 - - @ Northwestern W 73-72,opponent_resolved_site_pending,,MATCHED,BOOTSTRAP_SAME_SOURCE_SEQUENCE
ASRT-MIZ-01015,CBBG-0001015,missouri,MIZ-HIST-01015,historical_media_guide,1960-1961,1960-12-12,Indiana,indiana,Indiana,55,66,L,0,away_candidate,unknown,,,,,,,REGULAR_SEASON,,29,Dec. 12 - - @ Indiana L 55-66,opponent_resolved_site_pending,,MATCHED,BOOTSTRAP_SAME_SOURCE_SEQUENCE
ASRT-MIZ-01016,CBBG-0001016,missouri,MIZ-HIST-01016,historical_media_guide,1960-1961,1960-12-14,Loyola (Ill.),loyola-chicago,Loyola Chicago,62,68,L,0,home_or_special_site_candidate,unknown,Brewer Fieldhouse,,,,,,REGULAR_SEASON,,29,Dec. 14 - - Loyola (Ill.) L 62-68,opponent_resolved_site_pending,,MATCHED,BOOTSTRAP_SAME_SOURCE_SEQUENCE
ASRT-MIZ-01017,CBBG-0001017,missouri,MIZ-HIST-01017,historical_media_guide,1960-1961,1960-12-27,Iowa State,iowa-state,Iowa State,68,72,L,0,home_or_special_site_candidate,unknown,Municipal Auditorium,,,,"Big Eight Tournament, Kansas City",,REGULAR_SEASON,,29,Dec. 27 - - #Iowa State L 68-72,opponent_resolved_site_pending,,MATCHED,BOOTSTRAP_SAME_SOURCE_SEQUENCE
ASRT-MIZ-01018,CBBG-0001018,missouri,MIZ-HIST-01018,historical_media_guide,1960-1961,1960-12-28,Nebraska,nebraska,Nebraska,72,90,L,0,home_or_special_site_candidate,unknown,Municipal Auditorium,,,,"Big Eight Tournament, Kansas City",,REGULAR_SEASON,,29,Dec. 28 - - #Nebraska L 72-90,opponent_resolved_site_pending,,MATCHED,BOOTSTRAP_SAME_SOURCE_SEQUENCE
ASRT-MIZ-01019,CBBG-0001019,missouri,MIZ-HIST-01019,historical_media_guide,1960-1961,1960-12-29,Colorado*,colorado,Colorado,79,99,L,0,home_or_special_site_candidate,unknown,Municipal Auditorium,,,,"Big Eight Tournament, Kansas City",,REGULAR_SEASON,,29,Dec. 29 - - #Colorado* L 79-99,opponent_resolved_site_pending,,MATCHED,BOOTSTRAP_SAME_SOURCE_SEQUENCE
ASRT-MIZ-01020,CBBG-0001020,missouri,MIZ-HIST-01020,historical_media_guide,1960-1961,1960-12-31,Kentucky,kentucky,Kentucky,69,81,L,0,away_candidate,unknown,,,,,,,REGULAR_SEASON,,29,Dec. 31 - 19 @ Kentucky L 69-81,opponent_resolved_site_pending,,MATCHED,BOOTSTRAP_SAME_SOURCE_SEQUENCE
ASRT-MIZ-01021,CBBG-0001021,missouri,MIZ-HIST-01021,historical_media_guide,1960-1961,1961-01-07,Nebraska,nebraska,Nebraska,48,62,L,0,away_candidate,unknown,,,,,,,REGULAR_SEASON,,29,Jan. 7 - - @ Nebraska L 48-62,opponent_resolved_site_pending,,MATCHED,BOOTSTRAP_SAME_SOURCE_SEQUENCE
ASRT-MIZ-01022,CBBG-0001022,missouri,MIZ-HIST-01022,historical_media_guide,1960-1961,1961-01-09,Iowa State,iowa-state,Iowa State,67,76,L,0,away_candidate,unknown,,,,,,,REGULAR_SEASON,,29,Jan. 9 - - @ Iowa State L 67-76,opponent_resolved_site_pending,,MATCHED,BOOTSTRAP_SAME_SOURCE_SEQUENCE
ASRT-MIZ-01023,CBBG-0001023,missouri,MIZ-HIST-01023,historical_media_guide,1960-1961,1961-01-14,Oklahoma State,oklahoma-state,Oklahoma State,82,73,W,0,home_or_special_site_candidate,unknown,Brewer Fieldhouse,,,,,,REGULAR_SEASON,,29,Jan. 14 - - Oklahoma State W 82-73,opponent_resolved_site_pending,,MATCHED,BOOTSTRAP_SAME_SOURCE_SEQUENCE
ASRT-MIZ-01024,CBBG-0001024,missouri,MIZ-HIST-01024,historical_media_guide,1960-1961,1961-01-21,Oklahoma,oklahoma,Oklahoma,70,62,W,0,home_or_special_site_candidate,unknown,Brewer Fieldhouse,,,,,,REGULAR_SEASON,,29,Jan. 21 - - Oklahoma W 70-62,opponent_resolved_site_pending,,MATCHED,BOOTSTRAP_SAME_SOURCE_SEQUENCE
ASRT-MIZ-01025,CBBG-0001025,missouri,MIZ-HIST-01025,historical_media_guide,1960-1961,1961-02-01,Oklahoma State,oklahoma-state,Oklahoma State,55,61,L,0,away_candidate,unknown,,,,,,,REGULAR_SEASON,,29,Feb. 1 - - @ Oklahoma State L 55-61,opponent_resolved_site_pending,,MATCHED,BOOTSTRAP_SAME_SOURCE_SEQUENCE
ASRT-MIZ-01026,CBBG-0001026,missouri,MIZ-HIST-01026,historical_media_guide,1960-1961,1961-02-04,Colorado,colorado,Colorado,90,72,W,0,home_or_special_site_candidate,unknown,Brewer Fieldhouse,,,,,,REGULAR_SEASON,,29,Feb. 4 - - Colorado W 90-72,opponent_resolved_site_pending,,MATCHED,BOOTSTRAP_SAME_SOURCE_SEQUENCE
ASRT-MIZ-01027,CBBG-0001027,missouri,MIZ-HIST-01027,historical_media_guide,1960-1961,1961-02-11,Oklahoma,oklahoma,Oklahoma,94,78,W,0,away_candidate,unknown,,,,,,,REGULAR_SEASON,,29,Feb. 11 - - @ Oklahoma W 94-78,opponent_resolved_site_pending,,MATCHED,BOOTSTRAP_SAME_SOURCE_SEQUENCE
ASRT-MIZ-01028,CBBG-0001028,missouri,MIZ-HIST-01028,historical_media_guide,1960-1961,1961-02-13,Kansas,kansas,Kansas,73,88,L,0,away_candidate,unknown,,,,,,,REGULAR_SEASON,,29,Feb. 13 - - @ Kansas L 73-88,opponent_resolved_site_pending,,MATCHED,BOOTSTRAP_SAME_SOURCE_SEQUENCE
ASRT-MIZ-01029,CBBG-0001029,missouri,MIZ-HIST-01029,historical_media_guide,1960-1961,1961-02-18,Kansas State,kansas-state,Kansas State,70,99,L,0,home_or_special_site_candidate,unknown,Brewer Fieldhouse,,,,,,REGULAR_SEASON,,29,Feb. 18 - 6 Kansas State L 70-99,opponent_resolved_site_pending,,MATCHED,BOOTSTRAP_SAME_SOURCE_SEQUENCE
ASRT-MIZ-01030,CBBG-0001030,missouri,MIZ-HIST-01030,historical_media_guide,1960-1961,1961-02-25,Kansas State,kansas-state,Kansas State,71,91,L,0,away_candidate,unknown,,,,,,,REGULAR_SEASON,,29,Feb. 25 - 8 @ Kansas State L 71-91,opponent_resolved_site_pending,,MATCHED,BOOTSTRAP_SAME_SOURCE_SEQUENCE
ASRT-MIZ-01031,CBBG-0001031,missouri,MIZ-HIST-01031,historical_media_guide,1960-1961,1961-02-27,Colorado*,colorado,Colorado,67,70,L,0,away_candidate,unknown,,,,,,,REGULAR_SEASON,,29,Feb. 27 - - @ Colorado* L 67-70,opponent_resolved_site_pending,,MATCHED,BOOTSTRAP_SAME_SOURCE_SEQUENCE
ASRT-MIZ-01032,CBBG-0001032,missouri,MIZ-HIST-01032,historical_media_guide,1960-1961,1961-03-02,Iowa State,iowa-state,Iowa State,95,82,W,0,home_or_special_site_candidate,unknown,Brewer Fieldhouse,,,,,,REGULAR_SEASON,,29,Mar. 2 - - Iowa State W 95-82,opponent_resolved_site_pending,,MATCHED,BOOTSTRAP_SAME_SOURCE_SEQUENCE
ASRT-MIZ-01033,CBBG-0001033,missouri,MIZ-HIST-01033,historical_media_guide,1960-1961,1961-03-06,Nebraska,nebraska,Nebraska,97,76,W,0,home_or_special_site_candidate,unknown,Brewer Fieldhouse,,,,,,REGULAR_SEASON,,29,Mar. 6 - - Nebraska W 97-76,opponent_resolved_site_pending,,MATCHED,BOOTSTRAP_SAME_SOURCE_SEQUENCE
ASRT-MIZ-01034,CBBG-0001034,missouri,MIZ-HIST-01034,historical_media_guide,1960-1961,1961-03-11,Kansas,kansas,Kansas,79,76,W,0,home_or_special_site_candidate,unknown,Brewer Fieldhouse,,,,,,REGULAR_SEASON,,29,Mar. 11 - - Kansas W 79-76,opponent_resolved_site_pending,,MATCHED,BOOTSTRAP_SAME_SOURCE_SEQUENCE
ASRT-MIZ-01035,CBBG-0001035,missouri,MIZ-HIST-01035,historical_media_guide,1961-1962,1961-12-01,Southern California,usc,USC,43,56,L,0,home_or_special_site_candidate,unknown,Brewer Fieldhouse,,,,,,REGULAR_SEASON,,29,Dec. 1 - 4 Southern California L 43-56,opponent_resolved_site_pending,,MATCHED,BOOTSTRAP_SAME_SOURCE_SEQUENCE
ASRT-MIZ-01036,CBBG-0001036,missouri,MIZ-HIST-01036,historical_media_guide,1961-1962,1961-12-04,Arkansas,arkansas,Arkansas,68,72,L,0,away_candidate,unknown,,,,,,,REGULAR_SEASON,,29,Dec. 4 - - @ Arkansas L 68-72,opponent_resolved_site_pending,,MATCHED,BOOTSTRAP_SAME_SOURCE_SEQUENCE
ASRT-MIZ-01037,CBBG-0001037,missouri,MIZ-HIST-01037,historical_media_guide,1961-1962,1961-12-06,Washington (Mo.),washington-university-of-st-louis,Washington University of St. Louis,78,50,W,0,home_or_special_site_candidate,unknown,Brewer Fieldhouse,,,,,,REGULAR_SEASON,,29,Dec. 6 - - Washington (Mo.) W 78-50,opponent_resolved_site_pending,,MATCHED,BOOTSTRAP_SAME_SOURCE_SEQUENCE
ASRT-MIZ-01038,CBBG-0001038,missouri,MIZ-HIST-01038,historical_media_guide,1961-1962,1961-12-09,Northwestern,northwestern,Northwestern,84,69,W,0,home_or_special_site_candidate,unknown,Brewer Fieldhouse,,,,,,REGULAR_SEASON,,29,Dec. 9 - - Northwestern W 84-69,opponent_resolved_site_pending,,MATCHED,BOOTSTRAP_SAME_SOURCE_SEQUENCE
ASRT-MIZ-01039,CBBG-0001039,missouri,MIZ-HIST-01039,historical_media_guide,1961-1962,1961-12-16,Western Ontario,western-ontario,Western Ontario,80,46,W,0,home_or_special_site_candidate,unknown,Brewer Fieldhouse,,,,,,REGULAR_SEASON,,29,Dec. 16 - - Western Ontario W 80-46,opponent_resolved_site_pending,,MATCHED,BOOTSTRAP_SAME_SOURCE_SEQUENCE
ASRT-MIZ-01040,CBBG-0001040,missouri,MIZ-HIST-01040,historical_media_guide,1961-1962,1961-12-20,Tennessee,tennessee,Tennessee,86,61,W,0,away_candidate,unknown,,,,,,,REGULAR_SEASON,,29,Dec. 20 - - @ Tennessee W 86-61,opponent_resolved_site_pending,,MATCHED,BOOTSTRAP_SAME_SOURCE_SEQUENCE
ASRT-MIZ-01041,CBBG-0001041,missouri,MIZ-HIST-01041,historical_media_guide,1961-1962,1961-12-21,Georgia Tech,georgia-tech,Georgia Tech,57,58,L,0,away_candidate,unknown,,,,,,,REGULAR_SEASON,,29,Dec. 21 - - @ Georgia Tech L 57-58,opponent_resolved_site_pending,,MATCHED,BOOTSTRAP_SAME_SOURCE_SEQUENCE
ASRT-MIZ-01042,CBBG-0001042,missouri,MIZ-HIST-01042,historical_media_guide,1961-1962,1961-12-23,Vanderbilt,vanderbilt,Vanderbilt,65,77,L,0,away_candidate,unknown,,,,,,,REGULAR_SEASON,,29,Dec. 23 - - @ Vanderbilt L 65-77,opponent_resolved_site_pending,,MATCHED,BOOTSTRAP_SAME_SOURCE_SEQUENCE
ASRT-MIZ-01043,CBBG-0001043,missouri,MIZ-HIST-01043,historical_media_guide,1961-1962,1961-12-27,Oklahoma State,oklahoma-state,Oklahoma State,60,44,W,0,home_or_special_site_candidate,unknown,Municipal Auditorium,,,,"Big Eight Tournament, Kansas City",,REGULAR_SEASON,,29,Dec. 27 - - #Oklahoma State W 60-44,opponent_resolved_site_pending,,MATCHED,BOOTSTRAP_SAME_SOURCE_SEQUENCE
ASRT-MIZ-01044,CBBG-0001044,missouri,MIZ-HIST-01044,historical_media_guide,1961-1962,1961-12-29,Kansas State,kansas-state,Kansas State,57,62,L,0,home_or_special_site_candidate,unknown,Municipal Auditorium,,,,"Big Eight Tournament, Kansas City",,REGULAR_SEASON,,29,Dec. 29 - 5 #Kansas State L 57-62,opponent_resolved_site_pending,,MATCHED,BOOTSTRAP_SAME_SOURCE_SEQUENCE
ASRT-MIZ-01045,CBBG-0001045,missouri,MIZ-HIST-01045,historical_media_guide,1961-1962,1961-12-30,Oklahoma,oklahoma,Oklahoma,63,58,W,0,home_or_special_site_candidate,unknown,Municipal Auditorium,,,,"Big Eight Tournament, Kansas City",,REGULAR_SEASON,,29,Dec. 30 - - #Oklahoma (OT) W 63-58,opponent_resolved_site_pending,,MATCHED,BOOTSTRAP_SAME_SOURCE_SEQUENCE
ASRT-MIZ-01046,CBBG-0001046,missouri,MIZ-HIST-01046,historical_media_guide,1961-1962,1962-01-06,Oklahoma State,oklahoma-state,Oklahoma State,57,72,L,0,away_candidate,unknown,,,,,,,REGULAR_SEASON,,29,Jan. 6 - - @ Oklahoma State L 57-72,opponent_resolved_site_pending,,MATCHED,BOOTSTRAP_SAME_SOURCE_SEQUENCE
ASRT-MIZ-01047,CBBG-0001047,missouri,MIZ-HIST-01047,historical_media_guide,1961-1962,1962-01-08,Oklahoma,oklahoma,Oklahoma,52,56,L,0,away_candidate,unknown,,,,,,,REGULAR_SEASON,,29,Jan. 8 - - @ Oklahoma L 52-56,opponent_resolved_site_pending,,MATCHED,BOOTSTRAP_SAME_SOURCE_SEQUENCE
ASRT-MIZ-01048,CBBG-0001048,missouri,MIZ-HIST-01048,historical_media_guide,1961-1962,1962-01-13,Kansas,kansas,Kansas,54,65,L,0,home_or_special_site_candidate,unknown,Brewer Fieldhouse,,,,,,REGULAR_SEASON,,29,Jan. 13 - - Kansas L 54-65,opponent_resolved_site_pending,,MATCHED,BOOTSTRAP_SAME_SOURCE_SEQUENCE
ASRT-MIZ-01049,CBBG-0001049,missouri,MIZ-HIST-01049,historical_media_guide,1961-1962,1962-01-18,Kansas State,kansas-state,Kansas State,66,69,L,0,home_or_special_site_candidate,unknown,Brewer Fieldhouse,,,,,,REGULAR_SEASON,,29,Jan. 18 - 4 Kansas State L 66-69,opponent_resolved_site_pending,,MATCHED,BOOTSTRAP_SAME_SOURCE_SEQUENCE
ASRT-MIZ-01050,CBBG-0001050,missouri,MIZ-HIST-01050,historical_media_guide,1961-1962,1962-01-31,Iowa State,iowa-state,Iowa State,73,85,L,0,away_candidate,unknown,,,,,,,REGULAR_SEASON,,29,Jan. 31 - - @ Iowa State L 73-85,opponent_resolved_site_pending,,MATCHED,BOOTSTRAP_SAME_SOURCE_SEQUENCE
ASRT-MIZ-01051,CBBG-0001051,missouri,MIZ-HIST-01051,historical_media_guide,1961-1962,1962-02-05,Kansas,kansas,Kansas,79,66,W,0,away_candidate,unknown,,,,,,,REGULAR_SEASON,,29,Feb. 5 - - @ Kansas W 79-66,opponent_resolved_site_pending,,MATCHED,BOOTSTRAP_SAME_SOURCE_SEQUENCE
ASRT-MIZ-01052,CBBG-0001052,missouri,MIZ-HIST-01052,historical_media_guide,1961-1962,1962-02-10,Kansas State,kansas-state,Kansas State,59,65,L,0,away_candidate,unknown,,,,,,,REGULAR_SEASON,,29,Feb. 10 - 4 @ Kansas State L 59-65,opponent_resolved_site_pending,,MATCHED,BOOTSTRAP_SAME_SOURCE_SEQUENCE
ASRT-MIZ-01053,CBBG-0001053,missouri,MIZ-HIST-01053,historical_media_guide,1961-1962,1962-02-17,Nebraska,nebraska,Nebraska,63,65,L,0,home_or_special_site_candidate,unknown,Brewer Fieldhouse,,,,,,REGULAR_SEASON,,29,Feb. 17 - - Nebraska L 63-65,opponent_resolved_site_pending,,MATCHED,BOOTSTRAP_SAME_SOURCE_SEQUENCE
ASRT-MIZ-01054,CBBG-0001054,missouri,MIZ-HIST-01054,historical_media_guide,1961-1962,1962-02-19,Oklahoma State,oklahoma-state,Oklahoma State,69,64,W,0,home_or_special_site_candidate,unknown,Brewer Fieldhouse,,,,,,REGULAR_SEASON,,29,Feb. 19 - - Oklahoma State W 69-64,opponent_resolved_site_pending,,MATCHED,BOOTSTRAP_SAME_SOURCE_SEQUENCE
ASRT-MIZ-01055,CBBG-0001055,missouri,MIZ-HIST-01055,historical_media_guide,1961-1962,1962-02-24,Nebraska,nebraska,Nebraska,81,63,W,0,away_candidate,unknown,,,,,,,REGULAR_SEASON,,29,Feb. 24 - - @ Nebraska W 81-63,opponent_resolved_site_pending,,MATCHED,BOOTSTRAP_SAME_SOURCE_SEQUENCE
ASRT-MIZ-01056,CBBG-0001056,missouri,MIZ-HIST-01056,historical_media_guide,1961-1962,1962-02-26,Colorado,colorado,Colorado,58,63,L,0,away_candidate,unknown,,,,,,,REGULAR_SEASON,,29,Feb. 26 - 9 @ Colorado L 58-63,opponent_resolved_site_pending,,MATCHED,BOOTSTRAP_SAME_SOURCE_SEQUENCE
ASRT-MIZ-01057,CBBG-0001057,missouri,MIZ-HIST-01057,historical_media_guide,1961-1962,1962-03-01,Iowa State,iowa-state,Iowa State,62,66,L,0,home_or_special_site_candidate,unknown,Brewer Fieldhouse,,,,,,REGULAR_SEASON,,29,Mar. 1 - - Iowa State L 62-66,opponent_resolved_site_pending,,MATCHED,BOOTSTRAP_SAME_SOURCE_SEQUENCE
ASRT-MIZ-01058,CBBG-0001058,missouri,MIZ-HIST-01058,historical_media_guide,1961-1962,1962-03-05,Colorado,colorado,Colorado,64,73,L,0,home_or_special_site_candidate,unknown,Brewer Fieldhouse,,,,,,REGULAR_SEASON,,29,Mar. 5 - 9 Colorado L 64-73,opponent_resolved_site_pending,,MATCHED,BOOTSTRAP_SAME_SOURCE_SEQUENCE
ASRT-MIZ-01059,CBBG-0001059,missouri,MIZ-HIST-01059,historical_media_guide,1961-1962,1962-03-08,Oklahoma,oklahoma,Oklahoma,55,63,L,0,home_or_special_site_candidate,unknown,Brewer Fieldhouse,,,,,,REGULAR_SEASON,,29,Mar. 8 - - Oklahoma L 55-63,opponent_resolved_site_pending,,MATCHED,BOOTSTRAP_SAME_SOURCE_SEQUENCE
ASRT-MIZ-01060,CBBG-0001060,missouri,MIZ-HIST-01060,historical_media_guide,1962-1963,1962-12-01,Washington (Mo.),washington-university-of-st-louis,Washington University of St. Louis,79,70,W,0,away_candidate,unknown,,,,,,,REGULAR_SEASON,,29,Dec. 1 - - @ Washington (Mo.) W 79-70,opponent_resolved_site_pending,,MATCHED,BOOTSTRAP_SAME_SOURCE_SEQUENCE
ASRT-MIZ-01061,CBBG-0001061,missouri,MIZ-HIST-01061,historical_media_guide,1962-1963,1962-12-03,Montana State,montana-state,Montana State,86,66,W,0,home_or_special_site_candidate,unknown,Brewer Fieldhouse,,,,,,REGULAR_SEASON,,29,Dec. 3 - - Montana State W 86-66,opponent_resolved_site_pending,,MATCHED,BOOTSTRAP_SAME_SOURCE_SEQUENCE
ASRT-MIZ-01062,CBBG-0001062,missouri,MIZ-HIST-01062,historical_media_guide,1962-1963,1962-12-08,Arkansas,arkansas,Arkansas,61,70,L,0,home_or_special_site_candidate,unknown,Brewer Fieldhouse,,,,,,REGULAR_SEASON,,29,Dec. 8 - - Arkansas L 61-70,opponent_resolved_site_pending,,MATCHED,BOOTSTRAP_SAME_SOURCE_SEQUENCE
ASRT-MIZ-01063,CBBG-0001063,missouri,MIZ-HIST-01063,historical_media_guide,1962-1963,1962-12-10,Indiana,indiana,Indiana,52,51,W,0,home_or_special_site_candidate,unknown,Brewer Fieldhouse,,,,,,REGULAR_SEASON,,29,Dec. 10 - 8 Indiana W 52-51,opponent_resolved_site_pending,,MATCHED,BOOTSTRAP_SAME_SOURCE_SEQUENCE
ASRT-MIZ-01064,CBBG-0001064,missouri,MIZ-HIST-01064,historical_media_guide,1962-1963,1962-12-14,Southern California,usc,USC,70,77,L,0,away_candidate,unknown,,,,,,,REGULAR_SEASON,,29,Dec. 14 - - @ Southern California L 70-77,opponent_resolved_site_pending,,MATCHED,BOOTSTRAP_SAME_SOURCE_SEQUENCE
ASRT-MIZ-01065,CBBG-0001065,missouri,MIZ-HIST-01065,historical_media_guide,1962-1963,1962-12-15,UCLA,ucla,UCLA,55,72,L,0,away_candidate,unknown,,,,,,,REGULAR_SEASON,,29,Dec. 15 - - @ UCLA L 55-72,opponent_resolved_site_pending,,MATCHED,BOOTSTRAP_SAME_SOURCE_SEQUENCE
ASRT-MIZ-01066,CBBG-0001066,missouri,MIZ-HIST-01066,historical_media_guide,1962-1963,1962-12-17,Houston,houston,Houston,61,75,L,0,away_candidate,unknown,,,,,,,REGULAR_SEASON,,29,Dec. 17 - - @ Houston L 61-75,opponent_resolved_site_pending,,MATCHED,BOOTSTRAP_SAME_SOURCE_SEQUENCE
ASRT-MIZ-01067,CBBG-0001067,missouri,MIZ-HIST-01067,historical_media_guide,1962-1963,1962-12-20,Tennessee,tennessee,Tennessee,54,47,W,0,home_or_special_site_candidate,unknown,Brewer Fieldhouse,,,,,,REGULAR_SEASON,,29,Dec. 20 - - Tennessee W 54-47,opponent_resolved_site_pending,,MATCHED,BOOTSTRAP_SAME_SOURCE_SEQUENCE
ASRT-MIZ-01068,CBBG-0001068,missouri,MIZ-HIST-01068,historical_media_guide,1962-1963,1962-12-27,Kansas State,kansas-state,Kansas State,43,61,L,0,home_or_special_site_candidate,unknown,Municipal Auditorium,,,,"Big Eight Tournament, Kansas City",,REGULAR_SEASON,,29,Dec. 27 - - #Kansas State L 43-61,opponent_resolved_site_pending,,MATCHED,BOOTSTRAP_SAME_SOURCE_SEQUENCE
ASRT-MIZ-01069,CBBG-0001069,missouri,MIZ-HIST-01069,historical_media_guide,1962-1963,1962-12-28,Oklahoma,oklahoma,Oklahoma,104,82,W,0,home_or_special_site_candidate,unknown,Municipal Auditorium,,,,"Big Eight Tournament, Kansas City",,REGULAR_SEASON,,29,Dec. 28 - - #Oklahoma W 104-82,opponent_resolved_site_pending,,MATCHED,BOOTSTRAP_SAME_SOURCE_SEQUENCE
ASRT-MIZ-01070,CBBG-0001070,missouri,MIZ-HIST-01070,historical_media_guide,1962-1963,1962-12-29,Colorado,colorado,Colorado,58,74,L,0,home_or_special_site_candidate,unknown,Municipal Auditorium,,,,"Big Eight Tournament, Kansas City",,REGULAR_SEASON,,29,Dec. 29 - - #Colorado L 58-74,opponent_resolved_site_pending,,MATCHED,BOOTSTRAP_SAME_SOURCE_SEQUENCE
ASRT-MIZ-01071,CBBG-0001071,missouri,MIZ-HIST-01071,historical_media_guide,1962-1963,1963-01-05,Oklahoma,oklahoma,Oklahoma,78,84,L,0,away_candidate,unknown,,,,,,,REGULAR_SEASON,,29,Jan. 5 - - @ Oklahoma L 78-84,opponent_resolved_site_pending,,MATCHED,BOOTSTRAP_SAME_SOURCE_SEQUENCE
ASRT-MIZ-01072,CBBG-0001072,missouri,MIZ-HIST-01072,historical_media_guide,1962-1963,1963-01-07,Oklahoma State,oklahoma-state,Oklahoma State,56,81,L,0,away_candidate,unknown,,,,,,,REGULAR_SEASON,,29,Jan. 7 - - @ Oklahoma State L 56-81,opponent_resolved_site_pending,,MATCHED,BOOTSTRAP_SAME_SOURCE_SEQUENCE
ASRT-MIZ-01073,CBBG-0001073,missouri,MIZ-HIST-01073,historical_media_guide,1962-1963,1963-01-12,Colorado,colorado,Colorado,69,92,L,0,away_candidate,unknown,,,,,,,REGULAR_SEASON,,29,Jan. 12 - - @ Colorado L 69-92,opponent_resolved_site_pending,,MATCHED,BOOTSTRAP_SAME_SOURCE_SEQUENCE
ASRT-MIZ-01074,CBBG-0001074,missouri,MIZ-HIST-01074,historical_media_guide,1962-1963,1963-01-14,Kansas,kansas,Kansas,62,56,W,0,home_or_special_site_candidate,unknown,Brewer Fieldhouse,,,,,,REGULAR_SEASON,,29,Jan. 14 - - Kansas W 62-56,opponent_resolved_site_pending,,MATCHED,BOOTSTRAP_SAME_SOURCE_SEQUENCE
ASRT-MIZ-01075,CBBG-0001075,missouri,MIZ-HIST-01075,historical_media_guide,1962-1963,1963-01-19,Iowa State,iowa-state,Iowa State,54,55,L,0,home_or_special_site_candidate,unknown,Brewer Fieldhouse,,,,,,REGULAR_SEASON,,29,Jan. 19 - - Iowa State (OT) L 54-55,opponent_resolved_site_pending,,MATCHED,BOOTSTRAP_SAME_SOURCE_SEQUENCE
ASRT-MIZ-01076,CBBG-0001076,missouri,MIZ-HIST-01076,historical_media_guide,1962-1963,1963-01-29,Iowa State,iowa-state,Iowa State,66,78,L,0,away_candidate,unknown,,,,,,,REGULAR_SEASON,,29,Jan. 29 - - @ Iowa State L 66-78,opponent_resolved_site_pending,,MATCHED,BOOTSTRAP_SAME_SOURCE_SEQUENCE
ASRT-MIZ-01077,CBBG-0001077,missouri,MIZ-HIST-01077,historical_media_guide,1962-1963,1963-02-02,Oklahoma State,oklahoma-state,Oklahoma State,58,54,W,0,home_or_special_site_candidate,unknown,Brewer Fieldhouse,,,,,,REGULAR_SEASON,,29,Feb. 2 - - Oklahoma State W 58-54,opponent_resolved_site_pending,,MATCHED,BOOTSTRAP_SAME_SOURCE_SEQUENCE
ASRT-MIZ-01078,CBBG-0001078,missouri,MIZ-HIST-01078,historical_media_guide,1962-1963,1963-02-04,Kansas State,kansas-state,Kansas State,55,90,L,0,away_candidate,unknown,,,,,,,REGULAR_SEASON,,29,Feb. 4 - - @ Kansas State L 55-90,opponent_resolved_site_pending,,MATCHED,BOOTSTRAP_SAME_SOURCE_SEQUENCE
ASRT-MIZ-01079,CBBG-0001079,missouri,MIZ-HIST-01079,historical_media_guide,1962-1963,1963-02-09,Nebraska,nebraska,Nebraska,69,61,W,0,away_candidate,unknown,,,,,,,REGULAR_SEASON,,29,Feb. 9 - - @ Nebraska W 69-61,opponent_resolved_site_pending,,MATCHED,BOOTSTRAP_SAME_SOURCE_SEQUENCE
ASRT-MIZ-01080,CBBG-0001080,missouri,MIZ-HIST-01080,historical_media_guide,1962-1963,1963-02-16,Kansas State,kansas-state,Kansas State,55,67,L,0,home_or_special_site_candidate,unknown,Brewer Fieldhouse,,,,,,REGULAR_SEASON,,29,Feb. 16 - - Kansas State L 55-67,opponent_resolved_site_pending,,MATCHED,BOOTSTRAP_SAME_SOURCE_SEQUENCE
ASRT-MIZ-01081,CBBG-0001081,missouri,MIZ-HIST-01081,historical_media_guide,1962-1963,1963-02-18,Colorado,colorado,Colorado,60,58,W,0,home_or_special_site_candidate,unknown,Brewer Fieldhouse,,,,,,REGULAR_SEASON,,29,Feb. 18 - 7 Colorado W 60-58,opponent_resolved_site_pending,,MATCHED,BOOTSTRAP_SAME_SOURCE_SEQUENCE
ASRT-MIZ-01082,CBBG-0001082,missouri,MIZ-HIST-01082,historical_media_guide,1962-1963,1963-02-23,Oklahoma,oklahoma,Oklahoma,67,68,L,0,home_or_special_site_candidate,unknown,Brewer Fieldhouse,,,,,,REGULAR_SEASON,,29,Feb. 23 - - Oklahoma L 67-68,opponent_resolved_site_pending,,MATCHED,BOOTSTRAP_SAME_SOURCE_SEQUENCE
ASRT-MIZ-01083,CBBG-0001083,missouri,MIZ-HIST-01083,historical_media_guide,1962-1963,1963-03-01,Kansas,kansas,Kansas,68,72,L,0,away_candidate,unknown,,,,,,,REGULAR_SEASON,,29,Mar. 1 - - @ Kansas L 68-72,opponent_resolved_site_pending,,MATCHED,BOOTSTRAP_SAME_SOURCE_SEQUENCE
ASRT-MIZ-01084,CBBG-0001084,missouri,MIZ-HIST-01084,historical_media_guide,1962-1963,1963-03-06,Nebraska,nebraska,Nebraska,84,72,W,0,home_or_special_site_candidate,unknown,Brewer Fieldhouse,,,,,,REGULAR_SEASON,,29,Mar. 6 - - Nebraska W 84-72,opponent_resolved_site_pending,,MATCHED,BOOTSTRAP_SAME_SOURCE_SEQUENCE
ASRT-MIZ-01085,CBBG-0001085,missouri,MIZ-HIST-01085,historical_media_guide,1963-1964,,Air Force,air-force,Air Force,65,64,W,0,home_or_special_site_candidate,unknown,Brewer Fieldhouse,,,,,,REGULAR_SEASON,,29,Nov. 31 - - Air Force W 65-64,opponent_resolved_site_pending,,MATCHED,BOOTSTRAP_SAME_SOURCE_SEQUENCE
ASRT-MIZ-01086,CBBG-0001086,missouri,MIZ-HIST-01086,historical_media_guide,1963-1964,1963-12-02,Arkansas,arkansas,Arkansas,76,74,W,0,away_candidate,unknown,,,,,,,REGULAR_SEASON,,29,Dec. 2 - - @ Arkansas W 76-74,opponent_resolved_site_pending,,MATCHED,BOOTSTRAP_SAME_SOURCE_SEQUENCE
ASRT-MIZ-01087,CBBG-0001087,missouri,MIZ-HIST-01087,historical_media_guide,1963-1964,1963-12-07,Washington (Mo.),washington-university-of-st-louis,Washington University of St. Louis,89,63,W,0,home_or_special_site_candidate,unknown,Brewer Fieldhouse,,,,,,REGULAR_SEASON,,29,Dec. 7 - - Washington (Mo.) W 89-63,opponent_resolved_site_pending,,MATCHED,BOOTSTRAP_SAME_SOURCE_SEQUENCE
ASRT-MIZ-01088,CBBG-0001088,missouri,MIZ-HIST-01088,historical_media_guide,1963-1964,1963-12-13,Ohio State,ohio-state,Ohio State,85,74,W,0,away_candidate,unknown,,,,,,,REGULAR_SEASON,,29,Dec. 13 - 8 @ Ohio State W 85-74,opponent_resolved_site_pending,,MATCHED,BOOTSTRAP_SAME_SOURCE_SEQUENCE
ASRT-MIZ-01089,CBBG-0001089,missouri,MIZ-HIST-01089,historical_media_guide,1963-1964,1963-12-14,Indiana,indiana,Indiana,76,100,L,0,away_candidate,unknown,,,,,,,REGULAR_SEASON,,29,Dec. 14 - - @ Indiana L 76-100,opponent_resolved_site_pending,,MATCHED,BOOTSTRAP_SAME_SOURCE_SEQUENCE
ASRT-MIZ-01090,CBBG-0001090,missouri,MIZ-HIST-01090,historical_media_guide,1963-1964,1963-12-21,St. Louis,saint-louis,Saint Louis,65,72,L,0,away_candidate,unknown,,,,,,,REGULAR_SEASON,,29,Dec. 21 - - @ St. Louis L 65-72,opponent_resolved_site_pending,,MATCHED,BOOTSTRAP_SAME_SOURCE_SEQUENCE
ASRT-MIZ-01091,CBBG-0001091,missouri,MIZ-HIST-01091,historical_media_guide,1963-1964,1963-12-27,Oklahoma,oklahoma,Oklahoma,95,88,W,0,home_or_special_site_candidate,unknown,Municipal Auditorium,,,,"Big Eight Tournament, Kansas City",,REGULAR_SEASON,,29,Dec. 27 - - #Oklahoma W 95-88,opponent_resolved_site_pending,,MATCHED,BOOTSTRAP_SAME_SOURCE_SEQUENCE
ASRT-MIZ-01092,CBBG-0001092,missouri,MIZ-HIST-01092,historical_media_guide,1963-1964,1963-12-28,Kansas State,kansas-state,Kansas State,67,84,L,0,home_or_special_site_candidate,unknown,Municipal Auditorium,,,,"Big Eight Tournament, Kansas City",,REGULAR_SEASON,,29,Dec. 28 - - #Kansas State L 67-84,opponent_resolved_site_pending,,MATCHED,BOOTSTRAP_SAME_SOURCE_SEQUENCE
ASRT-MIZ-01093,CBBG-0001093,missouri,MIZ-HIST-01093,historical_media_guide,1963-1964,1963-12-30,Kansas,kansas,Kansas,63,61,W,0,home_or_special_site_candidate,unknown,Municipal Auditorium,,,,"Big Eight Tournament, Kansas City",,REGULAR_SEASON,,29,Dec. 30 - - #Kansas W 63-61,opponent_resolved_site_pending,,MATCHED,BOOTSTRAP_SAME_SOURCE_SEQUENCE
ASRT-MIZ-01094,CBBG-0001094,missouri,MIZ-HIST-01094,historical_media_guide,1963-1964,1964-01-06,Oklahoma,oklahoma,Oklahoma,84,74,W,0,home_or_special_site_candidate,unknown,Brewer Fieldhouse,,,,,,REGULAR_SEASON,,29,Jan. 6 - - Oklahoma W 84-74,opponent_resolved_site_pending,,MATCHED,BOOTSTRAP_SAME_SOURCE_SEQUENCE
ASRT-MIZ-01095,CBBG-0001095,missouri,MIZ-HIST-01095,historical_media_guide,1963-1964,1964-01-11,Nebraska,nebraska,Nebraska,69,74,L,0,away_candidate,unknown,,,,,,,REGULAR_SEASON,,29,Jan. 11 - - @ Nebraska (OT) L 69-74,opponent_resolved_site_pending,,MATCHED,BOOTSTRAP_SAME_SOURCE_SEQUENCE
ASRT-MIZ-01096,CBBG-0001096,missouri,MIZ-HIST-01096,historical_media_guide,1963-1964,1964-01-13,Colorado,colorado,Colorado,77,90,L,0,away_candidate,unknown,,,,,,,REGULAR_SEASON,,29,Jan. 13 - - @ Colorado L 77-90,opponent_resolved_site_pending,,MATCHED,BOOTSTRAP_SAME_SOURCE_SEQUENCE
ASRT-MIZ-01097,CBBG-0001097,missouri,MIZ-HIST-01097,historical_media_guide,1963-1964,1964-01-29,Tulsa,tulsa,Tulsa,79,94,L,0,away_candidate,unknown,,,,,,,REGULAR_SEASON,,29,Jan. 29 - - @ Tulsa L 79-94,opponent_resolved_site_pending,,MATCHED,BOOTSTRAP_SAME_SOURCE_SEQUENCE
ASRT-MIZ-01098,CBBG-0001098,missouri,MIZ-HIST-01098,historical_media_guide,1963-1964,1964-02-01,Nebraska,nebraska,Nebraska,78,60,W,0,home_or_special_site_candidate,unknown,Brewer Fieldhouse,,,,,,REGULAR_SEASON,,29,Feb. 1 - - Nebraska W 78-60,opponent_resolved_site_pending,,MATCHED,BOOTSTRAP_SAME_SOURCE_SEQUENCE
ASRT-MIZ-01099,CBBG-0001099,missouri,MIZ-HIST-01099,historical_media_guide,1963-1964,1964-02-04,Kansas,kansas,Kansas,59,58,W,0,away_candidate,unknown,,,,,,,REGULAR_SEASON,,29,Feb. 4 - - @ Kansas W 59-58,opponent_resolved_site_pending,,MATCHED,BOOTSTRAP_SAME_SOURCE_SEQUENCE
ASRT-MIZ-01100,CBBG-0001100,missouri,MIZ-HIST-01100,historical_media_guide,1963-1964,1964-02-08,Oklahoma State,oklahoma-state,Oklahoma State,61,80,L,0,home_or_special_site_candidate,unknown,Brewer Fieldhouse,,,,,,REGULAR_SEASON,,29,Feb. 8 - - Oklahoma State L 61-80,opponent_resolved_site_pending,,MATCHED,BOOTSTRAP_SAME_SOURCE_SEQUENCE
ASRT-MIZ-01101,CBBG-0001101,missouri,MIZ-HIST-01101,historical_media_guide,1963-1964,1964-02-10,Iowa State,iowa-state,Iowa State,79,83,L,0,away_candidate,unknown,,,,,,,REGULAR_SEASON,,29,Feb. 10 - - @ Iowa State L 79-83,opponent_resolved_site_pending,,MATCHED,BOOTSTRAP_SAME_SOURCE_SEQUENCE
ASRT-MIZ-01102,CBBG-0001102,missouri,MIZ-HIST-01102,historical_media_guide,1963-1964,1964-02-15,Kansas State,kansas-state,Kansas State,79,89,L,0,home_or_special_site_candidate,unknown,Brewer Fieldhouse,,,,,,REGULAR_SEASON,,29,Feb. 15 - - Kansas State (OT) L 79-89,opponent_resolved_site_pending,,MATCHED,BOOTSTRAP_SAME_SOURCE_SEQUENCE
ASRT-MIZ-01103,CBBG-0001103,missouri,MIZ-HIST-01103,historical_media_guide,1963-1964,1964-02-17,Kansas,kansas,Kansas,68,60,W,0,home_or_special_site_candidate,unknown,Brewer Fieldhouse,,,,,,REGULAR_SEASON,,29,Feb. 17 - - Kansas W 68-60,opponent_resolved_site_pending,,MATCHED,BOOTSTRAP_SAME_SOURCE_SEQUENCE
ASRT-MIZ-01104,CBBG-0001104,missouri,MIZ-HIST-01104,historical_media_guide,1963-1964,1964-02-21,Oklahoma,oklahoma,Oklahoma,84,86,L,0,away_candidate,unknown,,,,,,,REGULAR_SEASON,,29,Feb. 21 - - @ Oklahoma L 84-86,opponent_resolved_site_pending,,MATCHED,BOOTSTRAP_SAME_SOURCE_SEQUENCE
ASRT-MIZ-01105,CBBG-0001105,missouri,MIZ-HIST-01105,historical_media_guide,1963-1964,1964-02-22,Oklahoma State,oklahoma-state,Oklahoma State,70,63,W,0,away_candidate,unknown,,,,,,,REGULAR_SEASON,,29,Feb. 22 - - @ Oklahoma State W 70-63,opponent_resolved_site_pending,,MATCHED,BOOTSTRAP_SAME_SOURCE_SEQUENCE
ASRT-MIZ-01106,CBBG-0001106,missouri,MIZ-HIST-01106,historical_media_guide,1963-1964,1964-02-29,Colorado,colorado,Colorado,89,84,W,0,home_or_special_site_candidate,unknown,Brewer Fieldhouse,,,,,,REGULAR_SEASON,,29,Feb. 29 - - Colorado W 89-84,opponent_resolved_site_pending,,MATCHED,BOOTSTRAP_SAME_SOURCE_SEQUENCE
ASRT-MIZ-01107,CBBG-0001107,missouri,MIZ-HIST-01107,historical_media_guide,1963-1964,1964-03-03,Iowa State,iowa-state,Iowa State,74,60,W,0,home_or_special_site_candidate,unknown,Brewer Fieldhouse,,,,,,REGULAR_SEASON,,29,Mar. 3 - - Iowa State W 74-60,opponent_resolved_site_pending,,MATCHED,BOOTSTRAP_SAME_SOURCE_SEQUENCE
ASRT-MIZ-01108,CBBG-0001108,missouri,MIZ-HIST-01108,historical_media_guide,1963-1964,1964-03-07,Kansas State,kansas-state,Kansas State,68,88,L,0,away_candidate,unknown,,,,,,,REGULAR_SEASON,,29,Mar. 7 - - @ Kansas State L 68-88,opponent_resolved_site_pending,,MATCHED,BOOTSTRAP_SAME_SOURCE_SEQUENCE
ASRT-MIZ-01109,CBBG-0001109,missouri,MIZ-HIST-01109,historical_media_guide,1964-1965,1964-12-03,Washington (Mo.),washington-university-of-st-louis,Washington University of St. Louis,81,65,W,0,away_candidate,unknown,,,,,,,REGULAR_SEASON,,30,Dec. 3 - - @ Washington (Mo.) W 81-65,opponent_resolved_site_pending,,MATCHED,BOOTSTRAP_SAME_SOURCE_SEQUENCE
ASRT-MIZ-01110,CBBG-0001110,missouri,MIZ-HIST-01110,historical_media_guide,1964-1965,1964-12-05,Arkansas,arkansas,Arkansas,81,71,W,0,home_or_special_site_candidate,unknown,Brewer Fieldhouse,,,,,,REGULAR_SEASON,,30,Dec. 5 - - Arkansas W 81-71,opponent_resolved_site_pending,,MATCHED,BOOTSTRAP_SAME_SOURCE_SEQUENCE
ASRT-MIZ-01111,CBBG-0001111,missouri,MIZ-HIST-01111,historical_media_guide,1964-1965,1964-12-07,Michigan,michigan,Michigan,61,91,L,0,away_candidate,unknown,,,,,,,REGULAR_SEASON,,30,Dec. 7 - 1 @ Michigan L 61-91,opponent_resolved_site_pending,,MATCHED,BOOTSTRAP_SAME_SOURCE_SEQUENCE
ASRT-MIZ-01112,CBBG-0001112,missouri,MIZ-HIST-01112,historical_media_guide,1964-1965,1964-12-09,Air Force,air-force,Air Force,76,82,L,0,away_candidate,unknown,,,,,,,REGULAR_SEASON,,30,Dec. 9 - - @ Air Force L 76-82,opponent_resolved_site_pending,,MATCHED,BOOTSTRAP_SAME_SOURCE_SEQUENCE
ASRT-MIZ-01113,CBBG-0001113,missouri,MIZ-HIST-01113,historical_media_guide,1964-1965,1964-12-12,St. Louis,saint-louis,Saint Louis,62,56,W,0,home_or_special_site_candidate,unknown,Brewer Fieldhouse,,,,,,REGULAR_SEASON,,30,Dec. 12 - 4 St. Louis W 62-56,opponent_resolved_site_pending,,MATCHED,BOOTSTRAP_SAME_SOURCE_SEQUENCE
ASRT-MIZ-01114,CBBG-0001114,missouri,MIZ-HIST-01114,historical_media_guide,1964-1965,1964-12-22,Rice,rice,Rice,81,72,W,0,away_candidate,unknown,,,,,,,REGULAR_SEASON,,30,Dec. 22 - - @ Rice W 81-72,opponent_resolved_site_pending,,MATCHED,BOOTSTRAP_SAME_SOURCE_SEQUENCE
ASRT-MIZ-01115,CBBG-0001115,missouri,MIZ-HIST-01115,historical_media_guide,1964-1965,1964-12-23,SMU,smu,SMU,73,78,L,0,away_candidate,unknown,,,,,,,REGULAR_SEASON,,30,Dec. 23 - - @ SMU L 73-78,opponent_resolved_site_pending,,MATCHED,BOOTSTRAP_SAME_SOURCE_SEQUENCE
ASRT-MIZ-01116,CBBG-0001116,missouri,MIZ-HIST-01116,historical_media_guide,1964-1965,1964-12-27,Oklahoma State,oklahoma-state,Oklahoma State,53,48,W,0,home_or_special_site_candidate,unknown,Municipal Auditorium,,,,"Big Eight Tournament, Kansas City",,REGULAR_SEASON,,30,Dec. 27 - - #Oklahoma State W 53-48,opponent_resolved_site_pending,,MATCHED,BOOTSTRAP_SAME_SOURCE_SEQUENCE
ASRT-MIZ-01117,CBBG-0001117,missouri,MIZ-HIST-01117,historical_media_guide,1964-1965,1964-12-29,Colorado,colorado,Colorado,61,65,L,0,home_or_special_site_candidate,unknown,Municipal Auditorium,,,,"Big Eight Tournament, Kansas City",,REGULAR_SEASON,,30,Dec. 29 - - #Colorado L 61-65,opponent_resolved_site_pending,,MATCHED,BOOTSTRAP_SAME_SOURCE_SEQUENCE
ASRT-MIZ-01118,CBBG-0001118,missouri,MIZ-HIST-01118,historical_media_guide,1964-1965,1964-12-30,Kansas State,kansas-state,Kansas State,62,90,L,0,home_or_special_site_candidate,unknown,Municipal Auditorium,,,,"Big Eight Tournament, Kansas City",,REGULAR_SEASON,,30,Dec. 30 - - #Kansas State L 62-90,opponent_resolved_site_pending,,MATCHED,BOOTSTRAP_SAME_SOURCE_SEQUENCE
ASRT-MIZ-01119,CBBG-0001119,missouri,MIZ-HIST-01119,historical_media_guide,1964-1965,1965-01-04,Colorado,colorado,Colorado,63,58,W,0,home_or_special_site_candidate,unknown,Brewer Fieldhouse,,,,,,REGULAR_SEASON,,30,Jan. 4 - - Colorado W 63-58,opponent_resolved_site_pending,,MATCHED,BOOTSTRAP_SAME_SOURCE_SEQUENCE
ASRT-MIZ-01120,CBBG-0001120,missouri,MIZ-HIST-01120,historical_media_guide,1964-1965,1965-01-09,Kansas,kansas,Kansas,66,73,L,0,away_candidate,unknown,,,,,,,REGULAR_SEASON,,30,Jan. 9 - - @ Kansas L 66-73,opponent_resolved_site_pending,,MATCHED,BOOTSTRAP_SAME_SOURCE_SEQUENCE
ASRT-MIZ-01121,CBBG-0001121,missouri,MIZ-HIST-01121,historical_media_guide,1964-1965,1965-01-16,Kansas State,kansas-state,Kansas State,80,68,W,0,home_or_special_site_candidate,unknown,Brewer Fieldhouse,,,,,,REGULAR_SEASON,,30,Jan. 16 - - Kansas State W 80-68,opponent_resolved_site_pending,,MATCHED,BOOTSTRAP_SAME_SOURCE_SEQUENCE
ASRT-MIZ-01122,CBBG-0001122,missouri,MIZ-HIST-01122,historical_media_guide,1964-1965,1965-01-30,Oklahoma State,oklahoma-state,Oklahoma State,55,63,L,0,away_candidate,unknown,,,,,,,REGULAR_SEASON,,30,Jan. 30 - - @ Oklahoma State L 55-63,opponent_resolved_site_pending,,MATCHED,BOOTSTRAP_SAME_SOURCE_SEQUENCE
ASRT-MIZ-01123,CBBG-0001123,missouri,MIZ-HIST-01123,historical_media_guide,1964-1965,1965-02-01,Oklahoma,oklahoma,Oklahoma,74,87,L,0,away_candidate,unknown,,,,,,,REGULAR_SEASON,,30,Feb. 1 - - @ Oklahoma L 74-87,opponent_resolved_site_pending,,MATCHED,BOOTSTRAP_SAME_SOURCE_SEQUENCE
ASRT-MIZ-01124,CBBG-0001124,missouri,MIZ-HIST-01124,historical_media_guide,1964-1965,1965-02-06,Oklahoma State,oklahoma-state,Oklahoma State,49,42,W,0,home_or_special_site_candidate,unknown,Brewer Fieldhouse,,,,,,REGULAR_SEASON,,30,Feb. 6 - - Oklahoma State W 49-42,opponent_resolved_site_pending,,MATCHED,BOOTSTRAP_SAME_SOURCE_SEQUENCE
ASRT-MIZ-01125,CBBG-0001125,missouri,MIZ-HIST-01125,historical_media_guide,1964-1965,1965-02-08,Kansas,kansas,Kansas,60,71,L,0,home_or_special_site_candidate,unknown,Brewer Fieldhouse,,,,,,REGULAR_SEASON,,30,Feb. 8 - - Kansas L 60-71,opponent_resolved_site_pending,,MATCHED,BOOTSTRAP_SAME_SOURCE_SEQUENCE
ASRT-MIZ-01126,CBBG-0001126,missouri,MIZ-HIST-01126,historical_media_guide,1964-1965,1965-02-13,Iowa State,iowa-state,Iowa State,81,89,L,0,home_or_special_site_candidate,unknown,Brewer Fieldhouse,,,,,,REGULAR_SEASON,,30,Feb. 13 - - Iowa State L 81-89,opponent_resolved_site_pending,,MATCHED,BOOTSTRAP_SAME_SOURCE_SEQUENCE
ASRT-MIZ-01127,CBBG-0001127,missouri,MIZ-HIST-01127,historical_media_guide,1964-1965,1965-02-15,Nebraska,nebraska,Nebraska,92,74,W,0,away_candidate,unknown,,,,,,,REGULAR_SEASON,,30,Feb. 15 - - @ Nebraska W 92-74,opponent_resolved_site_pending,,MATCHED,BOOTSTRAP_SAME_SOURCE_SEQUENCE
ASRT-MIZ-01128,CBBG-0001128,missouri,MIZ-HIST-01128,historical_media_guide,1964-1965,1965-02-20,Oklahoma,oklahoma,Oklahoma,89,82,W,0,home_or_special_site_candidate,unknown,Brewer Fieldhouse,,,,,,REGULAR_SEASON,,30,Feb. 20 - - Oklahoma W 89-82,opponent_resolved_site_pending,,MATCHED,BOOTSTRAP_SAME_SOURCE_SEQUENCE
ASRT-MIZ-01129,CBBG-0001129,missouri,MIZ-HIST-01129,historical_media_guide,1964-1965,1965-02-22,Colorado,colorado,Colorado,80,75,W,0,away_candidate,unknown,,,,,,,REGULAR_SEASON,,30,Feb. 22 - - @ Colorado W 80-75,opponent_resolved_site_pending,,MATCHED,BOOTSTRAP_SAME_SOURCE_SEQUENCE
ASRT-MIZ-01130,CBBG-0001130,missouri,MIZ-HIST-01130,historical_media_guide,1964-1965,1965-03-02,Nebraska,nebraska,Nebraska,84,66,W,0,home_or_special_site_candidate,unknown,Brewer Fieldhouse,,,,,,REGULAR_SEASON,,30,Mar. 2 - - Nebraska W 84-66,opponent_resolved_site_pending,,MATCHED,BOOTSTRAP_SAME_SOURCE_SEQUENCE
ASRT-MIZ-01131,CBBG-0001131,missouri,MIZ-HIST-01131,historical_media_guide,1964-1965,1965-03-06,Kansas State,kansas-state,Kansas State,67,58,W,0,away_candidate,unknown,,,,,,,REGULAR_SEASON,,30,Mar. 6 - - @ Kansas State W 67-58,opponent_resolved_site_pending,,MATCHED,BOOTSTRAP_SAME_SOURCE_SEQUENCE
ASRT-MIZ-01132,CBBG-0001132,missouri,MIZ-HIST-01132,historical_media_guide,1964-1965,1965-03-08,Iowa State,iowa-state,Iowa State,65,78,L,0,away_candidate,unknown,,,,,,,REGULAR_SEASON,,30,Mar. 8 - - @ Iowa State L 65-78,opponent_resolved_site_pending,,MATCHED,BOOTSTRAP_SAME_SOURCE_SEQUENCE
ASRT-MIZ-01133,CBBG-0001133,missouri,MIZ-HIST-01133,historical_media_guide,1965-1966,1965-12-01,Ohio State,ohio-state,Ohio State,74,76,L,0,home_or_special_site_candidate,unknown,Brewer Fieldhouse,,,,,,REGULAR_SEASON,,30,Dec. 1 - - Ohio State L 74-76,opponent_resolved_site_pending,,MATCHED,BOOTSTRAP_SAME_SOURCE_SEQUENCE
ASRT-MIZ-01134,CBBG-0001134,missouri,MIZ-HIST-01134,historical_media_guide,1965-1966,1965-12-04,Arkansas,arkansas,Arkansas,62,75,L,0,away_candidate,unknown,,,,,,,REGULAR_SEASON,,30,Dec. 4 - - @ Arkansas L 62-75,opponent_resolved_site_pending,,MATCHED,BOOTSTRAP_SAME_SOURCE_SEQUENCE
ASRT-MIZ-01135,CBBG-0001135,missouri,MIZ-HIST-01135,historical_media_guide,1965-1966,1965-12-11,St. Louis,saint-louis,Saint Louis,55,81,L,0,away_candidate,unknown,,,,,,,REGULAR_SEASON,,30,Dec. 11 - - @ St. Louis L 55-81,opponent_resolved_site_pending,,MATCHED,BOOTSTRAP_SAME_SOURCE_SEQUENCE
ASRT-MIZ-01136,CBBG-0001136,missouri,MIZ-HIST-01136,historical_media_guide,1965-1966,1965-12-13,Rice,rice,Rice,96,87,W,0,home_or_special_site_candidate,unknown,Brewer Fieldhouse,,,,,,REGULAR_SEASON,,30,Dec. 13 - - Rice W 96-87,opponent_resolved_site_pending,,MATCHED,BOOTSTRAP_SAME_SOURCE_SEQUENCE
ASRT-MIZ-01137,CBBG-0001137,missouri,MIZ-HIST-01137,historical_media_guide,1965-1966,1965-12-15,Loyola (Ill.),loyola-chicago,Loyola Chicago,85,108,L,0,home_or_special_site_candidate,unknown,Brewer Fieldhouse,,,,,,REGULAR_SEASON,,30,Dec. 15 - - Loyola (Ill.) L 85-108,opponent_resolved_site_pending,,MATCHED,BOOTSTRAP_SAME_SOURCE_SEQUENCE
ASRT-MIZ-01138,CBBG-0001138,missouri,MIZ-HIST-01138,historical_media_guide,1965-1966,1965-12-20,Northwestern,northwestern,Northwestern,60,67,L,0,home_or_special_site_candidate,unknown,,,,,Memphis Classic,,REGULAR_SEASON,,30,Dec. 20 - - #Northwestern L 60-67,opponent_resolved_site_pending,,MATCHED,BOOTSTRAP_SAME_SOURCE_SEQUENCE
ASRT-MIZ-01139,CBBG-0001139,missouri,MIZ-HIST-01139,historical_media_guide,1965-1966,1965-12-21,Memphis State,memphis,Memphis,72,85,L,0,home_or_special_site_candidate,unknown,,,,,Memphis Classic,,REGULAR_SEASON,,30,Dec. 21 - - #Memphis State L 72-85,opponent_resolved_site_pending,,MATCHED,BOOTSTRAP_SAME_SOURCE_SEQUENCE
ASRT-MIZ-01140,CBBG-0001140,missouri,MIZ-HIST-01140,historical_media_guide,1965-1966,1965-12-27,Nebraska,nebraska,Nebraska,67,69,L,0,home_or_special_site_candidate,unknown,Municipal Auditorium,,,,"Big Eight Tournament, Kansas City",,REGULAR_SEASON,,30,Dec. 27 - - *Nebraska (OT) L 67-69,opponent_resolved_site_pending,,MATCHED,BOOTSTRAP_SAME_SOURCE_SEQUENCE
ASRT-MIZ-01141,CBBG-0001141,missouri,MIZ-HIST-01141,historical_media_guide,1965-1966,1965-12-29,Oklahoma St.,oklahoma-state,Oklahoma State,65,63,W,0,home_or_special_site_candidate,unknown,Municipal Auditorium,,,,"Big Eight Tournament, Kansas City",,REGULAR_SEASON,,30,Dec. 29 - - *Oklahoma St.(OT) W 65-63,opponent_resolved_site_pending,,MATCHED,BOOTSTRAP_SAME_SOURCE_SEQUENCE
ASRT-MIZ-01142,CBBG-0001142,missouri,MIZ-HIST-01142,historical_media_guide,1965-1966,1965-12-30,Kansas State,kansas-state,Kansas State,70,90,L,0,home_or_special_site_candidate,unknown,Municipal Auditorium,,,,"Big Eight Tournament, Kansas City",,REGULAR_SEASON,,30,Dec. 30 - - *Kansas State L 70-90,opponent_resolved_site_pending,,MATCHED,BOOTSTRAP_SAME_SOURCE_SEQUENCE
ASRT-MIZ-01143,CBBG-0001143,missouri,MIZ-HIST-01143,historical_media_guide,1965-1966,1966-01-03,Kansas State,kansas-state,Kansas State,59,78,L,0,home_or_special_site_candidate,unknown,Brewer Fieldhouse,,,,,,REGULAR_SEASON,,30,Jan. 3 - - Kansas State L 59-78,opponent_resolved_site_pending,,MATCHED,BOOTSTRAP_SAME_SOURCE_SEQUENCE
ASRT-MIZ-01144,CBBG-0001144,missouri,MIZ-HIST-01144,historical_media_guide,1965-1966,1966-01-08,Nebraska,nebraska,Nebraska,60,82,L,0,away_candidate,unknown,,,,,,,REGULAR_SEASON,,30,Jan. 8 - - @ Nebraska L 60-82,opponent_resolved_site_pending,,MATCHED,BOOTSTRAP_SAME_SOURCE_SEQUENCE
ASRT-MIZ-01145,CBBG-0001145,missouri,MIZ-HIST-01145,historical_media_guide,1965-1966,1966-01-10,Iowa State,iowa-state,Iowa State,70,85,L,0,away_candidate,unknown,,,,,,,REGULAR_SEASON,,30,Jan. 10 - - @ Iowa State L 70-85,opponent_resolved_site_pending,,MATCHED,BOOTSTRAP_SAME_SOURCE_SEQUENCE
ASRT-MIZ-01146,CBBG-0001146,missouri,MIZ-HIST-01146,historical_media_guide,1965-1966,1966-01-29,Oklahoma,oklahoma,Oklahoma,70,88,L,0,away_candidate,unknown,,,,,,,REGULAR_SEASON,,30,Jan. 29 - - @ Oklahoma L 70-88,opponent_resolved_site_pending,,MATCHED,BOOTSTRAP_SAME_SOURCE_SEQUENCE
ASRT-MIZ-01147,CBBG-0001147,missouri,MIZ-HIST-01147,historical_media_guide,1965-1966,1966-01-31,Oklahoma State,oklahoma-state,Oklahoma State,50,67,L,0,away_candidate,unknown,,,,,,,REGULAR_SEASON,,30,Jan. 31 - - @ Oklahoma State L 50-67,opponent_resolved_site_pending,,MATCHED,BOOTSTRAP_SAME_SOURCE_SEQUENCE
ASRT-MIZ-01148,CBBG-0001148,missouri,MIZ-HIST-01148,historical_media_guide,1965-1966,1966-02-05,Kansas,kansas,Kansas,54,77,L,0,home_or_special_site_candidate,unknown,Brewer Fieldhouse,,,,,,REGULAR_SEASON,,30,Feb. 5 - 7 Kansas L 54-77,opponent_resolved_site_pending,,MATCHED,BOOTSTRAP_SAME_SOURCE_SEQUENCE
ASRT-MIZ-01149,CBBG-0001149,missouri,MIZ-HIST-01149,historical_media_guide,1965-1966,1966-02-07,Colorado,colorado,Colorado,60,65,L,0,home_or_special_site_candidate,unknown,Brewer Fieldhouse,,,,,,REGULAR_SEASON,,30,Feb. 7 - - Colorado L 60-65,opponent_resolved_site_pending,,MATCHED,BOOTSTRAP_SAME_SOURCE_SEQUENCE
ASRT-MIZ-01150,CBBG-0001150,missouri,MIZ-HIST-01150,historical_media_guide,1965-1966,1966-02-12,Oklahoma,oklahoma,Oklahoma,89,103,L,0,home_or_special_site_candidate,unknown,Brewer Fieldhouse,,,,,,REGULAR_SEASON,,30,Feb. 12 - - Oklahoma L 89-103,opponent_resolved_site_pending,,MATCHED,BOOTSTRAP_SAME_SOURCE_SEQUENCE
ASRT-MIZ-01151,CBBG-0001151,missouri,MIZ-HIST-01151,historical_media_guide,1965-1966,1966-02-15,Kansas,kansas,Kansas,54,98,L,0,away_candidate,unknown,,,,,,,REGULAR_SEASON,,30,Feb. 15 - 7 @ Kansas L 54-98,opponent_resolved_site_pending,,MATCHED,BOOTSTRAP_SAME_SOURCE_SEQUENCE
ASRT-MIZ-01152,CBBG-0001152,missouri,MIZ-HIST-01152,historical_media_guide,1965-1966,1966-02-19,Nebraska,nebraska,Nebraska,53,71,L,0,home_or_special_site_candidate,unknown,Brewer Fieldhouse,,,,,,REGULAR_SEASON,,30,Feb. 19 - 9 Nebraska L 53-71,opponent_resolved_site_pending,,MATCHED,BOOTSTRAP_SAME_SOURCE_SEQUENCE
ASRT-MIZ-01153,CBBG-0001153,missouri,MIZ-HIST-01153,historical_media_guide,1965-1966,1966-02-21,Kansas State,kansas-state,Kansas State,61,85,L,0,away_candidate,unknown,,,,,,,REGULAR_SEASON,,30,Feb. 21 - - @ Kansas State L 61-85,opponent_resolved_site_pending,,MATCHED,BOOTSTRAP_SAME_SOURCE_SEQUENCE
ASRT-MIZ-01154,CBBG-0001154,missouri,MIZ-HIST-01154,historical_media_guide,1965-1966,1966-02-26,Colorado,colorado,Colorado,64,63,W,0,away_candidate,unknown,,,,,,,REGULAR_SEASON,,30,Feb. 26 - - @ Colorado W 64-63,opponent_resolved_site_pending,,MATCHED,BOOTSTRAP_SAME_SOURCE_SEQUENCE
ASRT-MIZ-01155,CBBG-0001155,missouri,MIZ-HIST-01155,historical_media_guide,1965-1966,1966-02-28,Oklahoma State,oklahoma-state,Oklahoma State,51,68,L,0,home_or_special_site_candidate,unknown,Brewer Fieldhouse,,,,,,REGULAR_SEASON,,30,Feb. 28 - - Oklahoma State L 51-68,opponent_resolved_site_pending,,MATCHED,BOOTSTRAP_SAME_SOURCE_SEQUENCE
ASRT-MIZ-01156,CBBG-0001156,missouri,MIZ-HIST-01156,historical_media_guide,1965-1966,1966-03-03,Iowa State,iowa-state,Iowa State,73,79,L,0,home_or_special_site_candidate,unknown,Brewer Fieldhouse,,,,,,REGULAR_SEASON,,30,Mar. 3 - - Iowa State L 73-79,opponent_resolved_site_pending,,MATCHED,BOOTSTRAP_SAME_SOURCE_SEQUENCE
ASRT-MIZ-01157,CBBG-0001157,missouri,MIZ-HIST-01157,historical_media_guide,1966-1967,1966-12-03,Arkansas,arkansas,Arkansas,73,66,W,0,home_or_special_site_candidate,unknown,Brewer Fieldhouse,,,,,,REGULAR_SEASON,,30,Dec. 3 - - Arkansas W 73-66,opponent_resolved_site_pending,,MATCHED,BOOTSTRAP_SAME_SOURCE_SEQUENCE
ASRT-MIZ-01158,CBBG-0001158,missouri,MIZ-HIST-01158,historical_media_guide,1966-1967,1966-12-05,Indiana,indiana,Indiana,65,77,L,0,away_candidate,unknown,,,,,,,REGULAR_SEASON,,30,Dec. 5 - - @ Indiana L 65-77,opponent_resolved_site_pending,,MATCHED,BOOTSTRAP_SAME_SOURCE_SEQUENCE
ASRT-MIZ-01159,CBBG-0001159,missouri,MIZ-HIST-01159,historical_media_guide,1966-1967,1966-12-10,St. Louis,saint-louis,Saint Louis,71,73,L,0,home_or_special_site_candidate,unknown,Brewer Fieldhouse,,,,,,REGULAR_SEASON,,30,Dec. 10 - - St. Louis (OT) L 71-73,opponent_resolved_site_pending,,MATCHED,BOOTSTRAP_SAME_SOURCE_SEQUENCE
ASRT-MIZ-01160,CBBG-0001160,missouri,MIZ-HIST-01160,historical_media_guide,1966-1967,1966-12-12,Detroit,detroit-mercy,Detroit Mercy,94,82,W,0,home_or_special_site_candidate,unknown,Brewer Fieldhouse,,,,,,REGULAR_SEASON,,30,Dec. 12 - - Detroit W 94-82,opponent_resolved_site_pending,,MATCHED,BOOTSTRAP_SAME_SOURCE_SEQUENCE
ASRT-MIZ-01161,CBBG-0001161,missouri,MIZ-HIST-01161,historical_media_guide,1966-1967,1966-12-15,Rutgers,rutgers,Rutgers,73,83,L,0,away_candidate,unknown,,,,,,,REGULAR_SEASON,,30,Dec. 15 - - @ Rutgers (OT) L 73-83,opponent_resolved_site_pending,,MATCHED,BOOTSTRAP_SAME_SOURCE_SEQUENCE
ASRT-MIZ-01162,CBBG-0001162,missouri,MIZ-HIST-01162,historical_media_guide,1966-1967,1966-12-19,Seattle,seattle-u,Seattle U,66,84,L,0,away_candidate,unknown,,,,,,,REGULAR_SEASON,,30,Dec. 19 - - @ Seattle L 66-84,opponent_resolved_site_pending,,MATCHED,BOOTSTRAP_SAME_SOURCE_SEQUENCE
ASRT-MIZ-01163,CBBG-0001163,missouri,MIZ-HIST-01163,historical_media_guide,1966-1967,1966-12-21,Santa Clara,santa-clara,Santa Clara,91,99,L,0,away_candidate,unknown,,,,,,,REGULAR_SEASON,,30,Dec. 21 - - @ Santa Clara (2OT) L 91-99,opponent_resolved_site_pending,,MATCHED,BOOTSTRAP_SAME_SOURCE_SEQUENCE
ASRT-MIZ-01164,CBBG-0001164,missouri,MIZ-HIST-01164,historical_media_guide,1966-1967,1966-12-23,Pacific,pacific,Pacific,68,84,L,0,away_candidate,unknown,,,,,,,REGULAR_SEASON,,30,Dec. 23 - - @ Pacific L 68-84,opponent_resolved_site_pending,,MATCHED,BOOTSTRAP_SAME_SOURCE_SEQUENCE
ASRT-MIZ-01165,CBBG-0001165,missouri,MIZ-HIST-01165,historical_media_guide,1966-1967,1966-12-28,Oklahoma,oklahoma,Oklahoma,67,76,L,0,home_or_special_site_candidate,unknown,Municipal Auditorium,,,,"Big Eight Tournament, Kansas City",,REGULAR_SEASON,,30,Dec. 28 - - #Oklahoma L 67-76,opponent_resolved_site_pending,,MATCHED,BOOTSTRAP_SAME_SOURCE_SEQUENCE
ASRT-MIZ-01166,CBBG-0001166,missouri,MIZ-HIST-01166,historical_media_guide,1966-1967,1966-12-29,Colorado,colorado,Colorado,57,92,L,0,home_or_special_site_candidate,unknown,Municipal Auditorium,,,,"Big Eight Tournament, Kansas City",,REGULAR_SEASON,,30,Dec. 29 - - #Colorado L 57-92,opponent_resolved_site_pending,,MATCHED,BOOTSTRAP_SAME_SOURCE_SEQUENCE
ASRT-MIZ-01167,CBBG-0001167,missouri,MIZ-HIST-01167,historical_media_guide,1966-1967,1966-12-30,Oklahoma State,oklahoma-state,Oklahoma State,74,77,L,0,home_or_special_site_candidate,unknown,Municipal Auditorium,,,,"Big Eight Tournament, Kansas City",,REGULAR_SEASON,,30,Dec. 30 - - #Oklahoma State L 74-77,opponent_resolved_site_pending,,MATCHED,BOOTSTRAP_SAME_SOURCE_SEQUENCE
ASRT-MIZ-01168,CBBG-0001168,missouri,MIZ-HIST-01168,historical_media_guide,1966-1967,1967-01-07,Iowa State,iowa-state,Iowa State,61,67,L,0,home_or_special_site_candidate,unknown,Brewer Fieldhouse,,,,,,REGULAR_SEASON,,30,Jan. 7 - - Iowa State L 61-67,opponent_resolved_site_pending,,MATCHED,BOOTSTRAP_SAME_SOURCE_SEQUENCE
ASRT-MIZ-01169,CBBG-0001169,missouri,MIZ-HIST-01169,historical_media_guide,1966-1967,1967-01-10,Kansas State,kansas-state,Kansas State,65,75,L,0,away_candidate,unknown,,,,,,,REGULAR_SEASON,,30,Jan. 10 - - @ Kansas State L 65-75,opponent_resolved_site_pending,,MATCHED,BOOTSTRAP_SAME_SOURCE_SEQUENCE
ASRT-MIZ-01170,CBBG-0001170,missouri,MIZ-HIST-01170,historical_media_guide,1966-1967,1967-01-14,Kansas,kansas,Kansas,60,70,L,0,home_or_special_site_candidate,unknown,Brewer Fieldhouse,,,,,,REGULAR_SEASON,,30,Jan. 14 - 8 Kansas L 60-70,opponent_resolved_site_pending,,MATCHED,BOOTSTRAP_SAME_SOURCE_SEQUENCE
ASRT-MIZ-01171,CBBG-0001171,missouri,MIZ-HIST-01171,historical_media_guide,1966-1967,1967-01-28,Nebraska,nebraska,Nebraska,82,99,L,0,away_candidate,unknown,,,,,,,REGULAR_SEASON,,30,Jan. 28 - - @ Nebraska L 82-99,opponent_resolved_site_pending,,MATCHED,BOOTSTRAP_SAME_SOURCE_SEQUENCE
ASRT-MIZ-01172,CBBG-0001172,missouri,MIZ-HIST-01172,historical_media_guide,1966-1967,1967-01-31,Iowa State,iowa-state,Iowa State,58,72,L,0,away_candidate,unknown,,,,,,,REGULAR_SEASON,,30,Jan. 31 - - @ Iowa State L 58-72,opponent_resolved_site_pending,,MATCHED,BOOTSTRAP_SAME_SOURCE_SEQUENCE
ASRT-MIZ-01173,CBBG-0001173,missouri,MIZ-HIST-01173,historical_media_guide,1966-1967,1967-02-04,Oklahoma State,oklahoma-state,Oklahoma State,60,56,W,0,home_or_special_site_candidate,unknown,Brewer Fieldhouse,,,,,,REGULAR_SEASON,,30,Feb. 4 - - Oklahoma State W 60-56,opponent_resolved_site_pending,,MATCHED,BOOTSTRAP_SAME_SOURCE_SEQUENCE
ASRT-MIZ-01174,CBBG-0001174,missouri,MIZ-HIST-01174,historical_media_guide,1966-1967,1967-02-07,Oklahoma,oklahoma,Oklahoma,65,75,L,0,home_or_special_site_candidate,unknown,Brewer Fieldhouse,,,,,,REGULAR_SEASON,,30,Feb. 7 - - Oklahoma L 65-75,opponent_resolved_site_pending,,MATCHED,BOOTSTRAP_SAME_SOURCE_SEQUENCE
ASRT-MIZ-01175,CBBG-0001175,missouri,MIZ-HIST-01175,historical_media_guide,1966-1967,1967-02-11,Colorado,colorado,Colorado,75,79,L,0,away_candidate,unknown,,,,,,,REGULAR_SEASON,,30,Feb. 11 - - @ Colorado (OT) L 75-79,opponent_resolved_site_pending,,MATCHED,BOOTSTRAP_SAME_SOURCE_SEQUENCE
ASRT-MIZ-01176,CBBG-0001176,missouri,MIZ-HIST-01176,historical_media_guide,1966-1967,1967-02-14,Kansas State,kansas-state,Kansas State,67,82,L,0,home_or_special_site_candidate,unknown,Brewer Fieldhouse,,,,,,REGULAR_SEASON,,30,Feb. 14 - - Kansas State L 67-82,opponent_resolved_site_pending,,MATCHED,BOOTSTRAP_SAME_SOURCE_SEQUENCE
ASRT-MIZ-01177,CBBG-0001177,missouri,MIZ-HIST-01177,historical_media_guide,1966-1967,1967-02-18,Oklahoma State,oklahoma-state,Oklahoma State,55,61,L,0,away_candidate,unknown,,,,,,,REGULAR_SEASON,,30,Feb. 18 - - @ Oklahoma State L 55-61,opponent_resolved_site_pending,,MATCHED,BOOTSTRAP_SAME_SOURCE_SEQUENCE
ASRT-MIZ-01178,CBBG-0001178,missouri,MIZ-HIST-01178,historical_media_guide,1966-1967,1967-02-25,Kansas,kansas,Kansas,55,90,L,0,away_candidate,unknown,,,,,,,REGULAR_SEASON,,30,Feb. 25 - 4 @ Kansas L 55-90,opponent_resolved_site_pending,,MATCHED,BOOTSTRAP_SAME_SOURCE_SEQUENCE
ASRT-MIZ-01179,CBBG-0001179,missouri,MIZ-HIST-01179,historical_media_guide,1966-1967,1967-02-28,Nebraska,nebraska,Nebraska,73,80,L,0,home_or_special_site_candidate,unknown,Brewer Fieldhouse,,,,,,REGULAR_SEASON,,30,Feb. 28 - - Nebraska L 73-80,opponent_resolved_site_pending,,MATCHED,BOOTSTRAP_SAME_SOURCE_SEQUENCE
ASRT-MIZ-01180,CBBG-0001180,missouri,MIZ-HIST-01180,historical_media_guide,1966-1967,1967-03-04,Colorado,colorado,Colorado,59,66,L,0,home_or_special_site_candidate,unknown,Brewer Fieldhouse,,,,,,REGULAR_SEASON,,30,Mar. 4 - - Colorado L 59-66,opponent_resolved_site_pending,,MATCHED,BOOTSTRAP_SAME_SOURCE_SEQUENCE
ASRT-MIZ-01181,CBBG-0001181,missouri,MIZ-HIST-01181,historical_media_guide,1966-1967,1967-03-06,Oklahoma,oklahoma,Oklahoma,75,90,L,0,away_candidate,unknown,,,,,,,REGULAR_SEASON,,30,Mar. 6 - - @ Oklahoma L 75-90,opponent_resolved_site_pending,,MATCHED,BOOTSTRAP_SAME_SOURCE_SEQUENCE
ASRT-MIZ-01182,CBBG-0001182,missouri,MIZ-HIST-01182,historical_media_guide,1967-1968,1967-12-02,Arkansas,arkansas,Arkansas,74,58,W,0,away_candidate,unknown,,,,,,,REGULAR_SEASON,,30,Dec. 2 - - @ Arkansas W 74-58,opponent_resolved_site_pending,,MATCHED,BOOTSTRAP_SAME_SOURCE_SEQUENCE
ASRT-MIZ-01183,CBBG-0001183,missouri,MIZ-HIST-01183,historical_media_guide,1967-1968,1967-12-04,Indiana,indiana,Indiana,69,78,L,0,home_or_special_site_candidate,unknown,Brewer Fieldhouse,,,,,,REGULAR_SEASON,,30,Dec. 4 - - Indiana L 69-78,opponent_resolved_site_pending,,MATCHED,BOOTSTRAP_SAME_SOURCE_SEQUENCE
ASRT-MIZ-01184,CBBG-0001184,missouri,MIZ-HIST-01184,historical_media_guide,1967-1968,1967-12-09,Hardin-Simmons,hardin-simmons,Hardin-Simmons,75,57,W,0,home_or_special_site_candidate,unknown,Brewer Fieldhouse,,,,,,REGULAR_SEASON,,30,Dec. 9 - - Hardin-Simmons W 75-57,opponent_resolved_site_pending,,MATCHED,BOOTSTRAP_SAME_SOURCE_SEQUENCE
ASRT-MIZ-01185,CBBG-0001185,missouri,MIZ-HIST-01185,historical_media_guide,1967-1968,1967-12-13,St. Louis,saint-louis,Saint Louis,66,77,L,0,home_or_special_site_candidate,unknown,Brewer Fieldhouse,,,,,,REGULAR_SEASON,,30,Dec. 13 - - St. Louis L 66-77,opponent_resolved_site_pending,,MATCHED,BOOTSTRAP_SAME_SOURCE_SEQUENCE
ASRT-MIZ-01186,CBBG-0001186,missouri,MIZ-HIST-01186,historical_media_guide,1967-1968,1967-12-16,Detroit,detroit-mercy,Detroit Mercy,74,68,W,0,away_candidate,unknown,,,,,,,REGULAR_SEASON,,30,Dec. 16 - - @ Detroit W 74-68,opponent_resolved_site_pending,,MATCHED,BOOTSTRAP_SAME_SOURCE_SEQUENCE
ASRT-MIZ-01187,CBBG-0001187,missouri,MIZ-HIST-01187,historical_media_guide,1967-1968,1967-12-18,Northwestern,northwestern,Northwestern,68,79,L,0,home_or_special_site_candidate,unknown,Brewer Fieldhouse,,,,,,REGULAR_SEASON,,30,Dec. 18 - - Northwestern L 68-79,opponent_resolved_site_pending,,MATCHED,BOOTSTRAP_SAME_SOURCE_SEQUENCE
ASRT-MIZ-01188,CBBG-0001188,missouri,MIZ-HIST-01188,historical_media_guide,1967-1968,1967-12-21,Colorado State,colorado-state,Colorado State,52,64,L,0,away_candidate,unknown,,,,,,,REGULAR_SEASON,,30,Dec. 21 - - @ Colorado State L 52-64,opponent_resolved_site_pending,,MATCHED,BOOTSTRAP_SAME_SOURCE_SEQUENCE
ASRT-MIZ-01189,CBBG-0001189,missouri,MIZ-HIST-01189,historical_media_guide,1967-1968,1967-12-23,Utah State,utah-state,Utah State,81,87,L,0,away_candidate,unknown,,,,,,,REGULAR_SEASON,,30,Dec. 23 - - @ Utah State L 81-87,opponent_resolved_site_pending,,MATCHED,BOOTSTRAP_SAME_SOURCE_SEQUENCE
ASRT-MIZ-01190,CBBG-0001190,missouri,MIZ-HIST-01190,historical_media_guide,1967-1968,1967-12-27,Kansas State,kansas-state,Kansas State,61,71,L,0,home_or_special_site_candidate,unknown,Municipal Auditorium,,,,"Big Eight Tournament, Kansas City",,REGULAR_SEASON,,30,Dec. 27 - - #Kansas State L 61-71,opponent_resolved_site_pending,,MATCHED,BOOTSTRAP_SAME_SOURCE_SEQUENCE
ASRT-MIZ-01191,CBBG-0001191,missouri,MIZ-HIST-01191,historical_media_guide,1967-1968,1967-12-29,Iowa State,iowa-state,Iowa State,65,63,W,0,home_or_special_site_candidate,unknown,Municipal Auditorium,,,,"Big Eight Tournament, Kansas City",,REGULAR_SEASON,,30,Dec. 29 - - #Iowa State W 65-63,opponent_resolved_site_pending,,MATCHED,BOOTSTRAP_SAME_SOURCE_SEQUENCE
ASRT-MIZ-01192,CBBG-0001192,missouri,MIZ-HIST-01192,historical_media_guide,1967-1968,1967-12-30,Kansas,kansas,Kansas,47,63,L,0,home_or_special_site_candidate,unknown,Municipal Auditorium,,,,"Big Eight Tournament, Kansas City",,REGULAR_SEASON,,30,Dec. 30 - - #Kansas L 47-63,opponent_resolved_site_pending,,MATCHED,BOOTSTRAP_SAME_SOURCE_SEQUENCE
ASRT-MIZ-01193,CBBG-0001193,missouri,MIZ-HIST-01193,historical_media_guide,1967-1968,1968-01-06,Oklahoma,oklahoma,Oklahoma,70,71,L,0,home_or_special_site_candidate,unknown,Brewer Fieldhouse,,,,,,REGULAR_SEASON,,30,Jan. 6 - - Oklahoma L 70-71,opponent_resolved_site_pending,,MATCHED,BOOTSTRAP_SAME_SOURCE_SEQUENCE
ASRT-MIZ-01194,CBBG-0001194,missouri,MIZ-HIST-01194,historical_media_guide,1967-1968,1968-01-08,Colorado,colorado,Colorado,86,66,W,0,home_or_special_site_candidate,unknown,Brewer Fieldhouse,,,,,,REGULAR_SEASON,,30,Jan. 8 - - Colorado W 86-66,opponent_resolved_site_pending,,MATCHED,BOOTSTRAP_SAME_SOURCE_SEQUENCE
ASRT-MIZ-01195,CBBG-0001195,missouri,MIZ-HIST-01195,historical_media_guide,1967-1968,1968-01-13,Nebraska,nebraska,Nebraska,66,75,L,0,away_candidate,unknown,,,,,,,REGULAR_SEASON,,30,Jan. 13 - - @ Nebraska L 66-75,opponent_resolved_site_pending,,MATCHED,BOOTSTRAP_SAME_SOURCE_SEQUENCE
ASRT-MIZ-01196,CBBG-0001196,missouri,MIZ-HIST-01196,historical_media_guide,1967-1968,1968-01-15,Kansas,kansas,Kansas,67,66,W,0,away_candidate,unknown,,,,,,,REGULAR_SEASON,,30,Jan. 15 - - @ Kansas W 67-66,opponent_resolved_site_pending,,MATCHED,BOOTSTRAP_SAME_SOURCE_SEQUENCE
ASRT-MIZ-01197,CBBG-0001197,missouri,MIZ-HIST-01197,historical_media_guide,1967-1968,1968-01-20,Iowa State,iowa-state,Iowa State,72,67,W,0,home_or_special_site_candidate,unknown,Brewer Fieldhouse,,,,,,REGULAR_SEASON,,30,Jan. 20 - - Iowa State W 72-67,opponent_resolved_site_pending,,MATCHED,BOOTSTRAP_SAME_SOURCE_SEQUENCE
ASRT-MIZ-01198,CBBG-0001198,missouri,MIZ-HIST-01198,historical_media_guide,1967-1968,1968-02-02,Tulane,tulane,Tulane,98,81,W,0,away_candidate,unknown,,,,,,,REGULAR_SEASON,,30,Feb. 2 - - @ Tulane W 98-81,opponent_resolved_site_pending,,MATCHED,BOOTSTRAP_SAME_SOURCE_SEQUENCE
ASRT-MIZ-01199,CBBG-0001199,missouri,MIZ-HIST-01199,historical_media_guide,1967-1968,1968-02-05,Kansas State,kansas-state,Kansas State,67,69,L,0,away_candidate,unknown,,,,,,,REGULAR_SEASON,,30,Feb. 5 - - @ Kansas State L 67-69,opponent_resolved_site_pending,,MATCHED,BOOTSTRAP_SAME_SOURCE_SEQUENCE
ASRT-MIZ-01200,CBBG-0001200,missouri,MIZ-HIST-01200,historical_media_guide,1967-1968,1968-02-10,Oklahoma State,oklahoma-state,Oklahoma State,40,57,L,0,home_or_special_site_candidate,unknown,Brewer Fieldhouse,,,,,,REGULAR_SEASON,,30,Feb. 10 - - Oklahoma State L 40-57,opponent_resolved_site_pending,,MATCHED,BOOTSTRAP_SAME_SOURCE_SEQUENCE
ASRT-MIZ-01201,CBBG-0001201,missouri,MIZ-HIST-01201,historical_media_guide,1967-1968,1968-02-12,Colorado,colorado,Colorado,76,79,L,0,away_candidate,unknown,,,,,,,REGULAR_SEASON,,30,Feb. 12 - - @ Colorado (OT) L 76-79,opponent_resolved_site_pending,,MATCHED,BOOTSTRAP_SAME_SOURCE_SEQUENCE
ASRT-MIZ-01202,CBBG-0001202,missouri,MIZ-HIST-01202,historical_media_guide,1967-1968,1968-02-17,Iowa State,iowa-state,Iowa State,70,73,L,0,away_candidate,unknown,,,,,,,REGULAR_SEASON,,30,Feb. 17 - - @ Iowa State (OT) L 70-73,opponent_resolved_site_pending,,MATCHED,BOOTSTRAP_SAME_SOURCE_SEQUENCE
ASRT-MIZ-01203,CBBG-0001203,missouri,MIZ-HIST-01203,historical_media_guide,1967-1968,1968-02-20,Kansas,kansas,Kansas,65,74,L,0,home_or_special_site_candidate,unknown,Brewer Fieldhouse,,,,,,REGULAR_SEASON,,30,Feb. 20 - - Kansas L 65-74,opponent_resolved_site_pending,,MATCHED,BOOTSTRAP_SAME_SOURCE_SEQUENCE
ASRT-MIZ-01204,CBBG-0001204,missouri,MIZ-HIST-01204,historical_media_guide,1967-1968,1968-02-27,Kansas State,kansas-state,Kansas State,63,70,L,0,home_or_special_site_candidate,unknown,Brewer Fieldhouse,,,,,,REGULAR_SEASON,,30,Feb. 27 - - Kansas State L 63-70,opponent_resolved_site_pending,,MATCHED,BOOTSTRAP_SAME_SOURCE_SEQUENCE
ASRT-MIZ-01205,CBBG-0001205,missouri,MIZ-HIST-01205,historical_media_guide,1967-1968,1968-03-02,Oklahoma,oklahoma,Oklahoma,72,76,L,0,away_candidate,unknown,,,,,,,REGULAR_SEASON,,30,Mar. 2 - - @ Oklahoma L 72-76,opponent_resolved_site_pending,,MATCHED,BOOTSTRAP_SAME_SOURCE_SEQUENCE
ASRT-MIZ-01206,CBBG-0001206,missouri,MIZ-HIST-01206,historical_media_guide,1967-1968,1968-03-04,Oklahoma State,oklahoma-state,Oklahoma State,60,58,W,0,away_candidate,unknown,,,,,,,REGULAR_SEASON,,30,Mar. 4 - - @ Oklahoma State W 60-58,opponent_resolved_site_pending,,MATCHED,BOOTSTRAP_SAME_SOURCE_SEQUENCE
ASRT-MIZ-01207,CBBG-0001207,missouri,MIZ-HIST-01207,historical_media_guide,1967-1968,1968-03-07,Nebraska,nebraska,Nebraska,91,70,W,0,home_or_special_site_candidate,unknown,Brewer Fieldhouse,,,,,,REGULAR_SEASON,,30,Mar. 7 - - Nebraska W 91-70,opponent_resolved_site_pending,,MATCHED,BOOTSTRAP_SAME_SOURCE_SEQUENCE
ASRT-MIZ-01208,CBBG-0001208,missouri,MIZ-HIST-01208,historical_media_guide,1968-1969,1968-11-30,Arkansas,arkansas,Arkansas,60,59,W,0,away_candidate,unknown,,,,,,,REGULAR_SEASON,,31,Nov. 30 - - @ Arkansas W 60-59,opponent_resolved_site_pending,,MATCHED,BOOTSTRAP_SAME_SOURCE_SEQUENCE
ASRT-MIZ-01209,CBBG-0001209,missouri,MIZ-HIST-01209,historical_media_guide,1968-1969,1968-12-02,Utah State,utah-state,Utah State,97,87,W,0,home_or_special_site_candidate,unknown,Brewer Fieldhouse,,,,,,REGULAR_SEASON,,31,Dec. 2 - - Utah State W 97-87,opponent_resolved_site_pending,,MATCHED,BOOTSTRAP_SAME_SOURCE_SEQUENCE
ASRT-MIZ-01210,CBBG-0001210,missouri,MIZ-HIST-01210,historical_media_guide,1968-1969,1968-12-05,Northwestern,northwestern,Northwestern,67,79,L,0,away_candidate,unknown,,,,,,,REGULAR_SEASON,,31,Dec. 5 - - @ Northwestern L 67-79,opponent_resolved_site_pending,,MATCHED,BOOTSTRAP_SAME_SOURCE_SEQUENCE
ASRT-MIZ-01211,CBBG-0001211,missouri,MIZ-HIST-01211,historical_media_guide,1968-1969,1968-12-07,Indiana,indiana,Indiana,51,58,L,0,away_candidate,unknown,,,,,,,REGULAR_SEASON,,31,Dec. 7 - - @ Indiana L 51-58,opponent_resolved_site_pending,,MATCHED,BOOTSTRAP_SAME_SOURCE_SEQUENCE
ASRT-MIZ-01212,CBBG-0001212,missouri,MIZ-HIST-01212,historical_media_guide,1968-1969,1968-12-10,Cal St.-Northridge,cal-state-northridge,Cal State Northridge,78,70,W,0,home_or_special_site_candidate,unknown,Brewer Fieldhouse,,,,,,REGULAR_SEASON,,31,Dec. 10 - - Cal St.-Northridge W 78-70,opponent_resolved_site_pending,,MATCHED,BOOTSTRAP_SAME_SOURCE_SEQUENCE
ASRT-MIZ-01213,CBBG-0001213,missouri,MIZ-HIST-01213,historical_media_guide,1968-1969,1968-12-14,Long Beach State,long-beach-state,Long Beach State,78,56,W,0,home_or_special_site_candidate,unknown,Brewer Fieldhouse,,,,,,REGULAR_SEASON,,31,Dec. 14 - - Long Beach State W 78-56,opponent_resolved_site_pending,,MATCHED,BOOTSTRAP_SAME_SOURCE_SEQUENCE
ASRT-MIZ-01214,CBBG-0001214,missouri,MIZ-HIST-01214,historical_media_guide,1968-1969,1968-12-18,Tulane,tulane,Tulane,79,73,W,0,home_or_special_site_candidate,unknown,Brewer Fieldhouse,,,,,,REGULAR_SEASON,,31,Dec. 18 - - Tulane W 79-73,opponent_resolved_site_pending,,MATCHED,BOOTSTRAP_SAME_SOURCE_SEQUENCE
ASRT-MIZ-01215,CBBG-0001215,missouri,MIZ-HIST-01215,historical_media_guide,1968-1969,1968-12-20,St. Louis,saint-louis,Saint Louis,91,62,W,0,away_candidate,unknown,,,,,,,REGULAR_SEASON,,31,Dec. 20 - - @ St. Louis W 91-62,opponent_resolved_site_pending,,MATCHED,BOOTSTRAP_SAME_SOURCE_SEQUENCE
ASRT-MIZ-01216,CBBG-0001216,missouri,MIZ-HIST-01216,historical_media_guide,1968-1969,1968-12-26,Oklahoma State,oklahoma-state,Oklahoma State,55,60,L,0,home_or_special_site_candidate,unknown,Municipal Auditorium,,,,"Big Eight Tournament, Kansas City",,REGULAR_SEASON,,31,Dec. 26 - - #Oklahoma State L 55-60,opponent_resolved_site_pending,,MATCHED,BOOTSTRAP_SAME_SOURCE_SEQUENCE
ASRT-MIZ-01217,CBBG-0001217,missouri,MIZ-HIST-01217,historical_media_guide,1968-1969,1968-12-28,Iowa State,iowa-state,Iowa State,80,68,W,0,home_or_special_site_candidate,unknown,Municipal Auditorium,,,,"Big Eight Tournament, Kansas City",,REGULAR_SEASON,,31,Dec. 28 - - #Iowa State W 80-68,opponent_resolved_site_pending,,MATCHED,BOOTSTRAP_SAME_SOURCE_SEQUENCE
ASRT-MIZ-01218,CBBG-0001218,missouri,MIZ-HIST-01218,historical_media_guide,1968-1969,1968-12-30,Nebraska,nebraska,Nebraska,70,76,L,0,home_or_special_site_candidate,unknown,Municipal Auditorium,,,,"Big Eight Tournament, Kansas City",,REGULAR_SEASON,,31,Dec. 30 - - #Nebraska L 70-76,opponent_resolved_site_pending,,MATCHED,BOOTSTRAP_SAME_SOURCE_SEQUENCE
ASRT-MIZ-01219,CBBG-0001219,missouri,MIZ-HIST-01219,historical_media_guide,1968-1969,1969-01-04,Oklahoma St.,oklahoma-state,Oklahoma State,60,61,L,0,away_candidate,unknown,,,,,,,REGULAR_SEASON,,31,Jan. 4 - - @ Oklahoma St. (OT) L 60-61,opponent_resolved_site_pending,,MATCHED,BOOTSTRAP_SAME_SOURCE_SEQUENCE
ASRT-MIZ-01220,CBBG-0001220,missouri,MIZ-HIST-01220,historical_media_guide,1968-1969,1969-01-06,Oklahoma,oklahoma,Oklahoma,58,62,L,0,away_candidate,unknown,,,,,,,REGULAR_SEASON,,31,Jan. 6 - - @ Oklahoma L 58-62,opponent_resolved_site_pending,,MATCHED,BOOTSTRAP_SAME_SOURCE_SEQUENCE
ASRT-MIZ-01221,CBBG-0001221,missouri,MIZ-HIST-01221,historical_media_guide,1968-1969,1969-01-11,Kansas,kansas,Kansas,47,46,W,0,home_or_special_site_candidate,unknown,Brewer Fieldhouse,,,,,,REGULAR_SEASON,,31,Jan. 11 - 5 Kansas W 47-46,opponent_resolved_site_pending,,MATCHED,BOOTSTRAP_SAME_SOURCE_SEQUENCE
ASRT-MIZ-01222,CBBG-0001222,missouri,MIZ-HIST-01222,historical_media_guide,1968-1969,1969-01-18,Iowa State,iowa-state,Iowa State,74,68,W,0,home_or_special_site_candidate,unknown,Brewer Fieldhouse,,,,,,REGULAR_SEASON,,31,Jan. 18 - - Iowa State W 74-68,opponent_resolved_site_pending,,MATCHED,BOOTSTRAP_SAME_SOURCE_SEQUENCE
ASRT-MIZ-01223,CBBG-0001223,missouri,MIZ-HIST-01223,historical_media_guide,1968-1969,1969-02-01,Nebraska,nebraska,Nebraska,71,87,L,0,away_candidate,unknown,,,,,,,REGULAR_SEASON,,31,Feb. 1 - - @ Nebraska L 71-87,opponent_resolved_site_pending,,MATCHED,BOOTSTRAP_SAME_SOURCE_SEQUENCE
ASRT-MIZ-01224,CBBG-0001224,missouri,MIZ-HIST-01224,historical_media_guide,1968-1969,1969-02-03,Colorado,colorado,Colorado,79,80,L,0,home_or_special_site_candidate,unknown,Brewer Fieldhouse,,,,,,REGULAR_SEASON,,31,Feb. 3 - 17 Colorado (OT) L 79-80,opponent_resolved_site_pending,,MATCHED,BOOTSTRAP_SAME_SOURCE_SEQUENCE
ASRT-MIZ-01225,CBBG-0001225,missouri,MIZ-HIST-01225,historical_media_guide,1968-1969,1969-02-08,Oklahoma State,oklahoma-state,Oklahoma State,73,52,W,0,home_or_special_site_candidate,unknown,Brewer Fieldhouse,,,,,,REGULAR_SEASON,,31,Feb. 8 - - Oklahoma State W 73-52,opponent_resolved_site_pending,,MATCHED,BOOTSTRAP_SAME_SOURCE_SEQUENCE
ASRT-MIZ-01226,CBBG-0001226,missouri,MIZ-HIST-01226,historical_media_guide,1968-1969,1969-02-11,Nebraska,nebraska,Nebraska,79,60,W,0,home_or_special_site_candidate,unknown,Brewer Fieldhouse,,,,,,REGULAR_SEASON,,31,Feb. 11 - - Nebraska W 79-60,opponent_resolved_site_pending,,MATCHED,BOOTSTRAP_SAME_SOURCE_SEQUENCE
ASRT-MIZ-01227,CBBG-0001227,missouri,MIZ-HIST-01227,historical_media_guide,1968-1969,1969-02-15,Kansas,kansas,Kansas,56,55,W,0,away_candidate,unknown,,,,,,,REGULAR_SEASON,,31,Feb. 15 - 12 @ Kansas W 56-55,opponent_resolved_site_pending,,MATCHED,BOOTSTRAP_SAME_SOURCE_SEQUENCE
ASRT-MIZ-01228,CBBG-0001228,missouri,MIZ-HIST-01228,historical_media_guide,1968-1969,1969-02-17,Iowa State,iowa-state,Iowa State,74,76,L,0,away_candidate,unknown,,,,,,,REGULAR_SEASON,,31,Feb. 17 - - @ Iowa State (OT) L 74-76,opponent_resolved_site_pending,,MATCHED,BOOTSTRAP_SAME_SOURCE_SEQUENCE
ASRT-MIZ-01229,CBBG-0001229,missouri,MIZ-HIST-01229,historical_media_guide,1968-1969,1969-02-22,Oklahoma,oklahoma,Oklahoma,69,49,W,0,home_or_special_site_candidate,unknown,Brewer Fieldhouse,,,,,,REGULAR_SEASON,,31,Feb. 22 - - Oklahoma W 69-49,opponent_resolved_site_pending,,MATCHED,BOOTSTRAP_SAME_SOURCE_SEQUENCE
ASRT-MIZ-01230,CBBG-0001230,missouri,MIZ-HIST-01230,historical_media_guide,1968-1969,1969-02-24,Kansas State,kansas-state,Kansas State,66,62,W,0,home_or_special_site_candidate,unknown,Brewer Fieldhouse,,,,,,REGULAR_SEASON,,31,Feb. 24 - - Kansas State W 66-62,opponent_resolved_site_pending,,MATCHED,BOOTSTRAP_SAME_SOURCE_SEQUENCE
ASRT-MIZ-01231,CBBG-0001231,missouri,MIZ-HIST-01231,historical_media_guide,1968-1969,1969-03-03,Kansas State,kansas-state,Kansas State,55,60,L,0,away_candidate,unknown,,,,,,,REGULAR_SEASON,,31,Mar. 3 - - @ Kansas State L 55-60,opponent_resolved_site_pending,,MATCHED,BOOTSTRAP_SAME_SOURCE_SEQUENCE
ASRT-MIZ-01232,CBBG-0001232,missouri,MIZ-HIST-01232,historical_media_guide,1968-1969,1969-03-08,Colorado,colorado,Colorado,73,92,L,0,home_or_special_site_candidate,unknown,Brewer Fieldhouse,,,,,,REGULAR_SEASON,,31,Mar. 8 - 18 Colorado L 73-92,opponent_resolved_site_pending,,MATCHED,BOOTSTRAP_SAME_SOURCE_SEQUENCE
ASRT-MIZ-01233,CBBG-0001233,missouri,MIZ-HIST-01233,historical_media_guide,1969-1970,1969-12-01,Arkansas,arkansas,Arkansas,58,51,W,0,home_or_special_site_candidate,unknown,Brewer Fieldhouse,,,,,,REGULAR_SEASON,,31,Dec. 1 - - Arkansas W 58-51,opponent_resolved_site_pending,,MATCHED,BOOTSTRAP_SAME_SOURCE_SEQUENCE
ASRT-MIZ-01234,CBBG-0001234,missouri,MIZ-HIST-01234,historical_media_guide,1969-1970,1969-12-06,Indiana,indiana,Indiana,109,96,W,0,home_or_special_site_candidate,unknown,Brewer Fieldhouse,,,,,,REGULAR_SEASON,,31,Dec. 6 - - Indiana W 109-96,opponent_resolved_site_pending,,MATCHED,BOOTSTRAP_SAME_SOURCE_SEQUENCE
ASRT-MIZ-01235,CBBG-0001235,missouri,MIZ-HIST-01235,historical_media_guide,1969-1970,1969-12-09,St. Louis,saint-louis,Saint Louis,66,61,W,0,home_or_special_site_candidate,unknown,Brewer Fieldhouse,,,,,,REGULAR_SEASON,,31,Dec. 9 - - St. Louis W 66-61,opponent_resolved_site_pending,,MATCHED,BOOTSTRAP_SAME_SOURCE_SEQUENCE
ASRT-MIZ-01236,CBBG-0001236,missouri,MIZ-HIST-01236,historical_media_guide,1969-1970,1969-12-13,Northern Michigan,northern-michigan,Northern Michigan,105,70,W,0,home_or_special_site_candidate,unknown,Brewer Fieldhouse,,,,,,REGULAR_SEASON,,31,Dec. 13 - - Northern Michigan W 105-70,opponent_resolved_site_pending,,MATCHED,BOOTSTRAP_SAME_SOURCE_SEQUENCE
ASRT-MIZ-01237,CBBG-0001237,missouri,MIZ-HIST-01237,historical_media_guide,1969-1970,1969-12-17,Colorado State,colorado-state,Colorado State,81,55,W,0,home_or_special_site_candidate,unknown,Brewer Fieldhouse,,,,,,REGULAR_SEASON,,31,Dec. 17 - - Colorado State W 81-55,opponent_resolved_site_pending,,MATCHED,BOOTSTRAP_SAME_SOURCE_SEQUENCE
ASRT-MIZ-01238,CBBG-0001238,missouri,MIZ-HIST-01238,historical_media_guide,1969-1970,1969-12-19,Arizona State,arizona-state,Arizona State,67,57,W,0,home_or_special_site_candidate,unknown,,,,,"Sun Devil Classic, Tempe",,REGULAR_SEASON,,31,Dec. 19 - - #Arizona State W 67-57,opponent_resolved_site_pending,,MATCHED,BOOTSTRAP_SAME_SOURCE_SEQUENCE
ASRT-MIZ-01239,CBBG-0001239,missouri,MIZ-HIST-01239,historical_media_guide,1969-1970,1969-12-20,Washington,washington,Washington,80,92,L,0,home_or_special_site_candidate,unknown,,,,,"Sun Devil Classic, Tempe",,REGULAR_SEASON,,31,Dec. 20 - 20 #Washington L 80-92,opponent_resolved_site_pending,,MATCHED,BOOTSTRAP_SAME_SOURCE_SEQUENCE
ASRT-MIZ-01240,CBBG-0001240,missouri,MIZ-HIST-01240,historical_media_guide,1969-1970,1969-12-22,Texas A&M,texas-a-m,Texas A&M,81,79,W,0,home_or_special_site_candidate,unknown,,,,,"Sun Carnival, El Paso",,REGULAR_SEASON,,31,Dec. 22 - - *Texas A&M W 81-79,opponent_resolved_site_pending,,MATCHED,BOOTSTRAP_SAME_SOURCE_SEQUENCE
ASRT-MIZ-01241,CBBG-0001241,missouri,MIZ-HIST-01241,historical_media_guide,1969-1970,1969-12-23,Texas El-Paso,utep,UTEP,79,98,L,0,home_or_special_site_candidate,unknown,,,,,"Sun Carnival, El Paso",,REGULAR_SEASON,,31,Dec. 23 - - *Texas El-Paso L 79-98,opponent_resolved_site_pending,,MATCHED,BOOTSTRAP_SAME_SOURCE_SEQUENCE
ASRT-MIZ-01242,CBBG-0001242,missouri,MIZ-HIST-01242,historical_media_guide,1969-1970,1969-12-27,Iowa State,iowa-state,Iowa State,52,50,W,0,home_or_special_site_candidate,unknown,Municipal Auditorium,,,,"Big Eight Tournament, Kansas City",,REGULAR_SEASON,,31,Dec. 27 - - +Iowa State W 52-50,opponent_resolved_site_pending,,MATCHED,BOOTSTRAP_SAME_SOURCE_SEQUENCE
ASRT-MIZ-01243,CBBG-0001243,missouri,MIZ-HIST-01243,historical_media_guide,1969-1970,1969-12-29,Colorado,colorado,Colorado,73,75,L,0,home_or_special_site_candidate,unknown,Municipal Auditorium,,,,"Big Eight Tournament, Kansas City",,REGULAR_SEASON,,31,Dec. 29 - - +Colorado L 73-75,opponent_resolved_site_pending,,MATCHED,BOOTSTRAP_SAME_SOURCE_SEQUENCE
ASRT-MIZ-01244,CBBG-0001244,missouri,MIZ-HIST-01244,historical_media_guide,1969-1970,1969-12-30,Kansas State,kansas-state,Kansas State,58,64,L,0,home_or_special_site_candidate,unknown,Municipal Auditorium,,,,"Big Eight Tournament, Kansas City",,REGULAR_SEASON,,31,Dec. 30 - - +Kansas State L 58-64,opponent_resolved_site_pending,,MATCHED,BOOTSTRAP_SAME_SOURCE_SEQUENCE
ASRT-MIZ-01245,CBBG-0001245,missouri,MIZ-HIST-01245,historical_media_guide,1969-1970,1970-01-05,Kansas,kansas,Kansas,56,53,W,0,home_or_special_site_candidate,unknown,Brewer Fieldhouse,,,,,,REGULAR_SEASON,,31,Jan. 5 - - Kansas W 56-53,opponent_resolved_site_pending,,MATCHED,BOOTSTRAP_SAME_SOURCE_SEQUENCE
ASRT-MIZ-01246,CBBG-0001246,missouri,MIZ-HIST-01246,historical_media_guide,1969-1970,1970-01-10,Oklahoma St.,oklahoma-state,Oklahoma State,60,56,W,0,away_candidate,unknown,,,,,,,REGULAR_SEASON,,31,Jan. 10 - - @ Oklahoma St. (OT) W 60-56,opponent_resolved_site_pending,,MATCHED,BOOTSTRAP_SAME_SOURCE_SEQUENCE
ASRT-MIZ-01247,CBBG-0001247,missouri,MIZ-HIST-01247,historical_media_guide,1969-1970,1970-01-12,Oklahoma,oklahoma,Oklahoma,48,52,L,0,away_candidate,unknown,,,,,,,REGULAR_SEASON,,31,Jan. 12 - 16 @ Oklahoma L 48-52,opponent_resolved_site_pending,,MATCHED,BOOTSTRAP_SAME_SOURCE_SEQUENCE
ASRT-MIZ-01248,CBBG-0001248,missouri,MIZ-HIST-01248,historical_media_guide,1969-1970,1970-01-17,Iowa State,iowa-state,Iowa State,65,63,W,0,home_or_special_site_candidate,unknown,Brewer Fieldhouse,,,,,,REGULAR_SEASON,,31,Jan. 17 - - Iowa State W 65-63,opponent_resolved_site_pending,,MATCHED,BOOTSTRAP_SAME_SOURCE_SEQUENCE
ASRT-MIZ-01249,CBBG-0001249,missouri,MIZ-HIST-01249,historical_media_guide,1969-1970,1970-01-31,Kansas State,kansas-state,Kansas State,63,64,L,0,away_candidate,unknown,,,,,,,REGULAR_SEASON,,31,Jan. 31 - 19 @ Kansas State L 63-64,opponent_resolved_site_pending,,MATCHED,BOOTSTRAP_SAME_SOURCE_SEQUENCE
ASRT-MIZ-01250,CBBG-0001250,missouri,MIZ-HIST-01250,historical_media_guide,1969-1970,1970-02-02,Colorado,colorado,Colorado,90,73,W,0,home_or_special_site_candidate,unknown,Brewer Fieldhouse,,,,,,REGULAR_SEASON,,31,Feb. 2 - - Colorado W 90-73,opponent_resolved_site_pending,,MATCHED,BOOTSTRAP_SAME_SOURCE_SEQUENCE
ASRT-MIZ-01251,CBBG-0001251,missouri,MIZ-HIST-01251,historical_media_guide,1969-1970,1970-02-07,Iowa State,iowa-state,Iowa State,78,89,L,0,away_candidate,unknown,,,,,,,REGULAR_SEASON,,31,Feb. 7 - - @ Iowa State L 78-89,opponent_resolved_site_pending,,MATCHED,BOOTSTRAP_SAME_SOURCE_SEQUENCE
ASRT-MIZ-01252,CBBG-0001252,missouri,MIZ-HIST-01252,historical_media_guide,1969-1970,1970-02-09,Oklahoma,oklahoma,Oklahoma,55,47,W,0,home_or_special_site_candidate,unknown,Brewer Fieldhouse,,,,,,REGULAR_SEASON,,31,Feb. 9 - - Oklahoma W 55-47,opponent_resolved_site_pending,,MATCHED,BOOTSTRAP_SAME_SOURCE_SEQUENCE
ASRT-MIZ-01253,CBBG-0001253,missouri,MIZ-HIST-01253,historical_media_guide,1969-1970,1970-02-14,Nebraska,nebraska,Nebraska,48,60,L,0,away_candidate,unknown,,,,,,,REGULAR_SEASON,,31,Feb. 14 - - @ Nebraska L 48-60,opponent_resolved_site_pending,,MATCHED,BOOTSTRAP_SAME_SOURCE_SEQUENCE
ASRT-MIZ-01254,CBBG-0001254,missouri,MIZ-HIST-01254,historical_media_guide,1969-1970,1970-02-16,Kansas State,kansas-state,Kansas State,60,63,L,0,home_or_special_site_candidate,unknown,Brewer Fieldhouse,,,,,,REGULAR_SEASON,,31,Feb. 16 - - Kansas State L 60-63,opponent_resolved_site_pending,,MATCHED,BOOTSTRAP_SAME_SOURCE_SEQUENCE
ASRT-MIZ-01255,CBBG-0001255,missouri,MIZ-HIST-01255,historical_media_guide,1969-1970,1970-02-21,Oklahoma State,oklahoma-state,Oklahoma State,72,61,W,0,home_or_special_site_candidate,unknown,Brewer Fieldhouse,,,,,,REGULAR_SEASON,,31,Feb. 21 - - Oklahoma State W 72-61,opponent_resolved_site_pending,,MATCHED,BOOTSTRAP_SAME_SOURCE_SEQUENCE
ASRT-MIZ-01256,CBBG-0001256,missouri,MIZ-HIST-01256,historical_media_guide,1969-1970,1970-02-23,Kansas,kansas,Kansas,45,63,L,0,away_candidate,unknown,,,,,,,REGULAR_SEASON,,31,Feb. 23 - - @ Kansas L 45-63,opponent_resolved_site_pending,,MATCHED,BOOTSTRAP_SAME_SOURCE_SEQUENCE
ASRT-MIZ-01257,CBBG-0001257,missouri,MIZ-HIST-01257,historical_media_guide,1969-1970,1970-02-28,Nebraska,nebraska,Nebraska,80,63,W,0,home_or_special_site_candidate,unknown,Brewer Fieldhouse,,,,,,REGULAR_SEASON,,31,Feb. 28 - - Nebraska W 80-63,opponent_resolved_site_pending,,MATCHED,BOOTSTRAP_SAME_SOURCE_SEQUENCE
ASRT-MIZ-01258,CBBG-0001258,missouri,MIZ-HIST-01258,historical_media_guide,1969-1970,1970-03-07,Colorado,colorado,Colorado,69,80,L,0,away_candidate,unknown,,,,,,,REGULAR_SEASON,,31,Mar. 7 - - @ Colorado L 69-80,opponent_resolved_site_pending,,MATCHED,BOOTSTRAP_SAME_SOURCE_SEQUENCE
ASRT-MIZ-01259,CBBG-0001259,missouri,MIZ-HIST-01259,historical_media_guide,1970-1971,1970-12-01,Arkansas,arkansas,Arkansas,80,78,W,0,away_candidate,unknown,,,,,,,REGULAR_SEASON,,31,Dec. 1 - - @ Arkansas (OT) W 80-78,opponent_resolved_site_pending,,MATCHED,BOOTSTRAP_SAME_SOURCE_SEQUENCE
ASRT-MIZ-01260,CBBG-0001260,missouri,MIZ-HIST-01260,historical_media_guide,1970-1971,1970-12-03,Idaho,idaho,Idaho,80,60,W,0,home_or_special_site_candidate,unknown,Brewer Fieldhouse,,,,,,REGULAR_SEASON,,31,Dec. 3 - - Idaho W 80-60,opponent_resolved_site_pending,,MATCHED,BOOTSTRAP_SAME_SOURCE_SEQUENCE
ASRT-MIZ-01261,CBBG-0001261,missouri,MIZ-HIST-01261,historical_media_guide,1970-1971,1970-12-05,South Dakota State,south-dakota-state,South Dakota State,86,66,W,0,home_or_special_site_candidate,unknown,Brewer Fieldhouse,,,,,,REGULAR_SEASON,,31,Dec. 5 - - South Dakota State W 86-66,opponent_resolved_site_pending,,MATCHED,BOOTSTRAP_SAME_SOURCE_SEQUENCE
ASRT-MIZ-01262,CBBG-0001262,missouri,MIZ-HIST-01262,historical_media_guide,1970-1971,1970-12-08,St. Louis,saint-louis,Saint Louis,70,79,L,0,away_candidate,unknown,,,,,,,REGULAR_SEASON,,31,Dec. 8 - - @ St. Louis L 70-79,opponent_resolved_site_pending,,MATCHED,BOOTSTRAP_SAME_SOURCE_SEQUENCE
ASRT-MIZ-01263,CBBG-0001263,missouri,MIZ-HIST-01263,historical_media_guide,1970-1971,1970-12-12,Ohio,ohio,Ohio,91,83,W,0,home_or_special_site_candidate,unknown,Brewer Fieldhouse,,,,,,REGULAR_SEASON,,31,Dec. 12 - - Ohio (2OT) W 91-83,opponent_resolved_site_pending,,MATCHED,BOOTSTRAP_SAME_SOURCE_SEQUENCE
ASRT-MIZ-01264,CBBG-0001264,missouri,MIZ-HIST-01264,historical_media_guide,1970-1971,1970-12-15,Washington (Mo.),washington-university-of-st-louis,Washington University of St. Louis,90,60,W,0,home_or_special_site_candidate,unknown,Brewer Fieldhouse,,,,,,REGULAR_SEASON,,31,Dec. 15 - - Washington (Mo.) W 90-60,opponent_resolved_site_pending,,MATCHED,BOOTSTRAP_SAME_SOURCE_SEQUENCE
ASRT-MIZ-01265,CBBG-0001265,missouri,MIZ-HIST-01265,historical_media_guide,1970-1971,1970-12-18,McMurray,mcmurray,McMurray,84,59,W,0,home_or_special_site_candidate,unknown,,,,,"Cowboy Classic, Abilene",,REGULAR_SEASON,,31,Dec. 18 - - #McMurray W 84-59,opponent_resolved_site_pending,,MATCHED,BOOTSTRAP_SAME_SOURCE_SEQUENCE
ASRT-MIZ-01266,CBBG-0001266,missouri,MIZ-HIST-01266,historical_media_guide,1970-1971,1970-12-19,Hardin-Simmons,hardin-simmons,Hardin-Simmons,91,77,W,0,home_or_special_site_candidate,unknown,,,,,"Cowboy Classic, Abilene",,REGULAR_SEASON,,31,Dec. 19 - - #Hardin-Simmons W 91-77,opponent_resolved_site_pending,,MATCHED,BOOTSTRAP_SAME_SOURCE_SEQUENCE
ASRT-MIZ-01267,CBBG-0001267,missouri,MIZ-HIST-01267,historical_media_guide,1970-1971,1970-12-22,UCLA,ucla,UCLA,75,94,L,0,away_candidate,unknown,,,,,,,REGULAR_SEASON,,31,Dec. 22 - 1 @ UCLA L 75-94,opponent_resolved_site_pending,,MATCHED,BOOTSTRAP_SAME_SOURCE_SEQUENCE
ASRT-MIZ-01268,CBBG-0001268,missouri,MIZ-HIST-01268,historical_media_guide,1970-1971,1970-12-26,Kansas,kansas,Kansas,63,96,L,0,home_or_special_site_candidate,unknown,Municipal Auditorium,,,,"Big Eight Tournament, Kansas City",,REGULAR_SEASON,,31,Dec. 26 - 8 *Kansas L 63-96,opponent_resolved_site_pending,,MATCHED,BOOTSTRAP_SAME_SOURCE_SEQUENCE
ASRT-MIZ-01269,CBBG-0001269,missouri,MIZ-HIST-01269,historical_media_guide,1970-1971,1970-12-29,Oklahoma,oklahoma,Oklahoma,63,70,L,0,home_or_special_site_candidate,unknown,Municipal Auditorium,,,,"Big Eight Tournament, Kansas City",,REGULAR_SEASON,,31,Dec. 29 - - *Oklahoma L 63-70,opponent_resolved_site_pending,,MATCHED,BOOTSTRAP_SAME_SOURCE_SEQUENCE
ASRT-MIZ-01270,CBBG-0001270,missouri,MIZ-HIST-01270,historical_media_guide,1970-1971,1970-12-30,Oklahoma State,oklahoma-state,Oklahoma State,72,60,W,0,home_or_special_site_candidate,unknown,Municipal Auditorium,,,,"Big Eight Tournament, Kansas City",,REGULAR_SEASON,,31,Dec. 30 - - *Oklahoma State W 72-60,opponent_resolved_site_pending,,MATCHED,BOOTSTRAP_SAME_SOURCE_SEQUENCE
ASRT-MIZ-01271,CBBG-0001271,missouri,MIZ-HIST-01271,historical_media_guide,1970-1971,1971-01-09,Oklahoma,oklahoma,Oklahoma,84,78,W,0,home_or_special_site_candidate,unknown,Brewer Fieldhouse,,,,,,REGULAR_SEASON,,31,Jan. 9 - - Oklahoma W 84-78,opponent_resolved_site_pending,,MATCHED,BOOTSTRAP_SAME_SOURCE_SEQUENCE
ASRT-MIZ-01272,CBBG-0001272,missouri,MIZ-HIST-01272,historical_media_guide,1970-1971,1971-01-11,Iowa State,iowa-state,Iowa State,77,71,W,0,away_candidate,unknown,,,,,,,REGULAR_SEASON,,31,Jan. 11 - - @ Iowa State W 77-71,opponent_resolved_site_pending,,MATCHED,BOOTSTRAP_SAME_SOURCE_SEQUENCE
ASRT-MIZ-01273,CBBG-0001273,missouri,MIZ-HIST-01273,historical_media_guide,1970-1971,1971-01-16,Kansas State,kansas-state,Kansas State,80,72,W,0,home_or_special_site_candidate,unknown,Brewer Fieldhouse,,,,,,REGULAR_SEASON,,31,Jan. 16 - - Kansas State W 80-72,opponent_resolved_site_pending,,MATCHED,BOOTSTRAP_SAME_SOURCE_SEQUENCE
ASRT-MIZ-01274,CBBG-0001274,missouri,MIZ-HIST-01274,historical_media_guide,1970-1971,1971-01-30,Oklahoma,oklahoma,Oklahoma,63,92,L,0,away_candidate,unknown,,,,,,,REGULAR_SEASON,,31,Jan. 30 - - @ Oklahoma L 63-92,opponent_resolved_site_pending,,MATCHED,BOOTSTRAP_SAME_SOURCE_SEQUENCE
ASRT-MIZ-01275,CBBG-0001275,missouri,MIZ-HIST-01275,historical_media_guide,1970-1971,1971-02-01,Oklahoma State,oklahoma-state,Oklahoma State,63,55,W,0,away_candidate,unknown,,,,,,,REGULAR_SEASON,,31,Feb. 1 - - @ Oklahoma State W 63-55,opponent_resolved_site_pending,,MATCHED,BOOTSTRAP_SAME_SOURCE_SEQUENCE
ASRT-MIZ-01276,CBBG-0001276,missouri,MIZ-HIST-01276,historical_media_guide,1970-1971,1971-02-06,Colorado,colorado,Colorado,81,76,W,0,home_or_special_site_candidate,unknown,Brewer Fieldhouse,,,,,,REGULAR_SEASON,,31,Feb. 6 - - Colorado W 81-76,opponent_resolved_site_pending,,MATCHED,BOOTSTRAP_SAME_SOURCE_SEQUENCE
ASRT-MIZ-01277,CBBG-0001277,missouri,MIZ-HIST-01277,historical_media_guide,1970-1971,1971-02-13,Nebraska,nebraska,Nebraska,72,81,L,0,away_candidate,unknown,,,,,,,REGULAR_SEASON,,31,Feb. 13 - - @ Nebraska L 72-81,opponent_resolved_site_pending,,MATCHED,BOOTSTRAP_SAME_SOURCE_SEQUENCE
ASRT-MIZ-01278,CBBG-0001278,missouri,MIZ-HIST-01278,historical_media_guide,1970-1971,1971-02-15,Iowa State,iowa-state,Iowa State,80,66,W,0,home_or_special_site_candidate,unknown,Brewer Fieldhouse,,,,,,REGULAR_SEASON,,31,Feb. 15 - - Iowa State W 80-66,opponent_resolved_site_pending,,MATCHED,BOOTSTRAP_SAME_SOURCE_SEQUENCE
ASRT-MIZ-01279,CBBG-0001279,missouri,MIZ-HIST-01279,historical_media_guide,1970-1971,1971-02-20,Kansas,kansas,Kansas,66,85,L,0,away_candidate,unknown,,,,,,,REGULAR_SEASON,,31,Feb. 20 - 5 @ Kansas L 66-85,opponent_resolved_site_pending,,MATCHED,BOOTSTRAP_SAME_SOURCE_SEQUENCE
ASRT-MIZ-01280,CBBG-0001280,missouri,MIZ-HIST-01280,historical_media_guide,1970-1971,1971-02-22,Oklahoma St.,oklahoma-state,Oklahoma State,69,67,W,0,home_or_special_site_candidate,unknown,Brewer Fieldhouse,,,,,,REGULAR_SEASON,,31,Feb. 22 - - Oklahoma St. (OT) W 69-67,opponent_resolved_site_pending,,MATCHED,BOOTSTRAP_SAME_SOURCE_SEQUENCE
ASRT-MIZ-01281,CBBG-0001281,missouri,MIZ-HIST-01281,historical_media_guide,1970-1971,1971-02-27,Nebraska,nebraska,Nebraska,77,65,W,0,home_or_special_site_candidate,unknown,Brewer Fieldhouse,,,,,,REGULAR_SEASON,,31,Feb. 27 - - Nebraska W 77-65,opponent_resolved_site_pending,,MATCHED,BOOTSTRAP_SAME_SOURCE_SEQUENCE
ASRT-MIZ-01282,CBBG-0001282,missouri,MIZ-HIST-01282,historical_media_guide,1970-1971,1971-03-01,Colorado,colorado,Colorado,76,71,W,0,away_candidate,unknown,,,,,,,REGULAR_SEASON,,31,Mar. 1 - - @ Colorado W 76-71,opponent_resolved_site_pending,,MATCHED,BOOTSTRAP_SAME_SOURCE_SEQUENCE
ASRT-MIZ-01283,CBBG-0001283,missouri,MIZ-HIST-01283,historical_media_guide,1970-1971,1971-03-06,Kansas State,kansas-state,Kansas State,69,77,L,0,away_candidate,unknown,,,,,,,REGULAR_SEASON,,31,Mar. 6 - - @ Kansas State L 69-77,opponent_resolved_site_pending,,MATCHED,BOOTSTRAP_SAME_SOURCE_SEQUENCE
ASRT-MIZ-01284,CBBG-0001284,missouri,MIZ-HIST-01284,historical_media_guide,1970-1971,1971-03-08,Kansas,kansas,Kansas,69,71,L,0,home_or_special_site_candidate,unknown,Brewer Fieldhouse,,,,,,REGULAR_SEASON,,31,Mar. 8 - 4 Kansas (OT) L 69-71,opponent_resolved_site_pending,,MATCHED,BOOTSTRAP_SAME_SOURCE_SEQUENCE
ASRT-MIZ-01285,CBBG-0001285,missouri,MIZ-HIST-01285,historical_media_guide,1971-1972,1971-12-01,Michigan State,michigan-state,Michigan State,77,67,W,0,home_or_special_site_candidate,unknown,Brewer Fieldhouse,,,,,,REGULAR_SEASON,,31,Dec. 1 - - Michigan State W 77-67,opponent_resolved_site_pending,,MATCHED,BOOTSTRAP_SAME_SOURCE_SEQUENCE
ASRT-MIZ-01286,CBBG-0001286,missouri,MIZ-HIST-01286,historical_media_guide,1971-1972,1971-12-04,Arkansas,arkansas,Arkansas,74,73,W,0,home_or_special_site_candidate,unknown,Brewer Fieldhouse,,,,,,REGULAR_SEASON,,31,Dec. 4 - - Arkansas W 74-73,opponent_resolved_site_pending,,MATCHED,BOOTSTRAP_SAME_SOURCE_SEQUENCE
ASRT-MIZ-01287,CBBG-0001287,missouri,MIZ-HIST-01287,historical_media_guide,1971-1972,1971-12-06,Montana State,montana-state,Montana State,89,57,W,0,home_or_special_site_candidate,unknown,Brewer Fieldhouse,,,,,,REGULAR_SEASON,,31,Dec. 6 - - Montana State W 89-57,opponent_resolved_site_pending,,MATCHED,BOOTSTRAP_SAME_SOURCE_SEQUENCE
ASRT-MIZ-01288,CBBG-0001288,missouri,MIZ-HIST-01288,historical_media_guide,1971-1972,1971-12-09,Va. Commonwealth,vcu,VCU,73,66,W,0,home_or_special_site_candidate,unknown,Brewer Fieldhouse,,,,,,REGULAR_SEASON,,31,Dec. 9 - - Va. Commonwealth W 73-66,opponent_resolved_site_pending,,MATCHED,BOOTSTRAP_SAME_SOURCE_SEQUENCE
ASRT-MIZ-01289,CBBG-0001289,missouri,MIZ-HIST-01289,historical_media_guide,1971-1972,1971-12-10,Pacific,pacific,Pacific,64,59,W,0,home_or_special_site_candidate,unknown,Brewer Fieldhouse,,,,,,REGULAR_SEASON,,31,Dec. 10 - - Pacific W 64-59,opponent_resolved_site_pending,,MATCHED,BOOTSTRAP_SAME_SOURCE_SEQUENCE
ASRT-MIZ-01290,CBBG-0001290,missouri,MIZ-HIST-01290,historical_media_guide,1971-1972,1971-12-13,St. Francis (Pa.),st-francis-pa,St. Francis (Pa.),104,96,W,0,home_or_special_site_candidate,unknown,Brewer Fieldhouse,,,,,,REGULAR_SEASON,,31,Dec. 13 - - St. Francis (Pa.) W 104-96,opponent_resolved_site_pending,,MATCHED,BOOTSTRAP_SAME_SOURCE_SEQUENCE
ASRT-MIZ-01291,CBBG-0001291,missouri,MIZ-HIST-01291,historical_media_guide,1971-1972,1971-12-17,Kentucky,kentucky,Kentucky,79,83,L,0,home_or_special_site_candidate,unknown,,,,,"Kentucky Invitational, Lexington",,REGULAR_SEASON,,31,Dec. 17 - 7 #Kentucky L 79-83,opponent_resolved_site_pending,,MATCHED,BOOTSTRAP_SAME_SOURCE_SEQUENCE
ASRT-MIZ-01292,CBBG-0001292,missouri,MIZ-HIST-01292,historical_media_guide,1971-1972,1971-12-18,California,california,California,82,70,W,0,home_or_special_site_candidate,unknown,,,,,"Kentucky Invitational, Lexington",,REGULAR_SEASON,,31,Dec. 18 - - #California W 82-70,opponent_resolved_site_pending,,MATCHED,BOOTSTRAP_SAME_SOURCE_SEQUENCE
ASRT-MIZ-01293,CBBG-0001293,missouri,MIZ-HIST-01293,historical_media_guide,1971-1972,1971-12-27,Nebraska,nebraska,Nebraska,76,64,W,0,home_or_special_site_candidate,unknown,Municipal Auditorium,,,,"Big Eight Tournament, Kansas City",,REGULAR_SEASON,,31,Dec. 27 - - *Nebraska W 76-64,opponent_resolved_site_pending,,MATCHED,BOOTSTRAP_SAME_SOURCE_SEQUENCE
ASRT-MIZ-01294,CBBG-0001294,missouri,MIZ-HIST-01294,historical_media_guide,1971-1972,1971-12-29,Colorado,colorado,Colorado,82,70,W,0,home_or_special_site_candidate,unknown,Municipal Auditorium,,,,"Big Eight Tournament, Kansas City",,REGULAR_SEASON,,31,Dec. 29 - - *Colorado W 82-70,opponent_resolved_site_pending,,MATCHED,BOOTSTRAP_SAME_SOURCE_SEQUENCE
ASRT-MIZ-01295,CBBG-0001295,missouri,MIZ-HIST-01295,historical_media_guide,1971-1972,1971-12-30,Kansas State,kansas-state,Kansas State,67,58,W,0,home_or_special_site_candidate,unknown,Municipal Auditorium,,,,"Big Eight Tournament, Kansas City",,REGULAR_SEASON,,31,Dec. 30 - - *Kansas State W 67-58,opponent_resolved_site_pending,,MATCHED,BOOTSTRAP_SAME_SOURCE_SEQUENCE
ASRT-MIZ-01296,CBBG-0001296,missouri,MIZ-HIST-01296,historical_media_guide,1971-1972,1972-01-04,Ohio,ohio,Ohio,78,76,W,0,away_candidate,unknown,,,,,,,REGULAR_SEASON,,31,Jan. 4 - - @ Ohio W 78-76,opponent_resolved_site_pending,,MATCHED,BOOTSTRAP_SAME_SOURCE_SEQUENCE
ASRT-MIZ-01297,CBBG-0001297,missouri,MIZ-HIST-01297,historical_media_guide,1971-1972,1972-01-15,Oklahoma,oklahoma,Oklahoma,77,78,L,0,away_candidate,unknown,,,,,,,REGULAR_SEASON,,31,Jan. 15 18 - @ Oklahoma L 77-78,opponent_resolved_site_pending,,MATCHED,BOOTSTRAP_SAME_SOURCE_SEQUENCE
ASRT-MIZ-01298,CBBG-0001298,missouri,MIZ-HIST-01298,historical_media_guide,1971-1972,1972-01-17,Oklahoma State,oklahoma-state,Oklahoma State,74,67,W,0,away_candidate,unknown,,,,,,,REGULAR_SEASON,,31,Jan. 17 18 - @ Oklahoma State W 74-67,opponent_resolved_site_pending,,MATCHED,BOOTSTRAP_SAME_SOURCE_SEQUENCE
ASRT-MIZ-01299,CBBG-0001299,missouri,MIZ-HIST-01299,historical_media_guide,1971-1972,1972-01-22,Iowa State,iowa-state,Iowa State,89,75,W,0,home_or_special_site_candidate,unknown,Brewer Fieldhouse,,,,,,REGULAR_SEASON,,31,Jan. 22 - - Iowa State W 89-75,opponent_resolved_site_pending,,MATCHED,BOOTSTRAP_SAME_SOURCE_SEQUENCE
ASRT-MIZ-01300,CBBG-0001300,missouri,MIZ-HIST-01300,historical_media_guide,1971-1972,1972-01-29,Colorado,colorado,Colorado,79,67,W,0,away_candidate,unknown,,,,,,,REGULAR_SEASON,,31,Jan. 29 20 - @ Colorado W 79-67,opponent_resolved_site_pending,,MATCHED,BOOTSTRAP_SAME_SOURCE_SEQUENCE
ASRT-MIZ-01301,CBBG-0001301,missouri,MIZ-HIST-01301,historical_media_guide,1971-1972,1972-02-01,Kansas,kansas,Kansas,64,60,W,0,home_or_special_site_candidate,unknown,Brewer Fieldhouse,,,,,,REGULAR_SEASON,,31,Feb. 1 15 - Kansas W 64-60,opponent_resolved_site_pending,,MATCHED,BOOTSTRAP_SAME_SOURCE_SEQUENCE
ASRT-MIZ-01302,CBBG-0001302,missouri,MIZ-HIST-01302,historical_media_guide,1971-1972,1972-02-05,Kansas State,kansas-state,Kansas State,67,69,L,0,away_candidate,unknown,,,,,,,REGULAR_SEASON,,31,Feb. 5 15 - @ Kansas State L 67-69,opponent_resolved_site_pending,,MATCHED,BOOTSTRAP_SAME_SOURCE_SEQUENCE
ASRT-MIZ-01303,CBBG-0001303,missouri,MIZ-HIST-01303,historical_media_guide,1971-1972,1972-02-07,Iowa State,iowa-state,Iowa State,77,72,W,0,away_candidate,unknown,,,,,,,REGULAR_SEASON,,31,Feb. 7 15 - @ Iowa State W 77-72,opponent_resolved_site_pending,,MATCHED,BOOTSTRAP_SAME_SOURCE_SEQUENCE
ASRT-MIZ-01304,CBBG-0001304,missouri,MIZ-HIST-01304,historical_media_guide,1971-1972,1972-02-12,Oklahoma State,oklahoma-state,Oklahoma State,80,64,W,0,home_or_special_site_candidate,unknown,Brewer Fieldhouse,,,,,,REGULAR_SEASON,,31,Feb. 12 17 - Oklahoma State W 80-64,opponent_resolved_site_pending,,MATCHED,BOOTSTRAP_SAME_SOURCE_SEQUENCE
ASRT-MIZ-01305,CBBG-0001305,missouri,MIZ-HIST-01305,historical_media_guide,1971-1972,1972-02-15,Nebraska,nebraska,Nebraska,80,65,W,0,home_or_special_site_candidate,unknown,Brewer Fieldhouse,,,,,,REGULAR_SEASON,,31,Feb. 15 15 - Nebraska W 80-65,opponent_resolved_site_pending,,MATCHED,BOOTSTRAP_SAME_SOURCE_SEQUENCE
ASRT-MIZ-01306,CBBG-0001306,missouri,MIZ-HIST-01306,historical_media_guide,1971-1972,1972-02-19,Colorado,colorado,Colorado,59,52,W,0,home_or_special_site_candidate,unknown,Brewer Fieldhouse,,,,,,REGULAR_SEASON,,31,Feb. 19 15 - Colorado W 59-52,opponent_resolved_site_pending,,MATCHED,BOOTSTRAP_SAME_SOURCE_SEQUENCE
ASRT-MIZ-01307,CBBG-0001307,missouri,MIZ-HIST-01307,historical_media_guide,1971-1972,1972-02-26,Kansas,kansas,Kansas,80,93,L,0,away_candidate,unknown,,,,,,,REGULAR_SEASON,,31,Feb. 26 14 - @ Kansas L 80-93,opponent_resolved_site_pending,,MATCHED,BOOTSTRAP_SAME_SOURCE_SEQUENCE
ASRT-MIZ-01308,CBBG-0001308,missouri,MIZ-HIST-01308,historical_media_guide,1971-1972,1972-03-04,Nebraska,nebraska,Nebraska,61,54,W,0,away_candidate,unknown,,,,,,,REGULAR_SEASON,,31,Mar. 4 19 - @ Nebraska W 61-54,opponent_resolved_site_pending,,MATCHED,BOOTSTRAP_SAME_SOURCE_SEQUENCE
ASRT-MIZ-01309,CBBG-0001309,missouri,MIZ-HIST-01309,historical_media_guide,1971-1972,1972-03-07,Kansas State,kansas-state,Kansas State,76,79,L,0,home_or_special_site_candidate,unknown,Brewer Fieldhouse,,,,,,REGULAR_SEASON,,31,Mar. 7 18 - Kansas State L 76-79,opponent_resolved_site_pending,,MATCHED,BOOTSTRAP_SAME_SOURCE_SEQUENCE
ASRT-MIZ-01310,CBBG-0001310,missouri,MIZ-HIST-01310,historical_media_guide,1971-1972,1972-03-11,Oklahoma,oklahoma,Oklahoma,76,62,W,0,home_or_special_site_candidate,unknown,Brewer Fieldhouse,,,,,,REGULAR_SEASON,,31,Mar. 11 18 - Oklahoma W 76-62,opponent_resolved_site_pending,,MATCHED,BOOTSTRAP_SAME_SOURCE_SEQUENCE
ASRT-MIZ-01311,CBBG-0001311,missouri,MIZ-HIST-01311,historical_media_guide,1971-1972,1972-03-18,St. John’s,st-john-s,St. John's,81,82,L,0,home_or_special_site_candidate,unknown,Madison Square Garden,,,,"National Invitation Tournament, New York",,NIT,,31,Mar. 18 - - +St. John’s (OT) L 81-82,opponent_resolved_site_pending,,MATCHED,BOOTSTRAP_SAME_SOURCE_SEQUENCE
ASRT-MIZ-01312,CBBG-0001312,missouri,MIZ-HIST-01312,historical_media_guide,1972-1973,1972-11-25,Ohio,ohio,Ohio,87,75,W,0,home_or_special_site_candidate,unknown,Hearnes Center,,,,,,REGULAR_SEASON,,32,Nov. 25 - - Ohio W 87-75,opponent_resolved_site_pending,,MATCHED,BOOTSTRAP_SAME_SOURCE_SEQUENCE
ASRT-MIZ-01313,CBBG-0001313,missouri,MIZ-HIST-01313,historical_media_guide,1972-1973,1972-11-29,Louisiana Tech,louisiana-tech,Louisiana Tech,81,61,W,0,home_or_special_site_candidate,unknown,Hearnes Center,,,,,,REGULAR_SEASON,,32,Nov. 29 - - Louisiana Tech W 81-61,opponent_resolved_site_pending,,MATCHED,BOOTSTRAP_SAME_SOURCE_SEQUENCE
ASRT-MIZ-01314,CBBG-0001314,missouri,MIZ-HIST-01314,historical_media_guide,1972-1973,1972-12-01,California-Davis,uc-davis,UC Davis,77,70,W,0,home_or_special_site_candidate,unknown,Hearnes Center,,,,,,REGULAR_SEASON,,32,Dec. 1 - - California-Davis W 77-70,opponent_resolved_site_pending,,MATCHED,BOOTSTRAP_SAME_SOURCE_SEQUENCE
ASRT-MIZ-01315,CBBG-0001315,missouri,MIZ-HIST-01315,historical_media_guide,1972-1973,1972-12-06,Purdue,purdue,Purdue,84,75,W,0,home_or_special_site_candidate,unknown,Hearnes Center,,,,,,REGULAR_SEASON,,32,Dec. 6 - - Purdue W 84-75,opponent_resolved_site_pending,,MATCHED,BOOTSTRAP_SAME_SOURCE_SEQUENCE
ASRT-MIZ-01316,CBBG-0001316,missouri,MIZ-HIST-01316,historical_media_guide,1972-1973,1972-12-09,Ohio State,ohio-state,Ohio State,69,62,W,0,home_or_special_site_candidate,unknown,Hearnes Center,,,,,,REGULAR_SEASON,,32,Dec. 9 - 15 Ohio State W 69-62,opponent_resolved_site_pending,,MATCHED,BOOTSTRAP_SAME_SOURCE_SEQUENCE
ASRT-MIZ-01317,CBBG-0001317,missouri,MIZ-HIST-01317,historical_media_guide,1972-1973,1972-12-15,Holy Cross,holy-cross,Holy Cross,68,65,W,0,home_or_special_site_candidate,unknown,,,,,"Volunteer Classic, Knoxville",,REGULAR_SEASON,,32,Dec. 15 12 - #Holy Cross W 68-65,opponent_resolved_site_pending,,MATCHED,BOOTSTRAP_SAME_SOURCE_SEQUENCE
ASRT-MIZ-01318,CBBG-0001318,missouri,MIZ-HIST-01318,historical_media_guide,1972-1973,1972-12-16,Tennessee,tennessee,Tennessee,67,57,W,0,home_or_special_site_candidate,unknown,,,,,"Volunteer Classic, Knoxville",,REGULAR_SEASON,,32,Dec. 16 12 - #Tennessee W 67-57,opponent_resolved_site_pending,,MATCHED,BOOTSTRAP_SAME_SOURCE_SEQUENCE
ASRT-MIZ-01319,CBBG-0001319,missouri,MIZ-HIST-01319,historical_media_guide,1972-1973,1972-12-19,South Alabama,south-alabama,South Alabama,94,66,W,0,home_or_special_site_candidate,unknown,Hearnes Center,,,,,,REGULAR_SEASON,,32,Dec. 19 10 - South Alabama W 94-66,opponent_resolved_site_pending,,MATCHED,BOOTSTRAP_SAME_SOURCE_SEQUENCE
ASRT-MIZ-01320,CBBG-0001320,missouri,MIZ-HIST-01320,historical_media_guide,1972-1973,1972-12-27,Colorado,colorado,Colorado,98,78,W,0,home_or_special_site_candidate,unknown,Municipal Auditorium,,,,"Big Eight Tournament, Kansas City",,REGULAR_SEASON,,32,Dec. 27 7 - *Colorado W 98-78,opponent_resolved_site_pending,,MATCHED,BOOTSTRAP_SAME_SOURCE_SEQUENCE
ASRT-MIZ-01321,CBBG-0001321,missouri,MIZ-HIST-01321,historical_media_guide,1972-1973,1972-12-29,Oklahoma,oklahoma,Oklahoma,69,68,W,0,home_or_special_site_candidate,unknown,Municipal Auditorium,,,,"Big Eight Tournament, Kansas City",,REGULAR_SEASON,,32,Dec. 29 7 19 *Oklahoma W 69-68,opponent_resolved_site_pending,,MATCHED,BOOTSTRAP_SAME_SOURCE_SEQUENCE
ASRT-MIZ-01322,CBBG-0001322,missouri,MIZ-HIST-01322,historical_media_guide,1972-1973,1972-12-30,Kansas State,kansas-state,Kansas State,82,72,W,0,home_or_special_site_candidate,unknown,Municipal Auditorium,,,,"Big Eight Tournament, Kansas City",,REGULAR_SEASON,,32,Dec. 30 7 16 *Kansas State W 82-72,opponent_resolved_site_pending,,MATCHED,BOOTSTRAP_SAME_SOURCE_SEQUENCE
ASRT-MIZ-01323,CBBG-0001323,missouri,MIZ-HIST-01323,historical_media_guide,1972-1973,1973-01-08,SMU,smu,SMU,74,73,W,0,away_candidate,unknown,,,,,,,REGULAR_SEASON,,32,Jan. 8 7 - @ SMU W 74-73,opponent_resolved_site_pending,,MATCHED,BOOTSTRAP_SAME_SOURCE_SEQUENCE
ASRT-MIZ-01324,CBBG-0001324,missouri,MIZ-HIST-01324,historical_media_guide,1972-1973,1973-01-13,Kansas State,kansas-state,Kansas State,55,70,L,0,away_candidate,unknown,,,,,,,REGULAR_SEASON,,32,Jan. 13 5 17 @ Kansas State L 55-70,opponent_resolved_site_pending,,MATCHED,BOOTSTRAP_SAME_SOURCE_SEQUENCE
ASRT-MIZ-01325,CBBG-0001325,missouri,MIZ-HIST-01325,historical_media_guide,1972-1973,1973-01-15,Colorado,colorado,Colorado,79,81,L,0,home_or_special_site_candidate,unknown,Hearnes Center,,,,,,REGULAR_SEASON,,32,Jan. 15 5 - Colorado L 79-81,opponent_resolved_site_pending,,MATCHED,BOOTSTRAP_SAME_SOURCE_SEQUENCE
ASRT-MIZ-01326,CBBG-0001326,missouri,MIZ-HIST-01326,historical_media_guide,1972-1973,1973-01-20,Kansas,kansas,Kansas,75,72,W,0,home_or_special_site_candidate,unknown,Hearnes Center,,,,,,REGULAR_SEASON,,32,Jan. 20 8 - Kansas (OT) W 75-72,opponent_resolved_site_pending,,MATCHED,BOOTSTRAP_SAME_SOURCE_SEQUENCE
ASRT-MIZ-01327,CBBG-0001327,missouri,MIZ-HIST-01327,historical_media_guide,1972-1973,1973-01-27,Nebraska,nebraska,Nebraska,78,65,W,0,away_candidate,unknown,,,,,,,REGULAR_SEASON,,32,Jan. 27 7 - @ Nebraska W 78-65,opponent_resolved_site_pending,,MATCHED,BOOTSTRAP_SAME_SOURCE_SEQUENCE
ASRT-MIZ-01328,CBBG-0001328,missouri,MIZ-HIST-01328,historical_media_guide,1972-1973,1973-01-30,Oklahoma State,oklahoma-state,Oklahoma State,85,73,W,0,away_candidate,unknown,,,,,,,REGULAR_SEASON,,32,Jan. 30 7 - @ Oklahoma State W 85-73,opponent_resolved_site_pending,,MATCHED,BOOTSTRAP_SAME_SOURCE_SEQUENCE
ASRT-MIZ-01329,CBBG-0001329,missouri,MIZ-HIST-01329,historical_media_guide,1972-1973,1973-02-05,Oklahoma,oklahoma,Oklahoma,77,90,L,0,away_candidate,unknown,,,,,,,REGULAR_SEASON,,32,Feb. 5 7 19 @ Oklahoma L 77-90,opponent_resolved_site_pending,,MATCHED,BOOTSTRAP_SAME_SOURCE_SEQUENCE
ASRT-MIZ-01330,CBBG-0001330,missouri,MIZ-HIST-01330,historical_media_guide,1972-1973,1973-02-10,Iowa State,iowa-state,Iowa State,86,79,W,0,home_or_special_site_candidate,unknown,Hearnes Center,,,,,,REGULAR_SEASON,,32,Feb. 10 8 - Iowa State W 86-79,opponent_resolved_site_pending,,MATCHED,BOOTSTRAP_SAME_SOURCE_SEQUENCE
ASRT-MIZ-01331,CBBG-0001331,missouri,MIZ-HIST-01331,historical_media_guide,1972-1973,1973-02-12,Oklahoma,oklahoma,Oklahoma,64,62,W,0,home_or_special_site_candidate,unknown,Hearnes Center,,,,,,REGULAR_SEASON,,32,Feb. 12 8 19 Oklahoma W 64-62,opponent_resolved_site_pending,,MATCHED,BOOTSTRAP_SAME_SOURCE_SEQUENCE
ASRT-MIZ-01332,CBBG-0001332,missouri,MIZ-HIST-01332,historical_media_guide,1972-1973,1973-02-17,Colorado,colorado,Colorado,68,77,L,0,away_candidate,unknown,,,,,,,REGULAR_SEASON,,32,Feb. 17 12 - @ Colorado (OT) L 68-77,opponent_resolved_site_pending,,MATCHED,BOOTSTRAP_SAME_SOURCE_SEQUENCE
ASRT-MIZ-01333,CBBG-0001333,missouri,MIZ-HIST-01333,historical_media_guide,1972-1973,1973-02-20,Kansas State,kansas-state,Kansas State,80,66,W,0,home_or_special_site_candidate,unknown,Hearnes Center,,,,,,REGULAR_SEASON,,32,Feb. 20 16 13 Kansas State W 80-66,opponent_resolved_site_pending,,MATCHED,BOOTSTRAP_SAME_SOURCE_SEQUENCE
ASRT-MIZ-01334,CBBG-0001334,missouri,MIZ-HIST-01334,historical_media_guide,1972-1973,1973-02-27,Kansas,kansas,Kansas,79,63,W,0,away_candidate,unknown,,,,,,,REGULAR_SEASON,,32,Feb. 27 13 - @ Kansas W 79-63,opponent_resolved_site_pending,,MATCHED,BOOTSTRAP_SAME_SOURCE_SEQUENCE
ASRT-MIZ-01335,CBBG-0001335,missouri,MIZ-HIST-01335,historical_media_guide,1972-1973,1973-03-03,Oklahoma State,oklahoma-state,Oklahoma State,79,73,W,0,home_or_special_site_candidate,unknown,Hearnes Center,,,,,,REGULAR_SEASON,,32,Mar. 3 13 - Oklahoma State W 79-73,opponent_resolved_site_pending,,MATCHED,BOOTSTRAP_SAME_SOURCE_SEQUENCE
ASRT-MIZ-01336,CBBG-0001336,missouri,MIZ-HIST-01336,historical_media_guide,1972-1973,1973-03-05,Iowa State,iowa-state,Iowa State,80,90,L,0,away_candidate,unknown,,,,,,,REGULAR_SEASON,,32,Mar. 5 13 - @ Iowa State L 80-90,opponent_resolved_site_pending,,MATCHED,BOOTSTRAP_SAME_SOURCE_SEQUENCE
ASRT-MIZ-01337,CBBG-0001337,missouri,MIZ-HIST-01337,historical_media_guide,1972-1973,1973-03-10,Nebraska,nebraska,Nebraska,86,70,W,0,home_or_special_site_candidate,unknown,Hearnes Center,,,,,,REGULAR_SEASON,,32,Mar. 10 12 - Nebraska W 86-70,opponent_resolved_site_pending,,MATCHED,BOOTSTRAP_SAME_SOURCE_SEQUENCE
ASRT-MIZ-01338,CBBG-0001338,missouri,MIZ-HIST-01338,historical_media_guide,1972-1973,1973-03-17,Massachusetts,massachusetts,Massachusetts,71,78,L,0,home_or_special_site_candidate,unknown,Madison Square Garden,,,,"National Invitation Tournament, New York",,NIT,,32,Mar. 17 15 - +Massachusetts L 71-78,opponent_resolved_site_pending,,MATCHED,BOOTSTRAP_SAME_SOURCE_SEQUENCE
ASRT-MIZ-01339,CBBG-0001339,missouri,MIZ-HIST-01339,historical_media_guide,1973-1974,1973-12-01,SMU,smu,SMU,73,77,L,0,home_or_special_site_candidate,unknown,Hearnes Center,,,,,,REGULAR_SEASON,,32,Dec. 1 - - SMU L 73-77,opponent_resolved_site_pending,,MATCHED,BOOTSTRAP_SAME_SOURCE_SEQUENCE
ASRT-MIZ-01340,CBBG-0001340,missouri,MIZ-HIST-01340,historical_media_guide,1973-1974,1973-12-07,Cornell,cornell,Cornell,82,45,W,0,home_or_special_site_candidate,unknown,Hearnes Center,,,,"Show-Me Classic, Columbia",,REGULAR_SEASON,,32,Dec. 7 - - #Cornell W 82-45,opponent_resolved_site_pending,,MATCHED,BOOTSTRAP_SAME_SOURCE_SEQUENCE
ASRT-MIZ-01341,CBBG-0001341,missouri,MIZ-HIST-01341,historical_media_guide,1973-1974,1973-12-08,Texas-El Paso,utep,UTEP,68,56,W,0,home_or_special_site_candidate,unknown,Hearnes Center,,,,"Show-Me Classic, Columbia",,REGULAR_SEASON,,32,Dec. 8 - - #Texas-El Paso W 68-56,opponent_resolved_site_pending,,MATCHED,BOOTSTRAP_SAME_SOURCE_SEQUENCE
ASRT-MIZ-01342,CBBG-0001342,missouri,MIZ-HIST-01342,historical_media_guide,1973-1974,1973-12-11,Purdue,purdue,Purdue,66,79,L,0,away_candidate,unknown,,,,,,,REGULAR_SEASON,,32,Dec. 11 - - @ Purdue L 66-79,opponent_resolved_site_pending,,MATCHED,BOOTSTRAP_SAME_SOURCE_SEQUENCE
ASRT-MIZ-01343,CBBG-0001343,missouri,MIZ-HIST-01343,historical_media_guide,1973-1974,1973-12-15,Ohio State,ohio-state,Ohio State,71,68,W,0,home_or_special_site_candidate,unknown,Hearnes Center,,,,,,REGULAR_SEASON,,32,Dec. 15 - - Ohio State W 71-68,opponent_resolved_site_pending,,MATCHED,BOOTSTRAP_SAME_SOURCE_SEQUENCE
ASRT-MIZ-01344,CBBG-0001344,missouri,MIZ-HIST-01344,historical_media_guide,1973-1974,1973-12-26,Oklahoma,oklahoma,Oklahoma,73,70,W,0,home_or_special_site_candidate,unknown,Municipal Auditorium,,,,"Big Eight Tournament, Kansas City",,REGULAR_SEASON,,32,Dec. 26 - - *Oklahoma W 73-70,opponent_resolved_site_pending,,MATCHED,BOOTSTRAP_SAME_SOURCE_SEQUENCE
ASRT-MIZ-01345,CBBG-0001345,missouri,MIZ-HIST-01345,historical_media_guide,1973-1974,1973-12-28,Colorado,colorado,Colorado,89,83,W,0,home_or_special_site_candidate,unknown,Municipal Auditorium,,,,"Big Eight Tournament, Kansas City",,REGULAR_SEASON,,32,Dec. 28 - - *Colorado W 89-83,opponent_resolved_site_pending,,MATCHED,BOOTSTRAP_SAME_SOURCE_SEQUENCE
ASRT-MIZ-01346,CBBG-0001346,missouri,MIZ-HIST-01346,historical_media_guide,1973-1974,1973-12-29,Iowa State,iowa-state,Iowa State,80,78,W,0,home_or_special_site_candidate,unknown,Municipal Auditorium,,,,"Big Eight Tournament, Kansas City",,REGULAR_SEASON,,32,Dec. 29 - - *Iowa State W 80-78,opponent_resolved_site_pending,,MATCHED,BOOTSTRAP_SAME_SOURCE_SEQUENCE
ASRT-MIZ-01347,CBBG-0001347,missouri,MIZ-HIST-01347,historical_media_guide,1973-1974,1974-01-02,Austin Peay State,austin-peay,Austin Peay,88,86,W,0,home_or_special_site_candidate,unknown,,,,,"Senior Bowl Tournament, Mobile",,REGULAR_SEASON,,32,Jan. 2 - - +Austin Peay State W 88-86,opponent_resolved_site_pending,,MATCHED,BOOTSTRAP_SAME_SOURCE_SEQUENCE
ASRT-MIZ-01348,CBBG-0001348,missouri,MIZ-HIST-01348,historical_media_guide,1973-1974,1974-01-03,South Alabama,south-alabama,South Alabama,64,74,L,0,home_or_special_site_candidate,unknown,,,,,"Senior Bowl Tournament, Mobile",,REGULAR_SEASON,,32,Jan. 3 - - +South Alabama L 64-74,opponent_resolved_site_pending,,MATCHED,BOOTSTRAP_SAME_SOURCE_SEQUENCE
ASRT-MIZ-01349,CBBG-0001349,missouri,MIZ-HIST-01349,historical_media_guide,1973-1974,1974-01-05,Texas,texas,Texas,86,76,W,0,home_or_special_site_candidate,unknown,Hearnes Center,,,,,,REGULAR_SEASON,,32,Jan. 5 - - Texas W 86-76,opponent_resolved_site_pending,,MATCHED,BOOTSTRAP_SAME_SOURCE_SEQUENCE
ASRT-MIZ-01350,CBBG-0001350,missouri,MIZ-HIST-01350,historical_media_guide,1973-1974,1974-01-10,Hawaii,hawai-i,Hawai'i,86,74,W,0,home_or_special_site_candidate,unknown,Hearnes Center,,,,,,REGULAR_SEASON,,32,Jan. 10 - 20 Hawaii W 86-74,opponent_resolved_site_pending,,MATCHED,BOOTSTRAP_SAME_SOURCE_SEQUENCE
ASRT-MIZ-01351,CBBG-0001351,missouri,MIZ-HIST-01351,historical_media_guide,1973-1974,1974-01-12,Iowa State,iowa-state,Iowa State,91,83,W,0,home_or_special_site_candidate,unknown,Hearnes Center,,,,,,REGULAR_SEASON,,32,Jan. 12 - - Iowa State W 91-83,opponent_resolved_site_pending,,MATCHED,BOOTSTRAP_SAME_SOURCE_SEQUENCE
ASRT-MIZ-01352,CBBG-0001352,missouri,MIZ-HIST-01352,historical_media_guide,1973-1974,1974-01-19,Kansas State,kansas-state,Kansas State,67,70,L,0,away_candidate,unknown,,,,,,,REGULAR_SEASON,,32,Jan. 19 18 - @ Kansas State L 67-70,opponent_resolved_site_pending,,MATCHED,BOOTSTRAP_SAME_SOURCE_SEQUENCE
ASRT-MIZ-01353,CBBG-0001353,missouri,MIZ-HIST-01353,historical_media_guide,1973-1974,1974-01-26,Colorado,colorado,Colorado,68,81,L,0,away_candidate,unknown,,,,,,,REGULAR_SEASON,,32,Jan. 26 - - @ Colorado L 68-81,opponent_resolved_site_pending,,MATCHED,BOOTSTRAP_SAME_SOURCE_SEQUENCE
ASRT-MIZ-01354,CBBG-0001354,missouri,MIZ-HIST-01354,historical_media_guide,1973-1974,1974-01-29,Kansas,kansas,Kansas,67,80,L,0,home_or_special_site_candidate,unknown,Hearnes Center,,,,,,REGULAR_SEASON,,32,Jan. 29 - 18 Kansas L 67-80,opponent_resolved_site_pending,,MATCHED,BOOTSTRAP_SAME_SOURCE_SEQUENCE
ASRT-MIZ-01355,CBBG-0001355,missouri,MIZ-HIST-01355,historical_media_guide,1973-1974,1974-02-02,Oklahoma,oklahoma,Oklahoma,92,98,L,0,home_or_special_site_candidate,unknown,Hearnes Center,,,,,,REGULAR_SEASON,,32,Feb. 2 - - Oklahoma L 92-98,opponent_resolved_site_pending,,MATCHED,BOOTSTRAP_SAME_SOURCE_SEQUENCE
ASRT-MIZ-01356,CBBG-0001356,missouri,MIZ-HIST-01356,historical_media_guide,1973-1974,1974-02-09,Nebraska,nebraska,Nebraska,58,75,L,0,away_candidate,unknown,,,,,,,REGULAR_SEASON,,32,Feb. 9 - - @ Nebraska L 58-75,opponent_resolved_site_pending,,MATCHED,BOOTSTRAP_SAME_SOURCE_SEQUENCE
ASRT-MIZ-01357,CBBG-0001357,missouri,MIZ-HIST-01357,historical_media_guide,1973-1974,1974-02-11,Iowa State,iowa-state,Iowa State,75,79,L,0,away_candidate,unknown,,,,,,,REGULAR_SEASON,,32,Feb. 11 - - @ Iowa State L 75-79,opponent_resolved_site_pending,,MATCHED,BOOTSTRAP_SAME_SOURCE_SEQUENCE
ASRT-MIZ-01358,CBBG-0001358,missouri,MIZ-HIST-01358,historical_media_guide,1973-1974,1974-02-16,Nebraska,nebraska,Nebraska,87,88,L,0,home_or_special_site_candidate,unknown,Hearnes Center,,,,,,REGULAR_SEASON,,32,Feb. 16 - - Nebraska (OT) L 87-88,opponent_resolved_site_pending,,MATCHED,BOOTSTRAP_SAME_SOURCE_SEQUENCE
ASRT-MIZ-01359,CBBG-0001359,missouri,MIZ-HIST-01359,historical_media_guide,1973-1974,1974-02-18,Oklahoma State,oklahoma-state,Oklahoma State,80,86,L,0,away_candidate,unknown,,,,,,,REGULAR_SEASON,,32,Feb. 18 - - @ Oklahoma State L 80-86,opponent_resolved_site_pending,,MATCHED,BOOTSTRAP_SAME_SOURCE_SEQUENCE
ASRT-MIZ-01360,CBBG-0001360,missouri,MIZ-HIST-01360,historical_media_guide,1973-1974,1974-02-23,Colorado,colorado,Colorado,72,68,W,0,home_or_special_site_candidate,unknown,Hearnes Center,,,,,,REGULAR_SEASON,,32,Feb. 23 - - Colorado W 72-68,opponent_resolved_site_pending,,MATCHED,BOOTSTRAP_SAME_SOURCE_SEQUENCE
ASRT-MIZ-01361,CBBG-0001361,missouri,MIZ-HIST-01361,historical_media_guide,1973-1974,1974-02-26,Kansas State,kansas-state,Kansas State,67,69,L,0,home_or_special_site_candidate,unknown,Hearnes Center,,,,,,REGULAR_SEASON,,32,Feb. 26 - - Kansas State L 67-69,opponent_resolved_site_pending,,MATCHED,BOOTSTRAP_SAME_SOURCE_SEQUENCE
ASRT-MIZ-01362,CBBG-0001362,missouri,MIZ-HIST-01362,historical_media_guide,1973-1974,1974-03-02,Oklahoma State,oklahoma-state,Oklahoma State,87,81,W,0,home_or_special_site_candidate,unknown,Hearnes Center,,,,,,REGULAR_SEASON,,32,Mar. 2 - - Oklahoma State W 87-81,opponent_resolved_site_pending,,MATCHED,BOOTSTRAP_SAME_SOURCE_SEQUENCE
ASRT-MIZ-01363,CBBG-0001363,missouri,MIZ-HIST-01363,historical_media_guide,1973-1974,1974-03-04,Oklahoma,oklahoma,Oklahoma,80,97,L,0,away_candidate,unknown,,,,,,,REGULAR_SEASON,,32,Mar. 4 - - @ Oklahoma L 80-97,opponent_resolved_site_pending,,MATCHED,BOOTSTRAP_SAME_SOURCE_SEQUENCE
ASRT-MIZ-01364,CBBG-0001364,missouri,MIZ-HIST-01364,historical_media_guide,1973-1974,1974-03-09,Kansas,kansas,Kansas,76,112,L,0,away_candidate,unknown,,,,,,,REGULAR_SEASON,,32,Mar. 9 - 15 @ Kansas L 76-112,opponent_resolved_site_pending,,MATCHED,BOOTSTRAP_SAME_SOURCE_SEQUENCE
ASRT-MIZ-01365,CBBG-0001365,missouri,MIZ-HIST-01365,historical_media_guide,1974-1975,1974-11-30,Wisc.-Oshkosh,wisconsin-oshkosh,Wisconsin Oshkosh,95,81,W,0,home_or_special_site_candidate,unknown,Hearnes Center,,,,,,REGULAR_SEASON,,32,Nov. 30 - - Wisc.-Oshkosh W 95-81,opponent_resolved_site_pending,,MATCHED,BOOTSTRAP_SAME_SOURCE_SEQUENCE
ASRT-MIZ-01366,CBBG-0001366,missouri,MIZ-HIST-01366,historical_media_guide,1974-1975,1974-12-02,Rice,rice,Rice,92,67,W,0,home_or_special_site_candidate,unknown,Hearnes Center,,,,,,REGULAR_SEASON,,32,Dec. 2 - - Rice W 92-67,opponent_resolved_site_pending,,MATCHED,BOOTSTRAP_SAME_SOURCE_SEQUENCE
ASRT-MIZ-01367,CBBG-0001367,missouri,MIZ-HIST-01367,historical_media_guide,1974-1975,1974-12-06,Portland,portland,Portland,89,71,W,0,home_or_special_site_candidate,unknown,Hearnes Center,,,,"Show-Me Classic, Columbia",,REGULAR_SEASON,,32,Dec. 6 - - #Portland W 89-71,opponent_resolved_site_pending,,MATCHED,BOOTSTRAP_SAME_SOURCE_SEQUENCE
ASRT-MIZ-01368,CBBG-0001368,missouri,MIZ-HIST-01368,historical_media_guide,1974-1975,1974-12-07,Mississippi State,mississippi-state,Mississippi State,102,78,W,0,home_or_special_site_candidate,unknown,Hearnes Center,,,,"Show-Me Classic, Columbia",,REGULAR_SEASON,,32,Dec. 7 - - #Mississippi State W 102-78,opponent_resolved_site_pending,,MATCHED,BOOTSTRAP_SAME_SOURCE_SEQUENCE
ASRT-MIZ-01369,CBBG-0001369,missouri,MIZ-HIST-01369,historical_media_guide,1974-1975,1974-12-10,Indiana State,indiana-state,Indiana State,93,76,W,0,home_or_special_site_candidate,unknown,Hearnes Center,,,,,,REGULAR_SEASON,,32,Dec. 10 - - Indiana State W 93-76,opponent_resolved_site_pending,,MATCHED,BOOTSTRAP_SAME_SOURCE_SEQUENCE
ASRT-MIZ-01370,CBBG-0001370,missouri,MIZ-HIST-01370,historical_media_guide,1974-1975,1974-12-20,Duquesne,duquesne,Duquesne,87,84,W,0,home_or_special_site_candidate,unknown,,,,,"Big Sun Tournament, St. Petersburg",,REGULAR_SEASON,,32,Dec. 20 - - *Duquesne W 87-84,opponent_resolved_site_pending,,MATCHED,BOOTSTRAP_SAME_SOURCE_SEQUENCE
ASRT-MIZ-01371,CBBG-0001371,missouri,MIZ-HIST-01371,historical_media_guide,1974-1975,1974-12-21,Tennessee,tennessee,Tennessee,77,99,L,0,home_or_special_site_candidate,unknown,,,,,"Big Sun Tournament, St. Petersburg",,REGULAR_SEASON,,32,Dec. 21 - - *Tennessee L 77-99,opponent_resolved_site_pending,,MATCHED,BOOTSTRAP_SAME_SOURCE_SEQUENCE
ASRT-MIZ-01372,CBBG-0001372,missouri,MIZ-HIST-01372,historical_media_guide,1974-1975,1974-12-27,Kansas State,kansas-state,Kansas State,67,84,L,0,home_or_special_site_candidate,unknown,Kemper Arena,,,,"Big Eight Tournament, Kansas City",,REGULAR_SEASON,,32,Dec. 27 - - +Kansas State L 67-84,opponent_resolved_site_pending,,MATCHED,BOOTSTRAP_SAME_SOURCE_SEQUENCE
ASRT-MIZ-01373,CBBG-0001373,missouri,MIZ-HIST-01373,historical_media_guide,1974-1975,1974-12-28,Colorado,colorado,Colorado,73,57,W,0,home_or_special_site_candidate,unknown,Kemper Arena,,,,"Big Eight Tournament, Kansas City",,REGULAR_SEASON,,32,Dec. 28 - - +Colorado W 73-57,opponent_resolved_site_pending,,MATCHED,BOOTSTRAP_SAME_SOURCE_SEQUENCE
ASRT-MIZ-01374,CBBG-0001374,missouri,MIZ-HIST-01374,historical_media_guide,1974-1975,1974-12-30,Oklahoma,oklahoma,Oklahoma,83,81,W,0,home_or_special_site_candidate,unknown,Kemper Arena,,,,"Big Eight Tournament, Kansas City",,REGULAR_SEASON,,32,Dec. 30 - 18 +Oklahoma (2OT) W 83-81,opponent_resolved_site_pending,,MATCHED,BOOTSTRAP_SAME_SOURCE_SEQUENCE
ASRT-MIZ-01375,CBBG-0001375,missouri,MIZ-HIST-01375,historical_media_guide,1974-1975,1975-01-04,Texas,texas,Texas,64,60,W,0,away_candidate,unknown,,,,,,,REGULAR_SEASON,,32,Jan. 4 - - @ Texas W 64-60,opponent_resolved_site_pending,,MATCHED,BOOTSTRAP_SAME_SOURCE_SEQUENCE
ASRT-MIZ-01376,CBBG-0001376,missouri,MIZ-HIST-01376,historical_media_guide,1974-1975,1975-01-07,Ohio,ohio,Ohio,65,78,L,0,away_candidate,unknown,,,,,,,REGULAR_SEASON,,32,Jan. 7 - - @ Ohio L 65-78,opponent_resolved_site_pending,,MATCHED,BOOTSTRAP_SAME_SOURCE_SEQUENCE
ASRT-MIZ-01377,CBBG-0001377,missouri,MIZ-HIST-01377,historical_media_guide,1974-1975,1975-01-18,Kansas,kansas,Kansas,86,91,L,0,away_candidate,unknown,,,,,,,REGULAR_SEASON,,32,Jan. 18 - - @ Kansas L 86-91,opponent_resolved_site_pending,,MATCHED,BOOTSTRAP_SAME_SOURCE_SEQUENCE
ASRT-MIZ-01378,CBBG-0001378,missouri,MIZ-HIST-01378,historical_media_guide,1974-1975,1975-01-22,Oklahoma State,oklahoma-state,Oklahoma State,75,94,L,0,away_candidate,unknown,,,,,,,REGULAR_SEASON,,32,Jan. 22 - - @ Oklahoma State L 75-94,opponent_resolved_site_pending,,MATCHED,BOOTSTRAP_SAME_SOURCE_SEQUENCE
ASRT-MIZ-01379,CBBG-0001379,missouri,MIZ-HIST-01379,historical_media_guide,1974-1975,1975-01-25,Iowa State,iowa-state,Iowa State,87,85,W,0,home_or_special_site_candidate,unknown,Hearnes Center,,,,,,REGULAR_SEASON,,32,Jan. 25 - - Iowa State W 87-85,opponent_resolved_site_pending,,MATCHED,BOOTSTRAP_SAME_SOURCE_SEQUENCE
ASRT-MIZ-01380,CBBG-0001380,missouri,MIZ-HIST-01380,historical_media_guide,1974-1975,1975-01-29,Oklahoma,oklahoma,Oklahoma,77,66,W,0,away_candidate,unknown,,,,,,,REGULAR_SEASON,,32,Jan. 29 - - @ Oklahoma W 77-66,opponent_resolved_site_pending,,MATCHED,BOOTSTRAP_SAME_SOURCE_SEQUENCE
ASRT-MIZ-01381,CBBG-0001381,missouri,MIZ-HIST-01381,historical_media_guide,1974-1975,1975-02-01,Nebraska,nebraska,Nebraska,88,74,W,0,home_or_special_site_candidate,unknown,Hearnes Center,,,,,,REGULAR_SEASON,,32,Feb. 1 - - Nebraska W 88-74,opponent_resolved_site_pending,,MATCHED,BOOTSTRAP_SAME_SOURCE_SEQUENCE
ASRT-MIZ-01382,CBBG-0001382,missouri,MIZ-HIST-01382,historical_media_guide,1974-1975,1975-02-05,Kansas State,kansas-state,Kansas State,84,91,L,0,away_candidate,unknown,,,,,,,REGULAR_SEASON,,32,Feb. 5 - - @ Kansas State L 84-91,opponent_resolved_site_pending,,MATCHED,BOOTSTRAP_SAME_SOURCE_SEQUENCE
ASRT-MIZ-01383,CBBG-0001383,missouri,MIZ-HIST-01383,historical_media_guide,1974-1975,1975-02-08,Colorado,colorado,Colorado,93,75,W,0,home_or_special_site_candidate,unknown,Hearnes Center,,,,,,REGULAR_SEASON,,32,Feb. 8 - - Colorado W 93-75,opponent_resolved_site_pending,,MATCHED,BOOTSTRAP_SAME_SOURCE_SEQUENCE
ASRT-MIZ-01384,CBBG-0001384,missouri,MIZ-HIST-01384,historical_media_guide,1974-1975,1975-02-12,Oklahoma State,oklahoma-state,Oklahoma State,76,66,W,0,home_or_special_site_candidate,unknown,Hearnes Center,,,,,,REGULAR_SEASON,,32,Feb. 12 - - Oklahoma State W 76-66,opponent_resolved_site_pending,,MATCHED,BOOTSTRAP_SAME_SOURCE_SEQUENCE
ASRT-MIZ-01385,CBBG-0001385,missouri,MIZ-HIST-01385,historical_media_guide,1974-1975,1975-02-15,Iowa State,iowa-state,Iowa State,96,86,W,0,away_candidate,unknown,,,,,,,REGULAR_SEASON,,32,Feb. 15 - - @ Iowa State W 96-86,opponent_resolved_site_pending,,MATCHED,BOOTSTRAP_SAME_SOURCE_SEQUENCE
ASRT-MIZ-01386,CBBG-0001386,missouri,MIZ-HIST-01386,historical_media_guide,1974-1975,1975-02-19,Kansas,kansas,Kansas,87,72,W,0,home_or_special_site_candidate,unknown,Hearnes Center,,,,,,REGULAR_SEASON,,32,Feb. 19 - - Kansas W 87-72,opponent_resolved_site_pending,,MATCHED,BOOTSTRAP_SAME_SOURCE_SEQUENCE
ASRT-MIZ-01387,CBBG-0001387,missouri,MIZ-HIST-01387,historical_media_guide,1974-1975,1975-02-22,Nebraska,nebraska,Nebraska,77,80,L,0,away_candidate,unknown,,,,,,,REGULAR_SEASON,,32,Feb. 22 - - @ Nebraska L 77-80,opponent_resolved_site_pending,,MATCHED,BOOTSTRAP_SAME_SOURCE_SEQUENCE
ASRT-MIZ-01388,CBBG-0001388,missouri,MIZ-HIST-01388,historical_media_guide,1974-1975,1975-03-01,Oklahoma,oklahoma,Oklahoma,88,87,W,0,home_or_special_site_candidate,unknown,Hearnes Center,,,,,,REGULAR_SEASON,,32,Mar. 1 - - Oklahoma W 88-87,opponent_resolved_site_pending,,MATCHED,BOOTSTRAP_SAME_SOURCE_SEQUENCE
ASRT-MIZ-01389,CBBG-0001389,missouri,MIZ-HIST-01389,historical_media_guide,1974-1975,1975-03-05,Kansas State,kansas-state,Kansas State,83,75,W,0,home_or_special_site_candidate,unknown,Hearnes Center,,,,,,REGULAR_SEASON,,32,Mar. 5 - - Kansas State W 83-75,opponent_resolved_site_pending,,MATCHED,BOOTSTRAP_SAME_SOURCE_SEQUENCE
ASRT-MIZ-01390,CBBG-0001390,missouri,MIZ-HIST-01390,historical_media_guide,1974-1975,1975-03-08,Colorado,colorado,Colorado,97,106,L,0,away_candidate,unknown,,,,,,,REGULAR_SEASON,,32,Mar. 8 - - @ Colorado L 97-106,opponent_resolved_site_pending,,MATCHED,BOOTSTRAP_SAME_SOURCE_SEQUENCE
ASRT-MIZ-01391,CBBG-0001391,missouri,MIZ-HIST-01391,historical_media_guide,1974-1975,1975-03-14,Purdue,purdue,Purdue,74,87,L,0,home_or_special_site_candidate,unknown,Hearnes Center,,,,,,REGULAR_SEASON,,32,Mar. 14 - - %Purdue L 74-87,opponent_resolved_site_pending,,MATCHED,BOOTSTRAP_SAME_SOURCE_SEQUENCE
ASRT-MIZ-01392,CBBG-0001392,missouri,MIZ-HIST-01392,historical_media_guide,1975-1976,1975-11-29,Farleigh Dickinson,fairleigh-dickinson,Fairleigh Dickinson,87,67,W,0,home_or_special_site_candidate,unknown,Hearnes Center,,,,,,REGULAR_SEASON,,32,Nov. 29 - - Farleigh Dickinson W 87-67,opponent_resolved_site_pending,,MATCHED,BOOTSTRAP_SAME_SOURCE_SEQUENCE
ASRT-MIZ-01393,CBBG-0001393,missouri,MIZ-HIST-01393,historical_media_guide,1975-1976,1975-12-02,Toledo,toledo,Toledo,88,85,W,0,home_or_special_site_candidate,unknown,Hearnes Center,,,,,,REGULAR_SEASON,,32,Dec. 2 - - Toledo (OT) W 88-85,opponent_resolved_site_pending,,MATCHED,BOOTSTRAP_SAME_SOURCE_SEQUENCE
ASRT-MIZ-01394,CBBG-0001394,missouri,MIZ-HIST-01394,historical_media_guide,1975-1976,1975-12-05,Baylor,baylor,Baylor,105,70,W,0,home_or_special_site_candidate,unknown,Hearnes Center,,,,"Show-Me Classic, Columbia",,REGULAR_SEASON,,32,Dec. 5 - - #Baylor W 105-70,opponent_resolved_site_pending,,MATCHED,BOOTSTRAP_SAME_SOURCE_SEQUENCE
ASRT-MIZ-01395,CBBG-0001395,missouri,MIZ-HIST-01395,historical_media_guide,1975-1976,1975-12-06,Oklahoma City,oklahoma-city,Oklahoma City,85,68,W,0,home_or_special_site_candidate,unknown,Hearnes Center,,,,"Show-Me Classic, Columbia",,REGULAR_SEASON,,32,Dec. 6 - - #Oklahoma City W 85-68,opponent_resolved_site_pending,,MATCHED,BOOTSTRAP_SAME_SOURCE_SEQUENCE
ASRT-MIZ-01396,CBBG-0001396,missouri,MIZ-HIST-01396,historical_media_guide,1975-1976,1975-12-08,Rice,rice,Rice,94,75,W,0,away_candidate,unknown,,,,,,,REGULAR_SEASON,,32,Dec. 8 - - @ Rice W 94-75,opponent_resolved_site_pending,,MATCHED,BOOTSTRAP_SAME_SOURCE_SEQUENCE
ASRT-MIZ-01397,CBBG-0001397,missouri,MIZ-HIST-01397,historical_media_guide,1975-1976,1975-12-13,South Dakota State,south-dakota-state,South Dakota State,80,57,W,0,home_or_special_site_candidate,unknown,Hearnes Center,,,,,,REGULAR_SEASON,,32,Dec. 13 20 - South Dakota State W 80-57,opponent_resolved_site_pending,,MATCHED,BOOTSTRAP_SAME_SOURCE_SEQUENCE
ASRT-MIZ-01398,CBBG-0001398,missouri,MIZ-HIST-01398,historical_media_guide,1975-1976,1975-12-18,UCLA,ucla,UCLA,71,83,L,0,away_candidate,unknown,,,,,,,REGULAR_SEASON,,32,Dec. 18 - 6 @ UCLA L 71-83,opponent_resolved_site_pending,,MATCHED,BOOTSTRAP_SAME_SOURCE_SEQUENCE
ASRT-MIZ-01399,CBBG-0001399,missouri,MIZ-HIST-01399,historical_media_guide,1975-1976,1975-12-20,Hawaii,hawai-i,Hawai'i,66,81,L,0,away_candidate,unknown,,,,,,,REGULAR_SEASON,,32,Dec. 20 - - @ Hawaii L 66-81,opponent_resolved_site_pending,,MATCHED,BOOTSTRAP_SAME_SOURCE_SEQUENCE
ASRT-MIZ-01400,CBBG-0001400,missouri,MIZ-HIST-01400,historical_media_guide,1975-1976,1975-12-22,Hawaii,hawai-i,Hawai'i,99,91,W,0,away_candidate,unknown,,,,,,,REGULAR_SEASON,,32,Dec. 22 - - @ Hawaii W 99-91,opponent_resolved_site_pending,,MATCHED,BOOTSTRAP_SAME_SOURCE_SEQUENCE
ASRT-MIZ-01401,CBBG-0001401,missouri,MIZ-HIST-01401,historical_media_guide,1975-1976,1975-12-26,Oklahoma State,oklahoma-state,Oklahoma State,81,79,W,0,home_or_special_site_candidate,unknown,Kemper Arena,,,,"Big Eight Tournament, Kansas City",,REGULAR_SEASON,,32,Dec. 26 - - *Oklahoma State W 81-79,opponent_resolved_site_pending,,MATCHED,BOOTSTRAP_SAME_SOURCE_SEQUENCE
ASRT-MIZ-01402,CBBG-0001402,missouri,MIZ-HIST-01402,historical_media_guide,1975-1976,1975-12-29,Kansas State,kansas-state,Kansas State,86,66,W,0,home_or_special_site_candidate,unknown,Kemper Arena,,,,"Big Eight Tournament, Kansas City",,REGULAR_SEASON,,32,Dec. 29 - - *Kansas State W 86-66,opponent_resolved_site_pending,,MATCHED,BOOTSTRAP_SAME_SOURCE_SEQUENCE
ASRT-MIZ-01403,CBBG-0001403,missouri,MIZ-HIST-01403,historical_media_guide,1975-1976,1975-12-30,Kansas,kansas,Kansas,79,69,W,0,home_or_special_site_candidate,unknown,Kemper Arena,,,,"Big Eight Tournament, Kansas City",,REGULAR_SEASON,,32,Dec. 30 - - *Kansas W 79-69,opponent_resolved_site_pending,,MATCHED,BOOTSTRAP_SAME_SOURCE_SEQUENCE
ASRT-MIZ-01404,CBBG-0001404,missouri,MIZ-HIST-01404,historical_media_guide,1975-1976,1976-01-07,Lafayette,lafayette,Lafayette,90,77,W,0,home_or_special_site_candidate,unknown,Hearnes Center,,,,,,REGULAR_SEASON,,32,Jan. 7 - - Lafayette W 90-77,opponent_resolved_site_pending,,MATCHED,BOOTSTRAP_SAME_SOURCE_SEQUENCE
ASRT-MIZ-01405,CBBG-0001405,missouri,MIZ-HIST-01405,historical_media_guide,1975-1976,1976-01-12,MacMurray,macmurray,MacMurray,106,34,W,0,home_or_special_site_candidate,unknown,Hearnes Center,,,,,,REGULAR_SEASON,,32,Jan. 12 - - MacMurray W 106-34,opponent_resolved_site_pending,,MATCHED,BOOTSTRAP_SAME_SOURCE_SEQUENCE
ASRT-MIZ-01406,CBBG-0001406,missouri,MIZ-HIST-01406,historical_media_guide,1975-1976,1976-01-17,Kansas,kansas,Kansas,99,69,W,0,home_or_special_site_candidate,unknown,Hearnes Center,,,,,,REGULAR_SEASON,,32,Jan. 17 20 - Kansas W 99-69,opponent_resolved_site_pending,,MATCHED,BOOTSTRAP_SAME_SOURCE_SEQUENCE
ASRT-MIZ-01407,CBBG-0001407,missouri,MIZ-HIST-01407,historical_media_guide,1975-1976,1976-01-21,Oklahoma State,oklahoma-state,Oklahoma State,88,67,W,0,home_or_special_site_candidate,unknown,Hearnes Center,,,,,,REGULAR_SEASON,,32,Jan. 21 - - Oklahoma State W 88-67,opponent_resolved_site_pending,,MATCHED,BOOTSTRAP_SAME_SOURCE_SEQUENCE
ASRT-MIZ-01408,CBBG-0001408,missouri,MIZ-HIST-01408,historical_media_guide,1975-1976,1976-01-24,Iowa State,iowa-state,Iowa State,84,68,W,0,away_candidate,unknown,,,,,,,REGULAR_SEASON,,33,Jan. 24 - - @ Iowa State W 84-68,opponent_resolved_site_pending,,MATCHED,BOOTSTRAP_SAME_SOURCE_SEQUENCE
ASRT-MIZ-01409,CBBG-0001409,missouri,MIZ-HIST-01409,historical_media_guide,1975-1976,1976-01-28,Oklahoma,oklahoma,Oklahoma,72,58,W,0,home_or_special_site_candidate,unknown,Hearnes Center,,,,,,REGULAR_SEASON,,33,Jan. 28 13 - Oklahoma W 72-58,opponent_resolved_site_pending,,MATCHED,BOOTSTRAP_SAME_SOURCE_SEQUENCE
ASRT-MIZ-01410,CBBG-0001410,missouri,MIZ-HIST-01410,historical_media_guide,1975-1976,1976-01-31,Nebraska,nebraska,Nebraska,62,57,W,0,away_candidate,unknown,,,,,,,REGULAR_SEASON,,33,Jan. 31 13 - @ Nebraska W 62-57,opponent_resolved_site_pending,,MATCHED,BOOTSTRAP_SAME_SOURCE_SEQUENCE
ASRT-MIZ-01411,CBBG-0001411,missouri,MIZ-HIST-01411,historical_media_guide,1975-1976,1976-02-04,Kansas State,kansas-state,Kansas State,81,85,L,0,home_or_special_site_candidate,unknown,Hearnes Center,,,,,,REGULAR_SEASON,,33,Feb. 4 13 - Kansas State L 81-85,opponent_resolved_site_pending,,MATCHED,BOOTSTRAP_SAME_SOURCE_SEQUENCE
ASRT-MIZ-01412,CBBG-0001412,missouri,MIZ-HIST-01412,historical_media_guide,1975-1976,1976-02-07,Colorado,colorado,Colorado,98,78,W,0,away_candidate,unknown,,,,,,,REGULAR_SEASON,,33,Feb. 7 13 - @ Colorado W 98-78,opponent_resolved_site_pending,,MATCHED,BOOTSTRAP_SAME_SOURCE_SEQUENCE
ASRT-MIZ-01413,CBBG-0001413,missouri,MIZ-HIST-01413,historical_media_guide,1975-1976,1976-02-11,Oklahoma State,oklahoma-state,Oklahoma State,72,67,W,0,away_candidate,unknown,,,,,,,REGULAR_SEASON,,33,Feb. 11 14 - @ Oklahoma State W 72-67,opponent_resolved_site_pending,,MATCHED,BOOTSTRAP_SAME_SOURCE_SEQUENCE
ASRT-MIZ-01414,CBBG-0001414,missouri,MIZ-HIST-01414,historical_media_guide,1975-1976,1976-02-15,Iowa State,iowa-state,Iowa State,85,64,W,0,away_candidate,unknown,,,,,,,REGULAR_SEASON,,33,Feb. 15 14 - @ Iowa State W 85-64,opponent_resolved_site_pending,,MATCHED,BOOTSTRAP_SAME_SOURCE_SEQUENCE
ASRT-MIZ-01415,CBBG-0001415,missouri,MIZ-HIST-01415,historical_media_guide,1975-1976,1976-02-18,Kansas,kansas,Kansas,61,60,W,0,away_candidate,unknown,,,,,,,REGULAR_SEASON,,33,Feb. 18 14 - @ Kansas W 61-60,opponent_resolved_site_pending,,MATCHED,BOOTSTRAP_SAME_SOURCE_SEQUENCE
ASRT-MIZ-01416,CBBG-0001416,missouri,MIZ-HIST-01416,historical_media_guide,1975-1976,1976-02-21,Nebraska,nebraska,Nebraska,95,84,W,0,home_or_special_site_candidate,unknown,Hearnes Center,,,,,,REGULAR_SEASON,,33,Feb. 21 14 - Nebraska (OT) W 95-84,opponent_resolved_site_pending,,MATCHED,BOOTSTRAP_SAME_SOURCE_SEQUENCE
ASRT-MIZ-01417,CBBG-0001417,missouri,MIZ-HIST-01417,historical_media_guide,1975-1976,1976-02-28,Oklahoma,oklahoma,Oklahoma,57,68,L,0,away_candidate,unknown,,,,,,,REGULAR_SEASON,,33,Feb. 28 12 - @ Oklahoma L 57-68,opponent_resolved_site_pending,,MATCHED,BOOTSTRAP_SAME_SOURCE_SEQUENCE
ASRT-MIZ-01418,CBBG-0001418,missouri,MIZ-HIST-01418,historical_media_guide,1975-1976,1976-03-03,Kansas State,kansas-state,Kansas State,81,72,W,0,away_candidate,unknown,,,,,,,REGULAR_SEASON,,33,Mar. 3 15 - @ Kansas State W 81-72,opponent_resolved_site_pending,,MATCHED,BOOTSTRAP_SAME_SOURCE_SEQUENCE
ASRT-MIZ-01419,CBBG-0001419,missouri,MIZ-HIST-01419,historical_media_guide,1975-1976,1976-03-06,Colorado,colorado,Colorado,95,60,W,0,home_or_special_site_candidate,unknown,Hearnes Center,,,,,,REGULAR_SEASON,,33,Mar. 6 15 - Colorado W 95-60,opponent_resolved_site_pending,,MATCHED,BOOTSTRAP_SAME_SOURCE_SEQUENCE
ASRT-MIZ-01420,CBBG-0001420,missouri,MIZ-HIST-01420,historical_media_guide,1975-1976,1976-03-13,Washington,washington,Washington,69,67,W,0,home_or_special_site_candidate,unknown,,,,,"NCAA Midwest 1st/2nd Round, Lawrence",,NCAA_TOURNAMENT,R32,33,Mar. 13 10 11 +Washington W 69-67,opponent_resolved_site_pending,,MATCHED,BOOTSTRAP_SAME_SOURCE_SEQUENCE
ASRT-MIZ-01421,CBBG-0001421,missouri,MIZ-HIST-01421,historical_media_guide,1975-1976,1976-03-18,Texas Tech,texas-tech,Texas Tech,86,75,W,0,home_or_special_site_candidate,unknown,,,,,"NCAA Midwest Regional, Louisville",,NCAA_TOURNAMENT,Sweet Sixteen,33,Mar. 18 14 16 %Texas Tech W 86-75,opponent_resolved_site_pending,,MATCHED,BOOTSTRAP_SAME_SOURCE_SEQUENCE
ASRT-MIZ-01422,CBBG-0001422,missouri,MIZ-HIST-01422,historical_media_guide,1975-1976,1976-03-20,Michigan,michigan,Michigan,88,95,L,0,home_or_special_site_candidate,unknown,,,,,"NCAA Midwest Regional, Louisville",,NCAA_TOURNAMENT,Elite Eight,33,Mar. 20 14 9 %Michigan L 88-95,opponent_resolved_site_pending,,MATCHED,BOOTSTRAP_SAME_SOURCE_SEQUENCE
ASRT-MIZ-01423,CBBG-0001423,missouri,MIZ-HIST-01423,historical_media_guide,1976-1977,1976-11-26,SIU-Carbondale,southern-illinois,Southern Illinois,55,68,L,0,away_candidate,unknown,,,,,,,REGULAR_SEASON,,33,Nov. 26 20 - @ SIU-Carbondale L 55-68,opponent_resolved_site_pending,,MATCHED,BOOTSTRAP_SAME_SOURCE_SEQUENCE
ASRT-MIZ-01424,CBBG-0001424,missouri,MIZ-HIST-01424,historical_media_guide,1976-1977,1976-11-30,South Dakota,south-dakota,South Dakota,85,76,W,0,home_or_special_site_candidate,unknown,Hearnes Center,,,,,,REGULAR_SEASON,,33,Nov. 30 - - South Dakota W 85-76,opponent_resolved_site_pending,,MATCHED,BOOTSTRAP_SAME_SOURCE_SEQUENCE
ASRT-MIZ-01425,CBBG-0001425,missouri,MIZ-HIST-01425,historical_media_guide,1976-1977,1976-12-03,Illinois,illinois,Illinois,76,75,W,0,home_or_special_site_candidate,unknown,Hearnes Center,,,,Show-Me Classic,,REGULAR_SEASON,,33,Dec. 3 - - #Illinois W 76-75,opponent_resolved_site_pending,,MATCHED,BOOTSTRAP_SAME_SOURCE_SEQUENCE
ASRT-MIZ-01426,CBBG-0001426,missouri,MIZ-HIST-01426,historical_media_guide,1976-1977,1976-12-04,North Texas State,north-texas,North Texas,97,84,W,0,home_or_special_site_candidate,unknown,Hearnes Center,,,,Show-Me Classic,,REGULAR_SEASON,,33,Dec. 4 - - #North Texas State W 97-84,opponent_resolved_site_pending,,MATCHED,BOOTSTRAP_SAME_SOURCE_SEQUENCE
ASRT-MIZ-01427,CBBG-0001427,missouri,MIZ-HIST-01427,historical_media_guide,1976-1977,1976-12-07,Toledo,toledo,Toledo,59,63,L,0,away_candidate,unknown,,,,,,,REGULAR_SEASON,,33,Dec. 7 - - @ Toledo L 59-63,opponent_resolved_site_pending,,MATCHED,BOOTSTRAP_SAME_SOURCE_SEQUENCE
ASRT-MIZ-01428,CBBG-0001428,missouri,MIZ-HIST-01428,historical_media_guide,1976-1977,1976-12-11,Florida State,florida-state,Florida State,65,63,W,0,home_or_special_site_candidate,unknown,Hearnes Center,,,,,,REGULAR_SEASON,,33,Dec. 11 - - Florida State W 65-63,opponent_resolved_site_pending,,MATCHED,BOOTSTRAP_SAME_SOURCE_SEQUENCE
ASRT-MIZ-01429,CBBG-0001429,missouri,MIZ-HIST-01429,historical_media_guide,1976-1977,1976-12-17,So. California,usc,USC,87,77,W,0,home_or_special_site_candidate,unknown,,,,,Sun Carnival,,REGULAR_SEASON,,33,Dec. 17 - - *So. California W 87-77,opponent_resolved_site_pending,,MATCHED,BOOTSTRAP_SAME_SOURCE_SEQUENCE
ASRT-MIZ-01430,CBBG-0001430,missouri,MIZ-HIST-01430,historical_media_guide,1976-1977,1976-12-18,Texas-El Paso,utep,UTEP,83,60,W,0,home_or_special_site_candidate,unknown,,,,,Sun Carnival,,REGULAR_SEASON,,33,Dec. 18 - - *Texas-El Paso W 83-60,opponent_resolved_site_pending,,MATCHED,BOOTSTRAP_SAME_SOURCE_SEQUENCE
ASRT-MIZ-01431,CBBG-0001431,missouri,MIZ-HIST-01431,historical_media_guide,1976-1977,1976-12-27,Iowa State,iowa-state,Iowa State,81,67,W,0,home_or_special_site_candidate,unknown,Kemper Arena,,,,"Big Eight Tournament, Kansas City",,REGULAR_SEASON,,33,Dec. 27 - - +Iowa State W 81-67,opponent_resolved_site_pending,,MATCHED,BOOTSTRAP_SAME_SOURCE_SEQUENCE
ASRT-MIZ-01432,CBBG-0001432,missouri,MIZ-HIST-01432,historical_media_guide,1976-1977,1976-12-29,Colorado,colorado,Colorado,86,77,W,0,home_or_special_site_candidate,unknown,Kemper Arena,,,,"Big Eight Tournament, Kansas City",,REGULAR_SEASON,,33,Dec. 29 - - +Colorado W 86-77,opponent_resolved_site_pending,,MATCHED,BOOTSTRAP_SAME_SOURCE_SEQUENCE
ASRT-MIZ-01433,CBBG-0001433,missouri,MIZ-HIST-01433,historical_media_guide,1976-1977,1976-12-30,Kansas,kansas,Kansas,69,65,W,0,home_or_special_site_candidate,unknown,Kemper Arena,,,,"Big Eight Tournament, Kansas City",,REGULAR_SEASON,,33,Dec. 30 - - +Kansas W 69-65,opponent_resolved_site_pending,,MATCHED,BOOTSTRAP_SAME_SOURCE_SEQUENCE
ASRT-MIZ-01434,CBBG-0001434,missouri,MIZ-HIST-01434,historical_media_guide,1976-1977,1977-01-08,Kansas,kansas,Kansas,72,77,L,0,away_candidate,unknown,,,,,,,REGULAR_SEASON,,33,Jan. 8 - - @ Kansas L 72-77,opponent_resolved_site_pending,,MATCHED,BOOTSTRAP_SAME_SOURCE_SEQUENCE
ASRT-MIZ-01435,CBBG-0001435,missouri,MIZ-HIST-01435,historical_media_guide,1976-1977,1977-01-10,San Diego State,san-diego-state,San Diego State,84,69,W,0,home_or_special_site_candidate,unknown,Hearnes Center,,,,,,REGULAR_SEASON,,33,Jan. 10 - - San Diego State W 84-69,opponent_resolved_site_pending,,MATCHED,BOOTSTRAP_SAME_SOURCE_SEQUENCE
ASRT-MIZ-01436,CBBG-0001436,missouri,MIZ-HIST-01436,historical_media_guide,1976-1977,1977-01-12,Oklahoma,oklahoma,Oklahoma,69,60,W,0,home_or_special_site_candidate,unknown,Hearnes Center,,,,,,REGULAR_SEASON,,33,Jan. 12 - - Oklahoma W 69-60,opponent_resolved_site_pending,,MATCHED,BOOTSTRAP_SAME_SOURCE_SEQUENCE
ASRT-MIZ-01437,CBBG-0001437,missouri,MIZ-HIST-01437,historical_media_guide,1976-1977,1977-01-15,Oklahoma State,oklahoma-state,Oklahoma State,73,68,W,0,away_candidate,unknown,,,,,,,REGULAR_SEASON,,33,Jan. 15 - - @ Oklahoma State W 73-68,opponent_resolved_site_pending,,MATCHED,BOOTSTRAP_SAME_SOURCE_SEQUENCE
ASRT-MIZ-01438,CBBG-0001438,missouri,MIZ-HIST-01438,historical_media_guide,1976-1977,1977-01-19,Colorado,colorado,Colorado,90,83,W,0,away_candidate,unknown,,,,,,,REGULAR_SEASON,,33,Jan. 19 - - @ Colorado W 90-83,opponent_resolved_site_pending,,MATCHED,BOOTSTRAP_SAME_SOURCE_SEQUENCE
ASRT-MIZ-01439,CBBG-0001439,missouri,MIZ-HIST-01439,historical_media_guide,1976-1977,1977-01-22,Nebraska,nebraska,Nebraska,76,63,W,0,home_or_special_site_candidate,unknown,Hearnes Center,,,,,,REGULAR_SEASON,,33,Jan. 22 - - Nebraska W 76-63,opponent_resolved_site_pending,,MATCHED,BOOTSTRAP_SAME_SOURCE_SEQUENCE
ASRT-MIZ-01440,CBBG-0001440,missouri,MIZ-HIST-01440,historical_media_guide,1976-1977,1977-01-26,Kansas State,kansas-state,Kansas State,66,60,W,0,away_candidate,unknown,,,,,,,REGULAR_SEASON,,33,Jan. 26 - - @ Kansas State W 66-60,opponent_resolved_site_pending,,MATCHED,BOOTSTRAP_SAME_SOURCE_SEQUENCE
ASRT-MIZ-01441,CBBG-0001441,missouri,MIZ-HIST-01441,historical_media_guide,1976-1977,1977-01-29,Iowa State,iowa-state,Iowa State,79,69,W,0,home_or_special_site_candidate,unknown,Hearnes Center,,,,,,REGULAR_SEASON,,33,Jan. 29 - - Iowa State W 79-69,opponent_resolved_site_pending,,MATCHED,BOOTSTRAP_SAME_SOURCE_SEQUENCE
ASRT-MIZ-01442,CBBG-0001442,missouri,MIZ-HIST-01442,historical_media_guide,1976-1977,1977-02-02,Oklahoma,oklahoma,Oklahoma,63,66,L,0,away_candidate,unknown,,,,,,,REGULAR_SEASON,,33,Feb. 2 - - @ Oklahoma L 63-66,opponent_resolved_site_pending,,MATCHED,BOOTSTRAP_SAME_SOURCE_SEQUENCE
ASRT-MIZ-01443,CBBG-0001443,missouri,MIZ-HIST-01443,historical_media_guide,1976-1977,1977-02-05,Oklahoma State,oklahoma-state,Oklahoma State,97,75,W,0,home_or_special_site_candidate,unknown,Hearnes Center,,,,,,REGULAR_SEASON,,33,Feb. 5 - - Oklahoma State W 97-75,opponent_resolved_site_pending,,MATCHED,BOOTSTRAP_SAME_SOURCE_SEQUENCE
ASRT-MIZ-01444,CBBG-0001444,missouri,MIZ-HIST-01444,historical_media_guide,1976-1977,1977-02-09,Kansas,kansas,Kansas,87,79,W,0,home_or_special_site_candidate,unknown,Hearnes Center,,,,,,REGULAR_SEASON,,33,Feb. 9 - - Kansas W 87-79,opponent_resolved_site_pending,,MATCHED,BOOTSTRAP_SAME_SOURCE_SEQUENCE
ASRT-MIZ-01445,CBBG-0001445,missouri,MIZ-HIST-01445,historical_media_guide,1976-1977,1977-02-12,Nebraska,nebraska,Nebraska,58,60,L,0,away_candidate,unknown,,,,,,,REGULAR_SEASON,,33,Feb. 12 - - @ Nebraska L 58-60,opponent_resolved_site_pending,,MATCHED,BOOTSTRAP_SAME_SOURCE_SEQUENCE
ASRT-MIZ-01446,CBBG-0001446,missouri,MIZ-HIST-01446,historical_media_guide,1976-1977,1977-02-16,Colorado,colorado,Colorado,101,74,W,0,home_or_special_site_candidate,unknown,Hearnes Center,,,,,,REGULAR_SEASON,,33,Feb. 16 - - Colorado W 101-74,opponent_resolved_site_pending,,MATCHED,BOOTSTRAP_SAME_SOURCE_SEQUENCE
ASRT-MIZ-01447,CBBG-0001447,missouri,MIZ-HIST-01447,historical_media_guide,1976-1977,1977-02-19,Kansas State,kansas-state,Kansas State,77,88,L,0,home_or_special_site_candidate,unknown,Hearnes Center,,,,,,REGULAR_SEASON,,33,Feb. 19 - - Kansas State L 77-88,opponent_resolved_site_pending,,MATCHED,BOOTSTRAP_SAME_SOURCE_SEQUENCE
ASRT-MIZ-01448,CBBG-0001448,missouri,MIZ-HIST-01448,historical_media_guide,1976-1977,1977-02-23,Iowa State,iowa-state,Iowa State,86,95,L,0,away_candidate,unknown,,,,,,,REGULAR_SEASON,,33,Feb. 23 - - @ Iowa State L 86-95,opponent_resolved_site_pending,,MATCHED,BOOTSTRAP_SAME_SOURCE_SEQUENCE
ASRT-MIZ-01449,CBBG-0001449,missouri,MIZ-HIST-01449,historical_media_guide,1976-1977,1977-02-26,Oklahoma State,oklahoma-state,Oklahoma State,92,74,W,0,home_or_special_site_candidate,unknown,Kemper Arena,,,,Big Eight Post-Season Tournament,,CONFERENCE_TOURNAMENT,,33,Feb. 26 - - %Oklahoma State W 92-74,opponent_resolved_site_pending,,MATCHED,BOOTSTRAP_SAME_SOURCE_SEQUENCE
ASRT-MIZ-01450,CBBG-0001450,missouri,MIZ-HIST-01450,historical_media_guide,1976-1977,1977-03-03,Oklahoma,oklahoma,Oklahoma,90,75,W,0,home_or_special_site_candidate,unknown,,,,,Big Eight Post-Season Tournament,,CONFERENCE_TOURNAMENT,,33,Mar. 3 - - %Oklahoma W 90-75,opponent_resolved_site_pending,,MATCHED,BOOTSTRAP_SAME_SOURCE_SEQUENCE
ASRT-MIZ-01451,CBBG-0001451,missouri,MIZ-HIST-01451,historical_media_guide,1976-1977,1977-03-04,Kansas State,kansas-state,Kansas State,67,72,L,0,home_or_special_site_candidate,unknown,,,,,Big Eight Post-Season Tournament,,CONFERENCE_TOURNAMENT,Championship,33,Mar. 4 - - %Kansas State (OT) L 67-72,opponent_resolved_site_pending,,MATCHED,BOOTSTRAP_SAME_SOURCE_SEQUENCE
ASRT-MIZ-01452,CBBG-0001452,missouri,MIZ-HIST-01452,historical_media_guide,1977-1978,1977-11-28,Midwestern State,midwestern-state,Midwestern State,81,73,W,0,home_or_special_site_candidate,unknown,Hearnes Center,,,,,,REGULAR_SEASON,,33,Nov. 28 - - Midwestern State W 81-73,opponent_resolved_site_pending,,MATCHED,BOOTSTRAP_SAME_SOURCE_SEQUENCE
ASRT-MIZ-01453,CBBG-0001453,missouri,MIZ-HIST-01453,historical_media_guide,1977-1978,1977-12-02,Butler,butler,Butler,87,66,W,0,home_or_special_site_candidate,unknown,Hearnes Center,,,,"Show-Me Classic, Columbia",,REGULAR_SEASON,,33,Dec. 2 - - #Butler W 87-66,opponent_resolved_site_pending,,MATCHED,BOOTSTRAP_SAME_SOURCE_SEQUENCE
ASRT-MIZ-01454,CBBG-0001454,missouri,MIZ-HIST-01454,historical_media_guide,1977-1978,1977-12-03,Texas-El Paso,utep,UTEP,74,63,W,0,home_or_special_site_candidate,unknown,Hearnes Center,,,,"Show-Me Classic, Columbia",,REGULAR_SEASON,,33,Dec. 3 - - #Texas-El Paso W 74-63,opponent_resolved_site_pending,,MATCHED,BOOTSTRAP_SAME_SOURCE_SEQUENCE
ASRT-MIZ-01455,CBBG-0001455,missouri,MIZ-HIST-01455,historical_media_guide,1977-1978,1977-12-06,Illinois,illinois,Illinois,85,96,L,0,away_candidate,unknown,,,,,,,REGULAR_SEASON,,33,Dec. 6 - - @ Illinois L 85-96,opponent_resolved_site_pending,,MATCHED,BOOTSTRAP_SAME_SOURCE_SEQUENCE
ASRT-MIZ-01456,CBBG-0001456,missouri,MIZ-HIST-01456,historical_media_guide,1977-1978,1977-12-10,Alabama,alabama,Alabama,71,75,L,0,away_candidate,unknown,,,,,,,REGULAR_SEASON,,33,Dec. 10 - - @ Alabama L 71-75,opponent_resolved_site_pending,,MATCHED,BOOTSTRAP_SAME_SOURCE_SEQUENCE
ASRT-MIZ-01457,CBBG-0001457,missouri,MIZ-HIST-01457,historical_media_guide,1977-1978,1977-12-13,Valparaiso,valparaiso,Valparaiso,91,75,W,0,home_or_special_site_candidate,unknown,Hearnes Center,,,,,,REGULAR_SEASON,,33,Dec. 13 - - Valparaiso W 91-75,opponent_resolved_site_pending,,MATCHED,BOOTSTRAP_SAME_SOURCE_SEQUENCE
ASRT-MIZ-01458,CBBG-0001458,missouri,MIZ-HIST-01458,historical_media_guide,1977-1978,1977-12-16,Cal Poly-Pomona,cal-poly-pomona,Cal Poly Pomona,70,60,W,0,home_or_special_site_candidate,unknown,Hearnes Center,,,,,,REGULAR_SEASON,,33,Dec. 16 - - Cal Poly-Pomona W 70-60,opponent_resolved_site_pending,,MATCHED,BOOTSTRAP_SAME_SOURCE_SEQUENCE
ASRT-MIZ-01459,CBBG-0001459,missouri,MIZ-HIST-01459,historical_media_guide,1977-1978,1977-12-23,Florida State,florida-state,Florida State,64,97,L,0,away_candidate,unknown,,,,,,,REGULAR_SEASON,,33,Dec. 23 - - @ Florida State L 64-97,opponent_resolved_site_pending,,MATCHED,BOOTSTRAP_SAME_SOURCE_SEQUENCE
ASRT-MIZ-01460,CBBG-0001460,missouri,MIZ-HIST-01460,historical_media_guide,1977-1978,1977-12-28,Kansas,kansas,Kansas,49,96,L,0,home_or_special_site_candidate,unknown,Kemper Arena,,,,"Big Eight Tournament, Kansas City",,REGULAR_SEASON,,33,Dec. 28 - 17 *Kansas L 49-96,opponent_resolved_site_pending,,MATCHED,BOOTSTRAP_SAME_SOURCE_SEQUENCE
ASRT-MIZ-01461,CBBG-0001461,missouri,MIZ-HIST-01461,historical_media_guide,1977-1978,1977-12-29,Iowa State,iowa-state,Iowa State,66,62,W,0,home_or_special_site_candidate,unknown,Kemper Arena,,,,"Big Eight Tournament, Kansas City",,REGULAR_SEASON,,33,Dec. 29 - - *Iowa State W 66-62,opponent_resolved_site_pending,,MATCHED,BOOTSTRAP_SAME_SOURCE_SEQUENCE
ASRT-MIZ-01462,CBBG-0001462,missouri,MIZ-HIST-01462,historical_media_guide,1977-1978,1977-12-30,Oklahoma State,oklahoma-state,Oklahoma State,87,75,W,0,home_or_special_site_candidate,unknown,Kemper Arena,,,,"Big Eight Tournament, Kansas City",,REGULAR_SEASON,,33,Dec. 30 - - *Oklahoma State W 87-75,opponent_resolved_site_pending,,MATCHED,BOOTSTRAP_SAME_SOURCE_SEQUENCE
ASRT-MIZ-01463,CBBG-0001463,missouri,MIZ-HIST-01463,historical_media_guide,1977-1978,1978-01-07,Kansas,kansas,Kansas,67,71,L,0,home_or_special_site_candidate,unknown,Hearnes Center,,,,,,REGULAR_SEASON,,33,Jan. 7 - 14 Kansas L 67-71,opponent_resolved_site_pending,,MATCHED,BOOTSTRAP_SAME_SOURCE_SEQUENCE
ASRT-MIZ-01464,CBBG-0001464,missouri,MIZ-HIST-01464,historical_media_guide,1977-1978,1978-01-09,Marquette,marquette,Marquette,52,70,L,0,home_or_special_site_candidate,unknown,Hearnes Center,,,,,,REGULAR_SEASON,,33,Jan. 9 - 4 Marquette L 52-70,opponent_resolved_site_pending,,MATCHED,BOOTSTRAP_SAME_SOURCE_SEQUENCE
ASRT-MIZ-01465,CBBG-0001465,missouri,MIZ-HIST-01465,historical_media_guide,1977-1978,1978-01-11,Oklahoma,oklahoma,Oklahoma,70,73,L,0,away_candidate,unknown,,,,,,,REGULAR_SEASON,,33,Jan. 11 - - @ Oklahoma (OT) L 70-73,opponent_resolved_site_pending,,MATCHED,BOOTSTRAP_SAME_SOURCE_SEQUENCE
ASRT-MIZ-01466,CBBG-0001466,missouri,MIZ-HIST-01466,historical_media_guide,1977-1978,1978-01-14,Oklahoma State,oklahoma-state,Oklahoma State,85,70,W,0,home_or_special_site_candidate,unknown,Hearnes Center,,,,,,REGULAR_SEASON,,33,Jan. 14 - - Oklahoma State W 85-70,opponent_resolved_site_pending,,MATCHED,BOOTSTRAP_SAME_SOURCE_SEQUENCE
ASRT-MIZ-01467,CBBG-0001467,missouri,MIZ-HIST-01467,historical_media_guide,1977-1978,1978-01-18,Colorado,colorado,Colorado,70,68,W,0,home_or_special_site_candidate,unknown,Hearnes Center,,,,,,REGULAR_SEASON,,33,Jan. 18 - - Colorado (OT) W 70-68,opponent_resolved_site_pending,,MATCHED,BOOTSTRAP_SAME_SOURCE_SEQUENCE
ASRT-MIZ-01468,CBBG-0001468,missouri,MIZ-HIST-01468,historical_media_guide,1977-1978,1978-01-21,Nebraska,nebraska,Nebraska,55,56,L,0,away_candidate,unknown,,,,,,,REGULAR_SEASON,,33,Jan. 21 - - @ Nebraska L 55-56,opponent_resolved_site_pending,,MATCHED,BOOTSTRAP_SAME_SOURCE_SEQUENCE
ASRT-MIZ-01469,CBBG-0001469,missouri,MIZ-HIST-01469,historical_media_guide,1977-1978,1978-01-25,Kansas State,kansas-state,Kansas State,65,60,W,0,home_or_special_site_candidate,unknown,Hearnes Center,,,,,,REGULAR_SEASON,,33,Jan. 25 - - Kansas State W 65-60,opponent_resolved_site_pending,,MATCHED,BOOTSTRAP_SAME_SOURCE_SEQUENCE
ASRT-MIZ-01470,CBBG-0001470,missouri,MIZ-HIST-01470,historical_media_guide,1977-1978,1978-01-28,Iowa State,iowa-state,Iowa State,59,68,L,0,away_candidate,unknown,,,,,,,REGULAR_SEASON,,33,Jan. 28 - - @ Iowa State L 59-68,opponent_resolved_site_pending,,MATCHED,BOOTSTRAP_SAME_SOURCE_SEQUENCE
ASRT-MIZ-01471,CBBG-0001471,missouri,MIZ-HIST-01471,historical_media_guide,1977-1978,1978-02-01,Oklahoma,oklahoma,Oklahoma,64,65,L,0,home_or_special_site_candidate,unknown,Hearnes Center,,,,,,REGULAR_SEASON,,33,Feb. 1 - - Oklahoma L 64-65,opponent_resolved_site_pending,,MATCHED,BOOTSTRAP_SAME_SOURCE_SEQUENCE
ASRT-MIZ-01472,CBBG-0001472,missouri,MIZ-HIST-01472,historical_media_guide,1977-1978,1978-02-04,Oklahoma State,oklahoma-state,Oklahoma State,52,62,L,0,away_candidate,unknown,,,,,,,REGULAR_SEASON,,33,Feb. 4 - - @ Oklahoma State L 52-62,opponent_resolved_site_pending,,MATCHED,BOOTSTRAP_SAME_SOURCE_SEQUENCE
ASRT-MIZ-01473,CBBG-0001473,missouri,MIZ-HIST-01473,historical_media_guide,1977-1978,1978-02-08,Kansas,kansas,Kansas,52,72,L,0,away_candidate,unknown,,,,,,,REGULAR_SEASON,,33,Feb. 8 - 8 @ Kansas L 52-72,opponent_resolved_site_pending,,MATCHED,BOOTSTRAP_SAME_SOURCE_SEQUENCE
ASRT-MIZ-01474,CBBG-0001474,missouri,MIZ-HIST-01474,historical_media_guide,1977-1978,1978-02-11,Nebraska,nebraska,Nebraska,74,52,W,0,home_or_special_site_candidate,unknown,Hearnes Center,,,,,,REGULAR_SEASON,,33,Feb. 11 - 19 Nebraska W 74-52,opponent_resolved_site_pending,,MATCHED,BOOTSTRAP_SAME_SOURCE_SEQUENCE
ASRT-MIZ-01475,CBBG-0001475,missouri,MIZ-HIST-01475,historical_media_guide,1977-1978,1978-02-15,Colorado,colorado,Colorado,63,69,L,0,away_candidate,unknown,,,,,,,REGULAR_SEASON,,33,Feb. 15 - - @ Colorado L 63-69,opponent_resolved_site_pending,,MATCHED,BOOTSTRAP_SAME_SOURCE_SEQUENCE
ASRT-MIZ-01476,CBBG-0001476,missouri,MIZ-HIST-01476,historical_media_guide,1977-1978,1978-02-18,Kansas State,kansas-state,Kansas State,54,67,L,0,away_candidate,unknown,,,,,,,REGULAR_SEASON,,33,Feb. 18 - - @ Kansas State L 54-67,opponent_resolved_site_pending,,MATCHED,BOOTSTRAP_SAME_SOURCE_SEQUENCE
ASRT-MIZ-01477,CBBG-0001477,missouri,MIZ-HIST-01477,historical_media_guide,1977-1978,1978-02-25,Iowa State,iowa-state,Iowa State,63,77,L,0,home_or_special_site_candidate,unknown,Hearnes Center,,,,,,REGULAR_SEASON,,33,Feb. 25 - - Iowa State L 63-77,opponent_resolved_site_pending,,MATCHED,BOOTSTRAP_SAME_SOURCE_SEQUENCE
ASRT-MIZ-01478,CBBG-0001478,missouri,MIZ-HIST-01478,historical_media_guide,1977-1978,1978-02-28,Iowa State,iowa-state,Iowa State,65,63,W,0,home_or_special_site_candidate,unknown,,,,,Big Eight Post-Season Tournament,,CONFERENCE_TOURNAMENT,,33,Feb. 28 - - +Iowa State W 65-63,opponent_resolved_site_pending,,MATCHED,BOOTSTRAP_SAME_SOURCE_SEQUENCE
ASRT-MIZ-01479,CBBG-0001479,missouri,MIZ-HIST-01479,historical_media_guide,1977-1978,1978-03-03,Nebraska,nebraska,Nebraska,61,58,W,0,home_or_special_site_candidate,unknown,,,,,Big Eight Post-Season Tournament,,CONFERENCE_TOURNAMENT,,33,Mar. 3 - - +Nebraska W 61-58,opponent_resolved_site_pending,,MATCHED,BOOTSTRAP_SAME_SOURCE_SEQUENCE
ASRT-MIZ-01480,CBBG-0001480,missouri,MIZ-HIST-01480,historical_media_guide,1977-1978,1978-03-04,Kansas St.,kansas-state,Kansas State,71,68,W,0,home_or_special_site_candidate,unknown,,,,,Big Eight Post-Season Tournament,,CONFERENCE_TOURNAMENT,Championship,33,Mar. 4 - - +Kansas St. (2OT) W 71-68,opponent_resolved_site_pending,,MATCHED,BOOTSTRAP_SAME_SOURCE_SEQUENCE
ASRT-MIZ-01481,CBBG-0001481,missouri,MIZ-HIST-01481,historical_media_guide,1977-1978,1978-03-12,Utah,utah,Utah,79,86,L,0,home_or_special_site_candidate,unknown,,,,,NCAA Midwest Sub Regional,,NCAA_TOURNAMENT,R32,33,Mar. 12 - 15 %Utah (2OT) L 79-86,opponent_resolved_site_pending,,MATCHED,BOOTSTRAP_SAME_SOURCE_SEQUENCE
ASRT-MIZ-01482,CBBG-0001482,missouri,MIZ-HIST-01482,historical_media_guide,1978-1979,1978-11-27,Butler,butler,Butler,75,65,W,0,home_or_special_site_candidate,unknown,Hearnes Center,,,,,,REGULAR_SEASON,,33,Nov. 27 - - Butler W 75-65,opponent_resolved_site_pending,,MATCHED,BOOTSTRAP_SAME_SOURCE_SEQUENCE
ASRT-MIZ-01483,CBBG-0001483,missouri,MIZ-HIST-01483,historical_media_guide,1978-1979,1978-12-01,Eastern Kentucky,eastern-kentucky,Eastern Kentucky,82,81,W,0,home_or_special_site_candidate,unknown,Hearnes Center,,,,"Show-Me Classic, Columbia",,REGULAR_SEASON,,33,Dec. 1 - - #Eastern Kentucky W 82-81,opponent_resolved_site_pending,,MATCHED,BOOTSTRAP_SAME_SOURCE_SEQUENCE
ASRT-MIZ-01484,CBBG-0001484,missouri,MIZ-HIST-01484,historical_media_guide,1978-1979,1978-12-02,SIU-Carbondale,southern-illinois,Southern Illinois,68,65,W,0,home_or_special_site_candidate,unknown,Hearnes Center,,,,"Show-Me Classic, Columbia",,REGULAR_SEASON,,33,Dec. 2 - - #SIU-Carbondale W 68-65,opponent_resolved_site_pending,,MATCHED,BOOTSTRAP_SAME_SOURCE_SEQUENCE
ASRT-MIZ-01485,CBBG-0001485,missouri,MIZ-HIST-01485,historical_media_guide,1978-1979,1978-12-05,Illinois,illinois,Illinois,57,69,L,0,home_or_special_site_candidate,unknown,Hearnes Center,,,,,,REGULAR_SEASON,,33,Dec. 5 - - Illinois L 57-69,opponent_resolved_site_pending,,MATCHED,BOOTSTRAP_SAME_SOURCE_SEQUENCE
ASRT-MIZ-01486,CBBG-0001486,missouri,MIZ-HIST-01486,historical_media_guide,1978-1979,1978-12-09,Marquette,marquette,Marquette,57,74,L,0,away_candidate,unknown,,,,,,,REGULAR_SEASON,,33,Dec. 9 - 16 @ Marquette L 57-74,opponent_resolved_site_pending,,MATCHED,BOOTSTRAP_SAME_SOURCE_SEQUENCE
ASRT-MIZ-01487,CBBG-0001487,missouri,MIZ-HIST-01487,historical_media_guide,1978-1979,1978-12-11,Cal St.-Sacramento,sacramento-state,Sacramento State,67,53,W,0,home_or_special_site_candidate,unknown,Hearnes Center,,,,,,REGULAR_SEASON,,33,Dec. 11 - - Cal St.-Sacramento W 67-53,opponent_resolved_site_pending,,MATCHED,BOOTSTRAP_SAME_SOURCE_SEQUENCE
ASRT-MIZ-01488,CBBG-0001488,missouri,MIZ-HIST-01488,historical_media_guide,1978-1979,1978-12-18,Alabama,alabama,Alabama,58,65,L,0,home_or_special_site_candidate,unknown,Hearnes Center,,,,,,REGULAR_SEASON,,33,Dec. 18 - - Alabama L 58-65,opponent_resolved_site_pending,,MATCHED,BOOTSTRAP_SAME_SOURCE_SEQUENCE
ASRT-MIZ-01489,CBBG-0001489,missouri,MIZ-HIST-01489,historical_media_guide,1978-1979,1978-12-21,San Diego St.,san-diego-state,San Diego State,77,83,L,0,away_candidate,unknown,,,,,,,REGULAR_SEASON,,33,Dec. 21 - - @ San Diego St. (OT) L 77-83,opponent_resolved_site_pending,,MATCHED,BOOTSTRAP_SAME_SOURCE_SEQUENCE
ASRT-MIZ-01490,CBBG-0001490,missouri,MIZ-HIST-01490,historical_media_guide,1978-1979,1978-12-23,Arizona State,arizona-state,Arizona State,78,98,L,0,away_candidate,unknown,,,,,,,REGULAR_SEASON,,33,Dec. 23 - - @ Arizona State L 78-98,opponent_resolved_site_pending,,MATCHED,BOOTSTRAP_SAME_SOURCE_SEQUENCE
ASRT-MIZ-01491,CBBG-0001491,missouri,MIZ-HIST-01491,historical_media_guide,1978-1979,1978-12-28,Nebraska,nebraska,Nebraska,56,58,L,0,home_or_special_site_candidate,unknown,Kemper Arena,,,,"Big Eight Tournament, Kansas City",,REGULAR_SEASON,,33,Dec. 28 - - *Nebraska (OT) L 56-58,opponent_resolved_site_pending,,MATCHED,BOOTSTRAP_SAME_SOURCE_SEQUENCE
ASRT-MIZ-01492,CBBG-0001492,missouri,MIZ-HIST-01492,historical_media_guide,1978-1979,1978-12-29,Oklahoma State,oklahoma-state,Oklahoma State,58,63,L,0,home_or_special_site_candidate,unknown,Kemper Arena,,,,"Big Eight Tournament, Kansas City",,REGULAR_SEASON,,33,Dec. 29 - - *Oklahoma State L 58-63,opponent_resolved_site_pending,,MATCHED,BOOTSTRAP_SAME_SOURCE_SEQUENCE
ASRT-MIZ-01493,CBBG-0001493,missouri,MIZ-HIST-01493,historical_media_guide,1978-1979,1978-12-30,Kansas State,kansas-state,Kansas State,62,75,L,0,home_or_special_site_candidate,unknown,Kemper Arena,,,,"Big Eight Tournament, Kansas City",,REGULAR_SEASON,,33,Dec. 30 - - *Kansas State L 62-75,opponent_resolved_site_pending,,MATCHED,BOOTSTRAP_SAME_SOURCE_SEQUENCE
ASRT-MIZ-01494,CBBG-0001494,missouri,MIZ-HIST-01494,historical_media_guide,1978-1979,1979-01-10,Oklahoma State,oklahoma-state,Oklahoma State,63,73,L,0,home_or_special_site_candidate,unknown,Hearnes Center,,,,,,REGULAR_SEASON,,33,Jan. 10 - - Oklahoma State L 63-73,opponent_resolved_site_pending,,MATCHED,BOOTSTRAP_SAME_SOURCE_SEQUENCE
ASRT-MIZ-01495,CBBG-0001495,missouri,MIZ-HIST-01495,historical_media_guide,1978-1979,1979-01-13,Oklahoma,oklahoma,Oklahoma,73,67,W,0,home_or_special_site_candidate,unknown,Hearnes Center,,,,,,REGULAR_SEASON,,33,Jan. 13 - - Oklahoma W 73-67,opponent_resolved_site_pending,,MATCHED,BOOTSTRAP_SAME_SOURCE_SEQUENCE
ASRT-MIZ-01496,CBBG-0001496,missouri,MIZ-HIST-01496,historical_media_guide,1978-1979,1979-01-17,Kansas,kansas,Kansas,58,55,W,0,away_candidate,unknown,,,,,,,REGULAR_SEASON,,33,Jan. 17 - 20 @ Kansas W 58-55,opponent_resolved_site_pending,,MATCHED,BOOTSTRAP_SAME_SOURCE_SEQUENCE
ASRT-MIZ-01497,CBBG-0001497,missouri,MIZ-HIST-01497,historical_media_guide,1978-1979,1979-01-20,Nebraska,nebraska,Nebraska,76,60,W,0,home_or_special_site_candidate,unknown,Hearnes Center,,,,,,REGULAR_SEASON,,33,Jan. 20 - - Nebraska W 76-60,opponent_resolved_site_pending,,MATCHED,BOOTSTRAP_SAME_SOURCE_SEQUENCE
ASRT-MIZ-01498,CBBG-0001498,missouri,MIZ-HIST-01498,historical_media_guide,1978-1979,1979-01-24,Colorado,colorado,Colorado,69,82,L,0,away_candidate,unknown,,,,,,,REGULAR_SEASON,,33,Jan. 24 - - @ Colorado L 69-82,opponent_resolved_site_pending,,MATCHED,BOOTSTRAP_SAME_SOURCE_SEQUENCE
ASRT-MIZ-01499,CBBG-0001499,missouri,MIZ-HIST-01499,historical_media_guide,1978-1979,1979-01-27,Kansas State,kansas-state,Kansas State,83,79,W,0,home_or_special_site_candidate,unknown,Hearnes Center,,,,,,REGULAR_SEASON,,33,Jan. 27 - - Kansas State W 83-79,opponent_resolved_site_pending,,MATCHED,BOOTSTRAP_SAME_SOURCE_SEQUENCE
ASRT-MIZ-01500,CBBG-0001500,missouri,MIZ-HIST-01500,historical_media_guide,1978-1979,1979-01-31,Iowa State,iowa-state,Iowa State,84,80,W,0,away_candidate,unknown,,,,,,,REGULAR_SEASON,,33,Jan. 31 - - @ Iowa State (OT) W 84-80,opponent_resolved_site_pending,,MATCHED,BOOTSTRAP_SAME_SOURCE_SEQUENCE
ASRT-MIZ-01501,CBBG-0001501,missouri,MIZ-HIST-01501,historical_media_guide,1978-1979,1979-02-03,Oklahoma,oklahoma,Oklahoma,76,80,L,0,away_candidate,unknown,,,,,,,REGULAR_SEASON,,33,Feb. 3 - - @ Oklahoma L 76-80,opponent_resolved_site_pending,,MATCHED,BOOTSTRAP_SAME_SOURCE_SEQUENCE
ASRT-MIZ-01502,CBBG-0001502,missouri,MIZ-HIST-01502,historical_media_guide,1978-1979,1979-02-07,Kansas,kansas,Kansas,85,88,L,0,home_or_special_site_candidate,unknown,Hearnes Center,,,,,,REGULAR_SEASON,,33,Feb. 7 - - Kansas L 85-88,opponent_resolved_site_pending,,MATCHED,BOOTSTRAP_SAME_SOURCE_SEQUENCE
ASRT-MIZ-01503,CBBG-0001503,missouri,MIZ-HIST-01503,historical_media_guide,1978-1979,1979-02-10,Oklahoma State,oklahoma-state,Oklahoma State,54,61,L,0,away_candidate,unknown,,,,,,,REGULAR_SEASON,,33,Feb. 10 - - @ Oklahoma State L 54-61,opponent_resolved_site_pending,,MATCHED,BOOTSTRAP_SAME_SOURCE_SEQUENCE
ASRT-MIZ-01504,CBBG-0001504,missouri,MIZ-HIST-01504,historical_media_guide,1978-1979,1979-02-14,Colorado,colorado,Colorado,81,69,W,0,away_candidate,unknown,,,,,,,REGULAR_SEASON,,33,Feb. 14 - - @ Colorado W 81-69,opponent_resolved_site_pending,,MATCHED,BOOTSTRAP_SAME_SOURCE_SEQUENCE
ASRT-MIZ-01505,CBBG-0001505,missouri,MIZ-HIST-01505,historical_media_guide,1978-1979,1979-02-17,Nebraska,nebraska,Nebraska,64,76,L,0,away_candidate,unknown,,,,,,,REGULAR_SEASON,,33,Feb. 17 - - @ Nebraska L 64-76,opponent_resolved_site_pending,,MATCHED,BOOTSTRAP_SAME_SOURCE_SEQUENCE
ASRT-MIZ-01506,CBBG-0001506,missouri,MIZ-HIST-01506,historical_media_guide,1978-1979,1979-02-21,Kansas State,kansas-state,Kansas State,67,63,W,0,away_candidate,unknown,,,,,,,REGULAR_SEASON,,33,Feb. 21 - - @ Kansas State W 67-63,opponent_resolved_site_pending,,MATCHED,BOOTSTRAP_SAME_SOURCE_SEQUENCE
ASRT-MIZ-01507,CBBG-0001507,missouri,MIZ-HIST-01507,historical_media_guide,1978-1979,1979-02-24,Iowa State,iowa-state,Iowa State,73,67,W,0,home_or_special_site_candidate,unknown,Hearnes Center,,,,,,REGULAR_SEASON,,33,Feb. 24 - - Iowa State W 73-67,opponent_resolved_site_pending,,MATCHED,BOOTSTRAP_SAME_SOURCE_SEQUENCE
ASRT-MIZ-01508,CBBG-0001508,missouri,MIZ-HIST-01508,historical_media_guide,1978-1979,1979-02-27,Oklahoma State,oklahoma-state,Oklahoma State,92,70,W,0,home_or_special_site_candidate,unknown,Hearnes Center,,,,Big Eight Post-Season Tournament,,CONFERENCE_TOURNAMENT,,33,Feb. 27 - - +Oklahoma State W 92-70,opponent_resolved_site_pending,,MATCHED,BOOTSTRAP_SAME_SOURCE_SEQUENCE
ASRT-MIZ-01509,CBBG-0001509,missouri,MIZ-HIST-01509,historical_media_guide,1978-1979,1979-03-02,Kansas,kansas,Kansas,73,76,L,0,home_or_special_site_candidate,unknown,,,,,Big Eight Post-Season Tournament,,CONFERENCE_TOURNAMENT,,33,Mar. 2 - - +Kansas L 73-76,opponent_resolved_site_pending,,MATCHED,BOOTSTRAP_SAME_SOURCE_SEQUENCE
ASRT-MIZ-01510,CBBG-0001510,missouri,MIZ-HIST-01510,historical_media_guide,1979-1980,1979-11-30,Southwest Texas St.,texas-state,Texas State,86,70,W,0,home_or_special_site_candidate,unknown,Hearnes Center,,,,,,REGULAR_SEASON,,34,Nov. 30 - - Southwest Texas St. W 86-70,opponent_resolved_site_pending,,MATCHED,BOOTSTRAP_SAME_SOURCE_SEQUENCE
ASRT-MIZ-01511,CBBG-0001511,missouri,MIZ-HIST-01511,historical_media_guide,1979-1980,1979-12-01,South Dakota St.,south-dakota-state,South Dakota State,80,60,W,0,home_or_special_site_candidate,unknown,Hearnes Center,,,,,,REGULAR_SEASON,,34,Dec. 1 - - South Dakota St. W 80-60,opponent_resolved_site_pending,,MATCHED,BOOTSTRAP_SAME_SOURCE_SEQUENCE
ASRT-MIZ-01512,CBBG-0001512,missouri,MIZ-HIST-01512,historical_media_guide,1979-1980,1979-12-04,Illinois,illinois,Illinois,67,66,W,0,away_candidate,unknown,,,,,,,REGULAR_SEASON,,34,Dec. 4 - - @ Illinois (OT) W 67-66,opponent_resolved_site_pending,,MATCHED,BOOTSTRAP_SAME_SOURCE_SEQUENCE
ASRT-MIZ-01513,CBBG-0001513,missouri,MIZ-HIST-01513,historical_media_guide,1979-1980,1979-12-07,Geo. Washington,george-washington,George Washington,89,63,W,0,home_or_special_site_candidate,unknown,Hearnes Center,,,,"Show-Me Classic, Columbia",,REGULAR_SEASON,,34,Dec. 7 - - #Geo. Washington W 89-63,opponent_resolved_site_pending,,MATCHED,BOOTSTRAP_SAME_SOURCE_SEQUENCE
ASRT-MIZ-01514,CBBG-0001514,missouri,MIZ-HIST-01514,historical_media_guide,1979-1980,1979-12-08,Arkansas State,arkansas-state,Arkansas State,86,67,W,0,home_or_special_site_candidate,unknown,Hearnes Center,,,,"Show-Me Classic, Columbia",,REGULAR_SEASON,,34,Dec. 8 - - #Arkansas State W 86-67,opponent_resolved_site_pending,,MATCHED,BOOTSTRAP_SAME_SOURCE_SEQUENCE
ASRT-MIZ-01515,CBBG-0001515,missouri,MIZ-HIST-01515,historical_media_guide,1979-1980,1979-12-10,Southern California,usc,USC,78,75,W,0,home_or_special_site_candidate,unknown,Hearnes Center,,,,,,REGULAR_SEASON,,34,Dec. 10 - - Southern California W 78-75,opponent_resolved_site_pending,,MATCHED,BOOTSTRAP_SAME_SOURCE_SEQUENCE
ASRT-MIZ-01516,CBBG-0001516,missouri,MIZ-HIST-01516,historical_media_guide,1979-1980,1979-12-12,Butler,butler,Butler,64,60,W,0,away_candidate,unknown,,,,,,,REGULAR_SEASON,,34,Dec. 12 19 - @ Butler W 64-60,opponent_resolved_site_pending,,MATCHED,BOOTSTRAP_SAME_SOURCE_SEQUENCE
ASRT-MIZ-01517,CBBG-0001517,missouri,MIZ-HIST-01517,historical_media_guide,1979-1980,1979-12-15,Northern Arizona,northern-arizona,Northern Arizona,112,64,W,0,home_or_special_site_candidate,unknown,Hearnes Center,,,,,,REGULAR_SEASON,,34,Dec. 15 19 - Northern Arizona W 112-64,opponent_resolved_site_pending,,MATCHED,BOOTSTRAP_SAME_SOURCE_SEQUENCE
ASRT-MIZ-01518,CBBG-0001518,missouri,MIZ-HIST-01518,historical_media_guide,1979-1980,1979-12-17,Oral Roberts,oral-roberts,Oral Roberts,84,73,W,0,home_or_special_site_candidate,unknown,Hearnes Center,,,,,,REGULAR_SEASON,,34,Dec. 17 19 - Oral Roberts W 84-73,opponent_resolved_site_pending,,MATCHED,BOOTSTRAP_SAME_SOURCE_SEQUENCE
ASRT-MIZ-01519,CBBG-0001519,missouri,MIZ-HIST-01519,historical_media_guide,1979-1980,1979-12-22,St. Louis,saint-louis,Saint Louis,77,75,W,0,away_candidate,unknown,,,,,,,REGULAR_SEASON,,34,Dec. 22 16 - @ St. Louis (OT) W 77-75,opponent_resolved_site_pending,,MATCHED,BOOTSTRAP_SAME_SOURCE_SEQUENCE
ASRT-MIZ-01520,CBBG-0001520,missouri,MIZ-HIST-01520,historical_media_guide,1979-1980,1980-01-02,DePaul,depaul,DePaul,79,82,L,0,away_candidate,unknown,,,,,,,REGULAR_SEASON,,34,Jan. 2 12 3 @ DePaul L 79-82,opponent_resolved_site_pending,,MATCHED,BOOTSTRAP_SAME_SOURCE_SEQUENCE
ASRT-MIZ-01521,CBBG-0001521,missouri,MIZ-HIST-01521,historical_media_guide,1979-1980,1980-01-05,Lamar,lamar,Lamar,71,60,W,0,home_or_special_site_candidate,unknown,Hearnes Center,,,,,,REGULAR_SEASON,,34,Jan. 5 12 - Lamar W 71-60,opponent_resolved_site_pending,,MATCHED,BOOTSTRAP_SAME_SOURCE_SEQUENCE
ASRT-MIZ-01522,CBBG-0001522,missouri,MIZ-HIST-01522,historical_media_guide,1979-1980,1980-01-09,Kansas,kansas,Kansas,66,69,L,0,away_candidate,unknown,,,,,,,REGULAR_SEASON,,34,Jan. 9 13 - @ Kansas L 66-69,opponent_resolved_site_pending,,MATCHED,BOOTSTRAP_SAME_SOURCE_SEQUENCE
ASRT-MIZ-01523,CBBG-0001523,missouri,MIZ-HIST-01523,historical_media_guide,1979-1980,1980-01-12,Nebraska,nebraska,Nebraska,84,63,W,0,away_candidate,unknown,,,,,,,REGULAR_SEASON,,34,Jan. 12 13 - @ Nebraska W 84-63,opponent_resolved_site_pending,,MATCHED,BOOTSTRAP_SAME_SOURCE_SEQUENCE
ASRT-MIZ-01524,CBBG-0001524,missouri,MIZ-HIST-01524,historical_media_guide,1979-1980,1980-01-16,Iowa State,iowa-state,Iowa State,85,70,W,0,home_or_special_site_candidate,unknown,Hearnes Center,,,,,,REGULAR_SEASON,,34,Jan. 16 15 - Iowa State W 85-70,opponent_resolved_site_pending,,MATCHED,BOOTSTRAP_SAME_SOURCE_SEQUENCE
ASRT-MIZ-01525,CBBG-0001525,missouri,MIZ-HIST-01525,historical_media_guide,1979-1980,1980-01-19,Oklahoma State,oklahoma-state,Oklahoma State,69,64,W,0,away_candidate,unknown,,,,,,,REGULAR_SEASON,,34,Jan. 19 15 - @ Oklahoma State W 69-64,opponent_resolved_site_pending,,MATCHED,BOOTSTRAP_SAME_SOURCE_SEQUENCE
ASRT-MIZ-01526,CBBG-0001526,missouri,MIZ-HIST-01526,historical_media_guide,1979-1980,1980-01-23,Colorado,colorado,Colorado,78,45,W,0,home_or_special_site_candidate,unknown,Hearnes Center,,,,,,REGULAR_SEASON,,34,Jan. 23 10 - Colorado W 78-45,opponent_resolved_site_pending,,MATCHED,BOOTSTRAP_SAME_SOURCE_SEQUENCE
ASRT-MIZ-01527,CBBG-0001527,missouri,MIZ-HIST-01527,historical_media_guide,1979-1980,1980-01-26,Oklahoma,oklahoma,Oklahoma,73,78,L,0,away_candidate,unknown,,,,,,,REGULAR_SEASON,,34,Jan. 26 10 - @ Oklahoma L 73-78,opponent_resolved_site_pending,,MATCHED,BOOTSTRAP_SAME_SOURCE_SEQUENCE
ASRT-MIZ-01528,CBBG-0001528,missouri,MIZ-HIST-01528,historical_media_guide,1979-1980,1980-01-30,Kansas State,kansas-state,Kansas State,64,66,L,0,home_or_special_site_candidate,unknown,Hearnes Center,,,,,,REGULAR_SEASON,,34,Jan. 30 14 20 Kansas State L 64-66,opponent_resolved_site_pending,,MATCHED,BOOTSTRAP_SAME_SOURCE_SEQUENCE
ASRT-MIZ-01529,CBBG-0001529,missouri,MIZ-HIST-01529,historical_media_guide,1979-1980,1980-02-02,Nebraska,nebraska,Nebraska,73,60,W,0,home_or_special_site_candidate,unknown,Hearnes Center,,,,,,REGULAR_SEASON,,34,Feb. 2 14 - Nebraska W 73-60,opponent_resolved_site_pending,,MATCHED,BOOTSTRAP_SAME_SOURCE_SEQUENCE
ASRT-MIZ-01530,CBBG-0001530,missouri,MIZ-HIST-01530,historical_media_guide,1979-1980,1980-02-06,Iowa State,iowa-state,Iowa State,84,70,W,0,away_candidate,unknown,,,,,,,REGULAR_SEASON,,34,Feb. 6 15 - @ Iowa State W 84-70,opponent_resolved_site_pending,,MATCHED,BOOTSTRAP_SAME_SOURCE_SEQUENCE
ASRT-MIZ-01531,CBBG-0001531,missouri,MIZ-HIST-01531,historical_media_guide,1979-1980,1980-02-09,Kansas,kansas,Kansas,88,65,W,0,home_or_special_site_candidate,unknown,Hearnes Center,,,,,,REGULAR_SEASON,,34,Feb. 9 15 - Kansas W 88-65,opponent_resolved_site_pending,,MATCHED,BOOTSTRAP_SAME_SOURCE_SEQUENCE
ASRT-MIZ-01532,CBBG-0001532,missouri,MIZ-HIST-01532,historical_media_guide,1979-1980,1980-02-13,Colorado,colorado,Colorado,83,68,W,0,away_candidate,unknown,,,,,,,REGULAR_SEASON,,34,Feb. 13 14 - @ Colorado W 83-68,opponent_resolved_site_pending,,MATCHED,BOOTSTRAP_SAME_SOURCE_SEQUENCE
ASRT-MIZ-01533,CBBG-0001533,missouri,MIZ-HIST-01533,historical_media_guide,1979-1980,1980-02-16,Oklahoma State,oklahoma-state,Oklahoma State,93,81,W,0,home_or_special_site_candidate,unknown,Hearnes Center,,,,,,REGULAR_SEASON,,34,Feb. 16 14 - Oklahoma State W 93-81,opponent_resolved_site_pending,,MATCHED,BOOTSTRAP_SAME_SOURCE_SEQUENCE
ASRT-MIZ-01534,CBBG-0001534,missouri,MIZ-HIST-01534,historical_media_guide,1979-1980,1980-02-20,Oklahoma,oklahoma,Oklahoma,81,69,W,0,home_or_special_site_candidate,unknown,Hearnes Center,,,,,,REGULAR_SEASON,,34,Feb. 20 13 - Oklahoma W 81-69,opponent_resolved_site_pending,,MATCHED,BOOTSTRAP_SAME_SOURCE_SEQUENCE
ASRT-MIZ-01535,CBBG-0001535,missouri,MIZ-HIST-01535,historical_media_guide,1979-1980,1980-02-23,Kansas State,kansas-state,Kansas State,67,65,W,0,away_candidate,unknown,,,,,,,REGULAR_SEASON,,34,Feb. 23 13 - @ Kansas State W 67-65,opponent_resolved_site_pending,,MATCHED,BOOTSTRAP_SAME_SOURCE_SEQUENCE
ASRT-MIZ-01536,CBBG-0001536,missouri,MIZ-HIST-01536,historical_media_guide,1979-1980,1980-02-26,Oklahoma State,oklahoma-state,Oklahoma State,82,69,W,0,home_or_special_site_candidate,unknown,Kemper Arena,,,,"Big Eight Tournament, Kansas City",,CONFERENCE_TOURNAMENT,,34,Feb. 26 11 - *Oklahoma State W 82-69,opponent_resolved_site_pending,,MATCHED,BOOTSTRAP_SAME_SOURCE_SEQUENCE
ASRT-MIZ-01537,CBBG-0001537,missouri,MIZ-HIST-01537,historical_media_guide,1979-1980,1980-02-29,Kansas,kansas,Kansas,71,80,L,0,home_or_special_site_candidate,unknown,Kemper Arena,,,,"Big Eight Tournament, Kansas City",,CONFERENCE_TOURNAMENT,,34,Feb. 29 11 - *Kansas L 71-80,opponent_resolved_site_pending,,MATCHED,BOOTSTRAP_SAME_SOURCE_SEQUENCE
ASRT-MIZ-01538,CBBG-0001538,missouri,MIZ-HIST-01538,historical_media_guide,1979-1980,1980-03-06,San Jose State,san-jose-state,San José State,61,51,W,0,home_or_special_site_candidate,unknown,,,,,"NCAA Midwest Sub-Regional, Lincoln",,NCAA_TOURNAMENT,R64,34,Mar. 6 16 - +San Jose State W 61-51,opponent_resolved_site_pending,,MATCHED,BOOTSTRAP_SAME_SOURCE_SEQUENCE
ASRT-MIZ-01539,CBBG-0001539,missouri,MIZ-HIST-01539,historical_media_guide,1979-1980,1980-03-08,Notre Dame,notre-dame,Notre Dame,87,84,W,0,home_or_special_site_candidate,unknown,,,,,"NCAA Midwest Sub-Regional, Lincoln",,NCAA_TOURNAMENT,R32,34,Mar. 8 16 9 +Notre Dame (OT) W 87-84,opponent_resolved_site_pending,,MATCHED,BOOTSTRAP_SAME_SOURCE_SEQUENCE
ASRT-MIZ-01540,CBBG-0001540,missouri,MIZ-HIST-01540,historical_media_guide,1979-1980,1980-03-14,Louisiana State,lsu,LSU,63,68,L,0,home_or_special_site_candidate,unknown,,,,,"NCAA Midwest Regional, Houston",,NCAA_TOURNAMENT,Sweet Sixteen,34,Mar. 14 16 - %Louisiana State L 63-68,opponent_resolved_site_pending,,MATCHED,BOOTSTRAP_SAME_SOURCE_SEQUENCE
ASRT-MIZ-01541,CBBG-0001541,missouri,MIZ-HIST-01541,historical_media_guide,1980-1981,1980-11-28,Arkansas,arkansas,Arkansas,73,81,L,0,home_or_special_site_candidate,unknown,,,,,"Great Alaskan Shootout, Anchorage",,REGULAR_SEASON,,34,Nov. 28 11 20 #Arkansas L 73-81,opponent_resolved_site_pending,,MATCHED,BOOTSTRAP_SAME_SOURCE_SEQUENCE
ASRT-MIZ-01542,CBBG-0001542,missouri,MIZ-HIST-01542,historical_media_guide,1980-1981,1980-11-29,Colgate,colgate,Colgate,73,67,W,0,home_or_special_site_candidate,unknown,,,,,"Great Alaskan Shootout, Anchorage",,REGULAR_SEASON,,34,Nov. 29 11 - #Colgate W 73-67,opponent_resolved_site_pending,,MATCHED,BOOTSTRAP_SAME_SOURCE_SEQUENCE
ASRT-MIZ-01543,CBBG-0001543,missouri,MIZ-HIST-01543,historical_media_guide,1980-1981,1980-11-30,Alaska-Anchorage,alaska-anchorage,Alaska Anchorage,54,53,W,0,home_or_special_site_candidate,unknown,,,,,"Great Alaskan Shootout, Anchorage",,REGULAR_SEASON,,34,Nov. 30 11 - #Alaska-Anchorage W 54-53,opponent_resolved_site_pending,,MATCHED,BOOTSTRAP_SAME_SOURCE_SEQUENCE
ASRT-MIZ-01544,CBBG-0001544,missouri,MIZ-HIST-01544,historical_media_guide,1980-1981,1980-12-05,West Texas State,west-texas-state,West Texas State,88,70,W,0,home_or_special_site_candidate,unknown,Hearnes Center,,,,"Show-Me Classic, Columbia",,REGULAR_SEASON,,34,Dec. 5 17 - *West Texas State W 88-70,opponent_resolved_site_pending,,MATCHED,BOOTSTRAP_SAME_SOURCE_SEQUENCE
ASRT-MIZ-01545,CBBG-0001545,missouri,MIZ-HIST-01545,historical_media_guide,1980-1981,1980-12-06,Lamar,lamar,Lamar,92,70,W,0,home_or_special_site_candidate,unknown,Hearnes Center,,,,"Show-Me Classic, Columbia",,REGULAR_SEASON,,34,Dec. 6 17 - *Lamar W 92-70,opponent_resolved_site_pending,,MATCHED,BOOTSTRAP_SAME_SOURCE_SEQUENCE
ASRT-MIZ-01546,CBBG-0001546,missouri,MIZ-HIST-01546,historical_media_guide,1980-1981,1980-12-10,Illinois,illinois,Illinois,62,84,L,0,away_candidate,unknown,,,,,,,REGULAR_SEASON,,34,Dec. 10 14 - @ Illinois L 62-84,opponent_resolved_site_pending,,MATCHED,BOOTSTRAP_SAME_SOURCE_SEQUENCE
ASRT-MIZ-01547,CBBG-0001547,missouri,MIZ-HIST-01547,historical_media_guide,1980-1981,1980-12-13,St. Louis,saint-louis,Saint Louis,76,58,W,0,home_or_special_site_candidate,unknown,Hearnes Center,,,,,,REGULAR_SEASON,,34,Dec. 13 14 - St. Louis W 76-58,opponent_resolved_site_pending,,MATCHED,BOOTSTRAP_SAME_SOURCE_SEQUENCE
ASRT-MIZ-01548,CBBG-0001548,missouri,MIZ-HIST-01548,historical_media_guide,1980-1981,1980-12-16,U.S. International,u-s-international,U.S. International,93,44,W,0,home_or_special_site_candidate,unknown,Hearnes Center,,,,,,REGULAR_SEASON,,34,Dec. 16 - - U.S. International W 93-44,opponent_resolved_site_pending,,MATCHED,BOOTSTRAP_SAME_SOURCE_SEQUENCE
ASRT-MIZ-01549,CBBG-0001549,missouri,MIZ-HIST-01549,historical_media_guide,1980-1981,1980-12-19,Florida State,florida-state,Florida State,64,68,L,0,home_or_special_site_candidate,unknown,,,,,"Cotton States Classic, Atlanta",,REGULAR_SEASON,,34,Dec. 19 - - +Florida State L 64-68,opponent_resolved_site_pending,,MATCHED,BOOTSTRAP_SAME_SOURCE_SEQUENCE
ASRT-MIZ-01550,CBBG-0001550,missouri,MIZ-HIST-01550,historical_media_guide,1980-1981,1980-12-20,UT-Chattanooga,chattanooga,Chattanooga,64,62,W,0,home_or_special_site_candidate,unknown,,,,,"Cotton States Classic, Atlanta",,REGULAR_SEASON,,34,Dec. 20 - - +UT-Chattanooga W 64-62,opponent_resolved_site_pending,,MATCHED,BOOTSTRAP_SAME_SOURCE_SEQUENCE
ASRT-MIZ-01551,CBBG-0001551,missouri,MIZ-HIST-01551,historical_media_guide,1980-1981,1980-12-22,Brown,brown,Brown,83,61,W,0,home_or_special_site_candidate,unknown,Hearnes Center,,,,,,REGULAR_SEASON,,34,Dec. 22 - - Brown W 83-61,opponent_resolved_site_pending,,MATCHED,BOOTSTRAP_SAME_SOURCE_SEQUENCE
ASRT-MIZ-01552,CBBG-0001552,missouri,MIZ-HIST-01552,historical_media_guide,1980-1981,1981-01-03,Oral Roberts,oral-roberts,Oral Roberts,83,74,W,0,away_candidate,unknown,,,,,,,REGULAR_SEASON,,34,Jan. 3 - - @ Oral Roberts W 83-74,opponent_resolved_site_pending,,MATCHED,BOOTSTRAP_SAME_SOURCE_SEQUENCE
ASRT-MIZ-01553,CBBG-0001553,missouri,MIZ-HIST-01553,historical_media_guide,1980-1981,1981-01-05,Navy,navy,Navy,88,67,W,0,home_or_special_site_candidate,unknown,Hearnes Center,,,,,,REGULAR_SEASON,,34,Jan. 5 - - Navy W 88-67,opponent_resolved_site_pending,,MATCHED,BOOTSTRAP_SAME_SOURCE_SEQUENCE
ASRT-MIZ-01554,CBBG-0001554,missouri,MIZ-HIST-01554,historical_media_guide,1980-1981,1981-01-07,LaSalle,la-salle,La Salle,83,74,W,0,away_candidate,unknown,,,,,,,REGULAR_SEASON,,34,Jan. 7 - - @ LaSalle W 83-74,opponent_resolved_site_pending,,MATCHED,BOOTSTRAP_SAME_SOURCE_SEQUENCE
ASRT-MIZ-01555,CBBG-0001555,missouri,MIZ-HIST-01555,historical_media_guide,1980-1981,1981-01-13,Oklahoma,oklahoma,Oklahoma,81,52,W,0,home_or_special_site_candidate,unknown,Hearnes Center,,,,,,REGULAR_SEASON,,34,Jan. 13 - - Oklahoma W 81-52,opponent_resolved_site_pending,,MATCHED,BOOTSTRAP_SAME_SOURCE_SEQUENCE
ASRT-MIZ-01556,CBBG-0001556,missouri,MIZ-HIST-01556,historical_media_guide,1980-1981,1981-01-17,Iowa State,iowa-state,Iowa State,92,69,W,0,home_or_special_site_candidate,unknown,Hearnes Center,,,,,,REGULAR_SEASON,,34,Jan. 17 - - Iowa State W 92-69,opponent_resolved_site_pending,,MATCHED,BOOTSTRAP_SAME_SOURCE_SEQUENCE
ASRT-MIZ-01557,CBBG-0001557,missouri,MIZ-HIST-01557,historical_media_guide,1980-1981,1981-01-18,Louisville,louisville,Louisville,49,71,L,0,away_candidate,unknown,,,,,,,REGULAR_SEASON,,34,Jan. 18 - - @ Louisville L 49-71,opponent_resolved_site_pending,,MATCHED,BOOTSTRAP_SAME_SOURCE_SEQUENCE
ASRT-MIZ-01558,CBBG-0001558,missouri,MIZ-HIST-01558,historical_media_guide,1980-1981,1981-01-21,Kansas,kansas,Kansas,55,63,L,0,away_candidate,unknown,,,,,,,REGULAR_SEASON,,34,Jan. 21 - - @ Kansas L 55-63,opponent_resolved_site_pending,,MATCHED,BOOTSTRAP_SAME_SOURCE_SEQUENCE
ASRT-MIZ-01559,CBBG-0001559,missouri,MIZ-HIST-01559,historical_media_guide,1980-1981,1981-01-24,Nebraska,nebraska,Nebraska,53,66,L,0,away_candidate,unknown,,,,,,,REGULAR_SEASON,,34,Jan. 24 - - @ Nebraska L 53-66,opponent_resolved_site_pending,,MATCHED,BOOTSTRAP_SAME_SOURCE_SEQUENCE
ASRT-MIZ-01560,CBBG-0001560,missouri,MIZ-HIST-01560,historical_media_guide,1980-1981,1981-01-28,Oklahoma State,oklahoma-state,Oklahoma State,92,77,W,0,home_or_special_site_candidate,unknown,Hearnes Center,,,,,,REGULAR_SEASON,,34,Jan. 28 - - Oklahoma State W 92-77,opponent_resolved_site_pending,,MATCHED,BOOTSTRAP_SAME_SOURCE_SEQUENCE
ASRT-MIZ-01561,CBBG-0001561,missouri,MIZ-HIST-01561,historical_media_guide,1980-1981,1981-01-31,Colorado,colorado,Colorado,66,58,W,0,home_or_special_site_candidate,unknown,Hearnes Center,,,,,,REGULAR_SEASON,,34,Jan. 31 - - Colorado W 66-58,opponent_resolved_site_pending,,MATCHED,BOOTSTRAP_SAME_SOURCE_SEQUENCE
ASRT-MIZ-01562,CBBG-0001562,missouri,MIZ-HIST-01562,historical_media_guide,1980-1981,1981-02-04,Kansas State,kansas-state,Kansas State,56,75,L,0,away_candidate,unknown,,,,,,,REGULAR_SEASON,,34,Feb. 4 - - @ Kansas State L 56-75,opponent_resolved_site_pending,,MATCHED,BOOTSTRAP_SAME_SOURCE_SEQUENCE
ASRT-MIZ-01563,CBBG-0001563,missouri,MIZ-HIST-01563,historical_media_guide,1980-1981,1981-02-07,Iowa State,iowa-state,Iowa State,70,56,W,0,away_candidate,unknown,,,,,,,REGULAR_SEASON,,34,Feb. 7 - - @ Iowa State W 70-56,opponent_resolved_site_pending,,MATCHED,BOOTSTRAP_SAME_SOURCE_SEQUENCE
ASRT-MIZ-01564,CBBG-0001564,missouri,MIZ-HIST-01564,historical_media_guide,1980-1981,1981-02-09,Kansas,kansas,Kansas,79,65,W,0,home_or_special_site_candidate,unknown,Hearnes Center,,,,,,REGULAR_SEASON,,34,Feb. 9 - - Kansas W 79-65,opponent_resolved_site_pending,,MATCHED,BOOTSTRAP_SAME_SOURCE_SEQUENCE
ASRT-MIZ-01565,CBBG-0001565,missouri,MIZ-HIST-01565,historical_media_guide,1980-1981,1981-02-14,Oklahoma,oklahoma,Oklahoma,55,60,L,0,away_candidate,unknown,,,,,,,REGULAR_SEASON,,34,Feb. 14 - - @ Oklahoma L 55-60,opponent_resolved_site_pending,,MATCHED,BOOTSTRAP_SAME_SOURCE_SEQUENCE
ASRT-MIZ-01566,CBBG-0001566,missouri,MIZ-HIST-01566,historical_media_guide,1980-1981,1981-02-18,Oklahoma State,oklahoma-state,Oklahoma State,82,65,W,0,away_candidate,unknown,,,,,,,REGULAR_SEASON,,34,Feb. 18 - - @ Oklahoma State W 82-65,opponent_resolved_site_pending,,MATCHED,BOOTSTRAP_SAME_SOURCE_SEQUENCE
ASRT-MIZ-01567,CBBG-0001567,missouri,MIZ-HIST-01567,historical_media_guide,1980-1981,1981-02-21,Nebraska,nebraska,Nebraska,55,45,W,0,home_or_special_site_candidate,unknown,Hearnes Center,,,,,,REGULAR_SEASON,,34,Feb. 21 - - Nebraska W 55-45,opponent_resolved_site_pending,,MATCHED,BOOTSTRAP_SAME_SOURCE_SEQUENCE
ASRT-MIZ-01568,CBBG-0001568,missouri,MIZ-HIST-01568,historical_media_guide,1980-1981,1981-02-25,Colorado,colorado,Colorado,73,62,W,0,away_candidate,unknown,,,,,,,REGULAR_SEASON,,34,Feb. 25 - - @ Colorado W 73-62,opponent_resolved_site_pending,,MATCHED,BOOTSTRAP_SAME_SOURCE_SEQUENCE
ASRT-MIZ-01569,CBBG-0001569,missouri,MIZ-HIST-01569,historical_media_guide,1980-1981,1981-02-28,Kansas State,kansas-state,Kansas State,46,43,W,0,home_or_special_site_candidate,unknown,Hearnes Center,,,,,,REGULAR_SEASON,,34,Feb. 28 - - Kansas State W 46-43,opponent_resolved_site_pending,,MATCHED,BOOTSTRAP_SAME_SOURCE_SEQUENCE
ASRT-MIZ-01570,CBBG-0001570,missouri,MIZ-HIST-01570,historical_media_guide,1980-1981,1981-03-03,Iowa State,iowa-state,Iowa State,95,70,W,0,home_or_special_site_candidate,unknown,Kemper Arena,,,,"Big Eight Tournament, Kansas City",,CONFERENCE_TOURNAMENT,,34,Mar. 3 - - %Iowa State W 95-70,opponent_resolved_site_pending,,MATCHED,BOOTSTRAP_SAME_SOURCE_SEQUENCE
ASRT-MIZ-01571,CBBG-0001571,missouri,MIZ-HIST-01571,historical_media_guide,1980-1981,1981-03-06,Kansas,kansas,Kansas,70,75,L,0,home_or_special_site_candidate,unknown,Kemper Arena,,,,"Big Eight Tournament, Kansas City",,CONFERENCE_TOURNAMENT,,34,Mar. 6 - - %Kansas L 70-75,opponent_resolved_site_pending,,MATCHED,BOOTSTRAP_SAME_SOURCE_SEQUENCE
ASRT-MIZ-01572,CBBG-0001572,missouri,MIZ-HIST-01572,historical_media_guide,1980-1981,1981-03-12,=Lamar,lamar,Lamar,67,71,L,0,home_or_special_site_candidate,unknown,Hearnes Center,,,,,,NCAA_TOURNAMENT,R64,34,Mar. 12 - - =Lamar L 67-71,opponent_resolved_site_pending,,MATCHED,BOOTSTRAP_SAME_SOURCE_SEQUENCE
ASRT-MIZ-01573,CBBG-0001573,missouri,MIZ-HIST-01573,historical_media_guide,1981-1982,1981-12-01,Alcorn State,alcorn-state,Alcorn State,82,51,W,0,home_or_special_site_candidate,unknown,Hearnes Center,,,,,,REGULAR_SEASON,,34,Dec. 1 16 - Alcorn State W 82-51,opponent_resolved_site_pending,,MATCHED,BOOTSTRAP_SAME_SOURCE_SEQUENCE
ASRT-MIZ-01574,CBBG-0001574,missouri,MIZ-HIST-01574,historical_media_guide,1981-1982,1981-12-04,East Carolina,east-carolina,East Carolina,87,55,W,0,home_or_special_site_candidate,unknown,Hearnes Center,,,,"Show-Me Classic, Columbia",,REGULAR_SEASON,,34,Dec. 4 16 - #East Carolina W 87-55,opponent_resolved_site_pending,,MATCHED,BOOTSTRAP_SAME_SOURCE_SEQUENCE
ASRT-MIZ-01575,CBBG-0001575,missouri,MIZ-HIST-01575,historical_media_guide,1981-1982,1981-12-05,Wyoming,wyoming,Wyoming,64,54,W,0,home_or_special_site_candidate,unknown,Hearnes Center,,,,"Show-Me Classic, Columbia",,REGULAR_SEASON,,34,Dec. 5 16 - #Wyoming W 64-54,opponent_resolved_site_pending,,MATCHED,BOOTSTRAP_SAME_SOURCE_SEQUENCE
ASRT-MIZ-01576,CBBG-0001576,missouri,MIZ-HIST-01576,historical_media_guide,1981-1982,1981-12-08,Illinois,illinois,Illinois,78,68,W,0,away_candidate,unknown,,,,,,,REGULAR_SEASON,,34,Dec. 8 13 - @ Illinois (OT) W 78-68,opponent_resolved_site_pending,,MATCHED,BOOTSTRAP_SAME_SOURCE_SEQUENCE
ASRT-MIZ-01577,CBBG-0001577,missouri,MIZ-HIST-01577,historical_media_guide,1981-1982,1981-12-12,Baylor,baylor,Baylor,70,51,W,0,home_or_special_site_candidate,unknown,Hearnes Center,,,,,,REGULAR_SEASON,,34,Dec. 12 13 - Baylor W 70-51,opponent_resolved_site_pending,,MATCHED,BOOTSTRAP_SAME_SOURCE_SEQUENCE
ASRT-MIZ-01578,CBBG-0001578,missouri,MIZ-HIST-01578,historical_media_guide,1981-1982,1981-12-21,Youngstown State,youngstown-state,Youngstown State,97,60,W,0,home_or_special_site_candidate,unknown,Hearnes Center,,,,,,REGULAR_SEASON,,34,Dec. 21 11 - Youngstown State W 97-60,opponent_resolved_site_pending,,MATCHED,BOOTSTRAP_SAME_SOURCE_SEQUENCE
ASRT-MIZ-01579,CBBG-0001579,missouri,MIZ-HIST-01579,historical_media_guide,1981-1982,1981-12-27,UA-Birmingham,uab,UAB,98,80,W,0,home_or_special_site_candidate,unknown,,,,,"Winston Tire Classic, Los Angeles",,REGULAR_SEASON,,34,Dec. 27 9 19 *UA-Birmingham W 98-80,opponent_resolved_site_pending,,MATCHED,BOOTSTRAP_SAME_SOURCE_SEQUENCE
ASRT-MIZ-01580,CBBG-0001580,missouri,MIZ-HIST-01580,historical_media_guide,1981-1982,1981-12-28,So. California,usc,USC,65,58,W,0,home_or_special_site_candidate,unknown,,,,,"Winston Tire Classic, Los Angeles",,REGULAR_SEASON,,34,Dec. 28 9 - *So. California W 65-58,opponent_resolved_site_pending,,MATCHED,BOOTSTRAP_SAME_SOURCE_SEQUENCE
ASRT-MIZ-01581,CBBG-0001581,missouri,MIZ-HIST-01581,historical_media_guide,1981-1982,1982-01-02,Notre Dame (@ KC),notre-dame,Notre Dame,92,70,W,0,home_or_special_site_candidate,unknown,Hearnes Center,,,,,,REGULAR_SEASON,,34,Jan. 2 7 - Notre Dame (@ KC) W 92-70,opponent_resolved_site_pending,,MATCHED,BOOTSTRAP_SAME_SOURCE_SEQUENCE
ASRT-MIZ-01582,CBBG-0001582,missouri,MIZ-HIST-01582,historical_media_guide,1981-1982,1982-01-06,Austin Peay State,austin-peay,Austin Peay,81,63,W,0,home_or_special_site_candidate,unknown,Hearnes Center,,,,,,REGULAR_SEASON,,34,Jan. 6 4 - Austin Peay State W 81-63,opponent_resolved_site_pending,,MATCHED,BOOTSTRAP_SAME_SOURCE_SEQUENCE
ASRT-MIZ-01583,CBBG-0001583,missouri,MIZ-HIST-01583,historical_media_guide,1981-1982,1982-01-09,Colorado,colorado,Colorado,72,50,W,0,away_candidate,unknown,,,,,,,REGULAR_SEASON,,34,Jan. 9 4 - @ Colorado W 72-50,opponent_resolved_site_pending,,MATCHED,BOOTSTRAP_SAME_SOURCE_SEQUENCE
ASRT-MIZ-01584,CBBG-0001584,missouri,MIZ-HIST-01584,historical_media_guide,1981-1982,1982-01-13,Oklahoma State,oklahoma-state,Oklahoma State,54,49,W,0,home_or_special_site_candidate,unknown,Hearnes Center,,,,,,REGULAR_SEASON,,34,Jan. 13 2 - Oklahoma State W 54-49,opponent_resolved_site_pending,,MATCHED,BOOTSTRAP_SAME_SOURCE_SEQUENCE
ASRT-MIZ-01585,CBBG-0001585,missouri,MIZ-HIST-01585,historical_media_guide,1981-1982,1982-01-16,Nebraska,nebraska,Nebraska,44,42,W,0,away_candidate,unknown,,,,,,,REGULAR_SEASON,,34,Jan. 16 2 - @ Nebraska W 44-42,opponent_resolved_site_pending,,MATCHED,BOOTSTRAP_SAME_SOURCE_SEQUENCE
ASRT-MIZ-01586,CBBG-0001586,missouri,MIZ-HIST-01586,historical_media_guide,1981-1982,1982-01-17,Louisville (@ St. Louis),louisville,Louisville,69,55,W,0,home_or_special_site_candidate,unknown,Hearnes Center,,,,,,REGULAR_SEASON,,34,Jan. 17 2 17 Louisville (@ St. Louis) W 69-55,opponent_resolved_site_pending,,MATCHED,BOOTSTRAP_SAME_SOURCE_SEQUENCE
ASRT-MIZ-01587,CBBG-0001587,missouri,MIZ-HIST-01587,historical_media_guide,1981-1982,1982-01-20,Kansas,kansas,Kansas,41,35,W,0,home_or_special_site_candidate,unknown,Hearnes Center,,,,,,REGULAR_SEASON,,34,Jan. 20 2 - Kansas W 41-35,opponent_resolved_site_pending,,MATCHED,BOOTSTRAP_SAME_SOURCE_SEQUENCE
ASRT-MIZ-01588,CBBG-0001588,missouri,MIZ-HIST-01588,historical_media_guide,1981-1982,1982-01-23,Oklahoma,oklahoma,Oklahoma,84,64,W,0,home_or_special_site_candidate,unknown,Hearnes Center,,,,,,REGULAR_SEASON,,34,Jan. 23 2 - Oklahoma W 84-64,opponent_resolved_site_pending,,MATCHED,BOOTSTRAP_SAME_SOURCE_SEQUENCE
ASRT-MIZ-01589,CBBG-0001589,missouri,MIZ-HIST-01589,historical_media_guide,1981-1982,1982-01-27,Iowa State,iowa-state,Iowa State,86,73,W,0,away_candidate,unknown,,,,,,,REGULAR_SEASON,,34,Jan. 27 1 - @ Iowa State W 86-73,opponent_resolved_site_pending,,MATCHED,BOOTSTRAP_SAME_SOURCE_SEQUENCE
ASRT-MIZ-01590,CBBG-0001590,missouri,MIZ-HIST-01590,historical_media_guide,1981-1982,1982-01-30,Kansas State,kansas-state,Kansas State,59,58,W,0,away_candidate,unknown,,,,,,,REGULAR_SEASON,,34,Jan. 30 1 14 @ Kansas State W 59-58,opponent_resolved_site_pending,,MATCHED,BOOTSTRAP_SAME_SOURCE_SEQUENCE
ASRT-MIZ-01591,CBBG-0001591,missouri,MIZ-HIST-01591,historical_media_guide,1981-1982,1982-02-03,Colorado,colorado,Colorado,80,54,W,0,home_or_special_site_candidate,unknown,Hearnes Center,,,,,,REGULAR_SEASON,,34,Feb. 3 1 - Colorado W 80-54,opponent_resolved_site_pending,,MATCHED,BOOTSTRAP_SAME_SOURCE_SEQUENCE
ASRT-MIZ-01592,CBBG-0001592,missouri,MIZ-HIST-01592,historical_media_guide,1981-1982,1982-02-06,Nebraska,nebraska,Nebraska,51,67,L,0,home_or_special_site_candidate,unknown,Hearnes Center,,,,,,REGULAR_SEASON,,34,Feb. 6 1 - Nebraska L 51-67,opponent_resolved_site_pending,,MATCHED,BOOTSTRAP_SAME_SOURCE_SEQUENCE
ASRT-MIZ-01593,CBBG-0001593,missouri,MIZ-HIST-01593,historical_media_guide,1981-1982,1982-02-09,Kansas,kansas,Kansas,42,41,W,0,away_candidate,unknown,,,,,,,REGULAR_SEASON,,34,Feb. 9 4 - @ Kansas W 42-41,opponent_resolved_site_pending,,MATCHED,BOOTSTRAP_SAME_SOURCE_SEQUENCE
ASRT-MIZ-01594,CBBG-0001594,missouri,MIZ-HIST-01594,historical_media_guide,1981-1982,1982-02-13,Oklahoma State,oklahoma-state,Oklahoma State,89,82,W,0,away_candidate,unknown,,,,,,,REGULAR_SEASON,,34,Feb. 13 4 - @ Oklahoma State W 89-82,opponent_resolved_site_pending,,MATCHED,BOOTSTRAP_SAME_SOURCE_SEQUENCE
ASRT-MIZ-01595,CBBG-0001595,missouri,MIZ-HIST-01595,historical_media_guide,1981-1982,1982-02-16,Iowa State,iowa-state,Iowa State,100,71,W,0,home_or_special_site_candidate,unknown,Hearnes Center,,,,,,REGULAR_SEASON,,34,Feb. 16 4 - Iowa State W 100-71,opponent_resolved_site_pending,,MATCHED,BOOTSTRAP_SAME_SOURCE_SEQUENCE
ASRT-MIZ-01596,CBBG-0001596,missouri,MIZ-HIST-01596,historical_media_guide,1981-1982,1982-02-18,Oklahoma,oklahoma,Oklahoma,60,55,W,0,away_candidate,unknown,,,,,,,REGULAR_SEASON,,34,Feb. 18 4 - @ Oklahoma W 60-55,opponent_resolved_site_pending,,MATCHED,BOOTSTRAP_SAME_SOURCE_SEQUENCE
ASRT-MIZ-01597,CBBG-0001597,missouri,MIZ-HIST-01597,historical_media_guide,1981-1982,1982-02-20,Georgetown,georgetown,Georgetown,51,63,L,0,away_candidate,unknown,,,,,,,REGULAR_SEASON,,34,Feb. 20 4 13 @ Georgetown L 51-63,opponent_resolved_site_pending,,MATCHED,BOOTSTRAP_SAME_SOURCE_SEQUENCE
ASRT-MIZ-01598,CBBG-0001598,missouri,MIZ-HIST-01598,historical_media_guide,1981-1982,1982-02-24,Kansas State,kansas-state,Kansas State,56,57,L,0,home_or_special_site_candidate,unknown,Hearnes Center,,,,,,REGULAR_SEASON,,34,Feb. 24 5 - Kansas State L 56-57,opponent_resolved_site_pending,,MATCHED,BOOTSTRAP_SAME_SOURCE_SEQUENCE
ASRT-MIZ-01599,CBBG-0001599,missouri,MIZ-HIST-01599,historical_media_guide,1981-1982,1982-03-02,Colorado,colorado,Colorado,72,60,W,0,home_or_special_site_candidate,unknown,Kemper Arena,,,,"Big Eight Tournament, Kansas City",,CONFERENCE_TOURNAMENT,,34,Mar. 2 5 - +Colorado W 72-60,opponent_resolved_site_pending,,MATCHED,BOOTSTRAP_SAME_SOURCE_SEQUENCE
ASRT-MIZ-01600,CBBG-0001600,missouri,MIZ-HIST-01600,historical_media_guide,1981-1982,1982-03-05,Nebraska,nebraska,Nebraska,58,53,W,0,home_or_special_site_candidate,unknown,Kemper Arena,,,,"Big Eight Tournament, Kansas City",,CONFERENCE_TOURNAMENT,,34,Mar. 5 5 - +Nebraska W 58-53,opponent_resolved_site_pending,,MATCHED,BOOTSTRAP_SAME_SOURCE_SEQUENCE
ASRT-MIZ-01601,CBBG-0001601,missouri,MIZ-HIST-01601,historical_media_guide,1981-1982,1982-03-06,Oklahoma,oklahoma,Oklahoma,68,63,W,0,home_or_special_site_candidate,unknown,Kemper Arena,,,,"Big Eight Tournament, Kansas City",,CONFERENCE_TOURNAMENT,Championship,34,Mar. 6 5 - +Oklahoma W 68-63,opponent_resolved_site_pending,,MATCHED,BOOTSTRAP_SAME_SOURCE_SEQUENCE
ASRT-MIZ-01602,CBBG-0001602,missouri,MIZ-HIST-01602,historical_media_guide,1981-1982,1982-03-13,Marquette,marquette,Marquette,73,69,W,0,home_or_special_site_candidate,unknown,,,,,NCAA Midwest Second Round,,NCAA_TOURNAMENT,R32,34,Mar. 13 5 - %Marquette W 73-69,opponent_resolved_site_pending,,MATCHED,BOOTSTRAP_SAME_SOURCE_SEQUENCE
ASRT-MIZ-01603,CBBG-0001603,missouri,MIZ-HIST-01603,historical_media_guide,1981-1982,1982-03-19,Houston,houston,Houston,78,79,L,0,home_or_special_site_candidate,unknown,,,,,NCAA Midwest Second Round,,NCAA_TOURNAMENT,Sweet Sixteen,34,Mar. 19 5 - %Houston L 78-79,opponent_resolved_site_pending,,MATCHED,BOOTSTRAP_SAME_SOURCE_SEQUENCE
ASRT-MIZ-01604,CBBG-0001604,missouri,MIZ-HIST-01604,historical_media_guide,1982-1983,1982-11-27,North Carolina,north-carolina,North Carolina,64,60,W,0,home_or_special_site_candidate,unknown,Hearnes Center,,,,,,REGULAR_SEASON,,35,Nov. 27 15 3 North Carolina W 64-60,opponent_resolved_site_pending,,MATCHED,BOOTSTRAP_SAME_SOURCE_SEQUENCE
ASRT-MIZ-01605,CBBG-0001605,missouri,MIZ-HIST-01605,historical_media_guide,1982-1983,1982-11-30,Augustana (S.D.),augustana,Augustana,85,55,W,0,home_or_special_site_candidate,unknown,Hearnes Center,,,,,,REGULAR_SEASON,,35,Nov. 30 9 - Augustana (S.D.) W 85-55,opponent_resolved_site_pending,,MATCHED,BOOTSTRAP_SAME_SOURCE_SEQUENCE
ASRT-MIZ-01606,CBBG-0001606,missouri,MIZ-HIST-01606,historical_media_guide,1982-1983,1982-12-06,Temple,temple,Temple,76,68,W,0,home_or_special_site_candidate,unknown,Hearnes Center,,,,,,REGULAR_SEASON,,35,Dec. 6 9 - Temple W 76-68,opponent_resolved_site_pending,,MATCHED,BOOTSTRAP_SAME_SOURCE_SEQUENCE
ASRT-MIZ-01607,CBBG-0001607,missouri,MIZ-HIST-01607,historical_media_guide,1982-1983,1982-12-08,Jackson State,jackson-state,Jackson State,86,51,W,0,home_or_special_site_candidate,unknown,Hearnes Center,,,,,,REGULAR_SEASON,,35,Dec. 8 8 - Jackson State W 86-51,opponent_resolved_site_pending,,MATCHED,BOOTSTRAP_SAME_SOURCE_SEQUENCE
ASRT-MIZ-01608,CBBG-0001608,missouri,MIZ-HIST-01608,historical_media_guide,1982-1983,1982-12-11,Oregon State,oregon-state,Oregon State,87,59,W,0,home_or_special_site_candidate,unknown,Hearnes Center,,,,,,REGULAR_SEASON,,35,Dec. 11 8 - Oregon State W 87-59,opponent_resolved_site_pending,,MATCHED,BOOTSTRAP_SAME_SOURCE_SEQUENCE
ASRT-MIZ-01609,CBBG-0001609,missouri,MIZ-HIST-01609,historical_media_guide,1982-1983,1982-12-13,Eastern Illinois,eastern-illinois,Eastern Illinois,76,61,W,0,home_or_special_site_candidate,unknown,Hearnes Center,,,,,,REGULAR_SEASON,,35,Dec. 13 8 - Eastern Illinois W 76-61,opponent_resolved_site_pending,,MATCHED,BOOTSTRAP_SAME_SOURCE_SEQUENCE
ASRT-MIZ-01610,CBBG-0001610,missouri,MIZ-HIST-01610,historical_media_guide,1982-1983,1982-12-20,Tennessee-Martin,ut-martin,UT Martin,71,58,W,0,home_or_special_site_candidate,unknown,Hearnes Center,,,,,,REGULAR_SEASON,,35,Dec. 20 8 - Tennessee-Martin W 71-58,opponent_resolved_site_pending,,MATCHED,BOOTSTRAP_SAME_SOURCE_SEQUENCE
ASRT-MIZ-01611,CBBG-0001611,missouri,MIZ-HIST-01611,historical_media_guide,1982-1983,1982-12-23,Washington,washington,Washington,48,55,L,0,away_candidate,unknown,,,,,,,REGULAR_SEASON,,35,Dec. 23 6 - @ Washington L 48-55,opponent_resolved_site_pending,,MATCHED,BOOTSTRAP_SAME_SOURCE_SEQUENCE
ASRT-MIZ-01612,CBBG-0001612,missouri,MIZ-HIST-01612,historical_media_guide,1982-1983,1982-12-27,Arizona State,arizona-state,Arizona State,48,47,W,0,home_or_special_site_candidate,unknown,Neal S. Blaisdell Center,,,,"Rainbow Classic, Honolulu",,REGULAR_SEASON,,35,Dec. 27 6 - #Arizona State W 48-47,opponent_resolved_site_pending,,MATCHED,BOOTSTRAP_SAME_SOURCE_SEQUENCE
ASRT-MIZ-01613,CBBG-0001613,missouri,MIZ-HIST-01613,historical_media_guide,1982-1983,1982-12-29,Hawaii,hawai-i,Hawai'i,73,58,W,0,home_or_special_site_candidate,unknown,Neal S. Blaisdell Center,,,,"Rainbow Classic, Honolulu",,REGULAR_SEASON,,35,Dec. 29 12 - #Hawaii W 73-58,opponent_resolved_site_pending,,MATCHED,BOOTSTRAP_SAME_SOURCE_SEQUENCE
ASRT-MIZ-01614,CBBG-0001614,missouri,MIZ-HIST-01614,historical_media_guide,1982-1983,1982-12-30,North Carolina,north-carolina,North Carolina,58,73,L,0,home_or_special_site_candidate,unknown,Neal S. Blaisdell Center,,,,"Rainbow Classic, Honolulu",,REGULAR_SEASON,,35,Dec. 30 12 - #North Carolina L 58-73,opponent_resolved_site_pending,,MATCHED,BOOTSTRAP_SAME_SOURCE_SEQUENCE
ASRT-MIZ-01615,CBBG-0001615,missouri,MIZ-HIST-01615,historical_media_guide,1982-1983,1983-01-09,North Carolina St.,nc-state,NC State,49,42,W,0,home_or_special_site_candidate,unknown,Hearnes Center,,,,,,REGULAR_SEASON,,35,Jan. 9 15 - North Carolina St. W 49-42,opponent_resolved_site_pending,,MATCHED,BOOTSTRAP_SAME_SOURCE_SEQUENCE
ASRT-MIZ-01616,CBBG-0001616,missouri,MIZ-HIST-01616,historical_media_guide,1982-1983,1983-01-12,Northern Iowa,northern-iowa,Northern Iowa,91,62,W,0,home_or_special_site_candidate,unknown,Hearnes Center,,,,,,REGULAR_SEASON,,35,Jan. 12 14 - Northern Iowa W 91-62,opponent_resolved_site_pending,,MATCHED,BOOTSTRAP_SAME_SOURCE_SEQUENCE
ASRT-MIZ-01617,CBBG-0001617,missouri,MIZ-HIST-01617,historical_media_guide,1982-1983,1983-01-15,Dayton,dayton,Dayton,78,64,W,0,home_or_special_site_candidate,unknown,Hearnes Center,,,,,,REGULAR_SEASON,,35,Jan. 15 14 - Dayton W 78-64,opponent_resolved_site_pending,,MATCHED,BOOTSTRAP_SAME_SOURCE_SEQUENCE
ASRT-MIZ-01618,CBBG-0001618,missouri,MIZ-HIST-01618,historical_media_guide,1982-1983,1983-01-19,Oklahoma State,oklahoma-state,Oklahoma State,84,63,W,0,home_or_special_site_candidate,unknown,Hearnes Center,,,,,,REGULAR_SEASON,,35,Jan. 19 12 - Oklahoma State W 84-63,opponent_resolved_site_pending,,MATCHED,BOOTSTRAP_SAME_SOURCE_SEQUENCE
ASRT-MIZ-01619,CBBG-0001619,missouri,MIZ-HIST-01619,historical_media_guide,1982-1983,1983-01-22,Oklahoma,oklahoma,Oklahoma,48,41,W,0,home_or_special_site_candidate,unknown,Hearnes Center,,,,,,REGULAR_SEASON,,35,Jan. 22 12 - Oklahoma W 48-41,opponent_resolved_site_pending,,MATCHED,BOOTSTRAP_SAME_SOURCE_SEQUENCE
ASRT-MIZ-01620,CBBG-0001620,missouri,MIZ-HIST-01620,historical_media_guide,1982-1983,1983-01-23,Marquette,marquette,Marquette,59,60,L,0,home_or_special_site_candidate,unknown,Hearnes Center,,,,,,REGULAR_SEASON,,35,Jan. 23 12 - Marquette (OT) L 59-60,opponent_resolved_site_pending,,MATCHED,BOOTSTRAP_SAME_SOURCE_SEQUENCE
ASRT-MIZ-01621,CBBG-0001621,missouri,MIZ-HIST-01621,historical_media_guide,1982-1983,1983-01-26,Kansas,kansas,Kansas,76,63,W,0,away_candidate,unknown,,,,,,,REGULAR_SEASON,,35,Jan. 26 13 - @ Kansas W 76-63,opponent_resolved_site_pending,,MATCHED,BOOTSTRAP_SAME_SOURCE_SEQUENCE
ASRT-MIZ-01622,CBBG-0001622,missouri,MIZ-HIST-01622,historical_media_guide,1982-1983,1983-01-29,Nebraska,nebraska,Nebraska,79,56,W,0,home_or_special_site_candidate,unknown,Hearnes Center,,,,,,REGULAR_SEASON,,35,Jan. 29 13 - Nebraska W 79-56,opponent_resolved_site_pending,,MATCHED,BOOTSTRAP_SAME_SOURCE_SEQUENCE
ASRT-MIZ-01623,CBBG-0001623,missouri,MIZ-HIST-01623,historical_media_guide,1982-1983,1983-02-02,Colorado,colorado,Colorado,68,65,W,0,away_candidate,unknown,,,,,,,REGULAR_SEASON,,35,Feb. 2 10 - @ Colorado (2OT) W 68-65,opponent_resolved_site_pending,,MATCHED,BOOTSTRAP_SAME_SOURCE_SEQUENCE
ASRT-MIZ-01624,CBBG-0001624,missouri,MIZ-HIST-01624,historical_media_guide,1982-1983,1983-02-05,Kansas State,kansas-state,Kansas State,82,50,W,0,home_or_special_site_candidate,unknown,Hearnes Center,,,,,,REGULAR_SEASON,,35,Feb. 5 10 - Kansas State W 82-50,opponent_resolved_site_pending,,MATCHED,BOOTSTRAP_SAME_SOURCE_SEQUENCE
ASRT-MIZ-01625,CBBG-0001625,missouri,MIZ-HIST-01625,historical_media_guide,1982-1983,1983-02-08,Iowa State,iowa-state,Iowa State,72,73,L,0,away_candidate,unknown,,,,,,,REGULAR_SEASON,,35,Feb. 8 10 - @ Iowa State (OT) L 72-73,opponent_resolved_site_pending,,MATCHED,BOOTSTRAP_SAME_SOURCE_SEQUENCE
ASRT-MIZ-01626,CBBG-0001626,missouri,MIZ-HIST-01626,historical_media_guide,1982-1983,1983-02-12,Oklahoma,oklahoma,Oklahoma,84,79,W,0,away_candidate,unknown,,,,,,,REGULAR_SEASON,,35,Feb. 12 10 - @ Oklahoma (OT) W 84-79,opponent_resolved_site_pending,,MATCHED,BOOTSTRAP_SAME_SOURCE_SEQUENCE
ASRT-MIZ-01627,CBBG-0001627,missouri,MIZ-HIST-01627,historical_media_guide,1982-1983,1983-02-17,Kansas,kansas,Kansas,74,69,W,0,home_or_special_site_candidate,unknown,Hearnes Center,,,,,,REGULAR_SEASON,,35,Feb. 17 12 - Kansas W 74-69,opponent_resolved_site_pending,,MATCHED,BOOTSTRAP_SAME_SOURCE_SEQUENCE
ASRT-MIZ-01628,CBBG-0001628,missouri,MIZ-HIST-01628,historical_media_guide,1982-1983,1983-02-19,Oklahoma State,oklahoma-state,Oklahoma State,73,79,L,0,away_candidate,unknown,,,,,,,REGULAR_SEASON,,35,Feb. 19 12 - @ Oklahoma State L 73-79,opponent_resolved_site_pending,,MATCHED,BOOTSTRAP_SAME_SOURCE_SEQUENCE
ASRT-MIZ-01629,CBBG-0001629,missouri,MIZ-HIST-01629,historical_media_guide,1982-1983,1983-02-20,Virginia,virginia,Virginia,53,68,L,0,away_candidate,unknown,,,,,,,REGULAR_SEASON,,35,Feb. 20 12 - @ Virginia L 53-68,opponent_resolved_site_pending,,MATCHED,BOOTSTRAP_SAME_SOURCE_SEQUENCE
ASRT-MIZ-01630,CBBG-0001630,missouri,MIZ-HIST-01630,historical_media_guide,1982-1983,1983-02-23,Colorado,colorado,Colorado,88,53,W,0,home_or_special_site_candidate,unknown,Hearnes Center,,,,,,REGULAR_SEASON,,35,Feb. 23 15 - Colorado W 88-53,opponent_resolved_site_pending,,MATCHED,BOOTSTRAP_SAME_SOURCE_SEQUENCE
ASRT-MIZ-01631,CBBG-0001631,missouri,MIZ-HIST-01631,historical_media_guide,1982-1983,1983-02-26,Nebraska,nebraska,Nebraska,54,51,W,0,away_candidate,unknown,,,,,,,REGULAR_SEASON,,35,Feb. 26 15 - @ Nebraska W 54-51,opponent_resolved_site_pending,,MATCHED,BOOTSTRAP_SAME_SOURCE_SEQUENCE
ASRT-MIZ-01632,CBBG-0001632,missouri,MIZ-HIST-01632,historical_media_guide,1982-1983,1983-03-01,Kansas State,kansas-state,Kansas State,49,47,W,0,away_candidate,unknown,,,,,,,REGULAR_SEASON,,35,Mar. 1 13 - @ Kansas State W 49-47,opponent_resolved_site_pending,,MATCHED,BOOTSTRAP_SAME_SOURCE_SEQUENCE
ASRT-MIZ-01633,CBBG-0001633,missouri,MIZ-HIST-01633,historical_media_guide,1982-1983,1983-03-05,Iowa State,iowa-state,Iowa State,84,66,W,0,home_or_special_site_candidate,unknown,Hearnes Center,,,,,,REGULAR_SEASON,,35,Mar. 5 13 - Iowa State W 84-66,opponent_resolved_site_pending,,MATCHED,BOOTSTRAP_SAME_SOURCE_SEQUENCE
ASRT-MIZ-01634,CBBG-0001634,missouri,MIZ-HIST-01634,historical_media_guide,1982-1983,1983-03-08,Colorado,colorado,Colorado,88,73,W,0,home_or_special_site_candidate,unknown,Hearnes Center,,,,,,CONFERENCE_TOURNAMENT,,35,Mar. 8 12 - *Colorado W 88-73,opponent_resolved_site_pending,,MATCHED,BOOTSTRAP_SAME_SOURCE_SEQUENCE
ASRT-MIZ-01635,CBBG-0001635,missouri,MIZ-HIST-01635,historical_media_guide,1982-1983,1983-03-11,Nebraska,nebraska,Nebraska,69,63,W,0,home_or_special_site_candidate,unknown,Hearnes Center,,,,,,CONFERENCE_TOURNAMENT,,35,Mar. 11 12 - *Nebraska W 69-63,opponent_resolved_site_pending,,MATCHED,BOOTSTRAP_SAME_SOURCE_SEQUENCE
ASRT-MIZ-01636,CBBG-0001636,missouri,MIZ-HIST-01636,historical_media_guide,1982-1983,1983-03-13,Okla. St.,oklahoma-state,Oklahoma State,92,93,L,0,home_or_special_site_candidate,unknown,Hearnes Center,,,,,,CONFERENCE_TOURNAMENT,Championship,35,Mar. 13 12 - *Okla. St. (2OT) L 92-93,opponent_resolved_site_pending,,MATCHED,BOOTSTRAP_SAME_SOURCE_SEQUENCE
ASRT-MIZ-01637,CBBG-0001637,missouri,MIZ-HIST-01637,historical_media_guide,1982-1983,1983-03-20,Iowa,iowa,Iowa,63,77,L,0,home_or_special_site_candidate,unknown,,,,,"NCAA Midwest Second Round, Louisville",,NCAA_TOURNAMENT,R32,35,Mar. 20 10 - +Iowa L 63-77,opponent_resolved_site_pending,,MATCHED,BOOTSTRAP_SAME_SOURCE_SEQUENCE
ASRT-MIZ-01638,CBBG-0001638,missouri,MIZ-HIST-01638,historical_media_guide,1983-1984,1983-11-26,North Carolina,north-carolina,North Carolina,57,64,L,0,away_candidate,unknown,,,,,,,REGULAR_SEASON,,35,Nov. 26 - 1 @ North Carolina L 57-64,opponent_resolved_site_pending,,MATCHED,BOOTSTRAP_SAME_SOURCE_SEQUENCE
ASRT-MIZ-01639,CBBG-0001639,missouri,MIZ-HIST-01639,historical_media_guide,1983-1984,1983-11-29,Nebraska-Omaha,omaha,Omaha,105,83,W,0,home_or_special_site_candidate,unknown,Hearnes Center,,,,,,REGULAR_SEASON,,35,Nov. 29 - - Nebraska-Omaha W 105-83,opponent_resolved_site_pending,,MATCHED,BOOTSTRAP_SAME_SOURCE_SEQUENCE
ASRT-MIZ-01640,CBBG-0001640,missouri,MIZ-HIST-01640,historical_media_guide,1983-1984,1983-12-02,Samford,samford,Samford,93,73,W,0,home_or_special_site_candidate,unknown,Hearnes Center,,,,"Show-Me Classic, Columbia",,REGULAR_SEASON,,35,Dec. 2 - - #Samford W 93-73,opponent_resolved_site_pending,,MATCHED,BOOTSTRAP_SAME_SOURCE_SEQUENCE
ASRT-MIZ-01641,CBBG-0001641,missouri,MIZ-HIST-01641,historical_media_guide,1983-1984,1983-12-03,UT-Pan Amer.,utrgv,UTRGV,51,49,W,0,home_or_special_site_candidate,unknown,Hearnes Center,,,,"Show-Me Classic, Columbia",,REGULAR_SEASON,,35,Dec. 3 - - #UT-Pan Amer. W 51-49,opponent_resolved_site_pending,,MATCHED,BOOTSTRAP_SAME_SOURCE_SEQUENCE
ASRT-MIZ-01642,CBBG-0001642,missouri,MIZ-HIST-01642,historical_media_guide,1983-1984,1983-12-07,Washington,washington,Washington,49,54,L,0,home_or_special_site_candidate,unknown,Hearnes Center,,,,,,REGULAR_SEASON,,35,Dec. 7 - - Washington L 49-54,opponent_resolved_site_pending,,MATCHED,BOOTSTRAP_SAME_SOURCE_SEQUENCE
ASRT-MIZ-01643,CBBG-0001643,missouri,MIZ-HIST-01643,historical_media_guide,1983-1984,1983-12-11,Ohio State,ohio-state,Ohio State,64,53,W,0,home_or_special_site_candidate,unknown,Hearnes Center,,,,,,REGULAR_SEASON,,35,Dec. 11 - - Ohio State W 64-53,opponent_resolved_site_pending,,MATCHED,BOOTSTRAP_SAME_SOURCE_SEQUENCE
ASRT-MIZ-01644,CBBG-0001644,missouri,MIZ-HIST-01644,historical_media_guide,1983-1984,1983-12-14,Chaminade,chaminade,Chaminade,87,78,W,0,away_candidate,unknown,,,,,,,REGULAR_SEASON,,35,Dec. 14 - - @ Chaminade W 87-78,opponent_resolved_site_pending,,MATCHED,BOOTSTRAP_SAME_SOURCE_SEQUENCE
ASRT-MIZ-01645,CBBG-0001645,missouri,MIZ-HIST-01645,historical_media_guide,1983-1984,1983-12-18,Hawaii-Hilo,hawai-i-hilo,Hawai'i Hilo,70,48,W,0,away_candidate,unknown,,,,,,,REGULAR_SEASON,,35,Dec. 18 - - @ Hawaii-Hilo W 70-48,opponent_resolved_site_pending,,MATCHED,BOOTSTRAP_SAME_SOURCE_SEQUENCE
ASRT-MIZ-01646,CBBG-0001646,missouri,MIZ-HIST-01646,historical_media_guide,1983-1984,1983-12-22,Michigan State,michigan-state,Michigan State,79,66,W,0,home_or_special_site_candidate,unknown,Hearnes Center,,,,,,REGULAR_SEASON,,35,Dec. 22 - - Michigan State W 79-66,opponent_resolved_site_pending,,MATCHED,BOOTSTRAP_SAME_SOURCE_SEQUENCE
ASRT-MIZ-01647,CBBG-0001647,missouri,MIZ-HIST-01647,historical_media_guide,1983-1984,1983-12-28,Illinois,illinois,Illinois,60,66,L,0,away_candidate,unknown,,,,,,,REGULAR_SEASON,,35,Dec. 28 - 20 @ Illinois L 60-66,opponent_resolved_site_pending,,MATCHED,BOOTSTRAP_SAME_SOURCE_SEQUENCE
ASRT-MIZ-01648,CBBG-0001648,missouri,MIZ-HIST-01648,historical_media_guide,1983-1984,1984-01-04,UW-Green Bay,green-bay,Green Bay,88,59,W,0,home_or_special_site_candidate,unknown,Hearnes Center,,,,,,REGULAR_SEASON,,35,Jan. 4 - - UW-Green Bay W 88-59,opponent_resolved_site_pending,,MATCHED,BOOTSTRAP_SAME_SOURCE_SEQUENCE
ASRT-MIZ-01649,CBBG-0001649,missouri,MIZ-HIST-01649,historical_media_guide,1983-1984,1984-01-07,Marquette,marquette,Marquette,58,57,W,0,away_candidate,unknown,,,,,,,REGULAR_SEASON,,35,Jan. 7 - - @ Marquette W 58-57,opponent_resolved_site_pending,,MATCHED,BOOTSTRAP_SAME_SOURCE_SEQUENCE
ASRT-MIZ-01650,CBBG-0001650,missouri,MIZ-HIST-01650,historical_media_guide,1983-1984,1984-01-11,Northern Iowa,northern-iowa,Northern Iowa,80,65,W,0,home_or_special_site_candidate,unknown,Hearnes Center,,,,,,REGULAR_SEASON,,35,Jan. 11 - - Northern Iowa W 80-65,opponent_resolved_site_pending,,MATCHED,BOOTSTRAP_SAME_SOURCE_SEQUENCE
ASRT-MIZ-01651,CBBG-0001651,missouri,MIZ-HIST-01651,historical_media_guide,1983-1984,1984-01-14,Dayton,dayton,Dayton,56,51,W,0,away_candidate,unknown,,,,,,,REGULAR_SEASON,,35,Jan. 14 - - @ Dayton (OT) W 56-51,opponent_resolved_site_pending,,MATCHED,BOOTSTRAP_SAME_SOURCE_SEQUENCE
ASRT-MIZ-01652,CBBG-0001652,missouri,MIZ-HIST-01652,historical_media_guide,1983-1984,1984-01-18,Kansas,kansas,Kansas,56,73,L,0,away_candidate,unknown,,,,,,,REGULAR_SEASON,,35,Jan. 18 - - @ Kansas L 56-73,opponent_resolved_site_pending,,MATCHED,BOOTSTRAP_SAME_SOURCE_SEQUENCE
ASRT-MIZ-01653,CBBG-0001653,missouri,MIZ-HIST-01653,historical_media_guide,1983-1984,1984-01-21,Nebraska,nebraska,Nebraska,50,48,W,0,away_candidate,unknown,,,,,,,REGULAR_SEASON,,35,Jan. 21 - - @ Nebraska W 50-48,opponent_resolved_site_pending,,MATCHED,BOOTSTRAP_SAME_SOURCE_SEQUENCE
ASRT-MIZ-01654,CBBG-0001654,missouri,MIZ-HIST-01654,historical_media_guide,1983-1984,1984-01-24,Iowa State,iowa-state,Iowa State,58,57,W,0,home_or_special_site_candidate,unknown,Hearnes Center,,,,,,REGULAR_SEASON,,35,Jan. 24 - - Iowa State W 58-57,opponent_resolved_site_pending,,MATCHED,BOOTSTRAP_SAME_SOURCE_SEQUENCE
ASRT-MIZ-01655,CBBG-0001655,missouri,MIZ-HIST-01655,historical_media_guide,1983-1984,1984-01-28,Oklahoma State,oklahoma-state,Oklahoma State,54,63,L,0,away_candidate,unknown,,,,,,,REGULAR_SEASON,,35,Jan. 28 - - @ Oklahoma State L 54-63,opponent_resolved_site_pending,,MATCHED,BOOTSTRAP_SAME_SOURCE_SEQUENCE
ASRT-MIZ-01656,CBBG-0001656,missouri,MIZ-HIST-01656,historical_media_guide,1983-1984,1984-01-30,North Carolina St.,nc-state,NC State,53,66,L,0,away_candidate,unknown,,,,,,,REGULAR_SEASON,,35,Jan. 30 - - @ North Carolina St. L 53-66,opponent_resolved_site_pending,,MATCHED,BOOTSTRAP_SAME_SOURCE_SEQUENCE
ASRT-MIZ-01657,CBBG-0001657,missouri,MIZ-HIST-01657,historical_media_guide,1983-1984,1984-02-01,Colorado,colorado,Colorado,89,51,W,0,home_or_special_site_candidate,unknown,Hearnes Center,,,,,,REGULAR_SEASON,,35,Feb. 1 - - Colorado W 89-51,opponent_resolved_site_pending,,MATCHED,BOOTSTRAP_SAME_SOURCE_SEQUENCE
ASRT-MIZ-01658,CBBG-0001658,missouri,MIZ-HIST-01658,historical_media_guide,1983-1984,1984-02-04,Oklahoma,oklahoma,Oklahoma,65,76,L,0,away_candidate,unknown,,,,,,,REGULAR_SEASON,,35,Feb. 4 - 12 @ Oklahoma L 65-76,opponent_resolved_site_pending,,MATCHED,BOOTSTRAP_SAME_SOURCE_SEQUENCE
ASRT-MIZ-01659,CBBG-0001659,missouri,MIZ-HIST-01659,historical_media_guide,1983-1984,1984-02-08,Kansas State,kansas-state,Kansas State,46,67,L,0,home_or_special_site_candidate,unknown,Hearnes Center,,,,,,REGULAR_SEASON,,35,Feb. 8 - - Kansas State L 46-67,opponent_resolved_site_pending,,MATCHED,BOOTSTRAP_SAME_SOURCE_SEQUENCE
ASRT-MIZ-01660,CBBG-0001660,missouri,MIZ-HIST-01660,historical_media_guide,1983-1984,1984-02-11,Nebraska,nebraska,Nebraska,56,61,L,0,home_or_special_site_candidate,unknown,Hearnes Center,,,,,,REGULAR_SEASON,,35,Feb. 11 - - Nebraska (OT) L 56-61,opponent_resolved_site_pending,,MATCHED,BOOTSTRAP_SAME_SOURCE_SEQUENCE
ASRT-MIZ-01661,CBBG-0001661,missouri,MIZ-HIST-01661,historical_media_guide,1983-1984,1984-02-15,Iowa State,iowa-state,Iowa State,64,61,W,0,away_candidate,unknown,,,,,,,REGULAR_SEASON,,35,Feb. 15 - - @ Iowa State W 64-61,opponent_resolved_site_pending,,MATCHED,BOOTSTRAP_SAME_SOURCE_SEQUENCE
ASRT-MIZ-01662,CBBG-0001662,missouri,MIZ-HIST-01662,historical_media_guide,1983-1984,1984-02-18,Kansas,kansas,Kansas,62,72,L,0,home_or_special_site_candidate,unknown,Hearnes Center,,,,,,REGULAR_SEASON,,35,Feb. 18 - - Kansas L 62-72,opponent_resolved_site_pending,,MATCHED,BOOTSTRAP_SAME_SOURCE_SEQUENCE
ASRT-MIZ-01663,CBBG-0001663,missouri,MIZ-HIST-01663,historical_media_guide,1983-1984,1984-02-22,Colorado,colorado,Colorado,66,73,L,0,away_candidate,unknown,,,,,,,REGULAR_SEASON,,35,Feb. 22 - - @ Colorado L 66-73,opponent_resolved_site_pending,,MATCHED,BOOTSTRAP_SAME_SOURCE_SEQUENCE
ASRT-MIZ-01664,CBBG-0001664,missouri,MIZ-HIST-01664,historical_media_guide,1983-1984,1984-02-26,Okla. St.,oklahoma-state,Oklahoma State,65,64,W,0,home_or_special_site_candidate,unknown,Hearnes Center,,,,,,REGULAR_SEASON,,35,Feb. 26 - - Okla. St. (2OT) W 65-64,opponent_resolved_site_pending,,MATCHED,BOOTSTRAP_SAME_SOURCE_SEQUENCE
ASRT-MIZ-01665,CBBG-0001665,missouri,MIZ-HIST-01665,historical_media_guide,1983-1984,1984-02-28,Oklahoma,oklahoma,Oklahoma,60,61,L,0,home_or_special_site_candidate,unknown,Hearnes Center,,,,,,REGULAR_SEASON,,35,Feb. 28 - 6 Oklahoma L 60-61,opponent_resolved_site_pending,,MATCHED,BOOTSTRAP_SAME_SOURCE_SEQUENCE
ASRT-MIZ-01666,CBBG-0001666,missouri,MIZ-HIST-01666,historical_media_guide,1983-1984,1984-03-03,Kansas State,kansas-state,Kansas State,47,53,L,0,away_candidate,unknown,,,,,,,REGULAR_SEASON,,35,Mar. 3 - - @ Kansas State L 47-53,opponent_resolved_site_pending,,MATCHED,BOOTSTRAP_SAME_SOURCE_SEQUENCE
ASRT-MIZ-01667,CBBG-0001667,missouri,MIZ-HIST-01667,historical_media_guide,1983-1984,1984-03-06,Oklahoma,oklahoma,Oklahoma,66,72,L,0,home_or_special_site_candidate,unknown,,,,,"Big Eight Tournament, Norman",,CONFERENCE_TOURNAMENT,,35,Mar. 6 - 6 *Oklahoma L 66-72,opponent_resolved_site_pending,,MATCHED,BOOTSTRAP_SAME_SOURCE_SEQUENCE
ASRT-MIZ-01668,CBBG-0001668,missouri,MIZ-HIST-01668,historical_media_guide,1984-1985,1984-11-26,North Dakota St.,north-dakota-state,North Dakota State,99,62,W,0,home_or_special_site_candidate,unknown,Hearnes Center,,,,,,REGULAR_SEASON,,35,Nov. 26 - - North Dakota St. W 99-62,opponent_resolved_site_pending,,MATCHED,BOOTSTRAP_SAME_SOURCE_SEQUENCE
ASRT-MIZ-01669,CBBG-0001669,missouri,MIZ-HIST-01669,historical_media_guide,1984-1985,1984-11-29,Baylor,baylor,Baylor,88,103,L,0,away_candidate,unknown,,,,,,,REGULAR_SEASON,,35,Nov. 29 - - @ Baylor L 88-103,opponent_resolved_site_pending,,MATCHED,BOOTSTRAP_SAME_SOURCE_SEQUENCE
ASRT-MIZ-01670,CBBG-0001670,missouri,MIZ-HIST-01670,historical_media_guide,1984-1985,1984-12-01,Oregon State,oregon-state,Oregon State,52,54,L,0,away_candidate,unknown,,,,,,,REGULAR_SEASON,,35,Dec. 1 - - @ Oregon State L 52-54,opponent_resolved_site_pending,,MATCHED,BOOTSTRAP_SAME_SOURCE_SEQUENCE
ASRT-MIZ-01671,CBBG-0001671,missouri,MIZ-HIST-01671,historical_media_guide,1984-1985,1984-12-03,Morehead State,morehead-state,Morehead State,75,60,W,0,home_or_special_site_candidate,unknown,Hearnes Center,,,,,,REGULAR_SEASON,,35,Dec. 3 - - Morehead State W 75-60,opponent_resolved_site_pending,,MATCHED,BOOTSTRAP_SAME_SOURCE_SEQUENCE
ASRT-MIZ-01672,CBBG-0001672,missouri,MIZ-HIST-01672,historical_media_guide,1984-1985,1984-12-06,Illinois,illinois,Illinois,50,65,L,0,away_candidate,unknown,,,,,,,REGULAR_SEASON,,35,Dec. 6 - 7 @ Illinois L 50-65,opponent_resolved_site_pending,,MATCHED,BOOTSTRAP_SAME_SOURCE_SEQUENCE
ASRT-MIZ-01673,CBBG-0001673,missouri,MIZ-HIST-01673,historical_media_guide,1984-1985,1984-12-08,Tennessee Tech,tennessee-tech,Tennessee Tech,86,66,W,0,home_or_special_site_candidate,unknown,Hearnes Center,,,,,,REGULAR_SEASON,,35,Dec. 8 - - Tennessee Tech W 86-66,opponent_resolved_site_pending,,MATCHED,BOOTSTRAP_SAME_SOURCE_SEQUENCE
ASRT-MIZ-01674,CBBG-0001674,missouri,MIZ-HIST-01674,historical_media_guide,1984-1985,1984-12-10,Tennessee,tennessee,Tennessee,70,61,W,0,home_or_special_site_candidate,unknown,Hearnes Center,,,,,,REGULAR_SEASON,,35,Dec. 10 - - Tennessee W 70-61,opponent_resolved_site_pending,,MATCHED,BOOTSTRAP_SAME_SOURCE_SEQUENCE
ASRT-MIZ-01675,CBBG-0001675,missouri,MIZ-HIST-01675,historical_media_guide,1984-1985,1984-12-15,Michigan State,michigan-state,Michigan State,61,79,L,0,away_candidate,unknown,,,,,,,REGULAR_SEASON,,35,Dec. 15 - - @ Michigan State L 61-79,opponent_resolved_site_pending,,MATCHED,BOOTSTRAP_SAME_SOURCE_SEQUENCE
ASRT-MIZ-01676,CBBG-0001676,missouri,MIZ-HIST-01676,historical_media_guide,1984-1985,1984-12-22,Ohio State,ohio-state,Ohio State,77,88,L,0,away_candidate,unknown,,,,,,,REGULAR_SEASON,,35,Dec. 22 - - @ Ohio State L 77-88,opponent_resolved_site_pending,,MATCHED,BOOTSTRAP_SAME_SOURCE_SEQUENCE
ASRT-MIZ-01677,CBBG-0001677,missouri,MIZ-HIST-01677,historical_media_guide,1984-1985,1984-12-29,Arizona,arizona,Arizona,76,73,W,0,home_or_special_site_candidate,unknown,Neal S. Blaisdell Center,,,,"Hawaii Pacific Invitational, Honolulu",,REGULAR_SEASON,,35,Dec. 29 - - #Arizona W 76-73,opponent_resolved_site_pending,,MATCHED,BOOTSTRAP_SAME_SOURCE_SEQUENCE
ASRT-MIZ-01678,CBBG-0001678,missouri,MIZ-HIST-01678,historical_media_guide,1984-1985,1984-12-30,North Carolina,north-carolina,North Carolina,81,76,W,0,home_or_special_site_candidate,unknown,Neal S. Blaisdell Center,,,,"Hawaii Pacific Invitational, Honolulu",,REGULAR_SEASON,,35,Dec. 30 - - #North Carolina W 81-76,opponent_resolved_site_pending,,MATCHED,BOOTSTRAP_SAME_SOURCE_SEQUENCE
ASRT-MIZ-01679,CBBG-0001679,missouri,MIZ-HIST-01679,historical_media_guide,1984-1985,1985-01-05,Austin Peay State,austin-peay,Austin Peay,72,63,W,0,home_or_special_site_candidate,unknown,Hearnes Center,,,,,,REGULAR_SEASON,,35,Jan. 5 - - Austin Peay State W 72-63,opponent_resolved_site_pending,,MATCHED,BOOTSTRAP_SAME_SOURCE_SEQUENCE
ASRT-MIZ-01680,CBBG-0001680,missouri,MIZ-HIST-01680,historical_media_guide,1984-1985,1985-01-07,SW Texas St.,texas-state,Texas State,88,54,W,0,home_or_special_site_candidate,unknown,Hearnes Center,,,,,,REGULAR_SEASON,,35,Jan. 7 - - SW Texas St. W 88-54,opponent_resolved_site_pending,,MATCHED,BOOTSTRAP_SAME_SOURCE_SEQUENCE
ASRT-MIZ-01681,CBBG-0001681,missouri,MIZ-HIST-01681,historical_media_guide,1984-1985,1985-01-09,Northern Iowa,northern-iowa,Northern Iowa,70,56,W,0,away_candidate,unknown,,,,,,,REGULAR_SEASON,,35,Jan. 9 - - @ Northern Iowa W 70-56,opponent_resolved_site_pending,,MATCHED,BOOTSTRAP_SAME_SOURCE_SEQUENCE
ASRT-MIZ-01682,CBBG-0001682,missouri,MIZ-HIST-01682,historical_media_guide,1984-1985,1985-01-12,Kentucky State,kentucky-state,Kentucky State,84,68,W,0,home_or_special_site_candidate,unknown,Hearnes Center,,,,,,REGULAR_SEASON,,35,Jan. 12 - - Kentucky State W 84-68,opponent_resolved_site_pending,,MATCHED,BOOTSTRAP_SAME_SOURCE_SEQUENCE
ASRT-MIZ-01683,CBBG-0001683,missouri,MIZ-HIST-01683,historical_media_guide,1984-1985,1985-01-16,Oklahoma,oklahoma,Oklahoma,65,92,L,0,away_candidate,unknown,,,,,,,REGULAR_SEASON,,35,Jan. 16 - 13 @ Oklahoma L 65-92,opponent_resolved_site_pending,,MATCHED,BOOTSTRAP_SAME_SOURCE_SEQUENCE
ASRT-MIZ-01684,CBBG-0001684,missouri,MIZ-HIST-01684,historical_media_guide,1984-1985,1985-01-19,Iowa State,iowa-state,Iowa State,64,71,L,0,home_or_special_site_candidate,unknown,Hearnes Center,,,,,,REGULAR_SEASON,,35,Jan. 19 - - Iowa State L 64-71,opponent_resolved_site_pending,,MATCHED,BOOTSTRAP_SAME_SOURCE_SEQUENCE
ASRT-MIZ-01685,CBBG-0001685,missouri,MIZ-HIST-01685,historical_media_guide,1984-1985,1985-01-22,Kansas,kansas,Kansas,68,70,L,0,away_candidate,unknown,,,,,,,REGULAR_SEASON,,35,Jan. 22 - 15 @ Kansas L 68-70,opponent_resolved_site_pending,,MATCHED,BOOTSTRAP_SAME_SOURCE_SEQUENCE
ASRT-MIZ-01686,CBBG-0001686,missouri,MIZ-HIST-01686,historical_media_guide,1984-1985,1985-01-26,Nebraska,nebraska,Nebraska,66,74,L,0,away_candidate,unknown,,,,,,,REGULAR_SEASON,,35,Jan. 26 - - @ Nebraska L 66-74,opponent_resolved_site_pending,,MATCHED,BOOTSTRAP_SAME_SOURCE_SEQUENCE
ASRT-MIZ-01687,CBBG-0001687,missouri,MIZ-HIST-01687,historical_media_guide,1984-1985,1985-01-30,Oklahoma State,oklahoma-state,Oklahoma State,66,65,W,0,home_or_special_site_candidate,unknown,Hearnes Center,,,,,,REGULAR_SEASON,,35,Jan. 30 - - Oklahoma State W 66-65,opponent_resolved_site_pending,,MATCHED,BOOTSTRAP_SAME_SOURCE_SEQUENCE
ASRT-MIZ-01688,CBBG-0001688,missouri,MIZ-HIST-01688,historical_media_guide,1984-1985,1985-02-02,Colorado,colorado,Colorado,77,69,W,0,home_or_special_site_candidate,unknown,Hearnes Center,,,,,,REGULAR_SEASON,,35,Feb. 2 - - Colorado W 77-69,opponent_resolved_site_pending,,MATCHED,BOOTSTRAP_SAME_SOURCE_SEQUENCE
ASRT-MIZ-01689,CBBG-0001689,missouri,MIZ-HIST-01689,historical_media_guide,1984-1985,1985-02-06,Kansas State,kansas-state,Kansas State,54,47,W,0,away_candidate,unknown,,,,,,,REGULAR_SEASON,,35,Feb. 6 - - @ Kansas State W 54-47,opponent_resolved_site_pending,,MATCHED,BOOTSTRAP_SAME_SOURCE_SEQUENCE
ASRT-MIZ-01690,CBBG-0001690,missouri,MIZ-HIST-01690,historical_media_guide,1984-1985,1985-02-09,Iowa State,iowa-state,Iowa State,73,70,W,0,away_candidate,unknown,,,,,,,REGULAR_SEASON,,35,Feb. 9 - 10 @ Iowa State W 73-70,opponent_resolved_site_pending,,MATCHED,BOOTSTRAP_SAME_SOURCE_SEQUENCE
ASRT-MIZ-01691,CBBG-0001691,missouri,MIZ-HIST-01691,historical_media_guide,1984-1985,1985-02-12,Kansas,kansas,Kansas,62,55,W,0,home_or_special_site_candidate,unknown,Hearnes Center,,,,,,REGULAR_SEASON,,35,Feb. 12 - - Kansas W 62-55,opponent_resolved_site_pending,,MATCHED,BOOTSTRAP_SAME_SOURCE_SEQUENCE
ASRT-MIZ-01692,CBBG-0001692,missouri,MIZ-HIST-01692,historical_media_guide,1984-1985,1985-02-16,Oklahoma,oklahoma,Oklahoma,84,88,L,0,home_or_special_site_candidate,unknown,Hearnes Center,,,,,,REGULAR_SEASON,,35,Feb. 16 - 4 Oklahoma L 84-88,opponent_resolved_site_pending,,MATCHED,BOOTSTRAP_SAME_SOURCE_SEQUENCE
ASRT-MIZ-01693,CBBG-0001693,missouri,MIZ-HIST-01693,historical_media_guide,1984-1985,1985-02-19,Oklahoma State,oklahoma-state,Oklahoma State,78,74,W,0,away_candidate,unknown,,,,,,,REGULAR_SEASON,,35,Feb. 19 - - @ Oklahoma State W 78-74,opponent_resolved_site_pending,,MATCHED,BOOTSTRAP_SAME_SOURCE_SEQUENCE
ASRT-MIZ-01694,CBBG-0001694,missouri,MIZ-HIST-01694,historical_media_guide,1984-1985,1985-02-23,Nebraska,nebraska,Nebraska,69,50,W,0,home_or_special_site_candidate,unknown,Hearnes Center,,,,,,REGULAR_SEASON,,35,Feb. 23 - - Nebraska W 69-50,opponent_resolved_site_pending,,MATCHED,BOOTSTRAP_SAME_SOURCE_SEQUENCE
ASRT-MIZ-01695,CBBG-0001695,missouri,MIZ-HIST-01695,historical_media_guide,1984-1985,1985-02-27,Colorado,colorado,Colorado,79,88,L,0,away_candidate,unknown,,,,,,,REGULAR_SEASON,,35,Feb. 27 - - @ Colorado (OT) L 79-88,opponent_resolved_site_pending,,MATCHED,BOOTSTRAP_SAME_SOURCE_SEQUENCE
ASRT-MIZ-01696,CBBG-0001696,missouri,MIZ-HIST-01696,historical_media_guide,1984-1985,1985-03-02,Kansas State,kansas-state,Kansas State,54,69,L,0,home_or_special_site_candidate,unknown,Hearnes Center,,,,,,REGULAR_SEASON,,35,Mar. 2 - - Kansas State L 54-69,opponent_resolved_site_pending,,MATCHED,BOOTSTRAP_SAME_SOURCE_SEQUENCE
ASRT-MIZ-01697,CBBG-0001697,missouri,MIZ-HIST-01697,historical_media_guide,1984-1985,1985-03-06,Kansas State,kansas-state,Kansas State,68,50,W,0,home_or_special_site_candidate,unknown,Hearnes Center,,,,Big Eight Tournament,,CONFERENCE_TOURNAMENT,,35,Mar. 6 - - *Kansas State W 68-50,opponent_resolved_site_pending,,MATCHED,BOOTSTRAP_SAME_SOURCE_SEQUENCE
ASRT-MIZ-01698,CBBG-0001698,missouri,MIZ-HIST-01698,historical_media_guide,1984-1985,1985-03-08,Oklahoma,oklahoma,Oklahoma,84,104,L,0,home_or_special_site_candidate,unknown,,,,,Big Eight Tournament,,CONFERENCE_TOURNAMENT,,35,Mar. 8 - 4 *Oklahoma L 84-104,opponent_resolved_site_pending,,MATCHED,BOOTSTRAP_SAME_SOURCE_SEQUENCE
ASRT-MIZ-01699,CBBG-0001699,missouri,MIZ-HIST-01699,historical_media_guide,1984-1985,1985-03-14,St. Joseph’s (Pa.),saint-joseph-s,Saint Joseph's,67,68,L,0,home_or_special_site_candidate,unknown,Hearnes Center,,,,National Invitation Tournament,,NIT,,35,Mar. 14 - - +St. Joseph’s (Pa.) L 67-68,opponent_resolved_site_pending,,MATCHED,BOOTSTRAP_SAME_SOURCE_SEQUENCE
ASRT-MIZ-01700,CBBG-0001700,missouri,MIZ-HIST-01700,historical_media_guide,1985-1986,1985-11-22,Texas Southern,texas-southern,Texas Southern,95,63,W,0,home_or_special_site_candidate,unknown,Hearnes Center,,,,,,REGULAR_SEASON,,35,Nov. 22 - - Texas Southern W 95-63,opponent_resolved_site_pending,,MATCHED,BOOTSTRAP_SAME_SOURCE_SEQUENCE
ASRT-MIZ-01701,CBBG-0001701,missouri,MIZ-HIST-01701,historical_media_guide,1985-1986,1985-11-25,California,california,California,61,46,W,0,home_or_special_site_candidate,unknown,Hearnes Center,,,,,,REGULAR_SEASON,,35,Nov. 25 - - California W 61-46,opponent_resolved_site_pending,,MATCHED,BOOTSTRAP_SAME_SOURCE_SEQUENCE
ASRT-MIZ-01702,CBBG-0001702,missouri,MIZ-HIST-01702,historical_media_guide,1985-1986,1985-11-29,North Carolina,north-carolina,North Carolina,63,84,L,0,home_or_special_site_candidate,unknown,,,,,"Great Alaska Shootout, Anchorage",,REGULAR_SEASON,,35,Nov. 29 - 1 #North Carolina L 63-84,opponent_resolved_site_pending,,MATCHED,BOOTSTRAP_SAME_SOURCE_SEQUENCE
ASRT-MIZ-01703,CBBG-0001703,missouri,MIZ-HIST-01703,historical_media_guide,1985-1986,1985-11-30,Alaska-Anchorage,alaska-anchorage,Alaska Anchorage,56,59,L,0,home_or_special_site_candidate,unknown,,,,,"Great Alaska Shootout, Anchorage",,REGULAR_SEASON,,35,Nov. 30 - - #Alaska-Anchorage L 56-59,opponent_resolved_site_pending,,MATCHED,BOOTSTRAP_SAME_SOURCE_SEQUENCE
ASRT-MIZ-01704,CBBG-0001704,missouri,MIZ-HIST-01704,historical_media_guide,1985-1986,1985-12-01,Texas-San Antonio,utsa,UTSA,80,47,W,0,home_or_special_site_candidate,unknown,,,,,"Great Alaska Shootout, Anchorage",,REGULAR_SEASON,,35,Dec. 1 - - #Texas-San Antonio W 80-47,opponent_resolved_site_pending,,MATCHED,BOOTSTRAP_SAME_SOURCE_SEQUENCE
ASRT-MIZ-01705,CBBG-0001705,missouri,MIZ-HIST-01705,historical_media_guide,1985-1986,1985-12-07,St. Bonaventure,st-bonaventure,St. Bonaventure,67,55,W,0,home_or_special_site_candidate,unknown,Hearnes Center,,,,,,REGULAR_SEASON,,35,Dec. 7 - - St. Bonaventure W 67-55,opponent_resolved_site_pending,,MATCHED,BOOTSTRAP_SAME_SOURCE_SEQUENCE
ASRT-MIZ-01706,CBBG-0001706,missouri,MIZ-HIST-01706,historical_media_guide,1985-1986,1985-12-09,Western Illinois,western-illinois,Western Illinois,91,64,W,0,home_or_special_site_candidate,unknown,Hearnes Center,,,,,,REGULAR_SEASON,,36,Dec. 9 - - Western Illinois W 91-64,opponent_resolved_site_pending,,MATCHED,BOOTSTRAP_SAME_SOURCE_SEQUENCE
ASRT-MIZ-01707,CBBG-0001707,missouri,MIZ-HIST-01707,historical_media_guide,1985-1986,1985-12-11,Mid. Tennessee St.,middle-tennessee,Middle Tennessee,81,77,W,0,home_or_special_site_candidate,unknown,Hearnes Center,,,,,,REGULAR_SEASON,,36,Dec. 11 - - Mid. Tennessee St. W 81-77,opponent_resolved_site_pending,,MATCHED,BOOTSTRAP_SAME_SOURCE_SEQUENCE
ASRT-MIZ-01708,CBBG-0001708,missouri,MIZ-HIST-01708,historical_media_guide,1985-1986,1985-12-14,Tennessee,tennessee,Tennessee,54,67,L,0,away_candidate,unknown,,,,,,,REGULAR_SEASON,,36,Dec. 14 - - @ Tennessee L 54-67,opponent_resolved_site_pending,,MATCHED,BOOTSTRAP_SAME_SOURCE_SEQUENCE
ASRT-MIZ-01709,CBBG-0001709,missouri,MIZ-HIST-01709,historical_media_guide,1985-1986,1985-12-16,SIU-Carbondale,southern-illinois,Southern Illinois,72,44,W,0,home_or_special_site_candidate,unknown,Hearnes Center,,,,,,REGULAR_SEASON,,36,Dec. 16 - - SIU-Carbondale W 72-44,opponent_resolved_site_pending,,MATCHED,BOOTSTRAP_SAME_SOURCE_SEQUENCE
ASRT-MIZ-01710,CBBG-0001710,missouri,MIZ-HIST-01710,historical_media_guide,1985-1986,1985-12-21,Illinois,illinois,Illinois,55,67,L,0,away_candidate,unknown,,,,,,,REGULAR_SEASON,,36,Dec. 21 - 17 @ Illinois L 55-67,opponent_resolved_site_pending,,MATCHED,BOOTSTRAP_SAME_SOURCE_SEQUENCE
ASRT-MIZ-01711,CBBG-0001711,missouri,MIZ-HIST-01711,historical_media_guide,1985-1986,1985-12-28,Villanova,villanova,Villanova,72,53,W,0,home_or_special_site_candidate,unknown,Neal S. Blaisdell Center,,,,"Rainbow Classic, Honolulu",,REGULAR_SEASON,,36,Dec. 28 - - *Villanova W 72-53,opponent_resolved_site_pending,,MATCHED,BOOTSTRAP_SAME_SOURCE_SEQUENCE
ASRT-MIZ-01712,CBBG-0001712,missouri,MIZ-HIST-01712,historical_media_guide,1985-1986,1985-12-29,Clemson,clemson,Clemson,69,64,W,0,home_or_special_site_candidate,unknown,Neal S. Blaisdell Center,,,,"Rainbow Classic, Honolulu",,REGULAR_SEASON,,36,Dec. 29 - - *Clemson W 69-64,opponent_resolved_site_pending,,MATCHED,BOOTSTRAP_SAME_SOURCE_SEQUENCE
ASRT-MIZ-01713,CBBG-0001713,missouri,MIZ-HIST-01713,historical_media_guide,1985-1986,1985-12-30,Washington State,washington-state,Washington State,70,63,W,0,home_or_special_site_candidate,unknown,Neal S. Blaisdell Center,,,,"Rainbow Classic, Honolulu",,REGULAR_SEASON,,36,Dec. 30 - - *Washington State W 70-63,opponent_resolved_site_pending,,MATCHED,BOOTSTRAP_SAME_SOURCE_SEQUENCE
ASRT-MIZ-01714,CBBG-0001714,missouri,MIZ-HIST-01714,historical_media_guide,1985-1986,1986-01-04,Southern Indiana,southern-indiana,Southern Indiana,82,75,W,0,home_or_special_site_candidate,unknown,Hearnes Center,,,,,,REGULAR_SEASON,,36,Jan. 4 - - Southern Indiana W 82-75,opponent_resolved_site_pending,,MATCHED,BOOTSTRAP_SAME_SOURCE_SEQUENCE
ASRT-MIZ-01715,CBBG-0001715,missouri,MIZ-HIST-01715,historical_media_guide,1985-1986,1986-01-06,Miss. Valley State,mississippi-valley-state,Mississippi Valley State,81,67,W,0,home_or_special_site_candidate,unknown,Hearnes Center,,,,,,REGULAR_SEASON,,36,Jan. 6 - - Miss. Valley State W 81-67,opponent_resolved_site_pending,,MATCHED,BOOTSTRAP_SAME_SOURCE_SEQUENCE
ASRT-MIZ-01716,CBBG-0001716,missouri,MIZ-HIST-01716,historical_media_guide,1985-1986,1986-01-08,Florida State,florida-state,Florida State,65,58,W,0,home_or_special_site_candidate,unknown,Hearnes Center,,,,,,REGULAR_SEASON,,36,Jan. 8 - - Florida State W 65-58,opponent_resolved_site_pending,,MATCHED,BOOTSTRAP_SAME_SOURCE_SEQUENCE
ASRT-MIZ-01717,CBBG-0001717,missouri,MIZ-HIST-01717,historical_media_guide,1985-1986,1986-01-11,Iowa State,iowa-state,Iowa State,84,92,L,0,away_candidate,unknown,,,,,,,REGULAR_SEASON,,36,Jan. 11 - - @ Iowa State L 84-92,opponent_resolved_site_pending,,MATCHED,BOOTSTRAP_SAME_SOURCE_SEQUENCE
ASRT-MIZ-01718,CBBG-0001718,missouri,MIZ-HIST-01718,historical_media_guide,1985-1986,1986-01-14,Oklahoma State,oklahoma-state,Oklahoma State,55,51,W,0,home_or_special_site_candidate,unknown,Hearnes Center,,,,,,REGULAR_SEASON,,36,Jan. 14 - - Oklahoma State W 55-51,opponent_resolved_site_pending,,MATCHED,BOOTSTRAP_SAME_SOURCE_SEQUENCE
ASRT-MIZ-01719,CBBG-0001719,missouri,MIZ-HIST-01719,historical_media_guide,1985-1986,1986-01-18,Nebraska,nebraska,Nebraska,68,67,W,0,away_candidate,unknown,,,,,,,REGULAR_SEASON,,36,Jan. 18 - - @ Nebraska W 68-67,opponent_resolved_site_pending,,MATCHED,BOOTSTRAP_SAME_SOURCE_SEQUENCE
ASRT-MIZ-01720,CBBG-0001720,missouri,MIZ-HIST-01720,historical_media_guide,1985-1986,1986-01-21,Kansas State,kansas-state,Kansas State,74,70,W,0,away_candidate,unknown,,,,,,,REGULAR_SEASON,,36,Jan. 21 - - @ Kansas State W 74-70,opponent_resolved_site_pending,,MATCHED,BOOTSTRAP_SAME_SOURCE_SEQUENCE
ASRT-MIZ-01721,CBBG-0001721,missouri,MIZ-HIST-01721,historical_media_guide,1985-1986,1986-01-23,Kansas,kansas,Kansas,77,81,L,0,home_or_special_site_candidate,unknown,Hearnes Center,,,,,,REGULAR_SEASON,,36,Jan. 23 - 7 Kansas L 77-81,opponent_resolved_site_pending,,MATCHED,BOOTSTRAP_SAME_SOURCE_SEQUENCE
ASRT-MIZ-01722,CBBG-0001722,missouri,MIZ-HIST-01722,historical_media_guide,1985-1986,1986-01-25,Memphis State,memphis,Memphis,68,79,L,0,away_candidate,unknown,,,,,,,REGULAR_SEASON,,36,Jan. 25 - 3 @ Memphis State L 68-79,opponent_resolved_site_pending,,MATCHED,BOOTSTRAP_SAME_SOURCE_SEQUENCE
ASRT-MIZ-01723,CBBG-0001723,missouri,MIZ-HIST-01723,historical_media_guide,1985-1986,1986-01-28,Colorado,colorado,Colorado,83,67,W,0,home_or_special_site_candidate,unknown,Hearnes Center,,,,,,REGULAR_SEASON,,36,Jan. 28 - - Colorado W 83-67,opponent_resolved_site_pending,,MATCHED,BOOTSTRAP_SAME_SOURCE_SEQUENCE
ASRT-MIZ-01724,CBBG-0001724,missouri,MIZ-HIST-01724,historical_media_guide,1985-1986,1986-02-01,Oklahoma,oklahoma,Oklahoma,84,88,L,0,away_candidate,unknown,,,,,,,REGULAR_SEASON,,36,Feb. 1 - 6 @ Oklahoma L 84-88,opponent_resolved_site_pending,,MATCHED,BOOTSTRAP_SAME_SOURCE_SEQUENCE
ASRT-MIZ-01725,CBBG-0001725,missouri,MIZ-HIST-01725,historical_media_guide,1985-1986,1986-02-08,Nebraska,nebraska,Nebraska,66,75,L,0,home_or_special_site_candidate,unknown,Hearnes Center,,,,,,REGULAR_SEASON,,36,Feb. 8 - - Nebraska L 66-75,opponent_resolved_site_pending,,MATCHED,BOOTSTRAP_SAME_SOURCE_SEQUENCE
ASRT-MIZ-01726,CBBG-0001726,missouri,MIZ-HIST-01726,historical_media_guide,1985-1986,1986-02-09,Virginia,virginia,Virginia,62,64,L,0,home_or_special_site_candidate,unknown,Hearnes Center,,,,,,REGULAR_SEASON,,36,Feb. 9 - - Virginia L 62-64,opponent_resolved_site_pending,,MATCHED,BOOTSTRAP_SAME_SOURCE_SEQUENCE
ASRT-MIZ-01727,CBBG-0001727,missouri,MIZ-HIST-01727,historical_media_guide,1985-1986,1986-02-11,Kansas,kansas,Kansas,66,100,L,0,away_candidate,unknown,,,,,,,REGULAR_SEASON,,36,Feb. 11 - 3 @ Kansas L 66-100,opponent_resolved_site_pending,,MATCHED,BOOTSTRAP_SAME_SOURCE_SEQUENCE
ASRT-MIZ-01728,CBBG-0001728,missouri,MIZ-HIST-01728,historical_media_guide,1985-1986,1986-02-13,Oklahoma,oklahoma,Oklahoma,101,88,W,0,home_or_special_site_candidate,unknown,Hearnes Center,,,,,,REGULAR_SEASON,,36,Feb. 13 - 8 Oklahoma W 101-88,opponent_resolved_site_pending,,MATCHED,BOOTSTRAP_SAME_SOURCE_SEQUENCE
ASRT-MIZ-01729,CBBG-0001729,missouri,MIZ-HIST-01729,historical_media_guide,1985-1986,1986-02-15,Oklahoma State,oklahoma-state,Oklahoma State,65,86,L,0,away_candidate,unknown,,,,,,,REGULAR_SEASON,,36,Feb. 15 - - @ Oklahoma State L 65-86,opponent_resolved_site_pending,,MATCHED,BOOTSTRAP_SAME_SOURCE_SEQUENCE
ASRT-MIZ-01730,CBBG-0001730,missouri,MIZ-HIST-01730,historical_media_guide,1985-1986,1986-02-18,Iowa State,iowa-state,Iowa State,71,62,W,0,home_or_special_site_candidate,unknown,Hearnes Center,,,,,,REGULAR_SEASON,,36,Feb. 18 - - Iowa State W 71-62,opponent_resolved_site_pending,,MATCHED,BOOTSTRAP_SAME_SOURCE_SEQUENCE
ASRT-MIZ-01731,CBBG-0001731,missouri,MIZ-HIST-01731,historical_media_guide,1985-1986,1986-02-26,Kansas State,kansas-state,Kansas State,84,69,W,0,home_or_special_site_candidate,unknown,Hearnes Center,,,,,,REGULAR_SEASON,,36,Feb. 26 - - Kansas State W 84-69,opponent_resolved_site_pending,,MATCHED,BOOTSTRAP_SAME_SOURCE_SEQUENCE
ASRT-MIZ-01732,CBBG-0001732,missouri,MIZ-HIST-01732,historical_media_guide,1985-1986,1986-03-01,Colorado,colorado,Colorado,94,86,W,0,away_candidate,unknown,,,,,,,REGULAR_SEASON,,36,Mar. 1 - - @ Colorado W 94-86,opponent_resolved_site_pending,,MATCHED,BOOTSTRAP_SAME_SOURCE_SEQUENCE
ASRT-MIZ-01733,CBBG-0001733,missouri,MIZ-HIST-01733,historical_media_guide,1985-1986,1986-03-07,Oklahoma,oklahoma,Oklahoma,75,78,L,0,home_or_special_site_candidate,unknown,Kemper Arena,,,,"Big Eight Tournament, Kansas City",,CONFERENCE_TOURNAMENT,,36,Mar. 7 - 15 +Oklahoma L 75-78,opponent_resolved_site_pending,,MATCHED,BOOTSTRAP_SAME_SOURCE_SEQUENCE
ASRT-MIZ-01734,CBBG-0001734,missouri,MIZ-HIST-01734,historical_media_guide,1985-1986,1986-03-13,UA-Birmingham,uab,UAB,64,66,L,0,home_or_special_site_candidate,unknown,,,,,"NCAA West First Round, Ogden",,NCAA_TOURNAMENT,R64,36,Mar. 13 - - %UA-Birmingham L 64-66,opponent_resolved_site_pending,,MATCHED,BOOTSTRAP_SAME_SOURCE_SEQUENCE
ASRT-MIZ-01735,CBBG-0001735,missouri,MIZ-HIST-01735,historical_media_guide,1986-1987,1986-11-28,Arkansas State,arkansas-state,Arkansas State,79,63,W,0,home_or_special_site_candidate,unknown,,,,,"Silversword Classic, Wailuku",,REGULAR_SEASON,,36,Nov. 28 - - #Arkansas State W 79-63,opponent_resolved_site_pending,,MATCHED,BOOTSTRAP_SAME_SOURCE_SEQUENCE
ASRT-MIZ-01736,CBBG-0001736,missouri,MIZ-HIST-01736,historical_media_guide,1986-1987,1986-11-29,Vanderbilt,vanderbilt,Vanderbilt,54,69,L,0,home_or_special_site_candidate,unknown,,,,,"Silversword Classic, Wailuku",,REGULAR_SEASON,,36,Nov. 29 - - #Vanderbilt L 54-69,opponent_resolved_site_pending,,MATCHED,BOOTSTRAP_SAME_SOURCE_SEQUENCE
ASRT-MIZ-01737,CBBG-0001737,missouri,MIZ-HIST-01737,historical_media_guide,1986-1987,1986-11-30,Long Beach State,long-beach-state,Long Beach State,71,58,W,0,home_or_special_site_candidate,unknown,,,,,"Silversword Classic, Wailuku",,REGULAR_SEASON,,36,Nov. 30 - - #Long Beach State W 71-58,opponent_resolved_site_pending,,MATCHED,BOOTSTRAP_SAME_SOURCE_SEQUENCE
ASRT-MIZ-01738,CBBG-0001738,missouri,MIZ-HIST-01738,historical_media_guide,1986-1987,1986-12-02,California,california,California,63,64,L,0,away_candidate,unknown,,,,,,,REGULAR_SEASON,,36,Dec. 2 - - @ California L 63-64,opponent_resolved_site_pending,,MATCHED,BOOTSTRAP_SAME_SOURCE_SEQUENCE
ASRT-MIZ-01739,CBBG-0001739,missouri,MIZ-HIST-01739,historical_media_guide,1986-1987,1986-12-06,SW Mo. St.,missouri-state,Missouri State,57,53,W,0,home_or_special_site_candidate,unknown,Hearnes Center,,,,,,REGULAR_SEASON,,36,Dec. 6 - - SW Mo. St. (OT) W 57-53,opponent_resolved_site_pending,,MATCHED,BOOTSTRAP_SAME_SOURCE_SEQUENCE
ASRT-MIZ-01740,CBBG-0001740,missouri,MIZ-HIST-01740,historical_media_guide,1986-1987,1986-12-07,Chaminade,chaminade,Chaminade,77,65,W,0,home_or_special_site_candidate,unknown,Hearnes Center,,,,,,REGULAR_SEASON,,36,Dec. 7 - - Chaminade W 77-65,opponent_resolved_site_pending,,MATCHED,BOOTSTRAP_SAME_SOURCE_SEQUENCE
ASRT-MIZ-01741,CBBG-0001741,missouri,MIZ-HIST-01741,historical_media_guide,1986-1987,1986-12-09,Drake,drake,Drake,63,59,W,0,home_or_special_site_candidate,unknown,Hearnes Center,,,,,,REGULAR_SEASON,,36,Dec. 9 - - Drake W 63-59,opponent_resolved_site_pending,,MATCHED,BOOTSTRAP_SAME_SOURCE_SEQUENCE
ASRT-MIZ-01742,CBBG-0001742,missouri,MIZ-HIST-01742,historical_media_guide,1986-1987,1986-12-14,Centenary,centenary,Centenary,97,64,W,0,home_or_special_site_candidate,unknown,Hearnes Center,,,,,,REGULAR_SEASON,,36,Dec. 14 - - Centenary W 97-64,opponent_resolved_site_pending,,MATCHED,BOOTSTRAP_SAME_SOURCE_SEQUENCE
ASRT-MIZ-01743,CBBG-0001743,missouri,MIZ-HIST-01743,historical_media_guide,1986-1987,1986-12-16,Austin Peay State,austin-peay,Austin Peay,79,73,W,0,home_or_special_site_candidate,unknown,Hearnes Center,,,,,,REGULAR_SEASON,,36,Dec. 16 - - Austin Peay State W 79-73,opponent_resolved_site_pending,,MATCHED,BOOTSTRAP_SAME_SOURCE_SEQUENCE
ASRT-MIZ-01744,CBBG-0001744,missouri,MIZ-HIST-01744,historical_media_guide,1986-1987,1986-12-23,Illinois,illinois,Illinois,74,92,L,0,away_candidate,unknown,,,,,,,REGULAR_SEASON,,36,Dec. 23 - - @ Illinois L 74-92,opponent_resolved_site_pending,,MATCHED,BOOTSTRAP_SAME_SOURCE_SEQUENCE
ASRT-MIZ-01745,CBBG-0001745,missouri,MIZ-HIST-01745,historical_media_guide,1986-1987,1986-12-29,Oral Roberts,oral-roberts,Oral Roberts,84,57,W,0,home_or_special_site_candidate,unknown,Kemper Arena,,,,"BMA Holiday Classic, Kansas City",,REGULAR_SEASON,,36,Dec. 29 - - *Oral Roberts W 84-57,opponent_resolved_site_pending,,MATCHED,BOOTSTRAP_SAME_SOURCE_SEQUENCE
ASRT-MIZ-01746,CBBG-0001746,missouri,MIZ-HIST-01746,historical_media_guide,1986-1987,1986-12-30,Alabama,alabama,Alabama,82,91,L,0,home_or_special_site_candidate,unknown,Kemper Arena,,,,"BMA Holiday Classic, Kansas City",,REGULAR_SEASON,,36,Dec. 30 - - *Alabama L 82-91,opponent_resolved_site_pending,,MATCHED,BOOTSTRAP_SAME_SOURCE_SEQUENCE
ASRT-MIZ-01747,CBBG-0001747,missouri,MIZ-HIST-01747,historical_media_guide,1986-1987,1987-01-03,Memphis State,memphis,Memphis,59,61,L,0,home_or_special_site_candidate,unknown,Hearnes Center,,,,,,REGULAR_SEASON,,36,Jan. 3 - - Memphis State L 59-61,opponent_resolved_site_pending,,MATCHED,BOOTSTRAP_SAME_SOURCE_SEQUENCE
ASRT-MIZ-01748,CBBG-0001748,missouri,MIZ-HIST-01748,historical_media_guide,1986-1987,1987-01-05,St. Bonaventure,st-bonaventure,St. Bonaventure,83,62,W,0,away_candidate,unknown,,,,,,,REGULAR_SEASON,,36,Jan. 5 - - @ St. Bonaventure W 83-62,opponent_resolved_site_pending,,MATCHED,BOOTSTRAP_SAME_SOURCE_SEQUENCE
ASRT-MIZ-01749,CBBG-0001749,missouri,MIZ-HIST-01749,historical_media_guide,1986-1987,1987-01-07,Virginia,virginia,Virginia,50,66,L,0,away_candidate,unknown,,,,,,,REGULAR_SEASON,,36,Jan. 7 - - @ Virginia L 50-66,opponent_resolved_site_pending,,MATCHED,BOOTSTRAP_SAME_SOURCE_SEQUENCE
ASRT-MIZ-01750,CBBG-0001750,missouri,MIZ-HIST-01750,historical_media_guide,1986-1987,1987-01-10,Oklahoma,oklahoma,Oklahoma,87,83,W,0,home_or_special_site_candidate,unknown,Hearnes Center,,,,,,REGULAR_SEASON,,36,Jan. 10 - 11 Oklahoma W 87-83,opponent_resolved_site_pending,,MATCHED,BOOTSTRAP_SAME_SOURCE_SEQUENCE
ASRT-MIZ-01751,CBBG-0001751,missouri,MIZ-HIST-01751,historical_media_guide,1986-1987,1987-01-14,Old Dominion,old-dominion,Old Dominion,78,66,W,0,home_or_special_site_candidate,unknown,Hearnes Center,,,,,,REGULAR_SEASON,,36,Jan. 14 - - Old Dominion W 78-66,opponent_resolved_site_pending,,MATCHED,BOOTSTRAP_SAME_SOURCE_SEQUENCE
ASRT-MIZ-01752,CBBG-0001752,missouri,MIZ-HIST-01752,historical_media_guide,1986-1987,1987-01-17,Oklahoma State,oklahoma-state,Oklahoma State,87,77,W,0,home_or_special_site_candidate,unknown,Hearnes Center,,,,,,REGULAR_SEASON,,36,Jan. 17 - - Oklahoma State W 87-77,opponent_resolved_site_pending,,MATCHED,BOOTSTRAP_SAME_SOURCE_SEQUENCE
ASRT-MIZ-01753,CBBG-0001753,missouri,MIZ-HIST-01753,historical_media_guide,1986-1987,1987-01-20,Kansas,kansas,Kansas,70,71,L,0,away_candidate,unknown,,,,,,,REGULAR_SEASON,,36,Jan. 20 - - @ Kansas L 70-71,opponent_resolved_site_pending,,MATCHED,BOOTSTRAP_SAME_SOURCE_SEQUENCE
ASRT-MIZ-01754,CBBG-0001754,missouri,MIZ-HIST-01754,historical_media_guide,1986-1987,1987-01-24,Colorado,colorado,Colorado,77,56,W,0,away_candidate,unknown,,,,,,,REGULAR_SEASON,,36,Jan. 24 - - @ Colorado W 77-56,opponent_resolved_site_pending,,MATCHED,BOOTSTRAP_SAME_SOURCE_SEQUENCE
ASRT-MIZ-01755,CBBG-0001755,missouri,MIZ-HIST-01755,historical_media_guide,1986-1987,1987-01-28,Nebraska,nebraska,Nebraska,87,71,W,0,away_candidate,unknown,,,,,,,REGULAR_SEASON,,36,Jan. 28 - - @ Nebraska W 87-71,opponent_resolved_site_pending,,MATCHED,BOOTSTRAP_SAME_SOURCE_SEQUENCE
ASRT-MIZ-01756,CBBG-0001756,missouri,MIZ-HIST-01756,historical_media_guide,1986-1987,1987-02-01,Kansas State,kansas-state,Kansas State,68,64,W,0,home_or_special_site_candidate,unknown,Hearnes Center,,,,,,REGULAR_SEASON,,36,Feb. 1 - - Kansas State W 68-64,opponent_resolved_site_pending,,MATCHED,BOOTSTRAP_SAME_SOURCE_SEQUENCE
ASRT-MIZ-01757,CBBG-0001757,missouri,MIZ-HIST-01757,historical_media_guide,1986-1987,1987-02-04,Iowa State,iowa-state,Iowa State,92,96,L,0,away_candidate,unknown,,,,,,,REGULAR_SEASON,,36,Feb. 4 - - @ Iowa State L 92-96,opponent_resolved_site_pending,,MATCHED,BOOTSTRAP_SAME_SOURCE_SEQUENCE
ASRT-MIZ-01758,CBBG-0001758,missouri,MIZ-HIST-01758,historical_media_guide,1986-1987,1987-02-07,Oklahoma,oklahoma,Oklahoma,78,81,L,0,away_candidate,unknown,,,,,,,REGULAR_SEASON,,36,Feb. 7 - 8 @ Oklahoma L 78-81,opponent_resolved_site_pending,,MATCHED,BOOTSTRAP_SAME_SOURCE_SEQUENCE
ASRT-MIZ-01759,CBBG-0001759,missouri,MIZ-HIST-01759,historical_media_guide,1986-1987,1987-02-11,Kansas,kansas,Kansas,63,60,W,0,home_or_special_site_candidate,unknown,Hearnes Center,,,,,,REGULAR_SEASON,,36,Feb. 11 - - Kansas W 63-60,opponent_resolved_site_pending,,MATCHED,BOOTSTRAP_SAME_SOURCE_SEQUENCE
ASRT-MIZ-01760,CBBG-0001760,missouri,MIZ-HIST-01760,historical_media_guide,1986-1987,1987-02-14,Oklahoma State,oklahoma-state,Oklahoma State,69,68,W,0,away_candidate,unknown,,,,,,,REGULAR_SEASON,,36,Feb. 14 - - @ Oklahoma State W 69-68,opponent_resolved_site_pending,,MATCHED,BOOTSTRAP_SAME_SOURCE_SEQUENCE
ASRT-MIZ-01761,CBBG-0001761,missouri,MIZ-HIST-01761,historical_media_guide,1986-1987,1987-02-18,Nebraska,nebraska,Nebraska,80,64,W,0,home_or_special_site_candidate,unknown,Hearnes Center,,,,,,REGULAR_SEASON,,36,Feb. 18 - - Nebraska W 80-64,opponent_resolved_site_pending,,MATCHED,BOOTSTRAP_SAME_SOURCE_SEQUENCE
ASRT-MIZ-01762,CBBG-0001762,missouri,MIZ-HIST-01762,historical_media_guide,1986-1987,1987-02-21,Colorado,colorado,Colorado,76,68,W,0,away_candidate,unknown,,,,,,,REGULAR_SEASON,,36,Feb. 21 - - @ Colorado W 76-68,opponent_resolved_site_pending,,MATCHED,BOOTSTRAP_SAME_SOURCE_SEQUENCE
ASRT-MIZ-01763,CBBG-0001763,missouri,MIZ-HIST-01763,historical_media_guide,1986-1987,1987-02-24,Kansas State,kansas-state,Kansas State,80,75,W,0,away_candidate,unknown,,,,,,,REGULAR_SEASON,,36,Feb. 24 - - @ Kansas State W 80-75,opponent_resolved_site_pending,,MATCHED,BOOTSTRAP_SAME_SOURCE_SEQUENCE
ASRT-MIZ-01764,CBBG-0001764,missouri,MIZ-HIST-01764,historical_media_guide,1986-1987,1987-02-28,Iowa State,iowa-state,Iowa State,85,77,W,0,home_or_special_site_candidate,unknown,Hearnes Center,,,,,,REGULAR_SEASON,,36,Feb. 28 - - Iowa State W 85-77,opponent_resolved_site_pending,,MATCHED,BOOTSTRAP_SAME_SOURCE_SEQUENCE
ASRT-MIZ-01765,CBBG-0001765,missouri,MIZ-HIST-01765,historical_media_guide,1986-1987,1987-03-06,Colorado,colorado,Colorado,65,59,W,0,home_or_special_site_candidate,unknown,Kemper Arena,,,,"Big Eight Tournament, Kansas City",,CONFERENCE_TOURNAMENT,,36,Mar. 6 19 - +Colorado W 65-59,opponent_resolved_site_pending,,MATCHED,BOOTSTRAP_SAME_SOURCE_SEQUENCE
ASRT-MIZ-01766,CBBG-0001766,missouri,MIZ-HIST-01766,historical_media_guide,1986-1987,1987-03-07,Kansas State,kansas-state,Kansas State,72,69,W,0,home_or_special_site_candidate,unknown,Kemper Arena,,,,"Big Eight Tournament, Kansas City",,CONFERENCE_TOURNAMENT,,36,Mar. 7 19 - +Kansas State W 72-69,opponent_resolved_site_pending,,MATCHED,BOOTSTRAP_SAME_SOURCE_SEQUENCE
ASRT-MIZ-01767,CBBG-0001767,missouri,MIZ-HIST-01767,historical_media_guide,1986-1987,1987-03-08,Kansas,kansas,Kansas,67,65,W,0,home_or_special_site_candidate,unknown,Kemper Arena,,,,"Big Eight Tournament, Kansas City",,CONFERENCE_TOURNAMENT,Championship,36,Mar. 8 19 - +Kansas W 67-65,opponent_resolved_site_pending,,MATCHED,BOOTSTRAP_SAME_SOURCE_SEQUENCE
ASRT-MIZ-01768,CBBG-0001768,missouri,MIZ-HIST-01768,historical_media_guide,1986-1987,1987-03-12,Xavier,xavier,Xavier,69,70,L,0,home_or_special_site_candidate,unknown,,,,,"NCAA Midwest First Round, Indianapolis",,NCAA_TOURNAMENT,R64,36,Mar. 12 14 - %Xavier L 69-70,opponent_resolved_site_pending,,MATCHED,BOOTSTRAP_SAME_SOURCE_SEQUENCE
ASRT-MIZ-01769,CBBG-0001769,missouri,MIZ-HIST-01769,historical_media_guide,1987-1988,1987-12-04,North Texas State,north-texas,North Texas,74,56,W,0,home_or_special_site_candidate,unknown,Hearnes Center,,,,"Walsworth Show-Me Classic, Columbia",,REGULAR_SEASON,,36,Dec. 4 8 - #North Texas State W 74-56,opponent_resolved_site_pending,,MATCHED,BOOTSTRAP_SAME_SOURCE_SEQUENCE
ASRT-MIZ-01770,CBBG-0001770,missouri,MIZ-HIST-01770,historical_media_guide,1987-1988,1987-12-05,E. Michigan,eastern-michigan,Eastern Michigan,77,75,W,0,home_or_special_site_candidate,unknown,Hearnes Center,,,,"Walsworth Show-Me Classic, Columbia",,REGULAR_SEASON,,36,Dec. 5 8 - #E. Michigan (2OT) W 77-75,opponent_resolved_site_pending,,MATCHED,BOOTSTRAP_SAME_SOURCE_SEQUENCE
ASRT-MIZ-01771,CBBG-0001771,missouri,MIZ-HIST-01771,historical_media_guide,1987-1988,1987-12-08,Drake,drake,Drake,76,74,W,0,away_candidate,unknown,,,,,,,REGULAR_SEASON,,36,Dec. 8 9 - @ Drake W 76-74,opponent_resolved_site_pending,,MATCHED,BOOTSTRAP_SAME_SOURCE_SEQUENCE
ASRT-MIZ-01772,CBBG-0001772,missouri,MIZ-HIST-01772,historical_media_guide,1987-1988,1987-12-12,Memphis State,memphis,Memphis,68,76,L,0,away_candidate,unknown,,,,,,,REGULAR_SEASON,,36,Dec. 12 9 20 @ Memphis State L 68-76,opponent_resolved_site_pending,,MATCHED,BOOTSTRAP_SAME_SOURCE_SEQUENCE
ASRT-MIZ-01773,CBBG-0001773,missouri,MIZ-HIST-01773,historical_media_guide,1987-1988,1987-12-16,Virginia Tech,virginia-tech,Virginia Tech,105,96,W,0,home_or_special_site_candidate,unknown,Hearnes Center,,,,,,REGULAR_SEASON,,36,Dec. 16 16 - Virginia Tech W 105-96,opponent_resolved_site_pending,,MATCHED,BOOTSTRAP_SAME_SOURCE_SEQUENCE
ASRT-MIZ-01774,CBBG-0001774,missouri,MIZ-HIST-01774,historical_media_guide,1987-1988,1987-12-22,Illinois,illinois,Illinois,63,75,L,0,away_candidate,unknown,,,,,,,REGULAR_SEASON,,36,Dec. 22 17 - @ Illinois L 63-75,opponent_resolved_site_pending,,MATCHED,BOOTSTRAP_SAME_SOURCE_SEQUENCE
ASRT-MIZ-01775,CBBG-0001775,missouri,MIZ-HIST-01775,historical_media_guide,1987-1988,1987-12-28,San Jose State,san-jose-state,San José State,85,61,W,0,home_or_special_site_candidate,unknown,Hearnes Center,,,,,,REGULAR_SEASON,,36,Dec. 28 17 - San Jose State W 85-61,opponent_resolved_site_pending,,MATCHED,BOOTSTRAP_SAME_SOURCE_SEQUENCE
ASRT-MIZ-01776,CBBG-0001776,missouri,MIZ-HIST-01776,historical_media_guide,1987-1988,1987-12-30,Alabama State,alabama-state,Alabama State,129,64,W,0,home_or_special_site_candidate,unknown,Hearnes Center,,,,,,REGULAR_SEASON,,36,Dec. 30 - - Alabama State W 129-64,opponent_resolved_site_pending,,MATCHED,BOOTSTRAP_SAME_SOURCE_SEQUENCE
ASRT-MIZ-01777,CBBG-0001777,missouri,MIZ-HIST-01777,historical_media_guide,1987-1988,1988-01-02,Tulsa,tulsa,Tulsa,92,48,W,0,home_or_special_site_candidate,unknown,Hearnes Center,,,,,,REGULAR_SEASON,,36,Jan. 2 - - Tulsa W 92-48,opponent_resolved_site_pending,,MATCHED,BOOTSTRAP_SAME_SOURCE_SEQUENCE
ASRT-MIZ-01778,CBBG-0001778,missouri,MIZ-HIST-01778,historical_media_guide,1987-1988,1988-01-04,SIU-Carbondale,southern-illinois,Southern Illinois,86,66,W,0,away_candidate,unknown,,,,,,,REGULAR_SEASON,,36,Jan. 4 - - @ SIU-Carbondale W 86-66,opponent_resolved_site_pending,,MATCHED,BOOTSTRAP_SAME_SOURCE_SEQUENCE
ASRT-MIZ-01779,CBBG-0001779,missouri,MIZ-HIST-01779,historical_media_guide,1987-1988,1988-01-06,Maryland,maryland,Maryland,93,85,W,0,home_or_special_site_candidate,unknown,Hearnes Center,,,,,,REGULAR_SEASON,,36,Jan. 6 - - Maryland W 93-85,opponent_resolved_site_pending,,MATCHED,BOOTSTRAP_SAME_SOURCE_SEQUENCE
ASRT-MIZ-01780,CBBG-0001780,missouri,MIZ-HIST-01780,historical_media_guide,1987-1988,1988-01-09,Kansas,kansas,Kansas,74,78,L,0,away_candidate,unknown,,,,,,,REGULAR_SEASON,,36,Jan. 9 - 18 @ Kansas L 74-78,opponent_resolved_site_pending,,MATCHED,BOOTSTRAP_SAME_SOURCE_SEQUENCE
ASRT-MIZ-01781,CBBG-0001781,missouri,MIZ-HIST-01781,historical_media_guide,1987-1988,1988-01-16,Nebraska,nebraska,Nebraska,68,70,L,0,away_candidate,unknown,,,,,,,REGULAR_SEASON,,36,Jan. 16 - - @ Nebraska L 68-70,opponent_resolved_site_pending,,MATCHED,BOOTSTRAP_SAME_SOURCE_SEQUENCE
ASRT-MIZ-01782,CBBG-0001782,missouri,MIZ-HIST-01782,historical_media_guide,1987-1988,1988-01-20,Chicago State,chicago-state,Chicago State,84,56,W,0,home_or_special_site_candidate,unknown,Hearnes Center,,,,,,REGULAR_SEASON,,36,Jan. 20 - - Chicago State W 84-56,opponent_resolved_site_pending,,MATCHED,BOOTSTRAP_SAME_SOURCE_SEQUENCE
ASRT-MIZ-01783,CBBG-0001783,missouri,MIZ-HIST-01783,historical_media_guide,1987-1988,1988-01-23,Iowa State,iowa-state,Iowa State,119,93,W,0,home_or_special_site_candidate,unknown,Hearnes Center,,,,,,REGULAR_SEASON,,36,Jan. 23 - 10 Iowa State W 119-93,opponent_resolved_site_pending,,MATCHED,BOOTSTRAP_SAME_SOURCE_SEQUENCE
ASRT-MIZ-01784,CBBG-0001784,missouri,MIZ-HIST-01784,historical_media_guide,1987-1988,1988-01-30,Oklahoma State,oklahoma-state,Oklahoma State,86,72,W,0,away_candidate,unknown,,,,,,,REGULAR_SEASON,,36,Jan. 30 - - @ Oklahoma State W 86-72,opponent_resolved_site_pending,,MATCHED,BOOTSTRAP_SAME_SOURCE_SEQUENCE
ASRT-MIZ-01785,CBBG-0001785,missouri,MIZ-HIST-01785,historical_media_guide,1987-1988,1988-02-03,Colorado,colorado,Colorado,99,69,W,0,home_or_special_site_candidate,unknown,Hearnes Center,,,,,,REGULAR_SEASON,,36,Feb. 3 - - Colorado W 99-69,opponent_resolved_site_pending,,MATCHED,BOOTSTRAP_SAME_SOURCE_SEQUENCE
ASRT-MIZ-01786,CBBG-0001786,missouri,MIZ-HIST-01786,historical_media_guide,1987-1988,1988-02-06,Oklahoma,oklahoma,Oklahoma,101,120,L,0,away_candidate,unknown,,,,,,,REGULAR_SEASON,,36,Feb. 6 - 7 @ Oklahoma L 101-120,opponent_resolved_site_pending,,MATCHED,BOOTSTRAP_SAME_SOURCE_SEQUENCE
ASRT-MIZ-01787,CBBG-0001787,missouri,MIZ-HIST-01787,historical_media_guide,1987-1988,1988-02-09,Kansas State,kansas-state,Kansas State,79,75,W,0,home_or_special_site_candidate,unknown,Hearnes Center,,,,,,REGULAR_SEASON,,36,Feb. 9 - 14 Kansas State W 79-75,opponent_resolved_site_pending,,MATCHED,BOOTSTRAP_SAME_SOURCE_SEQUENCE
ASRT-MIZ-01788,CBBG-0001788,missouri,MIZ-HIST-01788,historical_media_guide,1987-1988,1988-02-11,Nebraska,nebraska,Nebraska,92,67,W,0,home_or_special_site_candidate,unknown,Hearnes Center,,,,,,REGULAR_SEASON,,36,Feb. 11 - - Nebraska W 92-67,opponent_resolved_site_pending,,MATCHED,BOOTSTRAP_SAME_SOURCE_SEQUENCE
ASRT-MIZ-01789,CBBG-0001789,missouri,MIZ-HIST-01789,historical_media_guide,1987-1988,1988-02-13,Nevada-Las Vegas,unlv,UNLV,81,79,W,0,away_candidate,unknown,,,,,,,REGULAR_SEASON,,36,Feb. 13 - 7 @ Nevada-Las Vegas W 81-79,opponent_resolved_site_pending,,MATCHED,BOOTSTRAP_SAME_SOURCE_SEQUENCE
ASRT-MIZ-01790,CBBG-0001790,missouri,MIZ-HIST-01790,historical_media_guide,1987-1988,1988-02-17,Iowa State,iowa-state,Iowa State,89,102,L,0,away_candidate,unknown,,,,,,,REGULAR_SEASON,,36,Feb. 17 15 - @ Iowa State L 89-102,opponent_resolved_site_pending,,MATCHED,BOOTSTRAP_SAME_SOURCE_SEQUENCE
ASRT-MIZ-01791,CBBG-0001791,missouri,MIZ-HIST-01791,historical_media_guide,1987-1988,1988-02-21,Oklahoma State,oklahoma-state,Oklahoma State,92,70,W,0,home_or_special_site_candidate,unknown,Hearnes Center,,,,,,REGULAR_SEASON,,36,Feb. 21 15 - Oklahoma State W 92-70,opponent_resolved_site_pending,,MATCHED,BOOTSTRAP_SAME_SOURCE_SEQUENCE
ASRT-MIZ-01792,CBBG-0001792,missouri,MIZ-HIST-01792,historical_media_guide,1987-1988,1988-02-24,Colorado,colorado,Colorado,78,87,L,0,away_candidate,unknown,,,,,,,REGULAR_SEASON,,36,Feb. 24 15 - @ Colorado L 78-87,opponent_resolved_site_pending,,MATCHED,BOOTSTRAP_SAME_SOURCE_SEQUENCE
ASRT-MIZ-01793,CBBG-0001793,missouri,MIZ-HIST-01793,historical_media_guide,1987-1988,1988-02-27,Kansas,kansas,Kansas,77,82,L,0,home_or_special_site_candidate,unknown,Hearnes Center,,,,,,REGULAR_SEASON,,36,Feb. 27 15 - Kansas L 77-82,opponent_resolved_site_pending,,MATCHED,BOOTSTRAP_SAME_SOURCE_SEQUENCE
ASRT-MIZ-01794,CBBG-0001794,missouri,MIZ-HIST-01794,historical_media_guide,1987-1988,1988-03-03,Oklahoma,oklahoma,Oklahoma,93,90,W,0,home_or_special_site_candidate,unknown,Hearnes Center,,,,,,REGULAR_SEASON,,36,Mar. 3 - 4 Oklahoma (OT) W 93-90,opponent_resolved_site_pending,,MATCHED,BOOTSTRAP_SAME_SOURCE_SEQUENCE
ASRT-MIZ-01795,CBBG-0001795,missouri,MIZ-HIST-01795,historical_media_guide,1987-1988,1988-03-05,Kansas State,kansas-state,Kansas State,82,92,L,0,away_candidate,unknown,,,,,,,REGULAR_SEASON,,36,Mar. 5 - - @ Kansas State L 82-92,opponent_resolved_site_pending,,MATCHED,BOOTSTRAP_SAME_SOURCE_SEQUENCE
ASRT-MIZ-01796,CBBG-0001796,missouri,MIZ-HIST-01796,historical_media_guide,1987-1988,1988-03-11,Iowa State,iowa-state,Iowa State,90,80,W,0,home_or_special_site_candidate,unknown,Kemper Arena,,,,"Big Eight Tournament, Kansas City",,CONFERENCE_TOURNAMENT,,36,Mar. 11 - - +Iowa State W 90-80,opponent_resolved_site_pending,,MATCHED,BOOTSTRAP_SAME_SOURCE_SEQUENCE
ASRT-MIZ-01797,CBBG-0001797,missouri,MIZ-HIST-01797,historical_media_guide,1987-1988,1988-03-12,Oklahoma,oklahoma,Oklahoma,99,102,L,0,home_or_special_site_candidate,unknown,Kemper Arena,,,,"Big Eight Tournament, Kansas City",,CONFERENCE_TOURNAMENT,,36,Mar. 12 - - +Oklahoma L 99-102,opponent_resolved_site_pending,,MATCHED,BOOTSTRAP_SAME_SOURCE_SEQUENCE
ASRT-MIZ-01798,CBBG-0001798,missouri,MIZ-HIST-01798,historical_media_guide,1987-1988,1988-03-17,Rhode Island,rhode-island,Rhode Island,80,87,L,0,home_or_special_site_candidate,unknown,,,,,"NCAA East First Round, Chapel Hill",,NCAA_TOURNAMENT,R64,36,Mar. 17 - 4 %Rhode Island L 80-87,opponent_resolved_site_pending,,MATCHED,BOOTSTRAP_SAME_SOURCE_SEQUENCE
ASRT-MIZ-01799,CBBG-0001799,missouri,MIZ-HIST-01799,historical_media_guide,1988-1989,1988-11-18,SW Missouri St.,missouri-state,Missouri State,73,54,W,0,home_or_special_site_candidate,unknown,Hearnes Center,,,,,,REGULAR_SEASON,,36,Nov. 18 14 - #SW Missouri St. W 73-54,opponent_resolved_site_pending,,MATCHED,BOOTSTRAP_SAME_SOURCE_SEQUENCE
ASRT-MIZ-01800,CBBG-0001800,missouri,MIZ-HIST-01800,historical_media_guide,1988-1989,1988-11-20,Xavier (Ohio),xavier,Xavier,83,71,W,0,home_or_special_site_candidate,unknown,Hearnes Center,,,,,,REGULAR_SEASON,,36,Nov. 20 14 - #Xavier (Ohio) W 83-71,opponent_resolved_site_pending,,MATCHED,BOOTSTRAP_SAME_SOURCE_SEQUENCE
ASRT-MIZ-01801,CBBG-0001801,missouri,MIZ-HIST-01801,historical_media_guide,1988-1989,1988-11-23,North Carolina,north-carolina,North Carolina,91,81,W,0,home_or_special_site_candidate,unknown,Hearnes Center,,,,,,REGULAR_SEASON,,36,Nov. 23 13 5 #North Carolina W 91-81,opponent_resolved_site_pending,,MATCHED,BOOTSTRAP_SAME_SOURCE_SEQUENCE
ASRT-MIZ-01802,CBBG-0001802,missouri,MIZ-HIST-01802,historical_media_guide,1988-1989,1988-11-25,Syracuse,syracuse,Syracuse,84,86,L,0,home_or_special_site_candidate,unknown,Hearnes Center,,,,,,REGULAR_SEASON,,36,Nov. 25 13 6 #Syracuse (OT) L 84-86,opponent_resolved_site_pending,,MATCHED,BOOTSTRAP_SAME_SOURCE_SEQUENCE
ASRT-MIZ-01803,CBBG-0001803,missouri,MIZ-HIST-01803,historical_media_guide,1988-1989,1988-11-28,Tennessee-Martin,ut-martin,UT Martin,97,55,W,0,home_or_special_site_candidate,unknown,Hearnes Center,,,,,,REGULAR_SEASON,,36,Nov. 28 13 - Tennessee-Martin W 97-55,opponent_resolved_site_pending,,MATCHED,BOOTSTRAP_SAME_SOURCE_SEQUENCE
ASRT-MIZ-01804,CBBG-0001804,missouri,MIZ-HIST-01804,historical_media_guide,1988-1989,1988-12-02,Temple,temple,Temple,91,74,W,0,home_or_special_site_candidate,unknown,,,,,"Diet Pepsi Tournament of Champions, Charlotte",,REGULAR_SEASON,,36,Dec. 2 8 17 *Temple W 91-74,opponent_resolved_site_pending,,MATCHED,BOOTSTRAP_SAME_SOURCE_SEQUENCE
ASRT-MIZ-01805,CBBG-0001805,missouri,MIZ-HIST-01805,historical_media_guide,1988-1989,1988-12-03,North Carolina,north-carolina,North Carolina,60,76,L,0,home_or_special_site_candidate,unknown,,,,,"Diet Pepsi Tournament of Champions, Charlotte",,REGULAR_SEASON,,36,Dec. 3 8 10 *North Carolina L 60-76,opponent_resolved_site_pending,,MATCHED,BOOTSTRAP_SAME_SOURCE_SEQUENCE
ASRT-MIZ-01806,CBBG-0001806,missouri,MIZ-HIST-01806,historical_media_guide,1988-1989,1988-12-07,Tulsa,tulsa,Tulsa,73,61,W,0,away_candidate,unknown,,,,,,,REGULAR_SEASON,,37,Dec. 7 11 - @ Tulsa W 73-61,opponent_resolved_site_pending,,MATCHED,BOOTSTRAP_SAME_SOURCE_SEQUENCE
ASRT-MIZ-01807,CBBG-0001807,missouri,MIZ-HIST-01807,historical_media_guide,1988-1989,1988-12-10,Memphis State,memphis,Memphis,86,74,W,0,home_or_special_site_candidate,unknown,Hearnes Center,,,,,,REGULAR_SEASON,,37,Dec. 10 11 - Memphis State W 86-74,opponent_resolved_site_pending,,MATCHED,BOOTSTRAP_SAME_SOURCE_SEQUENCE
ASRT-MIZ-01808,CBBG-0001808,missouri,MIZ-HIST-01808,historical_media_guide,1988-1989,1988-12-16,=E. Washington,eastern-washington,Eastern Washington,81,68,W,0,home_or_special_site_candidate,unknown,Hearnes Center,,,,,,REGULAR_SEASON,,37,Dec. 16 10 - =E. Washington W 81-68,opponent_resolved_site_pending,,MATCHED,BOOTSTRAP_SAME_SOURCE_SEQUENCE
ASRT-MIZ-01809,CBBG-0001809,missouri,MIZ-HIST-01809,historical_media_guide,1988-1989,1988-12-17,=Ohio,ohio,Ohio,113,85,W,0,home_or_special_site_candidate,unknown,Hearnes Center,,,,,,REGULAR_SEASON,,37,Dec. 17 10 - =Ohio W 113-85,opponent_resolved_site_pending,,MATCHED,BOOTSTRAP_SAME_SOURCE_SEQUENCE
ASRT-MIZ-01810,CBBG-0001810,missouri,MIZ-HIST-01810,historical_media_guide,1988-1989,1988-12-19,Illinois,illinois,Illinois,84,87,L,0,away_candidate,unknown,,,,,,,REGULAR_SEASON,,37,Dec. 19 10 6 @ Illinois L 84-87,opponent_resolved_site_pending,,MATCHED,BOOTSTRAP_SAME_SOURCE_SEQUENCE
ASRT-MIZ-01811,CBBG-0001811,missouri,MIZ-HIST-01811,historical_media_guide,1988-1989,1988-12-21,Southern,southern,Southern,114,96,W,0,home_or_special_site_candidate,unknown,Hearnes Center,,,,,,REGULAR_SEASON,,37,Dec. 21 10 - Southern W 114-96,opponent_resolved_site_pending,,MATCHED,BOOTSTRAP_SAME_SOURCE_SEQUENCE
ASRT-MIZ-01812,CBBG-0001812,missouri,MIZ-HIST-01812,historical_media_guide,1988-1989,1988-12-28,Arkansas,arkansas,Arkansas,83,78,W,0,home_or_special_site_candidate,unknown,Hearnes Center,,,,,,REGULAR_SEASON,,37,Dec. 28 11 - Arkansas W 83-78,opponent_resolved_site_pending,,MATCHED,BOOTSTRAP_SAME_SOURCE_SEQUENCE
ASRT-MIZ-01813,CBBG-0001813,missouri,MIZ-HIST-01813,historical_media_guide,1988-1989,1988-12-31,Morgan State,morgan-state,Morgan State,96,66,W,0,home_or_special_site_candidate,unknown,Hearnes Center,,,,,,REGULAR_SEASON,,37,Dec. 31 11 - Morgan State W 96-66,opponent_resolved_site_pending,,MATCHED,BOOTSTRAP_SAME_SOURCE_SEQUENCE
ASRT-MIZ-01814,CBBG-0001814,missouri,MIZ-HIST-01814,historical_media_guide,1988-1989,1989-01-07,Colorado,colorado,Colorado,84,75,W,0,away_candidate,unknown,,,,,,,REGULAR_SEASON,,37,Jan. 7 11 - @ Colorado W 84-75,opponent_resolved_site_pending,,MATCHED,BOOTSTRAP_SAME_SOURCE_SEQUENCE
ASRT-MIZ-01815,CBBG-0001815,missouri,MIZ-HIST-01815,historical_media_guide,1988-1989,1989-01-14,Iowa State,iowa-state,Iowa State,96,71,W,0,home_or_special_site_candidate,unknown,Hearnes Center,,,,,,REGULAR_SEASON,,37,Jan. 14 10 - Iowa State W 96-71,opponent_resolved_site_pending,,MATCHED,BOOTSTRAP_SAME_SOURCE_SEQUENCE
ASRT-MIZ-01816,CBBG-0001816,missouri,MIZ-HIST-01816,historical_media_guide,1988-1989,1989-01-16,Virginia Tech,virginia-tech,Virginia Tech,104,99,W,0,away_candidate,unknown,,,,,,,REGULAR_SEASON,,37,Jan. 16 10 - @ Virginia Tech W 104-99,opponent_resolved_site_pending,,MATCHED,BOOTSTRAP_SAME_SOURCE_SEQUENCE
ASRT-MIZ-01817,CBBG-0001817,missouri,MIZ-HIST-01817,historical_media_guide,1988-1989,1989-01-21,Oklahoma State,oklahoma-state,Oklahoma State,105,83,W,0,home_or_special_site_candidate,unknown,Hearnes Center,,,,,,REGULAR_SEASON,,37,Jan. 21 8 - Oklahoma State W 105-83,opponent_resolved_site_pending,,MATCHED,BOOTSTRAP_SAME_SOURCE_SEQUENCE
ASRT-MIZ-01818,CBBG-0001818,missouri,MIZ-HIST-01818,historical_media_guide,1988-1989,1989-01-24,Maryland,maryland,Maryland,87,73,W,0,away_candidate,unknown,,,,,,,REGULAR_SEASON,,37,Jan. 24 5 - @ Maryland W 87-73,opponent_resolved_site_pending,,MATCHED,BOOTSTRAP_SAME_SOURCE_SEQUENCE
ASRT-MIZ-01819,CBBG-0001819,missouri,MIZ-HIST-01819,historical_media_guide,1988-1989,1989-01-28,Nebraska,nebraska,Nebraska,89,72,W,0,away_candidate,unknown,,,,,,,REGULAR_SEASON,,37,Jan. 28 5 - @ Nebraska W 89-72,opponent_resolved_site_pending,,MATCHED,BOOTSTRAP_SAME_SOURCE_SEQUENCE
ASRT-MIZ-01820,CBBG-0001820,missouri,MIZ-HIST-01820,historical_media_guide,1988-1989,1989-02-01,Kansas,kansas,Kansas,91,66,W,0,away_candidate,unknown,,,,,,,REGULAR_SEASON,,37,Feb. 1 5 18 @ Kansas W 91-66,opponent_resolved_site_pending,,MATCHED,BOOTSTRAP_SAME_SOURCE_SEQUENCE
ASRT-MIZ-01821,CBBG-0001821,missouri,MIZ-HIST-01821,historical_media_guide,1988-1989,1989-02-04,Kansas State,kansas-state,Kansas State,73,68,W,0,home_or_special_site_candidate,unknown,Hearnes Center,,,,,,REGULAR_SEASON,,37,Feb. 4 5 - Kansas State W 73-68,opponent_resolved_site_pending,,MATCHED,BOOTSTRAP_SAME_SOURCE_SEQUENCE
ASRT-MIZ-01822,CBBG-0001822,missouri,MIZ-HIST-01822,historical_media_guide,1988-1989,1989-02-09,Oklahoma,oklahoma,Oklahoma,105,112,L,0,away_candidate,unknown,,,,,,,REGULAR_SEASON,,37,Feb. 9 3 5 @ Oklahoma L 105-112,opponent_resolved_site_pending,,MATCHED,BOOTSTRAP_SAME_SOURCE_SEQUENCE
ASRT-MIZ-01823,CBBG-0001823,missouri,MIZ-HIST-01823,historical_media_guide,1988-1989,1989-02-11,Kansas,kansas,Kansas,93,80,W,0,home_or_special_site_candidate,unknown,Hearnes Center,,,,,,REGULAR_SEASON,,37,Feb. 11 3 - Kansas W 93-80,opponent_resolved_site_pending,,MATCHED,BOOTSTRAP_SAME_SOURCE_SEQUENCE
ASRT-MIZ-01824,CBBG-0001824,missouri,MIZ-HIST-01824,historical_media_guide,1988-1989,1989-02-14,Iowa State,iowa-state,Iowa State,75,82,L,0,away_candidate,unknown,,,,,,,REGULAR_SEASON,,37,Feb. 14 3 - @ Iowa State L 75-82,opponent_resolved_site_pending,,MATCHED,BOOTSTRAP_SAME_SOURCE_SEQUENCE
ASRT-MIZ-01825,CBBG-0001825,missouri,MIZ-HIST-01825,historical_media_guide,1988-1989,1989-02-19,Nebraska,nebraska,Nebraska,79,63,W,0,home_or_special_site_candidate,unknown,Hearnes Center,,,,,,REGULAR_SEASON,,37,Feb. 19 3 - Nebraska W 79-63,opponent_resolved_site_pending,,MATCHED,BOOTSTRAP_SAME_SOURCE_SEQUENCE
ASRT-MIZ-01826,CBBG-0001826,missouri,MIZ-HIST-01826,historical_media_guide,1988-1989,1989-02-22,Oklahoma State,oklahoma-state,Oklahoma State,71,82,L,0,away_candidate,unknown,,,,,,,REGULAR_SEASON,,37,Feb. 22 7 - @ Oklahoma State L 71-82,opponent_resolved_site_pending,,MATCHED,BOOTSTRAP_SAME_SOURCE_SEQUENCE
ASRT-MIZ-01827,CBBG-0001827,missouri,MIZ-HIST-01827,historical_media_guide,1988-1989,1989-02-25,Oklahoma,oklahoma,Oklahoma,97,84,W,0,home_or_special_site_candidate,unknown,Hearnes Center,,,,,,REGULAR_SEASON,,37,Feb. 25 7 1 Oklahoma W 97-84,opponent_resolved_site_pending,,MATCHED,BOOTSTRAP_SAME_SOURCE_SEQUENCE
ASRT-MIZ-01828,CBBG-0001828,missouri,MIZ-HIST-01828,historical_media_guide,1988-1989,1989-03-01,Kansas State,kansas-state,Kansas State,75,76,L,0,away_candidate,unknown,,,,,,,REGULAR_SEASON,,37,Mar. 1 7 - @ Kansas State L 75-76,opponent_resolved_site_pending,,MATCHED,BOOTSTRAP_SAME_SOURCE_SEQUENCE
ASRT-MIZ-01829,CBBG-0001829,missouri,MIZ-HIST-01829,historical_media_guide,1988-1989,1989-03-04,Colorado,colorado,Colorado,66,65,W,0,home_or_special_site_candidate,unknown,Hearnes Center,,,,,,REGULAR_SEASON,,37,Mar. 4 7 - Colorado W 66-65,opponent_resolved_site_pending,,MATCHED,BOOTSTRAP_SAME_SOURCE_SEQUENCE
ASRT-MIZ-01830,CBBG-0001830,missouri,MIZ-HIST-01830,historical_media_guide,1988-1989,1989-03-10,Nebraska,nebraska,Nebraska,98,70,W,0,home_or_special_site_candidate,unknown,Kemper Arena,,,,"Big Eight Tournament, Kansas City",,CONFERENCE_TOURNAMENT,,37,Mar. 10 10 - %Nebraska W 98-70,opponent_resolved_site_pending,,MATCHED,BOOTSTRAP_SAME_SOURCE_SEQUENCE
ASRT-MIZ-01831,CBBG-0001831,missouri,MIZ-HIST-01831,historical_media_guide,1988-1989,1989-03-11,Kansas State,kansas-state,Kansas State,88,83,W,0,home_or_special_site_candidate,unknown,Kemper Arena,,,,"Big Eight Tournament, Kansas City",,CONFERENCE_TOURNAMENT,,37,Mar. 11 10 - %Kansas State W 88-83,opponent_resolved_site_pending,,MATCHED,BOOTSTRAP_SAME_SOURCE_SEQUENCE
ASRT-MIZ-01832,CBBG-0001832,missouri,MIZ-HIST-01832,historical_media_guide,1988-1989,1989-03-12,Oklahoma,oklahoma,Oklahoma,98,86,W,0,home_or_special_site_candidate,unknown,Kemper Arena,,,,"Big Eight Tournament, Kansas City",,CONFERENCE_TOURNAMENT,Championship,37,Mar. 12 10 2 %Oklahoma W 98-86,opponent_resolved_site_pending,,MATCHED,BOOTSTRAP_SAME_SOURCE_SEQUENCE
ASRT-MIZ-01833,CBBG-0001833,missouri,MIZ-HIST-01833,historical_media_guide,1988-1989,1989-03-17,$Creighton,creighton,Creighton,85,69,W,0,home_or_special_site_candidate,unknown,Hearnes Center,,,,,,NCAA_TOURNAMENT,R64,37,Mar. 17 6 - $Creighton W 85-69,opponent_resolved_site_pending,,MATCHED,BOOTSTRAP_SAME_SOURCE_SEQUENCE
ASRT-MIZ-01834,CBBG-0001834,missouri,MIZ-HIST-01834,historical_media_guide,1988-1989,1989-03-19,$Texas,texas,Texas,108,89,W,0,home_or_special_site_candidate,unknown,Hearnes Center,,,,,,NCAA_TOURNAMENT,R32,37,Mar. 19 6 - $Texas W 108-89,opponent_resolved_site_pending,,MATCHED,BOOTSTRAP_SAME_SOURCE_SEQUENCE
ASRT-MIZ-01835,CBBG-0001835,missouri,MIZ-HIST-01835,historical_media_guide,1988-1989,1989-03-24,Syracuse,syracuse,Syracuse,80,83,L,0,home_or_special_site_candidate,unknown,,,,,"NCAA Midwest Regional, Minneapolis",,NCAA_TOURNAMENT,Sweet Sixteen,37,Mar. 24 6 7 +Syracuse L 80-83,opponent_resolved_site_pending,,MATCHED,BOOTSTRAP_SAME_SOURCE_SEQUENCE
ASRT-MIZ-01836,CBBG-0001836,missouri,MIZ-HIST-01836,historical_media_guide,1989-1990,1989-11-24,$Evansville,evansville,Evansville,68,53,W,0,home_or_special_site_candidate,unknown,Hearnes Center,,,,,,REGULAR_SEASON,,37,Nov. 24 11 - $Evansville W 68-53,opponent_resolved_site_pending,,MATCHED,BOOTSTRAP_SAME_SOURCE_SEQUENCE
ASRT-MIZ-01837,CBBG-0001837,missouri,MIZ-HIST-01837,historical_media_guide,1989-1990,1989-11-25,$Louisville,louisville,Louisville,82,79,W,0,home_or_special_site_candidate,unknown,Hearnes Center,,,,,,REGULAR_SEASON,,37,Nov. 25 11 12 $Louisville W 82-79,opponent_resolved_site_pending,,MATCHED,BOOTSTRAP_SAME_SOURCE_SEQUENCE
ASRT-MIZ-01838,CBBG-0001838,missouri,MIZ-HIST-01838,historical_media_guide,1989-1990,1989-11-26,$North Carolina,north-carolina,North Carolina,80,73,W,0,home_or_special_site_candidate,unknown,Hearnes Center,,,,,,REGULAR_SEASON,,37,Nov. 26 11 7 $North Carolina W 80-73,opponent_resolved_site_pending,,MATCHED,BOOTSTRAP_SAME_SOURCE_SEQUENCE
ASRT-MIZ-01839,CBBG-0001839,missouri,MIZ-HIST-01839,historical_media_guide,1989-1990,1989-12-02,Tennessee-Martin,ut-martin,UT Martin,78,58,W,0,home_or_special_site_candidate,unknown,Hearnes Center,,,,,,REGULAR_SEASON,,37,Dec. 2 5 - Tennessee-Martin W 78-58,opponent_resolved_site_pending,,MATCHED,BOOTSTRAP_SAME_SOURCE_SEQUENCE
ASRT-MIZ-01840,CBBG-0001840,missouri,MIZ-HIST-01840,historical_media_guide,1989-1990,1989-12-04,Creighton,creighton,Creighton,86,79,W,0,home_or_special_site_candidate,unknown,Hearnes Center,,,,,,REGULAR_SEASON,,37,Dec. 4 5 - Creighton W 86-79,opponent_resolved_site_pending,,MATCHED,BOOTSTRAP_SAME_SOURCE_SEQUENCE
ASRT-MIZ-01841,CBBG-0001841,missouri,MIZ-HIST-01841,historical_media_guide,1989-1990,1989-12-06,Hawaii-Loa,hawaii-loa,Hawaii Loa,106,48,W,0,home_or_special_site_candidate,unknown,Hearnes Center,,,,,,REGULAR_SEASON,,37,Dec. 6 4 - Hawaii-Loa W 106-48,opponent_resolved_site_pending,,MATCHED,BOOTSTRAP_SAME_SOURCE_SEQUENCE
ASRT-MIZ-01842,CBBG-0001842,missouri,MIZ-HIST-01842,historical_media_guide,1989-1990,1989-12-09,Old Dominion,old-dominion,Old Dominion,88,75,W,0,away_candidate,unknown,,,,,,,REGULAR_SEASON,,37,Dec. 9 4 - @ Old Dominion W 88-75,opponent_resolved_site_pending,,MATCHED,BOOTSTRAP_SAME_SOURCE_SEQUENCE
ASRT-MIZ-01843,CBBG-0001843,missouri,MIZ-HIST-01843,historical_media_guide,1989-1990,1989-12-13,Arkansas,arkansas,Arkansas,89,88,W,0,away_candidate,unknown,,,,,,,REGULAR_SEASON,,37,Dec. 13 4 7 @ Arkansas W 89-88,opponent_resolved_site_pending,,MATCHED,BOOTSTRAP_SAME_SOURCE_SEQUENCE
ASRT-MIZ-01844,CBBG-0001844,missouri,MIZ-HIST-01844,historical_media_guide,1989-1990,1989-12-16,Bradley,bradley,Bradley,86,77,W,0,home_or_special_site_candidate,unknown,Hearnes Center,,,,,,REGULAR_SEASON,,37,Dec. 16 4 - Bradley W 86-77,opponent_resolved_site_pending,,MATCHED,BOOTSTRAP_SAME_SOURCE_SEQUENCE
ASRT-MIZ-01845,CBBG-0001845,missouri,MIZ-HIST-01845,historical_media_guide,1989-1990,1989-12-20,Illinois,illinois,Illinois,93,101,L,0,away_candidate,unknown,,,,,,,REGULAR_SEASON,,37,Dec. 20 4 5 @ Illinois L 93-101,opponent_resolved_site_pending,,MATCHED,BOOTSTRAP_SAME_SOURCE_SEQUENCE
ASRT-MIZ-01846,CBBG-0001846,missouri,MIZ-HIST-01846,historical_media_guide,1989-1990,1989-12-27,Memphis State,memphis,Memphis,71,65,W,0,away_candidate,unknown,,,,,,,REGULAR_SEASON,,37,Dec. 27 7 15 @ Memphis State W 71-65,opponent_resolved_site_pending,,MATCHED,BOOTSTRAP_SAME_SOURCE_SEQUENCE
ASRT-MIZ-01847,CBBG-0001847,missouri,MIZ-HIST-01847,historical_media_guide,1989-1990,1989-12-30,Nebraska-Kearney,nebreaska-kearney,Nebreaska Kearney,119,88,W,0,home_or_special_site_candidate,unknown,Hearnes Center,,,,,,REGULAR_SEASON,,37,Dec. 30 7 - Nebraska-Kearney W 119-88,opponent_resolved_site_pending,,MATCHED,BOOTSTRAP_SAME_SOURCE_SEQUENCE
ASRT-MIZ-01848,CBBG-0001848,missouri,MIZ-HIST-01848,historical_media_guide,1989-1990,1990-01-02,Austin Peay State,austin-peay,Austin Peay,84,48,W,0,home_or_special_site_candidate,unknown,Hearnes Center,,,,,,REGULAR_SEASON,,37,Jan. 2 7 - Austin Peay State W 84-48,opponent_resolved_site_pending,,MATCHED,BOOTSTRAP_SAME_SOURCE_SEQUENCE
ASRT-MIZ-01849,CBBG-0001849,missouri,MIZ-HIST-01849,historical_media_guide,1989-1990,1990-01-06,Oklahoma State,oklahoma-state,Oklahoma State,78,68,W,0,home_or_special_site_candidate,unknown,Hearnes Center,,,,,,REGULAR_SEASON,,37,Jan. 6 7 - Oklahoma State W 78-68,opponent_resolved_site_pending,,MATCHED,BOOTSTRAP_SAME_SOURCE_SEQUENCE
ASRT-MIZ-01850,CBBG-0001850,missouri,MIZ-HIST-01850,historical_media_guide,1989-1990,1990-01-10,Southern,southern,Southern,106,87,W,0,home_or_special_site_candidate,unknown,Hearnes Center,,,,,,REGULAR_SEASON,,37,Jan. 10 5 - Southern W 106-87,opponent_resolved_site_pending,,MATCHED,BOOTSTRAP_SAME_SOURCE_SEQUENCE
ASRT-MIZ-01851,CBBG-0001851,missouri,MIZ-HIST-01851,historical_media_guide,1989-1990,1990-01-13,Nebraska,nebraska,Nebraska,111,95,W,0,away_candidate,unknown,,,,,,,REGULAR_SEASON,,37,Jan. 13 5 - @ Nebraska W 111-95,opponent_resolved_site_pending,,MATCHED,BOOTSTRAP_SAME_SOURCE_SEQUENCE
ASRT-MIZ-01852,CBBG-0001852,missouri,MIZ-HIST-01852,historical_media_guide,1989-1990,1990-01-16,Oklahoma State,oklahoma-state,Oklahoma State,72,71,W,0,away_candidate,unknown,,,,,,,REGULAR_SEASON,,37,Jan. 16 4 - @ Oklahoma State W 72-71,opponent_resolved_site_pending,,MATCHED,BOOTSTRAP_SAME_SOURCE_SEQUENCE
ASRT-MIZ-01853,CBBG-0001853,missouri,MIZ-HIST-01853,historical_media_guide,1989-1990,1990-01-20,Kansas,kansas,Kansas,95,87,W,0,home_or_special_site_candidate,unknown,Hearnes Center,,,,,,REGULAR_SEASON,,37,Jan. 20 4 1 Kansas W 95-87,opponent_resolved_site_pending,,MATCHED,BOOTSTRAP_SAME_SOURCE_SEQUENCE
ASRT-MIZ-01854,CBBG-0001854,missouri,MIZ-HIST-01854,historical_media_guide,1989-1990,1990-01-23,Rutgers,rutgers,Rutgers,89,84,W,0,home_or_special_site_candidate,unknown,Hearnes Center,,,,,,REGULAR_SEASON,,37,Jan. 23 1 - Rutgers W 89-84,opponent_resolved_site_pending,,MATCHED,BOOTSTRAP_SAME_SOURCE_SEQUENCE
ASRT-MIZ-01855,CBBG-0001855,missouri,MIZ-HIST-01855,historical_media_guide,1989-1990,1990-01-27,Colorado,colorado,Colorado,104,89,W,0,away_candidate,unknown,,,,,,,REGULAR_SEASON,,37,Jan. 27 1 - @ Colorado W 104-89,opponent_resolved_site_pending,,MATCHED,BOOTSTRAP_SAME_SOURCE_SEQUENCE
ASRT-MIZ-01856,CBBG-0001856,missouri,MIZ-HIST-01856,historical_media_guide,1989-1990,1990-01-31,Iowa State,iowa-state,Iowa State,95,93,W,0,away_candidate,unknown,,,,,,,REGULAR_SEASON,,37,Jan. 31 1 - @ Iowa State W 95-93,opponent_resolved_site_pending,,MATCHED,BOOTSTRAP_SAME_SOURCE_SEQUENCE
ASRT-MIZ-01857,CBBG-0001857,missouri,MIZ-HIST-01857,historical_media_guide,1989-1990,1990-02-04,Colorado,colorado,Colorado,93,69,W,0,home_or_special_site_candidate,unknown,Hearnes Center,,,,,,REGULAR_SEASON,,37,Feb. 4 1 - Colorado W 93-69,opponent_resolved_site_pending,,MATCHED,BOOTSTRAP_SAME_SOURCE_SEQUENCE
ASRT-MIZ-01858,CBBG-0001858,missouri,MIZ-HIST-01858,historical_media_guide,1989-1990,1990-02-08,Kansas State,kansas-state,Kansas State,58,65,L,0,away_candidate,unknown,,,,,,,REGULAR_SEASON,,37,Feb. 8 1 - @ Kansas State L 58-65,opponent_resolved_site_pending,,MATCHED,BOOTSTRAP_SAME_SOURCE_SEQUENCE
ASRT-MIZ-01859,CBBG-0001859,missouri,MIZ-HIST-01859,historical_media_guide,1989-1990,1990-02-10,Nebraska,nebraska,Nebraska,107,85,W,0,home_or_special_site_candidate,unknown,Hearnes Center,,,,,,REGULAR_SEASON,,37,Feb. 10 1 - Nebraska W 107-85,opponent_resolved_site_pending,,MATCHED,BOOTSTRAP_SAME_SOURCE_SEQUENCE
ASRT-MIZ-01860,CBBG-0001860,missouri,MIZ-HIST-01860,historical_media_guide,1989-1990,1990-02-13,Kansas,kansas,Kansas,77,71,W,0,away_candidate,unknown,,,,,,,REGULAR_SEASON,,37,Feb. 13 2 1 @ Kansas W 77-71,opponent_resolved_site_pending,,MATCHED,BOOTSTRAP_SAME_SOURCE_SEQUENCE
ASRT-MIZ-01861,CBBG-0001861,missouri,MIZ-HIST-01861,historical_media_guide,1989-1990,1990-02-18,Oklahoma,oklahoma,Oklahoma,92,90,W,0,home_or_special_site_candidate,unknown,Hearnes Center,,,,,,REGULAR_SEASON,,37,Feb. 18 2 11 Oklahoma W 92-90,opponent_resolved_site_pending,,MATCHED,BOOTSTRAP_SAME_SOURCE_SEQUENCE
ASRT-MIZ-01862,CBBG-0001862,missouri,MIZ-HIST-01862,historical_media_guide,1989-1990,1990-02-21,Iowa State,iowa-state,Iowa State,89,85,W,0,home_or_special_site_candidate,unknown,Hearnes Center,,,,,,REGULAR_SEASON,,37,Feb. 21 1 - Iowa State W 89-85,opponent_resolved_site_pending,,MATCHED,BOOTSTRAP_SAME_SOURCE_SEQUENCE
ASRT-MIZ-01863,CBBG-0001863,missouri,MIZ-HIST-01863,historical_media_guide,1989-1990,1990-02-25,Oklahoma,oklahoma,Oklahoma,90,107,L,0,away_candidate,unknown,,,,,,,REGULAR_SEASON,,37,Feb. 25 1 10 @ Oklahoma L 90-107,opponent_resolved_site_pending,,MATCHED,BOOTSTRAP_SAME_SOURCE_SEQUENCE
ASRT-MIZ-01864,CBBG-0001864,missouri,MIZ-HIST-01864,historical_media_guide,1989-1990,1990-02-28,Kansas State,kansas-state,Kansas State,65,60,W,0,home_or_special_site_candidate,unknown,Hearnes Center,,,,,,REGULAR_SEASON,,37,Feb. 28 3 - Kansas State W 65-60,opponent_resolved_site_pending,,MATCHED,BOOTSTRAP_SAME_SOURCE_SEQUENCE
ASRT-MIZ-01865,CBBG-0001865,missouri,MIZ-HIST-01865,historical_media_guide,1989-1990,1990-03-03,Notre Dame,notre-dame,Notre Dame,67,98,L,0,away_candidate,unknown,,,,,,,REGULAR_SEASON,,37,Mar. 3 3 - @ Notre Dame L 67-98,opponent_resolved_site_pending,,MATCHED,BOOTSTRAP_SAME_SOURCE_SEQUENCE
ASRT-MIZ-01866,CBBG-0001866,missouri,MIZ-HIST-01866,historical_media_guide,1989-1990,1990-03-09,Colorado,colorado,Colorado,88,92,L,0,home_or_special_site_candidate,unknown,Kemper Arena,,,,"Big Eight Tournament, Kansas City",,CONFERENCE_TOURNAMENT,,37,Mar. 9 6 - %Colorado (OT) L 88-92,opponent_resolved_site_pending,,MATCHED,BOOTSTRAP_SAME_SOURCE_SEQUENCE
ASRT-MIZ-01867,CBBG-0001867,missouri,MIZ-HIST-01867,historical_media_guide,1989-1990,1990-03-16,Northern Iowa,northern-iowa,Northern Iowa,71,74,L,0,home_or_special_site_candidate,unknown,,,,,"NCAA East First Round, Richmond",,NCAA_TOURNAMENT,R64,37,Mar. 16 11 - +Northern Iowa L 71-74,opponent_resolved_site_pending,,MATCHED,BOOTSTRAP_SAME_SOURCE_SEQUENCE
ASRT-MIZ-01868,CBBG-0001868,missouri,MIZ-HIST-01868,historical_media_guide,1990-1991,1990-11-27,Rutgers,rutgers,Rutgers,60,68,L,0,away_candidate,unknown,,,,,,,REGULAR_SEASON,,37,Nov. 27 23 - @ Rutgers L 60-68,opponent_resolved_site_pending,,MATCHED,BOOTSTRAP_SAME_SOURCE_SEQUENCE
ASRT-MIZ-01869,CBBG-0001869,missouri,MIZ-HIST-01869,historical_media_guide,1990-1991,1990-11-29,Florida A&M,florida-a-m,Florida A&M,81,52,W,0,home_or_special_site_candidate,unknown,Hearnes Center,,,,,,REGULAR_SEASON,,37,Nov. 29 23 - Florida A&M W 81-52,opponent_resolved_site_pending,,MATCHED,BOOTSTRAP_SAME_SOURCE_SEQUENCE
ASRT-MIZ-01870,CBBG-0001870,missouri,MIZ-HIST-01870,historical_media_guide,1990-1991,1990-12-01,Oregon,oregon,Oregon,65,58,W,0,home_or_special_site_candidate,unknown,Hearnes Center,,,,,,REGULAR_SEASON,,37,Dec. 1 23 - Oregon W 65-58,opponent_resolved_site_pending,,MATCHED,BOOTSTRAP_SAME_SOURCE_SEQUENCE
ASRT-MIZ-01871,CBBG-0001871,missouri,MIZ-HIST-01871,historical_media_guide,1990-1991,1990-12-04,Creighton,creighton,Creighton,68,74,L,0,away_candidate,unknown,,,,,,,REGULAR_SEASON,,37,Dec. 4 - - @ Creighton L 68-74,opponent_resolved_site_pending,,MATCHED,BOOTSTRAP_SAME_SOURCE_SEQUENCE
ASRT-MIZ-01872,CBBG-0001872,missouri,MIZ-HIST-01872,historical_media_guide,1990-1991,1990-12-08,Arkansas,arkansas,Arkansas,82,95,L,0,home_or_special_site_candidate,unknown,Hearnes Center,,,,,,REGULAR_SEASON,,37,Dec. 8 - 3 Arkansas L 82-95,opponent_resolved_site_pending,,MATCHED,BOOTSTRAP_SAME_SOURCE_SEQUENCE
ASRT-MIZ-01873,CBBG-0001873,missouri,MIZ-HIST-01873,historical_media_guide,1990-1991,1990-12-12,Bradley,bradley,Bradley,76,60,W,0,away_candidate,unknown,,,,,,,REGULAR_SEASON,,37,Dec. 12 - - @ Bradley W 76-60,opponent_resolved_site_pending,,MATCHED,BOOTSTRAP_SAME_SOURCE_SEQUENCE
ASRT-MIZ-01874,CBBG-0001874,missouri,MIZ-HIST-01874,historical_media_guide,1990-1991,1990-12-19,Illinois,illinois,Illinois,81,84,L,0,away_candidate,unknown,,,,,,,REGULAR_SEASON,,37,Dec. 19 - - @ Illinois L 81-84,opponent_resolved_site_pending,,MATCHED,BOOTSTRAP_SAME_SOURCE_SEQUENCE
ASRT-MIZ-01875,CBBG-0001875,missouri,MIZ-HIST-01875,historical_media_guide,1990-1991,1990-12-22,Grambling State,grambling,Grambling,90,51,W,0,home_or_special_site_candidate,unknown,Hearnes Center,,,,,,REGULAR_SEASON,,37,Dec. 22 - - Grambling State W 90-51,opponent_resolved_site_pending,,MATCHED,BOOTSTRAP_SAME_SOURCE_SEQUENCE
ASRT-MIZ-01876,CBBG-0001876,missouri,MIZ-HIST-01876,historical_media_guide,1990-1991,1990-12-30,UT-Pan American,utrgv,UTRGV,75,56,W,0,home_or_special_site_candidate,unknown,Hearnes Center,,,,,,REGULAR_SEASON,,37,Dec. 30 - - UT-Pan American W 75-56,opponent_resolved_site_pending,,MATCHED,BOOTSTRAP_SAME_SOURCE_SEQUENCE
ASRT-MIZ-01877,CBBG-0001877,missouri,MIZ-HIST-01877,historical_media_guide,1990-1991,1991-01-02,Memphis State,memphis,Memphis,96,82,W,0,home_or_special_site_candidate,unknown,Hearnes Center,,,,,,REGULAR_SEASON,,37,Jan. 2 - - Memphis State W 96-82,opponent_resolved_site_pending,,MATCHED,BOOTSTRAP_SAME_SOURCE_SEQUENCE
ASRT-MIZ-01878,CBBG-0001878,missouri,MIZ-HIST-01878,historical_media_guide,1990-1991,1991-01-05,Oklahoma St.,oklahoma-state,Oklahoma State,80,79,W,0,home_or_special_site_candidate,unknown,Hearnes Center,,,,,,REGULAR_SEASON,,37,Jan. 5 - - Oklahoma St. (OT) W 80-79,opponent_resolved_site_pending,,MATCHED,BOOTSTRAP_SAME_SOURCE_SEQUENCE
ASRT-MIZ-01879,CBBG-0001879,missouri,MIZ-HIST-01879,historical_media_guide,1990-1991,1991-01-09,Prairie View A&M,prairie-view-a-m,Prairie View A&M,118,66,W,0,home_or_special_site_candidate,unknown,Hearnes Center,,,,,,REGULAR_SEASON,,37,Jan. 9 - - Prairie View A&M W 118-66,opponent_resolved_site_pending,,MATCHED,BOOTSTRAP_SAME_SOURCE_SEQUENCE
ASRT-MIZ-01880,CBBG-0001880,missouri,MIZ-HIST-01880,historical_media_guide,1990-1991,1991-01-12,Kansas State,kansas-state,Kansas State,62,60,W,0,home_or_special_site_candidate,unknown,Hearnes Center,,,,,,REGULAR_SEASON,,37,Jan. 12 - - Kansas State W 62-60,opponent_resolved_site_pending,,MATCHED,BOOTSTRAP_SAME_SOURCE_SEQUENCE
ASRT-MIZ-01881,CBBG-0001881,missouri,MIZ-HIST-01881,historical_media_guide,1990-1991,1991-01-15,Oklahoma,oklahoma,Oklahoma,80,72,W,0,home_or_special_site_candidate,unknown,Hearnes Center,,,,,,REGULAR_SEASON,,37,Jan. 15 - 11 Oklahoma W 80-72,opponent_resolved_site_pending,,MATCHED,BOOTSTRAP_SAME_SOURCE_SEQUENCE
ASRT-MIZ-01882,CBBG-0001882,missouri,MIZ-HIST-01882,historical_media_guide,1990-1991,1991-01-19,Kansas,kansas,Kansas,64,91,L,0,away_candidate,unknown,,,,,,,REGULAR_SEASON,,37,Jan. 19 - - @ Kansas L 64-91,opponent_resolved_site_pending,,MATCHED,BOOTSTRAP_SAME_SOURCE_SEQUENCE
ASRT-MIZ-01883,CBBG-0001883,missouri,MIZ-HIST-01883,historical_media_guide,1990-1991,1991-01-22,Alaska-Fairbanks,alaska-fairbanks,Alaska Fairbanks,125,72,W,0,home_or_special_site_candidate,unknown,Hearnes Center,,,,,,REGULAR_SEASON,,37,Jan. 22 - - Alaska-Fairbanks W 125-72,opponent_resolved_site_pending,,MATCHED,BOOTSTRAP_SAME_SOURCE_SEQUENCE
ASRT-MIZ-01884,CBBG-0001884,missouri,MIZ-HIST-01884,historical_media_guide,1990-1991,1991-01-26,Iowa State,iowa-state,Iowa State,82,78,W,0,home_or_special_site_candidate,unknown,Hearnes Center,,,,,,REGULAR_SEASON,,37,Jan. 26 - - Iowa State W 82-78,opponent_resolved_site_pending,,MATCHED,BOOTSTRAP_SAME_SOURCE_SEQUENCE
ASRT-MIZ-01885,CBBG-0001885,missouri,MIZ-HIST-01885,historical_media_guide,1990-1991,1991-01-30,Nebraska,nebraska,Nebraska,75,89,L,0,away_candidate,unknown,,,,,,,REGULAR_SEASON,,37,Jan. 30 - 11 @ Nebraska L 75-89,opponent_resolved_site_pending,,MATCHED,BOOTSTRAP_SAME_SOURCE_SEQUENCE
ASRT-MIZ-01886,CBBG-0001886,missouri,MIZ-HIST-01886,historical_media_guide,1990-1991,1991-02-02,Oklahoma,oklahoma,Oklahoma,87,95,L,0,away_candidate,unknown,,,,,,,REGULAR_SEASON,,37,Feb. 2 - 21 @ Oklahoma L 87-95,opponent_resolved_site_pending,,MATCHED,BOOTSTRAP_SAME_SOURCE_SEQUENCE
ASRT-MIZ-01887,CBBG-0001887,missouri,MIZ-HIST-01887,historical_media_guide,1990-1991,1991-02-06,Colorado,colorado,Colorado,75,67,W,0,away_candidate,unknown,,,,,,,REGULAR_SEASON,,37,Feb. 6 - - @ Colorado (OT) W 75-67,opponent_resolved_site_pending,,MATCHED,BOOTSTRAP_SAME_SOURCE_SEQUENCE
ASRT-MIZ-01888,CBBG-0001888,missouri,MIZ-HIST-01888,historical_media_guide,1990-1991,1991-02-12,Kansas,kansas,Kansas,70,74,L,0,home_or_special_site_candidate,unknown,Hearnes Center,,,,,,REGULAR_SEASON,,37,Feb. 12 - 11 Kansas L 70-74,opponent_resolved_site_pending,,MATCHED,BOOTSTRAP_SAME_SOURCE_SEQUENCE
ASRT-MIZ-01889,CBBG-0001889,missouri,MIZ-HIST-01889,historical_media_guide,1990-1991,1991-02-16,Oklahoma State,oklahoma-state,Oklahoma State,56,71,L,0,away_candidate,unknown,,,,,,,REGULAR_SEASON,,37,Feb. 16 - 21 @ Oklahoma State L 56-71,opponent_resolved_site_pending,,MATCHED,BOOTSTRAP_SAME_SOURCE_SEQUENCE
ASRT-MIZ-01890,CBBG-0001890,missouri,MIZ-HIST-01890,historical_media_guide,1990-1991,1991-02-20,Nebraska,nebraska,Nebraska,91,71,W,0,home_or_special_site_candidate,unknown,Hearnes Center,,,,,,REGULAR_SEASON,,37,Feb. 20 - 14 Nebraska W 91-71,opponent_resolved_site_pending,,MATCHED,BOOTSTRAP_SAME_SOURCE_SEQUENCE
ASRT-MIZ-01891,CBBG-0001891,missouri,MIZ-HIST-01891,historical_media_guide,1990-1991,1991-02-23,Iowa State,iowa-state,Iowa State,76,89,L,0,away_candidate,unknown,,,,,,,REGULAR_SEASON,,37,Feb. 23 - - @ Iowa State L 76-89,opponent_resolved_site_pending,,MATCHED,BOOTSTRAP_SAME_SOURCE_SEQUENCE
ASRT-MIZ-01892,CBBG-0001892,missouri,MIZ-HIST-01892,historical_media_guide,1990-1991,1991-02-27,Kansas State,kansas-state,Kansas State,84,75,W,0,away_candidate,unknown,,,,,,,REGULAR_SEASON,,37,Feb. 27 - - @ Kansas State W 84-75,opponent_resolved_site_pending,,MATCHED,BOOTSTRAP_SAME_SOURCE_SEQUENCE
ASRT-MIZ-01893,CBBG-0001893,missouri,MIZ-HIST-01893,historical_media_guide,1990-1991,1991-03-02,Colorado,colorado,Colorado,76,51,W,0,home_or_special_site_candidate,unknown,Hearnes Center,,,,,,REGULAR_SEASON,,37,Mar. 2 - - Colorado W 76-51,opponent_resolved_site_pending,,MATCHED,BOOTSTRAP_SAME_SOURCE_SEQUENCE
ASRT-MIZ-01894,CBBG-0001894,missouri,MIZ-HIST-01894,historical_media_guide,1990-1991,1991-03-04,Notre Dame,notre-dame,Notre Dame,84,54,W,0,home_or_special_site_candidate,unknown,Hearnes Center,,,,,,REGULAR_SEASON,,37,Mar. 4 - - Notre Dame W 84-54,opponent_resolved_site_pending,,MATCHED,BOOTSTRAP_SAME_SOURCE_SEQUENCE
ASRT-MIZ-01895,CBBG-0001895,missouri,MIZ-HIST-01895,historical_media_guide,1990-1991,1991-03-08,Iowa State,iowa-state,Iowa State,97,81,W,0,home_or_special_site_candidate,unknown,Kemper Arena,,,,"Big Eight Tournament, Kansas City",,CONFERENCE_TOURNAMENT,,37,Mar. 8 - - %Iowa State W 97-81,opponent_resolved_site_pending,,MATCHED,BOOTSTRAP_SAME_SOURCE_SEQUENCE
ASRT-MIZ-01896,CBBG-0001896,missouri,MIZ-HIST-01896,historical_media_guide,1990-1991,1991-03-09,Okla. St.,oklahoma-state,Oklahoma State,94,92,W,0,home_or_special_site_candidate,unknown,Kemper Arena,,,,"Big Eight Tournament, Kansas City",,CONFERENCE_TOURNAMENT,,37,Mar. 9 - 12 %Okla. St. (2OT) W 94-92,opponent_resolved_site_pending,,MATCHED,BOOTSTRAP_SAME_SOURCE_SEQUENCE
ASRT-MIZ-01897,CBBG-0001897,missouri,MIZ-HIST-01897,historical_media_guide,1990-1991,1991-03-10,Nebraska,nebraska,Nebraska,90,82,W,0,home_or_special_site_candidate,unknown,Kemper Arena,,,,"Big Eight Tournament, Kansas City",,CONFERENCE_TOURNAMENT,Championship,37,Mar. 10 - 13 %Nebraska W 90-82,opponent_resolved_site_pending,,MATCHED,BOOTSTRAP_SAME_SOURCE_SEQUENCE
ASRT-MIZ-01898,CBBG-0001898,missouri,MIZ-HIST-01898,historical_media_guide,1991-1992,1991-11-25,Canisius,canisius,Canisius,72,42,W,0,home_or_special_site_candidate,unknown,Hearnes Center,,,,,,REGULAR_SEASON,,37,Nov. 25 - - Canisius W 72-42,opponent_resolved_site_pending,,MATCHED,BOOTSTRAP_SAME_SOURCE_SEQUENCE
ASRT-MIZ-01899,CBBG-0001899,missouri,MIZ-HIST-01899,historical_media_guide,1991-1992,1991-11-30,Texas A&M,texas-a-m,Texas A&M,77,47,W,0,home_or_special_site_candidate,unknown,Hearnes Center,,,,,,REGULAR_SEASON,,37,Nov. 30 - - Texas A&M W 77-47,opponent_resolved_site_pending,,MATCHED,BOOTSTRAP_SAME_SOURCE_SEQUENCE
ASRT-MIZ-01900,CBBG-0001900,missouri,MIZ-HIST-01900,historical_media_guide,1991-1992,1991-12-03,Florida A&M,florida-a-m,Florida A&M,86,61,W,0,home_or_special_site_candidate,unknown,Hearnes Center,,,,,,REGULAR_SEASON,,37,Dec. 3 - - Florida A&M W 86-61,opponent_resolved_site_pending,,MATCHED,BOOTSTRAP_SAME_SOURCE_SEQUENCE
ASRT-MIZ-01901,CBBG-0001901,missouri,MIZ-HIST-01901,historical_media_guide,1991-1992,1991-12-07,Arkansas,arkansas,Arkansas,87,76,W,0,away_candidate,unknown,,,,,,,REGULAR_SEASON,,37,Dec. 7 - 11 @ Arkansas W 87-76,opponent_resolved_site_pending,,MATCHED,BOOTSTRAP_SAME_SOURCE_SEQUENCE
ASRT-MIZ-01902,CBBG-0001902,missouri,MIZ-HIST-01902,historical_media_guide,1991-1992,1991-12-11,Nebraska-Kearney,nebreaska-kearney,Nebreaska Kearney,113,67,W,0,home_or_special_site_candidate,unknown,Hearnes Center,,,,,,REGULAR_SEASON,,37,Dec. 11 21 - Nebraska-Kearney W 113-67,opponent_resolved_site_pending,,MATCHED,BOOTSTRAP_SAME_SOURCE_SEQUENCE
ASRT-MIZ-01903,CBBG-0001903,missouri,MIZ-HIST-01903,historical_media_guide,1991-1992,1991-12-14,Nevada-Las Vegas,unlv,UNLV,90,78,W,0,home_or_special_site_candidate,unknown,Hearnes Center,,,,,,REGULAR_SEASON,,37,Dec. 14 21 - Nevada-Las Vegas W 90-78,opponent_resolved_site_pending,,MATCHED,BOOTSTRAP_SAME_SOURCE_SEQUENCE
ASRT-MIZ-01904,CBBG-0001904,missouri,MIZ-HIST-01904,historical_media_guide,1991-1992,1991-12-21,Jackson State,jackson-state,Jackson State,99,76,W,0,home_or_special_site_candidate,unknown,Hearnes Center,,,,,,REGULAR_SEASON,,37,Dec. 21 17 - Jackson State W 99-76,opponent_resolved_site_pending,,MATCHED,BOOTSTRAP_SAME_SOURCE_SEQUENCE
ASRT-MIZ-01905,CBBG-0001905,missouri,MIZ-HIST-01905,historical_media_guide,1991-1992,1991-12-23,Illinois,illinois,Illinois,61,44,W,0,away_candidate,unknown,,,,,,,REGULAR_SEASON,,37,Dec. 23 16 - @ Illinois W 61-44,opponent_resolved_site_pending,,MATCHED,BOOTSTRAP_SAME_SOURCE_SEQUENCE
ASRT-MIZ-01906,CBBG-0001906,missouri,MIZ-HIST-01906,historical_media_guide,1991-1992,1991-12-28,Murray State,murray-state,Murray State,92,52,W,0,home_or_special_site_candidate,unknown,Hearnes Center,,,,,,REGULAR_SEASON,,37,Dec. 28 16 - Murray State W 92-52,opponent_resolved_site_pending,,MATCHED,BOOTSTRAP_SAME_SOURCE_SEQUENCE
ASRT-MIZ-01907,CBBG-0001907,missouri,MIZ-HIST-01907,historical_media_guide,1991-1992,1991-12-30,Eastern Illinois,eastern-illinois,Eastern Illinois,83,56,W,0,home_or_special_site_candidate,unknown,Hearnes Center,,,,,,REGULAR_SEASON,,37,Dec. 30 13 - Eastern Illinois W 83-56,opponent_resolved_site_pending,,MATCHED,BOOTSTRAP_SAME_SOURCE_SEQUENCE
ASRT-MIZ-01908,CBBG-0001908,missouri,MIZ-HIST-01908,historical_media_guide,1991-1992,1992-01-04,Oregon,oregon,Oregon,79,58,W,0,away_candidate,unknown,,,,,,,REGULAR_SEASON,,37,Jan. 4 13 - @ Oregon W 79-58,opponent_resolved_site_pending,,MATCHED,BOOTSTRAP_SAME_SOURCE_SEQUENCE
ASRT-MIZ-01909,CBBG-0001909,missouri,MIZ-HIST-01909,historical_media_guide,1991-1992,1992-01-08,Memphis State,memphis,Memphis,78,89,L,0,away_candidate,unknown,,,,,,,REGULAR_SEASON,,38,Jan. 8 12 - @ Memphis State L 78-89,opponent_resolved_site_pending,,MATCHED,BOOTSTRAP_SAME_SOURCE_SEQUENCE
ASRT-MIZ-01910,CBBG-0001910,missouri,MIZ-HIST-01910,historical_media_guide,1991-1992,1992-01-13,Kansas,kansas,Kansas,80,92,L,0,home_or_special_site_candidate,unknown,Hearnes Center,,,,,,REGULAR_SEASON,,38,Jan. 13 13 6 Kansas (OT) L 80-92,opponent_resolved_site_pending,,MATCHED,BOOTSTRAP_SAME_SOURCE_SEQUENCE
ASRT-MIZ-01911,CBBG-0001911,missouri,MIZ-HIST-01911,historical_media_guide,1991-1992,1992-01-18,Nebraska,nebraska,Nebraska,83,73,W,0,away_candidate,unknown,,,,,,,REGULAR_SEASON,,38,Jan. 18 13 - @ Nebraska W 83-73,opponent_resolved_site_pending,,MATCHED,BOOTSTRAP_SAME_SOURCE_SEQUENCE
ASRT-MIZ-01912,CBBG-0001912,missouri,MIZ-HIST-01912,historical_media_guide,1991-1992,1992-01-23,Notre Dame,notre-dame,Notre Dame,77,68,W,0,away_candidate,unknown,,,,,,,REGULAR_SEASON,,38,Jan. 23 12 - @ Notre Dame W 77-68,opponent_resolved_site_pending,,MATCHED,BOOTSTRAP_SAME_SOURCE_SEQUENCE
ASRT-MIZ-01913,CBBG-0001913,missouri,MIZ-HIST-01913,historical_media_guide,1991-1992,1992-01-25,Colorado,colorado,Colorado,69,52,W,0,home_or_special_site_candidate,unknown,Hearnes Center,,,,,,REGULAR_SEASON,,38,Jan. 25 12 - Colorado W 69-52,opponent_resolved_site_pending,,MATCHED,BOOTSTRAP_SAME_SOURCE_SEQUENCE
ASRT-MIZ-01914,CBBG-0001914,missouri,MIZ-HIST-01914,historical_media_guide,1991-1992,1992-02-02,Oklahoma State,oklahoma-state,Oklahoma State,61,84,L,0,away_candidate,unknown,,,,,,,REGULAR_SEASON,,38,Feb. 2 12 3 @ Oklahoma State L 61-84,opponent_resolved_site_pending,,MATCHED,BOOTSTRAP_SAME_SOURCE_SEQUENCE
ASRT-MIZ-01915,CBBG-0001915,missouri,MIZ-HIST-01915,historical_media_guide,1991-1992,1992-02-05,Iowa State,iowa-state,Iowa State,81,71,W,0,home_or_special_site_candidate,unknown,Hearnes Center,,,,,,REGULAR_SEASON,,38,Feb. 5 12 - Iowa State W 81-71,opponent_resolved_site_pending,,MATCHED,BOOTSTRAP_SAME_SOURCE_SEQUENCE
ASRT-MIZ-01916,CBBG-0001916,missouri,MIZ-HIST-01916,historical_media_guide,1991-1992,1992-02-09,Oklahoma,oklahoma,Oklahoma,99,92,W,0,away_candidate,unknown,,,,,,,REGULAR_SEASON,,38,Feb. 9 9 21 @ Oklahoma W 99-92,opponent_resolved_site_pending,,MATCHED,BOOTSTRAP_SAME_SOURCE_SEQUENCE
ASRT-MIZ-01917,CBBG-0001917,missouri,MIZ-HIST-01917,historical_media_guide,1991-1992,1992-02-12,Kansas State,kansas-state,Kansas State,67,59,W,0,home_or_special_site_candidate,unknown,Hearnes Center,,,,,,REGULAR_SEASON,,38,Feb. 12 9 - Kansas State W 67-59,opponent_resolved_site_pending,,MATCHED,BOOTSTRAP_SAME_SOURCE_SEQUENCE
ASRT-MIZ-01918,CBBG-0001918,missouri,MIZ-HIST-01918,historical_media_guide,1991-1992,1992-02-17,Nebraska,nebraska,Nebraska,87,61,W,0,home_or_special_site_candidate,unknown,Hearnes Center,,,,,,REGULAR_SEASON,,38,Feb. 17 9 - Nebraska W 87-61,opponent_resolved_site_pending,,MATCHED,BOOTSTRAP_SAME_SOURCE_SEQUENCE
ASRT-MIZ-01919,CBBG-0001919,missouri,MIZ-HIST-01919,historical_media_guide,1991-1992,1992-02-19,Colorado,colorado,Colorado,60,77,L,0,away_candidate,unknown,,,,,,,REGULAR_SEASON,,38,Feb. 19 9 - @ Colorado L 60-77,opponent_resolved_site_pending,,MATCHED,BOOTSTRAP_SAME_SOURCE_SEQUENCE
ASRT-MIZ-01920,CBBG-0001920,missouri,MIZ-HIST-01920,historical_media_guide,1991-1992,1992-02-23,Oklahoma State,oklahoma-state,Oklahoma State,66,52,W,0,home_or_special_site_candidate,unknown,Hearnes Center,,,,,,REGULAR_SEASON,,38,Feb. 23 9 8 Oklahoma State W 66-52,opponent_resolved_site_pending,,MATCHED,BOOTSTRAP_SAME_SOURCE_SEQUENCE
ASRT-MIZ-01921,CBBG-0001921,missouri,MIZ-HIST-01921,historical_media_guide,1991-1992,1992-02-26,Iowa State,iowa-state,Iowa State,75,71,W,0,away_candidate,unknown,,,,,,,REGULAR_SEASON,,38,Feb. 26 6 - @ Iowa State W 75-71,opponent_resolved_site_pending,,MATCHED,BOOTSTRAP_SAME_SOURCE_SEQUENCE
ASRT-MIZ-01922,CBBG-0001922,missouri,MIZ-HIST-01922,historical_media_guide,1991-1992,1992-02-29,Kansas State,kansas-state,Kansas State,69,73,L,0,away_candidate,unknown,,,,,,,REGULAR_SEASON,,38,Feb. 29 6 - @ Kansas State L 69-73,opponent_resolved_site_pending,,MATCHED,BOOTSTRAP_SAME_SOURCE_SEQUENCE
ASRT-MIZ-01923,CBBG-0001923,missouri,MIZ-HIST-01923,historical_media_guide,1991-1992,1992-03-04,Oklahoma,oklahoma,Oklahoma,67,81,L,0,home_or_special_site_candidate,unknown,Hearnes Center,,,,,,REGULAR_SEASON,,38,Mar. 4 11 - Oklahoma L 67-81,opponent_resolved_site_pending,,MATCHED,BOOTSTRAP_SAME_SOURCE_SEQUENCE
ASRT-MIZ-01924,CBBG-0001924,missouri,MIZ-HIST-01924,historical_media_guide,1991-1992,1992-03-08,Kansas,kansas,Kansas,89,97,L,0,away_candidate,unknown,,,,,,,REGULAR_SEASON,,38,Mar. 8 11 3 @ Kansas L 89-97,opponent_resolved_site_pending,,MATCHED,BOOTSTRAP_SAME_SOURCE_SEQUENCE
ASRT-MIZ-01925,CBBG-0001925,missouri,MIZ-HIST-01925,historical_media_guide,1991-1992,1992-03-13,Iowa State,iowa-state,Iowa State,75,80,L,0,home_or_special_site_candidate,unknown,Kemper Arena,,,,"Big Eight Tournament, Kansas City",,CONFERENCE_TOURNAMENT,,38,Mar. 13 13 - %Iowa State L 75-80,opponent_resolved_site_pending,,MATCHED,BOOTSTRAP_SAME_SOURCE_SEQUENCE
ASRT-MIZ-01926,CBBG-0001926,missouri,MIZ-HIST-01926,historical_media_guide,1991-1992,1992-03-19,West Virginia,west-virginia,West Virginia,89,78,W,0,home_or_special_site_candidate,unknown,,,,,"NCAA East First/Second Rounds, Greensboro",,NCAA_TOURNAMENT,R64,38,Mar. 19 16 - *West Virginia W 89-78,opponent_resolved_site_pending,,MATCHED,BOOTSTRAP_SAME_SOURCE_SEQUENCE
ASRT-MIZ-01927,CBBG-0001927,missouri,MIZ-HIST-01927,historical_media_guide,1991-1992,1992-03-21,Seton Hall,seton-hall,Seton Hall,71,88,L,0,home_or_special_site_candidate,unknown,,,,,"NCAA East First/Second Rounds, Greensboro",,NCAA_TOURNAMENT,R32,38,Mar. 21 16 19 *Seton Hall L 71-88,opponent_resolved_site_pending,,MATCHED,BOOTSTRAP_SAME_SOURCE_SEQUENCE
ASRT-MIZ-01928,CBBG-0001928,missouri,MIZ-HIST-01928,historical_media_guide,1992-1993,1992-12-01,Slippery Rock,slippery-rock,Slippery Rock,103,53,W,0,home_or_special_site_candidate,unknown,Hearnes Center,,,,,,REGULAR_SEASON,,38,Dec. 1 - - Slippery Rock W 103-53,opponent_resolved_site_pending,,MATCHED,BOOTSTRAP_SAME_SOURCE_SEQUENCE
ASRT-MIZ-01929,CBBG-0001929,missouri,MIZ-HIST-01929,historical_media_guide,1992-1993,1992-12-05,Texas A&M,texas-a-m,Texas A&M,81,55,W,0,away_candidate,unknown,,,,,,,REGULAR_SEASON,,38,Dec. 5 - - @ Texas A&M W 81-55,opponent_resolved_site_pending,,MATCHED,BOOTSTRAP_SAME_SOURCE_SEQUENCE
ASRT-MIZ-01930,CBBG-0001930,missouri,MIZ-HIST-01930,historical_media_guide,1992-1993,1992-12-10,Southern Indiana,southern-indiana,Southern Indiana,77,62,W,0,home_or_special_site_candidate,unknown,Hearnes Center,,,,,,REGULAR_SEASON,,38,Dec. 10 - - Southern Indiana W 77-62,opponent_resolved_site_pending,,MATCHED,BOOTSTRAP_SAME_SOURCE_SEQUENCE
ASRT-MIZ-01931,CBBG-0001931,missouri,MIZ-HIST-01931,historical_media_guide,1992-1993,1992-12-19,Arkansas,arkansas,Arkansas,68,73,L,0,home_or_special_site_candidate,unknown,Hearnes Center,,,,,,REGULAR_SEASON,,38,Dec. 19 - 12 Arkansas L 68-73,opponent_resolved_site_pending,,MATCHED,BOOTSTRAP_SAME_SOURCE_SEQUENCE
ASRT-MIZ-01932,CBBG-0001932,missouri,MIZ-HIST-01932,historical_media_guide,1992-1993,1992-12-23,Illinois,illinois,Illinois,66,65,W,0,away_candidate,unknown,,,,,,,REGULAR_SEASON,,38,Dec. 23 - - @ Illinois W 66-65,opponent_resolved_site_pending,,MATCHED,BOOTSTRAP_SAME_SOURCE_SEQUENCE
ASRT-MIZ-01933,CBBG-0001933,missouri,MIZ-HIST-01933,historical_media_guide,1992-1993,1992-12-28,San Francisco,san-francisco,San Francisco,71,78,L,0,home_or_special_site_candidate,unknown,,,,,"Big Island Invitational, Hilo",,REGULAR_SEASON,,38,Dec. 28 - - *San Francisco L 71-78,opponent_resolved_site_pending,,MATCHED,BOOTSTRAP_SAME_SOURCE_SEQUENCE
ASRT-MIZ-01934,CBBG-0001934,missouri,MIZ-HIST-01934,historical_media_guide,1992-1993,1992-12-29,Chaminade,chaminade,Chaminade,80,55,W,0,home_or_special_site_candidate,unknown,,,,,"Big Island Invitational, Hilo",,REGULAR_SEASON,,38,Dec. 29 - - *Chaminade W 80-55,opponent_resolved_site_pending,,MATCHED,BOOTSTRAP_SAME_SOURCE_SEQUENCE
ASRT-MIZ-01935,CBBG-0001935,missouri,MIZ-HIST-01935,historical_media_guide,1992-1993,1992-12-30,Marist,marist,Marist,69,56,W,0,home_or_special_site_candidate,unknown,,,,,"Big Island Invitational, Hilo",,REGULAR_SEASON,,38,Dec. 30 - - *Marist W 69-56,opponent_resolved_site_pending,,MATCHED,BOOTSTRAP_SAME_SOURCE_SEQUENCE
ASRT-MIZ-01936,CBBG-0001936,missouri,MIZ-HIST-01936,historical_media_guide,1992-1993,1993-01-03,UNC-Asheville,unc-asheville,UNC Asheville,99,56,W,0,home_or_special_site_candidate,unknown,Hearnes Center,,,,,,REGULAR_SEASON,,38,Jan. 3 - - UNC-Asheville W 99-56,opponent_resolved_site_pending,,MATCHED,BOOTSTRAP_SAME_SOURCE_SEQUENCE
ASRT-MIZ-01937,CBBG-0001937,missouri,MIZ-HIST-01937,historical_media_guide,1992-1993,1993-01-06,So. Illinois,southern-illinois,Southern Illinois,82,76,W,0,home_or_special_site_candidate,unknown,Hearnes Center,,,,,,REGULAR_SEASON,,38,Jan. 6 - - So. Illinois (2OT) W 82-76,opponent_resolved_site_pending,,MATCHED,BOOTSTRAP_SAME_SOURCE_SEQUENCE
ASRT-MIZ-01938,CBBG-0001938,missouri,MIZ-HIST-01938,historical_media_guide,1992-1993,1993-01-09,Colorado,colorado,Colorado,91,87,W,0,away_candidate,unknown,,,,,,,REGULAR_SEASON,,38,Jan. 9 - - @ Colorado W 91-87,opponent_resolved_site_pending,,MATCHED,BOOTSTRAP_SAME_SOURCE_SEQUENCE
ASRT-MIZ-01939,CBBG-0001939,missouri,MIZ-HIST-01939,historical_media_guide,1992-1993,1993-01-11,Nevada-Las Vegas,unlv,UNLV,84,101,L,0,away_candidate,unknown,,,,,,,REGULAR_SEASON,,38,Jan. 11 - 18 @ Nevada-Las Vegas L 84-101,opponent_resolved_site_pending,,MATCHED,BOOTSTRAP_SAME_SOURCE_SEQUENCE
ASRT-MIZ-01940,CBBG-0001940,missouri,MIZ-HIST-01940,historical_media_guide,1992-1993,1993-01-16,Iowa State,iowa-state,Iowa State,64,49,W,0,home_or_special_site_candidate,unknown,Hearnes Center,,,,,,REGULAR_SEASON,,38,Jan. 16 - - Iowa State W 64-49,opponent_resolved_site_pending,,MATCHED,BOOTSTRAP_SAME_SOURCE_SEQUENCE
ASRT-MIZ-01941,CBBG-0001941,missouri,MIZ-HIST-01941,historical_media_guide,1992-1993,1993-01-18,Coastal Carolina,coastal-carolina,Coastal Carolina,94,69,W,0,home_or_special_site_candidate,unknown,Hearnes Center,,,,,,REGULAR_SEASON,,38,Jan. 18 - - Coastal Carolina W 94-69,opponent_resolved_site_pending,,MATCHED,BOOTSTRAP_SAME_SOURCE_SEQUENCE
ASRT-MIZ-01942,CBBG-0001942,missouri,MIZ-HIST-01942,historical_media_guide,1992-1993,1993-01-21,Memphis State,memphis,Memphis,56,64,L,0,home_or_special_site_candidate,unknown,Hearnes Center,,,,,,REGULAR_SEASON,,38,Jan. 21 - - Memphis State L 56-64,opponent_resolved_site_pending,,MATCHED,BOOTSTRAP_SAME_SOURCE_SEQUENCE
ASRT-MIZ-01943,CBBG-0001943,missouri,MIZ-HIST-01943,historical_media_guide,1992-1993,1993-01-24,Oklahoma State,oklahoma-state,Oklahoma State,79,63,W,0,home_or_special_site_candidate,unknown,Hearnes Center,,,,,,REGULAR_SEASON,,38,Jan. 24 - - Oklahoma State W 79-63,opponent_resolved_site_pending,,MATCHED,BOOTSTRAP_SAME_SOURCE_SEQUENCE
ASRT-MIZ-01944,CBBG-0001944,missouri,MIZ-HIST-01944,historical_media_guide,1992-1993,1993-01-27,Notre Dame,notre-dame,Notre Dame,73,57,W,0,home_or_special_site_candidate,unknown,Hearnes Center,,,,,,REGULAR_SEASON,,38,Jan. 27 - - Notre Dame W 73-57,opponent_resolved_site_pending,,MATCHED,BOOTSTRAP_SAME_SOURCE_SEQUENCE
ASRT-MIZ-01945,CBBG-0001945,missouri,MIZ-HIST-01945,historical_media_guide,1992-1993,1993-01-30,Nebraska,nebraska,Nebraska,87,88,L,0,away_candidate,unknown,,,,,,,REGULAR_SEASON,,38,Jan. 30 - - @ Nebraska (OT) L 87-88,opponent_resolved_site_pending,,MATCHED,BOOTSTRAP_SAME_SOURCE_SEQUENCE
ASRT-MIZ-01946,CBBG-0001946,missouri,MIZ-HIST-01946,historical_media_guide,1992-1993,1993-02-01,Kansas,kansas,Kansas,69,86,L,0,away_candidate,unknown,,,,,,,REGULAR_SEASON,,38,Feb. 1 - 3 @ Kansas L 69-86,opponent_resolved_site_pending,,MATCHED,BOOTSTRAP_SAME_SOURCE_SEQUENCE
ASRT-MIZ-01947,CBBG-0001947,missouri,MIZ-HIST-01947,historical_media_guide,1992-1993,1993-02-03,Cal St.-Northridge,cal-state-northridge,Cal State Northridge,65,54,W,0,home_or_special_site_candidate,unknown,Hearnes Center,,,,,,REGULAR_SEASON,,38,Feb. 3 - - Cal St.-Northridge W 65-54,opponent_resolved_site_pending,,MATCHED,BOOTSTRAP_SAME_SOURCE_SEQUENCE
ASRT-MIZ-01948,CBBG-0001948,missouri,MIZ-HIST-01948,historical_media_guide,1992-1993,1993-02-08,Kansas State,kansas-state,Kansas State,67,51,W,0,home_or_special_site_candidate,unknown,Hearnes Center,,,,,,REGULAR_SEASON,,38,Feb. 8 - 23 Kansas State W 67-51,opponent_resolved_site_pending,,MATCHED,BOOTSTRAP_SAME_SOURCE_SEQUENCE
ASRT-MIZ-01949,CBBG-0001949,missouri,MIZ-HIST-01949,historical_media_guide,1992-1993,1993-02-10,Oklahoma,oklahoma,Oklahoma,84,95,L,0,away_candidate,unknown,,,,,,,REGULAR_SEASON,,38,Feb. 10 - - @ Oklahoma L 84-95,opponent_resolved_site_pending,,MATCHED,BOOTSTRAP_SAME_SOURCE_SEQUENCE
ASRT-MIZ-01950,CBBG-0001950,missouri,MIZ-HIST-01950,historical_media_guide,1992-1993,1993-02-13,Kansas,kansas,Kansas,63,67,L,0,home_or_special_site_candidate,unknown,Hearnes Center,,,,,,REGULAR_SEASON,,38,Feb. 13 - 7 Kansas L 63-67,opponent_resolved_site_pending,,MATCHED,BOOTSTRAP_SAME_SOURCE_SEQUENCE
ASRT-MIZ-01951,CBBG-0001951,missouri,MIZ-HIST-01951,historical_media_guide,1992-1993,1993-02-17,Iowa State,iowa-state,Iowa State,50,65,L,0,away_candidate,unknown,,,,,,,REGULAR_SEASON,,38,Feb. 17 - - @ Iowa State L 50-65,opponent_resolved_site_pending,,MATCHED,BOOTSTRAP_SAME_SOURCE_SEQUENCE
ASRT-MIZ-01952,CBBG-0001952,missouri,MIZ-HIST-01952,historical_media_guide,1992-1993,1993-02-21,Nebraska,nebraska,Nebraska,75,76,L,0,home_or_special_site_candidate,unknown,Hearnes Center,,,,,,REGULAR_SEASON,,38,Feb. 21 - - Nebraska L 75-76,opponent_resolved_site_pending,,MATCHED,BOOTSTRAP_SAME_SOURCE_SEQUENCE
ASRT-MIZ-01953,CBBG-0001953,missouri,MIZ-HIST-01953,historical_media_guide,1992-1993,1993-02-24,Oklahoma St.,oklahoma-state,Oklahoma State,74,77,L,0,away_candidate,unknown,,,,,,,REGULAR_SEASON,,38,Feb. 24 - - @ Oklahoma St. (OT) L 74-77,opponent_resolved_site_pending,,MATCHED,BOOTSTRAP_SAME_SOURCE_SEQUENCE
ASRT-MIZ-01954,CBBG-0001954,missouri,MIZ-HIST-01954,historical_media_guide,1992-1993,1993-02-27,Oklahoma,oklahoma,Oklahoma,68,69,L,0,home_or_special_site_candidate,unknown,Hearnes Center,,,,,,REGULAR_SEASON,,38,Feb. 27 - - Oklahoma L 68-69,opponent_resolved_site_pending,,MATCHED,BOOTSTRAP_SAME_SOURCE_SEQUENCE
ASRT-MIZ-01955,CBBG-0001955,missouri,MIZ-HIST-01955,historical_media_guide,1992-1993,1993-03-02,Kansas State,kansas-state,Kansas State,67,78,L,0,away_candidate,unknown,,,,,,,REGULAR_SEASON,,38,Mar. 2 - - @ Kansas State L 67-78,opponent_resolved_site_pending,,MATCHED,BOOTSTRAP_SAME_SOURCE_SEQUENCE
ASRT-MIZ-01956,CBBG-0001956,missouri,MIZ-HIST-01956,historical_media_guide,1992-1993,1993-03-06,Colorado,colorado,Colorado,70,53,W,0,home_or_special_site_candidate,unknown,Hearnes Center,,,,,,REGULAR_SEASON,,38,Mar. 6 - - Colorado W 70-53,opponent_resolved_site_pending,,MATCHED,BOOTSTRAP_SAME_SOURCE_SEQUENCE
ASRT-MIZ-01957,CBBG-0001957,missouri,MIZ-HIST-01957,historical_media_guide,1992-1993,1993-03-12,Oklahoma State,oklahoma-state,Oklahoma State,81,62,W,0,home_or_special_site_candidate,unknown,Kemper Arena,,,,"Big Eight Tournament, Kansas City",,CONFERENCE_TOURNAMENT,,38,Mar. 12 - 21 #Oklahoma State W 81-62,opponent_resolved_site_pending,,MATCHED,BOOTSTRAP_SAME_SOURCE_SEQUENCE
ASRT-MIZ-01958,CBBG-0001958,missouri,MIZ-HIST-01958,historical_media_guide,1992-1993,1993-03-13,Iowa State,iowa-state,Iowa State,67,63,W,0,home_or_special_site_candidate,unknown,Kemper Arena,,,,"Big Eight Tournament, Kansas City",,CONFERENCE_TOURNAMENT,,38,Mar. 13 - - #Iowa State W 67-63,opponent_resolved_site_pending,,MATCHED,BOOTSTRAP_SAME_SOURCE_SEQUENCE
ASRT-MIZ-01959,CBBG-0001959,missouri,MIZ-HIST-01959,historical_media_guide,1992-1993,1993-03-14,Kansas State,kansas-state,Kansas State,68,56,W,0,home_or_special_site_candidate,unknown,Kemper Arena,,,,"Big Eight Tournament, Kansas City",,CONFERENCE_TOURNAMENT,Championship,38,Mar. 14 - - #Kansas State W 68-56,opponent_resolved_site_pending,,MATCHED,BOOTSTRAP_SAME_SOURCE_SEQUENCE
ASRT-MIZ-01960,CBBG-0001960,missouri,MIZ-HIST-01960,historical_media_guide,1992-1993,1993-03-18,Temple,temple,Temple,61,75,L,0,home_or_special_site_candidate,unknown,,,,,"NCAA West First Round, Salt Lake City",,NCAA_TOURNAMENT,R64,38,Mar. 18 - - +Temple L 61-75,opponent_resolved_site_pending,,MATCHED,BOOTSTRAP_SAME_SOURCE_SEQUENCE
ASRT-MIZ-01961,CBBG-0001961,missouri,MIZ-HIST-01961,historical_media_guide,1993-1994,1993-11-27,Central Missouri,central-missouri,Central Missouri,69,66,W,0,home_or_special_site_candidate,unknown,Hearnes Center,,,,,,REGULAR_SEASON,,38,Nov. 27 - - Central Missouri W 69-66,opponent_resolved_site_pending,,MATCHED,BOOTSTRAP_SAME_SOURCE_SEQUENCE
ASRT-MIZ-01962,CBBG-0001962,missouri,MIZ-HIST-01962,historical_media_guide,1993-1994,1993-12-02,Arkansas,arkansas,Arkansas,68,120,L,0,away_candidate,unknown,,,,,,,REGULAR_SEASON,,38,Dec. 2 - 2 @ Arkansas L 68-120,opponent_resolved_site_pending,,MATCHED,BOOTSTRAP_SAME_SOURCE_SEQUENCE
ASRT-MIZ-01963,CBBG-0001963,missouri,MIZ-HIST-01963,historical_media_guide,1993-1994,1993-12-04,Jackson State,jackson-state,Jackson State,80,76,W,0,home_or_special_site_candidate,unknown,Hearnes Center,,,,,,REGULAR_SEASON,,38,Dec. 4 - - Jackson State W 80-76,opponent_resolved_site_pending,,MATCHED,BOOTSTRAP_SAME_SOURCE_SEQUENCE
ASRT-MIZ-01964,CBBG-0001964,missouri,MIZ-HIST-01964,historical_media_guide,1993-1994,1993-12-06,Arkansas State,arkansas-state,Arkansas State,80,58,W,0,home_or_special_site_candidate,unknown,Hearnes Center,,,,,,REGULAR_SEASON,,38,Dec. 6 - - Arkansas State W 80-58,opponent_resolved_site_pending,,MATCHED,BOOTSTRAP_SAME_SOURCE_SEQUENCE
ASRT-MIZ-01965,CBBG-0001965,missouri,MIZ-HIST-01965,historical_media_guide,1993-1994,1993-12-11,SMU,smu,SMU,82,77,W,0,home_or_special_site_candidate,unknown,Hearnes Center,,,,,,REGULAR_SEASON,,38,Dec. 11 - - SMU W 82-77,opponent_resolved_site_pending,,MATCHED,BOOTSTRAP_SAME_SOURCE_SEQUENCE
ASRT-MIZ-01966,CBBG-0001966,missouri,MIZ-HIST-01966,historical_media_guide,1993-1994,1993-12-19,Coppin State,coppin-state,Coppin State,64,63,W,0,home_or_special_site_candidate,unknown,Hearnes Center,,,,,,REGULAR_SEASON,,38,Dec. 19 - - Coppin State W 64-63,opponent_resolved_site_pending,,MATCHED,BOOTSTRAP_SAME_SOURCE_SEQUENCE
ASRT-MIZ-01967,CBBG-0001967,missouri,MIZ-HIST-01967,historical_media_guide,1993-1994,1993-12-22,Illinois,illinois,Illinois,108,107,W,0,away_candidate,unknown,,,,,,,REGULAR_SEASON,,38,Dec. 22 19 - @ Illinois (3OT) W 108-107,opponent_resolved_site_pending,,MATCHED,BOOTSTRAP_SAME_SOURCE_SEQUENCE
ASRT-MIZ-01968,CBBG-0001968,missouri,MIZ-HIST-01968,historical_media_guide,1993-1994,1993-12-30,Mercer,mercer,Mercer,78,56,W,0,home_or_special_site_candidate,unknown,Hearnes Center,,,,,,REGULAR_SEASON,,38,Dec. 30 - - Mercer W 78-56,opponent_resolved_site_pending,,MATCHED,BOOTSTRAP_SAME_SOURCE_SEQUENCE
ASRT-MIZ-01969,CBBG-0001969,missouri,MIZ-HIST-01969,historical_media_guide,1993-1994,1994-01-02,Washington,washington,Washington,85,71,W,0,home_or_special_site_candidate,unknown,Hearnes Center,,,,,,REGULAR_SEASON,,38,Jan. 2 - - Washington W 85-71,opponent_resolved_site_pending,,MATCHED,BOOTSTRAP_SAME_SOURCE_SEQUENCE
ASRT-MIZ-01970,CBBG-0001970,missouri,MIZ-HIST-01970,historical_media_guide,1993-1994,1994-01-05,So. Illinois,southern-illinois,Southern Illinois,72,56,W,0,away_candidate,unknown,,,,,,,REGULAR_SEASON,,38,Jan. 5 - - @ So. Illinois W 72-56,opponent_resolved_site_pending,,MATCHED,BOOTSTRAP_SAME_SOURCE_SEQUENCE
ASRT-MIZ-01971,CBBG-0001971,missouri,MIZ-HIST-01971,historical_media_guide,1993-1994,1994-01-08,Kansas State,kansas-state,Kansas State,63,43,W,0,home_or_special_site_candidate,unknown,Hearnes Center,,,,,,REGULAR_SEASON,,38,Jan. 8 - - Kansas State W 63-43,opponent_resolved_site_pending,,MATCHED,BOOTSTRAP_SAME_SOURCE_SEQUENCE
ASRT-MIZ-01972,CBBG-0001972,missouri,MIZ-HIST-01972,historical_media_guide,1993-1994,1994-01-12,Notre Dame,notre-dame,Notre Dame,73,77,L,0,away_candidate,unknown,,,,,,,REGULAR_SEASON,,38,Jan. 12 25 - @ Notre Dame L 77-73,opponent_resolved_site_pending,,MATCHED,BOOTSTRAP_SAME_SOURCE_SEQUENCE
ASRT-MIZ-01973,CBBG-0001973,missouri,MIZ-HIST-01973,historical_media_guide,1993-1994,1994-01-15,Colorado,colorado,Colorado,80,72,W,0,away_candidate,unknown,,,,,,,REGULAR_SEASON,,38,Jan. 15 25 - @ Colorado W 80-72,opponent_resolved_site_pending,,MATCHED,BOOTSTRAP_SAME_SOURCE_SEQUENCE
ASRT-MIZ-01974,CBBG-0001974,missouri,MIZ-HIST-01974,historical_media_guide,1993-1994,1994-01-19,Iowa State,iowa-state,Iowa State,94,69,W,0,home_or_special_site_candidate,unknown,Hearnes Center,,,,,,REGULAR_SEASON,,38,Jan. 19 - - Iowa State W 94-69,opponent_resolved_site_pending,,MATCHED,BOOTSTRAP_SAME_SOURCE_SEQUENCE
ASRT-MIZ-01975,CBBG-0001975,missouri,MIZ-HIST-01975,historical_media_guide,1993-1994,1994-01-22,Oklahoma State,oklahoma-state,Oklahoma State,73,68,W,0,away_candidate,unknown,,,,,,,REGULAR_SEASON,,38,Jan. 22 - - @ Oklahoma State W 73-68,opponent_resolved_site_pending,,MATCHED,BOOTSTRAP_SAME_SOURCE_SEQUENCE
ASRT-MIZ-01976,CBBG-0001976,missouri,MIZ-HIST-01976,historical_media_guide,1993-1994,1994-01-24,Nebraska,nebraska,Nebraska,89,73,W,0,away_candidate,unknown,,,,,,,REGULAR_SEASON,,38,Jan. 24 24 - @ Nebraska W 89-73,opponent_resolved_site_pending,,MATCHED,BOOTSTRAP_SAME_SOURCE_SEQUENCE
ASRT-MIZ-01977,CBBG-0001977,missouri,MIZ-HIST-01977,historical_media_guide,1993-1994,1994-01-31,Kansas,kansas,Kansas,79,67,W,0,home_or_special_site_candidate,unknown,Hearnes Center,,,,,,REGULAR_SEASON,,38,Jan. 31 20 3 Kansas W 79-67,opponent_resolved_site_pending,,MATCHED,BOOTSTRAP_SAME_SOURCE_SEQUENCE
ASRT-MIZ-01978,CBBG-0001978,missouri,MIZ-HIST-01978,historical_media_guide,1993-1994,1994-02-05,Oklahoma,oklahoma,Oklahoma,104,94,W,0,away_candidate,unknown,,,,,,,REGULAR_SEASON,,38,Feb. 5 20 - @ Oklahoma W 104-94,opponent_resolved_site_pending,,MATCHED,BOOTSTRAP_SAME_SOURCE_SEQUENCE
ASRT-MIZ-01979,CBBG-0001979,missouri,MIZ-HIST-01979,historical_media_guide,1993-1994,1994-02-09,Colorado,colorado,Colorado,82,70,W,0,home_or_special_site_candidate,unknown,Hearnes Center,,,,,,REGULAR_SEASON,,38,Feb. 9 15 - Colorado W 82-70,opponent_resolved_site_pending,,MATCHED,BOOTSTRAP_SAME_SOURCE_SEQUENCE
ASRT-MIZ-01980,CBBG-0001980,missouri,MIZ-HIST-01980,historical_media_guide,1993-1994,1994-02-12,Oklahoma St.,oklahoma-state,Oklahoma State,72,70,W,0,home_or_special_site_candidate,unknown,Hearnes Center,,,,,,REGULAR_SEASON,,38,Feb. 12 15 - Oklahoma St. W 72-70,opponent_resolved_site_pending,,MATCHED,BOOTSTRAP_SAME_SOURCE_SEQUENCE
ASRT-MIZ-01981,CBBG-0001981,missouri,MIZ-HIST-01981,historical_media_guide,1993-1994,1994-02-16,Iowa St.,iowa-state,Iowa State,79,72,W,0,away_candidate,unknown,,,,,,,REGULAR_SEASON,,38,Feb. 16 12 - @ Iowa St. (OT) W 79-72,opponent_resolved_site_pending,,MATCHED,BOOTSTRAP_SAME_SOURCE_SEQUENCE
ASRT-MIZ-01982,CBBG-0001982,missouri,MIZ-HIST-01982,historical_media_guide,1993-1994,1994-02-20,Kansas,kansas,Kansas,81,74,W,0,away_candidate,unknown,,,,,,,REGULAR_SEASON,,38,Feb. 20 12 4 @ Kansas W 81-74,opponent_resolved_site_pending,,MATCHED,BOOTSTRAP_SAME_SOURCE_SEQUENCE
ASRT-MIZ-01983,CBBG-0001983,missouri,MIZ-HIST-01983,historical_media_guide,1993-1994,1994-02-23,SE Missouri,southeast-missouri-state,Southeast Missouri State,83,61,W,0,home_or_special_site_candidate,unknown,Hearnes Center,,,,,,REGULAR_SEASON,,38,Feb. 23 6 - SE Missouri W 83-61,opponent_resolved_site_pending,,MATCHED,BOOTSTRAP_SAME_SOURCE_SEQUENCE
ASRT-MIZ-01984,CBBG-0001984,missouri,MIZ-HIST-01984,historical_media_guide,1993-1994,1994-02-25,Oklahoma,oklahoma,Oklahoma,99,83,W,0,home_or_special_site_candidate,unknown,Hearnes Center,,,,,,REGULAR_SEASON,,38,Feb. 25 6 - Oklahoma W 99-83,opponent_resolved_site_pending,,MATCHED,BOOTSTRAP_SAME_SOURCE_SEQUENCE
ASRT-MIZ-01985,CBBG-0001985,missouri,MIZ-HIST-01985,historical_media_guide,1993-1994,1994-03-02,Kansas State,kansas-state,Kansas State,68,57,W,0,away_candidate,unknown,,,,,,,REGULAR_SEASON,,38,Mar. 2 6 - @ Kansas State W 68-57,opponent_resolved_site_pending,,MATCHED,BOOTSTRAP_SAME_SOURCE_SEQUENCE
ASRT-MIZ-01986,CBBG-0001986,missouri,MIZ-HIST-01986,historical_media_guide,1993-1994,1994-03-05,Nebraska,nebraska,Nebraska,80,78,W,0,home_or_special_site_candidate,unknown,Hearnes Center,,,,,,REGULAR_SEASON,,38,Mar. 5 6 - Nebraska W 80-78,opponent_resolved_site_pending,,MATCHED,BOOTSTRAP_SAME_SOURCE_SEQUENCE
ASRT-MIZ-01987,CBBG-0001987,missouri,MIZ-HIST-01987,historical_media_guide,1993-1994,1994-03-11,Colorado,colorado,Colorado,64,62,W,0,home_or_special_site_candidate,unknown,Kemper Arena,,,,"Big Eight Tournament, Kansas City",,CONFERENCE_TOURNAMENT,,38,Mar. 11 3 - %Colorado W 64-62,opponent_resolved_site_pending,,MATCHED,BOOTSTRAP_SAME_SOURCE_SEQUENCE
ASRT-MIZ-01988,CBBG-0001988,missouri,MIZ-HIST-01988,historical_media_guide,1993-1994,1994-03-12,Nebraska,nebraska,Nebraska,91,98,L,0,home_or_special_site_candidate,unknown,Kemper Arena,,,,"Big Eight Tournament, Kansas City",,CONFERENCE_TOURNAMENT,,38,Mar. 12 3 - %Nebraska L 91-98,opponent_resolved_site_pending,,MATCHED,BOOTSTRAP_SAME_SOURCE_SEQUENCE
ASRT-MIZ-01989,CBBG-0001989,missouri,MIZ-HIST-01989,historical_media_guide,1993-1994,1994-03-17,Navy,navy,Navy,76,53,W,0,home_or_special_site_candidate,unknown,,,,,"NCAA West Regional, Ogden",,NCAA_TOURNAMENT,R64,38,Mar. 17 5 - +Navy W 76-53,opponent_resolved_site_pending,,MATCHED,BOOTSTRAP_SAME_SOURCE_SEQUENCE
ASRT-MIZ-01990,CBBG-0001990,missouri,MIZ-HIST-01990,historical_media_guide,1993-1994,1994-03-19,Wisconsin,wisconsin,Wisconsin,109,96,W,0,home_or_special_site_candidate,unknown,,,,,"NCAA West Regional, Ogden",,NCAA_TOURNAMENT,R32,38,Mar. 19 5 - +Wisconsin W 109-96,opponent_resolved_site_pending,,MATCHED,BOOTSTRAP_SAME_SOURCE_SEQUENCE
ASRT-MIZ-01991,CBBG-0001991,missouri,MIZ-HIST-01991,historical_media_guide,1993-1994,1994-03-24,Syracuse,syracuse,Syracuse,98,88,W,0,home_or_special_site_candidate,unknown,,,,,"NCAA West First/Second Rounds, Los Angeles",,NCAA_TOURNAMENT,Sweet Sixteen,38,Mar. 24 5 15 *Syracuse (OT) W 98-88,opponent_resolved_site_pending,,MATCHED,BOOTSTRAP_SAME_SOURCE_SEQUENCE
ASRT-MIZ-01992,CBBG-0001992,missouri,MIZ-HIST-01992,historical_media_guide,1993-1994,1994-03-26,Arizona,arizona,Arizona,72,92,L,0,home_or_special_site_candidate,unknown,,,,,"NCAA West First/Second Rounds, Los Angeles",,NCAA_TOURNAMENT,Elite Eight,38,Mar. 26 5 9 *Arizona L 72-92,opponent_resolved_site_pending,,MATCHED,BOOTSTRAP_SAME_SOURCE_SEQUENCE
ASRT-MIZ-01993,CBBG-0001993,missouri,MIZ-HIST-01993,historical_media_guide,1994-1995,1994-11-26,Chicago State,chicago-state,Chicago State,106,72,W,0,home_or_special_site_candidate,unknown,Hearnes Center,,,,,,REGULAR_SEASON,,38,Nov. 26 - - Chicago State W 106-72,opponent_resolved_site_pending,,MATCHED,BOOTSTRAP_SAME_SOURCE_SEQUENCE
ASRT-MIZ-01994,CBBG-0001994,missouri,MIZ-HIST-01994,historical_media_guide,1994-1995,1994-11-30,Purdue,purdue,Purdue,69,66,W,0,home_or_special_site_candidate,unknown,,,,,"Great Eight, Detroit",,REGULAR_SEASON,,38,Nov. 30 - - % Purdue W 69-66,opponent_resolved_site_pending,,MATCHED,BOOTSTRAP_SAME_SOURCE_SEQUENCE
ASRT-MIZ-01995,CBBG-0001995,missouri,MIZ-HIST-01995,historical_media_guide,1994-1995,1994-12-03,Arkansas,arkansas,Arkansas,71,94,L,0,home_or_special_site_candidate,unknown,Hearnes Center,,,,,,REGULAR_SEASON,,38,Dec. 3 - 4 Arkansas L 71-94,opponent_resolved_site_pending,,MATCHED,BOOTSTRAP_SAME_SOURCE_SEQUENCE
ASRT-MIZ-01996,CBBG-0001996,missouri,MIZ-HIST-01996,historical_media_guide,1994-1995,1994-12-06,SE Missouri,southeast-missouri-state,Southeast Missouri State,84,77,W,0,home_or_special_site_candidate,unknown,Hearnes Center,,,,,,REGULAR_SEASON,,38,Dec. 6 - - SE Missouri W 84-77,opponent_resolved_site_pending,,MATCHED,BOOTSTRAP_SAME_SOURCE_SEQUENCE
ASRT-MIZ-01997,CBBG-0001997,missouri,MIZ-HIST-01997,historical_media_guide,1994-1995,1994-12-08,Coppin State,coppin-state,Coppin State,90,62,W,0,home_or_special_site_candidate,unknown,Hearnes Center,,,,,,REGULAR_SEASON,,38,Dec. 8 - - Coppin State W 90-62,opponent_resolved_site_pending,,MATCHED,BOOTSTRAP_SAME_SOURCE_SEQUENCE
ASRT-MIZ-01998,CBBG-0001998,missouri,MIZ-HIST-01998,historical_media_guide,1994-1995,1994-12-17,Mercer,mercer,Mercer,74,73,W,0,home_or_special_site_candidate,unknown,Hearnes Center,,,,,,REGULAR_SEASON,,38,Dec. 17 - - Mercer W 74-73,opponent_resolved_site_pending,,MATCHED,BOOTSTRAP_SAME_SOURCE_SEQUENCE
ASRT-MIZ-01999,CBBG-0001999,missouri,MIZ-HIST-01999,historical_media_guide,1994-1995,1994-12-19,Liberty,liberty,Liberty,87,76,W,0,home_or_special_site_candidate,unknown,Hearnes Center,,,,,,REGULAR_SEASON,,38,Dec. 19 - - Liberty W 87-76,opponent_resolved_site_pending,,MATCHED,BOOTSTRAP_SAME_SOURCE_SEQUENCE
ASRT-MIZ-02000,CBBG-0002000,missouri,MIZ-HIST-02000,historical_media_guide,1994-1995,1994-12-22,Illinois,illinois,Illinois,76,58,W,0,away_candidate,unknown,,,,,,,REGULAR_SEASON,,38,Dec. 22 - 23 @ Illinois W 76-58,opponent_resolved_site_pending,,MATCHED,BOOTSTRAP_SAME_SOURCE_SEQUENCE
ASRT-MIZ-02001,CBBG-0002001,missouri,MIZ-HIST-02001,historical_media_guide,1994-1995,1995-01-02,Washington,washington,Washington,71,61,W,0,away_candidate,unknown,,,,,,,REGULAR_SEASON,,38,Jan. 2 - - @ Washington W 71-61,opponent_resolved_site_pending,,MATCHED,BOOTSTRAP_SAME_SOURCE_SEQUENCE
ASRT-MIZ-02002,CBBG-0002002,missouri,MIZ-HIST-02002,historical_media_guide,1994-1995,1995-01-04,SMU,smu,SMU,84,68,W,0,away_candidate,unknown,,,,,,,REGULAR_SEASON,,38,Jan. 4 - - @ SMU W 84-68,opponent_resolved_site_pending,,MATCHED,BOOTSTRAP_SAME_SOURCE_SEQUENCE
ASRT-MIZ-02003,CBBG-0002003,missouri,MIZ-HIST-02003,historical_media_guide,1994-1995,1995-01-07,Nebraska,nebraska,Nebraska,82,74,W,0,away_candidate,unknown,,,,,,,REGULAR_SEASON,,38,Jan. 7 - 19 @ Nebraska W 82-74,opponent_resolved_site_pending,,MATCHED,BOOTSTRAP_SAME_SOURCE_SEQUENCE
ASRT-MIZ-02004,CBBG-0002004,missouri,MIZ-HIST-02004,historical_media_guide,1994-1995,1995-01-09,Kansas,kansas,Kansas,89,102,L,0,home_or_special_site_candidate,unknown,Hearnes Center,,,,,,REGULAR_SEASON,,38,Jan. 9 17 3 Kansas L 89-102,opponent_resolved_site_pending,,MATCHED,BOOTSTRAP_SAME_SOURCE_SEQUENCE
ASRT-MIZ-02005,CBBG-0002005,missouri,MIZ-HIST-02005,historical_media_guide,1994-1995,1995-01-12,Notre Dame,notre-dame,Notre Dame,64,56,W,0,home_or_special_site_candidate,unknown,Hearnes Center,,,,,,REGULAR_SEASON,,38,Jan. 12 17 - Notre Dame W 64-56,opponent_resolved_site_pending,,MATCHED,BOOTSTRAP_SAME_SOURCE_SEQUENCE
ASRT-MIZ-02006,CBBG-0002006,missouri,MIZ-HIST-02006,historical_media_guide,1994-1995,1995-01-14,Kansas State,kansas-state,Kansas State,67,61,W,0,home_or_special_site_candidate,unknown,Hearnes Center,,,,,,REGULAR_SEASON,,38,Jan. 14 17 - Kansas State W 67-61,opponent_resolved_site_pending,,MATCHED,BOOTSTRAP_SAME_SOURCE_SEQUENCE
ASRT-MIZ-02007,CBBG-0002007,missouri,MIZ-HIST-02007,historical_media_guide,1994-1995,1995-01-18,Jackson State,jackson-state,Jackson State,86,72,W,0,away_candidate,unknown,,,,,,,REGULAR_SEASON,,38,Jan. 18 16 - @ Jackson State W 86-72,opponent_resolved_site_pending,,MATCHED,BOOTSTRAP_SAME_SOURCE_SEQUENCE
ASRT-MIZ-02008,CBBG-0002008,missouri,MIZ-HIST-02008,historical_media_guide,1994-1995,1995-01-22,Oklahoma St.,oklahoma-state,Oklahoma State,70,85,L,0,away_candidate,unknown,,,,,,,REGULAR_SEASON,,38,Jan. 22 16 - @ Oklahoma St. L 70-85,opponent_resolved_site_pending,,MATCHED,BOOTSTRAP_SAME_SOURCE_SEQUENCE
ASRT-MIZ-02009,CBBG-0002009,missouri,MIZ-HIST-02009,historical_media_guide,1994-1995,1995-01-26,Colorado,colorado,Colorado,85,80,W,0,home_or_special_site_candidate,unknown,Hearnes Center,,,,,,REGULAR_SEASON,,38,Jan. 26 20 - Colorado W 85-80,opponent_resolved_site_pending,,MATCHED,BOOTSTRAP_SAME_SOURCE_SEQUENCE
ASRT-MIZ-02010,CBBG-0002010,missouri,MIZ-HIST-02010,historical_media_guide,1994-1995,1995-01-30,Iowa State,iowa-state,Iowa State,80,71,W,0,away_candidate,unknown,,,,,,,REGULAR_SEASON,,38,Jan. 30 18 11 @ Iowa State W 80-71,opponent_resolved_site_pending,,MATCHED,BOOTSTRAP_SAME_SOURCE_SEQUENCE
ASRT-MIZ-02011,CBBG-0002011,missouri,MIZ-HIST-02011,historical_media_guide,1994-1995,1995-02-04,Kansas State,kansas-state,Kansas State,77,60,W,0,away_candidate,unknown,,,,,,,REGULAR_SEASON,,38,Feb. 4 18 - @ Kansas State W 77-60,opponent_resolved_site_pending,,MATCHED,BOOTSTRAP_SAME_SOURCE_SEQUENCE
ASRT-MIZ-02012,CBBG-0002012,missouri,MIZ-HIST-02012,historical_media_guide,1994-1995,1995-02-08,Iowa State,iowa-state,Iowa State,59,56,W,0,home_or_special_site_candidate,unknown,Hearnes Center,,,,,,REGULAR_SEASON,,38,Feb. 8 13 19 Iowa State W 59-56,opponent_resolved_site_pending,,MATCHED,BOOTSTRAP_SAME_SOURCE_SEQUENCE
ASRT-MIZ-02013,CBBG-0002013,missouri,MIZ-HIST-02013,historical_media_guide,1994-1995,1995-02-11,Oklahoma St.,oklahoma-state,Oklahoma State,81,79,W,0,home_or_special_site_candidate,unknown,Hearnes Center,,,,,,REGULAR_SEASON,,38,Feb. 11 13 24 Oklahoma St. W 81-79,opponent_resolved_site_pending,,MATCHED,BOOTSTRAP_SAME_SOURCE_SEQUENCE
ASRT-MIZ-02014,CBBG-0002014,missouri,MIZ-HIST-02014,historical_media_guide,1994-1995,1995-02-18,Oklahoma,oklahoma,Oklahoma,89,94,L,0,away_candidate,unknown,,,,,,,REGULAR_SEASON,,39,Feb. 18 9 - @ Oklahoma L 89-94,opponent_resolved_site_pending,,MATCHED,BOOTSTRAP_SAME_SOURCE_SEQUENCE
ASRT-MIZ-02015,CBBG-0002015,missouri,MIZ-HIST-02015,historical_media_guide,1994-1995,1995-02-22,Nebraska,nebraska,Nebraska,75,78,L,0,home_or_special_site_candidate,unknown,Hearnes Center,,,,,,REGULAR_SEASON,,39,Feb. 22 14 - Nebraska L 75-78,opponent_resolved_site_pending,,MATCHED,BOOTSTRAP_SAME_SOURCE_SEQUENCE
ASRT-MIZ-02016,CBBG-0002016,missouri,MIZ-HIST-02016,historical_media_guide,1994-1995,1995-02-25,Kansas,kansas,Kansas,69,88,L,0,away_candidate,unknown,,,,,,,REGULAR_SEASON,,39,Feb. 25 14 1 @ Kansas L 69-88,opponent_resolved_site_pending,,MATCHED,BOOTSTRAP_SAME_SOURCE_SEQUENCE
ASRT-MIZ-02017,CBBG-0002017,missouri,MIZ-HIST-02017,historical_media_guide,1994-1995,1995-03-01,Colorado,colorado,Colorado,76,81,L,0,away_candidate,unknown,,,,,,,REGULAR_SEASON,,39,Mar. 1 19 - @ Colorado L 76-81,opponent_resolved_site_pending,,MATCHED,BOOTSTRAP_SAME_SOURCE_SEQUENCE
ASRT-MIZ-02018,CBBG-0002018,missouri,MIZ-HIST-02018,historical_media_guide,1994-1995,1995-03-04,Oklahoma,oklahoma,Oklahoma,83,81,W,0,home_or_special_site_candidate,unknown,Hearnes Center,,,,,,REGULAR_SEASON,,39,Mar. 4 19 16 Oklahoma (OT) W 83-81,opponent_resolved_site_pending,,MATCHED,BOOTSTRAP_SAME_SOURCE_SEQUENCE
ASRT-MIZ-02019,CBBG-0002019,missouri,MIZ-HIST-02019,historical_media_guide,1994-1995,1995-03-10,Iowa State,iowa-state,Iowa State,50,68,L,0,home_or_special_site_candidate,unknown,Kemper Arena,,,,"Big Eight Tournament, Kansas City",,CONFERENCE_TOURNAMENT,,39,Mar. 10 17 - +Iowa State L 50-68,opponent_resolved_site_pending,,MATCHED,BOOTSTRAP_SAME_SOURCE_SEQUENCE
ASRT-MIZ-02020,CBBG-0002020,missouri,MIZ-HIST-02020,historical_media_guide,1994-1995,1995-03-17,Indiana,indiana,Indiana,65,60,W,0,home_or_special_site_candidate,unknown,,,,,"NCAA West First/Second Rounds, Boise",,NCAA_TOURNAMENT,R64,39,Mar. 17 23 - *Indiana W 65-60,opponent_resolved_site_pending,,MATCHED,BOOTSTRAP_SAME_SOURCE_SEQUENCE
ASRT-MIZ-02021,CBBG-0002021,missouri,MIZ-HIST-02021,historical_media_guide,1994-1995,1995-03-19,UCLA,ucla,UCLA,74,75,L,0,home_or_special_site_candidate,unknown,,,,,"NCAA West First/Second Rounds, Boise",,NCAA_TOURNAMENT,R32,39,Mar. 19 23 1 *UCLA L 74-75,opponent_resolved_site_pending,,MATCHED,BOOTSTRAP_SAME_SOURCE_SEQUENCE
ASRT-MIZ-02022,CBBG-0002022,missouri,MIZ-HIST-02022,historical_media_guide,1995-1996,1995-11-25,Wofford,wofford,Wofford,86,60,W,0,home_or_special_site_candidate,unknown,Hearnes Center,,,,,,REGULAR_SEASON,,39,Nov. 25 15 - Wofford W 86-60,opponent_resolved_site_pending,,MATCHED,BOOTSTRAP_SAME_SOURCE_SEQUENCE
ASRT-MIZ-02023,CBBG-0002023,missouri,MIZ-HIST-02023,historical_media_guide,1995-1996,1995-11-27,Tennessee St.,tennessee-state,Tennessee State,89,75,W,0,home_or_special_site_candidate,unknown,Hearnes Center,,,,,,REGULAR_SEASON,,39,Nov. 27 13 - Tennessee St. W 89-75,opponent_resolved_site_pending,,MATCHED,BOOTSTRAP_SAME_SOURCE_SEQUENCE
ASRT-MIZ-02024,CBBG-0002024,missouri,MIZ-HIST-02024,historical_media_guide,1995-1996,1995-11-30,SMU,smu,SMU,66,51,W,0,home_or_special_site_candidate,unknown,Hearnes Center,,,,,,REGULAR_SEASON,,39,Nov. 30 13 - SMU W 66-51,opponent_resolved_site_pending,,MATCHED,BOOTSTRAP_SAME_SOURCE_SEQUENCE
ASRT-MIZ-02025,CBBG-0002025,missouri,MIZ-HIST-02025,historical_media_guide,1995-1996,1995-12-02,Chicago State,chicago-state,Chicago State,117,45,W,0,home_or_special_site_candidate,unknown,Hearnes Center,,,,,,REGULAR_SEASON,,39,Dec. 2 13 - Chicago State W 117-45,opponent_resolved_site_pending,,MATCHED,BOOTSTRAP_SAME_SOURCE_SEQUENCE
ASRT-MIZ-02026,CBBG-0002026,missouri,MIZ-HIST-02026,historical_media_guide,1995-1996,1995-12-05,Arkansas,arkansas,Arkansas,93,104,L,0,away_candidate,unknown,,,,,,,REGULAR_SEASON,,39,Dec. 5 11 - @ Arkansas L 93-104,opponent_resolved_site_pending,,MATCHED,BOOTSTRAP_SAME_SOURCE_SEQUENCE
ASRT-MIZ-02027,CBBG-0002027,missouri,MIZ-HIST-02027,historical_media_guide,1995-1996,1995-12-09,Jackson State,jackson-state,Jackson State,86,63,W,0,home_or_special_site_candidate,unknown,Hearnes Center,,,,,,REGULAR_SEASON,,39,Dec. 9 11 - Jackson State W 86-63,opponent_resolved_site_pending,,MATCHED,BOOTSTRAP_SAME_SOURCE_SEQUENCE
ASRT-MIZ-02028,CBBG-0002028,missouri,MIZ-HIST-02028,historical_media_guide,1995-1996,1995-12-16,Arkansas State,arkansas-state,Arkansas State,73,63,W,0,away_candidate,unknown,,,,,,,REGULAR_SEASON,,39,Dec. 16 14 - @ Arkansas State W 73-63,opponent_resolved_site_pending,,MATCHED,BOOTSTRAP_SAME_SOURCE_SEQUENCE
ASRT-MIZ-02029,CBBG-0002029,missouri,MIZ-HIST-02029,historical_media_guide,1995-1996,1995-12-18,Austin Peay St.,austin-peay,Austin Peay,81,58,W,0,home_or_special_site_candidate,unknown,Hearnes Center,,,,,,REGULAR_SEASON,,39,Dec. 18 15 - Austin Peay St. W 81-58,opponent_resolved_site_pending,,MATCHED,BOOTSTRAP_SAME_SOURCE_SEQUENCE
ASRT-MIZ-02030,CBBG-0002030,missouri,MIZ-HIST-02030,historical_media_guide,1995-1996,1995-12-20,Illinois,illinois,Illinois,85,96,L,0,away_candidate,unknown,,,,,,,REGULAR_SEASON,,39,Dec. 20 15 14 @ Illinois (OT) L 85-96,opponent_resolved_site_pending,,MATCHED,BOOTSTRAP_SAME_SOURCE_SEQUENCE
ASRT-MIZ-02031,CBBG-0002031,missouri,MIZ-HIST-02031,historical_media_guide,1995-1996,1995-12-28,So. California,usc,USC,64,75,L,0,home_or_special_site_candidate,unknown,Stan Sheriff Center,,,,Rainbow Classic,,REGULAR_SEASON,,39,Dec. 28 18 - *So. California L 64-75,opponent_resolved_site_pending,,MATCHED,BOOTSTRAP_SAME_SOURCE_SEQUENCE
ASRT-MIZ-02032,CBBG-0002032,missouri,MIZ-HIST-02032,historical_media_guide,1995-1996,1995-12-29,N. Carolina St.,north-carolina-state,North Carolina State,68,87,L,0,home_or_special_site_candidate,unknown,Stan Sheriff Center,,,,Rainbow Classic,,REGULAR_SEASON,,39,Dec. 29 18 - *N. Carolina St. L 68-87,opponent_resolved_site_pending,,MATCHED,BOOTSTRAP_SAME_SOURCE_SEQUENCE
ASRT-MIZ-02033,CBBG-0002033,missouri,MIZ-HIST-02033,historical_media_guide,1995-1996,1995-12-30,Hawaii,hawai-i,Hawai'i,95,89,W,0,home_or_special_site_candidate,unknown,Stan Sheriff Center,,,,Rainbow Classic,,REGULAR_SEASON,,39,Dec. 30 18 - *Hawaii W 95-89,opponent_resolved_site_pending,,MATCHED,BOOTSTRAP_SAME_SOURCE_SEQUENCE
ASRT-MIZ-02034,CBBG-0002034,missouri,MIZ-HIST-02034,historical_media_guide,1995-1996,1996-01-03,SE Missouri,southeast-missouri-state,Southeast Missouri State,102,65,W,0,home_or_special_site_candidate,unknown,Hearnes Center,,,,,,REGULAR_SEASON,,39,Jan. 3 - - SE Missouri W 102-65,opponent_resolved_site_pending,,MATCHED,BOOTSTRAP_SAME_SOURCE_SEQUENCE
ASRT-MIZ-02035,CBBG-0002035,missouri,MIZ-HIST-02035,historical_media_guide,1995-1996,1996-01-06,Colorado,colorado,Colorado,77,66,W,0,home_or_special_site_candidate,unknown,Hearnes Center,,,,,,REGULAR_SEASON,,39,Jan. 6 - - Colorado W 77-66,opponent_resolved_site_pending,,MATCHED,BOOTSTRAP_SAME_SOURCE_SEQUENCE
ASRT-MIZ-02036,CBBG-0002036,missouri,MIZ-HIST-02036,historical_media_guide,1995-1996,1996-01-13,Geo. Washington,george-washington,George Washington,92,77,W,0,home_or_special_site_candidate,unknown,Hearnes Center,,,,,,REGULAR_SEASON,,39,Jan. 13 - - Geo. Washington W 92-77,opponent_resolved_site_pending,,MATCHED,BOOTSTRAP_SAME_SOURCE_SEQUENCE
ASRT-MIZ-02037,CBBG-0002037,missouri,MIZ-HIST-02037,historical_media_guide,1995-1996,1996-01-15,Oklahoma,oklahoma,Oklahoma,75,73,W,0,home_or_special_site_candidate,unknown,Hearnes Center,,,,,,REGULAR_SEASON,,39,Jan. 15 - - Oklahoma W 75-73,opponent_resolved_site_pending,,MATCHED,BOOTSTRAP_SAME_SOURCE_SEQUENCE
ASRT-MIZ-02038,CBBG-0002038,missouri,MIZ-HIST-02038,historical_media_guide,1995-1996,1996-01-21,Iowa State,iowa-state,Iowa State,62,73,L,0,away_candidate,unknown,,,,,,,REGULAR_SEASON,,39,Jan. 21 - - @ Iowa State L 62-73,opponent_resolved_site_pending,,MATCHED,BOOTSTRAP_SAME_SOURCE_SEQUENCE
ASRT-MIZ-02039,CBBG-0002039,missouri,MIZ-HIST-02039,historical_media_guide,1995-1996,1996-01-24,Nebraska,nebraska,Nebraska,58,76,L,0,away_candidate,unknown,,,,,,,REGULAR_SEASON,,39,Jan. 24 - - @ Nebraska L 58-76,opponent_resolved_site_pending,,MATCHED,BOOTSTRAP_SAME_SOURCE_SEQUENCE
ASRT-MIZ-02040,CBBG-0002040,missouri,MIZ-HIST-02040,historical_media_guide,1995-1996,1996-01-27,Kansas State,kansas-state,Kansas State,86,80,W,0,home_or_special_site_candidate,unknown,Hearnes Center,,,,,,REGULAR_SEASON,,39,Jan. 27 - - Kansas State W 86-80,opponent_resolved_site_pending,,MATCHED,BOOTSTRAP_SAME_SOURCE_SEQUENCE
ASRT-MIZ-02041,CBBG-0002041,missouri,MIZ-HIST-02041,historical_media_guide,1995-1996,1996-01-29,Colorado,colorado,Colorado,94,106,L,0,away_candidate,unknown,,,,,,,REGULAR_SEASON,,39,Jan. 29 - - @ Colorado L 94-106,opponent_resolved_site_pending,,MATCHED,BOOTSTRAP_SAME_SOURCE_SEQUENCE
ASRT-MIZ-02042,CBBG-0002042,missouri,MIZ-HIST-02042,historical_media_guide,1995-1996,1996-02-03,Oklahoma,oklahoma,Oklahoma,68,104,L,0,away_candidate,unknown,,,,,,,REGULAR_SEASON,,39,Feb. 3 - - @ Oklahoma L 68-104,opponent_resolved_site_pending,,MATCHED,BOOTSTRAP_SAME_SOURCE_SEQUENCE
ASRT-MIZ-02043,CBBG-0002043,missouri,MIZ-HIST-02043,historical_media_guide,1995-1996,1996-02-07,Nebraska,nebraska,Nebraska,99,98,W,0,home_or_special_site_candidate,unknown,Hearnes Center,,,,,,REGULAR_SEASON,,39,Feb. 7 - - Nebraska W 99-98,opponent_resolved_site_pending,,MATCHED,BOOTSTRAP_SAME_SOURCE_SEQUENCE
ASRT-MIZ-02044,CBBG-0002044,missouri,MIZ-HIST-02044,historical_media_guide,1995-1996,1996-02-10,Kansas,kansas,Kansas,77,73,W,0,home_or_special_site_candidate,unknown,Hearnes Center,,,,,,REGULAR_SEASON,,39,Feb. 10 - 3 Kansas W 77-73,opponent_resolved_site_pending,,MATCHED,BOOTSTRAP_SAME_SOURCE_SEQUENCE
ASRT-MIZ-02045,CBBG-0002045,missouri,MIZ-HIST-02045,historical_media_guide,1995-1996,1996-02-13,Oklahoma State,oklahoma-state,Oklahoma State,63,59,W,0,away_candidate,unknown,,,,,,,REGULAR_SEASON,,39,Feb. 13 - - @ Oklahoma State W 63-59,opponent_resolved_site_pending,,MATCHED,BOOTSTRAP_SAME_SOURCE_SEQUENCE
ASRT-MIZ-02046,CBBG-0002046,missouri,MIZ-HIST-02046,historical_media_guide,1995-1996,1996-02-18,Maryland,maryland,Maryland,72,91,L,0,away_candidate,unknown,,,,,,,REGULAR_SEASON,,39,Feb. 18 - - @ Maryland L 72-91,opponent_resolved_site_pending,,MATCHED,BOOTSTRAP_SAME_SOURCE_SEQUENCE
ASRT-MIZ-02047,CBBG-0002047,missouri,MIZ-HIST-02047,historical_media_guide,1995-1996,1996-02-21,Kansas State,kansas-state,Kansas State,64,69,L,0,away_candidate,unknown,,,,,,,REGULAR_SEASON,,39,Feb. 21 - - @ Kansas State L 64-69,opponent_resolved_site_pending,,MATCHED,BOOTSTRAP_SAME_SOURCE_SEQUENCE
ASRT-MIZ-02048,CBBG-0002048,missouri,MIZ-HIST-02048,historical_media_guide,1995-1996,1996-02-24,Iowa State,iowa-state,Iowa State,74,78,L,0,home_or_special_site_candidate,unknown,Hearnes Center,,,,,,REGULAR_SEASON,,39,Feb. 24 - 22 Iowa State L 74-78,opponent_resolved_site_pending,,MATCHED,BOOTSTRAP_SAME_SOURCE_SEQUENCE
ASRT-MIZ-02049,CBBG-0002049,missouri,MIZ-HIST-02049,historical_media_guide,1995-1996,1996-02-26,Kansas,kansas,Kansas,65,87,L,0,away_candidate,unknown,,,,,,,REGULAR_SEASON,,39,Feb. 26 - 3 @ Kansas L 65-87,opponent_resolved_site_pending,,MATCHED,BOOTSTRAP_SAME_SOURCE_SEQUENCE
ASRT-MIZ-02050,CBBG-0002050,missouri,MIZ-HIST-02050,historical_media_guide,1995-1996,1996-03-03,Oklahoma State,oklahoma-state,Oklahoma State,49,51,L,0,home_or_special_site_candidate,unknown,Hearnes Center,,,,,,REGULAR_SEASON,,39,Mar. 3 - - Oklahoma State L 49-51,opponent_resolved_site_pending,,MATCHED,BOOTSTRAP_SAME_SOURCE_SEQUENCE
ASRT-MIZ-02051,CBBG-0002051,missouri,MIZ-HIST-02051,historical_media_guide,1995-1996,1996-03-08,Oklahoma,oklahoma,Oklahoma,92,88,W,0,home_or_special_site_candidate,unknown,Kemper Arena,,,,Big Eight Tournament,,CONFERENCE_TOURNAMENT,,39,Mar. 8 - - #Oklahoma (OT) W 92-88,opponent_resolved_site_pending,,MATCHED,BOOTSTRAP_SAME_SOURCE_SEQUENCE
ASRT-MIZ-02052,CBBG-0002052,missouri,MIZ-HIST-02052,historical_media_guide,1995-1996,1996-03-09,Iowa State,iowa-state,Iowa State,53,57,L,0,home_or_special_site_candidate,unknown,,,,,Big Eight Tournament,,CONFERENCE_TOURNAMENT,,39,Mar. 9 - 23 #Iowa State L 53-57,opponent_resolved_site_pending,,MATCHED,BOOTSTRAP_SAME_SOURCE_SEQUENCE
ASRT-MIZ-02053,CBBG-0002053,missouri,MIZ-HIST-02053,historical_media_guide,1995-1996,1996-03-13,Murray State,murray-state,Murray State,89,85,W,0,home_or_special_site_candidate,unknown,Hearnes Center,,,,National Invitation Tournament,,NIT,,39,Mar. 13 - - +Murray State W 89-85,opponent_resolved_site_pending,,MATCHED,BOOTSTRAP_SAME_SOURCE_SEQUENCE
ASRT-MIZ-02054,CBBG-0002054,missouri,MIZ-HIST-02054,historical_media_guide,1995-1996,1996-03-18,Alabama,alabama,Alabama,49,72,L,0,home_or_special_site_candidate,unknown,Hearnes Center,,,,National Invitation Tournament,,NIT,,39,Mar. 18 - - +Alabama L 49-72,opponent_resolved_site_pending,,MATCHED,BOOTSTRAP_SAME_SOURCE_SEQUENCE
ASRT-MIZ-02055,CBBG-0002055,missouri,MIZ-HIST-02055,historical_media_guide,1996-1997,1996-11-23,Chicago State,chicago-state,Chicago State,76,46,W,0,home_or_special_site_candidate,unknown,Hearnes Center,,,,,,REGULAR_SEASON,,39,Nov. 23 - - Chicago State W 76-46,opponent_resolved_site_pending,,MATCHED,BOOTSTRAP_SAME_SOURCE_SEQUENCE
ASRT-MIZ-02056,CBBG-0002056,missouri,MIZ-HIST-02056,historical_media_guide,1996-1997,1996-11-29,Tenn.-Chatt.,chattanooga,Chattanooga,83,74,W,0,home_or_special_site_candidate,unknown,,,,,"San Juan Shootout, San Juan",,REGULAR_SEASON,,39,Nov. 29 - - *Tenn.-Chatt. W 83-74,opponent_resolved_site_pending,,MATCHED,BOOTSTRAP_SAME_SOURCE_SEQUENCE
ASRT-MIZ-02057,CBBG-0002057,missouri,MIZ-HIST-02057,historical_media_guide,1996-1997,1996-11-30,Clemson (10),clemson,Clemson,45,47,L,0,home_or_special_site_candidate,unknown,,,,,"San Juan Shootout, San Juan",,REGULAR_SEASON,,39,Nov. 30 - 10 *Clemson (10) L 45-47,opponent_resolved_site_pending,,MATCHED,BOOTSTRAP_SAME_SOURCE_SEQUENCE
ASRT-MIZ-02058,CBBG-0002058,missouri,MIZ-HIST-02058,historical_media_guide,1996-1997,1996-12-01,Creighton,creighton,Creighton,73,71,W,0,home_or_special_site_candidate,unknown,,,,,"San Juan Shootout, San Juan",,REGULAR_SEASON,,39,Dec. 1 - - *Creighton (OT) W 73-71,opponent_resolved_site_pending,,MATCHED,BOOTSTRAP_SAME_SOURCE_SEQUENCE
ASRT-MIZ-02059,CBBG-0002059,missouri,MIZ-HIST-02059,historical_media_guide,1996-1997,1996-12-04,Arkansas State,arkansas-state,Arkansas State,81,47,W,0,home_or_special_site_candidate,unknown,Hearnes Center,,,,,,REGULAR_SEASON,,39,Dec. 4 - - Arkansas State W 81-47,opponent_resolved_site_pending,,MATCHED,BOOTSTRAP_SAME_SOURCE_SEQUENCE
ASRT-MIZ-02060,CBBG-0002060,missouri,MIZ-HIST-02060,historical_media_guide,1996-1997,1996-12-07,Arkansas,arkansas,Arkansas,76,80,L,0,home_or_special_site_candidate,unknown,Hearnes Center,,,,,,REGULAR_SEASON,,39,Dec. 7 - 22 Arkansas L 76-80,opponent_resolved_site_pending,,MATCHED,BOOTSTRAP_SAME_SOURCE_SEQUENCE
ASRT-MIZ-02061,CBBG-0002061,missouri,MIZ-HIST-02061,historical_media_guide,1996-1997,1996-12-15,SE Missouri,southeast-missouri-state,Southeast Missouri State,64,50,W,0,home_or_special_site_candidate,unknown,Hearnes Center,,,,,,REGULAR_SEASON,,39,Dec. 15 - - SE Missouri W 64-50,opponent_resolved_site_pending,,MATCHED,BOOTSTRAP_SAME_SOURCE_SEQUENCE
ASRT-MIZ-02062,CBBG-0002062,missouri,MIZ-HIST-02062,historical_media_guide,1996-1997,1996-12-17,NW Missouri,northwest-missouri-state,Northwest Missouri State,77,56,W,0,home_or_special_site_candidate,unknown,Hearnes Center,,,,,,REGULAR_SEASON,,39,Dec. 17 - - NW Missouri W 77-56,opponent_resolved_site_pending,,MATCHED,BOOTSTRAP_SAME_SOURCE_SEQUENCE
ASRT-MIZ-02063,CBBG-0002063,missouri,MIZ-HIST-02063,historical_media_guide,1996-1997,1996-12-19,Mercer,mercer,Mercer,90,63,W,0,home_or_special_site_candidate,unknown,Hearnes Center,,,,,,REGULAR_SEASON,,39,Dec. 19 - - Mercer W 90-63,opponent_resolved_site_pending,,MATCHED,BOOTSTRAP_SAME_SOURCE_SEQUENCE
ASRT-MIZ-02064,CBBG-0002064,missouri,MIZ-HIST-02064,historical_media_guide,1996-1997,1996-12-21,Iowa,iowa,Iowa,77,88,L,0,away_candidate,unknown,,,,,,,REGULAR_SEASON,,39,Dec. 21 - - @ Iowa L 77-88,opponent_resolved_site_pending,,MATCHED,BOOTSTRAP_SAME_SOURCE_SEQUENCE
ASRT-MIZ-02065,CBBG-0002065,missouri,MIZ-HIST-02065,historical_media_guide,1996-1997,1996-12-28,Illinois,illinois,Illinois,69,85,L,0,away_candidate,unknown,,,,,,,REGULAR_SEASON,,39,Dec. 28 - - @ Illinois L 69-85,opponent_resolved_site_pending,,MATCHED,BOOTSTRAP_SAME_SOURCE_SEQUENCE
ASRT-MIZ-02066,CBBG-0002066,missouri,MIZ-HIST-02066,historical_media_guide,1996-1997,1996-12-30,Southern,southern,Southern,111,69,W,0,home_or_special_site_candidate,unknown,Hearnes Center,,,,,,REGULAR_SEASON,,39,Dec. 30 - - Southern W 111-69,opponent_resolved_site_pending,,MATCHED,BOOTSTRAP_SAME_SOURCE_SEQUENCE
ASRT-MIZ-02067,CBBG-0002067,missouri,MIZ-HIST-02067,historical_media_guide,1996-1997,1997-01-04,Iowa State,iowa-state,Iowa State,65,68,L,0,home_or_special_site_candidate,unknown,Hearnes Center,,,,,,REGULAR_SEASON,,39,Jan. 4 - 4 Iowa State L 65-68,opponent_resolved_site_pending,,MATCHED,BOOTSTRAP_SAME_SOURCE_SEQUENCE
ASRT-MIZ-02068,CBBG-0002068,missouri,MIZ-HIST-02068,historical_media_guide,1996-1997,1997-01-07,Colorado,colorado,Colorado,78,87,L,0,home_or_special_site_candidate,unknown,Hearnes Center,,,,,,REGULAR_SEASON,,39,Jan. 7 - - Colorado L 78-87,opponent_resolved_site_pending,,MATCHED,BOOTSTRAP_SAME_SOURCE_SEQUENCE
ASRT-MIZ-02069,CBBG-0002069,missouri,MIZ-HIST-02069,historical_media_guide,1996-1997,1997-01-11,Oklahoma State,oklahoma-state,Oklahoma State,67,68,L,0,away_candidate,unknown,,,,,,,REGULAR_SEASON,,39,Jan. 11 - - @ Oklahoma State L 67-68,opponent_resolved_site_pending,,MATCHED,BOOTSTRAP_SAME_SOURCE_SEQUENCE
ASRT-MIZ-02070,CBBG-0002070,missouri,MIZ-HIST-02070,historical_media_guide,1996-1997,1997-01-14,Baylor,baylor,Baylor,82,66,W,0,home_or_special_site_candidate,unknown,Hearnes Center,,,,,,REGULAR_SEASON,,39,Jan. 14 - - Baylor W 82-66,opponent_resolved_site_pending,,MATCHED,BOOTSTRAP_SAME_SOURCE_SEQUENCE
ASRT-MIZ-02071,CBBG-0002071,missouri,MIZ-HIST-02071,historical_media_guide,1996-1997,1997-01-18,Nebraska,nebraska,Nebraska,53,76,L,0,away_candidate,unknown,,,,,,,REGULAR_SEASON,,39,Jan. 18 - - @ Nebraska L 53-76,opponent_resolved_site_pending,,MATCHED,BOOTSTRAP_SAME_SOURCE_SEQUENCE
ASRT-MIZ-02072,CBBG-0002072,missouri,MIZ-HIST-02072,historical_media_guide,1996-1997,1997-01-22,Nebraska,nebraska,Nebraska,75,74,W,0,home_or_special_site_candidate,unknown,Hearnes Center,,,,,,REGULAR_SEASON,,39,Jan. 22 - - Nebraska W 75-74,opponent_resolved_site_pending,,MATCHED,BOOTSTRAP_SAME_SOURCE_SEQUENCE
ASRT-MIZ-02073,CBBG-0002073,missouri,MIZ-HIST-02073,historical_media_guide,1996-1997,1997-01-26,Texas,texas,Texas,75,80,L,0,away_candidate,unknown,,,,,,,REGULAR_SEASON,,39,Jan. 26 - 23 @ Texas L 75-80,opponent_resolved_site_pending,,MATCHED,BOOTSTRAP_SAME_SOURCE_SEQUENCE
ASRT-MIZ-02074,CBBG-0002074,missouri,MIZ-HIST-02074,historical_media_guide,1996-1997,1997-01-28,Texas A&M,texas-a-m,Texas A&M,57,61,L,0,away_candidate,unknown,,,,,,,REGULAR_SEASON,,39,Jan. 28 - - @ Texas A&M L 57-61,opponent_resolved_site_pending,,MATCHED,BOOTSTRAP_SAME_SOURCE_SEQUENCE
ASRT-MIZ-02075,CBBG-0002075,missouri,MIZ-HIST-02075,historical_media_guide,1996-1997,1997-02-01,Kansas State,kansas-state,Kansas State,85,63,W,0,home_or_special_site_candidate,unknown,Hearnes Center,,,,,,REGULAR_SEASON,,39,Feb. 1 - - Kansas State W 85-63,opponent_resolved_site_pending,,MATCHED,BOOTSTRAP_SAME_SOURCE_SEQUENCE
ASRT-MIZ-02076,CBBG-0002076,missouri,MIZ-HIST-02076,historical_media_guide,1996-1997,1997-02-04,Kansas,kansas,Kansas,96,94,W,0,home_or_special_site_candidate,unknown,Hearnes Center,,,,,,REGULAR_SEASON,,39,Feb. 4 - 1 Kansas (2OT) W 96-94,opponent_resolved_site_pending,,MATCHED,BOOTSTRAP_SAME_SOURCE_SEQUENCE
ASRT-MIZ-02077,CBBG-0002077,missouri,MIZ-HIST-02077,historical_media_guide,1996-1997,1997-02-09,Wake Forest,wake-forest,Wake Forest,65,73,L,0,home_or_special_site_candidate,unknown,Hearnes Center,,,,,,REGULAR_SEASON,,39,Feb. 9 - 2 Wake Forest L 65-73,opponent_resolved_site_pending,,MATCHED,BOOTSTRAP_SAME_SOURCE_SEQUENCE
ASRT-MIZ-02078,CBBG-0002078,missouri,MIZ-HIST-02078,historical_media_guide,1996-1997,1997-02-12,Iowa State,iowa-state,Iowa State,59,87,L,0,away_candidate,unknown,,,,,,,REGULAR_SEASON,,39,Feb. 12 - 9 @ Iowa State L 59-87,opponent_resolved_site_pending,,MATCHED,BOOTSTRAP_SAME_SOURCE_SEQUENCE
ASRT-MIZ-02079,CBBG-0002079,missouri,MIZ-HIST-02079,historical_media_guide,1996-1997,1997-02-15,Oklahoma,oklahoma,Oklahoma,80,73,W,0,home_or_special_site_candidate,unknown,Hearnes Center,,,,,,REGULAR_SEASON,,39,Feb. 15 - - Oklahoma W 80-73,opponent_resolved_site_pending,,MATCHED,BOOTSTRAP_SAME_SOURCE_SEQUENCE
ASRT-MIZ-02080,CBBG-0002080,missouri,MIZ-HIST-02080,historical_media_guide,1996-1997,1997-02-17,Kansas,kansas,Kansas,67,79,L,0,away_candidate,unknown,,,,,,,REGULAR_SEASON,,39,Feb. 17 - 1 @ Kansas L 67-79,opponent_resolved_site_pending,,MATCHED,BOOTSTRAP_SAME_SOURCE_SEQUENCE
ASRT-MIZ-02081,CBBG-0002081,missouri,MIZ-HIST-02081,historical_media_guide,1996-1997,1997-02-22,Colorado,colorado,Colorado,75,84,L,0,away_candidate,unknown,,,,,,,REGULAR_SEASON,,39,Feb. 22 - 21 @ Colorado L 75-84,opponent_resolved_site_pending,,MATCHED,BOOTSTRAP_SAME_SOURCE_SEQUENCE
ASRT-MIZ-02082,CBBG-0002082,missouri,MIZ-HIST-02082,historical_media_guide,1996-1997,1997-02-25,Texas Tech !,texas-tech,Texas Tech,73,84,L,0,home_or_special_site_candidate,unknown,Hearnes Center,,,,,,REGULAR_SEASON,,39,Feb. 25 - - Texas Tech ! L 73-84,opponent_resolved_site_pending,,MATCHED,BOOTSTRAP_SAME_SOURCE_SEQUENCE
ASRT-MIZ-02083,CBBG-0002083,missouri,MIZ-HIST-02083,historical_media_guide,1996-1997,1997-03-01,Kansas State,kansas-state,Kansas State,60,76,L,0,away_candidate,unknown,,,,,,,REGULAR_SEASON,,39,Mar. 1 - - @ Kansas State L 60-76,opponent_resolved_site_pending,,MATCHED,BOOTSTRAP_SAME_SOURCE_SEQUENCE
ASRT-MIZ-02084,CBBG-0002084,missouri,MIZ-HIST-02084,historical_media_guide,1996-1997,1997-03-06,Nebraska,nebraska,Nebraska,78,72,W,0,home_or_special_site_candidate,unknown,Kemper Arena,,,,"Big 12 Tournament, Kansas City",,CONFERENCE_TOURNAMENT,,39,Mar. 6 - - #Nebraska W 78-72,opponent_resolved_site_pending,,MATCHED,BOOTSTRAP_SAME_SOURCE_SEQUENCE
ASRT-MIZ-02085,CBBG-0002085,missouri,MIZ-HIST-02085,historical_media_guide,1996-1997,1997-03-07,Texas,texas,Texas,80,75,W,0,home_or_special_site_candidate,unknown,Kemper Arena,,,,"Big 12 Tournament, Kansas City",,CONFERENCE_TOURNAMENT,,39,Mar. 7 - - #Texas W 80-75,opponent_resolved_site_pending,,MATCHED,BOOTSTRAP_SAME_SOURCE_SEQUENCE
ASRT-MIZ-02086,CBBG-0002086,missouri,MIZ-HIST-02086,historical_media_guide,1996-1997,1997-03-08,Oklahoma,oklahoma,Oklahoma,89,80,W,0,home_or_special_site_candidate,unknown,Kemper Arena,,,,"Big 12 Tournament, Kansas City",,CONFERENCE_TOURNAMENT,,39,Mar. 8 - - #Oklahoma W 89-80,opponent_resolved_site_pending,,MATCHED,BOOTSTRAP_SAME_SOURCE_SEQUENCE
ASRT-MIZ-02087,CBBG-0002087,missouri,MIZ-HIST-02087,historical_media_guide,1996-1997,1997-03-09,Kansas,kansas,Kansas,60,87,L,0,home_or_special_site_candidate,unknown,Kemper Arena,,,,"Big 12 Tournament, Kansas City",,CONFERENCE_TOURNAMENT,Championship,39,Mar. 9 - 1 #Kansas L 60-87,opponent_resolved_site_pending,,MATCHED,BOOTSTRAP_SAME_SOURCE_SEQUENCE
ASRT-MIZ-02088,CBBG-0002088,missouri,MIZ-HIST-02088,historical_media_guide,1997-1998,1997-11-16,Western Carolina,western-carolina,Western Carolina,85,64,W,0,home_or_special_site_candidate,unknown,Hearnes Center,,,,,,REGULAR_SEASON,,39,Nov. 16 - - Western Carolina W 85-64,opponent_resolved_site_pending,,MATCHED,BOOTSTRAP_SAME_SOURCE_SEQUENCE
ASRT-MIZ-02089,CBBG-0002089,missouri,MIZ-HIST-02089,historical_media_guide,1997-1998,1997-11-24,DePaul,depaul,DePaul,45,42,W,0,home_or_special_site_candidate,unknown,Lahaina Civic Center,,,,"Maui Invitational, Maui",,REGULAR_SEASON,,39,Nov. 24 - - *DePaul W 45-42,opponent_resolved_site_pending,,MATCHED,BOOTSTRAP_SAME_SOURCE_SEQUENCE
ASRT-MIZ-02090,CBBG-0002090,missouri,MIZ-HIST-02090,historical_media_guide,1997-1998,1997-11-25,Duke,duke,Duke,59,82,L,0,home_or_special_site_candidate,unknown,Lahaina Civic Center,,,,"Maui Invitational, Maui",,REGULAR_SEASON,,39,Nov. 25 - 3 *Duke L 59-82,opponent_resolved_site_pending,,MATCHED,BOOTSTRAP_SAME_SOURCE_SEQUENCE
ASRT-MIZ-02091,CBBG-0002091,missouri,MIZ-HIST-02091,historical_media_guide,1997-1998,1997-11-26,Kentucky,kentucky,Kentucky,55,77,L,0,home_or_special_site_candidate,unknown,Lahaina Civic Center,,,,"Maui Invitational, Maui",,REGULAR_SEASON,,39,Nov. 26 - 8 *Kentucky L 55-77,opponent_resolved_site_pending,,MATCHED,BOOTSTRAP_SAME_SOURCE_SEQUENCE
ASRT-MIZ-02092,CBBG-0002092,missouri,MIZ-HIST-02092,historical_media_guide,1997-1998,1997-12-02,Coppin State,coppin-state,Coppin State,70,78,L,0,home_or_special_site_candidate,unknown,Hearnes Center,,,,,,REGULAR_SEASON,,39,Dec. 2 - - Coppin State L 70-78,opponent_resolved_site_pending,,MATCHED,BOOTSTRAP_SAME_SOURCE_SEQUENCE
ASRT-MIZ-02093,CBBG-0002093,missouri,MIZ-HIST-02093,historical_media_guide,1997-1998,1997-12-06,Arkansas,arkansas,Arkansas,46,75,L,0,away_candidate,unknown,,,,,,,REGULAR_SEASON,,39,Dec. 6 - 18 @ Arkansas L 46-75,opponent_resolved_site_pending,,MATCHED,BOOTSTRAP_SAME_SOURCE_SEQUENCE
ASRT-MIZ-02094,CBBG-0002094,missouri,MIZ-HIST-02094,historical_media_guide,1997-1998,1997-12-10,Oral Roberts,oral-roberts,Oral Roberts,85,67,W,0,home_or_special_site_candidate,unknown,Hearnes Center,,,,,,REGULAR_SEASON,,39,Dec. 10 - - Oral Roberts W 85-67,opponent_resolved_site_pending,,MATCHED,BOOTSTRAP_SAME_SOURCE_SEQUENCE
ASRT-MIZ-02095,CBBG-0002095,missouri,MIZ-HIST-02095,historical_media_guide,1997-1998,1997-12-13,SE Missouri State,southeast-missouri-state,Southeast Missouri State,65,64,W,0,home_or_special_site_candidate,unknown,Hearnes Center,,,,,,REGULAR_SEASON,,39,Dec. 13 - - SE Missouri State W 65-64,opponent_resolved_site_pending,,MATCHED,BOOTSTRAP_SAME_SOURCE_SEQUENCE
ASRT-MIZ-02096,CBBG-0002096,missouri,MIZ-HIST-02096,historical_media_guide,1997-1998,1997-12-20,Sam Houston State,sam-houston,Sam Houston,79,56,W,0,home_or_special_site_candidate,unknown,Hearnes Center,,,,,,REGULAR_SEASON,,39,Dec. 20 - - Sam Houston State W 79-56,opponent_resolved_site_pending,,MATCHED,BOOTSTRAP_SAME_SOURCE_SEQUENCE
ASRT-MIZ-02097,CBBG-0002097,missouri,MIZ-HIST-02097,historical_media_guide,1997-1998,1997-12-23,Illinois,illinois,Illinois,75,69,W,0,away_candidate,unknown,,,,,,,REGULAR_SEASON,,39,Dec. 23 - - @ Illinois W 75-69,opponent_resolved_site_pending,,MATCHED,BOOTSTRAP_SAME_SOURCE_SEQUENCE
ASRT-MIZ-02098,CBBG-0002098,missouri,MIZ-HIST-02098,historical_media_guide,1997-1998,1997-12-30,Maryland,maryland,Maryland,83,79,W,0,home_or_special_site_candidate,unknown,Hearnes Center,,,,,,REGULAR_SEASON,,39,Dec. 30 - 20 Maryland W 83-79,opponent_resolved_site_pending,,MATCHED,BOOTSTRAP_SAME_SOURCE_SEQUENCE
ASRT-MIZ-02099,CBBG-0002099,missouri,MIZ-HIST-02099,historical_media_guide,1997-1998,1998-01-03,Kansas State,kansas-state,Kansas State,56,111,L,0,away_candidate,unknown,,,,,,,REGULAR_SEASON,,39,Jan. 3 - - @ Kansas State L 56-111,opponent_resolved_site_pending,,MATCHED,BOOTSTRAP_SAME_SOURCE_SEQUENCE
ASRT-MIZ-02100,CBBG-0002100,missouri,MIZ-HIST-02100,historical_media_guide,1997-1998,1998-01-05,Texas,texas,Texas,91,69,W,0,home_or_special_site_candidate,unknown,Hearnes Center,,,,,,REGULAR_SEASON,,39,Jan. 5 - - Texas W 91-69,opponent_resolved_site_pending,,MATCHED,BOOTSTRAP_SAME_SOURCE_SEQUENCE
ASRT-MIZ-02101,CBBG-0002101,missouri,MIZ-HIST-02101,historical_media_guide,1997-1998,1998-01-10,Iowa State,iowa-state,Iowa State,62,75,L,0,away_candidate,unknown,,,,,,,REGULAR_SEASON,,39,Jan. 10 - - @ Iowa State L 62-75,opponent_resolved_site_pending,,MATCHED,BOOTSTRAP_SAME_SOURCE_SEQUENCE
ASRT-MIZ-02102,CBBG-0002102,missouri,MIZ-HIST-02102,historical_media_guide,1997-1998,1998-01-14,Oklahoma St.,oklahoma-state,Oklahoma State,70,64,W,0,home_or_special_site_candidate,unknown,Hearnes Center,,,,,,REGULAR_SEASON,,39,Jan. 14 - 25 Oklahoma St. W 70-64,opponent_resolved_site_pending,,MATCHED,BOOTSTRAP_SAME_SOURCE_SEQUENCE
ASRT-MIZ-02103,CBBG-0002103,missouri,MIZ-HIST-02103,historical_media_guide,1997-1998,1998-01-17,Colorado,colorado,Colorado,78,81,L,0,away_candidate,unknown,,,,,,,REGULAR_SEASON,,39,Jan. 17 - - @ Colorado L 78-81,opponent_resolved_site_pending,,MATCHED,BOOTSTRAP_SAME_SOURCE_SEQUENCE
ASRT-MIZ-02104,CBBG-0002104,missouri,MIZ-HIST-02104,historical_media_guide,1997-1998,1998-01-19,Kansas,kansas,Kansas,74,73,W,0,home_or_special_site_candidate,unknown,Hearnes Center,,,,,,REGULAR_SEASON,,39,Jan. 19 - 3 Kansas W 74-73,opponent_resolved_site_pending,,MATCHED,BOOTSTRAP_SAME_SOURCE_SEQUENCE
ASRT-MIZ-02105,CBBG-0002105,missouri,MIZ-HIST-02105,historical_media_guide,1997-1998,1998-01-24,Iowa,iowa,Iowa,80,79,W,0,home_or_special_site_candidate,unknown,Hearnes Center,,,,,,REGULAR_SEASON,,39,Jan. 24 - 10 Iowa (OT) W 80-79,opponent_resolved_site_pending,,MATCHED,BOOTSTRAP_SAME_SOURCE_SEQUENCE
ASRT-MIZ-02106,CBBG-0002106,missouri,MIZ-HIST-02106,historical_media_guide,1997-1998,1998-01-25,Wake Forest,wake-forest,Wake Forest,65,74,L,0,away_candidate,unknown,,,,,,,REGULAR_SEASON,,39,Jan. 25 - - @ Wake Forest L 65-74,opponent_resolved_site_pending,,MATCHED,BOOTSTRAP_SAME_SOURCE_SEQUENCE
ASRT-MIZ-02107,CBBG-0002107,missouri,MIZ-HIST-02107,historical_media_guide,1997-1998,1998-01-28,Texas Tech,texas-tech,Texas Tech,60,80,L,0,away_candidate,unknown,,,,,,,REGULAR_SEASON,,39,Jan. 28 - - @ Texas Tech L 60-80,opponent_resolved_site_pending,,MATCHED,BOOTSTRAP_SAME_SOURCE_SEQUENCE
ASRT-MIZ-02108,CBBG-0002108,missouri,MIZ-HIST-02108,historical_media_guide,1997-1998,1998-01-31,Iowa State,iowa-state,Iowa State,63,56,W,0,home_or_special_site_candidate,unknown,Hearnes Center,,,,,,REGULAR_SEASON,,39,Jan. 31 - - Iowa State W 63-56,opponent_resolved_site_pending,,MATCHED,BOOTSTRAP_SAME_SOURCE_SEQUENCE
ASRT-MIZ-02109,CBBG-0002109,missouri,MIZ-HIST-02109,historical_media_guide,1997-1998,1998-02-04,Nebraska,nebraska,Nebraska,81,76,W,0,home_or_special_site_candidate,unknown,Hearnes Center,,,,,,REGULAR_SEASON,,39,Feb. 4 - - Nebraska (OT) W 81-76,opponent_resolved_site_pending,,MATCHED,BOOTSTRAP_SAME_SOURCE_SEQUENCE
ASRT-MIZ-02110,CBBG-0002110,missouri,MIZ-HIST-02110,historical_media_guide,1997-1998,1998-02-08,Kansas,kansas,Kansas,70,80,L,0,away_candidate,unknown,,,,,,,REGULAR_SEASON,,39,Feb. 8 - 3 @ Kansas L 70-80,opponent_resolved_site_pending,,MATCHED,BOOTSTRAP_SAME_SOURCE_SEQUENCE
ASRT-MIZ-02111,CBBG-0002111,missouri,MIZ-HIST-02111,historical_media_guide,1997-1998,1998-02-11,Baylor,baylor,Baylor,80,89,L,0,away_candidate,unknown,,,,,,,REGULAR_SEASON,,39,Feb. 11 - - @ Baylor L 80-89,opponent_resolved_site_pending,,MATCHED,BOOTSTRAP_SAME_SOURCE_SEQUENCE
ASRT-MIZ-02112,CBBG-0002112,missouri,MIZ-HIST-02112,historical_media_guide,1997-1998,1998-02-14,Texas A&M,texas-a-m,Texas A&M,73,60,W,0,home_or_special_site_candidate,unknown,Hearnes Center,,,,,,REGULAR_SEASON,,39,Feb. 14 - - Texas A&M W 73-60,opponent_resolved_site_pending,,MATCHED,BOOTSTRAP_SAME_SOURCE_SEQUENCE
ASRT-MIZ-02113,CBBG-0002113,missouri,MIZ-HIST-02113,historical_media_guide,1997-1998,1998-02-18,Nebraska,nebraska,Nebraska,66,67,L,0,away_candidate,unknown,,,,,,,REGULAR_SEASON,,39,Feb. 18 - - @ Nebraska (OT) L 66-67,opponent_resolved_site_pending,,MATCHED,BOOTSTRAP_SAME_SOURCE_SEQUENCE
ASRT-MIZ-02114,CBBG-0002114,missouri,MIZ-HIST-02114,historical_media_guide,1997-1998,1998-02-21,Oklahoma,oklahoma,Oklahoma,76,80,L,0,away_candidate,unknown,,,,,,,REGULAR_SEASON,,39,Feb. 21 - - @ Oklahoma L 76-80,opponent_resolved_site_pending,,MATCHED,BOOTSTRAP_SAME_SOURCE_SEQUENCE
ASRT-MIZ-02115,CBBG-0002115,missouri,MIZ-HIST-02115,historical_media_guide,1997-1998,1998-02-25,Colorado,colorado,Colorado,86,67,W,0,home_or_special_site_candidate,unknown,Hearnes Center,,,,,,REGULAR_SEASON,,39,Feb. 25 - - Colorado W 86-67,opponent_resolved_site_pending,,MATCHED,BOOTSTRAP_SAME_SOURCE_SEQUENCE
ASRT-MIZ-02116,CBBG-0002116,missouri,MIZ-HIST-02116,historical_media_guide,1997-1998,1998-02-28,Kansas State,kansas-state,Kansas State,89,59,W,0,home_or_special_site_candidate,unknown,Hearnes Center,,,,,,REGULAR_SEASON,,39,Feb. 28 - - Kansas State W 89-59,opponent_resolved_site_pending,,MATCHED,BOOTSTRAP_SAME_SOURCE_SEQUENCE
ASRT-MIZ-02117,CBBG-0002117,missouri,MIZ-HIST-02117,historical_media_guide,1997-1998,1998-03-05,Iowa State,iowa-state,Iowa State,74,55,W,0,home_or_special_site_candidate,unknown,Kemper Arena,,,,"Big 12 Tournament, Kansas City",,CONFERENCE_TOURNAMENT,,39,Mar. 5 - - #Iowa State W 74-55,opponent_resolved_site_pending,,MATCHED,BOOTSTRAP_SAME_SOURCE_SEQUENCE
ASRT-MIZ-02118,CBBG-0002118,missouri,MIZ-HIST-02118,historical_media_guide,1997-1998,1998-03-06,Oklahoma,oklahoma,Oklahoma,53,58,L,0,home_or_special_site_candidate,unknown,Kemper Arena,,,,"Big 12 Tournament, Kansas City",,CONFERENCE_TOURNAMENT,,39,Mar. 6 - - #Oklahoma L 53-58,opponent_resolved_site_pending,,MATCHED,BOOTSTRAP_SAME_SOURCE_SEQUENCE
ASRT-MIZ-02119,CBBG-0002119,missouri,MIZ-HIST-02119,historical_media_guide,1997-1998,1998-03-11,Alabama-Birm.,uab,UAB,86,93,L,0,home_or_special_site_candidate,unknown,Hearnes Center,,,,"National Invitation Tournament, Columbia",,NIT,,39,Mar. 11 - - +Alabama-Birm. L 86-93,opponent_resolved_site_pending,,MATCHED,BOOTSTRAP_SAME_SOURCE_SEQUENCE
ASRT-MIZ-02120,CBBG-0002120,missouri,MIZ-HIST-02120,historical_media_guide,1998-1999,1998-11-13,Jackson State,jackson-state,Jackson State,87,46,W,0,home_or_special_site_candidate,unknown,Hearnes Center,,,,,,REGULAR_SEASON,,40,Nov. 13 - - Jackson State W 87-46,opponent_resolved_site_pending,,MATCHED,BOOTSTRAP_SAME_SOURCE_SEQUENCE
ASRT-MIZ-02121,CBBG-0002121,missouri,MIZ-HIST-02121,historical_media_guide,1998-1999,1998-11-18,SW Missouri,missouri-state,Missouri State,69,72,L,0,home_or_special_site_candidate,unknown,Hearnes Center,,,,,,REGULAR_SEASON,,40,Nov. 18 - - *SW Missouri L 69-72,opponent_resolved_site_pending,,MATCHED,BOOTSTRAP_SAME_SOURCE_SEQUENCE
ASRT-MIZ-02122,CBBG-0002122,missouri,MIZ-HIST-02122,historical_media_guide,1998-1999,1998-11-23,Austin Peay,austin-peay,Austin Peay,63,53,W,0,home_or_special_site_candidate,unknown,Hearnes Center,,,,,,REGULAR_SEASON,,40,Nov. 23 - - Austin Peay W 63-53,opponent_resolved_site_pending,,MATCHED,BOOTSTRAP_SAME_SOURCE_SEQUENCE
ASRT-MIZ-02123,CBBG-0002123,missouri,MIZ-HIST-02123,historical_media_guide,1998-1999,1998-11-29,SW Texas State,texas-state,Texas State,69,51,W,0,home_or_special_site_candidate,unknown,Hearnes Center,,,,,,REGULAR_SEASON,,40,Nov. 29 - - SW Texas State W 69-51,opponent_resolved_site_pending,,MATCHED,BOOTSTRAP_SAME_SOURCE_SEQUENCE
ASRT-MIZ-02124,CBBG-0002124,missouri,MIZ-HIST-02124,historical_media_guide,1998-1999,1998-12-01,Nicholls State,nicholls,Nicholls,66,57,W,0,home_or_special_site_candidate,unknown,Hearnes Center,,,,,,REGULAR_SEASON,,40,Dec. 1 - - Nicholls State W 66-57,opponent_resolved_site_pending,,MATCHED,BOOTSTRAP_SAME_SOURCE_SEQUENCE
ASRT-MIZ-02125,CBBG-0002125,missouri,MIZ-HIST-02125,historical_media_guide,1998-1999,1998-12-05,Idaho,idaho,Idaho,68,60,W,0,home_or_special_site_candidate,unknown,Hearnes Center,,,,,,REGULAR_SEASON,,40,Dec. 5 - - Idaho W 68-60,opponent_resolved_site_pending,,MATCHED,BOOTSTRAP_SAME_SOURCE_SEQUENCE
ASRT-MIZ-02126,CBBG-0002126,missouri,MIZ-HIST-02126,historical_media_guide,1998-1999,1998-12-09,Ark.-Pine Bluff,arkansas-pine-bluff,Arkansas-Pine Bluff,89,33,W,0,home_or_special_site_candidate,unknown,Hearnes Center,,,,,,REGULAR_SEASON,,40,Dec. 9 - - Ark.-Pine Bluff W 89-33,opponent_resolved_site_pending,,MATCHED,BOOTSTRAP_SAME_SOURCE_SEQUENCE
ASRT-MIZ-02127,CBBG-0002127,missouri,MIZ-HIST-02127,historical_media_guide,1998-1999,1998-12-12,SMU,smu,SMU,66,55,W,0,away_candidate,unknown,,,,,,,REGULAR_SEASON,,40,Dec. 12 - - @ SMU W 66-55,opponent_resolved_site_pending,,MATCHED,BOOTSTRAP_SAME_SOURCE_SEQUENCE
ASRT-MIZ-02128,CBBG-0002128,missouri,MIZ-HIST-02128,historical_media_guide,1998-1999,1998-12-19,Iowa,iowa,Iowa,68,82,L,0,away_candidate,unknown,,,,,,,REGULAR_SEASON,,40,Dec. 19 - 25 @ Iowa L 68-82,opponent_resolved_site_pending,,MATCHED,BOOTSTRAP_SAME_SOURCE_SEQUENCE
ASRT-MIZ-02129,CBBG-0002129,missouri,MIZ-HIST-02129,historical_media_guide,1998-1999,1998-12-22,Illinois,illinois,Illinois,67,62,W,0,away_candidate,unknown,,,,,,,REGULAR_SEASON,,40,Dec. 22 - - @ Illinois W 67-62,opponent_resolved_site_pending,,MATCHED,BOOTSTRAP_SAME_SOURCE_SEQUENCE
ASRT-MIZ-02130,CBBG-0002130,missouri,MIZ-HIST-02130,historical_media_guide,1998-1999,1998-12-30,Centenary,centenary,Centenary,77,48,W,0,home_or_special_site_candidate,unknown,Hearnes Center,,,,,,REGULAR_SEASON,,40,Dec. 30 - - Centenary W 77-48,opponent_resolved_site_pending,,MATCHED,BOOTSTRAP_SAME_SOURCE_SEQUENCE
ASRT-MIZ-02131,CBBG-0002131,missouri,MIZ-HIST-02131,historical_media_guide,1998-1999,1999-01-02,Nebraska,nebraska,Nebraska,80,57,W,0,home_or_special_site_candidate,unknown,Hearnes Center,,,,,,REGULAR_SEASON,,40,Jan. 2 - - Nebraska W 80-57,opponent_resolved_site_pending,,MATCHED,BOOTSTRAP_SAME_SOURCE_SEQUENCE
ASRT-MIZ-02132,CBBG-0002132,missouri,MIZ-HIST-02132,historical_media_guide,1998-1999,1999-01-06,Kansas State,kansas-state,Kansas State,70,63,W,0,away_candidate,unknown,,,,,,,REGULAR_SEASON,,40,Jan. 6 - - @ Kansas State W 70-63,opponent_resolved_site_pending,,MATCHED,BOOTSTRAP_SAME_SOURCE_SEQUENCE
ASRT-MIZ-02133,CBBG-0002133,missouri,MIZ-HIST-02133,historical_media_guide,1998-1999,1999-01-09,Texas A&M,texas-a-m,Texas A&M,96,91,W,0,away_candidate,unknown,,,,,,,REGULAR_SEASON,,40,Jan. 9 - - @ Texas A&M W 96-91,opponent_resolved_site_pending,,MATCHED,BOOTSTRAP_SAME_SOURCE_SEQUENCE
ASRT-MIZ-02134,CBBG-0002134,missouri,MIZ-HIST-02134,historical_media_guide,1998-1999,1999-01-11,Kansas,kansas,Kansas,61,73,L,0,home_or_special_site_candidate,unknown,Hearnes Center,,,,,,REGULAR_SEASON,,40,Jan. 11 - 16 Kansas L 61-73,opponent_resolved_site_pending,,MATCHED,BOOTSTRAP_SAME_SOURCE_SEQUENCE
ASRT-MIZ-02135,CBBG-0002135,missouri,MIZ-HIST-02135,historical_media_guide,1998-1999,1999-01-16,Colorado,colorado,Colorado,63,82,L,0,away_candidate,unknown,,,,,,,REGULAR_SEASON,,40,Jan. 16 - - @ Colorado L 63-82,opponent_resolved_site_pending,,MATCHED,BOOTSTRAP_SAME_SOURCE_SEQUENCE
ASRT-MIZ-02136,CBBG-0002136,missouri,MIZ-HIST-02136,historical_media_guide,1998-1999,1999-01-24,Kansas,kansas,Kansas,71,63,W,0,away_candidate,unknown,,,,,,,REGULAR_SEASON,,40,Jan. 24 - 19 @ Kansas W 71-63,opponent_resolved_site_pending,,MATCHED,BOOTSTRAP_SAME_SOURCE_SEQUENCE
ASRT-MIZ-02137,CBBG-0002137,missouri,MIZ-HIST-02137,historical_media_guide,1998-1999,1999-01-27,Kansas State,kansas-state,Kansas State,70,63,W,0,home_or_special_site_candidate,unknown,Hearnes Center,,,,,,REGULAR_SEASON,,40,Jan. 27 - - Kansas State W 70-63,opponent_resolved_site_pending,,MATCHED,BOOTSTRAP_SAME_SOURCE_SEQUENCE
ASRT-MIZ-02138,CBBG-0002138,missouri,MIZ-HIST-02138,historical_media_guide,1998-1999,1999-01-30,Baylor,baylor,Baylor,73,55,W,0,home_or_special_site_candidate,unknown,Hearnes Center,,,,,,REGULAR_SEASON,,40,Jan. 30 - - Baylor W 73-55,opponent_resolved_site_pending,,MATCHED,BOOTSTRAP_SAME_SOURCE_SEQUENCE
ASRT-MIZ-02139,CBBG-0002139,missouri,MIZ-HIST-02139,historical_media_guide,1998-1999,1999-02-03,Texas Tech,texas-tech,Texas Tech,88,63,W,0,home_or_special_site_candidate,unknown,Hearnes Center,,,,,,REGULAR_SEASON,,40,Feb. 3 24 - Texas Tech W 88-63,opponent_resolved_site_pending,,MATCHED,BOOTSTRAP_SAME_SOURCE_SEQUENCE
ASRT-MIZ-02140,CBBG-0002140,missouri,MIZ-HIST-02140,historical_media_guide,1998-1999,1999-02-06,Nebraska,nebraska,Nebraska,61,69,L,0,away_candidate,unknown,,,,,,,REGULAR_SEASON,,40,Feb. 6 24 - @ Nebraska L 61-69,opponent_resolved_site_pending,,MATCHED,BOOTSTRAP_SAME_SOURCE_SEQUENCE
ASRT-MIZ-02141,CBBG-0002141,missouri,MIZ-HIST-02141,historical_media_guide,1998-1999,1999-02-08,Iowa State,iowa-state,Iowa State,77,61,W,0,away_candidate,unknown,,,,,,,REGULAR_SEASON,,40,Feb. 8 - - @ Iowa State W 77-61,opponent_resolved_site_pending,,MATCHED,BOOTSTRAP_SAME_SOURCE_SEQUENCE
ASRT-MIZ-02142,CBBG-0002142,missouri,MIZ-HIST-02142,historical_media_guide,1998-1999,1999-02-13,Colorado,colorado,Colorado,87,56,W,0,home_or_special_site_candidate,unknown,Hearnes Center,,,,,,REGULAR_SEASON,,40,Feb. 13 - - Colorado W 87-56,opponent_resolved_site_pending,,MATCHED,BOOTSTRAP_SAME_SOURCE_SEQUENCE
ASRT-MIZ-02143,CBBG-0002143,missouri,MIZ-HIST-02143,historical_media_guide,1998-1999,1999-02-15,Oklahoma,oklahoma,Oklahoma,57,69,L,0,home_or_special_site_candidate,unknown,Hearnes Center,,,,,,REGULAR_SEASON,,40,Feb. 15 - - Oklahoma L 57-69,opponent_resolved_site_pending,,MATCHED,BOOTSTRAP_SAME_SOURCE_SEQUENCE
ASRT-MIZ-02144,CBBG-0002144,missouri,MIZ-HIST-02144,historical_media_guide,1998-1999,1999-02-20,Oklahoma St.,oklahoma-state,Oklahoma State,68,84,L,0,away_candidate,unknown,,,,,,,REGULAR_SEASON,,40,Feb. 20 22 - @ Oklahoma St. L 68-84,opponent_resolved_site_pending,,MATCHED,BOOTSTRAP_SAME_SOURCE_SEQUENCE
ASRT-MIZ-02145,CBBG-0002145,missouri,MIZ-HIST-02145,historical_media_guide,1998-1999,1999-02-24,Iowa State,iowa-state,Iowa State,75,64,W,0,home_or_special_site_candidate,unknown,Hearnes Center,,,,,,REGULAR_SEASON,,40,Feb. 24 - - Iowa State W 75-64,opponent_resolved_site_pending,,MATCHED,BOOTSTRAP_SAME_SOURCE_SEQUENCE
ASRT-MIZ-02146,CBBG-0002146,missouri,MIZ-HIST-02146,historical_media_guide,1998-1999,1999-02-27,Texas,texas,Texas,54,47,W,0,away_candidate,unknown,,,,,,,REGULAR_SEASON,,40,Feb. 27 - 22 @ Texas W 54-47,opponent_resolved_site_pending,,MATCHED,BOOTSTRAP_SAME_SOURCE_SEQUENCE
ASRT-MIZ-02147,CBBG-0002147,missouri,MIZ-HIST-02147,historical_media_guide,1998-1999,1999-03-05,Kansas State,kansas-state,Kansas State,74,84,L,0,home_or_special_site_candidate,unknown,Kemper Arena,,,,"Big 12 Tournament, Kansas City",,CONFERENCE_TOURNAMENT,,40,Mar. 5 24 - #Kansas State L 74-84,opponent_resolved_site_pending,,MATCHED,BOOTSTRAP_SAME_SOURCE_SEQUENCE
ASRT-MIZ-02148,CBBG-0002148,missouri,MIZ-HIST-02148,historical_media_guide,1998-1999,1999-03-11,New Mexico,new-mexico,New Mexico,59,61,L,0,home_or_special_site_candidate,unknown,,,,,"NCAA Tournament, Denver",,NCAA_TOURNAMENT,R64,40,Mar. 11 - 25 +New Mexico L 59-61,opponent_resolved_site_pending,,MATCHED,BOOTSTRAP_SAME_SOURCE_SEQUENCE
ASRT-MIZ-02149,CBBG-0002149,missouri,MIZ-HIST-02149,historical_media_guide,1999-2000,1999-11-12,Wisconsin,wisconsin,Wisconsin,55,66,L,0,home_or_special_site_candidate,unknown,,,,,"NABC Classic, Syracuse",,REGULAR_SEASON,,40,Nov. 12 - - *Wisconsin L 55-66,opponent_resolved_site_pending,,MATCHED,BOOTSTRAP_SAME_SOURCE_SEQUENCE
ASRT-MIZ-02150,CBBG-0002150,missouri,MIZ-HIST-02150,historical_media_guide,1999-2000,1999-11-13,Princeton,princeton,Princeton,51,48,W,0,home_or_special_site_candidate,unknown,,,,,"NABC Classic, Syracuse",,REGULAR_SEASON,,40,Nov. 13 - - *Princeton W 51-48,opponent_resolved_site_pending,,MATCHED,BOOTSTRAP_SAME_SOURCE_SEQUENCE
ASRT-MIZ-02151,CBBG-0002151,missouri,MIZ-HIST-02151,historical_media_guide,1999-2000,1999-11-19,UNC-Asheville,unc-asheville,UNC Asheville,75,69,W,0,home_or_special_site_candidate,unknown,Hearnes Center,,,,,,REGULAR_SEASON,,40,Nov. 19 - - UNC-Asheville W 75-69,opponent_resolved_site_pending,,MATCHED,BOOTSTRAP_SAME_SOURCE_SEQUENCE
ASRT-MIZ-02152,CBBG-0002152,missouri,MIZ-HIST-02152,historical_media_guide,1999-2000,1999-11-21,Western Carolina,western-carolina,Western Carolina,85,68,W,0,home_or_special_site_candidate,unknown,Hearnes Center,,,,,,REGULAR_SEASON,,40,Nov. 21 - - Western Carolina W 85-68,opponent_resolved_site_pending,,MATCHED,BOOTSTRAP_SAME_SOURCE_SEQUENCE
ASRT-MIZ-02153,CBBG-0002153,missouri,MIZ-HIST-02153,historical_media_guide,1999-2000,1999-11-27,Morgan State,morgan-state,Morgan State,91,50,W,0,home_or_special_site_candidate,unknown,Hearnes Center,,,,,,REGULAR_SEASON,,40,Nov. 27 - - Morgan State W 91-50,opponent_resolved_site_pending,,MATCHED,BOOTSTRAP_SAME_SOURCE_SEQUENCE
ASRT-MIZ-02154,CBBG-0002154,missouri,MIZ-HIST-02154,historical_media_guide,1999-2000,1999-12-01,SMU,smu,SMU,63,60,W,0,home_or_special_site_candidate,unknown,Hearnes Center,,,,,,REGULAR_SEASON,,40,Dec. 1 - - SMU W 63-60,opponent_resolved_site_pending,,MATCHED,BOOTSTRAP_SAME_SOURCE_SEQUENCE
ASRT-MIZ-02155,CBBG-0002155,missouri,MIZ-HIST-02155,historical_media_guide,1999-2000,1999-12-07,Indiana,indiana,Indiana,68,73,L,0,home_or_special_site_candidate,unknown,Hearnes Center,,,,,,REGULAR_SEASON,,40,Dec. 7 - 15 Indiana L 68-73,opponent_resolved_site_pending,,MATCHED,BOOTSTRAP_SAME_SOURCE_SEQUENCE
ASRT-MIZ-02156,CBBG-0002156,missouri,MIZ-HIST-02156,historical_media_guide,1999-2000,1999-12-12,Saint Louis,saint-louis,Saint Louis,72,75,L,0,home_or_special_site_candidate,unknown,Hearnes Center,,,,,,REGULAR_SEASON,,40,Dec. 12 - - Saint Louis L 72-75,opponent_resolved_site_pending,,MATCHED,BOOTSTRAP_SAME_SOURCE_SEQUENCE
ASRT-MIZ-02157,CBBG-0002157,missouri,MIZ-HIST-02157,historical_media_guide,1999-2000,1999-12-18,Iowa,iowa,Iowa,72,61,W,0,home_or_special_site_candidate,unknown,Hearnes Center,,,,,,REGULAR_SEASON,,40,Dec. 18 - - Iowa W 72-61,opponent_resolved_site_pending,,MATCHED,BOOTSTRAP_SAME_SOURCE_SEQUENCE
ASRT-MIZ-02158,CBBG-0002158,missouri,MIZ-HIST-02158,historical_media_guide,1999-2000,1999-12-21,Illinois,illinois,Illinois,78,72,W,0,away_candidate,unknown,,,,,,,REGULAR_SEASON,,40,Dec. 21 - 15 @ Illinois W 78-72,opponent_resolved_site_pending,,MATCHED,BOOTSTRAP_SAME_SOURCE_SEQUENCE
ASRT-MIZ-02159,CBBG-0002159,missouri,MIZ-HIST-02159,historical_media_guide,1999-2000,1999-12-30,Kentucky,kentucky,Kentucky,53,70,L,0,home_or_special_site_candidate,unknown,,,,,"Sugar Bowl Classic, New Orleans",,REGULAR_SEASON,,40,Dec. 30 - - +Kentucky L 53-70,opponent_resolved_site_pending,,MATCHED,BOOTSTRAP_SAME_SOURCE_SEQUENCE
ASRT-MIZ-02160,CBBG-0002160,missouri,MIZ-HIST-02160,historical_media_guide,1999-2000,2000-01-04,Winthrop,winthrop,Winthrop,46,51,L,0,home_or_special_site_candidate,unknown,Hearnes Center,,,,,,REGULAR_SEASON,,40,Jan. 4 - - Winthrop L 46-51,opponent_resolved_site_pending,,MATCHED,BOOTSTRAP_SAME_SOURCE_SEQUENCE
ASRT-MIZ-02161,CBBG-0002161,missouri,MIZ-HIST-02161,historical_media_guide,1999-2000,2000-01-08,Iowa State,iowa-state,Iowa State,81,86,L,0,away_candidate,unknown,,,,,,,REGULAR_SEASON,,40,Jan. 8 - - @ Iowa State L 81-86,opponent_resolved_site_pending,,MATCHED,BOOTSTRAP_SAME_SOURCE_SEQUENCE
ASRT-MIZ-02162,CBBG-0002162,missouri,MIZ-HIST-02162,historical_media_guide,1999-2000,2000-01-12,Colorado,colorado,Colorado,100,86,W,0,home_or_special_site_candidate,unknown,Hearnes Center,,,,,,REGULAR_SEASON,,40,Jan. 12 - - Colorado W 100-86,opponent_resolved_site_pending,,MATCHED,BOOTSTRAP_SAME_SOURCE_SEQUENCE
ASRT-MIZ-02163,CBBG-0002163,missouri,MIZ-HIST-02163,historical_media_guide,1999-2000,2000-01-15,Kansas State,kansas-state,Kansas State,73,56,W,0,home_or_special_site_candidate,unknown,Hearnes Center,,,,,,REGULAR_SEASON,,40,Jan. 15 - - Kansas State W 73-56,opponent_resolved_site_pending,,MATCHED,BOOTSTRAP_SAME_SOURCE_SEQUENCE
ASRT-MIZ-02164,CBBG-0002164,missouri,MIZ-HIST-02164,historical_media_guide,1999-2000,2000-01-18,Baylor,baylor,Baylor,74,72,W,0,away_candidate,unknown,,,,,,,REGULAR_SEASON,,40,Jan. 18 - - @ Baylor W 74-72,opponent_resolved_site_pending,,MATCHED,BOOTSTRAP_SAME_SOURCE_SEQUENCE
ASRT-MIZ-02165,CBBG-0002165,missouri,MIZ-HIST-02165,historical_media_guide,1999-2000,2000-01-22,Kansas,kansas,Kansas,81,59,W,0,home_or_special_site_candidate,unknown,Hearnes Center,,,,,,REGULAR_SEASON,,40,Jan. 22 - 7 Kansas W 81-59,opponent_resolved_site_pending,,MATCHED,BOOTSTRAP_SAME_SOURCE_SEQUENCE
ASRT-MIZ-02166,CBBG-0002166,missouri,MIZ-HIST-02166,historical_media_guide,1999-2000,2000-01-29,Texas A&M,texas-a-m,Texas A&M,93,62,W,0,home_or_special_site_candidate,unknown,Hearnes Center,,,,,,REGULAR_SEASON,,40,Jan. 29 - - Texas A&M W 93-62,opponent_resolved_site_pending,,MATCHED,BOOTSTRAP_SAME_SOURCE_SEQUENCE
ASRT-MIZ-02167,CBBG-0002167,missouri,MIZ-HIST-02167,historical_media_guide,1999-2000,2000-02-02,Colorado,colorado,Colorado,86,81,W,0,away_candidate,unknown,,,,,,,REGULAR_SEASON,,40,Feb. 2 - - @ Colorado W 86-81,opponent_resolved_site_pending,,MATCHED,BOOTSTRAP_SAME_SOURCE_SEQUENCE
ASRT-MIZ-02168,CBBG-0002168,missouri,MIZ-HIST-02168,historical_media_guide,1999-2000,2000-02-05,Nebraska,nebraska,Nebraska,84,78,W,0,away_candidate,unknown,,,,,,,REGULAR_SEASON,,40,Feb. 5 - - @ Nebraska W 84-78,opponent_resolved_site_pending,,MATCHED,BOOTSTRAP_SAME_SOURCE_SEQUENCE
ASRT-MIZ-02169,CBBG-0002169,missouri,MIZ-HIST-02169,historical_media_guide,1999-2000,2000-02-09,Iowa State,iowa-state,Iowa State,62,72,L,0,home_or_special_site_candidate,unknown,Hearnes Center,,,,,,REGULAR_SEASON,,40,Feb. 9 - 17 Iowa State L 62-72,opponent_resolved_site_pending,,MATCHED,BOOTSTRAP_SAME_SOURCE_SEQUENCE
ASRT-MIZ-02170,CBBG-0002170,missouri,MIZ-HIST-02170,historical_media_guide,1999-2000,2000-02-12,Texas,texas,Texas,63,66,L,0,home_or_special_site_candidate,unknown,Hearnes Center,,,,,,REGULAR_SEASON,,40,Feb. 12 - 18 Texas L 63-66,opponent_resolved_site_pending,,MATCHED,BOOTSTRAP_SAME_SOURCE_SEQUENCE
ASRT-MIZ-02171,CBBG-0002171,missouri,MIZ-HIST-02171,historical_media_guide,1999-2000,2000-02-15,Texas Tech,texas-tech,Texas Tech,86,76,W,0,away_candidate,unknown,,,,,,,REGULAR_SEASON,,40,Feb. 15 - - @ Texas Tech W 86-76,opponent_resolved_site_pending,,MATCHED,BOOTSTRAP_SAME_SOURCE_SEQUENCE
ASRT-MIZ-02172,CBBG-0002172,missouri,MIZ-HIST-02172,historical_media_guide,1999-2000,2000-02-19,Kansas State,kansas-state,Kansas State,84,74,W,0,away_candidate,unknown,,,,,,,REGULAR_SEASON,,40,Feb. 19 - - @ Kansas State W 84-74,opponent_resolved_site_pending,,MATCHED,BOOTSTRAP_SAME_SOURCE_SEQUENCE
ASRT-MIZ-02173,CBBG-0002173,missouri,MIZ-HIST-02173,historical_media_guide,1999-2000,2000-02-21,Okla. State,oklahoma-state,Oklahoma State,72,84,L,0,home_or_special_site_candidate,unknown,Hearnes Center,,,,,,REGULAR_SEASON,,40,Feb. 21 - 8 Okla. State L 72-84,opponent_resolved_site_pending,,MATCHED,BOOTSTRAP_SAME_SOURCE_SEQUENCE
ASRT-MIZ-02174,CBBG-0002174,missouri,MIZ-HIST-02174,historical_media_guide,1999-2000,2000-02-26,Oklahoma,oklahoma,Oklahoma,56,83,L,0,away_candidate,unknown,,,,,,,REGULAR_SEASON,,40,Feb. 26 - 20 @ Oklahoma L 56-83,opponent_resolved_site_pending,,MATCHED,BOOTSTRAP_SAME_SOURCE_SEQUENCE
ASRT-MIZ-02175,CBBG-0002175,missouri,MIZ-HIST-02175,historical_media_guide,1999-2000,2000-03-01,Nebraska,nebraska,Nebraska,86,72,W,0,home_or_special_site_candidate,unknown,Hearnes Center,,,,,,REGULAR_SEASON,,40,Mar. 1 - - Nebraska W 86-72,opponent_resolved_site_pending,,MATCHED,BOOTSTRAP_SAME_SOURCE_SEQUENCE
ASRT-MIZ-02176,CBBG-0002176,missouri,MIZ-HIST-02176,historical_media_guide,1999-2000,2000-03-05,Kansas,kansas,Kansas,82,83,L,0,away_candidate,unknown,,,,,,,REGULAR_SEASON,,40,Mar. 5 - 23 @ Kansas L 82-83,opponent_resolved_site_pending,,MATCHED,BOOTSTRAP_SAME_SOURCE_SEQUENCE
ASRT-MIZ-02177,CBBG-0002177,missouri,MIZ-HIST-02177,historical_media_guide,1999-2000,2000-03-09,Texas Tech,texas-tech,Texas Tech,80,47,W,0,home_or_special_site_candidate,unknown,Kemper Arena,,,,"Big 12 Tournament, Kansas City",,CONFERENCE_TOURNAMENT,,40,Mar. 9 - - #Texas Tech W 80-47,opponent_resolved_site_pending,,MATCHED,BOOTSTRAP_SAME_SOURCE_SEQUENCE
ASRT-MIZ-02178,CBBG-0002178,missouri,MIZ-HIST-02178,historical_media_guide,1999-2000,2000-03-10,Oklahoma,oklahoma,Oklahoma,80,84,L,0,home_or_special_site_candidate,unknown,Kemper Arena,,,,"Big 12 Tournament, Kansas City",,CONFERENCE_TOURNAMENT,,40,Mar. 10 - 15 #Oklahoma L 80-84,opponent_resolved_site_pending,,MATCHED,BOOTSTRAP_SAME_SOURCE_SEQUENCE
ASRT-MIZ-02179,CBBG-0002179,missouri,MIZ-HIST-02179,historical_media_guide,1999-2000,2000-03-17,North Carolina,north-carolina,North Carolina,70,84,L,0,home_or_special_site_candidate,unknown,,,,,"NCAA Tournament, Birmingham",,NCAA_TOURNAMENT,R64,40,Mar. 17 - - %North Carolina L 70-84,opponent_resolved_site_pending,,MATCHED,BOOTSTRAP_SAME_SOURCE_SEQUENCE
ASRT-MIZ-02180,CBBG-0002180,missouri,MIZ-HIST-02180,historical_media_guide,2000-2001,2000-11-17,Savannah State,savannah-state,Savannah State,90,49,W,0,home_or_special_site_candidate,unknown,Hearnes Center,,,,,,REGULAR_SEASON,,40,Nov. 17 - - Savannah State W 90-49,opponent_resolved_site_pending,,MATCHED,BOOTSTRAP_SAME_SOURCE_SEQUENCE
ASRT-MIZ-02181,CBBG-0002181,missouri,MIZ-HIST-02181,historical_media_guide,2000-2001,2000-11-22,Rhode Island,rhode-island,Rhode Island,70,60,W,0,home_or_special_site_candidate,unknown,,,,,"Great Alaska Shootout, Anchorage",,REGULAR_SEASON,,40,Nov. 22 - - *Rhode Island W 70-60,opponent_resolved_site_pending,,MATCHED,BOOTSTRAP_SAME_SOURCE_SEQUENCE
ASRT-MIZ-02182,CBBG-0002182,missouri,MIZ-HIST-02182,historical_media_guide,2000-2001,2000-11-24,Valparaiso,valparaiso,Valparaiso,77,61,W,0,home_or_special_site_candidate,unknown,,,,,"Great Alaska Shootout, Anchorage",,REGULAR_SEASON,,40,Nov. 24 - - *Valparaiso W 77-61,opponent_resolved_site_pending,,MATCHED,BOOTSTRAP_SAME_SOURCE_SEQUENCE
ASRT-MIZ-02183,CBBG-0002183,missouri,MIZ-HIST-02183,historical_media_guide,2000-2001,2000-11-25,Syracuse,syracuse,Syracuse,62,84,L,0,home_or_special_site_candidate,unknown,,,,,"Great Alaska Shootout, Anchorage",,REGULAR_SEASON,,40,Nov. 25 - - *Syracuse L 62-84,opponent_resolved_site_pending,,MATCHED,BOOTSTRAP_SAME_SOURCE_SEQUENCE
ASRT-MIZ-02184,CBBG-0002184,missouri,MIZ-HIST-02184,historical_media_guide,2000-2001,2000-12-02,Texas-Pan Amer.,utrgv,UTRGV,78,57,W,0,home_or_special_site_candidate,unknown,Hearnes Center,,,,,,REGULAR_SEASON,,40,Dec. 2 - - Texas-Pan Amer. W 78-57,opponent_resolved_site_pending,,MATCHED,BOOTSTRAP_SAME_SOURCE_SEQUENCE
ASRT-MIZ-02185,CBBG-0002185,missouri,MIZ-HIST-02185,historical_media_guide,2000-2001,2000-12-06,DePaul,depaul,DePaul,99,84,W,0,home_or_special_site_candidate,unknown,Hearnes Center,,,,,,REGULAR_SEASON,,40,Dec. 6 - - DePaul W 99-84,opponent_resolved_site_pending,,MATCHED,BOOTSTRAP_SAME_SOURCE_SEQUENCE
ASRT-MIZ-02186,CBBG-0002186,missouri,MIZ-HIST-02186,historical_media_guide,2000-2001,2000-12-09,Saint Louis,saint-louis,Saint Louis,77,73,W,0,home_or_special_site_candidate,unknown,Hearnes Center,,,,,,REGULAR_SEASON,,40,Dec. 9 - - Saint Louis W 77-73,opponent_resolved_site_pending,,MATCHED,BOOTSTRAP_SAME_SOURCE_SEQUENCE
ASRT-MIZ-02187,CBBG-0002187,missouri,MIZ-HIST-02187,historical_media_guide,2000-2001,2000-12-16,Iowa,iowa,Iowa,94,99,L,0,away_candidate,unknown,,,,,,,REGULAR_SEASON,,40,Dec. 16 - 22 @ Iowa (2OT) L 94-99,opponent_resolved_site_pending,,MATCHED,BOOTSTRAP_SAME_SOURCE_SEQUENCE
ASRT-MIZ-02188,CBBG-0002188,missouri,MIZ-HIST-02188,historical_media_guide,2000-2001,2000-12-18,Indiana,indiana,Indiana,68,63,W,0,away_candidate,unknown,,,,,,,REGULAR_SEASON,,40,Dec. 18 - - @ Indiana W 68-63,opponent_resolved_site_pending,,MATCHED,BOOTSTRAP_SAME_SOURCE_SEQUENCE
ASRT-MIZ-02189,CBBG-0002189,missouri,MIZ-HIST-02189,historical_media_guide,2000-2001,2000-12-21,Illinois,illinois,Illinois,81,86,L,0,away_candidate,unknown,,,,,,,REGULAR_SEASON,,40,Dec. 21 - 5 @ Illinois (OT) L 81-86,opponent_resolved_site_pending,,MATCHED,BOOTSTRAP_SAME_SOURCE_SEQUENCE
ASRT-MIZ-02190,CBBG-0002190,missouri,MIZ-HIST-02190,historical_media_guide,2000-2001,2000-12-30,Stetson,stetson,Stetson,89,64,W,0,home_or_special_site_candidate,unknown,Hearnes Center,,,,,,REGULAR_SEASON,,40,Dec. 30 - - Stetson W 89-64,opponent_resolved_site_pending,,MATCHED,BOOTSTRAP_SAME_SOURCE_SEQUENCE
ASRT-MIZ-02191,CBBG-0002191,missouri,MIZ-HIST-02191,historical_media_guide,2000-2001,2001-01-02,Coastal Carolina,coastal-carolina,Coastal Carolina,75,61,W,0,home_or_special_site_candidate,unknown,Hearnes Center,,,,,,REGULAR_SEASON,,40,Jan. 2 - - Coastal Carolina W 75-61,opponent_resolved_site_pending,,MATCHED,BOOTSTRAP_SAME_SOURCE_SEQUENCE
ASRT-MIZ-02192,CBBG-0002192,missouri,MIZ-HIST-02192,historical_media_guide,2000-2001,2001-01-06,Nebraska,nebraska,Nebraska,68,66,W,0,home_or_special_site_candidate,unknown,Hearnes Center,,,,,,REGULAR_SEASON,,40,Jan. 6 - - Nebraska W 68-66,opponent_resolved_site_pending,,MATCHED,BOOTSTRAP_SAME_SOURCE_SEQUENCE
ASRT-MIZ-02193,CBBG-0002193,missouri,MIZ-HIST-02193,historical_media_guide,2000-2001,2001-01-10,Colorado,colorado,Colorado,82,76,W,0,away_candidate,unknown,,,,,,,REGULAR_SEASON,,40,Jan. 10 - - @ Colorado W 82-76,opponent_resolved_site_pending,,MATCHED,BOOTSTRAP_SAME_SOURCE_SEQUENCE
ASRT-MIZ-02194,CBBG-0002194,missouri,MIZ-HIST-02194,historical_media_guide,2000-2001,2001-01-13,Iowa St.,iowa-state,Iowa State,112,109,W,0,home_or_special_site_candidate,unknown,Hearnes Center,,,,,,REGULAR_SEASON,,40,Jan. 13 - 18 Iowa St. (4OT) W 112-109,opponent_resolved_site_pending,,MATCHED,BOOTSTRAP_SAME_SOURCE_SEQUENCE
ASRT-MIZ-02195,CBBG-0002195,missouri,MIZ-HIST-02195,historical_media_guide,2000-2001,2001-01-16,Kansas State,kansas-state,Kansas State,59,80,L,0,away_candidate,unknown,,,,,,,REGULAR_SEASON,,40,Jan. 16 20 - @ Kansas State L 59-80,opponent_resolved_site_pending,,MATCHED,BOOTSTRAP_SAME_SOURCE_SEQUENCE
ASRT-MIZ-02196,CBBG-0002196,missouri,MIZ-HIST-02196,historical_media_guide,2000-2001,2001-01-20,Virginia,virginia,Virginia,72,85,L,0,away_candidate,unknown,,,,,,,REGULAR_SEASON,,40,Jan. 20 20 13 @ Virginia L 72-85,opponent_resolved_site_pending,,MATCHED,BOOTSTRAP_SAME_SOURCE_SEQUENCE
ASRT-MIZ-02197,CBBG-0002197,missouri,MIZ-HIST-02197,historical_media_guide,2000-2001,2001-01-24,Nebraska,nebraska,Nebraska,79,85,L,0,away_candidate,unknown,,,,,,,REGULAR_SEASON,,40,Jan. 24 - - @ Nebraska L 79-85,opponent_resolved_site_pending,,MATCHED,BOOTSTRAP_SAME_SOURCE_SEQUENCE
ASRT-MIZ-02198,CBBG-0002198,missouri,MIZ-HIST-02198,historical_media_guide,2000-2001,2001-01-27,Texas Tech,texas-tech,Texas Tech,66,64,W,0,home_or_special_site_candidate,unknown,Hearnes Center,,,,,,REGULAR_SEASON,,40,Jan. 27 - - Texas Tech W 66-64,opponent_resolved_site_pending,,MATCHED,BOOTSTRAP_SAME_SOURCE_SEQUENCE
ASRT-MIZ-02199,CBBG-0002199,missouri,MIZ-HIST-02199,historical_media_guide,2000-2001,2001-01-29,Kansas,kansas,Kansas,75,66,W,0,home_or_special_site_candidate,unknown,Hearnes Center,,,,,,REGULAR_SEASON,,40,Jan. 29 - 4 Kansas W 75-66,opponent_resolved_site_pending,,MATCHED,BOOTSTRAP_SAME_SOURCE_SEQUENCE
ASRT-MIZ-02200,CBBG-0002200,missouri,MIZ-HIST-02200,historical_media_guide,2000-2001,2001-02-05,Oklahoma State,oklahoma-state,Oklahoma State,66,69,L,0,away_candidate,unknown,,,,,,,REGULAR_SEASON,,40,Feb. 5 - - @ Oklahoma State L 66-69,opponent_resolved_site_pending,,MATCHED,BOOTSTRAP_SAME_SOURCE_SEQUENCE
ASRT-MIZ-02201,CBBG-0002201,missouri,MIZ-HIST-02201,historical_media_guide,2000-2001,2001-02-07,Kansas State,kansas-state,Kansas State,70,66,W,0,home_or_special_site_candidate,unknown,Hearnes Center,,,,,,REGULAR_SEASON,,40,Feb. 7 - - Kansas State W 70-66,opponent_resolved_site_pending,,MATCHED,BOOTSTRAP_SAME_SOURCE_SEQUENCE
ASRT-MIZ-02202,CBBG-0002202,missouri,MIZ-HIST-02202,historical_media_guide,2000-2001,2001-02-11,Iowa State,iowa-state,Iowa State,64,72,L,0,away_candidate,unknown,,,,,,,REGULAR_SEASON,,40,Feb. 11 - 12 @ Iowa State L 64-72,opponent_resolved_site_pending,,MATCHED,BOOTSTRAP_SAME_SOURCE_SEQUENCE
ASRT-MIZ-02203,CBBG-0002203,missouri,MIZ-HIST-02203,historical_media_guide,2000-2001,2001-02-14,Colorado,colorado,Colorado,80,69,W,0,home_or_special_site_candidate,unknown,Hearnes Center,,,,,,REGULAR_SEASON,,40,Feb. 14 - - Colorado W 80-69,opponent_resolved_site_pending,,MATCHED,BOOTSTRAP_SAME_SOURCE_SEQUENCE
ASRT-MIZ-02204,CBBG-0002204,missouri,MIZ-HIST-02204,historical_media_guide,2000-2001,2001-02-17,Texas A&M,texas-a-m,Texas A&M,97,90,W,0,away_candidate,unknown,,,,,,,REGULAR_SEASON,,40,Feb. 17 - - @ Texas A&M W 97-90,opponent_resolved_site_pending,,MATCHED,BOOTSTRAP_SAME_SOURCE_SEQUENCE
ASRT-MIZ-02205,CBBG-0002205,missouri,MIZ-HIST-02205,historical_media_guide,2000-2001,2001-02-19,Oklahoma,oklahoma,Oklahoma,61,63,L,0,home_or_special_site_candidate,unknown,Hearnes Center,,,,,,REGULAR_SEASON,,40,Feb. 19 - 13 Oklahoma L 61-63,opponent_resolved_site_pending,,MATCHED,BOOTSTRAP_SAME_SOURCE_SEQUENCE
ASRT-MIZ-02206,CBBG-0002206,missouri,MIZ-HIST-02206,historical_media_guide,2000-2001,2001-02-24,Baylor,baylor,Baylor,69,59,W,0,home_or_special_site_candidate,unknown,Hearnes Center,,,,,,REGULAR_SEASON,,40,Feb. 24 - - Baylor W 69-59,opponent_resolved_site_pending,,MATCHED,BOOTSTRAP_SAME_SOURCE_SEQUENCE
ASRT-MIZ-02207,CBBG-0002207,missouri,MIZ-HIST-02207,historical_media_guide,2000-2001,2001-02-26,Texas,texas,Texas,61,76,L,0,away_candidate,unknown,,,,,,,REGULAR_SEASON,,40,Feb. 26 - - @ Texas L 61-76,opponent_resolved_site_pending,,MATCHED,BOOTSTRAP_SAME_SOURCE_SEQUENCE
ASRT-MIZ-02208,CBBG-0002208,missouri,MIZ-HIST-02208,historical_media_guide,2000-2001,2001-03-04,Kansas,kansas,Kansas,59,75,L,0,away_candidate,unknown,,,,,,,REGULAR_SEASON,,40,Mar. 4 - 10 @ Kansas L 59-75,opponent_resolved_site_pending,,MATCHED,BOOTSTRAP_SAME_SOURCE_SEQUENCE
ASRT-MIZ-02209,CBBG-0002209,missouri,MIZ-HIST-02209,historical_media_guide,2000-2001,2001-03-08,Texas A&M,texas-a-m,Texas A&M,77,62,W,0,home_or_special_site_candidate,unknown,Kemper Arena,,,,"Big 12 Tournament, Kansas City",,CONFERENCE_TOURNAMENT,,40,Mar. 8 - - #Texas A&M W 77-62,opponent_resolved_site_pending,,MATCHED,BOOTSTRAP_SAME_SOURCE_SEQUENCE
ASRT-MIZ-02210,CBBG-0002210,missouri,MIZ-HIST-02210,historical_media_guide,2000-2001,2001-03-09,Oklahoma,oklahoma,Oklahoma,65,67,L,0,home_or_special_site_candidate,unknown,Kemper Arena,,,,"Big 12 Tournament, Kansas City",,CONFERENCE_TOURNAMENT,,40,Mar. 9 - 16 #Oklahoma L 65-67,opponent_resolved_site_pending,,MATCHED,BOOTSTRAP_SAME_SOURCE_SEQUENCE
ASRT-MIZ-02211,CBBG-0002211,missouri,MIZ-HIST-02211,historical_media_guide,2000-2001,2001-03-15,Georgia,georgia,Georgia,70,68,W,0,home_or_special_site_candidate,unknown,,,,,"NCAA Tournament, Greensboro",,NCAA_TOURNAMENT,R64,40,Mar. 15 - - %Georgia W 70-68,opponent_resolved_site_pending,,MATCHED,BOOTSTRAP_SAME_SOURCE_SEQUENCE
ASRT-MIZ-02212,CBBG-0002212,missouri,MIZ-HIST-02212,historical_media_guide,2000-2001,2001-03-17,Duke,duke,Duke,81,94,L,0,home_or_special_site_candidate,unknown,,,,,"NCAA Tournament, Greensboro",,NCAA_TOURNAMENT,R32,40,Mar. 17 - 1 %Duke L 81-94,opponent_resolved_site_pending,,MATCHED,BOOTSTRAP_SAME_SOURCE_SEQUENCE
ASRT-MIZ-02213,CBBG-0002213,missouri,MIZ-HIST-02213,historical_media_guide,2001-2002,2001-11-13,Tennessee-Martin,ut-martin,UT Martin,89,63,W,0,home_or_special_site_candidate,unknown,Kemper Arena,,,,"NABC Guardians Classic (Columbia and Kansas City, Mo.)",,REGULAR_SEASON,,40,Nov. 13 8 - *Tennessee-Martin W 89-63,opponent_resolved_site_pending,,MATCHED,BOOTSTRAP_SAME_SOURCE_SEQUENCE
ASRT-MIZ-02214,CBBG-0002214,missouri,MIZ-HIST-02214,historical_media_guide,2001-2002,2001-11-22,Air Force,air-force,Air Force,86,58,W,0,home_or_special_site_candidate,unknown,Kemper Arena,,,,"NABC Guardians Classic (Columbia and Kansas City, Mo.)",,REGULAR_SEASON,,40,Nov. 22 8 - *Air Force W 86-58,opponent_resolved_site_pending,,MATCHED,BOOTSTRAP_SAME_SOURCE_SEQUENCE
ASRT-MIZ-02215,CBBG-0002215,missouri,MIZ-HIST-02215,historical_media_guide,2001-2002,2001-11-20,Alabama,alabama,Alabama,75,68,W,0,home_or_special_site_candidate,unknown,Kemper Arena,,,,"NABC Guardians Classic (Columbia and Kansas City, Mo.)",,REGULAR_SEASON,,40,Nov. 20 5 22 *Alabama W 75-68,opponent_resolved_site_pending,,MATCHED,BOOTSTRAP_SAME_SOURCE_SEQUENCE
ASRT-MIZ-02216,CBBG-0002216,missouri,MIZ-HIST-02216,historical_media_guide,2001-2002,2001-11-21,Iowa,iowa,Iowa,78,77,W,0,home_or_special_site_candidate,unknown,Kemper Arena,,,,"NABC Guardians Classic (Columbia and Kansas City, Mo.)",,REGULAR_SEASON,,40,Nov. 21 5 9 *Iowa W 78-77,opponent_resolved_site_pending,,MATCHED,BOOTSTRAP_SAME_SOURCE_SEQUENCE
ASRT-MIZ-02217,CBBG-0002217,missouri,MIZ-HIST-02217,historical_media_guide,2001-2002,2001-11-24,Xavier,xavier,Xavier,72,60,W,0,home_or_special_site_candidate,unknown,,,,,"The Wooden Classic (Indianapolis, Ind.)",,REGULAR_SEASON,,40,Nov. 24 5 - %Xavier W 72-60,opponent_resolved_site_pending,,MATCHED,BOOTSTRAP_SAME_SOURCE_SEQUENCE
ASRT-MIZ-02218,CBBG-0002218,missouri,MIZ-HIST-02218,historical_media_guide,2001-2002,2001-11-29,Jackson State,jackson-state,Jackson State,106,68,W,0,home_or_special_site_candidate,unknown,Hearnes Center,,,,,,REGULAR_SEASON,,41,Nov. 29 3 - Jackson State W 106-68,opponent_resolved_site_pending,,MATCHED,BOOTSTRAP_SAME_SOURCE_SEQUENCE
ASRT-MIZ-02219,CBBG-0002219,missouri,MIZ-HIST-02219,historical_media_guide,2001-2002,2001-12-01,Grambling,grambling,Grambling,100,76,W,0,home_or_special_site_candidate,unknown,Hearnes Center,,,,,,REGULAR_SEASON,,41,Dec. 1 3 - Grambling W 100-76,opponent_resolved_site_pending,,MATCHED,BOOTSTRAP_SAME_SOURCE_SEQUENCE
ASRT-MIZ-02220,CBBG-0002220,missouri,MIZ-HIST-02220,historical_media_guide,2001-2002,2001-12-03,St. Louis,saint-louis,Saint Louis,69,67,W,0,away_candidate,unknown,,,,,,,REGULAR_SEASON,,41,Dec. 3 3 - @ St. Louis W 69-67,opponent_resolved_site_pending,,MATCHED,BOOTSTRAP_SAME_SOURCE_SEQUENCE
ASRT-MIZ-02221,CBBG-0002221,missouri,MIZ-HIST-02221,historical_media_guide,2001-2002,2001-12-06,Southern,southern,Southern,117,67,W,0,home_or_special_site_candidate,unknown,Hearnes Center,,,,,,REGULAR_SEASON,,41,Dec. 6 2 - Southern W 117-67,opponent_resolved_site_pending,,MATCHED,BOOTSTRAP_SAME_SOURCE_SEQUENCE
ASRT-MIZ-02222,CBBG-0002222,missouri,MIZ-HIST-02222,historical_media_guide,2001-2002,2001-12-15,Iowa,iowa,Iowa,65,83,L,0,home_or_special_site_candidate,unknown,Hearnes Center,,,,,,REGULAR_SEASON,,41,Dec. 15 2 - Iowa L 65-83,opponent_resolved_site_pending,,MATCHED,BOOTSTRAP_SAME_SOURCE_SEQUENCE
ASRT-MIZ-02223,CBBG-0002223,missouri,MIZ-HIST-02223,historical_media_guide,2001-2002,2001-12-22,Illinois,illinois,Illinois,61,72,L,0,home_or_special_site_candidate,unknown,Enterprise Center,,,,"Busch Braggin’ Rights Game (St. Louis, Mo.)",,REGULAR_SEASON,,41,Dec. 22 8 9 ^Illinois L 61-72,opponent_resolved_site_pending,,MATCHED,BOOTSTRAP_SAME_SOURCE_SEQUENCE
ASRT-MIZ-02224,CBBG-0002224,missouri,MIZ-HIST-02224,historical_media_guide,2001-2002,2001-12-29,DePaul,depaul,DePaul,62,63,L,0,away_candidate,unknown,,,,,,,REGULAR_SEASON,,41,Dec. 29 10 - @ DePaul L 62-63,opponent_resolved_site_pending,,MATCHED,BOOTSTRAP_SAME_SOURCE_SEQUENCE
ASRT-MIZ-02225,CBBG-0002225,missouri,MIZ-HIST-02225,historical_media_guide,2001-2002,2002-01-02,Coppin State,coppin-state,Coppin State,74,47,W,0,home_or_special_site_candidate,unknown,Hearnes Center,,,,,,REGULAR_SEASON,,41,Jan. 2 17 - Coppin State W 74-47,opponent_resolved_site_pending,,MATCHED,BOOTSTRAP_SAME_SOURCE_SEQUENCE
ASRT-MIZ-02226,CBBG-0002226,missouri,MIZ-HIST-02226,historical_media_guide,2001-2002,2002-01-05,Nebraska,nebraska,Nebraska,60,53,W,0,home_or_special_site_candidate,unknown,Hearnes Center,,,,,,REGULAR_SEASON,,41,Jan. 5 17 - Nebraska W 60-53,opponent_resolved_site_pending,,MATCHED,BOOTSTRAP_SAME_SOURCE_SEQUENCE
ASRT-MIZ-02227,CBBG-0002227,missouri,MIZ-HIST-02227,historical_media_guide,2001-2002,2002-01-09,Iowa State,iowa-state,Iowa State,67,71,L,0,away_candidate,unknown,,,,,,,REGULAR_SEASON,,41,Jan. 9 17 - @ Iowa State L 67-71,opponent_resolved_site_pending,,MATCHED,BOOTSTRAP_SAME_SOURCE_SEQUENCE
ASRT-MIZ-02228,CBBG-0002228,missouri,MIZ-HIST-02228,historical_media_guide,2001-2002,2002-01-12,Kansas State,kansas-state,Kansas State,81,66,W,0,away_candidate,unknown,,,,,,,REGULAR_SEASON,,41,Jan. 12 17 - @ Kansas State W 81-66,opponent_resolved_site_pending,,MATCHED,BOOTSTRAP_SAME_SOURCE_SEQUENCE
ASRT-MIZ-02229,CBBG-0002229,missouri,MIZ-HIST-02229,historical_media_guide,2001-2002,2002-01-16,Texas A&M,texas-a-m,Texas A&M,74,50,W,0,home_or_special_site_candidate,unknown,Hearnes Center,,,,,,REGULAR_SEASON,,41,Jan. 16 21 - Texas A&M W 74-50,opponent_resolved_site_pending,,MATCHED,BOOTSTRAP_SAME_SOURCE_SEQUENCE
ASRT-MIZ-02230,CBBG-0002230,missouri,MIZ-HIST-02230,historical_media_guide,2001-2002,2002-01-19,Colorado,colorado,Colorado,92,77,W,0,home_or_special_site_candidate,unknown,Hearnes Center,,,,,,REGULAR_SEASON,,41,Jan. 19 21 - Colorado W 92-77,opponent_resolved_site_pending,,MATCHED,BOOTSTRAP_SAME_SOURCE_SEQUENCE
ASRT-MIZ-02231,CBBG-0002231,missouri,MIZ-HIST-02231,historical_media_guide,2001-2002,2002-01-21,Oklahoma,oklahoma,Oklahoma,71,84,L,0,away_candidate,unknown,,,,,,,REGULAR_SEASON,,41,Jan. 21 21 5 @ Oklahoma L 71-84,opponent_resolved_site_pending,,MATCHED,BOOTSTRAP_SAME_SOURCE_SEQUENCE
ASRT-MIZ-02232,CBBG-0002232,missouri,MIZ-HIST-02232,historical_media_guide,2001-2002,2002-01-26,Kansas State,kansas-state,Kansas State,86,74,W,0,home_or_special_site_candidate,unknown,Hearnes Center,,,,,,REGULAR_SEASON,,41,Jan. 26 18 - Kansas State W 86-74,opponent_resolved_site_pending,,MATCHED,BOOTSTRAP_SAME_SOURCE_SEQUENCE
ASRT-MIZ-02233,CBBG-0002233,missouri,MIZ-HIST-02233,historical_media_guide,2001-2002,2002-01-28,Kansas,kansas,Kansas,73,105,L,0,away_candidate,unknown,,,,,,,REGULAR_SEASON,,41,Jan. 28 18 2 @ Kansas L 73-105,opponent_resolved_site_pending,,MATCHED,BOOTSTRAP_SAME_SOURCE_SEQUENCE
ASRT-MIZ-02234,CBBG-0002234,missouri,MIZ-HIST-02234,historical_media_guide,2001-2002,2002-02-03,Virginia,virginia,Virginia,81,77,W,0,home_or_special_site_candidate,unknown,Hearnes Center,,,,,,REGULAR_SEASON,,41,Feb. 3 22 8 Virginia W 81-77,opponent_resolved_site_pending,,MATCHED,BOOTSTRAP_SAME_SOURCE_SEQUENCE
ASRT-MIZ-02235,CBBG-0002235,missouri,MIZ-HIST-02235,historical_media_guide,2001-2002,2002-02-06,Iowa State,iowa-state,Iowa State,76,73,W,0,home_or_special_site_candidate,unknown,Hearnes Center,,,,,,REGULAR_SEASON,,41,Feb. 6 22 - Iowa State W 76-73,opponent_resolved_site_pending,,MATCHED,BOOTSTRAP_SAME_SOURCE_SEQUENCE
ASRT-MIZ-02236,CBBG-0002236,missouri,MIZ-HIST-02236,historical_media_guide,2001-2002,2002-02-09,Baylor,baylor,Baylor,81,80,W,0,away_candidate,unknown,,,,,,,REGULAR_SEASON,,41,Feb. 9 22 - @ Baylor W 80-81,opponent_resolved_site_pending,,MATCHED,BOOTSTRAP_SAME_SOURCE_SEQUENCE
ASRT-MIZ-02237,CBBG-0002237,missouri,MIZ-HIST-02237,historical_media_guide,2001-2002,2002-02-13,Nebraska,nebraska,Nebraska,87,71,W,0,away_candidate,unknown,,,,,,,REGULAR_SEASON,,41,Feb. 13 - - @ Nebraska W 87-71,opponent_resolved_site_pending,,MATCHED,BOOTSTRAP_SAME_SOURCE_SEQUENCE
ASRT-MIZ-02238,CBBG-0002238,missouri,MIZ-HIST-02238,historical_media_guide,2001-2002,2002-02-17,Texas,texas,Texas,70,72,L,0,home_or_special_site_candidate,unknown,Hearnes Center,,,,,,REGULAR_SEASON,,41,Feb. 17 - - Texas L 70-72,opponent_resolved_site_pending,,MATCHED,BOOTSTRAP_SAME_SOURCE_SEQUENCE
ASRT-MIZ-02239,CBBG-0002239,missouri,MIZ-HIST-02239,historical_media_guide,2001-2002,2002-02-20,Texas Tech,texas-tech,Texas Tech,68,91,L,0,away_candidate,unknown,,,,,,,REGULAR_SEASON,,41,Feb. 20 - - @ Texas Tech L 68-91,opponent_resolved_site_pending,,MATCHED,BOOTSTRAP_SAME_SOURCE_SEQUENCE
ASRT-MIZ-02240,CBBG-0002240,missouri,MIZ-HIST-02240,historical_media_guide,2001-2002,2002-02-23,Colorado,colorado,Colorado,96,83,W,0,away_candidate,unknown,,,,,,,REGULAR_SEASON,,41,Feb. 23 - - @ Colorado W 96-83,opponent_resolved_site_pending,,MATCHED,BOOTSTRAP_SAME_SOURCE_SEQUENCE
ASRT-MIZ-02241,CBBG-0002241,missouri,MIZ-HIST-02241,historical_media_guide,2001-2002,2002-02-25,Oklahoma State,oklahoma-state,Oklahoma State,72,69,W,0,away_candidate,unknown,,,,,,,REGULAR_SEASON,,41,Feb. 25 - 13 @ Oklahoma State W 72-69,opponent_resolved_site_pending,,MATCHED,BOOTSTRAP_SAME_SOURCE_SEQUENCE
ASRT-MIZ-02242,CBBG-0002242,missouri,MIZ-HIST-02242,historical_media_guide,2001-2002,2002-03-03,Kansas,kansas,Kansas,92,95,L,0,home_or_special_site_candidate,unknown,Hearnes Center,,,,,,REGULAR_SEASON,,41,Mar. 3 - 1 Kansas L 92-95,opponent_resolved_site_pending,,MATCHED,BOOTSTRAP_SAME_SOURCE_SEQUENCE
ASRT-MIZ-02243,CBBG-0002243,missouri,MIZ-HIST-02243,historical_media_guide,2001-2002,2002-03-07,$Iowa State,iowa-state,Iowa State,79,59,W,0,home_or_special_site_candidate,unknown,Hearnes Center,,,,,,CONFERENCE_TOURNAMENT,,41,Mar. 7 - - $Iowa State W 79-59,opponent_resolved_site_pending,,MATCHED,BOOTSTRAP_SAME_SOURCE_SEQUENCE
ASRT-MIZ-02244,CBBG-0002244,missouri,MIZ-HIST-02244,historical_media_guide,2001-2002,2002-03-08,$Texas,texas,Texas,85,89,L,0,home_or_special_site_candidate,unknown,Hearnes Center,,,,,,CONFERENCE_TOURNAMENT,,41,Mar. 8 - - $Texas L 85-89,opponent_resolved_site_pending,,MATCHED,BOOTSTRAP_SAME_SOURCE_SEQUENCE
ASRT-MIZ-02245,CBBG-0002245,missouri,MIZ-HIST-02245,historical_media_guide,2001-2002,2002-03-14,Miami(FL),miami-fl,Miami (FL),93,80,W,0,home_or_special_site_candidate,unknown,,,,,"NCAA Tournament (Albuquerque, N.M.) - West 1st/2nd Round",,NCAA_TOURNAMENT,R64,41,Mar. 14 - 21 +Miami(FL) W 93-80,opponent_resolved_site_pending,,MATCHED,BOOTSTRAP_SAME_SOURCE_SEQUENCE
ASRT-MIZ-02246,CBBG-0002246,missouri,MIZ-HIST-02246,historical_media_guide,2001-2002,2002-03-16,Ohio State.,ohio-state,Ohio State,83,67,W,0,home_or_special_site_candidate,unknown,,,,,"NCAA Tournament (Albuquerque, N.M.) - West 1st/2nd Round",,NCAA_TOURNAMENT,R32,41,Mar. 16 - 14 +Ohio State. W 83-67,opponent_resolved_site_pending,,MATCHED,BOOTSTRAP_SAME_SOURCE_SEQUENCE
ASRT-MIZ-02247,CBBG-0002247,missouri,MIZ-HIST-02247,historical_media_guide,2001-2002,2002-03-21,UCLA,ucla,UCLA,83,73,W,0,home_or_special_site_candidate,unknown,,,,,"NCAA Tournament (San Jose, Calif.) - West Regional",,NCAA_TOURNAMENT,Sweet Sixteen,41,Mar. 21 - - !UCLA W 83-73,opponent_resolved_site_pending,,MATCHED,BOOTSTRAP_SAME_SOURCE_SEQUENCE
ASRT-MIZ-02248,CBBG-0002248,missouri,MIZ-HIST-02248,historical_media_guide,2001-2002,2002-03-23,Oklahoma,oklahoma,Oklahoma,75,81,L,0,home_or_special_site_candidate,unknown,,,,,"NCAA Tournament (San Jose, Calif.) - West Regional",,NCAA_TOURNAMENT,Elite Eight,41,Mar. 23 - 3 !Oklahoma L 75-81,opponent_resolved_site_pending,,MATCHED,BOOTSTRAP_SAME_SOURCE_SEQUENCE
ASRT-MIZ-02249,CBBG-0002249,missouri,MIZ-HIST-02249,historical_media_guide,2002-2003,2002-11-22,American,american-university,American University,72,57,W,0,home_or_special_site_candidate,unknown,Hearnes Center,,,,,,REGULAR_SEASON,,41,Nov. 22 20 - American W 72-57,opponent_resolved_site_pending,,MATCHED,BOOTSTRAP_SAME_SOURCE_SEQUENCE
ASRT-MIZ-02250,CBBG-0002250,missouri,MIZ-HIST-02250,historical_media_guide,2002-2003,2002-11-30,Austin Peay,austin-peay,Austin Peay,81,46,W,0,home_or_special_site_candidate,unknown,Hearnes Center,,,,,,REGULAR_SEASON,,41,Nov. 30 18 - Austin Peay W 81-46,opponent_resolved_site_pending,,MATCHED,BOOTSTRAP_SAME_SOURCE_SEQUENCE
ASRT-MIZ-02251,CBBG-0002251,missouri,MIZ-HIST-02251,historical_media_guide,2002-2003,2002-12-02,Sacramento State,sacramento-state,Sacramento State,98,60,W,0,home_or_special_site_candidate,unknown,Hearnes Center,,,,,,REGULAR_SEASON,,41,Dec. 2 18 - Sacramento State W 98-60,opponent_resolved_site_pending,,MATCHED,BOOTSTRAP_SAME_SOURCE_SEQUENCE
ASRT-MIZ-02252,CBBG-0002252,missouri,MIZ-HIST-02252,historical_media_guide,2002-2003,2002-12-07,Southern California,usc,USC,78,72,W,0,home_or_special_site_candidate,unknown,,,,,"John R. Wooden Classic (Anaheim Pond–Anaheim, Calif.)",,REGULAR_SEASON,,41,Dec. 7 15 - %Southern California W 78-72,opponent_resolved_site_pending,,MATCHED,BOOTSTRAP_SAME_SOURCE_SEQUENCE
ASRT-MIZ-02253,CBBG-0002253,missouri,MIZ-HIST-02253,historical_media_guide,2002-2003,2002-12-09,Wisc.-Green Bay,green-bay,Green Bay,88,67,W,0,home_or_special_site_candidate,unknown,Hearnes Center,,,,,,REGULAR_SEASON,,41,Dec. 9 15 - Wisc.-Green Bay W 88-67,opponent_resolved_site_pending,,MATCHED,BOOTSTRAP_SAME_SOURCE_SEQUENCE
ASRT-MIZ-02254,CBBG-0002254,missouri,MIZ-HIST-02254,historical_media_guide,2002-2003,2002-12-14,Memphis,memphis,Memphis,93,78,W,0,home_or_special_site_candidate,unknown,Hearnes Center,,,,,,REGULAR_SEASON,,41,Dec. 14 11 - Memphis W 93-78,opponent_resolved_site_pending,,MATCHED,BOOTSTRAP_SAME_SOURCE_SEQUENCE
ASRT-MIZ-02255,CBBG-0002255,missouri,MIZ-HIST-02255,historical_media_guide,2002-2003,2002-12-21,Illinois,illinois,Illinois,70,85,L,0,home_or_special_site_candidate,unknown,Enterprise Center,,,,"Busch Braggin’ Rights Game (Savvis Center–St. Louis, Mo.)",,REGULAR_SEASON,,41,Dec. 21 11 12 #Illinois L 85-70,opponent_resolved_site_pending,,MATCHED,BOOTSTRAP_SAME_SOURCE_SEQUENCE
ASRT-MIZ-02256,CBBG-0002256,missouri,MIZ-HIST-02256,historical_media_guide,2002-2003,2002-12-30,Valparaiso,valparaiso,Valparaiso,65,47,W,0,home_or_special_site_candidate,unknown,Hearnes Center,,,,,,REGULAR_SEASON,,41,Dec. 30 17 - Valparaiso W 65-47,opponent_resolved_site_pending,,MATCHED,BOOTSTRAP_SAME_SOURCE_SEQUENCE
ASRT-MIZ-02257,CBBG-0002257,missouri,MIZ-HIST-02257,historical_media_guide,2002-2003,2003-01-04,Iowa,iowa,Iowa,88,82,W,0,away_candidate,unknown,,,,,,,REGULAR_SEASON,,41,Jan. 4 16 - @ Iowa W 88-82,opponent_resolved_site_pending,,MATCHED,BOOTSTRAP_SAME_SOURCE_SEQUENCE
ASRT-MIZ-02258,CBBG-0002258,missouri,MIZ-HIST-02258,historical_media_guide,2002-2003,2003-01-07,Centenary,centenary,Centenary,88,58,W,0,home_or_special_site_candidate,unknown,Hearnes Center,,,,,,REGULAR_SEASON,,41,Jan. 7 13 - Centenary W 88-58,opponent_resolved_site_pending,,MATCHED,BOOTSTRAP_SAME_SOURCE_SEQUENCE
ASRT-MIZ-02259,CBBG-0002259,missouri,MIZ-HIST-02259,historical_media_guide,2002-2003,2003-01-11,Baylor,baylor,Baylor,77,69,W,0,home_or_special_site_candidate,unknown,Hearnes Center,,,,,,REGULAR_SEASON,,41,Jan. 11 13 - Baylor W 77-69,opponent_resolved_site_pending,,MATCHED,BOOTSTRAP_SAME_SOURCE_SEQUENCE
ASRT-MIZ-02260,CBBG-0002260,missouri,MIZ-HIST-02260,historical_media_guide,2002-2003,2003-01-13,Syracuse,syracuse,Syracuse,69,76,L,0,away_candidate,unknown,,,,,,,REGULAR_SEASON,,41,Jan. 13 13 - @ Syracuse L 76-69,opponent_resolved_site_pending,,MATCHED,BOOTSTRAP_SAME_SOURCE_SEQUENCE
ASRT-MIZ-02261,CBBG-0002261,missouri,MIZ-HIST-02261,historical_media_guide,2002-2003,2003-01-18,Okla. State,oklahoma-state,Oklahoma State,56,76,L,0,away_candidate,unknown,,,,,,,REGULAR_SEASON,,41,Jan. 18 11 24 @ Okla. State L 76-56,opponent_resolved_site_pending,,MATCHED,BOOTSTRAP_SAME_SOURCE_SEQUENCE
ASRT-MIZ-02262,CBBG-0002262,missouri,MIZ-HIST-02262,historical_media_guide,2002-2003,2003-01-21,Iowa State,iowa-state,Iowa State,64,59,W,0,home_or_special_site_candidate,unknown,Hearnes Center,,,,,,REGULAR_SEASON,,41,Jan. 21 21 - Iowa State W 64-59,opponent_resolved_site_pending,,MATCHED,BOOTSTRAP_SAME_SOURCE_SEQUENCE
ASRT-MIZ-02263,CBBG-0002263,missouri,MIZ-HIST-02263,historical_media_guide,2002-2003,2003-01-25,Texas,texas,Texas,55,76,L,0,away_candidate,unknown,,,,,,,REGULAR_SEASON,,41,Jan. 25 21 4 @ Texas L 76-55,opponent_resolved_site_pending,,MATCHED,BOOTSTRAP_SAME_SOURCE_SEQUENCE
ASRT-MIZ-02264,CBBG-0002264,missouri,MIZ-HIST-02264,historical_media_guide,2002-2003,2003-01-29,Nebraska,nebraska,Nebraska,63,56,W,0,away_candidate,unknown,,,,,,,REGULAR_SEASON,,41,Jan. 29 25 - @ Nebraska W 63-56,opponent_resolved_site_pending,,MATCHED,BOOTSTRAP_SAME_SOURCE_SEQUENCE
ASRT-MIZ-02265,CBBG-0002265,missouri,MIZ-HIST-02265,historical_media_guide,2002-2003,2003-02-01,Colorado,colorado,Colorado,73,70,W,0,home_or_special_site_candidate,unknown,Hearnes Center,,,,,,REGULAR_SEASON,,41,Feb. 1 25 - Colorado W 73-70,opponent_resolved_site_pending,,MATCHED,BOOTSTRAP_SAME_SOURCE_SEQUENCE
ASRT-MIZ-02266,CBBG-0002266,missouri,MIZ-HIST-02266,historical_media_guide,2002-2003,2003-02-03,Kansas,kansas,Kansas,70,76,L,0,away_candidate,unknown,,,,,,,REGULAR_SEASON,,41,Feb. 3 25 12 @ Kansas L 76-70,opponent_resolved_site_pending,,MATCHED,BOOTSTRAP_SAME_SOURCE_SEQUENCE
ASRT-MIZ-02267,CBBG-0002267,missouri,MIZ-HIST-02267,historical_media_guide,2002-2003,2003-02-09,Texas Tech,texas-tech,Texas Tech,82,73,W,0,home_or_special_site_candidate,unknown,Hearnes Center,,,,,,REGULAR_SEASON,,41,Feb. 9 21 - Texas Tech W 82-73,opponent_resolved_site_pending,,MATCHED,BOOTSTRAP_SAME_SOURCE_SEQUENCE
ASRT-MIZ-02268,CBBG-0002268,missouri,MIZ-HIST-02268,historical_media_guide,2002-2003,2003-02-12,Texas A&M,texas-a-m,Texas A&M,71,73,L,0,away_candidate,unknown,,,,,,,REGULAR_SEASON,,41,Feb. 12 21 - @ Texas A&M L 73-71,opponent_resolved_site_pending,,MATCHED,BOOTSTRAP_SAME_SOURCE_SEQUENCE
ASRT-MIZ-02269,CBBG-0002269,missouri,MIZ-HIST-02269,historical_media_guide,2002-2003,2003-02-15,Kansas State,kansas-state,Kansas State,71,63,W,0,home_or_special_site_candidate,unknown,Hearnes Center,,,,,,REGULAR_SEASON,,41,Feb. 15 21 - Kansas State W 71-63,opponent_resolved_site_pending,,MATCHED,BOOTSTRAP_SAME_SOURCE_SEQUENCE
ASRT-MIZ-02270,CBBG-0002270,missouri,MIZ-HIST-02270,historical_media_guide,2002-2003,2003-02-18,Nebraska,nebraska,Nebraska,67,50,W,0,home_or_special_site_candidate,unknown,Hearnes Center,,,,,,REGULAR_SEASON,,41,Feb. 18 - - Nebraska W 67-50,opponent_resolved_site_pending,,MATCHED,BOOTSTRAP_SAME_SOURCE_SEQUENCE
ASRT-MIZ-02271,CBBG-0002271,missouri,MIZ-HIST-02271,historical_media_guide,2002-2003,2003-02-22,Colorado,colorado,Colorado,68,89,L,0,away_candidate,unknown,,,,,,,REGULAR_SEASON,,41,Feb. 22 - - @ Colorado L 89-68,opponent_resolved_site_pending,,MATCHED,BOOTSTRAP_SAME_SOURCE_SEQUENCE
ASRT-MIZ-02272,CBBG-0002272,missouri,MIZ-HIST-02272,historical_media_guide,2002-2003,2003-02-26,Oklahoma,oklahoma,Oklahoma,67,52,W,0,home_or_special_site_candidate,unknown,Hearnes Center,,,,,,REGULAR_SEASON,,41,Feb. 26 - 3 Oklahoma W 67-52,opponent_resolved_site_pending,,MATCHED,BOOTSTRAP_SAME_SOURCE_SEQUENCE
ASRT-MIZ-02273,CBBG-0002273,missouri,MIZ-HIST-02273,historical_media_guide,2002-2003,2003-03-01,Kansas State,kansas-state,Kansas State,77,70,W,0,away_candidate,unknown,,,,,,,REGULAR_SEASON,,41,Mar. 1 - - @ Kansas State W 77-70,opponent_resolved_site_pending,,MATCHED,BOOTSTRAP_SAME_SOURCE_SEQUENCE
ASRT-MIZ-02274,CBBG-0002274,missouri,MIZ-HIST-02274,historical_media_guide,2002-2003,2003-03-05,Iowa State,iowa-state,Iowa State,55,71,L,0,away_candidate,unknown,,,,,,,REGULAR_SEASON,,41,Mar. 5 - - @ Iowa State L 71-55,opponent_resolved_site_pending,,MATCHED,BOOTSTRAP_SAME_SOURCE_SEQUENCE
ASRT-MIZ-02275,CBBG-0002275,missouri,MIZ-HIST-02275,historical_media_guide,2002-2003,2003-03-09,Kansas,kansas,Kansas,74,79,L,0,away_candidate,unknown,,,,,,,REGULAR_SEASON,,41,Mar. 9 - 6 @ Kansas L 79-74,opponent_resolved_site_pending,,MATCHED,BOOTSTRAP_SAME_SOURCE_SEQUENCE
ASRT-MIZ-02276,CBBG-0002276,missouri,MIZ-HIST-02276,historical_media_guide,2002-2003,2003-03-13,$Nebraska,nebraska,Nebraska,70,61,W,0,home_or_special_site_candidate,unknown,Hearnes Center,,,,,,CONFERENCE_TOURNAMENT,,41,Mar. 13 - - $Nebraska W 70-61,opponent_resolved_site_pending,,MATCHED,BOOTSTRAP_SAME_SOURCE_SEQUENCE
ASRT-MIZ-02277,CBBG-0002277,missouri,MIZ-HIST-02277,historical_media_guide,2002-2003,2003-03-14,$Okla. State,oklahoma-state,Oklahoma State,60,58,W,0,home_or_special_site_candidate,unknown,Hearnes Center,,,,,,CONFERENCE_TOURNAMENT,,41,Mar. 14 - 23 $Okla. State W 60-58,opponent_resolved_site_pending,,MATCHED,BOOTSTRAP_SAME_SOURCE_SEQUENCE
ASRT-MIZ-02278,CBBG-0002278,missouri,MIZ-HIST-02278,historical_media_guide,2002-2003,2003-03-15,$Kansas,kansas,Kansas,68,63,W,0,home_or_special_site_candidate,unknown,Hearnes Center,,,,,,CONFERENCE_TOURNAMENT,,41,Mar. 15 - 4 $Kansas W 68-63,opponent_resolved_site_pending,,MATCHED,BOOTSTRAP_SAME_SOURCE_SEQUENCE
ASRT-MIZ-02279,CBBG-0002279,missouri,MIZ-HIST-02279,historical_media_guide,2002-2003,2003-03-16,$Oklahoma,oklahoma,Oklahoma,47,49,L,0,home_or_special_site_candidate,unknown,Hearnes Center,,,,,,CONFERENCE_TOURNAMENT,Championship,41,Mar. 16 - 6 $Oklahoma L 47-49,opponent_resolved_site_pending,,MATCHED,BOOTSTRAP_SAME_SOURCE_SEQUENCE
ASRT-MIZ-02280,CBBG-0002280,missouri,MIZ-HIST-02280,historical_media_guide,2002-2003,2003-03-20,Southern Illinois,southern-illinois,Southern Illinois,72,71,W,0,home_or_special_site_candidate,unknown,,,,,NCAA Tournament First & Second Rounds (Indianapolis),,NCAA_TOURNAMENT,R64,41,Mar. 20 24 - ^Southern Illinois W 72-71,opponent_resolved_site_pending,,MATCHED,BOOTSTRAP_SAME_SOURCE_SEQUENCE
ASRT-MIZ-02281,CBBG-0002281,missouri,MIZ-HIST-02281,historical_media_guide,2002-2003,2003-03-22,Marquette,marquette,Marquette,92,101,L,0,home_or_special_site_candidate,unknown,,,,,NCAA Tournament First & Second Rounds (Indianapolis),,NCAA_TOURNAMENT,R32,41,Mar. 22 24 9 ^Marquette L 101-92,opponent_resolved_site_pending,,MATCHED,BOOTSTRAP_SAME_SOURCE_SEQUENCE
ASRT-MIZ-02282,CBBG-0002282,missouri,MIZ-HIST-02282,historical_media_guide,2003-2004,2003-11-29,Oakland,oakland,Oakland,90,85,W,0,away_candidate,unknown,,,,,,,REGULAR_SEASON,,41,Nov. 29 5 - @ Oakland W 90-85,opponent_resolved_site_pending,,MATCHED,BOOTSTRAP_SAME_SOURCE_SEQUENCE
ASRT-MIZ-02283,CBBG-0002283,missouri,MIZ-HIST-02283,historical_media_guide,2003-2004,2003-12-02,Coppin State,coppin-state,Coppin State,70,61,W,0,home_or_special_site_candidate,unknown,Hearnes Center,,,,,,REGULAR_SEASON,,41,Dec. 2 4 - Coppin State W 70-61,opponent_resolved_site_pending,,MATCHED,BOOTSTRAP_SAME_SOURCE_SEQUENCE
ASRT-MIZ-02284,CBBG-0002284,missouri,MIZ-HIST-02284,historical_media_guide,2003-2004,2003-12-06,Indiana,indiana,Indiana,63,58,W,0,away_candidate,unknown,,,,,,,REGULAR_SEASON,,41,Dec. 6 4 - @ Indiana W 63-58,opponent_resolved_site_pending,,MATCHED,BOOTSTRAP_SAME_SOURCE_SEQUENCE
ASRT-MIZ-02285,CBBG-0002285,missouri,MIZ-HIST-02285,historical_media_guide,2003-2004,2003-12-13,Gonzaga,gonzaga,Gonzaga,80,87,L,0,home_or_special_site_candidate,unknown,Hearnes Center,,,,,,REGULAR_SEASON,,41,Dec. 13 3 17 #Gonzaga (OT) L 87-80,opponent_resolved_site_pending,,MATCHED,BOOTSTRAP_SAME_SOURCE_SEQUENCE
ASRT-MIZ-02286,CBBG-0002286,missouri,MIZ-HIST-02286,historical_media_guide,2003-2004,2003-12-21,UNC-Greensboro,unc-greensboro,UNC Greensboro,106,89,W,0,home_or_special_site_candidate,unknown,Hearnes Center,,,,,,REGULAR_SEASON,,41,Dec. 21 10 - UNC-Greensboro W 106-89,opponent_resolved_site_pending,,MATCHED,BOOTSTRAP_SAME_SOURCE_SEQUENCE
ASRT-MIZ-02287,CBBG-0002287,missouri,MIZ-HIST-02287,historical_media_guide,2003-2004,2003-12-23,Illinois,illinois,Illinois,70,71,L,0,home_or_special_site_candidate,unknown,Enterprise Center,,,,"Busch Braggin Rights Game (St. Louis, Mo.)",,REGULAR_SEASON,,41,Dec. 23 11 21 %Illinois L 71-70,opponent_resolved_site_pending,,MATCHED,BOOTSTRAP_SAME_SOURCE_SEQUENCE
ASRT-MIZ-02288,CBBG-0002288,missouri,MIZ-HIST-02288,historical_media_guide,2003-2004,2003-12-27,Memphis,memphis,Memphis,59,61,L,0,away_candidate,unknown,,,,,,,REGULAR_SEASON,,41,Dec. 27 11 - @ Memphis L 61-59,opponent_resolved_site_pending,,MATCHED,BOOTSTRAP_SAME_SOURCE_SEQUENCE
ASRT-MIZ-02289,CBBG-0002289,missouri,MIZ-HIST-02289,historical_media_guide,2003-2004,2003-12-30,Belmont,belmont,Belmont,67,71,L,0,home_or_special_site_candidate,unknown,Hearnes Center,,,,,,REGULAR_SEASON,,41,Dec. 30 11 - Belmont L 71-67,opponent_resolved_site_pending,,MATCHED,BOOTSTRAP_SAME_SOURCE_SEQUENCE
ASRT-MIZ-02290,CBBG-0002290,missouri,MIZ-HIST-02290,historical_media_guide,2003-2004,2004-01-03,Iowa,iowa,Iowa,76,56,W,0,home_or_special_site_candidate,unknown,Hearnes Center,,,,,,REGULAR_SEASON,,41,Jan. 3 23 - Iowa W 76-56,opponent_resolved_site_pending,,MATCHED,BOOTSTRAP_SAME_SOURCE_SEQUENCE
ASRT-MIZ-02291,CBBG-0002291,missouri,MIZ-HIST-02291,historical_media_guide,2003-2004,2004-01-07,Iowa State,iowa-state,Iowa State,65,70,L,0,away_candidate,unknown,,,,,,,REGULAR_SEASON,,41,Jan. 7 - - @ Iowa State L 70-65,opponent_resolved_site_pending,,MATCHED,BOOTSTRAP_SAME_SOURCE_SEQUENCE
ASRT-MIZ-02292,CBBG-0002292,missouri,MIZ-HIST-02292,historical_media_guide,2003-2004,2004-01-10,Texas A&M,texas-a-m,Texas A&M,82,77,W,0,home_or_special_site_candidate,unknown,Hearnes Center,,,,,,REGULAR_SEASON,,41,Jan. 10 - - Texas A&M W 82-77,opponent_resolved_site_pending,,MATCHED,BOOTSTRAP_SAME_SOURCE_SEQUENCE
ASRT-MIZ-02293,CBBG-0002293,missouri,MIZ-HIST-02293,historical_media_guide,2003-2004,2004-01-12,Syracuse,syracuse,Syracuse,68,82,L,0,home_or_special_site_candidate,unknown,Hearnes Center,,,,,,REGULAR_SEASON,,41,Jan. 12 - 17 Syracuse L 82-68,opponent_resolved_site_pending,,MATCHED,BOOTSTRAP_SAME_SOURCE_SEQUENCE
ASRT-MIZ-02294,CBBG-0002294,missouri,MIZ-HIST-02294,historical_media_guide,2003-2004,2004-01-17,Oklahoma,oklahoma,Oklahoma,79,75,W,0,away_candidate,unknown,,,,,,,REGULAR_SEASON,,41,Jan. 17 - 11 @ Oklahoma (OT) W 79-75,opponent_resolved_site_pending,,MATCHED,BOOTSTRAP_SAME_SOURCE_SEQUENCE
ASRT-MIZ-02295,CBBG-0002295,missouri,MIZ-HIST-02295,historical_media_guide,2003-2004,2004-01-20,Texas,texas,Texas,69,75,L,0,home_or_special_site_candidate,unknown,Hearnes Center,,,,,,REGULAR_SEASON,,41,Jan. 20 - 16 Texas (OT) L 75-69,opponent_resolved_site_pending,,MATCHED,BOOTSTRAP_SAME_SOURCE_SEQUENCE
ASRT-MIZ-02296,CBBG-0002296,missouri,MIZ-HIST-02296,historical_media_guide,2003-2004,2004-01-24,Nebraska,nebraska,Nebraska,72,51,W,0,home_or_special_site_candidate,unknown,Hearnes Center,,,,,,REGULAR_SEASON,,41,Jan. 24 - - Nebraska W 72-51,opponent_resolved_site_pending,,MATCHED,BOOTSTRAP_SAME_SOURCE_SEQUENCE
ASRT-MIZ-02297,CBBG-0002297,missouri,MIZ-HIST-02297,historical_media_guide,2003-2004,2004-01-28,Colorado,colorado,Colorado,70,83,L,0,away_candidate,unknown,,,,,,,REGULAR_SEASON,,41,Jan. 28 - - @ Colorado L 83-70,opponent_resolved_site_pending,,MATCHED,BOOTSTRAP_SAME_SOURCE_SEQUENCE
ASRT-MIZ-02298,CBBG-0002298,missouri,MIZ-HIST-02298,historical_media_guide,2003-2004,2004-01-31,Kansas State,kansas-state,Kansas State,62,53,W,0,home_or_special_site_candidate,unknown,Hearnes Center,,,,,,REGULAR_SEASON,,41,Jan. 31 - - Kansas State W 62-53,opponent_resolved_site_pending,,MATCHED,BOOTSTRAP_SAME_SOURCE_SEQUENCE
ASRT-MIZ-02299,CBBG-0002299,missouri,MIZ-HIST-02299,historical_media_guide,2003-2004,2004-02-02,Kansas,kansas,Kansas,56,65,L,0,away_candidate,unknown,,,,,,,REGULAR_SEASON,,41,Feb. 2 - 15 @ Kansas L 65-56,opponent_resolved_site_pending,,MATCHED,BOOTSTRAP_SAME_SOURCE_SEQUENCE
ASRT-MIZ-02300,CBBG-0002300,missouri,MIZ-HIST-02300,historical_media_guide,2003-2004,2004-02-07,Nebraska,nebraska,Nebraska,62,78,L,0,away_candidate,unknown,,,,,,,REGULAR_SEASON,,41,Feb. 7 - - @ Nebraska L 78-62,opponent_resolved_site_pending,,MATCHED,BOOTSTRAP_SAME_SOURCE_SEQUENCE
ASRT-MIZ-02301,CBBG-0002301,missouri,MIZ-HIST-02301,historical_media_guide,2003-2004,2004-02-10,Colorado,colorado,Colorado,77,65,W,0,home_or_special_site_candidate,unknown,Hearnes Center,,,,,,REGULAR_SEASON,,41,Feb. 10 - - Colorado W 77-65,opponent_resolved_site_pending,,MATCHED,BOOTSTRAP_SAME_SOURCE_SEQUENCE
ASRT-MIZ-02302,CBBG-0002302,missouri,MIZ-HIST-02302,historical_media_guide,2003-2004,2004-02-15,UNLV,unlv,UNLV,94,60,W,0,home_or_special_site_candidate,unknown,Hearnes Center,,,,,,REGULAR_SEASON,,41,Feb. 15 - - UNLV W 94-60,opponent_resolved_site_pending,,MATCHED,BOOTSTRAP_SAME_SOURCE_SEQUENCE
ASRT-MIZ-02303,CBBG-0002303,missouri,MIZ-HIST-02303,historical_media_guide,2003-2004,2004-02-18,Iowa State,iowa-state,Iowa State,82,70,W,0,home_or_special_site_candidate,unknown,Hearnes Center,,,,,,REGULAR_SEASON,,41,Feb. 18 - - Iowa State W 82-70,opponent_resolved_site_pending,,MATCHED,BOOTSTRAP_SAME_SOURCE_SEQUENCE
ASRT-MIZ-02304,CBBG-0002304,missouri,MIZ-HIST-02304,historical_media_guide,2003-2004,2004-02-21,Baylor,baylor,Baylor,70,66,W,0,away_candidate,unknown,,,,,,,REGULAR_SEASON,,41,Feb. 21 - - @ Baylor W 70-66,opponent_resolved_site_pending,,MATCHED,BOOTSTRAP_SAME_SOURCE_SEQUENCE
ASRT-MIZ-02305,CBBG-0002305,missouri,MIZ-HIST-02305,historical_media_guide,2003-2004,2004-02-24,Okla. St.,oklahoma-state,Oklahoma State,93,92,W,0,home_or_special_site_candidate,unknown,Hearnes Center,,,,,,REGULAR_SEASON,,41,Feb. 24 - 6 Okla. St. (2OT) W 93-92,opponent_resolved_site_pending,,MATCHED,BOOTSTRAP_SAME_SOURCE_SEQUENCE
ASRT-MIZ-02306,CBBG-0002306,missouri,MIZ-HIST-02306,historical_media_guide,2003-2004,2004-02-28,Kansas State,kansas-state,Kansas State,79,69,W,0,away_candidate,unknown,,,,,,,REGULAR_SEASON,,41,Feb. 28 - - @ Kansas State W 79-69,opponent_resolved_site_pending,,MATCHED,BOOTSTRAP_SAME_SOURCE_SEQUENCE
ASRT-MIZ-02307,CBBG-0002307,missouri,MIZ-HIST-02307,historical_media_guide,2003-2004,2004-03-03,Texas Tech,texas-tech,Texas Tech,76,87,L,0,away_candidate,unknown,,,,,,,REGULAR_SEASON,,41,Mar. 3 - - @ Texas Tech L 87-76,opponent_resolved_site_pending,,MATCHED,BOOTSTRAP_SAME_SOURCE_SEQUENCE
ASRT-MIZ-02308,CBBG-0002308,missouri,MIZ-HIST-02308,historical_media_guide,2003-2004,2004-03-07,Kansas,kansas,Kansas,82,84,L,0,home_or_special_site_candidate,unknown,Hearnes Center,,,,,,REGULAR_SEASON,,41,Mar. 7 - 21 Kansas L 84-82,opponent_resolved_site_pending,,MATCHED,BOOTSTRAP_SAME_SOURCE_SEQUENCE
ASRT-MIZ-02309,CBBG-0002309,missouri,MIZ-HIST-02309,historical_media_guide,2003-2004,2004-03-11,Texas A&M,texas-a-m,Texas A&M,74,68,W,0,home_or_special_site_candidate,unknown,,,,,Phillips 66 / 2004 Big 12 Basketball Tournament (Dallas),,CONFERENCE_TOURNAMENT,,41,Mar. 11 - - *Texas A&M W 74-68,opponent_resolved_site_pending,,MATCHED,BOOTSTRAP_SAME_SOURCE_SEQUENCE
ASRT-MIZ-02310,CBBG-0002310,missouri,MIZ-HIST-02310,historical_media_guide,2003-2004,2004-03-12,Kansas,kansas,Kansas,69,94,L,0,home_or_special_site_candidate,unknown,,,,,Phillips 66 / 2004 Big 12 Basketball Tournament (Dallas),,CONFERENCE_TOURNAMENT,,41,Mar. 12 - 18 *Kansas L 94-69,opponent_resolved_site_pending,,MATCHED,BOOTSTRAP_SAME_SOURCE_SEQUENCE
ASRT-MIZ-02311,CBBG-0002311,missouri,MIZ-HIST-02311,historical_media_guide,2003-2004,2004-03-16,Michigan,michigan,Michigan,64,65,L,0,home_or_special_site_candidate,unknown,,,,,"Postseason NIT First Round (Ann Arbor, Mich.)",,NIT,,41,Mar. 16 - - ^Michigan L 65-64,opponent_resolved_site_pending,,MATCHED,BOOTSTRAP_SAME_SOURCE_SEQUENCE
ASRT-MIZ-02312,CBBG-0002312,missouri,MIZ-HIST-02312,historical_media_guide,2004-2005,2004-11-15,Brown,brown,Brown,68,60,W,0,home_or_special_site_candidate,unknown,Mizzou Arena,,,,"NABC Guardians Classic (Columbia, Mo.)",,REGULAR_SEASON,,41,Nov. 15 - - *Brown W 68-60,opponent_resolved_site_pending,,MATCHED,BOOTSTRAP_SAME_SOURCE_SEQUENCE
ASRT-MIZ-02313,CBBG-0002313,missouri,MIZ-HIST-02313,historical_media_guide,2004-2005,2004-11-16,Houston,houston,Houston,77,61,W,0,home_or_special_site_candidate,unknown,Mizzou Arena,,,,"NABC Guardians Classic (Columbia, Mo.)",,REGULAR_SEASON,,41,Nov. 16 - - *Houston W 77-61,opponent_resolved_site_pending,,MATCHED,BOOTSTRAP_SAME_SOURCE_SEQUENCE
ASRT-MIZ-02314,CBBG-0002314,missouri,MIZ-HIST-02314,historical_media_guide,2004-2005,2004-11-19,Davidson,davidson,Davidson,81,84,L,0,home_or_special_site_candidate,unknown,Mizzou Arena,,,,,,REGULAR_SEASON,,41,Nov. 19 - - Davidson L 84-81,opponent_resolved_site_pending,,MATCHED,BOOTSTRAP_SAME_SOURCE_SEQUENCE
ASRT-MIZ-02315,CBBG-0002315,missouri,MIZ-HIST-02315,historical_media_guide,2004-2005,2004-11-23,Creighton,creighton,Creighton,54,78,L,0,home_or_special_site_candidate,unknown,Kemper Arena,,,,"NABC Guardians Classic (Kansas City, Mo.)",,REGULAR_SEASON,,41,Nov. 23 - - & Creighton L 78-54,opponent_resolved_site_pending,,MATCHED,BOOTSTRAP_SAME_SOURCE_SEQUENCE
ASRT-MIZ-02316,CBBG-0002316,missouri,MIZ-HIST-02316,historical_media_guide,2004-2005,2004-11-24,Houston,houston,Houston,55,57,L,0,home_or_special_site_candidate,unknown,Kemper Arena,,,,"NABC Guardians Classic (Kansas City, Mo.)",,REGULAR_SEASON,,42,Nov. 24 - - & Houston L 57-55,opponent_resolved_site_pending,,MATCHED,BOOTSTRAP_SAME_SOURCE_SEQUENCE
ASRT-MIZ-02317,CBBG-0002317,missouri,MIZ-HIST-02317,historical_media_guide,2004-2005,2004-11-28,Murray State,murray-state,Murray State,59,55,W,0,home_or_special_site_candidate,unknown,Mizzou Arena,,,,,,REGULAR_SEASON,,42,Nov. 28 - - Murray State W 59-55,opponent_resolved_site_pending,,MATCHED,BOOTSTRAP_SAME_SOURCE_SEQUENCE
ASRT-MIZ-02318,CBBG-0002318,missouri,MIZ-HIST-02318,historical_media_guide,2004-2005,2004-12-04,Oakland,oakland,Oakland,70,61,W,0,home_or_special_site_candidate,unknown,Mizzou Arena,,,,,,REGULAR_SEASON,,42,Dec. 4 - - Oakland W 70-61,opponent_resolved_site_pending,,MATCHED,BOOTSTRAP_SAME_SOURCE_SEQUENCE
ASRT-MIZ-02319,CBBG-0002319,missouri,MIZ-HIST-02319,historical_media_guide,2004-2005,2004-12-07,Arkansas,arkansas,Arkansas,52,62,L,0,home_or_special_site_candidate,unknown,Mizzou Arena,,,,,,REGULAR_SEASON,,42,Dec. 7 - - Arkansas L 62-52,opponent_resolved_site_pending,,MATCHED,BOOTSTRAP_SAME_SOURCE_SEQUENCE
ASRT-MIZ-02320,CBBG-0002320,missouri,MIZ-HIST-02320,historical_media_guide,2004-2005,2004-12-11,Montana,montana,Montana,87,62,W,0,home_or_special_site_candidate,unknown,Mizzou Arena,,,,,,REGULAR_SEASON,,42,Dec. 11 - - Montana W 87-62,opponent_resolved_site_pending,,MATCHED,BOOTSTRAP_SAME_SOURCE_SEQUENCE
ASRT-MIZ-02321,CBBG-0002321,missouri,MIZ-HIST-02321,historical_media_guide,2004-2005,2004-12-19,Indiana,indiana,Indiana,56,53,W,0,home_or_special_site_candidate,unknown,Mizzou Arena,,,,,,REGULAR_SEASON,,42,Dec. 19 - - Indiana W 56-53,opponent_resolved_site_pending,,MATCHED,BOOTSTRAP_SAME_SOURCE_SEQUENCE
ASRT-MIZ-02322,CBBG-0002322,missouri,MIZ-HIST-02322,historical_media_guide,2004-2005,2004-12-22,Illinois,illinois,Illinois,64,70,L,0,home_or_special_site_candidate,unknown,Enterprise Center,,,,"Busch Braggin Rights Game (St. Louis, Mo.)",,REGULAR_SEASON,,42,Dec. 22 - 1 #Illinois L 70-64,opponent_resolved_site_pending,,MATCHED,BOOTSTRAP_SAME_SOURCE_SEQUENCE
ASRT-MIZ-02323,CBBG-0002323,missouri,MIZ-HIST-02323,historical_media_guide,2004-2005,2004-12-30,Gonzaga,gonzaga,Gonzaga,63,61,W,0,home_or_special_site_candidate,unknown,Mizzou Arena,,,,,,REGULAR_SEASON,,42,Dec. 30 - 12 Gonzaga W 63-61,opponent_resolved_site_pending,,MATCHED,BOOTSTRAP_SAME_SOURCE_SEQUENCE
ASRT-MIZ-02324,CBBG-0002324,missouri,MIZ-HIST-02324,historical_media_guide,2004-2005,2005-01-04,American,american-university,American University,64,51,W,0,home_or_special_site_candidate,unknown,Mizzou Arena,,,,,,REGULAR_SEASON,,42,Jan. 4 - - American W 64-51,opponent_resolved_site_pending,,MATCHED,BOOTSTRAP_SAME_SOURCE_SEQUENCE
ASRT-MIZ-02325,CBBG-0002325,missouri,MIZ-HIST-02325,historical_media_guide,2004-2005,2005-01-08,Iowa State,iowa-state,Iowa State,62,59,W,0,home_or_special_site_candidate,unknown,Mizzou Arena,,,,,,REGULAR_SEASON,,42,Jan. 8 - - Iowa State W 62-59,opponent_resolved_site_pending,,MATCHED,BOOTSTRAP_SAME_SOURCE_SEQUENCE
ASRT-MIZ-02326,CBBG-0002326,missouri,MIZ-HIST-02326,historical_media_guide,2004-2005,2005-01-11,Oklahoma State,oklahoma-state,Oklahoma State,68,78,L,0,away_candidate,unknown,,,,,,,REGULAR_SEASON,,42,Jan. 11 - 6 @ Oklahoma State L 78-68,opponent_resolved_site_pending,,MATCHED,BOOTSTRAP_SAME_SOURCE_SEQUENCE
ASRT-MIZ-02327,CBBG-0002327,missouri,MIZ-HIST-02327,historical_media_guide,2004-2005,2005-01-15,Kansas State,kansas-state,Kansas State,54,74,L,0,away_candidate,unknown,,,,,,,REGULAR_SEASON,,42,Jan. 15 - - @ Kansas State L 74-54,opponent_resolved_site_pending,,MATCHED,BOOTSTRAP_SAME_SOURCE_SEQUENCE
ASRT-MIZ-02328,CBBG-0002328,missouri,MIZ-HIST-02328,historical_media_guide,2004-2005,2005-01-19,Texas Tech,texas-tech,Texas Tech,62,78,L,0,home_or_special_site_candidate,unknown,Mizzou Arena,,,,,,REGULAR_SEASON,,42,Jan. 19 - - Texas Tech L 78-62,opponent_resolved_site_pending,,MATCHED,BOOTSTRAP_SAME_SOURCE_SEQUENCE
ASRT-MIZ-02329,CBBG-0002329,missouri,MIZ-HIST-02329,historical_media_guide,2004-2005,2005-01-22,Nebraska,nebraska,Nebraska,80,70,W,0,home_or_special_site_candidate,unknown,Mizzou Arena,,,,,,REGULAR_SEASON,,42,Jan. 22 - - Nebraska W 80-70,opponent_resolved_site_pending,,MATCHED,BOOTSTRAP_SAME_SOURCE_SEQUENCE
ASRT-MIZ-02330,CBBG-0002330,missouri,MIZ-HIST-02330,historical_media_guide,2004-2005,2005-01-26,Colorado,colorado,Colorado,62,64,L,0,away_candidate,unknown,,,,,,,REGULAR_SEASON,,42,Jan. 26 - - @ Colorado L 64-62,opponent_resolved_site_pending,,MATCHED,BOOTSTRAP_SAME_SOURCE_SEQUENCE
ASRT-MIZ-02331,CBBG-0002331,missouri,MIZ-HIST-02331,historical_media_guide,2004-2005,2005-01-29,Kansas State,kansas-state,Kansas State,53,64,L,0,home_or_special_site_candidate,unknown,Mizzou Arena,,,,,,REGULAR_SEASON,,42,Jan. 29 - - Kansas State L 64-53,opponent_resolved_site_pending,,MATCHED,BOOTSTRAP_SAME_SOURCE_SEQUENCE
ASRT-MIZ-02332,CBBG-0002332,missouri,MIZ-HIST-02332,historical_media_guide,2004-2005,2005-01-31,Kansas,kansas,Kansas,61,73,L,0,away_candidate,unknown,,,,,,,REGULAR_SEASON,,42,Jan. 31 - 6 @ Kansas L 73-61,opponent_resolved_site_pending,,MATCHED,BOOTSTRAP_SAME_SOURCE_SEQUENCE
ASRT-MIZ-02333,CBBG-0002333,missouri,MIZ-HIST-02333,historical_media_guide,2004-2005,2005-02-05,Texas A&M,texas-a-m,Texas A&M,63,91,L,0,away_candidate,unknown,,,,,,,REGULAR_SEASON,,42,Feb. 5 - - @ Texas A&M L 91-63,opponent_resolved_site_pending,,MATCHED,BOOTSTRAP_SAME_SOURCE_SEQUENCE
ASRT-MIZ-02334,CBBG-0002334,missouri,MIZ-HIST-02334,historical_media_guide,2004-2005,2005-02-09,UNLV,unlv,UNLV,71,74,L,0,away_candidate,unknown,,,,,,,REGULAR_SEASON,,42,Feb. 9 - - @ UNLV L 74-71,opponent_resolved_site_pending,,MATCHED,BOOTSTRAP_SAME_SOURCE_SEQUENCE
ASRT-MIZ-02335,CBBG-0002335,missouri,MIZ-HIST-02335,historical_media_guide,2004-2005,2005-02-12,Oklahoma,oklahoma,Oklahoma,70,66,W,0,home_or_special_site_candidate,unknown,Mizzou Arena,,,,,,REGULAR_SEASON,,42,Feb. 12 - 16 Oklahoma (OT) W 70-66,opponent_resolved_site_pending,,MATCHED,BOOTSTRAP_SAME_SOURCE_SEQUENCE
ASRT-MIZ-02336,CBBG-0002336,missouri,MIZ-HIST-02336,historical_media_guide,2004-2005,2005-02-16,Baylor,baylor,Baylor,60,53,W,0,home_or_special_site_candidate,unknown,Mizzou Arena,,,,,,REGULAR_SEASON,,42,Feb. 16 - - Baylor W 60-53,opponent_resolved_site_pending,,MATCHED,BOOTSTRAP_SAME_SOURCE_SEQUENCE
ASRT-MIZ-02337,CBBG-0002337,missouri,MIZ-HIST-02337,historical_media_guide,2004-2005,2005-02-19,Nebraska,nebraska,Nebraska,56,53,W,0,away_candidate,unknown,,,,,,,REGULAR_SEASON,,42,Feb. 19 - - @ Nebraska W 56-53,opponent_resolved_site_pending,,MATCHED,BOOTSTRAP_SAME_SOURCE_SEQUENCE
ASRT-MIZ-02338,CBBG-0002338,missouri,MIZ-HIST-02338,historical_media_guide,2004-2005,2005-02-22,Colorado,colorado,Colorado,63,54,W,0,home_or_special_site_candidate,unknown,Mizzou Arena,,,,,,REGULAR_SEASON,,42,Feb. 22 - - Colorado W 63-54,opponent_resolved_site_pending,,MATCHED,BOOTSTRAP_SAME_SOURCE_SEQUENCE
ASRT-MIZ-02339,CBBG-0002339,missouri,MIZ-HIST-02339,historical_media_guide,2004-2005,2005-02-26,Texas,texas,Texas,51,63,L,0,away_candidate,unknown,,,,,,,REGULAR_SEASON,,42,Feb. 26 - - @ Texas L 63-51,opponent_resolved_site_pending,,MATCHED,BOOTSTRAP_SAME_SOURCE_SEQUENCE
ASRT-MIZ-02340,CBBG-0002340,missouri,MIZ-HIST-02340,historical_media_guide,2004-2005,2005-03-02,Iowa State,iowa-state,Iowa State,49,67,L,0,away_candidate,unknown,,,,,,,REGULAR_SEASON,,42,Mar. 2 - - @ Iowa State L 67-49,opponent_resolved_site_pending,,MATCHED,BOOTSTRAP_SAME_SOURCE_SEQUENCE
ASRT-MIZ-02341,CBBG-0002341,missouri,MIZ-HIST-02341,historical_media_guide,2004-2005,2005-03-06,Kansas,kansas,Kansas,72,68,W,0,home_or_special_site_candidate,unknown,Mizzou Arena,,,,,,REGULAR_SEASON,,42,Mar. 6 - 7 Kansas W 72-68,opponent_resolved_site_pending,,MATCHED,BOOTSTRAP_SAME_SOURCE_SEQUENCE
ASRT-MIZ-02342,CBBG-0002342,missouri,MIZ-HIST-02342,historical_media_guide,2004-2005,2005-03-11,$Nebraska,nebraska,Nebraska,70,67,W,0,home_or_special_site_candidate,unknown,Mizzou Arena,,,,,,CONFERENCE_TOURNAMENT,,42,Mar. 11 - - $Nebraska W 70-67,opponent_resolved_site_pending,,MATCHED,BOOTSTRAP_SAME_SOURCE_SEQUENCE
ASRT-MIZ-02343,CBBG-0002343,missouri,MIZ-HIST-02343,historical_media_guide,2004-2005,2005-03-12,$Oklahoma,oklahoma,Oklahoma,79,83,L,0,home_or_special_site_candidate,unknown,Mizzou Arena,,,,,,CONFERENCE_TOURNAMENT,,42,Mar. 12 - 17 $Oklahoma L 83-79,opponent_resolved_site_pending,,MATCHED,BOOTSTRAP_SAME_SOURCE_SEQUENCE
ASRT-MIZ-02344,CBBG-0002344,missouri,MIZ-HIST-02344,historical_media_guide,2004-2005,2005-03-16,DePaul,depaul,DePaul,70,75,L,0,home_or_special_site_candidate,unknown,Mizzou Arena,,,,"Postseason NIT First Round (Columbia, Mo.)",,NIT,,42,Mar. 16 - - ^DePaul L 75-70,opponent_resolved_site_pending,,MATCHED,BOOTSTRAP_SAME_SOURCE_SEQUENCE
ASRT-MIZ-02345,CBBG-0002345,missouri,MIZ-HIST-02345,historical_media_guide,2005-2006,2005-11-14,Sam Houston State,sam-houston,Sam Houston,77,80,L,0,home_or_special_site_candidate,unknown,Mizzou Arena,,,,,,REGULAR_SEASON,,42,Nov. 14 - - Sam Houston State L 80-77,opponent_resolved_site_pending,,MATCHED,BOOTSTRAP_SAME_SOURCE_SEQUENCE
ASRT-MIZ-02346,CBBG-0002346,missouri,MIZ-HIST-02346,historical_media_guide,2005-2006,2005-11-20,Northwestern State,northwestern-state,Northwestern State,81,72,W,0,home_or_special_site_candidate,unknown,Mizzou Arena,,,,,,REGULAR_SEASON,,42,Nov. 20 - - Northwestern State W 81-72,opponent_resolved_site_pending,,MATCHED,BOOTSTRAP_SAME_SOURCE_SEQUENCE
ASRT-MIZ-02347,CBBG-0002347,missouri,MIZ-HIST-02347,historical_media_guide,2005-2006,2005-11-29,UMKC,kansas-city,Kansas City,60,42,W,0,home_or_special_site_candidate,unknown,Mizzou Arena,,,,,,REGULAR_SEASON,,42,Nov. 29 - - UMKC W 60-42,opponent_resolved_site_pending,,MATCHED,BOOTSTRAP_SAME_SOURCE_SEQUENCE
ASRT-MIZ-02348,CBBG-0002348,missouri,MIZ-HIST-02348,historical_media_guide,2005-2006,2005-12-02,Arkansas,arkansas,Arkansas,63,66,L,0,away_candidate,unknown,,,,,,,REGULAR_SEASON,,42,Dec. 2 - - @ Arkansas L 66-63,opponent_resolved_site_pending,,MATCHED,BOOTSTRAP_SAME_SOURCE_SEQUENCE
ASRT-MIZ-02349,CBBG-0002349,missouri,MIZ-HIST-02349,historical_media_guide,2005-2006,2005-12-07,Davidson,davidson,Davidson,73,82,L,0,away_candidate,unknown,,,,,,,REGULAR_SEASON,,42,Dec. 7 - - @ Davidson L 82-73,opponent_resolved_site_pending,,MATCHED,BOOTSTRAP_SAME_SOURCE_SEQUENCE
ASRT-MIZ-02350,CBBG-0002350,missouri,MIZ-HIST-02350,historical_media_guide,2005-2006,2005-12-10,Texas A&M-CC,texas-a-m-corpus-christi,Texas A&M - Corpus Christi,82,81,W,0,home_or_special_site_candidate,unknown,Mizzou Arena,,,,,,REGULAR_SEASON,,42,Dec. 10 - - Texas A&M-CC W 82-81,opponent_resolved_site_pending,,MATCHED,BOOTSTRAP_SAME_SOURCE_SEQUENCE
ASRT-MIZ-02351,CBBG-0002351,missouri,MIZ-HIST-02351,historical_media_guide,2005-2006,2005-12-18,Furman,furman,Furman,72,63,W,0,home_or_special_site_candidate,unknown,Mizzou Arena,,,,,,REGULAR_SEASON,,42,Dec. 18 - - Furman W 72-63,opponent_resolved_site_pending,,MATCHED,BOOTSTRAP_SAME_SOURCE_SEQUENCE
ASRT-MIZ-02352,CBBG-0002352,missouri,MIZ-HIST-02352,historical_media_guide,2005-2006,2005-12-21,Illinois,illinois,Illinois,50,82,L,0,home_or_special_site_candidate,unknown,Enterprise Center,,,,"Busch Braggin Rights Game (St. Louis, Mo.)",,REGULAR_SEASON,,42,Dec. 21 - 6 %Illinois L 82-50,opponent_resolved_site_pending,,MATCHED,BOOTSTRAP_SAME_SOURCE_SEQUENCE
ASRT-MIZ-02353,CBBG-0002353,missouri,MIZ-HIST-02353,historical_media_guide,2005-2006,2005-12-28,Eastern Illinois,eastern-illinois,Eastern Illinois,68,56,W,0,home_or_special_site_candidate,unknown,Mizzou Arena,,,,,,REGULAR_SEASON,,42,Dec. 28 - - Eastern Illinois W 68-56,opponent_resolved_site_pending,,MATCHED,BOOTSTRAP_SAME_SOURCE_SEQUENCE
ASRT-MIZ-02354,CBBG-0002354,missouri,MIZ-HIST-02354,historical_media_guide,2005-2006,2005-12-30,Oakland,oakland,Oakland,74,58,W,0,home_or_special_site_candidate,unknown,Mizzou Arena,,,,,,REGULAR_SEASON,,42,Dec. 30 - - Oakland W 74-58,opponent_resolved_site_pending,,MATCHED,BOOTSTRAP_SAME_SOURCE_SEQUENCE
ASRT-MIZ-02355,CBBG-0002355,missouri,MIZ-HIST-02355,historical_media_guide,2005-2006,2006-01-02,Louisiana Monroe,ul-monroe,UL Monroe,73,44,W,0,home_or_special_site_candidate,unknown,Mizzou Arena,,,,,,REGULAR_SEASON,,42,Jan. 2 - - Louisiana Monroe W 73-44,opponent_resolved_site_pending,,MATCHED,BOOTSTRAP_SAME_SOURCE_SEQUENCE
ASRT-MIZ-02356,CBBG-0002356,missouri,MIZ-HIST-02356,historical_media_guide,2005-2006,2006-01-07,Oklahoma State,oklahoma-state,Oklahoma State,69,61,W,0,home_or_special_site_candidate,unknown,Mizzou Arena,,,,,,REGULAR_SEASON,,42,Jan. 7 - - Oklahoma State W 69-61,opponent_resolved_site_pending,,MATCHED,BOOTSTRAP_SAME_SOURCE_SEQUENCE
ASRT-MIZ-02357,CBBG-0002357,missouri,MIZ-HIST-02357,historical_media_guide,2005-2006,2006-01-10,Oklahoma,oklahoma,Oklahoma,71,69,W,0,away_candidate,unknown,,,,,,,REGULAR_SEASON,,42,Jan. 10 - 22 @ Oklahoma W 71-69,opponent_resolved_site_pending,,MATCHED,BOOTSTRAP_SAME_SOURCE_SEQUENCE
ASRT-MIZ-02358,CBBG-0002358,missouri,MIZ-HIST-02358,historical_media_guide,2005-2006,2006-01-14,Colorado,colorado,Colorado,71,74,L,0,home_or_special_site_candidate,unknown,Mizzou Arena,,,,,,REGULAR_SEASON,,42,Jan. 14 - - Colorado L 74-71,opponent_resolved_site_pending,,MATCHED,BOOTSTRAP_SAME_SOURCE_SEQUENCE
ASRT-MIZ-02359,CBBG-0002359,missouri,MIZ-HIST-02359,historical_media_guide,2005-2006,2006-01-16,Kansas,kansas,Kansas,89,86,W,0,home_or_special_site_candidate,unknown,Mizzou Arena,,,,,,REGULAR_SEASON,,42,Jan. 16 - - Kansas (OT) W 89-86,opponent_resolved_site_pending,,MATCHED,BOOTSTRAP_SAME_SOURCE_SEQUENCE
ASRT-MIZ-02360,CBBG-0002360,missouri,MIZ-HIST-02360,historical_media_guide,2005-2006,2006-01-21,Kansas State,kansas-state,Kansas State,64,79,L,0,away_candidate,unknown,,,,,,,REGULAR_SEASON,,42,Jan. 21 - - @ Kansas State L 79-64,opponent_resolved_site_pending,,MATCHED,BOOTSTRAP_SAME_SOURCE_SEQUENCE
ASRT-MIZ-02361,CBBG-0002361,missouri,MIZ-HIST-02361,historical_media_guide,2005-2006,2006-01-25,Iowa State,iowa-state,Iowa State,58,82,L,0,home_or_special_site_candidate,unknown,Mizzou Arena,,,,,,REGULAR_SEASON,,42,Jan. 25 - - Iowa State L 82-58,opponent_resolved_site_pending,,MATCHED,BOOTSTRAP_SAME_SOURCE_SEQUENCE
ASRT-MIZ-02362,CBBG-0002362,missouri,MIZ-HIST-02362,historical_media_guide,2005-2006,2006-01-28,Nebraska,nebraska,Nebraska,52,65,L,0,away_candidate,unknown,,,,,,,REGULAR_SEASON,,42,Jan. 28 - - @ Nebraska L 65-52,opponent_resolved_site_pending,,MATCHED,BOOTSTRAP_SAME_SOURCE_SEQUENCE
ASRT-MIZ-02363,CBBG-0002363,missouri,MIZ-HIST-02363,historical_media_guide,2005-2006,2006-02-01,Texas,texas,Texas,54,66,L,0,home_or_special_site_candidate,unknown,Mizzou Arena,,,,,,REGULAR_SEASON,,42,Feb. 1 - 7 Texas L 66-54,opponent_resolved_site_pending,,MATCHED,BOOTSTRAP_SAME_SOURCE_SEQUENCE
ASRT-MIZ-02364,CBBG-0002364,missouri,MIZ-HIST-02364,historical_media_guide,2005-2006,2006-02-04,Texas Tech,texas-tech,Texas Tech,55,73,L,0,away_candidate,unknown,,,,,,,REGULAR_SEASON,,42,Feb. 4 - - @ Texas Tech L 73-55,opponent_resolved_site_pending,,MATCHED,BOOTSTRAP_SAME_SOURCE_SEQUENCE
ASRT-MIZ-02365,CBBG-0002365,missouri,MIZ-HIST-02365,historical_media_guide,2005-2006,2006-02-07,Baylor,baylor,Baylor,64,90,L,0,away_candidate,unknown,,,,,,,REGULAR_SEASON,,42,Feb. 7 - - @ Baylor L 90-64,opponent_resolved_site_pending,,MATCHED,BOOTSTRAP_SAME_SOURCE_SEQUENCE
ASRT-MIZ-02366,CBBG-0002366,missouri,MIZ-HIST-02366,historical_media_guide,2005-2006,2006-02-12,Kansas State,kansas-state,Kansas State,74,71,W,0,home_or_special_site_candidate,unknown,Mizzou Arena,,,,,,REGULAR_SEASON,,42,Feb. 12 - - Kansas State W 74-71,opponent_resolved_site_pending,,MATCHED,BOOTSTRAP_SAME_SOURCE_SEQUENCE
ASRT-MIZ-02367,CBBG-0002367,missouri,MIZ-HIST-02367,historical_media_guide,2005-2006,2006-02-18,Kansas,kansas,Kansas,46,79,L,0,away_candidate,unknown,,,,,,,REGULAR_SEASON,,42,Feb. 18 - 22 @ Kansas L 79-46,opponent_resolved_site_pending,,MATCHED,BOOTSTRAP_SAME_SOURCE_SEQUENCE
ASRT-MIZ-02368,CBBG-0002368,missouri,MIZ-HIST-02368,historical_media_guide,2005-2006,2006-02-21,Texas A&M,texas-a-m,Texas A&M,51,54,L,0,home_or_special_site_candidate,unknown,Mizzou Arena,,,,,,REGULAR_SEASON,,42,Feb. 21 - - Texas A&M L 54-51,opponent_resolved_site_pending,,MATCHED,BOOTSTRAP_SAME_SOURCE_SEQUENCE
ASRT-MIZ-02369,CBBG-0002369,missouri,MIZ-HIST-02369,historical_media_guide,2005-2006,2006-02-25,Colorado,colorado,Colorado,60,78,L,0,away_candidate,unknown,,,,,,,REGULAR_SEASON,,42,Feb. 25 - - @ Colorado L 78-60,opponent_resolved_site_pending,,MATCHED,BOOTSTRAP_SAME_SOURCE_SEQUENCE
ASRT-MIZ-02370,CBBG-0002370,missouri,MIZ-HIST-02370,historical_media_guide,2005-2006,2006-02-28,Iowa State,iowa-state,Iowa State,78,85,L,0,away_candidate,unknown,,,,,,,REGULAR_SEASON,,42,Feb. 28 - - @ Iowa State L 85-78,opponent_resolved_site_pending,,MATCHED,BOOTSTRAP_SAME_SOURCE_SEQUENCE
ASRT-MIZ-02371,CBBG-0002371,missouri,MIZ-HIST-02371,historical_media_guide,2005-2006,2006-02-05,Nebraska,nebraska,Nebraska,64,63,W,0,home_or_special_site_candidate,unknown,Mizzou Arena,,,,,,REGULAR_SEASON,,42,Feb. 5 - - Nebraska W 64-63,opponent_resolved_site_pending,,MATCHED,BOOTSTRAP_SAME_SOURCE_SEQUENCE
ASRT-MIZ-02372,CBBG-0002372,missouri,MIZ-HIST-02372,historical_media_guide,2005-2006,2006-03-09,Nebraska,nebraska,Nebraska,64,71,L,0,home_or_special_site_candidate,unknown,,,,,Phillips 66 / 2006 Big 12 Basketball Tournament (Dallas),,CONFERENCE_TOURNAMENT,,42,Mar. 9 - - *Nebraska L 71-64,opponent_resolved_site_pending,,MATCHED,BOOTSTRAP_SAME_SOURCE_SEQUENCE
ASRT-MIZ-02373,CBBG-0002373,missouri,MIZ-HIST-02373,historical_media_guide,2006-2007,2006-11-10,$ - N. Carolina A&T,north-carolina-a-t,North Carolina A&T,101,80,W,0,home_or_special_site_candidate,unknown,Mizzou Arena,,,,,,REGULAR_SEASON,,42,Nov. 10 - - $ - N. Carolina A&T W 101-80,opponent_resolved_site_pending,,MATCHED,BOOTSTRAP_SAME_SOURCE_SEQUENCE
ASRT-MIZ-02374,CBBG-0002374,missouri,MIZ-HIST-02374,historical_media_guide,2006-2007,2006-11-11,$ - Army,army,Army,67,58,W,0,home_or_special_site_candidate,unknown,Mizzou Arena,,,,,,REGULAR_SEASON,,42,Nov. 11 - - $ - Army W 67-58,opponent_resolved_site_pending,,MATCHED,BOOTSTRAP_SAME_SOURCE_SEQUENCE
ASRT-MIZ-02375,CBBG-0002375,missouri,MIZ-HIST-02375,historical_media_guide,2006-2007,2006-11-12,$ - Stetson,stetson,Stetson,66,45,W,0,home_or_special_site_candidate,unknown,Mizzou Arena,,,,,,REGULAR_SEASON,,42,Nov. 12 - - $ - Stetson W 66-45,opponent_resolved_site_pending,,MATCHED,BOOTSTRAP_SAME_SOURCE_SEQUENCE
ASRT-MIZ-02376,CBBG-0002376,missouri,MIZ-HIST-02376,historical_media_guide,2006-2007,2006-11-16,Lipscomb,lipscomb,Lipscomb,89,69,W,0,home_or_special_site_candidate,unknown,Mizzou Arena,,,,,,REGULAR_SEASON,,42,Nov. 16 - - Lipscomb W 89-69,opponent_resolved_site_pending,,MATCHED,BOOTSTRAP_SAME_SOURCE_SEQUENCE
ASRT-MIZ-02377,CBBG-0002377,missouri,MIZ-HIST-02377,historical_media_guide,2006-2007,2006-11-19,Davidson,davidson,Davidson,81,75,W,0,home_or_special_site_candidate,unknown,Mizzou Arena,,,,,,REGULAR_SEASON,,42,Nov. 19 - - Davidson W 81-75,opponent_resolved_site_pending,,MATCHED,BOOTSTRAP_SAME_SOURCE_SEQUENCE
ASRT-MIZ-02378,CBBG-0002378,missouri,MIZ-HIST-02378,historical_media_guide,2006-2007,2006-11-25,Stephen F. Austin,stephen-f-austin,Stephen F. Austin,85,56,W,0,home_or_special_site_candidate,unknown,Mizzou Arena,,,,,,REGULAR_SEASON,,42,Nov. 25 - - Stephen F. Austin W 85-56,opponent_resolved_site_pending,,MATCHED,BOOTSTRAP_SAME_SOURCE_SEQUENCE
ASRT-MIZ-02379,CBBG-0002379,missouri,MIZ-HIST-02379,historical_media_guide,2006-2007,2006-11-27,Coppin State,coppin-state,Coppin State,98,77,W,0,home_or_special_site_candidate,unknown,Mizzou Arena,,,,,,REGULAR_SEASON,,42,Nov. 27 - - Coppin State W 98-77,opponent_resolved_site_pending,,MATCHED,BOOTSTRAP_SAME_SOURCE_SEQUENCE
ASRT-MIZ-02380,CBBG-0002380,missouri,MIZ-HIST-02380,historical_media_guide,2006-2007,2006-11-30,Arkansas,arkansas,Arkansas,86,64,W,0,home_or_special_site_candidate,unknown,Mizzou Arena,,,,,,REGULAR_SEASON,,42,Nov. 30 - - Arkansas W 86-64,opponent_resolved_site_pending,,MATCHED,BOOTSTRAP_SAME_SOURCE_SEQUENCE
ASRT-MIZ-02381,CBBG-0002381,missouri,MIZ-HIST-02381,historical_media_guide,2006-2007,2006-12-03,Evansville,evansville,Evansville,73,54,W,0,home_or_special_site_candidate,unknown,Mizzou Arena,,,,,,REGULAR_SEASON,,42,Dec. 3 - - Evansville W 73-54,opponent_resolved_site_pending,,MATCHED,BOOTSTRAP_SAME_SOURCE_SEQUENCE
ASRT-MIZ-02382,CBBG-0002382,missouri,MIZ-HIST-02382,historical_media_guide,2006-2007,2006-12-09,Purdue,purdue,Purdue,62,79,L,0,away_candidate,unknown,,,,,,,REGULAR_SEASON,,42,Dec. 9 - - @ Purdue L 79-62,opponent_resolved_site_pending,,MATCHED,BOOTSTRAP_SAME_SOURCE_SEQUENCE
ASRT-MIZ-02383,CBBG-0002383,missouri,MIZ-HIST-02383,historical_media_guide,2006-2007,2006-12-19,- Illinois,illinois,Illinois,70,73,L,0,home_or_special_site_candidate,unknown,Enterprise Center,,,,"Busch Braggin’ Rights (Scottrade Center, St. Louis, Mo.)",,REGULAR_SEASON,,42,Dec. 19 - - % - Illinois L 73-70,opponent_resolved_site_pending,,MATCHED,BOOTSTRAP_SAME_SOURCE_SEQUENCE
ASRT-MIZ-02384,CBBG-0002384,missouri,MIZ-HIST-02384,historical_media_guide,2006-2007,2006-12-30,Southern,southern,Southern,87,58,W,0,home_or_special_site_candidate,unknown,Mizzou Arena,,,,,,REGULAR_SEASON,,42,Dec. 30 - - Southern W 87-58,opponent_resolved_site_pending,,MATCHED,BOOTSTRAP_SAME_SOURCE_SEQUENCE
ASRT-MIZ-02385,CBBG-0002385,missouri,MIZ-HIST-02385,historical_media_guide,2006-2007,2007-01-02,Mississippi State,mississippi-state,Mississippi State,83,75,W,0,home_or_special_site_candidate,unknown,Mizzou Arena,,,,,,REGULAR_SEASON,,42,Jan. 2 - - Mississippi State W 83-75,opponent_resolved_site_pending,,MATCHED,BOOTSTRAP_SAME_SOURCE_SEQUENCE
ASRT-MIZ-02386,CBBG-0002386,missouri,MIZ-HIST-02386,historical_media_guide,2006-2007,2007-01-06,Iowa State,iowa-state,Iowa State,65,66,L,0,home_or_special_site_candidate,unknown,Mizzou Arena,,,,,,REGULAR_SEASON,,42,Jan. 6 - - Iowa State L 66-65,opponent_resolved_site_pending,,MATCHED,BOOTSTRAP_SAME_SOURCE_SEQUENCE
ASRT-MIZ-02387,CBBG-0002387,missouri,MIZ-HIST-02387,historical_media_guide,2006-2007,2007-01-10,Texas,texas,Texas,68,88,L,0,away_candidate,unknown,,,,,,,REGULAR_SEASON,,42,Jan. 10 - 25 @ Texas L 88-68,opponent_resolved_site_pending,,MATCHED,BOOTSTRAP_SAME_SOURCE_SEQUENCE
ASRT-MIZ-02388,CBBG-0002388,missouri,MIZ-HIST-02388,historical_media_guide,2006-2007,2007-01-13,Kansas State,kansas-state,Kansas State,81,85,L,0,home_or_special_site_candidate,unknown,Mizzou Arena,,,,,,REGULAR_SEASON,,42,Jan. 13 - - Kansas State L 85-81,opponent_resolved_site_pending,,MATCHED,BOOTSTRAP_SAME_SOURCE_SEQUENCE
ASRT-MIZ-02389,CBBG-0002389,missouri,MIZ-HIST-02389,historical_media_guide,2006-2007,2007-01-15,Kansas,kansas,Kansas,77,80,L,0,away_candidate,unknown,,,,,,,REGULAR_SEASON,,42,Jan. 15 - 5 @ Kansas L 80-77,opponent_resolved_site_pending,,MATCHED,BOOTSTRAP_SAME_SOURCE_SEQUENCE
ASRT-MIZ-02390,CBBG-0002390,missouri,MIZ-HIST-02390,historical_media_guide,2006-2007,2007-01-24,Colorado,colorado,Colorado,79,65,W,0,away_candidate,unknown,,,,,,,REGULAR_SEASON,,42,Jan. 24 - - @ Colorado W 79-65,opponent_resolved_site_pending,,MATCHED,BOOTSTRAP_SAME_SOURCE_SEQUENCE
ASRT-MIZ-02391,CBBG-0002391,missouri,MIZ-HIST-02391,historical_media_guide,2006-2007,2007-01-27,Texas Tech,texas-tech,Texas Tech,71,58,W,0,home_or_special_site_candidate,unknown,Mizzou Arena,,,,,,REGULAR_SEASON,,42,Jan. 27 - - Texas Tech W 71-58,opponent_resolved_site_pending,,MATCHED,BOOTSTRAP_SAME_SOURCE_SEQUENCE
ASRT-MIZ-02392,CBBG-0002392,missouri,MIZ-HIST-02392,historical_media_guide,2006-2007,2007-01-31,Kansas State,kansas-state,Kansas State,73,80,L,0,away_candidate,unknown,,,,,,,REGULAR_SEASON,,42,Jan. 31 - - @ Kansas State L 80-73,opponent_resolved_site_pending,,MATCHED,BOOTSTRAP_SAME_SOURCE_SEQUENCE
ASRT-MIZ-02393,CBBG-0002393,missouri,MIZ-HIST-02393,historical_media_guide,2006-2007,2007-02-03,Nebraska,nebraska,Nebraska,61,66,L,0,home_or_special_site_candidate,unknown,Mizzou Arena,,,,,,REGULAR_SEASON,,42,Feb. 3 - - Nebraska L 66-61,opponent_resolved_site_pending,,MATCHED,BOOTSTRAP_SAME_SOURCE_SEQUENCE
ASRT-MIZ-02394,CBBG-0002394,missouri,MIZ-HIST-02394,historical_media_guide,2006-2007,2007-02-06,Iowa State,iowa-state,Iowa State,77,55,W,0,away_candidate,unknown,,,,,,,REGULAR_SEASON,,42,Feb. 6 - - @ Iowa State W 77-55,opponent_resolved_site_pending,,MATCHED,BOOTSTRAP_SAME_SOURCE_SEQUENCE
ASRT-MIZ-02395,CBBG-0002395,missouri,MIZ-HIST-02395,historical_media_guide,2006-2007,2007-02-10,Kansas,kansas,Kansas,74,92,L,0,home_or_special_site_candidate,unknown,Mizzou Arena,,,,,,REGULAR_SEASON,,42,Feb. 10 - 8 Kansas L 92-74,opponent_resolved_site_pending,,MATCHED,BOOTSTRAP_SAME_SOURCE_SEQUENCE
ASRT-MIZ-02396,CBBG-0002396,missouri,MIZ-HIST-02396,historical_media_guide,2006-2007,2007-02-14,Baylor,baylor,Baylor,78,71,W,0,home_or_special_site_candidate,unknown,Mizzou Arena,,,,,,REGULAR_SEASON,,42,Feb. 14 - - Baylor W 78-71,opponent_resolved_site_pending,,MATCHED,BOOTSTRAP_SAME_SOURCE_SEQUENCE
ASRT-MIZ-02397,CBBG-0002397,missouri,MIZ-HIST-02397,historical_media_guide,2006-2007,2007-02-17,Oklahoma State,oklahoma-state,Oklahoma State,75,64,W,0,away_candidate,unknown,,,,,,,REGULAR_SEASON,,42,Feb. 17 - 18 @ Oklahoma State W 75-64,opponent_resolved_site_pending,,MATCHED,BOOTSTRAP_SAME_SOURCE_SEQUENCE
ASRT-MIZ-02398,CBBG-0002398,missouri,MIZ-HIST-02398,historical_media_guide,2006-2007,2007-02-20,Oklahoma,oklahoma,Oklahoma,72,68,W,0,home_or_special_site_candidate,unknown,Mizzou Arena,,,,,,REGULAR_SEASON,,42,Feb. 20 - - Oklahoma W 72-68,opponent_resolved_site_pending,,MATCHED,BOOTSTRAP_SAME_SOURCE_SEQUENCE
ASRT-MIZ-02399,CBBG-0002399,missouri,MIZ-HIST-02399,historical_media_guide,2006-2007,2007-02-24,Nebraska,nebraska,Nebraska,77,82,L,0,away_candidate,unknown,,,,,,,REGULAR_SEASON,,42,Feb. 24 - - @ Nebraska (OT) L 82-77,opponent_resolved_site_pending,,MATCHED,BOOTSTRAP_SAME_SOURCE_SEQUENCE
ASRT-MIZ-02400,CBBG-0002400,missouri,MIZ-HIST-02400,historical_media_guide,2006-2007,2007-02-28,Colorado,colorado,Colorado,91,82,W,0,home_or_special_site_candidate,unknown,Mizzou Arena,,,,,,REGULAR_SEASON,,42,Feb. 28 - - Colorado W 91-82,opponent_resolved_site_pending,,MATCHED,BOOTSTRAP_SAME_SOURCE_SEQUENCE
ASRT-MIZ-02401,CBBG-0002401,missouri,MIZ-HIST-02401,historical_media_guide,2006-2007,2007-03-03,Texas A&M,texas-a-m,Texas A&M,78,94,L,0,away_candidate,unknown,,,,,,,REGULAR_SEASON,,42,Mar. 3 - 6 @ Texas A&M L 94-78,opponent_resolved_site_pending,,MATCHED,BOOTSTRAP_SAME_SOURCE_SEQUENCE
ASRT-MIZ-02402,CBBG-0002402,missouri,MIZ-HIST-02402,historical_media_guide,2006-2007,2007-03-08,Baylor,baylor,Baylor,83,97,L,0,home_or_special_site_candidate,unknown,,,,,"Big 12 Tournament (Ford Center, Oklahoma City, Okla.)",,CONFERENCE_TOURNAMENT,,42,Mar. 8 - - *Baylor L 97-83,opponent_resolved_site_pending,,MATCHED,BOOTSTRAP_SAME_SOURCE_SEQUENCE
ASRT-MIZ-02403,CBBG-0002403,missouri,MIZ-HIST-02403,historical_media_guide,2007-2008,2007-11-12,$ Central Michigan,central-michigan,Central Michigan,87,76,W,0,home_or_special_site_candidate,unknown,Mizzou Arena,,,,,,REGULAR_SEASON,,42,Nov. 12 - - $ Central Michigan W 87-76,opponent_resolved_site_pending,,MATCHED,BOOTSTRAP_SAME_SOURCE_SEQUENCE
ASRT-MIZ-02404,CBBG-0002404,missouri,MIZ-HIST-02404,historical_media_guide,2007-2008,2007-11-13,$ Fordham,fordham,Fordham,79,55,W,0,home_or_special_site_candidate,unknown,Mizzou Arena,,,,,,REGULAR_SEASON,,42,Nov. 13 - - $ Fordham W 79-55,opponent_resolved_site_pending,,MATCHED,BOOTSTRAP_SAME_SOURCE_SEQUENCE
ASRT-MIZ-02405,CBBG-0002405,missouri,MIZ-HIST-02405,historical_media_guide,2007-2008,2007-11-16,Southern,southern,Southern,95,50,W,0,home_or_special_site_candidate,unknown,Mizzou Arena,,,,,,REGULAR_SEASON,,42,Nov. 16 - - Southern W 95-50,opponent_resolved_site_pending,,MATCHED,BOOTSTRAP_SAME_SOURCE_SEQUENCE
ASRT-MIZ-02406,CBBG-0002406,missouri,MIZ-HIST-02406,historical_media_guide,2007-2008,2007-11-19,Michigan State,michigan-state,Michigan State,83,86,L,0,home_or_special_site_candidate,unknown,Kemper Arena,,,,"O’Reilly’s Auto Parts CBE Classic - Kansas City, Mo.",,REGULAR_SEASON,,42,Nov. 19 - 10 # Michigan State L 86-83,opponent_resolved_site_pending,,MATCHED,BOOTSTRAP_SAME_SOURCE_SEQUENCE
ASRT-MIZ-02407,CBBG-0002407,missouri,MIZ-HIST-02407,historical_media_guide,2007-2008,2007-11-20,Maryland,maryland,Maryland,84,70,W,0,home_or_special_site_candidate,unknown,Kemper Arena,,,,"O’Reilly’s Auto Parts CBE Classic - Kansas City, Mo.",,REGULAR_SEASON,,42,Nov. 20 - - # Maryland W 84-70,opponent_resolved_site_pending,,MATCHED,BOOTSTRAP_SAME_SOURCE_SEQUENCE
ASRT-MIZ-02408,CBBG-0002408,missouri,MIZ-HIST-02408,historical_media_guide,2007-2008,2007-11-25,Western Illinois,western-illinois,Western Illinois,91,52,W,0,home_or_special_site_candidate,unknown,Mizzou Arena,,,,,,REGULAR_SEASON,,42,Nov. 25 - - Western Illinois W 91-52,opponent_resolved_site_pending,,MATCHED,BOOTSTRAP_SAME_SOURCE_SEQUENCE
ASRT-MIZ-02409,CBBG-0002409,missouri,MIZ-HIST-02409,historical_media_guide,2007-2008,2007-11-28,Arkansas,arkansas,Arkansas,91,94,L,0,away_candidate,unknown,,,,,,,REGULAR_SEASON,,42,Nov. 28 - - @ Arkansas L 94-91,opponent_resolved_site_pending,,MATCHED,BOOTSTRAP_SAME_SOURCE_SEQUENCE
ASRT-MIZ-02410,CBBG-0002410,missouri,MIZ-HIST-02410,historical_media_guide,2007-2008,2007-12-01,California,california,California,72,86,L,0,home_or_special_site_candidate,unknown,Mizzou Arena,,,,,,REGULAR_SEASON,,42,Dec. 1 - - & California L 86-72,opponent_resolved_site_pending,,MATCHED,BOOTSTRAP_SAME_SOURCE_SEQUENCE
ASRT-MIZ-02411,CBBG-0002411,missouri,MIZ-HIST-02411,historical_media_guide,2007-2008,2007-12-08,Purdue,purdue,Purdue,73,63,W,0,home_or_special_site_candidate,unknown,Mizzou Arena,,,,,,REGULAR_SEASON,,42,Dec. 8 - - Purdue W 73-63,opponent_resolved_site_pending,,MATCHED,BOOTSTRAP_SAME_SOURCE_SEQUENCE
ASRT-MIZ-02412,CBBG-0002412,missouri,MIZ-HIST-02412,historical_media_guide,2007-2008,2007-12-15,McNeese State,mcneese,McNeese,81,44,W,0,home_or_special_site_candidate,unknown,Mizzou Arena,,,,,,REGULAR_SEASON,,42,Dec. 15 - - McNeese State W 81-44,opponent_resolved_site_pending,,MATCHED,BOOTSTRAP_SAME_SOURCE_SEQUENCE
ASRT-MIZ-02413,CBBG-0002413,missouri,MIZ-HIST-02413,historical_media_guide,2007-2008,2007-12-17,North Carolina A&T,north-carolina-a-t,North Carolina A&T,94,66,W,0,home_or_special_site_candidate,unknown,Mizzou Arena,,,,,,REGULAR_SEASON,,42,Dec. 17 - - North Carolina A&T W 94-66,opponent_resolved_site_pending,,MATCHED,BOOTSTRAP_SAME_SOURCE_SEQUENCE
ASRT-MIZ-02414,CBBG-0002414,missouri,MIZ-HIST-02414,historical_media_guide,2007-2008,2007-12-22,Illinois,illinois,Illinois,58,59,L,0,home_or_special_site_candidate,unknown,Enterprise Center,,,,"Busch Braggin’ Rights  (St. Louis, Mo. - Scottrade Center)",,REGULAR_SEASON,,42,Dec. 22 - - % Illinois L 59-58,opponent_resolved_site_pending,,MATCHED,BOOTSTRAP_SAME_SOURCE_SEQUENCE
ASRT-MIZ-02415,CBBG-0002415,missouri,MIZ-HIST-02415,historical_media_guide,2007-2008,2007-12-27,Coppin State,coppin-state,Coppin State,72,38,W,0,home_or_special_site_candidate,unknown,Mizzou Arena,,,,,,REGULAR_SEASON,,42,Dec. 27 - - Coppin State W 72-38,opponent_resolved_site_pending,,MATCHED,BOOTSTRAP_SAME_SOURCE_SEQUENCE
ASRT-MIZ-02416,CBBG-0002416,missouri,MIZ-HIST-02416,historical_media_guide,2007-2008,2007-12-30,Mississippi State,mississippi-state,Mississippi State,75,87,L,0,away_candidate,unknown,,,,,,,REGULAR_SEASON,,42,Dec. 30 - - @ Mississippi State L 87-75,opponent_resolved_site_pending,,MATCHED,BOOTSTRAP_SAME_SOURCE_SEQUENCE
ASRT-MIZ-02417,CBBG-0002417,missouri,MIZ-HIST-02417,historical_media_guide,2007-2008,2008-01-08,UMKC,kansas-city,Kansas City,96,76,W,0,home_or_special_site_candidate,unknown,Mizzou Arena,,,,,,REGULAR_SEASON,,42,Jan. 8 - - UMKC W 96-76,opponent_resolved_site_pending,,MATCHED,BOOTSTRAP_SAME_SOURCE_SEQUENCE
ASRT-MIZ-02418,CBBG-0002418,missouri,MIZ-HIST-02418,historical_media_guide,2007-2008,2008-01-12,Texas,texas,Texas,97,84,W,0,home_or_special_site_candidate,unknown,Mizzou Arena,,,,,,REGULAR_SEASON,,42,Jan. 12 - 12 Texas W 97-84,opponent_resolved_site_pending,,MATCHED,BOOTSTRAP_SAME_SOURCE_SEQUENCE
ASRT-MIZ-02419,CBBG-0002419,missouri,MIZ-HIST-02419,historical_media_guide,2007-2008,2008-01-16,Iowa State,iowa-state,Iowa State,67,72,L,0,away_candidate,unknown,,,,,,,REGULAR_SEASON,,42,Jan. 16 - - @ Iowa State L 72-67,opponent_resolved_site_pending,,MATCHED,BOOTSTRAP_SAME_SOURCE_SEQUENCE
ASRT-MIZ-02420,CBBG-0002420,missouri,MIZ-HIST-02420,historical_media_guide,2007-2008,2008-01-19,Kansas,kansas,Kansas,70,76,L,0,home_or_special_site_candidate,unknown,Mizzou Arena,,,,,,REGULAR_SEASON,,42,Jan. 19 - 3 Kansas L 76-70,opponent_resolved_site_pending,,MATCHED,BOOTSTRAP_SAME_SOURCE_SEQUENCE
ASRT-MIZ-02421,CBBG-0002421,missouri,MIZ-HIST-02421,historical_media_guide,2007-2008,2008-01-23,Texas Tech,texas-tech,Texas Tech,84,92,L,0,away_candidate,unknown,,,,,,,REGULAR_SEASON,,42,Jan. 23 - - @ Texas Tech L 92-84,opponent_resolved_site_pending,,MATCHED,BOOTSTRAP_SAME_SOURCE_SEQUENCE
ASRT-MIZ-02422,CBBG-0002422,missouri,MIZ-HIST-02422,historical_media_guide,2007-2008,2008-01-26,Colorado,colorado,Colorado,66,62,W,0,away_candidate,unknown,,,,,,,REGULAR_SEASON,,43,Jan. 26 - - @ Colorado W 66-62,opponent_resolved_site_pending,,MATCHED,BOOTSTRAP_SAME_SOURCE_SEQUENCE
ASRT-MIZ-02423,CBBG-0002423,missouri,MIZ-HIST-02423,historical_media_guide,2007-2008,2008-01-30,Nebraska,nebraska,Nebraska,62,66,L,0,home_or_special_site_candidate,unknown,Mizzou Arena,,,,,,REGULAR_SEASON,,43,Jan. 30 - - Nebraska L 66-62,opponent_resolved_site_pending,,MATCHED,BOOTSTRAP_SAME_SOURCE_SEQUENCE
ASRT-MIZ-02424,CBBG-0002424,missouri,MIZ-HIST-02424,historical_media_guide,2007-2008,2008-02-02,Kansas State,kansas-state,Kansas State,77,74,W,0,home_or_special_site_candidate,unknown,Mizzou Arena,,,,,,REGULAR_SEASON,,43,Feb. 2 - 22 Kansas State W 77-74,opponent_resolved_site_pending,,MATCHED,BOOTSTRAP_SAME_SOURCE_SEQUENCE
ASRT-MIZ-02425,CBBG-0002425,missouri,MIZ-HIST-02425,historical_media_guide,2007-2008,2008-02-04,Kansas,kansas,Kansas,71,90,L,0,away_candidate,unknown,,,,,,,REGULAR_SEASON,,43,Feb. 4 - 2 @ Kansas L 90-71,opponent_resolved_site_pending,,MATCHED,BOOTSTRAP_SAME_SOURCE_SEQUENCE
ASRT-MIZ-02426,CBBG-0002426,missouri,MIZ-HIST-02426,historical_media_guide,2007-2008,2008-02-09,Texas A&M,texas-a-m,Texas A&M,69,77,L,0,home_or_special_site_candidate,unknown,Mizzou Arena,,,,,,REGULAR_SEASON,,43,Feb. 9 - 18 Texas A&M L 77-69,opponent_resolved_site_pending,,MATCHED,BOOTSTRAP_SAME_SOURCE_SEQUENCE
ASRT-MIZ-02427,CBBG-0002427,missouri,MIZ-HIST-02427,historical_media_guide,2007-2008,2008-02-13,Nebraska,nebraska,Nebraska,86,78,W,0,away_candidate,unknown,,,,,,,REGULAR_SEASON,,43,Feb. 13 - - @ Nebraska (OT) W 86-78,opponent_resolved_site_pending,,MATCHED,BOOTSTRAP_SAME_SOURCE_SEQUENCE
ASRT-MIZ-02428,CBBG-0002428,missouri,MIZ-HIST-02428,historical_media_guide,2007-2008,2008-02-16,Kansas State,kansas-state,Kansas State,63,100,L,0,away_candidate,unknown,,,,,,,REGULAR_SEASON,,43,Feb. 16 - 18 @ Kansas State L 100-63,opponent_resolved_site_pending,,MATCHED,BOOTSTRAP_SAME_SOURCE_SEQUENCE
ASRT-MIZ-02429,CBBG-0002429,missouri,MIZ-HIST-02429,historical_media_guide,2007-2008,2008-02-23,Colorado,colorado,Colorado,60,53,W,0,home_or_special_site_candidate,unknown,Mizzou Arena,,,,,,REGULAR_SEASON,,43,Feb. 23 - - Colorado W 60-53,opponent_resolved_site_pending,,MATCHED,BOOTSTRAP_SAME_SOURCE_SEQUENCE
ASRT-MIZ-02430,CBBG-0002430,missouri,MIZ-HIST-02430,historical_media_guide,2007-2008,2008-02-26,Oklahoma State,oklahoma-state,Oklahoma State,73,75,L,0,home_or_special_site_candidate,unknown,Mizzou Arena,,,,,,REGULAR_SEASON,,43,Feb. 26 - - Oklahoma State L 75-73,opponent_resolved_site_pending,,MATCHED,BOOTSTRAP_SAME_SOURCE_SEQUENCE
ASRT-MIZ-02431,CBBG-0002431,missouri,MIZ-HIST-02431,historical_media_guide,2007-2008,2008-03-01,Baylor,baylor,Baylor,89,100,L,0,away_candidate,unknown,,,,,,,REGULAR_SEASON,,43,Mar. 1 - - @ Baylor L 100-89,opponent_resolved_site_pending,,MATCHED,BOOTSTRAP_SAME_SOURCE_SEQUENCE
ASRT-MIZ-02432,CBBG-0002432,missouri,MIZ-HIST-02432,historical_media_guide,2007-2008,2008-03-05,Iowa State,iowa-state,Iowa State,81,75,W,0,home_or_special_site_candidate,unknown,Mizzou Arena,,,,,,REGULAR_SEASON,,43,Mar. 5 - - Iowa State (2OT) W 81-75,opponent_resolved_site_pending,,MATCHED,BOOTSTRAP_SAME_SOURCE_SEQUENCE
ASRT-MIZ-02433,CBBG-0002433,missouri,MIZ-HIST-02433,historical_media_guide,2007-2008,2008-03-08,Oklahoma,oklahoma,Oklahoma,66,75,L,0,away_candidate,unknown,,,,,,,REGULAR_SEASON,,43,Mar. 8 - - @ Oklahoma L 75-66,opponent_resolved_site_pending,,MATCHED,BOOTSTRAP_SAME_SOURCE_SEQUENCE
ASRT-MIZ-02434,CBBG-0002434,missouri,MIZ-HIST-02434,historical_media_guide,2007-2008,2008-03-13,Nebraska,nebraska,Nebraska,56,61,L,0,home_or_special_site_candidate,unknown,T-Mobile Center,,,,"Big 12 Tournament  (Kansas City, Mo. - Sprint Center)",,CONFERENCE_TOURNAMENT,,43,Mar. 13 - - ^ Nebraska L 61-56,opponent_resolved_site_pending,,MATCHED,BOOTSTRAP_SAME_SOURCE_SEQUENCE
ASRT-MIZ-02435,CBBG-0002435,missouri,MIZ-HIST-02435,historical_media_guide,2008-2009,2008-11-15,Prairie View A&M,prairie-view-a-m,Prairie View A&M,86,65,W,0,home_or_special_site_candidate,unknown,Mizzou Arena,,,,,,REGULAR_SEASON,,43,Nov. 15 - - Prairie View A&M W 86-65,opponent_resolved_site_pending,,MATCHED,BOOTSTRAP_SAME_SOURCE_SEQUENCE
ASRT-MIZ-02436,CBBG-0002436,missouri,MIZ-HIST-02436,historical_media_guide,2008-2009,2008-11-17,- Chattanooga,chattanooga,Chattanooga,103,75,W,0,home_or_special_site_candidate,unknown,Mizzou Arena,,,,"- Opening Round, O’Reilly’s Auto Parts Puerto Rico Tip-Off",,REGULAR_SEASON,,43,Nov. 17 - - ! - Chattanooga W 103-75,opponent_resolved_site_pending,,MATCHED,BOOTSTRAP_SAME_SOURCE_SEQUENCE
ASRT-MIZ-02437,CBBG-0002437,missouri,MIZ-HIST-02437,historical_media_guide,2008-2009,2008-11-20,$ - Xavier,xavier,Xavier,71,75,L,0,home_or_special_site_candidate,unknown,Mizzou Arena,,,,,,REGULAR_SEASON,,43,Nov. 20 - - $ - Xavier L 75-71,opponent_resolved_site_pending,,MATCHED,BOOTSTRAP_SAME_SOURCE_SEQUENCE
ASRT-MIZ-02438,CBBG-0002438,missouri,MIZ-HIST-02438,historical_media_guide,2008-2009,2008-11-21,$ - Fairfield,fairfield,Fairfield,87,59,W,0,home_or_special_site_candidate,unknown,Mizzou Arena,,,,,,REGULAR_SEASON,,43,Nov. 21 - - $ - Fairfield W 87-59,opponent_resolved_site_pending,,MATCHED,BOOTSTRAP_SAME_SOURCE_SEQUENCE
ASRT-MIZ-02439,CBBG-0002439,missouri,MIZ-HIST-02439,historical_media_guide,2008-2009,2008-11-23,$ - USC,usc,USC,83,72,W,0,home_or_special_site_candidate,unknown,Mizzou Arena,,,,,,REGULAR_SEASON,,43,Nov. 23 - 19 $ - USC W 83-72,opponent_resolved_site_pending,,MATCHED,BOOTSTRAP_SAME_SOURCE_SEQUENCE
ASRT-MIZ-02440,CBBG-0002440,missouri,MIZ-HIST-02440,historical_media_guide,2008-2009,2008-11-30,Oral Roberts,oral-roberts,Oral Roberts,92,83,W,0,home_or_special_site_candidate,unknown,Mizzou Arena,,,,,,REGULAR_SEASON,,43,Nov. 30 - - Oral Roberts W 92-83,opponent_resolved_site_pending,,MATCHED,BOOTSTRAP_SAME_SOURCE_SEQUENCE
ASRT-MIZ-02441,CBBG-0002441,missouri,MIZ-HIST-02441,historical_media_guide,2008-2009,2008-12-02,Arkansas-Pine Bluff,arkansas-pine-bluff,Arkansas-Pine Bluff,95,41,W,0,home_or_special_site_candidate,unknown,Mizzou Arena,,,,,,REGULAR_SEASON,,43,Dec. 2 - - Arkansas-Pine Bluff W 95-41,opponent_resolved_site_pending,,MATCHED,BOOTSTRAP_SAME_SOURCE_SEQUENCE
ASRT-MIZ-02442,CBBG-0002442,missouri,MIZ-HIST-02442,historical_media_guide,2008-2009,2008-12-07,- California,california,California,93,66,W,0,home_or_special_site_candidate,unknown,Mizzou Arena,,,,,,REGULAR_SEASON,,43,Dec. 7 - - & - California W 93-66,opponent_resolved_site_pending,,MATCHED,BOOTSTRAP_SAME_SOURCE_SEQUENCE
ASRT-MIZ-02443,CBBG-0002443,missouri,MIZ-HIST-02443,historical_media_guide,2008-2009,2008-12-13,Murray State,murray-state,Murray State,75,64,W,0,home_or_special_site_candidate,unknown,Mizzou Arena,,,,,,REGULAR_SEASON,,43,Dec. 13 - - Murray State W 75-64,opponent_resolved_site_pending,,MATCHED,BOOTSTRAP_SAME_SOURCE_SEQUENCE
ASRT-MIZ-02444,CBBG-0002444,missouri,MIZ-HIST-02444,historical_media_guide,2008-2009,2008-12-20,Stetson,stetson,Stetson,78,44,W,0,home_or_special_site_candidate,unknown,Mizzou Arena,,,,,,REGULAR_SEASON,,43,Dec. 20 - - Stetson W 78-44,opponent_resolved_site_pending,,MATCHED,BOOTSTRAP_SAME_SOURCE_SEQUENCE
ASRT-MIZ-02445,CBBG-0002445,missouri,MIZ-HIST-02445,historical_media_guide,2008-2009,2008-12-23,- Illinois,illinois,Illinois,59,75,L,0,home_or_special_site_candidate,unknown,Enterprise Center,,,,"- Busch Braggin’ Rights  (St. Louis, Mo. - Scottrade Center)",,REGULAR_SEASON,,43,Dec. 23 25 - % - Illinois L 75-59,opponent_resolved_site_pending,,MATCHED,BOOTSTRAP_SAME_SOURCE_SEQUENCE
ASRT-MIZ-02446,CBBG-0002446,missouri,MIZ-HIST-02446,historical_media_guide,2008-2009,2008-12-27,SIU Edwardsville,siu-edwardsville,SIU Edwardsville,107,57,W,0,home_or_special_site_candidate,unknown,Mizzou Arena,,,,,,REGULAR_SEASON,,43,Dec. 27 25 - SIU Edwardsville W 107-57,opponent_resolved_site_pending,,MATCHED,BOOTSTRAP_SAME_SOURCE_SEQUENCE
ASRT-MIZ-02447,CBBG-0002447,missouri,MIZ-HIST-02447,historical_media_guide,2008-2009,2008-12-30,Centenary,centenary,Centenary,80,52,W,0,home_or_special_site_candidate,unknown,Mizzou Arena,,,,,,REGULAR_SEASON,,43,Dec. 30 - - Centenary W 80-52,opponent_resolved_site_pending,,MATCHED,BOOTSTRAP_SAME_SOURCE_SEQUENCE
ASRT-MIZ-02448,CBBG-0002448,missouri,MIZ-HIST-02448,historical_media_guide,2008-2009,2009-01-03,Georgia,georgia,Georgia,83,76,W,0,away_candidate,unknown,,,,,,,REGULAR_SEASON,,43,Jan. 3 - - at Georgia W 83-76,opponent_resolved_site_pending,,MATCHED,BOOTSTRAP_SAME_SOURCE_SEQUENCE
ASRT-MIZ-02449,CBBG-0002449,missouri,MIZ-HIST-02449,historical_media_guide,2008-2009,2009-01-06,Coppin State,coppin-state,Coppin State,88,58,W,0,home_or_special_site_candidate,unknown,Mizzou Arena,,,,,,REGULAR_SEASON,,43,Jan. 6 - - Coppin State W 88-58,opponent_resolved_site_pending,,MATCHED,BOOTSTRAP_SAME_SOURCE_SEQUENCE
ASRT-MIZ-02450,CBBG-0002450,missouri,MIZ-HIST-02450,historical_media_guide,2008-2009,2009-01-10,Nebraska,nebraska,Nebraska,51,56,L,0,home_or_special_site_candidate,unknown,Mizzou Arena,,,,,,REGULAR_SEASON,,43,Jan. 10 - - *at Nebraska L 56-51,opponent_resolved_site_pending,,MATCHED,BOOTSTRAP_SAME_SOURCE_SEQUENCE
ASRT-MIZ-02451,CBBG-0002451,missouri,MIZ-HIST-02451,historical_media_guide,2008-2009,2009-01-14,Colorado,colorado,Colorado,107,62,W,0,home_or_special_site_candidate,unknown,Mizzou Arena,,,,,,REGULAR_SEASON,,43,Jan. 14 - - *Colorado W 107-62,opponent_resolved_site_pending,,MATCHED,BOOTSTRAP_SAME_SOURCE_SEQUENCE
ASRT-MIZ-02452,CBBG-0002452,missouri,MIZ-HIST-02452,historical_media_guide,2008-2009,2009-01-17,Iowa State,iowa-state,Iowa State,77,46,W,0,home_or_special_site_candidate,unknown,Mizzou Arena,,,,,,REGULAR_SEASON,,43,Jan. 17 - - *Iowa State W 77-46,opponent_resolved_site_pending,,MATCHED,BOOTSTRAP_SAME_SOURCE_SEQUENCE
ASRT-MIZ-02453,CBBG-0002453,missouri,MIZ-HIST-02453,historical_media_guide,2008-2009,2009-01-21,Oklahoma State,oklahoma-state,Oklahoma State,97,95,W,0,home_or_special_site_candidate,unknown,Mizzou Arena,,,,,,REGULAR_SEASON,,43,Jan. 21 - - *at Oklahoma State W 97-95,opponent_resolved_site_pending,,MATCHED,BOOTSTRAP_SAME_SOURCE_SEQUENCE
ASRT-MIZ-02454,CBBG-0002454,missouri,MIZ-HIST-02454,historical_media_guide,2008-2009,2009-01-24,Texas Tech,texas-tech,Texas Tech,97,86,W,0,home_or_special_site_candidate,unknown,Mizzou Arena,,,,,,REGULAR_SEASON,,43,Jan. 24 - - *Texas Tech W 97-86,opponent_resolved_site_pending,,MATCHED,BOOTSTRAP_SAME_SOURCE_SEQUENCE
ASRT-MIZ-02455,CBBG-0002455,missouri,MIZ-HIST-02455,historical_media_guide,2008-2009,2009-01-28,Kansas State,kansas-state,Kansas State,72,88,L,0,away_candidate,unknown,,,,,,,REGULAR_SEASON,,43,Jan. 28 - - at Kansas State L 88-72,opponent_resolved_site_pending,,MATCHED,BOOTSTRAP_SAME_SOURCE_SEQUENCE
ASRT-MIZ-02456,CBBG-0002456,missouri,MIZ-HIST-02456,historical_media_guide,2008-2009,2009-01-31,Baylor,baylor,Baylor,89,72,W,0,home_or_special_site_candidate,unknown,Mizzou Arena,,,,,,REGULAR_SEASON,,43,Jan. 31 - - Baylor W 89-72,opponent_resolved_site_pending,,MATCHED,BOOTSTRAP_SAME_SOURCE_SEQUENCE
ASRT-MIZ-02457,CBBG-0002457,missouri,MIZ-HIST-02457,historical_media_guide,2008-2009,2009-02-04,Texas,texas,Texas,69,65,W,0,home_or_special_site_candidate,unknown,Mizzou Arena,,,,,,REGULAR_SEASON,,43,Feb. 4 - 16 *at Texas W 69-65,opponent_resolved_site_pending,,MATCHED,BOOTSTRAP_SAME_SOURCE_SEQUENCE
ASRT-MIZ-02458,CBBG-0002458,missouri,MIZ-HIST-02458,historical_media_guide,2008-2009,2009-02-07,Iowa State,iowa-state,Iowa State,82,68,W,0,home_or_special_site_candidate,unknown,Mizzou Arena,,,,,,REGULAR_SEASON,,43,Feb. 7 - - *at Iowa State W 82-68,opponent_resolved_site_pending,,MATCHED,BOOTSTRAP_SAME_SOURCE_SEQUENCE
ASRT-MIZ-02459,CBBG-0002459,missouri,MIZ-HIST-02459,historical_media_guide,2008-2009,2009-02-09,Kansas,kansas,Kansas,62,60,W,0,home_or_special_site_candidate,unknown,Mizzou Arena,,,,,,REGULAR_SEASON,,43,Feb. 9 17 16 *Kansas W 62-60,opponent_resolved_site_pending,,MATCHED,BOOTSTRAP_SAME_SOURCE_SEQUENCE
ASRT-MIZ-02460,CBBG-0002460,missouri,MIZ-HIST-02460,historical_media_guide,2008-2009,2009-02-14,Nebraska,nebraska,Nebraska,70,47,W,0,home_or_special_site_candidate,unknown,Mizzou Arena,,,,,,REGULAR_SEASON,,43,Feb. 14 17 - *Nebraska W 70-47,opponent_resolved_site_pending,,MATCHED,BOOTSTRAP_SAME_SOURCE_SEQUENCE
ASRT-MIZ-02461,CBBG-0002461,missouri,MIZ-HIST-02461,historical_media_guide,2008-2009,2009-02-21,Colorado,colorado,Colorado,66,53,W,0,home_or_special_site_candidate,unknown,Mizzou Arena,,,,,,REGULAR_SEASON,,43,Feb. 21 11 - *at Colorado W 66-53,opponent_resolved_site_pending,,MATCHED,BOOTSTRAP_SAME_SOURCE_SEQUENCE
ASRT-MIZ-02462,CBBG-0002462,missouri,MIZ-HIST-02462,historical_media_guide,2008-2009,2009-02-25,Kansas State,kansas-state,Kansas State,94,74,W,0,home_or_special_site_candidate,unknown,Mizzou Arena,,,,,,REGULAR_SEASON,,43,Feb. 25 11 - *Kansas State W 94-74,opponent_resolved_site_pending,,MATCHED,BOOTSTRAP_SAME_SOURCE_SEQUENCE
ASRT-MIZ-02463,CBBG-0002463,missouri,MIZ-HIST-02463,historical_media_guide,2008-2009,2009-03-01,Kansas,kansas,Kansas,65,90,L,0,home_or_special_site_candidate,unknown,Mizzou Arena,,,,,,REGULAR_SEASON,,43,Mar. 1 11 15 *at Kansas L 90-65,opponent_resolved_site_pending,,MATCHED,BOOTSTRAP_SAME_SOURCE_SEQUENCE
ASRT-MIZ-02464,CBBG-0002464,missouri,MIZ-HIST-02464,historical_media_guide,2008-2009,2009-03-04,Oklahoma,oklahoma,Oklahoma,73,64,W,0,home_or_special_site_candidate,unknown,Mizzou Arena,,,,,,REGULAR_SEASON,,43,Mar. 4 15 4 *Oklahoma W 73-64,opponent_resolved_site_pending,,MATCHED,BOOTSTRAP_SAME_SOURCE_SEQUENCE
ASRT-MIZ-02465,CBBG-0002465,missouri,MIZ-HIST-02465,historical_media_guide,2008-2009,2009-03-07,Texas A&M,texas-a-m,Texas A&M,86,96,L,0,home_or_special_site_candidate,unknown,Mizzou Arena,,,,,,REGULAR_SEASON,,43,Mar. 7 15 - *at Texas A&M L 96-86,opponent_resolved_site_pending,,MATCHED,BOOTSTRAP_SAME_SOURCE_SEQUENCE
ASRT-MIZ-02466,CBBG-0002466,missouri,MIZ-HIST-02466,historical_media_guide,2008-2009,2009-03-12,Texas Tech,texas-tech,Texas Tech,81,60,W,0,home_or_special_site_candidate,unknown,,,,,"- Big 12 Tournament  (Oklahoma City, Okla. - Ford Center)",,CONFERENCE_TOURNAMENT,,43,Mar. 12 14 - ^Texas Tech W 81-60,opponent_resolved_site_pending,,MATCHED,BOOTSTRAP_SAME_SOURCE_SEQUENCE
ASRT-MIZ-02467,CBBG-0002467,missouri,MIZ-HIST-02467,historical_media_guide,2008-2009,2009-03-13,Oklahoma State,oklahoma-state,Oklahoma State,67,59,W,0,home_or_special_site_candidate,unknown,,,,,"- Big 12 Tournament  (Oklahoma City, Okla. - Ford Center)",,CONFERENCE_TOURNAMENT,,43,Mar. 13 14 - ^Oklahoma State W 67-59,opponent_resolved_site_pending,,MATCHED,BOOTSTRAP_SAME_SOURCE_SEQUENCE
ASRT-MIZ-02468,CBBG-0002468,missouri,MIZ-HIST-02468,historical_media_guide,2008-2009,2009-03-14,Baylor,baylor,Baylor,73,60,W,0,home_or_special_site_candidate,unknown,,,,,"- Big 12 Tournament  (Oklahoma City, Okla. - Ford Center)",,CONFERENCE_TOURNAMENT,Championship,43,Mar. 14 14 - ^Baylor W 73-60,opponent_resolved_site_pending,,MATCHED,BOOTSTRAP_SAME_SOURCE_SEQUENCE
ASRT-MIZ-02469,CBBG-0002469,missouri,MIZ-HIST-02469,historical_media_guide,2008-2009,2009-03-20,- Cornell,cornell,Cornell,78,59,W,0,home_or_special_site_candidate,unknown,,,,,"- NCAA West Regional (Boise, Idaho - Taco Bell Arena)",,NCAA_TOURNAMENT,R64,43,Mar. 20 9 - # - Cornell W 78-59,opponent_resolved_site_pending,,MATCHED,BOOTSTRAP_SAME_SOURCE_SEQUENCE
ASRT-MIZ-02470,CBBG-0002470,missouri,MIZ-HIST-02470,historical_media_guide,2008-2009,2009-03-22,- Marquette,marquette,Marquette,83,79,W,0,home_or_special_site_candidate,unknown,,,,,"- NCAA West Regional (Boise, Idaho - Taco Bell Arena)",,NCAA_TOURNAMENT,R32,43,Mar. 22 9 23 # - Marquette W 83-79,opponent_resolved_site_pending,,MATCHED,BOOTSTRAP_SAME_SOURCE_SEQUENCE
ASRT-MIZ-02471,CBBG-0002471,missouri,MIZ-HIST-02471,historical_media_guide,2008-2009,2009-03-26,- Memphis,memphis,Memphis,102,91,W,0,home_or_special_site_candidate,unknown,,,,,"- Memphis | - NCAA West Regional Finals (Glendale, Ariz. - U. of Phoenix Stadium)",,NCAA_TOURNAMENT,Sweet Sixteen,43,Mar. 26 9 2 + - Memphis W 102-91,opponent_resolved_site_pending,,MATCHED,BOOTSTRAP_SAME_SOURCE_SEQUENCE
ASRT-MIZ-02472,CBBG-0002472,missouri,MIZ-HIST-02472,historical_media_guide,2008-2009,2009-03-28,- Connecticut,uconn,UConn,75,82,L,0,home_or_special_site_candidate,unknown,,,,,"- Memphis | - NCAA West Regional Finals (Glendale, Ariz. - U. of Phoenix Stadium)",,NCAA_TOURNAMENT,Elite Eight,43,Mar. 28 9 - + - Connecticut L 82-75,opponent_resolved_site_pending,,MATCHED,BOOTSTRAP_SAME_SOURCE_SEQUENCE
ASRT-MIZ-02473,CBBG-0002473,missouri,MIZ-HIST-02473,historical_media_guide,2009-2010,2009-11-17,Tennessee-Martin,ut-martin,UT Martin,83,68,W,0,home_or_special_site_candidate,unknown,Mizzou Arena,,,,,,REGULAR_SEASON,,43,Nov. 17 - - Tennessee-Martin W 83-68,opponent_resolved_site_pending,,MATCHED,BOOTSTRAP_SAME_SOURCE_SEQUENCE
ASRT-MIZ-02474,CBBG-0002474,missouri,MIZ-HIST-02474,historical_media_guide,2009-2010,2009-11-22,Texas-Pan American,utrgv,UTRGV,100,44,W,0,home_or_special_site_candidate,unknown,Mizzou Arena,,,,,,REGULAR_SEASON,,43,Nov. 22 - - Texas-Pan American W 100-44,opponent_resolved_site_pending,,MATCHED,BOOTSTRAP_SAME_SOURCE_SEQUENCE
ASRT-MIZ-02475,CBBG-0002475,missouri,MIZ-HIST-02475,historical_media_guide,2009-2010,2009-11-24,Chattanooga,chattanooga,Chattanooga,99,56,W,0,home_or_special_site_candidate,unknown,Mizzou Arena,,,,,,REGULAR_SEASON,,43,Nov. 24 - - Chattanooga W 99-56,opponent_resolved_site_pending,,MATCHED,BOOTSTRAP_SAME_SOURCE_SEQUENCE
ASRT-MIZ-02476,CBBG-0002476,missouri,MIZ-HIST-02476,historical_media_guide,2009-2010,2009-11-27,- Old Dominion,old-dominion,Old Dominion,66,61,W,0,home_or_special_site_candidate,unknown,,,,,"- S. Padre Island Invitational (S. Padre Island, Texas)",,REGULAR_SEASON,,43,Nov. 27 - - ! - Old Dominion W 66-61,opponent_resolved_site_pending,,MATCHED,BOOTSTRAP_SAME_SOURCE_SEQUENCE
ASRT-MIZ-02477,CBBG-0002477,missouri,MIZ-HIST-02477,historical_media_guide,2009-2010,2009-11-28,- Richmond,richmond,Richmond,52,59,L,0,home_or_special_site_candidate,unknown,,,,,"- S. Padre Island Invitational (S. Padre Island, Texas)",,REGULAR_SEASON,,43,Nov. 28 - - ! - Richmond L 52-59,opponent_resolved_site_pending,,MATCHED,BOOTSTRAP_SAME_SOURCE_SEQUENCE
ASRT-MIZ-02478,CBBG-0002478,missouri,MIZ-HIST-02478,historical_media_guide,2009-2010,2009-12-02,Vanderbilt,vanderbilt,Vanderbilt,83,89,L,0,away_candidate,unknown,,,,,,,REGULAR_SEASON,,43,Dec. 2 - - at Vanderbilt L 83-89,opponent_resolved_site_pending,,MATCHED,BOOTSTRAP_SAME_SOURCE_SEQUENCE
ASRT-MIZ-02479,CBBG-0002479,missouri,MIZ-HIST-02479,historical_media_guide,2009-2010,2009-12-05,- Oregon,oregon,Oregon,106,69,W,0,home_or_special_site_candidate,unknown,Mizzou Arena,,,,,,REGULAR_SEASON,,43,Dec. 5 - - & - Oregon W 106-69,opponent_resolved_site_pending,,MATCHED,BOOTSTRAP_SAME_SOURCE_SEQUENCE
ASRT-MIZ-02480,CBBG-0002480,missouri,MIZ-HIST-02480,historical_media_guide,2009-2010,2009-12-09,Oral Roberts,oral-roberts,Oral Roberts,59,60,L,0,away_candidate,unknown,,,,,,,REGULAR_SEASON,,43,Dec. 9 - - at Oral Roberts L 59-60,opponent_resolved_site_pending,,MATCHED,BOOTSTRAP_SAME_SOURCE_SEQUENCE
ASRT-MIZ-02481,CBBG-0002481,missouri,MIZ-HIST-02481,historical_media_guide,2009-2010,2009-12-12,Fairleigh Dickinson,fairleigh-dickinson,Fairleigh Dickinson,87,36,W,0,home_or_special_site_candidate,unknown,Mizzou Arena,,,,,,REGULAR_SEASON,,43,Dec. 12 - - Fairleigh Dickinson W 87-36,opponent_resolved_site_pending,,MATCHED,BOOTSTRAP_SAME_SOURCE_SEQUENCE
ASRT-MIZ-02482,CBBG-0002482,missouri,MIZ-HIST-02482,historical_media_guide,2009-2010,2009-12-19,Arkansas-Pine Bluff,arkansas-pine-bluff,Arkansas-Pine Bluff,88,70,W,0,home_or_special_site_candidate,unknown,Mizzou Arena,,,,,,REGULAR_SEASON,,43,Dec. 19 - - Arkansas-Pine Bluff W 88-70,opponent_resolved_site_pending,,MATCHED,BOOTSTRAP_SAME_SOURCE_SEQUENCE
ASRT-MIZ-02483,CBBG-0002483,missouri,MIZ-HIST-02483,historical_media_guide,2009-2010,2009-12-23,- Illinois,illinois,Illinois,81,68,W,0,home_or_special_site_candidate,unknown,Enterprise Center,,,,"- Busch Braggin’ Rights  (St. Louis, Mo. - Scottrade Center)",,REGULAR_SEASON,,43,Dec. 23 - - % - Illinois W 81-68,opponent_resolved_site_pending,,MATCHED,BOOTSTRAP_SAME_SOURCE_SEQUENCE
ASRT-MIZ-02484,CBBG-0002484,missouri,MIZ-HIST-02484,historical_media_guide,2009-2010,2009-12-27,Austin Peay,austin-peay,Austin Peay,94,79,W,0,home_or_special_site_candidate,unknown,Mizzou Arena,,,,,,REGULAR_SEASON,,43,Dec. 27 - - Austin Peay W 94-79,opponent_resolved_site_pending,,MATCHED,BOOTSTRAP_SAME_SOURCE_SEQUENCE
ASRT-MIZ-02485,CBBG-0002485,missouri,MIZ-HIST-02485,historical_media_guide,2009-2010,2009-12-30,UMKC,kansas-city,Kansas City,91,57,W,0,home_or_special_site_candidate,unknown,Mizzou Arena,,,,,,REGULAR_SEASON,,43,Dec. 30 - - UMKC W 91-57,opponent_resolved_site_pending,,MATCHED,BOOTSTRAP_SAME_SOURCE_SEQUENCE
ASRT-MIZ-02486,CBBG-0002486,missouri,MIZ-HIST-02486,historical_media_guide,2009-2010,2010-01-02,Georgia,georgia,Georgia,89,61,W,0,home_or_special_site_candidate,unknown,Mizzou Arena,,,,,,REGULAR_SEASON,,43,Jan. 2 - - Georgia W 89-61,opponent_resolved_site_pending,,MATCHED,BOOTSTRAP_SAME_SOURCE_SEQUENCE
ASRT-MIZ-02487,CBBG-0002487,missouri,MIZ-HIST-02487,historical_media_guide,2009-2010,2010-01-06,Savannah State,savannah-state,Savannah State,74,45,W,0,home_or_special_site_candidate,unknown,Mizzou Arena,,,,,,REGULAR_SEASON,,43,Jan. 6 - - Savannah State W 74-45,opponent_resolved_site_pending,,MATCHED,BOOTSTRAP_SAME_SOURCE_SEQUENCE
ASRT-MIZ-02488,CBBG-0002488,missouri,MIZ-HIST-02488,historical_media_guide,2009-2010,2010-01-09,Kansas State,kansas-state,Kansas State,74,68,W,0,home_or_special_site_candidate,unknown,Mizzou Arena,,,,,,REGULAR_SEASON,,43,Jan. 9 - 10 *Kansas State W 74-68,opponent_resolved_site_pending,,MATCHED,BOOTSTRAP_SAME_SOURCE_SEQUENCE
ASRT-MIZ-02489,CBBG-0002489,missouri,MIZ-HIST-02489,historical_media_guide,2009-2010,2010-01-13,Texas Tech,texas-tech,Texas Tech,94,89,W,0,home_or_special_site_candidate,unknown,Mizzou Arena,,,,,,REGULAR_SEASON,,43,Jan. 13 - - *at Texas Tech (OT) W 94-89,opponent_resolved_site_pending,,MATCHED,BOOTSTRAP_SAME_SOURCE_SEQUENCE
ASRT-MIZ-02490,CBBG-0002490,missouri,MIZ-HIST-02490,historical_media_guide,2009-2010,2010-01-16,Oklahoma,oklahoma,Oklahoma,61,66,L,0,home_or_special_site_candidate,unknown,Mizzou Arena,,,,,,REGULAR_SEASON,,43,Jan. 16 - - *at Oklahoma L 61-66,opponent_resolved_site_pending,,MATCHED,BOOTSTRAP_SAME_SOURCE_SEQUENCE
ASRT-MIZ-02491,CBBG-0002491,missouri,MIZ-HIST-02491,historical_media_guide,2009-2010,2010-01-23,Nebraska,nebraska,Nebraska,70,53,W,0,home_or_special_site_candidate,unknown,Mizzou Arena,,,,,,REGULAR_SEASON,,43,Jan. 23 - - *Nebraska W 70-53,opponent_resolved_site_pending,,MATCHED,BOOTSTRAP_SAME_SOURCE_SEQUENCE
ASRT-MIZ-02492,CBBG-0002492,missouri,MIZ-HIST-02492,historical_media_guide,2009-2010,2010-01-25,Kansas,kansas,Kansas,65,84,L,0,home_or_special_site_candidate,unknown,Mizzou Arena,,,,,,REGULAR_SEASON,,43,Jan. 25 - 2 *Kansas L 65-84,opponent_resolved_site_pending,,MATCHED,BOOTSTRAP_SAME_SOURCE_SEQUENCE
ASRT-MIZ-02493,CBBG-0002493,missouri,MIZ-HIST-02493,historical_media_guide,2009-2010,2010-01-30,Oklahoma State,oklahoma-state,Oklahoma State,95,80,W,0,home_or_special_site_candidate,unknown,Mizzou Arena,,,,,,REGULAR_SEASON,,43,Jan. 30 - - *Oklahoma State W 95-80,opponent_resolved_site_pending,,MATCHED,BOOTSTRAP_SAME_SOURCE_SEQUENCE
ASRT-MIZ-02494,CBBG-0002494,missouri,MIZ-HIST-02494,historical_media_guide,2009-2010,2010-02-03,Texas A&M,texas-a-m,Texas A&M,74,77,L,0,home_or_special_site_candidate,unknown,Mizzou Arena,,,,,,REGULAR_SEASON,,43,Feb. 3 - - *Texas A&M L 74-77,opponent_resolved_site_pending,,MATCHED,BOOTSTRAP_SAME_SOURCE_SEQUENCE
ASRT-MIZ-02495,CBBG-0002495,missouri,MIZ-HIST-02495,historical_media_guide,2009-2010,2010-02-06,Colorado,colorado,Colorado,84,66,W,0,home_or_special_site_candidate,unknown,Mizzou Arena,,,,,,REGULAR_SEASON,,43,Feb. 6 - - *at Colorado W 84-66,opponent_resolved_site_pending,,MATCHED,BOOTSTRAP_SAME_SOURCE_SEQUENCE
ASRT-MIZ-02496,CBBG-0002496,missouri,MIZ-HIST-02496,historical_media_guide,2009-2010,2010-02-10,Iowa State,iowa-state,Iowa State,65,56,W,0,home_or_special_site_candidate,unknown,Mizzou Arena,,,,,,REGULAR_SEASON,,43,Feb. 10 - - *Iowa State W 65-56,opponent_resolved_site_pending,,MATCHED,BOOTSTRAP_SAME_SOURCE_SEQUENCE
ASRT-MIZ-02497,CBBG-0002497,missouri,MIZ-HIST-02497,historical_media_guide,2009-2010,2010-02-13,Baylor,baylor,Baylor,62,65,L,0,home_or_special_site_candidate,unknown,Mizzou Arena,,,,,,REGULAR_SEASON,,43,Feb. 13 - 24 *at Baylor L 62-65,opponent_resolved_site_pending,,MATCHED,BOOTSTRAP_SAME_SOURCE_SEQUENCE
ASRT-MIZ-02498,CBBG-0002498,missouri,MIZ-HIST-02498,historical_media_guide,2009-2010,2010-02-17,Texas,texas,Texas,82,77,W,0,home_or_special_site_candidate,unknown,Mizzou Arena,,,,,,REGULAR_SEASON,,43,Feb. 17 - 15 *Texas W 82-77,opponent_resolved_site_pending,,MATCHED,BOOTSTRAP_SAME_SOURCE_SEQUENCE
ASRT-MIZ-02499,CBBG-0002499,missouri,MIZ-HIST-02499,historical_media_guide,2009-2010,2010-02-20,Nebraska,nebraska,Nebraska,74,59,W,0,home_or_special_site_candidate,unknown,Mizzou Arena,,,,,,REGULAR_SEASON,,43,Feb. 20 - - *at Nebraska W 74-59,opponent_resolved_site_pending,,MATCHED,BOOTSTRAP_SAME_SOURCE_SEQUENCE
ASRT-MIZ-02500,CBBG-0002500,missouri,MIZ-HIST-02500,historical_media_guide,2009-2010,2010-02-24,Colorado,colorado,Colorado,92,63,W,0,home_or_special_site_candidate,unknown,Mizzou Arena,,,,,,REGULAR_SEASON,,43,Feb. 24 - - *Colorado W 92-63,opponent_resolved_site_pending,,MATCHED,BOOTSTRAP_SAME_SOURCE_SEQUENCE
ASRT-MIZ-02501,CBBG-0002501,missouri,MIZ-HIST-02501,historical_media_guide,2009-2010,2010-02-27,Kansas State,kansas-state,Kansas State,53,63,L,0,home_or_special_site_candidate,unknown,Mizzou Arena,,,,,,REGULAR_SEASON,,43,Feb. 27 - 6 *at Kansas State L 53-63,opponent_resolved_site_pending,,MATCHED,BOOTSTRAP_SAME_SOURCE_SEQUENCE
ASRT-MIZ-02502,CBBG-0002502,missouri,MIZ-HIST-02502,historical_media_guide,2009-2010,2010-03-02,Iowa State,iowa-state,Iowa State,69,67,W,0,home_or_special_site_candidate,unknown,Mizzou Arena,,,,,,REGULAR_SEASON,,43,Mar. 2 - - *at Iowa State (OT) W 69-67,opponent_resolved_site_pending,,MATCHED,BOOTSTRAP_SAME_SOURCE_SEQUENCE
ASRT-MIZ-02503,CBBG-0002503,missouri,MIZ-HIST-02503,historical_media_guide,2009-2010,2010-03-06,Kansas,kansas,Kansas,56,77,L,0,home_or_special_site_candidate,unknown,Mizzou Arena,,,,,,REGULAR_SEASON,,43,Mar. 6 - 2 *Kansas L 56-77,opponent_resolved_site_pending,,MATCHED,BOOTSTRAP_SAME_SOURCE_SEQUENCE
ASRT-MIZ-02504,CBBG-0002504,missouri,MIZ-HIST-02504,historical_media_guide,2009-2010,2010-03-10,- Nebraska,nebraska,Nebraska,60,75,L,0,home_or_special_site_candidate,unknown,T-Mobile Center,,,,"- Big 12 Tournament  (Kansas City, Mo. - Sprint Center)",,CONFERENCE_TOURNAMENT,,43,Mar. 10 - - ^ - Nebraska L 60-75,opponent_resolved_site_pending,,MATCHED,BOOTSTRAP_SAME_SOURCE_SEQUENCE
ASRT-MIZ-02505,CBBG-0002505,missouri,MIZ-HIST-02505,historical_media_guide,2009-2010,2010-03-19,- Clemson,clemson,Clemson,86,78,W,0,home_or_special_site_candidate,unknown,,,,,"- NCAA East Regional (Buffalo, N.Y.- HSBC Arena)",,NCAA_TOURNAMENT,R64,43,Mar. 19 - - # - Clemson W 86-78,opponent_resolved_site_pending,,MATCHED,BOOTSTRAP_SAME_SOURCE_SEQUENCE
ASRT-MIZ-02506,CBBG-0002506,missouri,MIZ-HIST-02506,historical_media_guide,2009-2010,2010-03-21,- West Virginia,west-virginia,West Virginia,59,68,L,0,home_or_special_site_candidate,unknown,,,,,"- NCAA East Regional (Buffalo, N.Y.- HSBC Arena)",,NCAA_TOURNAMENT,R32,43,Mar. 21 - 5 # - West Virginia L 59-68,opponent_resolved_site_pending,,MATCHED,BOOTSTRAP_SAME_SOURCE_SEQUENCE
ASRT-MIZ-02507,CBBG-0002507,missouri,MIZ-HIST-02507,historical_media_guide,2010-2011,2010-11-18,Western Illinois,western-illinois,Western Illinois,66,61,W,0,home_or_special_site_candidate,unknown,Mizzou Arena,,,,,,REGULAR_SEASON,,43,Nov. 18 15 - Western Illinois W 66-61,opponent_resolved_site_pending,,MATCHED,BOOTSTRAP_SAME_SOURCE_SEQUENCE
ASRT-MIZ-02508,CBBG-0002508,missouri,MIZ-HIST-02508,historical_media_guide,2010-2011,2010-11-20,North Florida,north-florida,North Florida,96,58,W,0,home_or_special_site_candidate,unknown,Mizzou Arena,,,,,,REGULAR_SEASON,,43,Nov. 20 15 - North Florida W 96-58,opponent_resolved_site_pending,,MATCHED,BOOTSTRAP_SAME_SOURCE_SEQUENCE
ASRT-MIZ-02509,CBBG-0002509,missouri,MIZ-HIST-02509,historical_media_guide,2010-2011,2010-11-23,- Wyoming,wyoming,Wyoming,72,62,W,0,home_or_special_site_candidate,unknown,,,,,"- Cancun Challenge (Playa del Carmen, Mexico)",,REGULAR_SEASON,,43,Nov. 23 11 - ! - Wyoming W 72-62,opponent_resolved_site_pending,,MATCHED,BOOTSTRAP_SAME_SOURCE_SEQUENCE
ASRT-MIZ-02510,CBBG-0002510,missouri,MIZ-HIST-02510,historical_media_guide,2010-2011,2010-11-24,- La Salle,la-salle,La Salle,83,71,W,0,home_or_special_site_candidate,unknown,,,,,"- Cancun Challenge (Playa del Carmen, Mexico)",,REGULAR_SEASON,,43,Nov. 24 11 - ! - La Salle W 83-71,opponent_resolved_site_pending,,MATCHED,BOOTSTRAP_SAME_SOURCE_SEQUENCE
ASRT-MIZ-02511,CBBG-0002511,missouri,MIZ-HIST-02511,historical_media_guide,2010-2011,2010-11-28,Arkansas-Pine Bluff,arkansas-pine-bluff,Arkansas-Pine Bluff,91,63,W,0,home_or_special_site_candidate,unknown,Mizzou Arena,,,,,,REGULAR_SEASON,,43,Nov. 28 11 - Arkansas-Pine Bluff W 91-63,opponent_resolved_site_pending,,MATCHED,BOOTSTRAP_SAME_SOURCE_SEQUENCE
ASRT-MIZ-02512,CBBG-0002512,missouri,MIZ-HIST-02512,historical_media_guide,2010-2011,2010-11-30,Georgetown,georgetown,Georgetown,102,111,L,0,neutral_candidate,unknown,,,,,,,REGULAR_SEASON,,43,Nov. 30 9 16 vs. Georgetown (OT) L 102-111,opponent_resolved_site_pending,,MATCHED,BOOTSTRAP_SAME_SOURCE_SEQUENCE
ASRT-MIZ-02513,CBBG-0002513,missouri,MIZ-HIST-02513,historical_media_guide,2010-2011,2010-12-02,- at Oregon,oregon,Oregon,83,80,W,0,away_candidate,unknown,,,,,,,REGULAR_SEASON,,43,Dec. 2 9 - & - at Oregon W 83-80,opponent_resolved_site_pending,,MATCHED,BOOTSTRAP_SAME_SOURCE_SEQUENCE
ASRT-MIZ-02514,CBBG-0002514,missouri,MIZ-HIST-02514,historical_media_guide,2010-2011,2010-12-08,Vanderbilt,vanderbilt,Vanderbilt,85,82,W,0,home_or_special_site_candidate,unknown,Mizzou Arena,,,,,,REGULAR_SEASON,,43,Dec. 8 15 - Vanderbilt (OT) W 85-82,opponent_resolved_site_pending,,MATCHED,BOOTSTRAP_SAME_SOURCE_SEQUENCE
ASRT-MIZ-02515,CBBG-0002515,missouri,MIZ-HIST-02515,historical_media_guide,2010-2011,2010-12-11,Presbyterian,presbyterian,Presbyterian,70,55,W,0,home_or_special_site_candidate,unknown,Mizzou Arena,,,,,,REGULAR_SEASON,,43,Dec. 11 15 - Presbyterian W 70-55,opponent_resolved_site_pending,,MATCHED,BOOTSTRAP_SAME_SOURCE_SEQUENCE
ASRT-MIZ-02516,CBBG-0002516,missouri,MIZ-HIST-02516,historical_media_guide,2010-2011,2010-12-16,Oral Roberts,oral-roberts,Oral Roberts,81,62,W,0,home_or_special_site_candidate,unknown,Mizzou Arena,,,,,,REGULAR_SEASON,,43,Dec. 16 13 - Oral Roberts W 81-62,opponent_resolved_site_pending,,MATCHED,BOOTSTRAP_SAME_SOURCE_SEQUENCE
ASRT-MIZ-02517,CBBG-0002517,missouri,MIZ-HIST-02517,historical_media_guide,2010-2011,2010-12-18,Central Arkansas,central-arkansas,Central Arkansas,116,63,W,0,home_or_special_site_candidate,unknown,Mizzou Arena,,,,,,REGULAR_SEASON,,43,Dec. 18 13 - Central Arkansas W 116-63,opponent_resolved_site_pending,,MATCHED,BOOTSTRAP_SAME_SOURCE_SEQUENCE
ASRT-MIZ-02518,CBBG-0002518,missouri,MIZ-HIST-02518,historical_media_guide,2010-2011,2010-12-22,- Illinois,illinois,Illinois,75,64,W,0,home_or_special_site_candidate,unknown,Enterprise Center,,,,"- Busch Braggin’ Rights  (St. Louis, Mo. - Scottrade Center)",,REGULAR_SEASON,,43,Dec. 22 9 21 % - Illinois W 75-64,opponent_resolved_site_pending,,MATCHED,BOOTSTRAP_SAME_SOURCE_SEQUENCE
ASRT-MIZ-02519,CBBG-0002519,missouri,MIZ-HIST-02519,historical_media_guide,2010-2011,2010-12-27,Northern Illinois,northern-illinois,Northern Illinois,97,61,W,0,home_or_special_site_candidate,unknown,Mizzou Arena,,,,,,REGULAR_SEASON,,43,Dec. 27 10 - Northern Illinois W 97-61,opponent_resolved_site_pending,,MATCHED,BOOTSTRAP_SAME_SOURCE_SEQUENCE
ASRT-MIZ-02520,CBBG-0002520,missouri,MIZ-HIST-02520,historical_media_guide,2010-2011,2010-12-30,Old Dominion,old-dominion,Old Dominion,81,58,W,0,home_or_special_site_candidate,unknown,Mizzou Arena,,,,,,REGULAR_SEASON,,43,Dec. 30 10 - Old Dominion W 81-58,opponent_resolved_site_pending,,MATCHED,BOOTSTRAP_SAME_SOURCE_SEQUENCE
ASRT-MIZ-02521,CBBG-0002521,missouri,MIZ-HIST-02521,historical_media_guide,2010-2011,2011-01-05,North Alabama,north-alabama,North Alabama,98,58,W,0,home_or_special_site_candidate,unknown,Mizzou Arena,,,,,,REGULAR_SEASON,,43,Jan. 5 9 - North Alabama W 98-58,opponent_resolved_site_pending,,MATCHED,BOOTSTRAP_SAME_SOURCE_SEQUENCE
ASRT-MIZ-02522,CBBG-0002522,missouri,MIZ-HIST-02522,historical_media_guide,2010-2011,2011-01-08,Colorado,colorado,Colorado,76,89,L,0,home_or_special_site_candidate,unknown,Mizzou Arena,,,,,,REGULAR_SEASON,,43,Jan. 8 9 - *at Colorado L 76-89,opponent_resolved_site_pending,,MATCHED,BOOTSTRAP_SAME_SOURCE_SEQUENCE
ASRT-MIZ-02523,CBBG-0002523,missouri,MIZ-HIST-02523,historical_media_guide,2010-2011,2011-01-12,Nebraska,nebraska,Nebraska,77,69,W,0,home_or_special_site_candidate,unknown,Mizzou Arena,,,,,,REGULAR_SEASON,,43,Jan. 12 15 - *Nebraska W 77-69,opponent_resolved_site_pending,,MATCHED,BOOTSTRAP_SAME_SOURCE_SEQUENCE
ASRT-MIZ-02524,CBBG-0002524,missouri,MIZ-HIST-02524,historical_media_guide,2010-2011,2011-01-15,Texas A&M,texas-a-m,Texas A&M,89,91,L,0,home_or_special_site_candidate,unknown,Mizzou Arena,,,,,,REGULAR_SEASON,,43,Jan. 15 15 14 *at Texas A&M (OT) L 89-91,opponent_resolved_site_pending,,MATCHED,BOOTSTRAP_SAME_SOURCE_SEQUENCE
ASRT-MIZ-02525,CBBG-0002525,missouri,MIZ-HIST-02525,historical_media_guide,2010-2011,2011-01-17,Kansas State,kansas-state,Kansas State,75,59,W,0,home_or_special_site_candidate,unknown,Mizzou Arena,,,,,,REGULAR_SEASON,,44,Jan. 17 13 24 *Kansas State W 75-59,opponent_resolved_site_pending,,MATCHED,BOOTSTRAP_SAME_SOURCE_SEQUENCE
ASRT-MIZ-02526,CBBG-0002526,missouri,MIZ-HIST-02526,historical_media_guide,2010-2011,2011-01-22,Iowa State,iowa-state,Iowa State,87,54,W,0,home_or_special_site_candidate,unknown,Mizzou Arena,,,,,,REGULAR_SEASON,,44,Jan. 22 11 - *Iowa State W 87-54,opponent_resolved_site_pending,,MATCHED,BOOTSTRAP_SAME_SOURCE_SEQUENCE
ASRT-MIZ-02527,CBBG-0002527,missouri,MIZ-HIST-02527,historical_media_guide,2010-2011,2011-01-29,Texas,texas,Texas,58,71,L,0,home_or_special_site_candidate,unknown,Mizzou Arena,,,,,,REGULAR_SEASON,,44,Jan. 29 11 7 *at Texas L 58-71,opponent_resolved_site_pending,,MATCHED,BOOTSTRAP_SAME_SOURCE_SEQUENCE
ASRT-MIZ-02528,CBBG-0002528,missouri,MIZ-HIST-02528,historical_media_guide,2010-2011,2011-02-02,Oklahoma State,oklahoma-state,Oklahoma State,70,76,L,0,home_or_special_site_candidate,unknown,Mizzou Arena,,,,,,REGULAR_SEASON,,44,Feb. 2 14 - *at Oklahoma State L 70-76,opponent_resolved_site_pending,,MATCHED,BOOTSTRAP_SAME_SOURCE_SEQUENCE
ASRT-MIZ-02529,CBBG-0002529,missouri,MIZ-HIST-02529,historical_media_guide,2010-2011,2011-02-05,Colorado,colorado,Colorado,89,73,W,0,home_or_special_site_candidate,unknown,Mizzou Arena,,,,,,REGULAR_SEASON,,44,Feb. 5 14 - *Colorado W 89-73,opponent_resolved_site_pending,,MATCHED,BOOTSTRAP_SAME_SOURCE_SEQUENCE
ASRT-MIZ-02530,CBBG-0002530,missouri,MIZ-HIST-02530,historical_media_guide,2010-2011,2011-02-07,Kansas,kansas,Kansas,86,103,L,0,home_or_special_site_candidate,unknown,Mizzou Arena,,,,,,REGULAR_SEASON,,44,Feb. 7 19 2 *at Kansas L 86-103,opponent_resolved_site_pending,,MATCHED,BOOTSTRAP_SAME_SOURCE_SEQUENCE
ASRT-MIZ-02531,CBBG-0002531,missouri,MIZ-HIST-02531,historical_media_guide,2010-2011,2011-02-12,Oklahoma,oklahoma,Oklahoma,84,61,W,0,home_or_special_site_candidate,unknown,Mizzou Arena,,,,,,REGULAR_SEASON,,44,Feb. 12 19 - *Oklahoma W 84-61,opponent_resolved_site_pending,,MATCHED,BOOTSTRAP_SAME_SOURCE_SEQUENCE
ASRT-MIZ-02532,CBBG-0002532,missouri,MIZ-HIST-02532,historical_media_guide,2010-2011,2011-02-15,Texas Tech,texas-tech,Texas Tech,92,84,W,0,home_or_special_site_candidate,unknown,Mizzou Arena,,,,,,REGULAR_SEASON,,44,Feb. 15 20 - *Texas Tech W 92-84,opponent_resolved_site_pending,,MATCHED,BOOTSTRAP_SAME_SOURCE_SEQUENCE
ASRT-MIZ-02533,CBBG-0002533,missouri,MIZ-HIST-02533,historical_media_guide,2010-2011,2011-02-19,Iowa State,iowa-state,Iowa State,76,70,W,0,home_or_special_site_candidate,unknown,Mizzou Arena,,,,,,REGULAR_SEASON,,44,Feb. 19 20 - *at Iowa State W 76-70,opponent_resolved_site_pending,,MATCHED,BOOTSTRAP_SAME_SOURCE_SEQUENCE
ASRT-MIZ-02534,CBBG-0002534,missouri,MIZ-HIST-02534,historical_media_guide,2010-2011,2011-02-23,Baylor,baylor,Baylor,77,59,W,0,home_or_special_site_candidate,unknown,Mizzou Arena,,,,,,REGULAR_SEASON,,44,Feb. 23 20 - *Baylor W 77-59,opponent_resolved_site_pending,,MATCHED,BOOTSTRAP_SAME_SOURCE_SEQUENCE
ASRT-MIZ-02535,CBBG-0002535,missouri,MIZ-HIST-02535,historical_media_guide,2010-2011,2011-02-26,Kansas State,kansas-state,Kansas State,70,80,L,0,home_or_special_site_candidate,unknown,Mizzou Arena,,,,,,REGULAR_SEASON,,44,Feb. 26 20 - *at Kansas State L 70-80,opponent_resolved_site_pending,,MATCHED,BOOTSTRAP_SAME_SOURCE_SEQUENCE
ASRT-MIZ-02536,CBBG-0002536,missouri,MIZ-HIST-02536,historical_media_guide,2010-2011,2011-03-01,Nebraska,nebraska,Nebraska,58,69,L,0,home_or_special_site_candidate,unknown,Mizzou Arena,,,,,,REGULAR_SEASON,,44,Mar. 1 22 - *at Nebraska L 58-69,opponent_resolved_site_pending,,MATCHED,BOOTSTRAP_SAME_SOURCE_SEQUENCE
ASRT-MIZ-02537,CBBG-0002537,missouri,MIZ-HIST-02537,historical_media_guide,2010-2011,2011-03-05,Kansas,kansas,Kansas,66,70,L,0,home_or_special_site_candidate,unknown,Mizzou Arena,,,,,,REGULAR_SEASON,,44,Mar. 5 22 2 *Kansas L 66-70,opponent_resolved_site_pending,,MATCHED,BOOTSTRAP_SAME_SOURCE_SEQUENCE
ASRT-MIZ-02538,CBBG-0002538,missouri,MIZ-HIST-02538,historical_media_guide,2010-2011,2011-03-09,- Texas Tech,texas-tech,Texas Tech,88,84,W,0,home_or_special_site_candidate,unknown,T-Mobile Center,,,,"- Big 12 Tournament  (Kansas City, Mo. - Sprint Center)",,CONFERENCE_TOURNAMENT,,44,Mar. 9 - - ^ - Texas Tech W 88-84,opponent_resolved_site_pending,,MATCHED,BOOTSTRAP_SAME_SOURCE_SEQUENCE
ASRT-MIZ-02539,CBBG-0002539,missouri,MIZ-HIST-02539,historical_media_guide,2010-2011,2011-03-10,- Texas A&M,texas-a-m,Texas A&M,71,86,L,0,home_or_special_site_candidate,unknown,T-Mobile Center,,,,"- Big 12 Tournament  (Kansas City, Mo. - Sprint Center)",,CONFERENCE_TOURNAMENT,,44,Mar. 10 - - ^ - Texas A&M L 71-86,opponent_resolved_site_pending,,MATCHED,BOOTSTRAP_SAME_SOURCE_SEQUENCE
ASRT-MIZ-02540,CBBG-0002540,missouri,MIZ-HIST-02540,historical_media_guide,2010-2011,2011-03-27,- Cincinnati,cincinnati,Cincinnati,63,78,L,0,home_or_special_site_candidate,unknown,,,,,"- NCAA West Regional (Washington, D.C.- Verizon Center)",,NCAA_TOURNAMENT,R64,44,Mar. 27 - 25 # - Cincinnati L 63-78,opponent_resolved_site_pending,,MATCHED,BOOTSTRAP_SAME_SOURCE_SEQUENCE
ASRT-MIZ-02541,CBBG-0002541,missouri,MIZ-HIST-02541,historical_media_guide,2011-2012,2011-11-11,Southeast Missouri,southeast-missouri-state,Southeast Missouri State,83,68,W,0,home_or_special_site_candidate,unknown,Mizzou Arena,,,,,,REGULAR_SEASON,,44,Nov. 11 25 - Southeast Missouri W 83-68,opponent_resolved_site_pending,,MATCHED,BOOTSTRAP_SAME_SOURCE_SEQUENCE
ASRT-MIZ-02542,CBBG-0002542,missouri,MIZ-HIST-02542,historical_media_guide,2011-2012,2011-11-14,Mercer,mercer,Mercer,81,63,W,0,home_or_special_site_candidate,unknown,Mizzou Arena,,,,,,REGULAR_SEASON,,44,Nov. 14 25 - Mercer W 81-63,opponent_resolved_site_pending,,MATCHED,BOOTSTRAP_SAME_SOURCE_SEQUENCE
ASRT-MIZ-02543,CBBG-0002543,missouri,MIZ-HIST-02543,historical_media_guide,2011-2012,2011-11-17,Niagara,niagara,Niagara,83,52,W,0,home_or_special_site_candidate,unknown,Mizzou Arena,,,,,,REGULAR_SEASON,,44,Nov. 17 25 - Niagara W 83-52,opponent_resolved_site_pending,,MATCHED,BOOTSTRAP_SAME_SOURCE_SEQUENCE
ASRT-MIZ-02544,CBBG-0002544,missouri,MIZ-HIST-02544,historical_media_guide,2011-2012,2011-11-21,Notre Dame,notre-dame,Notre Dame,87,58,W,0,neutral_candidate,unknown,T-Mobile Center,,,,"- CBE Invitational (Kansas City, Mo. - Sprint Center)",,REGULAR_SEASON,,44,Nov. 21 21 - ! - vs. Notre Dame W 87-58,opponent_resolved_site_pending,,MATCHED,BOOTSTRAP_SAME_SOURCE_SEQUENCE
ASRT-MIZ-02545,CBBG-0002545,missouri,MIZ-HIST-02545,historical_media_guide,2011-2012,2011-11-22,California,california,California,92,53,W,0,neutral_candidate,unknown,T-Mobile Center,,,,"- CBE Invitational (Kansas City, Mo. - Sprint Center)",,REGULAR_SEASON,,44,Nov. 22 21 20 ! - vs. California W 92-53,opponent_resolved_site_pending,,MATCHED,BOOTSTRAP_SAME_SOURCE_SEQUENCE
ASRT-MIZ-02546,CBBG-0002546,missouri,MIZ-HIST-02546,historical_media_guide,2011-2012,2011-11-27,Binghamton,binghamton,Binghamton,88,59,W,0,home_or_special_site_candidate,unknown,Mizzou Arena,,,,,,REGULAR_SEASON,,44,Nov. 27 21 - Binghamton W 88-59,opponent_resolved_site_pending,,MATCHED,BOOTSTRAP_SAME_SOURCE_SEQUENCE
ASRT-MIZ-02547,CBBG-0002547,missouri,MIZ-HIST-02547,historical_media_guide,2011-2012,2011-12-02,Northwestern State,northwestern-state,Northwestern State,90,56,W,0,home_or_special_site_candidate,unknown,Mizzou Arena,,,,,,REGULAR_SEASON,,44,Dec. 2 13 - Northwestern State W 90-56,opponent_resolved_site_pending,,MATCHED,BOOTSTRAP_SAME_SOURCE_SEQUENCE
ASRT-MIZ-02548,CBBG-0002548,missouri,MIZ-HIST-02548,historical_media_guide,2011-2012,2011-12-06,Villanova,villanova,Villanova,81,71,W,0,neutral_candidate,unknown,Madison Square Garden,,,,- Jimmy V Classic (New York City - Madison Square Garden),,REGULAR_SEASON,,44,Dec. 6 10 - & - vs. Villanova W 81-71,opponent_resolved_site_pending,,MATCHED,BOOTSTRAP_SAME_SOURCE_SEQUENCE
ASRT-MIZ-02549,CBBG-0002549,missouri,MIZ-HIST-02549,historical_media_guide,2011-2012,2011-12-10,Navy,navy,Navy,84,59,W,0,home_or_special_site_candidate,unknown,Mizzou Arena,,,,,,REGULAR_SEASON,,44,Dec. 10 10 - Navy W 84-59,opponent_resolved_site_pending,,MATCHED,BOOTSTRAP_SAME_SOURCE_SEQUENCE
ASRT-MIZ-02550,CBBG-0002550,missouri,MIZ-HIST-02550,historical_media_guide,2011-2012,2011-12-15,Kennesaw State,kennesaw-state,Kennesaw State,104,67,W,0,home_or_special_site_candidate,unknown,Mizzou Arena,,,,,,REGULAR_SEASON,,44,Dec. 15 10 - Kennesaw State W 104-67,opponent_resolved_site_pending,,MATCHED,BOOTSTRAP_SAME_SOURCE_SEQUENCE
ASRT-MIZ-02551,CBBG-0002551,missouri,MIZ-HIST-02551,historical_media_guide,2011-2012,2011-12-18,William & Mary,william-mary,William & Mary,94,56,W,0,home_or_special_site_candidate,unknown,Mizzou Arena,,,,,,REGULAR_SEASON,,44,Dec. 18 10 - William & Mary W 94-56,opponent_resolved_site_pending,,MATCHED,BOOTSTRAP_SAME_SOURCE_SEQUENCE
ASRT-MIZ-02552,CBBG-0002552,missouri,MIZ-HIST-02552,historical_media_guide,2011-2012,2011-12-22,Illinois,illinois,Illinois,78,74,W,0,neutral_candidate,unknown,Enterprise Center,,,,"- Busch Braggin’ Rights (St. Louis, Mo. - Scottrade Center)",,REGULAR_SEASON,,44,Dec. 22 9 25 % - vs. Illinois W 78-74,opponent_resolved_site_pending,,MATCHED,BOOTSTRAP_SAME_SOURCE_SEQUENCE
ASRT-MIZ-02553,CBBG-0002553,missouri,MIZ-HIST-02553,historical_media_guide,2011-2012,2011-12-30,Old Dominion,old-dominion,Old Dominion,75,68,W,0,away_candidate,unknown,,,,,,,REGULAR_SEASON,,44,Dec. 30 8 - at Old Dominion W 75-68,opponent_resolved_site_pending,,MATCHED,BOOTSTRAP_SAME_SOURCE_SEQUENCE
ASRT-MIZ-02554,CBBG-0002554,missouri,MIZ-HIST-02554,historical_media_guide,2011-2012,2012-01-03,Oklahoma,oklahoma,Oklahoma,87,49,W,0,home_or_special_site_candidate,unknown,Mizzou Arena,,,,,,REGULAR_SEASON,,44,Jan. 3 7 - *Oklahoma W 87-49,opponent_resolved_site_pending,,MATCHED,BOOTSTRAP_SAME_SOURCE_SEQUENCE
ASRT-MIZ-02555,CBBG-0002555,missouri,MIZ-HIST-02555,historical_media_guide,2011-2012,2012-01-07,Kansas State,kansas-state,Kansas State,59,75,L,0,home_or_special_site_candidate,unknown,Mizzou Arena,,,,,,REGULAR_SEASON,,44,Jan. 7 7 23 *at Kansas State L 59-75,opponent_resolved_site_pending,,MATCHED,BOOTSTRAP_SAME_SOURCE_SEQUENCE
ASRT-MIZ-02556,CBBG-0002556,missouri,MIZ-HIST-02556,historical_media_guide,2011-2012,2012-01-11,Iowa State,iowa-state,Iowa State,76,69,W,0,home_or_special_site_candidate,unknown,Mizzou Arena,,,,,,REGULAR_SEASON,,44,Jan. 11 9 - *at Iowa State W 76-69,opponent_resolved_site_pending,,MATCHED,BOOTSTRAP_SAME_SOURCE_SEQUENCE
ASRT-MIZ-02557,CBBG-0002557,missouri,MIZ-HIST-02557,historical_media_guide,2011-2012,2012-01-14,Texas,texas,Texas,84,73,W,0,home_or_special_site_candidate,unknown,Mizzou Arena,,,,,,REGULAR_SEASON,,44,Jan. 14 9 - *Texas W 84-73,opponent_resolved_site_pending,,MATCHED,BOOTSTRAP_SAME_SOURCE_SEQUENCE
ASRT-MIZ-02558,CBBG-0002558,missouri,MIZ-HIST-02558,historical_media_guide,2011-2012,2012-01-16,Texas A&M,texas-a-m,Texas A&M,70,51,W,0,home_or_special_site_candidate,unknown,Mizzou Arena,,,,,,REGULAR_SEASON,,44,Jan. 16 5 - *Texas A&M W 70-51,opponent_resolved_site_pending,,MATCHED,BOOTSTRAP_SAME_SOURCE_SEQUENCE
ASRT-MIZ-02559,CBBG-0002559,missouri,MIZ-HIST-02559,historical_media_guide,2011-2012,2012-01-21,Baylor,baylor,Baylor,89,88,W,0,home_or_special_site_candidate,unknown,Mizzou Arena,,,,,,REGULAR_SEASON,,44,Jan. 21 5 3 *at Baylor W 89-88,opponent_resolved_site_pending,,MATCHED,BOOTSTRAP_SAME_SOURCE_SEQUENCE
ASRT-MIZ-02560,CBBG-0002560,missouri,MIZ-HIST-02560,historical_media_guide,2011-2012,2012-01-25,Oklahoma State,oklahoma-state,Oklahoma State,72,79,L,0,home_or_special_site_candidate,unknown,Mizzou Arena,,,,,,REGULAR_SEASON,,44,Jan. 25 2 - *at Oklahoma State L 72-79,opponent_resolved_site_pending,,MATCHED,BOOTSTRAP_SAME_SOURCE_SEQUENCE
ASRT-MIZ-02561,CBBG-0002561,missouri,MIZ-HIST-02561,historical_media_guide,2011-2012,2012-01-28,Texas Tech,texas-tech,Texas Tech,63,50,W,0,home_or_special_site_candidate,unknown,Mizzou Arena,,,,,,REGULAR_SEASON,,44,Jan. 28 2 - *Texas Tech W 63-50,opponent_resolved_site_pending,,MATCHED,BOOTSTRAP_SAME_SOURCE_SEQUENCE
ASRT-MIZ-02562,CBBG-0002562,missouri,MIZ-HIST-02562,historical_media_guide,2011-2012,2012-01-30,Texas,texas,Texas,67,66,W,0,home_or_special_site_candidate,unknown,Mizzou Arena,,,,,,REGULAR_SEASON,,44,Jan. 30 4 - *at Texas W 67-66,opponent_resolved_site_pending,,MATCHED,BOOTSTRAP_SAME_SOURCE_SEQUENCE
ASRT-MIZ-02563,CBBG-0002563,missouri,MIZ-HIST-02563,historical_media_guide,2011-2012,2012-02-04,Kansas,kansas,Kansas,74,71,W,0,home_or_special_site_candidate,unknown,Mizzou Arena,,,,,,REGULAR_SEASON,,44,Feb. 4 4 8 *Kansas W 74-71,opponent_resolved_site_pending,,MATCHED,BOOTSTRAP_SAME_SOURCE_SEQUENCE
ASRT-MIZ-02564,CBBG-0002564,missouri,MIZ-HIST-02564,historical_media_guide,2011-2012,2012-02-06,Oklahoma,oklahoma,Oklahoma,71,68,W,0,home_or_special_site_candidate,unknown,Mizzou Arena,,,,,,REGULAR_SEASON,,44,Feb. 6 4 - *at Oklahoma W 71-68,opponent_resolved_site_pending,,MATCHED,BOOTSTRAP_SAME_SOURCE_SEQUENCE
ASRT-MIZ-02565,CBBG-0002565,missouri,MIZ-HIST-02565,historical_media_guide,2011-2012,2012-02-11,Baylor,baylor,Baylor,72,57,W,0,home_or_special_site_candidate,unknown,Mizzou Arena,,,,,,REGULAR_SEASON,,44,Feb. 11 4 6 *Baylor W 72-57,opponent_resolved_site_pending,,MATCHED,BOOTSTRAP_SAME_SOURCE_SEQUENCE
ASRT-MIZ-02566,CBBG-0002566,missouri,MIZ-HIST-02566,historical_media_guide,2011-2012,2012-02-15,Oklahoma State,oklahoma-state,Oklahoma State,83,65,W,0,home_or_special_site_candidate,unknown,Mizzou Arena,,,,,,REGULAR_SEASON,,44,Feb. 15 3 - *Oklahoma State W 83-65,opponent_resolved_site_pending,,MATCHED,BOOTSTRAP_SAME_SOURCE_SEQUENCE
ASRT-MIZ-02567,CBBG-0002567,missouri,MIZ-HIST-02567,historical_media_guide,2011-2012,2012-02-18,Texas A&M,texas-a-m,Texas A&M,71,62,W,0,home_or_special_site_candidate,unknown,Mizzou Arena,,,,,,REGULAR_SEASON,,44,Feb. 18 3 - *at Texas A&M W 71-62,opponent_resolved_site_pending,,MATCHED,BOOTSTRAP_SAME_SOURCE_SEQUENCE
ASRT-MIZ-02568,CBBG-0002568,missouri,MIZ-HIST-02568,historical_media_guide,2011-2012,2012-02-21,Kansas State,kansas-state,Kansas State,68,78,L,0,home_or_special_site_candidate,unknown,Mizzou Arena,,,,,,REGULAR_SEASON,,44,Feb. 21 3 - *Kansas State L 68-78,opponent_resolved_site_pending,,MATCHED,BOOTSTRAP_SAME_SOURCE_SEQUENCE
ASRT-MIZ-02569,CBBG-0002569,missouri,MIZ-HIST-02569,historical_media_guide,2011-2012,2012-02-25,Kansas,kansas,Kansas,86,87,L,0,home_or_special_site_candidate,unknown,Mizzou Arena,,,,,,REGULAR_SEASON,,44,Feb. 25 3 4 *at Kansas (OT) L 86-87,opponent_resolved_site_pending,,MATCHED,BOOTSTRAP_SAME_SOURCE_SEQUENCE
ASRT-MIZ-02570,CBBG-0002570,missouri,MIZ-HIST-02570,historical_media_guide,2011-2012,2012-02-29,Iowa State,iowa-state,Iowa State,78,72,W,0,home_or_special_site_candidate,unknown,Mizzou Arena,,,,,,REGULAR_SEASON,,44,Feb. 29 7 - *Iowa State W 78-72,opponent_resolved_site_pending,,MATCHED,BOOTSTRAP_SAME_SOURCE_SEQUENCE
ASRT-MIZ-02571,CBBG-0002571,missouri,MIZ-HIST-02571,historical_media_guide,2011-2012,2012-03-03,Texas Tech,texas-tech,Texas Tech,81,59,W,0,home_or_special_site_candidate,unknown,Mizzou Arena,,,,,,REGULAR_SEASON,,44,Mar. 3 7 - *at Texas Tech W 81-59,opponent_resolved_site_pending,,MATCHED,BOOTSTRAP_SAME_SOURCE_SEQUENCE
ASRT-MIZ-02572,CBBG-0002572,missouri,MIZ-HIST-02572,historical_media_guide,2011-2012,2012-03-08,Oklahoma State,oklahoma-state,Oklahoma State,88,70,W,0,neutral_candidate,unknown,T-Mobile Center,,,,"- Big 12 Tournament (Kansas City, Mo. - Sprint Center)",,CONFERENCE_TOURNAMENT,,44,Mar. 8 5 - ^ - vs. Oklahoma State W 88-70,opponent_resolved_site_pending,,MATCHED,BOOTSTRAP_SAME_SOURCE_SEQUENCE
ASRT-MIZ-02573,CBBG-0002573,missouri,MIZ-HIST-02573,historical_media_guide,2011-2012,2012-03-09,Texas,texas,Texas,81,67,W,0,neutral_candidate,unknown,T-Mobile Center,,,,"- Big 12 Tournament (Kansas City, Mo. - Sprint Center)",,CONFERENCE_TOURNAMENT,,44,Mar. 9 5 - ^ - vs. Texas W 81-67,opponent_resolved_site_pending,,MATCHED,BOOTSTRAP_SAME_SOURCE_SEQUENCE
ASRT-MIZ-02574,CBBG-0002574,missouri,MIZ-HIST-02574,historical_media_guide,2011-2012,2012-03-10,Baylor,baylor,Baylor,90,75,W,0,neutral_candidate,unknown,T-Mobile Center,,,,"- Big 12 Tournament (Kansas City, Mo. - Sprint Center)",,CONFERENCE_TOURNAMENT,Championship,44,Mar. 10 5 12 ^ - vs. Baylor W 90-75,opponent_resolved_site_pending,,MATCHED,BOOTSTRAP_SAME_SOURCE_SEQUENCE
ASRT-MIZ-02575,CBBG-0002575,missouri,MIZ-HIST-02575,historical_media_guide,2011-2012,2012-03-16,Norfolk State,norfolk-state,Norfolk State,84,86,L,0,neutral_candidate,unknown,,,,,"- NCAA West Regional (Omaha, Neb. - Centurylink Center)",,NCAA_TOURNAMENT,R64,44,Mar. 16 3 - # - vs. Norfolk State L 84-86,opponent_resolved_site_pending,,MATCHED,BOOTSTRAP_SAME_SOURCE_SEQUENCE
ASRT-MIZ-02576,CBBG-0002576,missouri,MIZ-HIST-02576,historical_media_guide,2012-2013,2012-11-10,SIU Edwardsville,siu-edwardsville,SIU Edwardsville,83,69,W,0,home_or_special_site_candidate,unknown,Mizzou Arena,,,,,,REGULAR_SEASON,,44,Nov. 10 15 - SIU Edwardsville W 83-69,opponent_resolved_site_pending,,MATCHED,BOOTSTRAP_SAME_SOURCE_SEQUENCE
ASRT-MIZ-02577,CBBG-0002577,missouri,MIZ-HIST-02577,historical_media_guide,2012-2013,2012-11-13,Alcorn State,alcorn-state,Alcorn State,91,54,W,0,home_or_special_site_candidate,unknown,Mizzou Arena,,,,,,REGULAR_SEASON,,44,Nov. 13 14 - Alcorn State W 91-54,opponent_resolved_site_pending,,MATCHED,BOOTSTRAP_SAME_SOURCE_SEQUENCE
ASRT-MIZ-02578,CBBG-0002578,missouri,MIZ-HIST-02578,historical_media_guide,2012-2013,2012-11-16,Nicholls State,nicholls,Nicholls,74,54,W,0,home_or_special_site_candidate,unknown,Mizzou Arena,,,,,,REGULAR_SEASON,,44,Nov. 16 14 - Nicholls State W 74-54,opponent_resolved_site_pending,,MATCHED,BOOTSTRAP_SAME_SOURCE_SEQUENCE
ASRT-MIZ-02579,CBBG-0002579,missouri,MIZ-HIST-02579,historical_media_guide,2012-2013,2012-11-22,Stanford,stanford,Stanford,78,70,W,0,neutral_candidate,unknown,,,,,,,REGULAR_SEASON,,44,Nov. 22 13 - ! - vs. Stanford W 78-70,opponent_resolved_site_pending,,MATCHED,BOOTSTRAP_SAME_SOURCE_SEQUENCE
ASRT-MIZ-02580,CBBG-0002580,missouri,MIZ-HIST-02580,historical_media_guide,2012-2013,2012-11-23,- Louisville,louisville,Louisville,61,84,L,0,home_or_special_site_candidate,unknown,Mizzou Arena,,,,,,REGULAR_SEASON,,44,Nov. 23 13 2 ! - Louisville L 61-84,opponent_resolved_site_pending,,MATCHED,BOOTSTRAP_SAME_SOURCE_SEQUENCE
ASRT-MIZ-02581,CBBG-0002581,missouri,MIZ-HIST-02581,historical_media_guide,2012-2013,2012-11-24,- VCU,vcu,VCU,68,65,W,0,home_or_special_site_candidate,unknown,Mizzou Arena,,,,,,REGULAR_SEASON,,44,Nov. 24 13 - ! - VCU W 68-65,opponent_resolved_site_pending,,MATCHED,BOOTSTRAP_SAME_SOURCE_SEQUENCE
ASRT-MIZ-02582,CBBG-0002582,missouri,MIZ-HIST-02582,historical_media_guide,2012-2013,2012-12-01,Appalachian State,app-state,App State,72,56,W,0,home_or_special_site_candidate,unknown,Mizzou Arena,,,,,,REGULAR_SEASON,,44,Dec. 1 16 - Appalachian State W 72-56,opponent_resolved_site_pending,,MATCHED,BOOTSTRAP_SAME_SOURCE_SEQUENCE
ASRT-MIZ-02583,CBBG-0002583,missouri,MIZ-HIST-02583,historical_media_guide,2012-2013,2012-12-04,Southeast Missouri,southeast-missouri-state,Southeast Missouri State,81,65,W,0,home_or_special_site_candidate,unknown,Mizzou Arena,,,,,,REGULAR_SEASON,,44,Dec. 4 12 - Southeast Missouri W 81-65,opponent_resolved_site_pending,,MATCHED,BOOTSTRAP_SAME_SOURCE_SEQUENCE
ASRT-MIZ-02584,CBBG-0002584,missouri,MIZ-HIST-02584,historical_media_guide,2012-2013,2012-12-08,Tennessee State,tennessee-state,Tennessee State,68,38,W,0,home_or_special_site_candidate,unknown,Mizzou Arena,,,,,,REGULAR_SEASON,,44,Dec. 8 12 - Tennessee State W 68-38,opponent_resolved_site_pending,,MATCHED,BOOTSTRAP_SAME_SOURCE_SEQUENCE
ASRT-MIZ-02585,CBBG-0002585,missouri,MIZ-HIST-02585,historical_media_guide,2012-2013,2012-12-17,South Carolina State,south-carolina-state,South Carolina State,102,51,W,0,home_or_special_site_candidate,unknown,Mizzou Arena,,,,,,REGULAR_SEASON,,44,Dec. 17 12 - South Carolina State W 102-51,opponent_resolved_site_pending,,MATCHED,BOOTSTRAP_SAME_SOURCE_SEQUENCE
ASRT-MIZ-02586,CBBG-0002586,missouri,MIZ-HIST-02586,historical_media_guide,2012-2013,2012-12-22,Illinois,illinois,Illinois,82,73,W,0,neutral_candidate,unknown,Enterprise Center,,,,"- Bud Light Braggin’ Rights (St. Louis, Mo. - Scottrade Center)",,REGULAR_SEASON,,44,Dec. 22 12 10 % - vs. Illinois W 82-73,opponent_resolved_site_pending,,MATCHED,BOOTSTRAP_SAME_SOURCE_SEQUENCE
ASRT-MIZ-02587,CBBG-0002587,missouri,MIZ-HIST-02587,historical_media_guide,2012-2013,2012-12-28,7 at UCLA,ucla,UCLA,94,97,L,0,away_candidate,unknown,,,,,,,REGULAR_SEASON,,44,Dec. 28 7 at UCLA (OT) L 94-97,opponent_resolved_site_pending,,MATCHED,BOOTSTRAP_SAME_SOURCE_SEQUENCE
ASRT-MIZ-02588,CBBG-0002588,missouri,MIZ-HIST-02588,historical_media_guide,2012-2013,2013-01-05,Bucknell,bucknell,Bucknell,66,64,W,0,home_or_special_site_candidate,unknown,Mizzou Arena,,,,,,REGULAR_SEASON,,44,Jan. 5 7 - Bucknell W 66-64,opponent_resolved_site_pending,,MATCHED,BOOTSTRAP_SAME_SOURCE_SEQUENCE
ASRT-MIZ-02589,CBBG-0002589,missouri,MIZ-HIST-02589,historical_media_guide,2012-2013,2013-01-08,10 *Alabama,alabama,Alabama,84,68,W,0,home_or_special_site_candidate,unknown,Mizzou Arena,,,,,,REGULAR_SEASON,,44,Jan. 8 10 *Alabama W 84-68,opponent_resolved_site_pending,,MATCHED,BOOTSTRAP_SAME_SOURCE_SEQUENCE
ASRT-MIZ-02590,CBBG-0002590,missouri,MIZ-HIST-02590,historical_media_guide,2012-2013,2013-01-12,Ole Miss,ole-miss,Ole Miss,49,64,L,0,home_or_special_site_candidate,unknown,Mizzou Arena,,,,,,REGULAR_SEASON,,44,Jan. 12 10 - *at Ole Miss L 49-64,opponent_resolved_site_pending,,MATCHED,BOOTSTRAP_SAME_SOURCE_SEQUENCE
ASRT-MIZ-02591,CBBG-0002591,missouri,MIZ-HIST-02591,historical_media_guide,2012-2013,2013-01-16,Georgia,georgia,Georgia,79,62,W,0,home_or_special_site_candidate,unknown,Mizzou Arena,,,,,,REGULAR_SEASON,,44,Jan. 16 17 - *Georgia W 79-62,opponent_resolved_site_pending,,MATCHED,BOOTSTRAP_SAME_SOURCE_SEQUENCE
ASRT-MIZ-02592,CBBG-0002592,missouri,MIZ-HIST-02592,historical_media_guide,2012-2013,2013-01-19,Florida,florida,Florida,52,83,L,0,home_or_special_site_candidate,unknown,Mizzou Arena,,,,,,REGULAR_SEASON,,44,Jan. 19 17 10 *at Florida L 52-83,opponent_resolved_site_pending,,MATCHED,BOOTSTRAP_SAME_SOURCE_SEQUENCE
ASRT-MIZ-02593,CBBG-0002593,missouri,MIZ-HIST-02593,historical_media_guide,2012-2013,2013-01-22,22 *South Carolina,south-carolina,South Carolina,71,65,W,0,home_or_special_site_candidate,unknown,Mizzou Arena,,,,,,REGULAR_SEASON,,44,Jan. 22 22 *South Carolina W 71-65,opponent_resolved_site_pending,,MATCHED,BOOTSTRAP_SAME_SOURCE_SEQUENCE
ASRT-MIZ-02594,CBBG-0002594,missouri,MIZ-HIST-02594,historical_media_guide,2012-2013,2013-01-26,Vanderbilt,vanderbilt,Vanderbilt,81,59,W,0,home_or_special_site_candidate,unknown,Mizzou Arena,,,,,,REGULAR_SEASON,,44,Jan. 26 22 - *Vanderbilt W 81-59,opponent_resolved_site_pending,,MATCHED,BOOTSTRAP_SAME_SOURCE_SEQUENCE
ASRT-MIZ-02595,CBBG-0002595,missouri,MIZ-HIST-02595,historical_media_guide,2012-2013,2013-01-30,LSU,lsu,LSU,70,73,L,0,home_or_special_site_candidate,unknown,Mizzou Arena,,,,,,REGULAR_SEASON,,44,Jan. 30 17 - *at LSU L 70-73,opponent_resolved_site_pending,,MATCHED,BOOTSTRAP_SAME_SOURCE_SEQUENCE
ASRT-MIZ-02596,CBBG-0002596,missouri,MIZ-HIST-02596,historical_media_guide,2012-2013,2013-02-02,Auburn,auburn,Auburn,91,77,W,0,home_or_special_site_candidate,unknown,Mizzou Arena,,,,,,REGULAR_SEASON,,44,Feb. 2 17 - * Auburn W 91-77,opponent_resolved_site_pending,,MATCHED,BOOTSTRAP_SAME_SOURCE_SEQUENCE
ASRT-MIZ-02597,CBBG-0002597,missouri,MIZ-HIST-02597,historical_media_guide,2012-2013,2013-02-07,Texas A&M,texas-a-m,Texas A&M,68,70,L,0,home_or_special_site_candidate,unknown,Mizzou Arena,,,,,,REGULAR_SEASON,,44,Feb. 7 21 8 *at Texas A&M L 68-70,opponent_resolved_site_pending,,MATCHED,BOOTSTRAP_SAME_SOURCE_SEQUENCE
ASRT-MIZ-02598,CBBG-0002598,missouri,MIZ-HIST-02598,historical_media_guide,2012-2013,2013-02-09,Ole Miss,ole-miss,Ole Miss,98,79,W,0,home_or_special_site_candidate,unknown,Mizzou Arena,,,,,,REGULAR_SEASON,,44,Feb. 9 21 23 *Ole Miss W 98-79,opponent_resolved_site_pending,,MATCHED,BOOTSTRAP_SAME_SOURCE_SEQUENCE
ASRT-MIZ-02599,CBBG-0002599,missouri,MIZ-HIST-02599,historical_media_guide,2012-2013,2013-02-13,Mississippi State,mississippi-state,Mississippi State,78,36,W,0,home_or_special_site_candidate,unknown,Mizzou Arena,,,,,,REGULAR_SEASON,,44,Feb. 13 - - *at Mississippi State W 78-36,opponent_resolved_site_pending,,MATCHED,BOOTSTRAP_SAME_SOURCE_SEQUENCE
ASRT-MIZ-02600,CBBG-0002600,missouri,MIZ-HIST-02600,historical_media_guide,2012-2013,2013-02-16,Arkansas,arkansas,Arkansas,71,73,L,0,home_or_special_site_candidate,unknown,Mizzou Arena,,,,,,REGULAR_SEASON,,44,Feb. 16 - - *at Arkansas L 71-73,opponent_resolved_site_pending,,MATCHED,BOOTSTRAP_SAME_SOURCE_SEQUENCE
ASRT-MIZ-02601,CBBG-0002601,missouri,MIZ-HIST-02601,historical_media_guide,2012-2013,2013-02-19,Florida,florida,Florida,63,60,W,0,home_or_special_site_candidate,unknown,Mizzou Arena,,,,,,REGULAR_SEASON,,44,Feb. 19 - 5 *Florida W 63-60,opponent_resolved_site_pending,,MATCHED,BOOTSTRAP_SAME_SOURCE_SEQUENCE
ASRT-MIZ-02602,CBBG-0002602,missouri,MIZ-HIST-02602,historical_media_guide,2012-2013,2013-02-23,Kentucky,kentucky,Kentucky,83,90,L,0,home_or_special_site_candidate,unknown,Mizzou Arena,,,,,,REGULAR_SEASON,,44,Feb. 23 - - *at Kentucky (OT) L 83-90,opponent_resolved_site_pending,,MATCHED,BOOTSTRAP_SAME_SOURCE_SEQUENCE
ASRT-MIZ-02603,CBBG-0002603,missouri,MIZ-HIST-02603,historical_media_guide,2012-2013,2013-02-28,South Carolina,south-carolina,South Carolina,90,68,W,0,home_or_special_site_candidate,unknown,Mizzou Arena,,,,,,REGULAR_SEASON,,44,Feb. 28 - - *at South Carolina W 90-68,opponent_resolved_site_pending,,MATCHED,BOOTSTRAP_SAME_SOURCE_SEQUENCE
ASRT-MIZ-02604,CBBG-0002604,missouri,MIZ-HIST-02604,historical_media_guide,2012-2013,2013-03-02,LSU,lsu,LSU,89,76,W,0,home_or_special_site_candidate,unknown,Mizzou Arena,,,,,,REGULAR_SEASON,,44,Mar. 2 - - *LSU W 89-76,opponent_resolved_site_pending,,MATCHED,BOOTSTRAP_SAME_SOURCE_SEQUENCE
ASRT-MIZ-02605,CBBG-0002605,missouri,MIZ-HIST-02605,historical_media_guide,2012-2013,2013-03-05,Arkansas,arkansas,Arkansas,93,63,W,0,home_or_special_site_candidate,unknown,Mizzou Arena,,,,,,REGULAR_SEASON,,44,Mar. 5 - - *Arkansas W 93-63,opponent_resolved_site_pending,,MATCHED,BOOTSTRAP_SAME_SOURCE_SEQUENCE
ASRT-MIZ-02606,CBBG-0002606,missouri,MIZ-HIST-02606,historical_media_guide,2012-2013,2013-03-09,Tennessee,tennessee,Tennessee,62,64,L,0,home_or_special_site_candidate,unknown,Mizzou Arena,,,,,,REGULAR_SEASON,,44,Mar. 9 - - *at Tennessee L 62-64,opponent_resolved_site_pending,,MATCHED,BOOTSTRAP_SAME_SOURCE_SEQUENCE
ASRT-MIZ-02607,CBBG-0002607,missouri,MIZ-HIST-02607,historical_media_guide,2012-2013,2013-03-14,Texas A&M,texas-a-m,Texas A&M,62,50,W,0,neutral_candidate,unknown,,,,,"- SEC Tournament (Nashville, Tenn. - Bridgestone Arena)",,CONFERENCE_TOURNAMENT,,44,Mar. 14 - - ^ - vs. Texas A&M W 62-50,opponent_resolved_site_pending,,MATCHED,BOOTSTRAP_SAME_SOURCE_SEQUENCE
ASRT-MIZ-02608,CBBG-0002608,missouri,MIZ-HIST-02608,historical_media_guide,2012-2013,2013-03-15,Ole Miss,ole-miss,Ole Miss,62,64,L,0,neutral_candidate,unknown,,,,,"- SEC Tournament (Nashville, Tenn. - Bridgestone Arena)",,CONFERENCE_TOURNAMENT,,44,Mar. 15 - - ^ - vs. Ole Miss L 62-64,opponent_resolved_site_pending,,MATCHED,BOOTSTRAP_SAME_SOURCE_SEQUENCE
ASRT-MIZ-02609,CBBG-0002609,missouri,MIZ-HIST-02609,historical_media_guide,2012-2013,2013-03-21,Colorado State,colorado-state,Colorado State,72,84,L,0,neutral_candidate,unknown,,,,,"- NCAA Midwest Regional (Lexington, Ky. - Rupp Arena)",,NCAA_TOURNAMENT,R64,44,Mar. 21 - - # - vs. Colorado State L 72-84,opponent_resolved_site_pending,,MATCHED,BOOTSTRAP_SAME_SOURCE_SEQUENCE
ASRT-MIZ-02610,CBBG-0002610,missouri,MIZ-HIST-02610,historical_media_guide,2013-2014,2013-11-08,Southeastern La.,se-louisiana,SE Louisiana,89,53,W,0,home_or_special_site_candidate,unknown,Mizzou Arena,,,,,,REGULAR_SEASON,,44,Nov. 8 - - Southeastern La. W* 89-53,opponent_resolved_site_pending,,MATCHED,BOOTSTRAP_SAME_SOURCE_SEQUENCE
ASRT-MIZ-02611,CBBG-0002611,missouri,MIZ-HIST-02611,historical_media_guide,2013-2014,2013-11-12,Southern Illinois,southern-illinois,Southern Illinois,72,59,W,0,home_or_special_site_candidate,unknown,Mizzou Arena,,,,,,REGULAR_SEASON,,44,Nov. 12 - - Southern Illinois W* 72-59,opponent_resolved_site_pending,,MATCHED,BOOTSTRAP_SAME_SOURCE_SEQUENCE
ASRT-MIZ-02612,CBBG-0002612,missouri,MIZ-HIST-02612,historical_media_guide,2013-2014,2013-11-16,Hawaii,hawai-i,Hawai'i,92,80,W,0,neutral_candidate,unknown,T-Mobile Center,,,,"- Played at Sprint Center (Kansas City, Mo.)",,REGULAR_SEASON,,44,Nov. 16 - - ! - vs. Hawaii W* 92-80,opponent_resolved_site_pending,,MATCHED,BOOTSTRAP_SAME_SOURCE_SEQUENCE
ASRT-MIZ-02613,CBBG-0002613,missouri,MIZ-HIST-02613,historical_media_guide,2013-2014,2013-11-23,Gardner-Webb,gardner-webb,Gardner-Webb,72,63,W,0,home_or_special_site_candidate,unknown,Mizzou Arena,,,,,,REGULAR_SEASON,,44,Nov. 23 - - Gardner-Webb W* 72-63,opponent_resolved_site_pending,,MATCHED,BOOTSTRAP_SAME_SOURCE_SEQUENCE
ASRT-MIZ-02614,CBBG-0002614,missouri,MIZ-HIST-02614,historical_media_guide,2013-2014,2013-11-25,IUPUI,iu-indy,IU Indy,78,64,W,0,home_or_special_site_candidate,unknown,Mizzou Arena,,,,,,REGULAR_SEASON,,44,Nov. 25 - - IUPUI W* 78-64,opponent_resolved_site_pending,,MATCHED,BOOTSTRAP_SAME_SOURCE_SEQUENCE
ASRT-MIZ-02615,CBBG-0002615,missouri,MIZ-HIST-02615,historical_media_guide,2013-2014,2013-11-28,Northwestern,northwestern,Northwestern,78,67,W,0,neutral_candidate,unknown,,,,,- Las Vegas Invitational,,REGULAR_SEASON,,44,Nov. 28 - - ^ - vs. Northwestern W* 78-67,opponent_resolved_site_pending,,MATCHED,BOOTSTRAP_SAME_SOURCE_SEQUENCE
ASRT-MIZ-02616,CBBG-0002616,missouri,MIZ-HIST-02616,historical_media_guide,2013-2014,2013-11-29,Nevada,nevada,Nevada,83,70,W,0,neutral_candidate,unknown,,,,,- Las Vegas Invitational,,REGULAR_SEASON,,44,Nov. 29 - - ^ - vs. Nevada W* 83-70,opponent_resolved_site_pending,,MATCHED,BOOTSTRAP_SAME_SOURCE_SEQUENCE
ASRT-MIZ-02617,CBBG-0002617,missouri,MIZ-HIST-02617,historical_media_guide,2013-2014,2013-12-05,- West Virginia,west-virginia,West Virginia,80,71,W,0,home_or_special_site_candidate,unknown,Mizzou Arena,,,,- Big 12 / SEC Challenge,,REGULAR_SEASON,,44,Dec. 5 - - & - West Virginia W* 80-71,opponent_resolved_site_pending,,MATCHED,BOOTSTRAP_SAME_SOURCE_SEQUENCE
ASRT-MIZ-02618,CBBG-0002618,missouri,MIZ-HIST-02618,historical_media_guide,2013-2014,2013-12-07,UCLA,ucla,UCLA,80,71,W,0,home_or_special_site_candidate,unknown,Mizzou Arena,,,,,,REGULAR_SEASON,,44,Dec. 7 - 18 UCLA W* 80-71,opponent_resolved_site_pending,,MATCHED,BOOTSTRAP_SAME_SOURCE_SEQUENCE
ASRT-MIZ-02619,CBBG-0002619,missouri,MIZ-HIST-02619,historical_media_guide,2013-2014,2013-12-15,Western Michigan,western-michigan,Western Michigan,66,60,W,0,home_or_special_site_candidate,unknown,Mizzou Arena,,,,,,REGULAR_SEASON,,44,Dec. 15 25 - Western Michigan W* 66-60,opponent_resolved_site_pending,,MATCHED,BOOTSTRAP_SAME_SOURCE_SEQUENCE
ASRT-MIZ-02620,CBBG-0002620,missouri,MIZ-HIST-02620,historical_media_guide,2013-2014,2013-12-21,Illinois,illinois,Illinois,64,65,L,0,neutral_candidate,unknown,Enterprise Center,,,,"- Busch Braggin’ Rights  (St. Louis, Mo. - Scottrade Center)",,REGULAR_SEASON,,44,Dec. 21 24 - % - vs. Illinois L 64-65,opponent_resolved_site_pending,,MATCHED,BOOTSTRAP_SAME_SOURCE_SEQUENCE
ASRT-MIZ-02621,CBBG-0002621,missouri,MIZ-HIST-02621,historical_media_guide,2013-2014,2013-12-28,N.C. State,nc-state,NC State,68,64,W,0,away_candidate,unknown,,,,,,,REGULAR_SEASON,,44,Dec. 28 25 - at N.C. State W* 68-64,opponent_resolved_site_pending,,MATCHED,BOOTSTRAP_SAME_SOURCE_SEQUENCE
ASRT-MIZ-02622,CBBG-0002622,missouri,MIZ-HIST-02622,historical_media_guide,2013-2014,2014-01-04,Long Beach State,long-beach-state,Long Beach State,69,59,W,0,home_or_special_site_candidate,unknown,Mizzou Arena,,,,,,REGULAR_SEASON,,44,Jan. 4 25 - Long Beach State W* 69-59,opponent_resolved_site_pending,,MATCHED,BOOTSTRAP_SAME_SOURCE_SEQUENCE
ASRT-MIZ-02623,CBBG-0002623,missouri,MIZ-HIST-02623,historical_media_guide,2013-2014,2014-01-08,Georgia,georgia,Georgia,64,70,L,0,home_or_special_site_candidate,unknown,Mizzou Arena,,,,,,REGULAR_SEASON,,44,Jan. 8 21 - *Georgia (OT) L 64-70,opponent_resolved_site_pending,,MATCHED,BOOTSTRAP_SAME_SOURCE_SEQUENCE
ASRT-MIZ-02624,CBBG-0002624,missouri,MIZ-HIST-02624,historical_media_guide,2013-2014,2014-01-11,Auburn,auburn,Auburn,70,68,W,0,home_or_special_site_candidate,unknown,Mizzou Arena,,,,,,REGULAR_SEASON,,44,Jan. 11 - - *at Auburn W* 70-68,opponent_resolved_site_pending,,MATCHED,BOOTSTRAP_SAME_SOURCE_SEQUENCE
ASRT-MIZ-02625,CBBG-0002625,missouri,MIZ-HIST-02625,historical_media_guide,2013-2014,2014-01-16,Vanderbilt,vanderbilt,Vanderbilt,75,78,L,0,home_or_special_site_candidate,unknown,Mizzou Arena,,,,,,REGULAR_SEASON,,44,Jan. 16 - - *at Vanderbilt L 75-78,opponent_resolved_site_pending,,MATCHED,BOOTSTRAP_SAME_SOURCE_SEQUENCE
ASRT-MIZ-02626,CBBG-0002626,missouri,MIZ-HIST-02626,historical_media_guide,2013-2014,2014-01-18,Alabama,alabama,Alabama,68,47,W,0,home_or_special_site_candidate,unknown,Mizzou Arena,,,,,,REGULAR_SEASON,,44,Jan. 18 - - *Alabama W* 68-47,opponent_resolved_site_pending,,MATCHED,BOOTSTRAP_SAME_SOURCE_SEQUENCE
ASRT-MIZ-02627,CBBG-0002627,missouri,MIZ-HIST-02627,historical_media_guide,2013-2014,2014-01-21,LSU,lsu,LSU,71,77,L,0,home_or_special_site_candidate,unknown,Mizzou Arena,,,,,,REGULAR_SEASON,,44,Jan. 21 - - *at LSU L 71-77,opponent_resolved_site_pending,,MATCHED,BOOTSTRAP_SAME_SOURCE_SEQUENCE
ASRT-MIZ-02628,CBBG-0002628,missouri,MIZ-HIST-02628,historical_media_guide,2013-2014,2014-01-25,South Carolina,south-carolina,South Carolina,82,74,W,0,home_or_special_site_candidate,unknown,Mizzou Arena,,,,,,REGULAR_SEASON,,44,Jan. 25 - - *South Carolina W* 82-74,opponent_resolved_site_pending,,MATCHED,BOOTSTRAP_SAME_SOURCE_SEQUENCE
ASRT-MIZ-02629,CBBG-0002629,missouri,MIZ-HIST-02629,historical_media_guide,2013-2014,2014-01-28,Arkansas,arkansas,Arkansas,75,71,W,0,home_or_special_site_candidate,unknown,Mizzou Arena,,,,,,REGULAR_SEASON,,45,Jan. 28 - - *at Arkansas W* 75-71,opponent_resolved_site_pending,,MATCHED,BOOTSTRAP_SAME_SOURCE_SEQUENCE
ASRT-MIZ-02630,CBBG-0002630,missouri,MIZ-HIST-02630,historical_media_guide,2013-2014,2014-02-01,Kentucky,kentucky,Kentucky,79,84,L,0,home_or_special_site_candidate,unknown,Mizzou Arena,,,,,,REGULAR_SEASON,,45,Feb. 1 - 11 *Kentucky L 79-84,opponent_resolved_site_pending,,MATCHED,BOOTSTRAP_SAME_SOURCE_SEQUENCE
ASRT-MIZ-02631,CBBG-0002631,missouri,MIZ-HIST-02631,historical_media_guide,2013-2014,2014-02-04,Florida,florida,Florida,58,68,L,0,home_or_special_site_candidate,unknown,Mizzou Arena,,,,,,REGULAR_SEASON,,45,Feb. 4 - 3 *at Florida L 58-68,opponent_resolved_site_pending,,MATCHED,BOOTSTRAP_SAME_SOURCE_SEQUENCE
ASRT-MIZ-02632,CBBG-0002632,missouri,MIZ-HIST-02632,historical_media_guide,2013-2014,2014-02-08,Ole Miss,ole-miss,Ole Miss,88,91,L,0,home_or_special_site_candidate,unknown,Mizzou Arena,,,,,,REGULAR_SEASON,,45,Feb. 8 - - *at Ole Miss L 88-91,opponent_resolved_site_pending,,MATCHED,BOOTSTRAP_SAME_SOURCE_SEQUENCE
ASRT-MIZ-02633,CBBG-0002633,missouri,MIZ-HIST-02633,historical_media_guide,2013-2014,2014-02-13,Arkansas,arkansas,Arkansas,86,85,W,0,home_or_special_site_candidate,unknown,Mizzou Arena,,,,,,REGULAR_SEASON,,45,Feb. 13 - - *Arkansas W* 86-85,opponent_resolved_site_pending,,MATCHED,BOOTSTRAP_SAME_SOURCE_SEQUENCE
ASRT-MIZ-02634,CBBG-0002634,missouri,MIZ-HIST-02634,historical_media_guide,2013-2014,2014-02-15,Tennessee,tennessee,Tennessee,75,70,W,0,home_or_special_site_candidate,unknown,Mizzou Arena,,,,,,REGULAR_SEASON,,45,Feb. 15 - - *Tennessee W* 75-70,opponent_resolved_site_pending,,MATCHED,BOOTSTRAP_SAME_SOURCE_SEQUENCE
ASRT-MIZ-02635,CBBG-0002635,missouri,MIZ-HIST-02635,historical_media_guide,2013-2014,2014-02-19,Vanderbilt,vanderbilt,Vanderbilt,67,64,W,0,home_or_special_site_candidate,unknown,Mizzou Arena,,,,,,REGULAR_SEASON,,45,Feb. 19 - - *Vanderbilt W* 67-64,opponent_resolved_site_pending,,MATCHED,BOOTSTRAP_SAME_SOURCE_SEQUENCE
ASRT-MIZ-02636,CBBG-0002636,missouri,MIZ-HIST-02636,historical_media_guide,2013-2014,2014-02-22,Alabama,alabama,Alabama,73,80,L,0,home_or_special_site_candidate,unknown,Mizzou Arena,,,,,,REGULAR_SEASON,,45,Feb. 22 - - *at Alabama L 73-80,opponent_resolved_site_pending,,MATCHED,BOOTSTRAP_SAME_SOURCE_SEQUENCE
ASRT-MIZ-02637,CBBG-0002637,missouri,MIZ-HIST-02637,historical_media_guide,2013-2014,2014-02-25,Georgia,georgia,Georgia,56,71,L,0,home_or_special_site_candidate,unknown,Mizzou Arena,,,,,,REGULAR_SEASON,,45,Feb. 25 - - *at Georgia L 56-71,opponent_resolved_site_pending,,MATCHED,BOOTSTRAP_SAME_SOURCE_SEQUENCE
ASRT-MIZ-02638,CBBG-0002638,missouri,MIZ-HIST-02638,historical_media_guide,2013-2014,2014-03-01,Mississippi State,mississippi-state,Mississippi State,85,66,W,0,home_or_special_site_candidate,unknown,Mizzou Arena,,,,,,REGULAR_SEASON,,45,Mar. 1 - - *Mississippi State W* 85-66,opponent_resolved_site_pending,,MATCHED,BOOTSTRAP_SAME_SOURCE_SEQUENCE
ASRT-MIZ-02639,CBBG-0002639,missouri,MIZ-HIST-02639,historical_media_guide,2013-2014,2014-03-05,Texas A&M,texas-a-m,Texas A&M,57,56,W,0,home_or_special_site_candidate,unknown,Mizzou Arena,,,,,,REGULAR_SEASON,,45,Mar. 5 - - *Texas A&M W* 57-56,opponent_resolved_site_pending,,MATCHED,BOOTSTRAP_SAME_SOURCE_SEQUENCE
ASRT-MIZ-02640,CBBG-0002640,missouri,MIZ-HIST-02640,historical_media_guide,2013-2014,2014-03-08,Tennessee,tennessee,Tennessee,45,72,L,0,home_or_special_site_candidate,unknown,Mizzou Arena,,,,,,REGULAR_SEASON,,45,Mar. 8 - - *at Tennessee L 45-72,opponent_resolved_site_pending,,MATCHED,BOOTSTRAP_SAME_SOURCE_SEQUENCE
ASRT-MIZ-02641,CBBG-0002641,missouri,MIZ-HIST-02641,historical_media_guide,2013-2014,2014-03-13,Texas A&M,texas-a-m,Texas A&M,91,83,W,0,away_candidate,unknown,,,,,"- SEC Tournament  (Atlanta, Ga. - Georgia Dome)",,CONFERENCE_TOURNAMENT,,45,Mar. 13 - - @ - vs. Texas A&M (2OT) W* 91-83,opponent_resolved_site_pending,,MATCHED,BOOTSTRAP_SAME_SOURCE_SEQUENCE
ASRT-MIZ-02642,CBBG-0002642,missouri,MIZ-HIST-02642,historical_media_guide,2013-2014,2014-03-14,Florida,florida,Florida,49,72,L,0,away_candidate,unknown,,,,,"- SEC Tournament  (Atlanta, Ga. - Georgia Dome)",,CONFERENCE_TOURNAMENT,,45,Mar. 14 - 1 @ - vs. Florida L 49-72,opponent_resolved_site_pending,,MATCHED,BOOTSTRAP_SAME_SOURCE_SEQUENCE
ASRT-MIZ-02643,CBBG-0002643,missouri,MIZ-HIST-02643,historical_media_guide,2013-2014,2014-03-18,- Davidson,davidson,Davidson,85,77,W,0,home_or_special_site_candidate,unknown,Mizzou Arena,,,,"- National Invitation Tournament (Columbia, Mo.)",,NIT,,45,Mar. 18 - - # - Davidson W* 85-77,opponent_resolved_site_pending,,MATCHED,BOOTSTRAP_SAME_SOURCE_SEQUENCE
ASRT-MIZ-02644,CBBG-0002644,missouri,MIZ-HIST-02644,historical_media_guide,2013-2014,2014-03-23,- Southern Miss,southern-miss,Southern Miss,63,71,L,0,home_or_special_site_candidate,unknown,Mizzou Arena,,,,"- National Invitation Tournament (Columbia, Mo.)",,NIT,,45,Mar. 23 - - # - Southern Miss L 63-71,opponent_resolved_site_pending,,MATCHED,BOOTSTRAP_SAME_SOURCE_SEQUENCE
ASRT-MIZ-02645,CBBG-0002645,missouri,MIZ-HIST-02645,historical_media_guide,2014-2015,2014-11-14,UMKC !,kansas-city,Kansas City,61,69,L,0,home_or_special_site_candidate,unknown,Mizzou Arena,,,,,,REGULAR_SEASON,,45,"Nov. 14 - - UMKC ! L, 61-69",opponent_resolved_site_pending,,MATCHED,BOOTSTRAP_SAME_SOURCE_SEQUENCE
ASRT-MIZ-02646,CBBG-0002646,missouri,MIZ-HIST-02646,historical_media_guide,2014-2015,2014-11-16,Valparaiso,valparaiso,Valparaiso,56,41,W,0,home_or_special_site_candidate,unknown,Mizzou Arena,,,,,,REGULAR_SEASON,,45,"Nov. 16 - - Valparaiso W, 56-41",opponent_resolved_site_pending,,MATCHED,BOOTSTRAP_SAME_SOURCE_SEQUENCE
ASRT-MIZ-02647,CBBG-0002647,missouri,MIZ-HIST-02647,historical_media_guide,2014-2015,2014-11-19,Oral Roberts,oral-roberts,Oral Roberts,78,64,W,0,home_or_special_site_candidate,unknown,Mizzou Arena,,,,,,REGULAR_SEASON,,45,"Nov. 19 - - Oral Roberts W, 78-64",opponent_resolved_site_pending,,MATCHED,BOOTSTRAP_SAME_SOURCE_SEQUENCE
ASRT-MIZ-02648,CBBG-0002648,missouri,MIZ-HIST-02648,historical_media_guide,2014-2015,2014-11-24,Arizona !,arizona,Arizona,53,72,L,0,neutral_candidate,unknown,,,,,,,REGULAR_SEASON,,45,"Nov. 24 - 2 vs. Arizona ! L, 53-72",opponent_resolved_site_pending,,MATCHED,BOOTSTRAP_SAME_SOURCE_SEQUENCE
ASRT-MIZ-02649,CBBG-0002649,missouri,MIZ-HIST-02649,historical_media_guide,2014-2015,2014-11-25,Purdue !,purdue,Purdue,61,82,L,0,neutral_candidate,unknown,,,,,,,REGULAR_SEASON,,45,"Nov. 25 - - vs. Purdue ! L, 61-82",opponent_resolved_site_pending,,MATCHED,BOOTSTRAP_SAME_SOURCE_SEQUENCE
ASRT-MIZ-02650,CBBG-0002650,missouri,MIZ-HIST-02650,historical_media_guide,2014-2015,2014-11-26,Chaminade !,chaminade,Chaminade,74,60,W,0,neutral_candidate,unknown,,,,,,,REGULAR_SEASON,,45,"Nov. 26 - - vs. Chaminade ! W, 74-60",opponent_resolved_site_pending,,MATCHED,BOOTSTRAP_SAME_SOURCE_SEQUENCE
ASRT-MIZ-02651,CBBG-0002651,missouri,MIZ-HIST-02651,historical_media_guide,2014-2015,2014-12-02,SEMO,southeast-missouri-state,Southeast Missouri State,65,61,W,0,home_or_special_site_candidate,unknown,Mizzou Arena,,,,,,REGULAR_SEASON,,45,"Dec. 2 - - SEMO W, 65-61",opponent_resolved_site_pending,,MATCHED,BOOTSTRAP_SAME_SOURCE_SEQUENCE
ASRT-MIZ-02652,CBBG-0002652,missouri,MIZ-HIST-02652,historical_media_guide,2014-2015,2014-12-05,Oklahoma,oklahoma,Oklahoma,63,82,L,0,away_candidate,unknown,,,,,,,REGULAR_SEASON,,45,"Dec. 5 - 22 at Oklahoma L, 63-82",opponent_resolved_site_pending,,MATCHED,BOOTSTRAP_SAME_SOURCE_SEQUENCE
ASRT-MIZ-02653,CBBG-0002653,missouri,MIZ-HIST-02653,historical_media_guide,2014-2015,2014-12-11,Elon,elon,Elon,78,73,W,0,home_or_special_site_candidate,unknown,Mizzou Arena,,,,,,REGULAR_SEASON,,45,"Dec. 11 - - Elon W, 78-73",opponent_resolved_site_pending,,MATCHED,BOOTSTRAP_SAME_SOURCE_SEQUENCE
ASRT-MIZ-02654,CBBG-0002654,missouri,MIZ-HIST-02654,historical_media_guide,2014-2015,2014-12-13,Xavier,xavier,Xavier,58,74,L,0,home_or_special_site_candidate,unknown,Mizzou Arena,,,,,,REGULAR_SEASON,,45,"Dec. 13 - - Xavier L, 58-74",opponent_resolved_site_pending,,MATCHED,BOOTSTRAP_SAME_SOURCE_SEQUENCE
ASRT-MIZ-02655,CBBG-0002655,missouri,MIZ-HIST-02655,historical_media_guide,2014-2015,2014-12-20,Illinois %,illinois,Illinois,59,62,L,0,neutral_candidate,unknown,,,,,,,REGULAR_SEASON,,45,"Dec. 20 - - vs. Illinois % L, 59-62",opponent_resolved_site_pending,,MATCHED,BOOTSTRAP_SAME_SOURCE_SEQUENCE
ASRT-MIZ-02656,CBBG-0002656,missouri,MIZ-HIST-02656,historical_media_guide,2014-2015,2014-12-30,Oklahoma State #,oklahoma-state,Oklahoma State,72,74,L,1,home_or_special_site_candidate,unknown,Mizzou Arena,,,,,,REGULAR_SEASON,,45,"Dec. 30 - - Oklahoma State # L, 72-74 OT",opponent_resolved_site_pending,,MATCHED,BOOTSTRAP_SAME_SOURCE_SEQUENCE
ASRT-MIZ-02657,CBBG-0002657,missouri,MIZ-HIST-02657,historical_media_guide,2014-2015,2015-01-03,Lipscomb,lipscomb,Lipscomb,72,60,W,0,home_or_special_site_candidate,unknown,Mizzou Arena,,,,,,REGULAR_SEASON,,45,"Jan. 3 - - Lipscomb W, 72-60",opponent_resolved_site_pending,,MATCHED,BOOTSTRAP_SAME_SOURCE_SEQUENCE
ASRT-MIZ-02658,CBBG-0002658,missouri,MIZ-HIST-02658,historical_media_guide,2014-2015,2015-01-08,LSU *,lsu,LSU,74,67,W,1,home_or_special_site_candidate,unknown,Mizzou Arena,,,,,,REGULAR_SEASON,,45,"Jan. 8 - - LSU * W, 74-67 OT",opponent_resolved_site_pending,,MATCHED,BOOTSTRAP_SAME_SOURCE_SEQUENCE
ASRT-MIZ-02659,CBBG-0002659,missouri,MIZ-HIST-02659,historical_media_guide,2014-2015,2015-01-10,Auburn *,auburn,Auburn,79,85,L,0,away_candidate,unknown,,,,,,,REGULAR_SEASON,,45,"Jan. 10 - - at Auburn * L, 79-85",opponent_resolved_site_pending,,MATCHED,BOOTSTRAP_SAME_SOURCE_SEQUENCE
ASRT-MIZ-02660,CBBG-0002660,missouri,MIZ-HIST-02660,historical_media_guide,2014-2015,2015-01-13,Kentucky *,kentucky,Kentucky,37,86,L,0,away_candidate,unknown,,,,,,,REGULAR_SEASON,,45,"Jan. 13 - 1 at Kentucky * L, 37-86",opponent_resolved_site_pending,,MATCHED,BOOTSTRAP_SAME_SOURCE_SEQUENCE
ASRT-MIZ-02661,CBBG-0002661,missouri,MIZ-HIST-02661,historical_media_guide,2014-2015,2015-01-17,Tennessee *,tennessee,Tennessee,51,59,L,0,home_or_special_site_candidate,unknown,Mizzou Arena,,,,,,REGULAR_SEASON,,45,"Jan. 17 - - Tennessee * L, 51-59",opponent_resolved_site_pending,,MATCHED,BOOTSTRAP_SAME_SOURCE_SEQUENCE
ASRT-MIZ-02662,CBBG-0002662,missouri,MIZ-HIST-02662,historical_media_guide,2014-2015,2015-01-21,Texas A&M *,texas-a-m,Texas A&M,50,62,L,0,away_candidate,unknown,,,,,,,REGULAR_SEASON,,45,"Jan. 21 - - at Texas A&M * L, 50-62",opponent_resolved_site_pending,,MATCHED,BOOTSTRAP_SAME_SOURCE_SEQUENCE
ASRT-MIZ-02663,CBBG-0002663,missouri,MIZ-HIST-02663,historical_media_guide,2014-2015,2015-01-24,Arkansas *,arkansas,Arkansas,60,61,L,0,home_or_special_site_candidate,unknown,Mizzou Arena,,,,,,REGULAR_SEASON,,45,"Jan. 24 - - Arkansas * L, 60-61",opponent_resolved_site_pending,,MATCHED,BOOTSTRAP_SAME_SOURCE_SEQUENCE
ASRT-MIZ-02664,CBBG-0002664,missouri,MIZ-HIST-02664,historical_media_guide,2014-2015,2015-01-29,Kentucky *,kentucky,Kentucky,53,69,L,0,home_or_special_site_candidate,unknown,Mizzou Arena,,,,,,REGULAR_SEASON,,45,"Jan. 29 - 1 Kentucky * L, 53-69",opponent_resolved_site_pending,,MATCHED,BOOTSTRAP_SAME_SOURCE_SEQUENCE
ASRT-MIZ-02665,CBBG-0002665,missouri,MIZ-HIST-02665,historical_media_guide,2014-2015,2015-01-31,Ole Miss *,ole-miss,Ole Miss,47,67,L,0,home_or_special_site_candidate,unknown,Mizzou Arena,,,,,,REGULAR_SEASON,,45,"Jan. 31 - - Ole Miss * L, 47-67",opponent_resolved_site_pending,,MATCHED,BOOTSTRAP_SAME_SOURCE_SEQUENCE
ASRT-MIZ-02666,CBBG-0002666,missouri,MIZ-HIST-02666,historical_media_guide,2014-2015,2015-02-04,Alabama *,alabama,Alabama,49,62,L,0,away_candidate,unknown,,,,,,,REGULAR_SEASON,,45,"Feb. 4 - - at Alabama * L, 49-62",opponent_resolved_site_pending,,MATCHED,BOOTSTRAP_SAME_SOURCE_SEQUENCE
ASRT-MIZ-02667,CBBG-0002667,missouri,MIZ-HIST-02667,historical_media_guide,2014-2015,2015-02-07,Texas A&M *,texas-a-m,Texas A&M,61,83,L,0,home_or_special_site_candidate,unknown,Mizzou Arena,,,,,,REGULAR_SEASON,,45,"Feb. 7 - - Texas A&M * L, 61-83",opponent_resolved_site_pending,,MATCHED,BOOTSTRAP_SAME_SOURCE_SEQUENCE
ASRT-MIZ-02668,CBBG-0002668,missouri,MIZ-HIST-02668,historical_media_guide,2014-2015,2015-02-10,South Carolina *,south-carolina,South Carolina,60,65,L,0,away_candidate,unknown,,,,,,,REGULAR_SEASON,,45,"Feb. 10 - - at South Carolina * L, 60-65",opponent_resolved_site_pending,,MATCHED,BOOTSTRAP_SAME_SOURCE_SEQUENCE
ASRT-MIZ-02669,CBBG-0002669,missouri,MIZ-HIST-02669,historical_media_guide,2014-2015,2015-02-14,Mississippi State *,mississippi-state,Mississippi State,74,77,L,0,home_or_special_site_candidate,unknown,Mizzou Arena,,,,,,REGULAR_SEASON,,45,"Feb. 14 - - Mississippi State * L, 74-77",opponent_resolved_site_pending,,MATCHED,BOOTSTRAP_SAME_SOURCE_SEQUENCE
ASRT-MIZ-02670,CBBG-0002670,missouri,MIZ-HIST-02670,historical_media_guide,2014-2015,2015-02-18,Arkansas *,arkansas,Arkansas,69,84,L,0,away_candidate,unknown,,,,,,,REGULAR_SEASON,,45,"Feb. 18 - 18 at Arkansas * L, 69-84",opponent_resolved_site_pending,,MATCHED,BOOTSTRAP_SAME_SOURCE_SEQUENCE
ASRT-MIZ-02671,CBBG-0002671,missouri,MIZ-HIST-02671,historical_media_guide,2014-2015,2015-02-21,Vanderbilt *,vanderbilt,Vanderbilt,53,76,L,0,away_candidate,unknown,,,,,,,REGULAR_SEASON,,45,"Feb. 21 - - at Vanderbilt * L, 53-76",opponent_resolved_site_pending,,MATCHED,BOOTSTRAP_SAME_SOURCE_SEQUENCE
ASRT-MIZ-02672,CBBG-0002672,missouri,MIZ-HIST-02672,historical_media_guide,2014-2015,2015-02-24,Florida *,florida,Florida,64,52,W,0,home_or_special_site_candidate,unknown,Mizzou Arena,,,,,,REGULAR_SEASON,,45,"Feb. 24 - - Florida * W, 64-52",opponent_resolved_site_pending,,MATCHED,BOOTSTRAP_SAME_SOURCE_SEQUENCE
ASRT-MIZ-02673,CBBG-0002673,missouri,MIZ-HIST-02673,historical_media_guide,2014-2015,2015-02-28,Georgia *,georgia,Georgia,44,68,L,0,away_candidate,unknown,,,,,,,REGULAR_SEASON,,45,"Feb. 28 - - at Georgia * L, 44-68",opponent_resolved_site_pending,,MATCHED,BOOTSTRAP_SAME_SOURCE_SEQUENCE
ASRT-MIZ-02674,CBBG-0002674,missouri,MIZ-HIST-02674,historical_media_guide,2014-2015,2015-03-03,Auburn *,auburn,Auburn,63,61,W,0,home_or_special_site_candidate,unknown,Mizzou Arena,,,,,,REGULAR_SEASON,,45,"Mar. 3 - - Auburn * W, 63-61",opponent_resolved_site_pending,,MATCHED,BOOTSTRAP_SAME_SOURCE_SEQUENCE
ASRT-MIZ-02675,CBBG-0002675,missouri,MIZ-HIST-02675,historical_media_guide,2014-2015,2015-03-07,Mississippi State *,mississippi-state,Mississippi State,43,52,L,0,away_candidate,unknown,,,,,,,REGULAR_SEASON,,45,"Mar. 7 - - at Mississippi State * L, 43-52",opponent_resolved_site_pending,,MATCHED,BOOTSTRAP_SAME_SOURCE_SEQUENCE
ASRT-MIZ-02676,CBBG-0002676,missouri,MIZ-HIST-02676,historical_media_guide,2014-2015,2015-03-11,South Carolina ^,south-carolina,South Carolina,54,63,L,0,neutral_candidate,unknown,,,,,,,CONFERENCE_TOURNAMENT,,45,"Mar. 11 - - vs. South Carolina ^ L, 54-63",opponent_resolved_site_pending,,MATCHED,BOOTSTRAP_SAME_SOURCE_SEQUENCE
ASRT-MIZ-02677,CBBG-0002677,missouri,MIZ-HIST-02677,historical_media_guide,2015-2016,2015-11-13,- Wofford,wofford,Wofford,83,74,W,0,home_or_special_site_candidate,unknown,Mizzou Arena,,,,"- CBE HOF Classic Host Games (Mizzou Arena, Columbia, Mo.)",,REGULAR_SEASON,,45,"Nov. 13 - - # - Wofford W, 83-74",opponent_resolved_site_pending,,MATCHED,BOOTSTRAP_SAME_SOURCE_SEQUENCE
ASRT-MIZ-02678,CBBG-0002678,missouri,MIZ-HIST-02678,historical_media_guide,2015-2016,2015-11-15,- UMES,maryland-eastern-shore,Maryland Eastern Shore,73,55,W,0,home_or_special_site_candidate,unknown,Mizzou Arena,,,,"- CBE HOF Classic Host Games (Mizzou Arena, Columbia, Mo.)",,REGULAR_SEASON,,45,"Nov. 15 - - # - UMES W, 73-55",opponent_resolved_site_pending,,MATCHED,BOOTSTRAP_SAME_SOURCE_SEQUENCE
ASRT-MIZ-02679,CBBG-0002679,missouri,MIZ-HIST-02679,historical_media_guide,2015-2016,2015-11-17,Xavier,xavier,Xavier,66,78,L,0,away_candidate,unknown,,,,,,,REGULAR_SEASON,,45,"Nov. 17 - - at Xavier L, 66-78",opponent_resolved_site_pending,,MATCHED,BOOTSTRAP_SAME_SOURCE_SEQUENCE
ASRT-MIZ-02680,CBBG-0002680,missouri,MIZ-HIST-02680,historical_media_guide,2015-2016,2015-11-23,Kansas State,kansas-state,Kansas State,42,66,L,0,neutral_candidate,unknown,T-Mobile Center,,,,"- CBE HOF Classic Championship Rounds (Sprint Center, Kansas City, Mo.)",,REGULAR_SEASON,,45,"Nov. 23 - - & - vs. Kansas State L, 42-66",opponent_resolved_site_pending,,MATCHED,BOOTSTRAP_SAME_SOURCE_SEQUENCE
ASRT-MIZ-02681,CBBG-0002681,missouri,MIZ-HIST-02681,historical_media_guide,2015-2016,2015-11-24,Northwestern,northwestern,Northwestern,62,67,L,0,neutral_candidate,unknown,T-Mobile Center,,,,"- CBE HOF Classic Championship Rounds (Sprint Center, Kansas City, Mo.)",,REGULAR_SEASON,,45,"Nov. 24 - - & - vs. Northwestern L, 62-67",opponent_resolved_site_pending,,MATCHED,BOOTSTRAP_SAME_SOURCE_SEQUENCE
ASRT-MIZ-02682,CBBG-0002682,missouri,MIZ-HIST-02682,historical_media_guide,2015-2016,2015-12-01,Arkansas State,arkansas-state,Arkansas State,88,78,W,0,home_or_special_site_candidate,unknown,Mizzou Arena,,,,,,REGULAR_SEASON,,45,"Dec. 1 - - Arkansas State W, 88-78",opponent_resolved_site_pending,,MATCHED,BOOTSTRAP_SAME_SOURCE_SEQUENCE
ASRT-MIZ-02683,CBBG-0002683,missouri,MIZ-HIST-02683,historical_media_guide,2015-2016,2015-12-04,Northern Illinois,northern-illinois,Northern Illinois,78,71,W,0,home_or_special_site_candidate,unknown,Mizzou Arena,,,,,,REGULAR_SEASON,,45,"Dec. 4 - - Northern Illinois W, 78-71",opponent_resolved_site_pending,,MATCHED,BOOTSTRAP_SAME_SOURCE_SEQUENCE
ASRT-MIZ-02684,CBBG-0002684,missouri,MIZ-HIST-02684,historical_media_guide,2015-2016,2015-12-09,Omaha,omaha,Omaha,85,78,W,0,home_or_special_site_candidate,unknown,Mizzou Arena,,,,,,REGULAR_SEASON,,45,"Dec. 9 - - Omaha W, 85-78",opponent_resolved_site_pending,,MATCHED,BOOTSTRAP_SAME_SOURCE_SEQUENCE
ASRT-MIZ-02685,CBBG-0002685,missouri,MIZ-HIST-02685,historical_media_guide,2015-2016,2015-12-13,Arizona,arizona,Arizona,52,88,L,0,away_candidate,unknown,,,,,,,REGULAR_SEASON,,45,"Dec. 13 - 13 at Arizona L, 52-88",opponent_resolved_site_pending,,MATCHED,BOOTSTRAP_SAME_SOURCE_SEQUENCE
ASRT-MIZ-02686,CBBG-0002686,missouri,MIZ-HIST-02686,historical_media_guide,2015-2016,2015-12-19,N.C. State,nc-state,NC State,59,73,L,0,home_or_special_site_candidate,unknown,Mizzou Arena,,,,,,REGULAR_SEASON,,45,"Dec. 19 - - N.C. State L, 59-73",opponent_resolved_site_pending,,MATCHED,BOOTSTRAP_SAME_SOURCE_SEQUENCE
ASRT-MIZ-02687,CBBG-0002687,missouri,MIZ-HIST-02687,historical_media_guide,2015-2016,2015-12-23,Illinois,illinois,Illinois,63,68,L,0,neutral_candidate,unknown,Enterprise Center,,,,"- 35th Annual Braggin’ Rights Game (Scottrade Center, St. Louis, Mo.)",,REGULAR_SEASON,,45,"Dec. 23 - - % - vs. Illinois L, 63-68",opponent_resolved_site_pending,,MATCHED,BOOTSTRAP_SAME_SOURCE_SEQUENCE
ASRT-MIZ-02688,CBBG-0002688,missouri,MIZ-HIST-02688,historical_media_guide,2015-2016,2015-12-29,Arkansas-Pine Bluff,arkansas-pine-bluff,Arkansas-Pine Bluff,78,25,W,0,home_or_special_site_candidate,unknown,Mizzou Arena,,,,,,REGULAR_SEASON,,45,"Dec. 29 - - Arkansas-Pine Bluff W, 78-25",opponent_resolved_site_pending,,MATCHED,BOOTSTRAP_SAME_SOURCE_SEQUENCE
ASRT-MIZ-02689,CBBG-0002689,missouri,MIZ-HIST-02689,historical_media_guide,2015-2016,2016-01-02,Savannah State,savannah-state,Savannah State,81,50,W,0,home_or_special_site_candidate,unknown,Mizzou Arena,,,,,,REGULAR_SEASON,,45,"Jan. 2 - - Savannah State W, 81-50",opponent_resolved_site_pending,,MATCHED,BOOTSTRAP_SAME_SOURCE_SEQUENCE
ASRT-MIZ-02690,CBBG-0002690,missouri,MIZ-HIST-02690,historical_media_guide,2015-2016,2016-01-06,Georgia,georgia,Georgia,59,77,L,0,home_or_special_site_candidate,unknown,Mizzou Arena,,,,,,REGULAR_SEASON,,45,"Jan. 6 - - *at Georgia L, 59-77",opponent_resolved_site_pending,,MATCHED,BOOTSTRAP_SAME_SOURCE_SEQUENCE
ASRT-MIZ-02691,CBBG-0002691,missouri,MIZ-HIST-02691,historical_media_guide,2015-2016,2016-01-09,Auburn,auburn,Auburn,76,61,W,0,home_or_special_site_candidate,unknown,Mizzou Arena,,,,,,REGULAR_SEASON,,45,"Jan. 9 - - *Auburn W, 76-61",opponent_resolved_site_pending,,MATCHED,BOOTSTRAP_SAME_SOURCE_SEQUENCE
ASRT-MIZ-02692,CBBG-0002692,missouri,MIZ-HIST-02692,historical_media_guide,2015-2016,2016-01-12,Arkansas,arkansas,Arkansas,61,94,L,0,home_or_special_site_candidate,unknown,Mizzou Arena,,,,,,REGULAR_SEASON,,45,"Jan. 12 - - *Arkansas L, 61-94",opponent_resolved_site_pending,,MATCHED,BOOTSTRAP_SAME_SOURCE_SEQUENCE
ASRT-MIZ-02693,CBBG-0002693,missouri,MIZ-HIST-02693,historical_media_guide,2015-2016,2016-01-16,South Carolina,south-carolina,South Carolina,72,81,L,0,home_or_special_site_candidate,unknown,Mizzou Arena,,,,,,REGULAR_SEASON,,45,"Jan. 16 - 19 *at South Carolina L, 72-81",opponent_resolved_site_pending,,MATCHED,BOOTSTRAP_SAME_SOURCE_SEQUENCE
ASRT-MIZ-02694,CBBG-0002694,missouri,MIZ-HIST-02694,historical_media_guide,2015-2016,2016-01-20,Georgia,georgia,Georgia,57,60,L,0,home_or_special_site_candidate,unknown,Mizzou Arena,,,,,,REGULAR_SEASON,,45,"Jan. 20 - - *Georgia L, 57-60",opponent_resolved_site_pending,,MATCHED,BOOTSTRAP_SAME_SOURCE_SEQUENCE
ASRT-MIZ-02695,CBBG-0002695,missouri,MIZ-HIST-02695,historical_media_guide,2015-2016,2016-01-23,Texas A&M,texas-a-m,Texas A&M,53,66,L,0,home_or_special_site_candidate,unknown,Mizzou Arena,,,,,,REGULAR_SEASON,,45,"Jan. 23 - 10 *at Texas A&M L, 53-66",opponent_resolved_site_pending,,MATCHED,BOOTSTRAP_SAME_SOURCE_SEQUENCE
ASRT-MIZ-02696,CBBG-0002696,missouri,MIZ-HIST-02696,historical_media_guide,2015-2016,2016-01-27,Kentucky,kentucky,Kentucky,54,88,L,0,home_or_special_site_candidate,unknown,Mizzou Arena,,,,,,REGULAR_SEASON,,45,"Jan. 27 - 20 *at Kentucky L, 54-88",opponent_resolved_site_pending,,MATCHED,BOOTSTRAP_SAME_SOURCE_SEQUENCE
ASRT-MIZ-02697,CBBG-0002697,missouri,MIZ-HIST-02697,historical_media_guide,2015-2016,2016-01-30,Mississippi State,mississippi-state,Mississippi State,62,76,L,0,home_or_special_site_candidate,unknown,Mizzou Arena,,,,,,REGULAR_SEASON,,45,Jan. 30 - - *Mississippi State L. 62-76,opponent_resolved_site_pending,,MATCHED,BOOTSTRAP_SAME_SOURCE_SEQUENCE
ASRT-MIZ-02698,CBBG-0002698,missouri,MIZ-HIST-02698,historical_media_guide,2015-2016,2016-02-03,Ole Miss,ole-miss,Ole Miss,73,76,L,0,home_or_special_site_candidate,unknown,Mizzou Arena,,,,,,REGULAR_SEASON,,45,"Feb. 3 - - *Ole Miss L, 73-76",opponent_resolved_site_pending,,MATCHED,BOOTSTRAP_SAME_SOURCE_SEQUENCE
ASRT-MIZ-02699,CBBG-0002699,missouri,MIZ-HIST-02699,historical_media_guide,2015-2016,2016-02-06,Alabama,alabama,Alabama,71,80,L,0,home_or_special_site_candidate,unknown,Mizzou Arena,,,,,,REGULAR_SEASON,,45,"Feb. 6 - - *at Alabama L, 71-80",opponent_resolved_site_pending,,MATCHED,BOOTSTRAP_SAME_SOURCE_SEQUENCE
ASRT-MIZ-02700,CBBG-0002700,missouri,MIZ-HIST-02700,historical_media_guide,2015-2016,2016-02-10,Vanderbilt,vanderbilt,Vanderbilt,71,86,L,0,home_or_special_site_candidate,unknown,Mizzou Arena,,,,,,REGULAR_SEASON,,45,"Feb. 10 - - *at Vanderbilt L, 71-86",opponent_resolved_site_pending,,MATCHED,BOOTSTRAP_SAME_SOURCE_SEQUENCE
ASRT-MIZ-02701,CBBG-0002701,missouri,MIZ-HIST-02701,historical_media_guide,2015-2016,2016-02-13,Tennessee,tennessee,Tennessee,75,64,W,0,home_or_special_site_candidate,unknown,Mizzou Arena,,,,,,REGULAR_SEASON,,45,"Feb. 13 - - *Tennessee W, 75-64",opponent_resolved_site_pending,,MATCHED,BOOTSTRAP_SAME_SOURCE_SEQUENCE
ASRT-MIZ-02702,CBBG-0002702,missouri,MIZ-HIST-02702,historical_media_guide,2015-2016,2016-02-16,South Carolina,south-carolina,South Carolina,72,67,W,0,home_or_special_site_candidate,unknown,Mizzou Arena,,,,,,REGULAR_SEASON,,45,"Feb. 16 - - *South Carolina W, 72-67",opponent_resolved_site_pending,,MATCHED,BOOTSTRAP_SAME_SOURCE_SEQUENCE
ASRT-MIZ-02703,CBBG-0002703,missouri,MIZ-HIST-02703,historical_media_guide,2015-2016,2016-02-20,Arkansas,arkansas,Arkansas,72,84,L,0,home_or_special_site_candidate,unknown,Mizzou Arena,,,,,,REGULAR_SEASON,,45,"Feb. 20 - - *at Arkansas L, 72-84",opponent_resolved_site_pending,,MATCHED,BOOTSTRAP_SAME_SOURCE_SEQUENCE
ASRT-MIZ-02704,CBBG-0002704,missouri,MIZ-HIST-02704,historical_media_guide,2015-2016,2016-02-23,Ole Miss,ole-miss,Ole Miss,76,85,L,0,home_or_special_site_candidate,unknown,Mizzou Arena,,,,,,REGULAR_SEASON,,45,"Feb. 23 - - *at Ole Miss L, 76-85",opponent_resolved_site_pending,,MATCHED,BOOTSTRAP_SAME_SOURCE_SEQUENCE
ASRT-MIZ-02705,CBBG-0002705,missouri,MIZ-HIST-02705,historical_media_guide,2015-2016,2016-02-27,Texas A&M,texas-a-m,Texas A&M,69,84,L,0,home_or_special_site_candidate,unknown,Mizzou Arena,,,,,,REGULAR_SEASON,,45,"Feb. 27 - 21 *Texas A&M L, 69-84",opponent_resolved_site_pending,,MATCHED,BOOTSTRAP_SAME_SOURCE_SEQUENCE
ASRT-MIZ-02706,CBBG-0002706,missouri,MIZ-HIST-02706,historical_media_guide,2015-2016,2016-03-01,LSU,lsu,LSU,71,80,L,0,home_or_special_site_candidate,unknown,Mizzou Arena,,,,,,REGULAR_SEASON,,45,"Mar. 1 - - *at LSU L, 71-80",opponent_resolved_site_pending,,MATCHED,BOOTSTRAP_SAME_SOURCE_SEQUENCE
ASRT-MIZ-02707,CBBG-0002707,missouri,MIZ-HIST-02707,historical_media_guide,2015-2016,2016-03-05,Florida,florida,Florida,72,82,L,0,home_or_special_site_candidate,unknown,Mizzou Arena,,,,,,REGULAR_SEASON,,45,"Mar. 5 - - *Florida L, 72-82",opponent_resolved_site_pending,,MATCHED,BOOTSTRAP_SAME_SOURCE_SEQUENCE
ASRT-MIZ-02708,CBBG-0002708,missouri,MIZMOD-0001,modern_season_table,2016-2017,2016-11-13,Alabama A&M,alabama-a-m,Alabama A&M,99,44,W,0,,Missouri Home,Mizzou Arena,Mizzou Arena,Columbia,MO,,,REGULAR_SEASON,,,,normalized,,MATCHED,BOOTSTRAP_SAME_SOURCE_SEQUENCE
ASRT-MIZ-02709,CBBG-0002709,missouri,MIZMOD-0002,modern_season_table,2016-2017,2016-11-17,Xavier,xavier,Xavier,82,83,L,1,,Neutral,HP Field House,HP Field House,Orlando,FL,Tire Pros Invitational,Quarterfinals,REGULAR_SEASON,,,,normalized,,MATCHED,BOOTSTRAP_SAME_SOURCE_SEQUENCE
ASRT-MIZ-02710,CBBG-0002710,missouri,MIZMOD-0003,modern_season_table,2016-2017,2016-11-18,Davidson,davidson,Davidson,55,70,L,0,,Neutral,HP Field House,HP Field House,Orlando,FL,Tire Pros Invitational,Second round consolation,REGULAR_SEASON,,,,normalized,,MATCHED,BOOTSTRAP_SAME_SOURCE_SEQUENCE
ASRT-MIZ-02711,CBBG-0002711,missouri,MIZMOD-0004,modern_season_table,2016-2017,2016-11-20,Tulane,tulane,Tulane,67,62,W,0,,Neutral,HP Field House,HP Field House,Orlando,FL,Tire Pros Invitational,7th place game,REGULAR_SEASON,,,,normalized,,MATCHED,BOOTSTRAP_SAME_SOURCE_SEQUENCE
ASRT-MIZ-02712,CBBG-0002712,missouri,MIZMOD-0005,modern_season_table,2016-2017,2016-11-26,Northwestern State,northwestern-state,Northwestern State,84,60,W,0,,Missouri Home,Mizzou Arena,Mizzou Arena,Columbia,MO,,,REGULAR_SEASON,,,,normalized,,MATCHED,BOOTSTRAP_SAME_SOURCE_SEQUENCE
ASRT-MIZ-02713,CBBG-0002713,missouri,MIZMOD-0006,modern_season_table,2016-2017,2016-11-28,North Carolina Central,north-carolina-central,North Carolina Central,52,62,L,0,,Missouri Home,Mizzou Arena,Mizzou Arena,Columbia,MO,,,REGULAR_SEASON,,,,normalized,,MATCHED,BOOTSTRAP_SAME_SOURCE_SEQUENCE
ASRT-MIZ-02714,CBBG-0002714,missouri,MIZMOD-0007,modern_season_table,2016-2017,2016-12-03,Western Kentucky,western-kentucky,Western Kentucky,59,56,W,0,,Missouri Home,Mizzou Arena,Mizzou Arena,Columbia,MO,,,REGULAR_SEASON,,,,normalized,,MATCHED,BOOTSTRAP_SAME_SOURCE_SEQUENCE
ASRT-MIZ-02715,CBBG-0002715,missouri,MIZMOD-0008,modern_season_table,2016-2017,2016-12-06,Miami (OH),miami-oh,Miami University,81,55,W,0,,Missouri Home,Mizzou Arena,Mizzou Arena,Columbia,MO,,,REGULAR_SEASON,,,,normalized,,MATCHED,BOOTSTRAP_SAME_SOURCE_SEQUENCE
ASRT-MIZ-02716,CBBG-0002716,missouri,MIZMOD-0009,modern_season_table,2016-2017,2016-12-10,Arizona,arizona,Arizona,60,79,L,0,,Missouri Home,Mizzou Arena,Mizzou Arena,Columbia,MO,,,REGULAR_SEASON,,,,normalized,,MATCHED,BOOTSTRAP_SAME_SOURCE_SEQUENCE
ASRT-MIZ-02717,CBBG-0002717,missouri,MIZMOD-0010,modern_season_table,2016-2017,2016-12-17,Eastern Illinois,eastern-illinois,Eastern Illinois,64,67,L,0,,Missouri Home,Mizzou Arena,Mizzou Arena,Columbia,MO,,,REGULAR_SEASON,,,,normalized,,MATCHED,BOOTSTRAP_SAME_SOURCE_SEQUENCE
ASRT-MIZ-02718,CBBG-0002718,missouri,MIZMOD-0011,modern_season_table,2016-2017,2016-12-21,Illinois,illinois,Illinois,66,75,L,0,,Neutral,Scottrade Center,Enterprise Center,St. Louis,MO,Braggin' Rights,,REGULAR_SEASON,,,,normalized,,MATCHED,BOOTSTRAP_SAME_SOURCE_SEQUENCE
ASRT-MIZ-02719,CBBG-0002719,missouri,MIZMOD-0012,modern_season_table,2016-2017,2016-12-29,Lipscomb,lipscomb,Lipscomb,76,81,L,0,,Missouri Home,Mizzou Arena,Mizzou Arena,Columbia,MO,,,REGULAR_SEASON,,,,normalized,,MATCHED,BOOTSTRAP_SAME_SOURCE_SEQUENCE
ASRT-MIZ-02720,CBBG-0002720,missouri,MIZMOD-0013,modern_season_table,2016-2017,2017-01-04,LSU,lsu,LSU,77,88,L,0,,Missouri Home,Mizzou Arena,Mizzou Arena,Columbia,MO,,,REGULAR_SEASON,,,,normalized,,MATCHED,BOOTSTRAP_SAME_SOURCE_SEQUENCE
ASRT-MIZ-02721,CBBG-0002721,missouri,MIZMOD-0014,modern_season_table,2016-2017,2017-01-07,Georgia,georgia,Georgia,66,71,L,0,,Opponent Home,Stegeman Coliseum,Stegeman Coliseum,Athens,GA,,,REGULAR_SEASON,,,,normalized,,MATCHED,BOOTSTRAP_SAME_SOURCE_SEQUENCE
ASRT-MIZ-02722,CBBG-0002722,missouri,MIZMOD-0015,modern_season_table,2016-2017,2017-01-10,Auburn,auburn,Auburn,72,77,L,0,,Missouri Home,Mizzou Arena,Mizzou Arena,Columbia,MO,,,REGULAR_SEASON,,,,normalized,,MATCHED,BOOTSTRAP_SAME_SOURCE_SEQUENCE
ASRT-MIZ-02723,CBBG-0002723,missouri,MIZMOD-0016,modern_season_table,2016-2017,2017-01-14,Arkansas,arkansas,Arkansas,73,92,L,0,,Opponent Home,Bud Walton Arena,Bud Walton Arena,Fayetteville,AR,,,REGULAR_SEASON,,,,normalized,,MATCHED,BOOTSTRAP_SAME_SOURCE_SEQUENCE
ASRT-MIZ-02724,CBBG-0002724,missouri,MIZMOD-0017,modern_season_table,2016-2017,2017-01-18,Alabama,alabama,Alabama,56,68,L,0,,Opponent Home,Coleman Coliseum,Coleman Coliseum,Tuscaloosa,AL,,,REGULAR_SEASON,,,,normalized,,MATCHED,BOOTSTRAP_SAME_SOURCE_SEQUENCE
ASRT-MIZ-02725,CBBG-0002725,missouri,MIZMOD-0018,modern_season_table,2016-2017,2017-01-21,Ole Miss,ole-miss,Ole Miss,71,75,L,0,,Missouri Home,Mizzou Arena,Mizzou Arena,Columbia,MO,,,REGULAR_SEASON,,,,normalized,,MATCHED,BOOTSTRAP_SAME_SOURCE_SEQUENCE
ASRT-MIZ-02726,CBBG-0002726,missouri,MIZMOD-0019,modern_season_table,2016-2017,2017-01-25,Mississippi State,mississippi-state,Mississippi State,74,89,L,0,,Opponent Home,Humphrey Coliseum,Humphrey Coliseum,Starkville,MS,,,REGULAR_SEASON,,,,normalized,,MATCHED,BOOTSTRAP_SAME_SOURCE_SEQUENCE
ASRT-MIZ-02727,CBBG-0002727,missouri,MIZMOD-0020,modern_season_table,2016-2017,2017-01-28,South Carolina,south-carolina,South Carolina,53,63,L,0,,Missouri Home,Mizzou Arena,Mizzou Arena,Columbia,MO,,,REGULAR_SEASON,,,,normalized,,MATCHED,BOOTSTRAP_SAME_SOURCE_SEQUENCE
ASRT-MIZ-02728,CBBG-0002728,missouri,MIZMOD-0021,modern_season_table,2016-2017,2017-02-02,Florida,florida,Florida,54,93,L,0,,Opponent Home,O'Connell Center,O'Connell Center,Gainesville,FL,,,REGULAR_SEASON,,,,normalized,,MATCHED,BOOTSTRAP_SAME_SOURCE_SEQUENCE
ASRT-MIZ-02729,CBBG-0002729,missouri,MIZMOD-0022,modern_season_table,2016-2017,2017-02-04,Arkansas,arkansas,Arkansas,83,78,W,0,,Missouri Home,Mizzou Arena,Mizzou Arena,Columbia,MO,,,REGULAR_SEASON,,,,normalized,,MATCHED,BOOTSTRAP_SAME_SOURCE_SEQUENCE
ASRT-MIZ-02730,CBBG-0002730,missouri,MIZMOD-0023,modern_season_table,2016-2017,2017-02-08,Texas A&M,texas-a-m,Texas A&M,73,76,L,0,,Opponent Home,Reed Arena,Reed Arena,College Station,TX,,,REGULAR_SEASON,,,,normalized,,MATCHED,BOOTSTRAP_SAME_SOURCE_SEQUENCE
ASRT-MIZ-02731,CBBG-0002731,missouri,MIZMOD-0024,modern_season_table,2016-2017,2017-02-11,Vanderbilt,vanderbilt,Vanderbilt,72,52,W,0,,Missouri Home,Mizzou Arena,Mizzou Arena,Columbia,MO,,,REGULAR_SEASON,,,,normalized,,MATCHED,BOOTSTRAP_SAME_SOURCE_SEQUENCE
ASRT-MIZ-02732,CBBG-0002732,missouri,MIZMOD-0025,modern_season_table,2016-2017,2017-02-15,Alabama,alabama,Alabama,54,57,L,0,,Missouri Home,Mizzou Arena,Mizzou Arena,Columbia,MO,,,REGULAR_SEASON,,,,normalized,,MATCHED,BOOTSTRAP_SAME_SOURCE_SEQUENCE
ASRT-MIZ-02733,CBBG-0002733,missouri,MIZMOD-0026,modern_season_table,2016-2017,2017-02-18,Tennessee,tennessee,Tennessee,70,90,L,0,,Opponent Home,Thompson–Boling Arena,Thompson–Boling Arena,Knoxville,TN,,,REGULAR_SEASON,,,,normalized,,MATCHED,BOOTSTRAP_SAME_SOURCE_SEQUENCE
ASRT-MIZ-02734,CBBG-0002734,missouri,MIZMOD-0027,modern_season_table,2016-2017,2017-02-21,Kentucky,kentucky,Kentucky,62,72,L,0,,Missouri Home,Mizzou Arena,Mizzou Arena,Columbia,MO,,,REGULAR_SEASON,,,,normalized,,MATCHED,BOOTSTRAP_SAME_SOURCE_SEQUENCE
ASRT-MIZ-02735,CBBG-0002735,missouri,MIZMOD-0028,modern_season_table,2016-2017,2017-02-25,Ole Miss,ole-miss,Ole Miss,77,80,L,0,,Opponent Home,The Pavilion at Ole Miss,The Pavilion at Ole Miss,Oxford,MS,,,REGULAR_SEASON,,,,normalized,,MATCHED,BOOTSTRAP_SAME_SOURCE_SEQUENCE
ASRT-MIZ-02736,CBBG-0002736,missouri,MIZMOD-0029,modern_season_table,2016-2017,2017-02-28,Texas A&M,texas-a-m,Texas A&M,43,60,L,0,,Missouri Home,Mizzou Arena,Mizzou Arena,Columbia,MO,,,REGULAR_SEASON,,,,normalized,,MATCHED,BOOTSTRAP_SAME_SOURCE_SEQUENCE
ASRT-MIZ-02737,CBBG-0002737,missouri,MIZMOD-0030,modern_season_table,2016-2017,2017-03-04,Auburn,auburn,Auburn,78,89,L,0,,Opponent Home,Auburn Arena,Auburn Arena,Auburn,AL,,,REGULAR_SEASON,,,,normalized,,MATCHED,BOOTSTRAP_SAME_SOURCE_SEQUENCE
ASRT-MIZ-02738,CBBG-0002738,missouri,MIZMOD-0031,modern_season_table,2016-2017,2017-03-08,Auburn,auburn,Auburn,86,83,W,1,,Neutral,Bridgestone Arena,Bridgestone Arena,Nashville,TN,SEC Tournament,First round,CONFERENCE_TOURNAMENT,,,,normalized,,MATCHED,BOOTSTRAP_SAME_SOURCE_SEQUENCE
ASRT-MIZ-02739,CBBG-0002739,missouri,MIZMOD-0032,modern_season_table,2016-2017,2017-03-09,Ole Miss,ole-miss,Ole Miss,74,86,L,0,,Neutral,Bridgestone Arena,Bridgestone Arena,Nashville,TN,SEC Tournament,Second round,CONFERENCE_TOURNAMENT,,,,normalized,,MATCHED,BOOTSTRAP_SAME_SOURCE_SEQUENCE
ASRT-MIZ-02740,CBBG-0002740,missouri,MIZMOD-0033,modern_season_table,2017-2018,2017-11-10,Iowa State,iowa-state,Iowa State,74,59,W,0,,Missouri Home,Mizzou Arena,Mizzou Arena,Columbia,MO,,,REGULAR_SEASON,,,,normalized,,MATCHED,BOOTSTRAP_SAME_SOURCE_SEQUENCE
ASRT-MIZ-02741,CBBG-0002741,missouri,MIZMOD-0034,modern_season_table,2017-2018,2017-11-13,Wagner,wagner,Wagner,99,55,W,0,,Missouri Home,Mizzou Arena,Mizzou Arena,Columbia,MO,,,REGULAR_SEASON,,,,normalized,,MATCHED,BOOTSTRAP_SAME_SOURCE_SEQUENCE
ASRT-MIZ-02742,CBBG-0002742,missouri,MIZMOD-0035,modern_season_table,2017-2018,2017-11-16,Utah,utah,Utah,59,77,L,0,,Opponent Home,Jon M. Huntsman Center,Jon M. Huntsman Center,Salt Lake City,UT,,,REGULAR_SEASON,,,,normalized,,MATCHED,BOOTSTRAP_SAME_SOURCE_SEQUENCE
ASRT-MIZ-02743,CBBG-0002743,missouri,MIZMOD-0036,modern_season_table,2017-2018,2017-11-20,Emporia State,emporia-state,Emporia State,67,62,W,0,,Missouri Home,Mizzou Arena,Mizzou Arena,Columbia,MO,,,REGULAR_SEASON,,,,normalized,,MATCHED,BOOTSTRAP_SAME_SOURCE_SEQUENCE
ASRT-MIZ-02744,CBBG-0002744,missouri,MIZMOD-0037,modern_season_table,2017-2018,2017-11-23,Long Beach State,long-beach-state,Long Beach State,95,58,W,0,,Neutral,HP Field House,HP Field House,Lake Buena Vista,FL,AdvoCare Invitational,Quarterfinals,REGULAR_SEASON,,,,normalized,,MATCHED,BOOTSTRAP_SAME_SOURCE_SEQUENCE
ASRT-MIZ-02745,CBBG-0002745,missouri,MIZMOD-0038,modern_season_table,2017-2018,2017-11-24,St. John's,st-john-s,St. John's,90,82,W,0,,Neutral,HP Field House,HP Field House,Lake Buena Vista,FL,AdvoCare Invitational,Semifinals,REGULAR_SEASON,,,,normalized,,MATCHED,BOOTSTRAP_SAME_SOURCE_SEQUENCE
ASRT-MIZ-02746,CBBG-0002746,missouri,MIZMOD-0039,modern_season_table,2017-2018,2017-11-26,West Virginia,west-virginia,West Virginia,79,83,L,0,,Neutral,HP Field House,HP Field House,Lake Buena Vista,FL,AdvoCare Invitational,Championship game,REGULAR_SEASON,,,,normalized,,MATCHED,BOOTSTRAP_SAME_SOURCE_SEQUENCE
ASRT-MIZ-02747,CBBG-0002747,missouri,MIZMOD-0040,modern_season_table,2017-2018,2017-11-30,UCF,ucf,UCF,62,59,W,0,,Opponent Home,CFE Arena,CFE Arena,Orlando,FL,AdvoCare Invitational,Non-bracket game,REGULAR_SEASON,,,,normalized,,MATCHED,BOOTSTRAP_SAME_SOURCE_SEQUENCE
ASRT-MIZ-02748,CBBG-0002748,missouri,MIZMOD-0041,modern_season_table,2017-2018,2017-12-05,Miami (OH),miami-oh,Miami University,70,51,W,0,,Missouri Home,Mizzou Arena,Mizzou Arena,Columbia,MO,,,REGULAR_SEASON,,,,normalized,,MATCHED,BOOTSTRAP_SAME_SOURCE_SEQUENCE
ASRT-MIZ-02749,CBBG-0002749,missouri,MIZMOD-0042,modern_season_table,2017-2018,2017-12-09,Green Bay,green-bay,Green Bay,100,77,W,0,,Missouri Home,Mizzou Arena,Mizzou Arena,Columbia,MO,,,REGULAR_SEASON,,,,normalized,,MATCHED,BOOTSTRAP_SAME_SOURCE_SEQUENCE
ASRT-MIZ-02750,CBBG-0002750,missouri,MIZMOD-0043,modern_season_table,2017-2018,2017-12-16,North Florida,north-florida,North Florida,85,51,W,0,,Missouri Home,Mizzou Arena,Mizzou Arena,Columbia,MO,,,REGULAR_SEASON,,,,normalized,,MATCHED,BOOTSTRAP_SAME_SOURCE_SEQUENCE
ASRT-MIZ-02751,CBBG-0002751,missouri,MIZMOD-0044,modern_season_table,2017-2018,2017-12-19,Stephen F. Austin,stephen-f-austin,Stephen F. Austin,82,81,W,0,,Missouri Home,Mizzou Arena,Mizzou Arena,Columbia,MO,,,REGULAR_SEASON,,,,normalized,,MATCHED,BOOTSTRAP_SAME_SOURCE_SEQUENCE
ASRT-MIZ-02752,CBBG-0002752,missouri,MIZMOD-0045,modern_season_table,2017-2018,2017-12-23,Illinois,illinois,Illinois,64,70,L,0,,Neutral,Scottrade Center,Enterprise Center,St. Louis,MO,Braggin' Rights,,REGULAR_SEASON,,,,normalized,,MATCHED,BOOTSTRAP_SAME_SOURCE_SEQUENCE
ASRT-MIZ-02753,CBBG-0002753,missouri,MIZMOD-0046,modern_season_table,2017-2018,2018-01-03,South Carolina,south-carolina,South Carolina,79,68,W,0,,Opponent Home,Colonial Life Arena,Colonial Life Arena,Columbia,SC,,,REGULAR_SEASON,,,,normalized,,MATCHED,BOOTSTRAP_SAME_SOURCE_SEQUENCE
ASRT-MIZ-02754,CBBG-0002754,missouri,MIZMOD-0047,modern_season_table,2017-2018,2018-01-06,Florida,florida,Florida,75,77,L,0,,Missouri Home,Mizzou Arena,Mizzou Arena,Columbia,MO,,,REGULAR_SEASON,,,,normalized,,MATCHED,BOOTSTRAP_SAME_SOURCE_SEQUENCE
ASRT-MIZ-02755,CBBG-0002755,missouri,MIZMOD-0048,modern_season_table,2017-2018,2018-01-10,Georgia,georgia,Georgia,68,56,W,0,,Missouri Home,Mizzou Arena,Mizzou Arena,Columbia,MO,,,REGULAR_SEASON,,,,normalized,,MATCHED,BOOTSTRAP_SAME_SOURCE_SEQUENCE
ASRT-MIZ-02756,CBBG-0002756,missouri,MIZMOD-0049,modern_season_table,2017-2018,2018-01-13,Arkansas,arkansas,Arkansas,63,65,L,0,,Opponent Home,Bud Walton Arena,Bud Walton Arena,Fayetteville,AR,,,REGULAR_SEASON,,,,normalized,,MATCHED,BOOTSTRAP_SAME_SOURCE_SEQUENCE
ASRT-MIZ-02757,CBBG-0002757,missouri,MIZMOD-0050,modern_season_table,2017-2018,2018-01-17,Tennessee,tennessee,Tennessee,59,55,W,0,,Missouri Home,Mizzou Arena,Mizzou Arena,Columbia,MO,,,REGULAR_SEASON,,,,normalized,,MATCHED,BOOTSTRAP_SAME_SOURCE_SEQUENCE
ASRT-MIZ-02758,CBBG-0002758,missouri,MIZMOD-0051,modern_season_table,2017-2018,2018-01-20,Texas A&M,texas-a-m,Texas A&M,49,60,L,0,,Opponent Home,Reed Arena,Reed Arena,College Station,TX,,,REGULAR_SEASON,,,,normalized,,MATCHED,BOOTSTRAP_SAME_SOURCE_SEQUENCE
ASRT-MIZ-02759,CBBG-0002759,missouri,MIZMOD-0052,modern_season_table,2017-2018,2018-01-24,Auburn,auburn,Auburn,73,91,L,0,,Missouri Home,Mizzou Arena,Mizzou Arena,Columbia,MO,,,REGULAR_SEASON,,,,normalized,,MATCHED,BOOTSTRAP_SAME_SOURCE_SEQUENCE
ASRT-MIZ-02760,CBBG-0002760,missouri,MIZMOD-0053,modern_season_table,2017-2018,2018-01-27,Mississippi State,mississippi-state,Mississippi State,62,74,L,0,,Opponent Home,Humphrey Coliseum,Humphrey Coliseum,Starkville,MS,,,REGULAR_SEASON,,,,normalized,,MATCHED,BOOTSTRAP_SAME_SOURCE_SEQUENCE
ASRT-MIZ-02761,CBBG-0002761,missouri,MIZMOD-0054,modern_season_table,2017-2018,2018-01-31,Alabama,alabama,Alabama,69,60,W,0,,Opponent Home,Coleman Coliseum,Coleman Coliseum,Tuscaloosa,AL,,,REGULAR_SEASON,,,,normalized,,MATCHED,BOOTSTRAP_SAME_SOURCE_SEQUENCE
ASRT-MIZ-02762,CBBG-0002762,missouri,MIZMOD-0055,modern_season_table,2017-2018,2018-02-03,Kentucky,kentucky,Kentucky,69,60,W,0,,Missouri Home,Mizzou Arena,Mizzou Arena,Columbia,MO,,,REGULAR_SEASON,,,,normalized,,MATCHED,BOOTSTRAP_SAME_SOURCE_SEQUENCE
ASRT-MIZ-02763,CBBG-0002763,missouri,MIZMOD-0056,modern_season_table,2017-2018,2018-02-06,Ole Miss,ole-miss,Ole Miss,75,69,W,0,,Opponent Home,The Pavilion at Ole Miss,The Pavilion at Ole Miss,Oxford,MS,,,REGULAR_SEASON,,,,normalized,,MATCHED,BOOTSTRAP_SAME_SOURCE_SEQUENCE
ASRT-MIZ-02764,CBBG-0002764,missouri,MIZMOD-0057,modern_season_table,2017-2018,2018-02-10,Mississippi State,mississippi-state,Mississippi State,89,85,W,1,,Missouri Home,Mizzou Arena,Mizzou Arena,Columbia,MO,,,REGULAR_SEASON,,,,normalized,,MATCHED,BOOTSTRAP_SAME_SOURCE_SEQUENCE
ASRT-MIZ-02765,CBBG-0002765,missouri,MIZMOD-0058,modern_season_table,2017-2018,2018-02-13,Texas A&M,texas-a-m,Texas A&M,62,58,W,0,,Missouri Home,Mizzou Arena,Mizzou Arena,Columbia,MO,,,REGULAR_SEASON,,,,normalized,,MATCHED,BOOTSTRAP_SAME_SOURCE_SEQUENCE
ASRT-MIZ-02766,CBBG-0002766,missouri,MIZMOD-0059,modern_season_table,2017-2018,2018-02-17,LSU,lsu,LSU,63,64,L,0,,Opponent Home,Pete Maravich Assembly Center,Pete Maravich Assembly Center,Baton Rouge,LA,,,REGULAR_SEASON,,,,normalized,,MATCHED,BOOTSTRAP_SAME_SOURCE_SEQUENCE
ASRT-MIZ-02767,CBBG-0002767,missouri,MIZMOD-0060,modern_season_table,2017-2018,2018-02-20,Ole Miss,ole-miss,Ole Miss,87,90,L,1,,Missouri Home,Mizzou Arena,Mizzou Arena,Columbia,MO,,,REGULAR_SEASON,,,,normalized,,MATCHED,BOOTSTRAP_SAME_SOURCE_SEQUENCE
ASRT-MIZ-02768,CBBG-0002768,missouri,MIZMOD-0061,modern_season_table,2017-2018,2018-02-24,Kentucky,kentucky,Kentucky,66,88,L,0,,Opponent Home,Rupp Arena,Rupp Arena,Lexington,KY,,,REGULAR_SEASON,,,,normalized,,MATCHED,BOOTSTRAP_SAME_SOURCE_SEQUENCE
ASRT-MIZ-02769,CBBG-0002769,missouri,MIZMOD-0062,modern_season_table,2017-2018,2018-02-27,Vanderbilt,vanderbilt,Vanderbilt,74,66,W,0,,Opponent Home,Memorial Gymnasium,Memorial Gymnasium,Nashville,TN,,,REGULAR_SEASON,,,,normalized,,MATCHED,BOOTSTRAP_SAME_SOURCE_SEQUENCE
ASRT-MIZ-02770,CBBG-0002770,missouri,MIZMOD-0063,modern_season_table,2017-2018,2018-03-03,Arkansas,arkansas,Arkansas,77,67,W,0,,Missouri Home,Mizzou Arena,Mizzou Arena,Columbia,MO,,,REGULAR_SEASON,,,,normalized,,MATCHED,BOOTSTRAP_SAME_SOURCE_SEQUENCE
ASRT-MIZ-02771,CBBG-0002771,missouri,MIZMOD-0064,modern_season_table,2017-2018,2018-03-08,Georgia,georgia,Georgia,60,62,L,0,,Neutral,Scottrade Center,Enterprise Center,St. Louis,MO,SEC Tournament,Second round,CONFERENCE_TOURNAMENT,,,,normalized,,MATCHED,BOOTSTRAP_SAME_SOURCE_SEQUENCE
ASRT-MIZ-02772,CBBG-0002772,missouri,MIZMOD-0065,modern_season_table,2017-2018,2018-03-16,Florida State,florida-state,Florida State,54,67,L,0,,Neutral,Bridgestone Arena,Bridgestone Arena,Nashville,TN,NCAA Tournament,First round,NCAA_TOURNAMENT,R64,,,normalized,,MATCHED,BOOTSTRAP_SAME_SOURCE_SEQUENCE
ASRT-MIZ-02773,CBBG-0002773,missouri,MIZMOD-0066,modern_season_table,2018-2019,2018-11-06,Central Arkansas,central-arkansas,Central Arkansas,68,55,W,0,,Missouri Home,Mizzou Arena,Mizzou Arena,Columbia,MO,,,REGULAR_SEASON,,,,normalized,,MATCHED,BOOTSTRAP_SAME_SOURCE_SEQUENCE
ASRT-MIZ-02774,CBBG-0002774,missouri,MIZMOD-0067,modern_season_table,2018-2019,2018-11-10,Iowa State,iowa-state,Iowa State,59,76,L,0,,Opponent Home,Hilton Coliseum,Hilton Coliseum,Ames,IA,,,REGULAR_SEASON,,,,normalized,,MATCHED,BOOTSTRAP_SAME_SOURCE_SEQUENCE
ASRT-MIZ-02775,CBBG-0002775,missouri,MIZMOD-0068,modern_season_table,2018-2019,2018-11-16,Kennesaw State,kennesaw-state,Kennesaw State,55,52,W,0,,Neutral,Sports and Fitness Center,Sports and Fitness Center,St. Thomas,VI,Paradise Jam,Quarterfinals,REGULAR_SEASON,,,,normalized,,MATCHED,BOOTSTRAP_SAME_SOURCE_SEQUENCE
ASRT-MIZ-02776,CBBG-0002776,missouri,MIZMOD-0069,modern_season_table,2018-2019,2018-11-18,Oregon State,oregon-state,Oregon State,69,63,W,0,,Neutral,Sports and Fitness Center,Sports and Fitness Center,St. Thomas,VI,Paradise Jam,Semifinals,REGULAR_SEASON,,,,normalized,,MATCHED,BOOTSTRAP_SAME_SOURCE_SEQUENCE
ASRT-MIZ-02777,CBBG-0002777,missouri,MIZMOD-0070,modern_season_table,2018-2019,2018-11-19,Kansas State,kansas-state,Kansas State,67,82,L,0,,Neutral,Sports and Fitness Center,Sports and Fitness Center,St. Thomas,VI,Paradise Jam,Championship game,REGULAR_SEASON,,,,normalized,,MATCHED,BOOTSTRAP_SAME_SOURCE_SEQUENCE
ASRT-MIZ-02778,CBBG-0002778,missouri,MIZMOD-0071,modern_season_table,2018-2019,2018-11-27,Temple,temple,Temple,77,79,L,0,,Missouri Home,Mizzou Arena,Mizzou Arena,Columbia,MO,,,REGULAR_SEASON,,,,normalized,,MATCHED,BOOTSTRAP_SAME_SOURCE_SEQUENCE
ASRT-MIZ-02779,CBBG-0002779,missouri,MIZMOD-0072,modern_season_table,2018-2019,2018-12-02,UCF,ucf,UCF,64,62,W,1,,Missouri Home,Mizzou Arena,Mizzou Arena,Columbia,MO,,,REGULAR_SEASON,,,,normalized,,MATCHED,BOOTSTRAP_SAME_SOURCE_SEQUENCE
ASRT-MIZ-02780,CBBG-0002780,missouri,MIZMOD-0073,modern_season_table,2018-2019,2018-12-04,UT Arlington,ut-arlington,UT Arlington,65,45,W,0,,Missouri Home,Mizzou Arena,Mizzou Arena,Columbia,MO,,,REGULAR_SEASON,,,,normalized,Source displayed Texas–Arlington.,MATCHED,BOOTSTRAP_SAME_SOURCE_SEQUENCE
ASRT-MIZ-02781,CBBG-0002781,missouri,MIZMOD-0074,modern_season_table,2018-2019,2018-12-07,Oral Roberts,oral-roberts,Oral Roberts,80,64,W,0,,Missouri Home,Mizzou Arena,Mizzou Arena,Columbia,MO,,,REGULAR_SEASON,,,,normalized,,MATCHED,BOOTSTRAP_SAME_SOURCE_SEQUENCE
ASRT-MIZ-02782,CBBG-0002782,missouri,MIZMOD-0075,modern_season_table,2018-2019,2018-12-18,Xavier,xavier,Xavier,71,56,W,0,,Missouri Home,Mizzou Arena,Mizzou Arena,Columbia,MO,,,REGULAR_SEASON,,,,normalized,,MATCHED,BOOTSTRAP_SAME_SOURCE_SEQUENCE
ASRT-MIZ-02783,CBBG-0002783,missouri,MIZMOD-0076,modern_season_table,2018-2019,2018-12-22,Illinois,illinois,Illinois,79,63,W,0,,Neutral,Enterprise Center,Enterprise Center,St. Louis,MO,Braggin' Rights,,REGULAR_SEASON,,,,normalized,,MATCHED,BOOTSTRAP_SAME_SOURCE_SEQUENCE
ASRT-MIZ-02784,CBBG-0002784,missouri,MIZMOD-0077,modern_season_table,2018-2019,2018-12-29,Morehead State,morehead-state,Morehead State,75,61,W,0,,Missouri Home,Mizzou Arena,Mizzou Arena,Columbia,MO,,,REGULAR_SEASON,,,,normalized,,MATCHED,BOOTSTRAP_SAME_SOURCE_SEQUENCE
ASRT-MIZ-02785,CBBG-0002785,missouri,MIZMOD-0078,modern_season_table,2018-2019,2019-01-08,Tennessee,tennessee,Tennessee,63,87,L,0,,Missouri Home,Mizzou Arena,Mizzou Arena,Columbia,MO,,,REGULAR_SEASON,,,,normalized,,MATCHED,BOOTSTRAP_SAME_SOURCE_SEQUENCE
ASRT-MIZ-02786,CBBG-0002786,missouri,MIZMOD-0079,modern_season_table,2018-2019,2019-01-13,South Carolina,south-carolina,South Carolina,75,85,L,0,,Opponent Home,Colonial Life Arena,Colonial Life Arena,Columbia,SC,,,REGULAR_SEASON,,,,normalized,,MATCHED,BOOTSTRAP_SAME_SOURCE_SEQUENCE
ASRT-MIZ-02787,CBBG-0002787,missouri,MIZMOD-0080,modern_season_table,2018-2019,2019-01-16,Alabama,alabama,Alabama,60,70,L,0,,Missouri Home,Mizzou Arena,Mizzou Arena,Columbia,MO,,,REGULAR_SEASON,,,,normalized,,MATCHED,BOOTSTRAP_SAME_SOURCE_SEQUENCE
ASRT-MIZ-02788,CBBG-0002788,missouri,MIZMOD-0081,modern_season_table,2018-2019,2019-01-19,Texas A&M,texas-a-m,Texas A&M,66,43,W,0,,Opponent Home,Reed Arena,Reed Arena,College Station,TX,,,REGULAR_SEASON,,,,normalized,,MATCHED,BOOTSTRAP_SAME_SOURCE_SEQUENCE
ASRT-MIZ-02789,CBBG-0002789,missouri,MIZMOD-0082,modern_season_table,2018-2019,2019-01-23,Arkansas,arkansas,Arkansas,60,72,L,0,,Opponent Home,Bud Walton Arena,Bud Walton Arena,Fayetteville,AR,,,REGULAR_SEASON,,,,normalized,,MATCHED,BOOTSTRAP_SAME_SOURCE_SEQUENCE
ASRT-MIZ-02790,CBBG-0002790,missouri,MIZMOD-0083,modern_season_table,2018-2019,2019-01-26,LSU,lsu,LSU,80,86,L,1,,Missouri Home,Mizzou Arena,Mizzou Arena,Columbia,MO,,,REGULAR_SEASON,,,,normalized,,MATCHED,BOOTSTRAP_SAME_SOURCE_SEQUENCE
ASRT-MIZ-02791,CBBG-0002791,missouri,MIZMOD-0084,modern_season_table,2018-2019,2019-01-30,Auburn,auburn,Auburn,58,92,L,0,,Opponent Home,Auburn Arena,Auburn Arena,Auburn,AL,,,REGULAR_SEASON,,,,normalized,,MATCHED,BOOTSTRAP_SAME_SOURCE_SEQUENCE
ASRT-MIZ-02792,CBBG-0002792,missouri,MIZMOD-0085,modern_season_table,2018-2019,2019-02-02,Vanderbilt,vanderbilt,Vanderbilt,77,67,W,0,,Missouri Home,Mizzou Arena,Mizzou Arena,Columbia,MO,,,REGULAR_SEASON,,,,normalized,,MATCHED,BOOTSTRAP_SAME_SOURCE_SEQUENCE
ASRT-MIZ-02793,CBBG-0002793,missouri,MIZMOD-0086,modern_season_table,2018-2019,2019-02-05,Tennessee,tennessee,Tennessee,60,72,L,0,,Opponent Home,Thompson–Boling Arena,Thompson–Boling Arena,Knoxville,TN,,,REGULAR_SEASON,,,,normalized,,MATCHED,BOOTSTRAP_SAME_SOURCE_SEQUENCE
ASRT-MIZ-02794,CBBG-0002794,missouri,MIZMOD-0087,modern_season_table,2018-2019,2019-02-09,Texas A&M,texas-a-m,Texas A&M,59,68,L,0,,Missouri Home,Mizzou Arena,Mizzou Arena,Columbia,MO,,,REGULAR_SEASON,,,,normalized,,MATCHED,BOOTSTRAP_SAME_SOURCE_SEQUENCE
ASRT-MIZ-02795,CBBG-0002795,missouri,MIZMOD-0088,modern_season_table,2018-2019,2019-02-12,Arkansas,arkansas,Arkansas,79,78,W,0,,Missouri Home,Mizzou Arena,Mizzou Arena,Columbia,MO,,,REGULAR_SEASON,,,,normalized,,MATCHED,BOOTSTRAP_SAME_SOURCE_SEQUENCE
ASRT-MIZ-02796,CBBG-0002796,missouri,MIZMOD-0089,modern_season_table,2018-2019,2019-02-16,Ole Miss,ole-miss,Ole Miss,65,75,L,0,,Opponent Home,The Pavilion at Ole Miss,The Pavilion at Ole Miss,Oxford,MS,,,REGULAR_SEASON,,,,normalized,,MATCHED,BOOTSTRAP_SAME_SOURCE_SEQUENCE
ASRT-MIZ-02797,CBBG-0002797,missouri,MIZMOD-0090,modern_season_table,2018-2019,2019-02-19,Kentucky,kentucky,Kentucky,58,66,L,0,,Missouri Home,Mizzou Arena,Mizzou Arena,Columbia,MO,,,REGULAR_SEASON,,,,normalized,,MATCHED,BOOTSTRAP_SAME_SOURCE_SEQUENCE
ASRT-MIZ-02798,CBBG-0002798,missouri,MIZMOD-0091,modern_season_table,2018-2019,2019-02-23,Florida,florida,Florida,60,64,L,0,,Opponent Home,Exactech Arena,Exactech Arena,Gainesville,FL,,,REGULAR_SEASON,,,,normalized,,MATCHED,BOOTSTRAP_SAME_SOURCE_SEQUENCE
ASRT-MIZ-02799,CBBG-0002799,missouri,MIZMOD-0092,modern_season_table,2018-2019,2019-02-26,Mississippi State,mississippi-state,Mississippi State,49,68,L,0,,Opponent Home,Humphrey Coliseum,Humphrey Coliseum,Starkville,MS,,,REGULAR_SEASON,,,,normalized,,MATCHED,BOOTSTRAP_SAME_SOURCE_SEQUENCE
ASRT-MIZ-02800,CBBG-0002800,missouri,MIZMOD-0093,modern_season_table,2018-2019,2019-03-02,South Carolina,south-carolina,South Carolina,78,63,W,0,,Missouri Home,Mizzou Arena,Mizzou Arena,Columbia,MO,,,REGULAR_SEASON,,,,normalized,,MATCHED,BOOTSTRAP_SAME_SOURCE_SEQUENCE
ASRT-MIZ-02801,CBBG-0002801,missouri,MIZMOD-0094,modern_season_table,2018-2019,2019-03-06,Georgia,georgia,Georgia,64,39,W,0,,Opponent Home,Stegeman Coliseum,Stegeman Coliseum,Athens,GA,,,REGULAR_SEASON,,,,normalized,,MATCHED,BOOTSTRAP_SAME_SOURCE_SEQUENCE
ASRT-MIZ-02802,CBBG-0002802,missouri,MIZMOD-0095,modern_season_table,2018-2019,2019-03-09,Ole Miss,ole-miss,Ole Miss,68,73,L,0,,Missouri Home,Mizzou Arena,Mizzou Arena,Columbia,MO,,,REGULAR_SEASON,,,,normalized,,MATCHED,BOOTSTRAP_SAME_SOURCE_SEQUENCE
ASRT-MIZ-02803,CBBG-0002803,missouri,MIZMOD-0096,modern_season_table,2018-2019,2019-03-13,Georgia,georgia,Georgia,71,61,W,0,,Neutral,Bridgestone Arena,Bridgestone Arena,Nashville,TN,SEC Tournament,First round,CONFERENCE_TOURNAMENT,,,,normalized,,MATCHED,BOOTSTRAP_SAME_SOURCE_SEQUENCE
ASRT-MIZ-02804,CBBG-0002804,missouri,MIZMOD-0097,modern_season_table,2018-2019,2019-03-14,Auburn,auburn,Auburn,71,81,L,0,,Neutral,Bridgestone Arena,Bridgestone Arena,Nashville,TN,SEC Tournament,Second round,CONFERENCE_TOURNAMENT,,,,normalized,,MATCHED,BOOTSTRAP_SAME_SOURCE_SEQUENCE
ASRT-MIZ-02805,CBBG-0002805,missouri,MIZMOD-0098,modern_season_table,2019-2020,2019-11-06,Incarnate Word,incarnate-word,Incarnate Word,82,42,W,0,,Missouri Home,Mizzou Arena,Mizzou Arena,Columbia,MO,,,REGULAR_SEASON,,,,normalized,,MATCHED,BOOTSTRAP_SAME_SOURCE_SEQUENCE
ASRT-MIZ-02806,CBBG-0002806,missouri,MIZMOD-0099,modern_season_table,2019-2020,2019-11-08,Northern Kentucky,northern-kentucky,Northern Kentucky,71,56,W,0,,Missouri Home,Mizzou Arena,Mizzou Arena,Columbia,MO,,,REGULAR_SEASON,,,,normalized,,MATCHED,BOOTSTRAP_SAME_SOURCE_SEQUENCE
ASRT-MIZ-02807,CBBG-0002807,missouri,MIZMOD-0100,modern_season_table,2019-2020,2019-11-12,Xavier,xavier,Xavier,58,63,L,1,,Opponent Home,Cintas Center,Cintas Center,Cincinnati,OH,,,REGULAR_SEASON,,,,normalized,,MATCHED,BOOTSTRAP_SAME_SOURCE_SEQUENCE
ASRT-MIZ-02808,CBBG-0002808,missouri,MIZMOD-0101,modern_season_table,2019-2020,2019-11-18,Wofford,wofford,Wofford,75,56,W,0,,Missouri Home,Mizzou Arena,Mizzou Arena,Columbia,MO,Hall of Fame Classic,Campus-site game,REGULAR_SEASON,,,,normalized,,MATCHED,BOOTSTRAP_SAME_SOURCE_SEQUENCE
ASRT-MIZ-02809,CBBG-0002809,missouri,MIZMOD-0102,modern_season_table,2019-2020,2019-11-20,Morehead State,morehead-state,Morehead State,70,52,W,0,,Missouri Home,Mizzou Arena,Mizzou Arena,Columbia,MO,Hall of Fame Classic,Campus-site game,REGULAR_SEASON,,,,normalized,,MATCHED,BOOTSTRAP_SAME_SOURCE_SEQUENCE
ASRT-MIZ-02810,CBBG-0002810,missouri,MIZMOD-0103,modern_season_table,2019-2020,2019-11-25,Butler,butler,Butler,52,63,L,0,,Neutral,Sprint Center,T-Mobile Center,Kansas City,MO,Hall of Fame Classic,Semifinals,REGULAR_SEASON,,,,normalized,,MATCHED,BOOTSTRAP_SAME_SOURCE_SEQUENCE
ASRT-MIZ-02811,CBBG-0002811,missouri,MIZMOD-0104,modern_season_table,2019-2020,2019-11-26,Oklahoma,oklahoma,Oklahoma,66,77,L,0,,Neutral,Sprint Center,T-Mobile Center,Kansas City,MO,Hall of Fame Classic,Third place game,REGULAR_SEASON,,,,normalized,,MATCHED,BOOTSTRAP_SAME_SOURCE_SEQUENCE
ASRT-MIZ-02812,CBBG-0002812,missouri,MIZMOD-0105,modern_season_table,2019-2020,2019-12-03,Charleston Southern,charleston-southern,Charleston Southern,60,68,L,0,,Missouri Home,Mizzou Arena,Mizzou Arena,Columbia,MO,,,REGULAR_SEASON,,,,normalized,,MATCHED,BOOTSTRAP_SAME_SOURCE_SEQUENCE
ASRT-MIZ-02813,CBBG-0002813,missouri,MIZMOD-0106,modern_season_table,2019-2020,2019-12-07,Temple,temple,Temple,64,54,W,0,,Opponent Home,Liacouras Center,Liacouras Center,Philadelphia,PA,,,REGULAR_SEASON,,,,normalized,,MATCHED,BOOTSTRAP_SAME_SOURCE_SEQUENCE
ASRT-MIZ-02814,CBBG-0002814,missouri,MIZMOD-0107,modern_season_table,2019-2020,2019-12-15,Southern Illinois,southern-illinois,Southern Illinois,64,48,W,0,,Missouri Home,Mizzou Arena,Mizzou Arena,Columbia,MO,,,REGULAR_SEASON,,,,normalized,,MATCHED,BOOTSTRAP_SAME_SOURCE_SEQUENCE
ASRT-MIZ-02815,CBBG-0002815,missouri,MIZMOD-0108,modern_season_table,2019-2020,2019-12-21,Illinois,illinois,Illinois,63,56,W,0,,Neutral,Enterprise Center,Enterprise Center,St. Louis,MO,Braggin' Rights,,REGULAR_SEASON,,,,normalized,,MATCHED,BOOTSTRAP_SAME_SOURCE_SEQUENCE
ASRT-MIZ-02816,CBBG-0002816,missouri,MIZMOD-0109,modern_season_table,2019-2020,2019-12-30,Chicago State,chicago-state,Chicago State,91,33,W,0,,Missouri Home,Mizzou Arena,Mizzou Arena,Columbia,MO,,,REGULAR_SEASON,,,,normalized,,MATCHED,BOOTSTRAP_SAME_SOURCE_SEQUENCE
ASRT-MIZ-02817,CBBG-0002817,missouri,MIZMOD-0110,modern_season_table,2019-2020,2020-01-04,Kentucky,kentucky,Kentucky,59,71,L,0,,Opponent Home,Rupp Arena,Rupp Arena,Lexington,KY,,,REGULAR_SEASON,,,,normalized,,MATCHED,BOOTSTRAP_SAME_SOURCE_SEQUENCE
ASRT-MIZ-02818,CBBG-0002818,missouri,MIZMOD-0111,modern_season_table,2019-2020,2020-01-07,Tennessee,tennessee,Tennessee,59,69,L,0,,Missouri Home,Mizzou Arena,Mizzou Arena,Columbia,MO,,,REGULAR_SEASON,,,,normalized,,MATCHED,BOOTSTRAP_SAME_SOURCE_SEQUENCE
ASRT-MIZ-02819,CBBG-0002819,missouri,MIZMOD-0112,modern_season_table,2019-2020,2020-01-11,Florida,florida,Florida,91,75,W,0,,Missouri Home,Mizzou Arena,Mizzou Arena,Columbia,MO,,,REGULAR_SEASON,,,,normalized,,MATCHED,BOOTSTRAP_SAME_SOURCE_SEQUENCE
ASRT-MIZ-02820,CBBG-0002820,missouri,MIZMOD-0113,modern_season_table,2019-2020,2020-01-14,Mississippi State,mississippi-state,Mississippi State,45,72,L,0,,Opponent Home,Humphrey Coliseum,Humphrey Coliseum,Starkville,MS,,,REGULAR_SEASON,,,,normalized,,MATCHED,BOOTSTRAP_SAME_SOURCE_SEQUENCE
ASRT-MIZ-02821,CBBG-0002821,missouri,MIZMOD-0114,modern_season_table,2019-2020,2020-01-18,Alabama,alabama,Alabama,74,88,L,0,,Opponent Home,Coleman Coliseum,Coleman Coliseum,Tuscaloosa,AL,,,REGULAR_SEASON,,,,normalized,,MATCHED,BOOTSTRAP_SAME_SOURCE_SEQUENCE
ASRT-MIZ-02822,CBBG-0002822,missouri,MIZMOD-0115,modern_season_table,2019-2020,2020-01-21,Texas A&M,texas-a-m,Texas A&M,64,66,L,0,,Missouri Home,Mizzou Arena,Mizzou Arena,Columbia,MO,,,REGULAR_SEASON,,,,normalized,,MATCHED,BOOTSTRAP_SAME_SOURCE_SEQUENCE
ASRT-MIZ-02823,CBBG-0002823,missouri,MIZMOD-0116,modern_season_table,2019-2020,2020-01-25,West Virginia,west-virginia,West Virginia,51,74,L,0,,Opponent Home,WVU Coliseum,WVU Coliseum,Morgantown,WV,Big 12/SEC Challenge,,REGULAR_SEASON,,,,normalized,,MATCHED,BOOTSTRAP_SAME_SOURCE_SEQUENCE
ASRT-MIZ-02824,CBBG-0002824,missouri,MIZMOD-0117,modern_season_table,2019-2020,2020-01-28,Georgia,georgia,Georgia,72,69,W,0,,Missouri Home,Mizzou Arena,Mizzou Arena,Columbia,MO,,,REGULAR_SEASON,,,,normalized,,MATCHED,BOOTSTRAP_SAME_SOURCE_SEQUENCE
ASRT-MIZ-02825,CBBG-0002825,missouri,MIZMOD-0118,modern_season_table,2019-2020,2020-02-01,South Carolina,south-carolina,South Carolina,54,76,L,0,,Opponent Home,Colonial Life Arena,Colonial Life Arena,Columbia,SC,,,REGULAR_SEASON,,,,normalized,,MATCHED,BOOTSTRAP_SAME_SOURCE_SEQUENCE
ASRT-MIZ-02826,CBBG-0002826,missouri,MIZMOD-0119,modern_season_table,2019-2020,2020-02-04,Texas A&M,texas-a-m,Texas A&M,51,68,L,0,,Opponent Home,Reed Arena,Reed Arena,College Station,TX,,,REGULAR_SEASON,,,,normalized,,MATCHED,BOOTSTRAP_SAME_SOURCE_SEQUENCE
ASRT-MIZ-02827,CBBG-0002827,missouri,MIZMOD-0120,modern_season_table,2019-2020,2020-02-08,Arkansas,arkansas,Arkansas,83,79,W,1,,Missouri Home,Mizzou Arena,Mizzou Arena,Columbia,MO,,,REGULAR_SEASON,,,,normalized,,MATCHED,BOOTSTRAP_SAME_SOURCE_SEQUENCE
ASRT-MIZ-02828,CBBG-0002828,missouri,MIZMOD-0121,modern_season_table,2019-2020,2020-02-11,LSU,lsu,LSU,78,82,L,0,,Opponent Home,Pete Maravich Assembly Center,Pete Maravich Assembly Center,Baton Rouge,LA,,,REGULAR_SEASON,,,,normalized,,MATCHED,BOOTSTRAP_SAME_SOURCE_SEQUENCE
ASRT-MIZ-02829,CBBG-0002829,missouri,MIZMOD-0122,modern_season_table,2019-2020,2020-02-15,Auburn,auburn,Auburn,85,73,W,0,,Missouri Home,Mizzou Arena,Mizzou Arena,Columbia,MO,,,REGULAR_SEASON,,,,normalized,,MATCHED,BOOTSTRAP_SAME_SOURCE_SEQUENCE
ASRT-MIZ-02830,CBBG-0002830,missouri,MIZMOD-0123,modern_season_table,2019-2020,2020-02-18,Ole Miss,ole-miss,Ole Miss,71,68,W,0,,Missouri Home,Mizzou Arena,Mizzou Arena,Columbia,MO,,,REGULAR_SEASON,,,,normalized,,MATCHED,BOOTSTRAP_SAME_SOURCE_SEQUENCE
ASRT-MIZ-02831,CBBG-0002831,missouri,MIZMOD-0124,modern_season_table,2019-2020,2020-02-22,Arkansas,arkansas,Arkansas,68,78,L,0,,Opponent Home,Bud Walton Arena,Bud Walton Arena,Fayetteville,AR,,,REGULAR_SEASON,,,,normalized,,MATCHED,BOOTSTRAP_SAME_SOURCE_SEQUENCE
ASRT-MIZ-02832,CBBG-0002832,missouri,MIZMOD-0125,modern_season_table,2019-2020,2020-02-26,Vanderbilt,vanderbilt,Vanderbilt,61,52,W,0,,Opponent Home,Memorial Gymnasium,Memorial Gymnasium,Nashville,TN,,,REGULAR_SEASON,,,,normalized,,MATCHED,BOOTSTRAP_SAME_SOURCE_SEQUENCE
ASRT-MIZ-02833,CBBG-0002833,missouri,MIZMOD-0126,modern_season_table,2019-2020,2020-02-29,Mississippi State,mississippi-state,Mississippi State,63,67,L,0,,Missouri Home,Mizzou Arena,Mizzou Arena,Columbia,MO,,,REGULAR_SEASON,,,,normalized,,MATCHED,BOOTSTRAP_SAME_SOURCE_SEQUENCE
ASRT-MIZ-02834,CBBG-0002834,missouri,MIZMOD-0127,modern_season_table,2019-2020,2020-03-04,Ole Miss,ole-miss,Ole Miss,67,75,L,0,,Opponent Home,The Pavilion at Ole Miss,The Pavilion at Ole Miss,Oxford,MS,,,REGULAR_SEASON,,,,normalized,,MATCHED,BOOTSTRAP_SAME_SOURCE_SEQUENCE
ASRT-MIZ-02835,CBBG-0002835,missouri,MIZMOD-0128,modern_season_table,2019-2020,2020-03-07,Alabama,alabama,Alabama,69,50,W,0,,Missouri Home,Mizzou Arena,Mizzou Arena,Columbia,MO,,,REGULAR_SEASON,,,,normalized,,MATCHED,BOOTSTRAP_SAME_SOURCE_SEQUENCE
ASRT-MIZ-02836,CBBG-0002836,missouri,MIZMOD-0129,modern_season_table,2020-2021,2020-11-25,Oral Roberts,oral-roberts,Oral Roberts,91,64,W,0,,Missouri Home,Mizzou Arena,Mizzou Arena,Columbia,MO,,,REGULAR_SEASON,,,,normalized,,MATCHED,BOOTSTRAP_SAME_SOURCE_SEQUENCE
ASRT-MIZ-02837,CBBG-0002837,missouri,MIZMOD-0130,modern_season_table,2020-2021,2020-12-02,Oregon,oregon,Oregon,83,75,W,0,,Neutral,CHI Health Center,CHI Health Center,Omaha,NE,,,REGULAR_SEASON,,,,normalized,,MATCHED,BOOTSTRAP_SAME_SOURCE_SEQUENCE
ASRT-MIZ-02838,CBBG-0002838,missouri,MIZMOD-0131,modern_season_table,2020-2021,2020-12-06,Wichita State,wichita-state,Wichita State,72,62,W,0,,Opponent Home,Charles Koch Arena,Charles Koch Arena,Wichita,KS,,,REGULAR_SEASON,,,,normalized,,MATCHED,BOOTSTRAP_SAME_SOURCE_SEQUENCE
ASRT-MIZ-02839,CBBG-0002839,missouri,MIZMOD-0132,modern_season_table,2020-2021,2020-12-09,Liberty,liberty,Liberty,69,60,W,0,,Missouri Home,Mizzou Arena,Mizzou Arena,Columbia,MO,,,REGULAR_SEASON,,,,normalized,,MATCHED,BOOTSTRAP_SAME_SOURCE_SEQUENCE
ASRT-MIZ-02840,CBBG-0002840,missouri,MIZMOD-0133,modern_season_table,2020-2021,2020-12-12,Illinois,illinois,Illinois,81,78,W,0,,Missouri Home,Mizzou Arena,Mizzou Arena,Columbia,MO,Braggin' Rights,,REGULAR_SEASON,,,,normalized,,MATCHED,BOOTSTRAP_SAME_SOURCE_SEQUENCE
ASRT-MIZ-02841,CBBG-0002841,missouri,MIZMOD-0134,modern_season_table,2020-2021,2020-12-22,Bradley,bradley,Bradley,54,53,W,0,,Missouri Home,Mizzou Arena,Mizzou Arena,Columbia,MO,,,REGULAR_SEASON,,,,normalized,,MATCHED,BOOTSTRAP_SAME_SOURCE_SEQUENCE
ASRT-MIZ-02842,CBBG-0002842,missouri,MIZMOD-0135,modern_season_table,2020-2021,2020-12-30,Tennessee,tennessee,Tennessee,53,73,L,0,,Missouri Home,Mizzou Arena,Mizzou Arena,Columbia,MO,,,REGULAR_SEASON,,,,normalized,,MATCHED,BOOTSTRAP_SAME_SOURCE_SEQUENCE
ASRT-MIZ-02843,CBBG-0002843,missouri,MIZMOD-0136,modern_season_table,2020-2021,2021-01-02,Arkansas,arkansas,Arkansas,81,68,W,0,,Opponent Home,Bud Walton Arena,Bud Walton Arena,Fayetteville,AR,,,REGULAR_SEASON,,,,normalized,,MATCHED,BOOTSTRAP_SAME_SOURCE_SEQUENCE
ASRT-MIZ-02844,CBBG-0002844,missouri,MIZMOD-0137,modern_season_table,2020-2021,2021-01-05,Mississippi State,mississippi-state,Mississippi State,63,78,L,0,,Opponent Home,Humphrey Coliseum,Humphrey Coliseum,Starkville,MS,,,REGULAR_SEASON,,,,normalized,,MATCHED,BOOTSTRAP_SAME_SOURCE_SEQUENCE
ASRT-MIZ-02845,CBBG-0002845,missouri,MIZMOD-0138,modern_season_table,2020-2021,2021-01-16,Texas A&M,texas-a-m,Texas A&M,68,52,W,0,,Opponent Home,Reed Arena,Reed Arena,College Station,TX,,,REGULAR_SEASON,,,,normalized,,MATCHED,BOOTSTRAP_SAME_SOURCE_SEQUENCE
ASRT-MIZ-02846,CBBG-0002846,missouri,MIZMOD-0139,modern_season_table,2020-2021,2021-01-19,South Carolina,south-carolina,South Carolina,81,70,W,0,,Missouri Home,Mizzou Arena,Mizzou Arena,Columbia,MO,,,REGULAR_SEASON,,,,normalized,,MATCHED,BOOTSTRAP_SAME_SOURCE_SEQUENCE
ASRT-MIZ-02847,CBBG-0002847,missouri,MIZMOD-0140,modern_season_table,2020-2021,2021-01-23,Tennessee,tennessee,Tennessee,73,64,W,0,,Opponent Home,Thompson-Boling Arena,Thompson-Boling Arena,Knoxville,TN,,,REGULAR_SEASON,,,,normalized,,MATCHED,BOOTSTRAP_SAME_SOURCE_SEQUENCE
ASRT-MIZ-02848,CBBG-0002848,missouri,MIZMOD-0141,modern_season_table,2020-2021,2021-01-26,Auburn,auburn,Auburn,82,88,L,0,,Opponent Home,Auburn Arena,Auburn Arena,Auburn,AL,,,REGULAR_SEASON,,,,normalized,,MATCHED,BOOTSTRAP_SAME_SOURCE_SEQUENCE
ASRT-MIZ-02849,CBBG-0002849,missouri,MIZMOD-0142,modern_season_table,2020-2021,2021-01-30,TCU,tcu,TCU,102,98,W,1,,Missouri Home,Mizzou Arena,Mizzou Arena,Columbia,MO,Big 12/SEC Challenge,,REGULAR_SEASON,,,,normalized,,MATCHED,BOOTSTRAP_SAME_SOURCE_SEQUENCE
ASRT-MIZ-02850,CBBG-0002850,missouri,MIZMOD-0143,modern_season_table,2020-2021,2021-02-03,Kentucky,kentucky,Kentucky,75,70,W,0,,Missouri Home,Mizzou Arena,Mizzou Arena,Columbia,MO,,,REGULAR_SEASON,,,,normalized,,MATCHED,BOOTSTRAP_SAME_SOURCE_SEQUENCE
ASRT-MIZ-02851,CBBG-0002851,missouri,MIZMOD-0144,modern_season_table,2020-2021,2021-02-06,Alabama,alabama,Alabama,68,65,W,0,,Missouri Home,Mizzou Arena,Mizzou Arena,Columbia,MO,,,REGULAR_SEASON,,,,normalized,,MATCHED,BOOTSTRAP_SAME_SOURCE_SEQUENCE
ASRT-MIZ-02852,CBBG-0002852,missouri,MIZMOD-0145,modern_season_table,2020-2021,2021-02-10,Ole Miss,ole-miss,Ole Miss,59,80,L,0,,Opponent Home,The Pavilion at Ole Miss,The Pavilion at Ole Miss,Oxford,MS,,,REGULAR_SEASON,,,,normalized,,MATCHED,BOOTSTRAP_SAME_SOURCE_SEQUENCE
ASRT-MIZ-02853,CBBG-0002853,missouri,MIZMOD-0146,modern_season_table,2020-2021,2021-02-13,Arkansas,arkansas,Arkansas,81,86,L,1,,Missouri Home,Mizzou Arena,Mizzou Arena,Columbia,MO,,,REGULAR_SEASON,,,,normalized,,MATCHED,BOOTSTRAP_SAME_SOURCE_SEQUENCE
ASRT-MIZ-02854,CBBG-0002854,missouri,MIZMOD-0147,modern_season_table,2020-2021,2021-02-16,Georgia,georgia,Georgia,70,80,L,0,,Opponent Home,Stegeman Coliseum,Stegeman Coliseum,Athens,GA,,,REGULAR_SEASON,,,,normalized,,MATCHED,BOOTSTRAP_SAME_SOURCE_SEQUENCE
ASRT-MIZ-02855,CBBG-0002855,missouri,MIZMOD-0148,modern_season_table,2020-2021,2021-02-20,South Carolina,south-carolina,South Carolina,93,78,W,0,,Opponent Home,Colonial Life Arena,Colonial Life Arena,Columbia,SC,,,REGULAR_SEASON,,,,normalized,,MATCHED,BOOTSTRAP_SAME_SOURCE_SEQUENCE
ASRT-MIZ-02856,CBBG-0002856,missouri,MIZMOD-0149,modern_season_table,2020-2021,2021-02-23,Ole Miss,ole-miss,Ole Miss,53,60,L,0,,Missouri Home,Mizzou Arena,Mizzou Arena,Columbia,MO,,,REGULAR_SEASON,,,,normalized,,MATCHED,BOOTSTRAP_SAME_SOURCE_SEQUENCE
ASRT-MIZ-02857,CBBG-0002857,missouri,MIZMOD-0150,modern_season_table,2020-2021,2021-03-03,Florida,florida,Florida,72,70,W,0,,Opponent Home,O'Connell Center,O'Connell Center,Gainesville,FL,,,REGULAR_SEASON,,,,normalized,,MATCHED,BOOTSTRAP_SAME_SOURCE_SEQUENCE
ASRT-MIZ-02858,CBBG-0002858,missouri,MIZMOD-0151,modern_season_table,2020-2021,2021-03-06,LSU,lsu,LSU,80,86,L,0,,Missouri Home,Mizzou Arena,Mizzou Arena,Columbia,MO,,,REGULAR_SEASON,,,,normalized,,MATCHED,BOOTSTRAP_SAME_SOURCE_SEQUENCE
ASRT-MIZ-02859,CBBG-0002859,missouri,MIZMOD-0152,modern_season_table,2020-2021,2021-03-11,Georgia,georgia,Georgia,73,70,W,0,,Neutral,Bridgestone Arena,Bridgestone Arena,Nashville,TN,SEC Tournament,Second round,CONFERENCE_TOURNAMENT,,,,normalized,,MATCHED,BOOTSTRAP_SAME_SOURCE_SEQUENCE
ASRT-MIZ-02860,CBBG-0002860,missouri,MIZMOD-0153,modern_season_table,2020-2021,2021-03-12,Arkansas,arkansas,Arkansas,64,70,L,0,,Neutral,Bridgestone Arena,Bridgestone Arena,Nashville,TN,SEC Tournament,Quarterfinals,CONFERENCE_TOURNAMENT,,,,normalized,,MATCHED,BOOTSTRAP_SAME_SOURCE_SEQUENCE
ASRT-MIZ-02861,CBBG-0002861,missouri,MIZMOD-0154,modern_season_table,2020-2021,2021-03-20,Oklahoma,oklahoma,Oklahoma,68,72,L,0,,Neutral,Lucas Oil Stadium,Lucas Oil Stadium,Indianapolis,IN,NCAA Tournament,First Round,NCAA_TOURNAMENT,R64,,,normalized,,MATCHED,BOOTSTRAP_SAME_SOURCE_SEQUENCE
ASRT-MIZ-02862,CBBG-0002862,missouri,MIZMOD-0155,modern_season_table,2021-2022,2021-11-09,Central Michigan,central-michigan,Central Michigan,78,68,W,0,,Missouri Home,Mizzou Arena,Mizzou Arena,Columbia,MO,,,REGULAR_SEASON,,,,normalized,,MATCHED,BOOTSTRAP_SAME_SOURCE_SEQUENCE
ASRT-MIZ-02863,CBBG-0002863,missouri,MIZMOD-0156,modern_season_table,2021-2022,2021-11-15,Kansas City,kansas-city,Kansas City,66,80,L,0,,Missouri Home,Mizzou Arena,Mizzou Arena,Columbia,MO,,,REGULAR_SEASON,,,,normalized,,MATCHED,BOOTSTRAP_SAME_SOURCE_SEQUENCE
ASRT-MIZ-02864,CBBG-0002864,missouri,MIZMOD-0157,modern_season_table,2021-2022,2021-11-18,Northern Illinois,northern-illinois,Northern Illinois,54,37,W,0,,Missouri Home,Mizzou Arena,Mizzou Arena,Columbia,MO,Jacksonville Classic,Campus game,REGULAR_SEASON,,,,normalized,,MATCHED,BOOTSTRAP_SAME_SOURCE_SEQUENCE
ASRT-MIZ-02865,CBBG-0002865,missouri,MIZMOD-0158,modern_season_table,2021-2022,2021-11-21,SMU,smu,SMU,80,75,W,1,,Neutral,UNF Arena,UNF Arena,Jacksonville,FL,Jacksonville Classic,Duval semifinal,REGULAR_SEASON,,,,normalized,,MATCHED,BOOTSTRAP_SAME_SOURCE_SEQUENCE
ASRT-MIZ-02866,CBBG-0002866,missouri,MIZMOD-0159,modern_season_table,2021-2022,2021-11-22,Florida State,florida-state,Florida State,58,81,L,0,,Neutral,UNF Arena,UNF Arena,Jacksonville,FL,Jacksonville Classic,Duval championship,REGULAR_SEASON,,,,normalized,,MATCHED,BOOTSTRAP_SAME_SOURCE_SEQUENCE
ASRT-MIZ-02867,CBBG-0002867,missouri,MIZMOD-0160,modern_season_table,2021-2022,2021-11-26,Wichita State,wichita-state,Wichita State,55,61,L,0,,Missouri Home,Mizzou Arena,Mizzou Arena,Columbia,MO,,,REGULAR_SEASON,,,,normalized,,MATCHED,BOOTSTRAP_SAME_SOURCE_SEQUENCE
ASRT-MIZ-02868,CBBG-0002868,missouri,MIZMOD-0161,modern_season_table,2021-2022,2021-11-29,Paul Quinn College,paul-quinn-college,Paul Quinn College,91,59,W,0,,Missouri Home,Mizzou Arena,Mizzou Arena,Columbia,MO,,,REGULAR_SEASON,,,,normalized,,MATCHED,BOOTSTRAP_SAME_SOURCE_SEQUENCE
ASRT-MIZ-02869,CBBG-0002869,missouri,MIZMOD-0162,modern_season_table,2021-2022,2021-12-02,Liberty,liberty,Liberty,45,66,L,0,,Opponent Home,Liberty Arena,Liberty Arena,Lynchburg,VA,,,REGULAR_SEASON,,,,normalized,,MATCHED,BOOTSTRAP_SAME_SOURCE_SEQUENCE
ASRT-MIZ-02870,CBBG-0002870,missouri,MIZMOD-0163,modern_season_table,2021-2022,2021-12-07,Eastern Illinois,eastern-illinois,Eastern Illinois,72,44,W,0,,Missouri Home,Mizzou Arena,Mizzou Arena,Columbia,MO,,,REGULAR_SEASON,,,,normalized,,MATCHED,BOOTSTRAP_SAME_SOURCE_SEQUENCE
ASRT-MIZ-02871,CBBG-0002871,missouri,MIZMOD-0164,modern_season_table,2021-2022,2021-12-11,Kansas,kansas,Kansas,65,102,L,0,,Opponent Home,Allen Fieldhouse,Allen Fieldhouse,Lawrence,KS,Border War,,REGULAR_SEASON,,,,normalized,,MATCHED,BOOTSTRAP_SAME_SOURCE_SEQUENCE
ASRT-MIZ-02872,CBBG-0002872,missouri,MIZMOD-0165,modern_season_table,2021-2022,2021-12-18,Utah,utah,Utah,83,75,W,0,,Missouri Home,Mizzou Arena,Mizzou Arena,Columbia,MO,,,REGULAR_SEASON,,,,normalized,,MATCHED,BOOTSTRAP_SAME_SOURCE_SEQUENCE
ASRT-MIZ-02873,CBBG-0002873,missouri,MIZMOD-0166,modern_season_table,2021-2022,2021-12-22,Illinois,illinois,Illinois,63,88,L,0,,Neutral,Enterprise Center,Enterprise Center,St. Louis,MO,Braggin' Rights,,REGULAR_SEASON,,,,normalized,,MATCHED,BOOTSTRAP_SAME_SOURCE_SEQUENCE
ASRT-MIZ-02874,CBBG-0002874,missouri,MIZMOD-0167,modern_season_table,2021-2022,2021-12-29,Kentucky,kentucky,Kentucky,56,83,L,0,,Opponent Home,Rupp Arena,Rupp Arena,Lexington,KY,,,REGULAR_SEASON,,,,normalized,,MATCHED,BOOTSTRAP_SAME_SOURCE_SEQUENCE
ASRT-MIZ-02875,CBBG-0002875,missouri,MIZMOD-0168,modern_season_table,2021-2022,2022-01-08,Alabama,alabama,Alabama,92,86,W,0,,Missouri Home,Mizzou Arena,Mizzou Arena,Columbia,MO,,,REGULAR_SEASON,,,,normalized,,MATCHED,BOOTSTRAP_SAME_SOURCE_SEQUENCE
ASRT-MIZ-02876,CBBG-0002876,missouri,MIZMOD-0169,modern_season_table,2021-2022,2022-01-12,Arkansas,arkansas,Arkansas,43,87,L,0,,Opponent Home,Bud Walton Arena,Bud Walton Arena,Fayetteville,AR,,,REGULAR_SEASON,,,,normalized,,MATCHED,BOOTSTRAP_SAME_SOURCE_SEQUENCE
ASRT-MIZ-02877,CBBG-0002877,missouri,MIZMOD-0170,modern_season_table,2021-2022,2022-01-15,Texas A&M,texas-a-m,Texas A&M,64,67,L,0,,Missouri Home,Mizzou Arena,Mizzou Arena,Columbia,MO,,,REGULAR_SEASON,,,,normalized,,MATCHED,BOOTSTRAP_SAME_SOURCE_SEQUENCE
ASRT-MIZ-02878,CBBG-0002878,missouri,MIZMOD-0171,modern_season_table,2021-2022,2022-01-18,Ole Miss,ole-miss,Ole Miss,78,53,W,0,,Opponent Home,SJB Pavilion,The Pavilion at Ole Miss,Oxford,MS,,,REGULAR_SEASON,,,,normalized,,MATCHED,BOOTSTRAP_SAME_SOURCE_SEQUENCE
ASRT-MIZ-02879,CBBG-0002879,missouri,MIZMOD-0172,modern_season_table,2021-2022,2022-01-22,Alabama,alabama,Alabama,76,86,L,0,,Opponent Home,Coleman Coliseum,Coleman Coliseum,Tuscaloosa,AL,,,REGULAR_SEASON,,,,normalized,,MATCHED,BOOTSTRAP_SAME_SOURCE_SEQUENCE
ASRT-MIZ-02880,CBBG-0002880,missouri,MIZMOD-0173,modern_season_table,2021-2022,2022-01-25,Auburn,auburn,Auburn,54,55,L,0,,Missouri Home,Mizzou Arena,Mizzou Arena,Columbia,MO,,,REGULAR_SEASON,,,,normalized,,MATCHED,BOOTSTRAP_SAME_SOURCE_SEQUENCE
ASRT-MIZ-02881,CBBG-0002881,missouri,MIZMOD-0174,modern_season_table,2021-2022,2022-01-29,Iowa State,iowa-state,Iowa State,50,67,L,0,,Opponent Home,Hilton Coliseum,Hilton Coliseum,Ames,IA,Big 12/SEC Challenge,,REGULAR_SEASON,,,,normalized,,MATCHED,BOOTSTRAP_SAME_SOURCE_SEQUENCE
ASRT-MIZ-02882,CBBG-0002882,missouri,MIZMOD-0175,modern_season_table,2021-2022,2022-02-02,Florida,florida,Florida,65,66,L,0,,Missouri Home,Mizzou Arena,Mizzou Arena,Columbia,MO,,,REGULAR_SEASON,,,,normalized,,MATCHED,BOOTSTRAP_SAME_SOURCE_SEQUENCE
ASRT-MIZ-02883,CBBG-0002883,missouri,MIZMOD-0176,modern_season_table,2021-2022,2022-02-05,Texas A&M,texas-a-m,Texas A&M,70,66,W,0,,Opponent Home,Reed Arena,Reed Arena,College Station,TX,,,REGULAR_SEASON,,,,normalized,,MATCHED,BOOTSTRAP_SAME_SOURCE_SEQUENCE
ASRT-MIZ-02884,CBBG-0002884,missouri,MIZMOD-0177,modern_season_table,2021-2022,2022-02-08,Vanderbilt,vanderbilt,Vanderbilt,62,70,L,0,,Opponent Home,Memorial Gymnasium,Memorial Gymnasium,Nashville,TN,,,REGULAR_SEASON,,,,normalized,,MATCHED,BOOTSTRAP_SAME_SOURCE_SEQUENCE
ASRT-MIZ-02885,CBBG-0002885,missouri,MIZMOD-0178,modern_season_table,2021-2022,2022-02-12,Ole Miss,ole-miss,Ole Miss,74,68,W,0,,Missouri Home,Mizzou Arena,Mizzou Arena,Columbia,MO,,,REGULAR_SEASON,,,,normalized,,MATCHED,BOOTSTRAP_SAME_SOURCE_SEQUENCE
ASRT-MIZ-02886,CBBG-0002886,missouri,MIZMOD-0179,modern_season_table,2021-2022,2022-02-15,Arkansas,arkansas,Arkansas,57,76,L,0,,Missouri Home,Mizzou Arena,Mizzou Arena,Columbia,MO,,,REGULAR_SEASON,,,,normalized,,MATCHED,BOOTSTRAP_SAME_SOURCE_SEQUENCE
ASRT-MIZ-02887,CBBG-0002887,missouri,MIZMOD-0180,modern_season_table,2021-2022,2022-02-18,Mississippi State,mississippi-state,Mississippi State,49,68,L,0,,Opponent Home,Humphrey Coliseum,Humphrey Coliseum,Starkville,MS,,,REGULAR_SEASON,,,,normalized,,MATCHED,BOOTSTRAP_SAME_SOURCE_SEQUENCE
ASRT-MIZ-02888,CBBG-0002888,missouri,MIZMOD-0181,modern_season_table,2021-2022,2022-02-20,Mississippi State,mississippi-state,Mississippi State,56,58,L,0,,Missouri Home,Mizzou Arena,Mizzou Arena,Columbia,MO,,,REGULAR_SEASON,,,,normalized,Rescheduled from Jan. 5.,MATCHED,BOOTSTRAP_SAME_SOURCE_SEQUENCE
ASRT-MIZ-02889,CBBG-0002889,missouri,MIZMOD-0182,modern_season_table,2021-2022,2022-02-22,Tennessee,tennessee,Tennessee,61,80,L,0,,Missouri Home,Mizzou Arena,Mizzou Arena,Columbia,MO,,,REGULAR_SEASON,,,,normalized,,MATCHED,BOOTSTRAP_SAME_SOURCE_SEQUENCE
ASRT-MIZ-02890,CBBG-0002890,missouri,MIZMOD-0183,modern_season_table,2021-2022,2022-02-26,LSU,lsu,LSU,55,75,L,0,,Opponent Home,Pete Maravich Assembly Center,Pete Maravich Assembly Center,Baton Rouge,LA,,,REGULAR_SEASON,,,,normalized,,MATCHED,BOOTSTRAP_SAME_SOURCE_SEQUENCE
ASRT-MIZ-02891,CBBG-0002891,missouri,MIZMOD-0184,modern_season_table,2021-2022,2022-03-01,South Carolina,south-carolina,South Carolina,69,73,L,0,,Opponent Home,Colonial Life Arena,Colonial Life Arena,Columbia,SC,,,REGULAR_SEASON,,,,normalized,,MATCHED,BOOTSTRAP_SAME_SOURCE_SEQUENCE
ASRT-MIZ-02892,CBBG-0002892,missouri,MIZMOD-0185,modern_season_table,2021-2022,2022-03-05,Georgia,georgia,Georgia,79,69,W,0,,Missouri Home,Mizzou Arena,Mizzou Arena,Columbia,MO,,,REGULAR_SEASON,,,,normalized,,MATCHED,BOOTSTRAP_SAME_SOURCE_SEQUENCE
ASRT-MIZ-02893,CBBG-0002893,missouri,MIZMOD-0186,modern_season_table,2021-2022,2022-03-09,Ole Miss,ole-miss,Ole Miss,72,60,W,0,,Neutral,Amalie Arena,Amalie Arena,Tampa,FL,SEC Tournament,First round,CONFERENCE_TOURNAMENT,,,,normalized,,MATCHED,BOOTSTRAP_SAME_SOURCE_SEQUENCE
ASRT-MIZ-02894,CBBG-0002894,missouri,MIZMOD-0187,modern_season_table,2021-2022,2022-03-10,LSU,lsu,LSU,68,76,L,0,,Neutral,Amalie Arena,Amalie Arena,Tampa,FL,SEC Tournament,Second round,CONFERENCE_TOURNAMENT,,,,normalized,,MATCHED,BOOTSTRAP_SAME_SOURCE_SEQUENCE
ASRT-MIZ-02895,CBBG-0002895,missouri,MIZMOD-0188,modern_season_table,2022-2023,2022-11-07,Southern Indiana,southern-indiana,Southern Indiana,97,91,W,0,,Missouri Home,Mizzou Arena,Mizzou Arena,Columbia,MO,,,REGULAR_SEASON,,,,normalized,,MATCHED,BOOTSTRAP_SAME_SOURCE_SEQUENCE
ASRT-MIZ-02896,CBBG-0002896,missouri,MIZMOD-0189,modern_season_table,2022-2023,2022-11-11,Penn,pennsylvania,Penn,92,85,W,0,,Missouri Home,Mizzou Arena,Mizzou Arena,Columbia,MO,,,REGULAR_SEASON,,,,normalized,,MATCHED,BOOTSTRAP_SAME_SOURCE_SEQUENCE
ASRT-MIZ-02897,CBBG-0002897,missouri,MIZMOD-0190,modern_season_table,2022-2023,2022-11-13,Lindenwood,lindenwood,Lindenwood,82,53,W,0,,Missouri Home,Mizzou Arena,Mizzou Arena,Columbia,MO,,,REGULAR_SEASON,,,,normalized,,MATCHED,BOOTSTRAP_SAME_SOURCE_SEQUENCE
ASRT-MIZ-02898,CBBG-0002898,missouri,MIZMOD-0191,modern_season_table,2022-2023,2022-11-15,SIU Edwardsville,siu-edwardsville,SIU Edwardsville,105,80,W,0,,Missouri Home,Mizzou Arena,Mizzou Arena,Columbia,MO,,,REGULAR_SEASON,,,,normalized,,MATCHED,BOOTSTRAP_SAME_SOURCE_SEQUENCE
ASRT-MIZ-02899,CBBG-0002899,missouri,MIZMOD-0192,modern_season_table,2022-2023,2022-11-20,Mississippi Valley State,mississippi-valley-state,Mississippi Valley State,83,62,W,0,,Missouri Home,Mizzou Arena,Mizzou Arena,Columbia,MO,Collegiate Hoops Roadshow,,REGULAR_SEASON,,,,normalized,,MATCHED,BOOTSTRAP_SAME_SOURCE_SEQUENCE
ASRT-MIZ-02900,CBBG-0002900,missouri,MIZMOD-0193,modern_season_table,2022-2023,2022-11-23,Coastal Carolina,coastal-carolina,Coastal Carolina,89,51,W,0,,Missouri Home,Mizzou Arena,Mizzou Arena,Columbia,MO,Collegiate Hoops Roadshow,,REGULAR_SEASON,,,,normalized,,MATCHED,BOOTSTRAP_SAME_SOURCE_SEQUENCE
ASRT-MIZ-02901,CBBG-0002901,missouri,MIZMOD-0194,modern_season_table,2022-2023,2022-11-26,Houston Christian,houston-christian,Houston Christian,105,69,W,0,,Missouri Home,Mizzou Arena,Mizzou Arena,Columbia,MO,,,REGULAR_SEASON,,,,normalized,,MATCHED,BOOTSTRAP_SAME_SOURCE_SEQUENCE
ASRT-MIZ-02902,CBBG-0002902,missouri,MIZMOD-0195,modern_season_table,2022-2023,2022-11-29,Wichita State,wichita-state,Wichita State,88,84,W,1,,Opponent Home,Charles Koch Arena,Charles Koch Arena,Wichita,KS,,,REGULAR_SEASON,,,,normalized,,MATCHED,BOOTSTRAP_SAME_SOURCE_SEQUENCE
ASRT-MIZ-02903,CBBG-0002903,missouri,MIZMOD-0196,modern_season_table,2022-2023,2022-12-04,Southeast Missouri State,southeast-missouri-state,Southeast Missouri State,96,89,W,0,,Missouri Home,Mizzou Arena,Mizzou Arena,Columbia,MO,,,REGULAR_SEASON,,,,normalized,,MATCHED,BOOTSTRAP_SAME_SOURCE_SEQUENCE
ASRT-MIZ-02904,CBBG-0002904,missouri,MIZMOD-0197,modern_season_table,2022-2023,2022-12-10,Kansas,kansas,Kansas,67,95,L,0,,Missouri Home,Mizzou Arena,Mizzou Arena,Columbia,MO,Border War,,REGULAR_SEASON,,,,normalized,,MATCHED,BOOTSTRAP_SAME_SOURCE_SEQUENCE
ASRT-MIZ-02905,CBBG-0002905,missouri,MIZMOD-0198,modern_season_table,2022-2023,2022-12-17,UCF,ucf,UCF,68,66,W,0,,Neutral,FLA Live Arena,Amerant Bank Arena,Sunrise,FL,Orange Bowl Basketball Classic,,REGULAR_SEASON,,,,normalized,,MATCHED,BOOTSTRAP_SAME_SOURCE_SEQUENCE
ASRT-MIZ-02906,CBBG-0002906,missouri,MIZMOD-0199,modern_season_table,2022-2023,2022-12-22,Illinois,illinois,Illinois,93,71,W,0,,Neutral,Enterprise Center,Enterprise Center,St. Louis,MO,Braggin' Rights,,REGULAR_SEASON,,,,normalized,,MATCHED,BOOTSTRAP_SAME_SOURCE_SEQUENCE
ASRT-MIZ-02907,CBBG-0002907,missouri,MIZMOD-0200,modern_season_table,2022-2023,2022-12-28,Kentucky,kentucky,Kentucky,89,75,W,0,,Missouri Home,Mizzou Arena,Mizzou Arena,Columbia,MO,,,REGULAR_SEASON,,,,normalized,,MATCHED,BOOTSTRAP_SAME_SOURCE_SEQUENCE
ASRT-MIZ-02908,CBBG-0002908,missouri,MIZMOD-0201,modern_season_table,2022-2023,2023-01-04,Arkansas,arkansas,Arkansas,68,74,L,0,,Opponent Home,Bud Walton Arena,Bud Walton Arena,Fayetteville,AR,Battle Line,,REGULAR_SEASON,,,,normalized,,MATCHED,BOOTSTRAP_SAME_SOURCE_SEQUENCE
ASRT-MIZ-02909,CBBG-0002909,missouri,MIZMOD-0202,modern_season_table,2022-2023,2023-01-07,Vanderbilt,vanderbilt,Vanderbilt,85,83,W,0,,Missouri Home,Mizzou Arena,Mizzou Arena,Columbia,MO,,,REGULAR_SEASON,,,,normalized,,MATCHED,BOOTSTRAP_SAME_SOURCE_SEQUENCE
ASRT-MIZ-02910,CBBG-0002910,missouri,MIZMOD-0203,modern_season_table,2022-2023,2023-01-11,Texas A&M,texas-a-m,Texas A&M,64,82,L,0,,Opponent Home,Reed Arena,Reed Arena,College Station,TX,,,REGULAR_SEASON,,,,normalized,,MATCHED,BOOTSTRAP_SAME_SOURCE_SEQUENCE
ASRT-MIZ-02911,CBBG-0002911,missouri,MIZMOD-0204,modern_season_table,2022-2023,2023-01-14,Florida,florida,Florida,64,73,L,0,,Opponent Home,O'Connell Center,O'Connell Center,Gainesville,FL,,,REGULAR_SEASON,,,,normalized,,MATCHED,BOOTSTRAP_SAME_SOURCE_SEQUENCE
ASRT-MIZ-02912,CBBG-0002912,missouri,MIZMOD-0205,modern_season_table,2022-2023,2023-01-18,Arkansas,arkansas,Arkansas,79,76,W,0,,Missouri Home,Mizzou Arena,Mizzou Arena,Columbia,MO,Battle Line,,REGULAR_SEASON,,,,normalized,,MATCHED,BOOTSTRAP_SAME_SOURCE_SEQUENCE
ASRT-MIZ-02913,CBBG-0002913,missouri,MIZMOD-0206,modern_season_table,2022-2023,2023-01-21,Alabama,alabama,Alabama,64,85,L,0,,Missouri Home,Mizzou Arena,Mizzou Arena,Columbia,MO,,,REGULAR_SEASON,,,,normalized,,MATCHED,BOOTSTRAP_SAME_SOURCE_SEQUENCE
ASRT-MIZ-02914,CBBG-0002914,missouri,MIZMOD-0207,modern_season_table,2022-2023,2023-01-24,Ole Miss,ole-miss,Ole Miss,89,77,W,0,,Opponent Home,SJB Pavilion,The Pavilion at Ole Miss,Oxford,MS,,,REGULAR_SEASON,,,,normalized,,MATCHED,BOOTSTRAP_SAME_SOURCE_SEQUENCE
ASRT-MIZ-02915,CBBG-0002915,missouri,MIZMOD-0208,modern_season_table,2022-2023,2023-01-28,Iowa State,iowa-state,Iowa State,78,61,W,0,,Missouri Home,Mizzou Arena,Mizzou Arena,Columbia,MO,Big 12/SEC Challenge,,REGULAR_SEASON,,,,normalized,,MATCHED,BOOTSTRAP_SAME_SOURCE_SEQUENCE
ASRT-MIZ-02916,CBBG-0002916,missouri,MIZMOD-0209,modern_season_table,2022-2023,2023-02-01,LSU,lsu,LSU,87,77,W,0,,Missouri Home,Mizzou Arena,Mizzou Arena,Columbia,MO,,,REGULAR_SEASON,,,,normalized,,MATCHED,BOOTSTRAP_SAME_SOURCE_SEQUENCE
ASRT-MIZ-02917,CBBG-0002917,missouri,MIZMOD-0210,modern_season_table,2022-2023,2023-02-04,Mississippi State,mississippi-state,Mississippi State,52,63,L,0,,Opponent Home,Humphrey Coliseum,Humphrey Coliseum,Starkville,MS,,,REGULAR_SEASON,,,,normalized,,MATCHED,BOOTSTRAP_SAME_SOURCE_SEQUENCE
ASRT-MIZ-02918,CBBG-0002918,missouri,MIZMOD-0211,modern_season_table,2022-2023,2023-02-07,South Carolina,south-carolina,South Carolina,83,74,W,0,,Missouri Home,Mizzou Arena,Mizzou Arena,Columbia,MO,,,REGULAR_SEASON,,,,normalized,,MATCHED,BOOTSTRAP_SAME_SOURCE_SEQUENCE
ASRT-MIZ-02919,CBBG-0002919,missouri,MIZMOD-0212,modern_season_table,2022-2023,2023-02-11,Tennessee,tennessee,Tennessee,86,85,W,0,,Opponent Home,Thompson–Boling Arena,Thompson–Boling Arena,Knoxville,TN,,,REGULAR_SEASON,,,,normalized,,MATCHED,BOOTSTRAP_SAME_SOURCE_SEQUENCE
ASRT-MIZ-02920,CBBG-0002920,missouri,MIZMOD-0213,modern_season_table,2022-2023,2023-02-14,Auburn,auburn,Auburn,56,89,L,0,,Opponent Home,Neville Arena,Neville Arena,Auburn,AL,,,REGULAR_SEASON,,,,normalized,,MATCHED,BOOTSTRAP_SAME_SOURCE_SEQUENCE
ASRT-MIZ-02921,CBBG-0002921,missouri,MIZMOD-0214,modern_season_table,2022-2023,2023-02-18,Texas A&M,texas-a-m,Texas A&M,60,69,L,0,,Missouri Home,Mizzou Arena,Mizzou Arena,Columbia,MO,,,REGULAR_SEASON,,,,normalized,,MATCHED,BOOTSTRAP_SAME_SOURCE_SEQUENCE
ASRT-MIZ-02922,CBBG-0002922,missouri,MIZMOD-0215,modern_season_table,2022-2023,2023-02-21,Mississippi State,mississippi-state,Mississippi State,66,64,W,1,,Missouri Home,Mizzou Arena,Mizzou Arena,Columbia,MO,,,REGULAR_SEASON,,,,normalized,,MATCHED,BOOTSTRAP_SAME_SOURCE_SEQUENCE
ASRT-MIZ-02923,CBBG-0002923,missouri,MIZMOD-0216,modern_season_table,2022-2023,2023-02-25,Georgia,georgia,Georgia,85,63,W,0,,Opponent Home,Stegeman Coliseum,Stegeman Coliseum,Athens,GA,,,REGULAR_SEASON,,,,normalized,,MATCHED,BOOTSTRAP_SAME_SOURCE_SEQUENCE
ASRT-MIZ-02924,CBBG-0002924,missouri,MIZMOD-0217,modern_season_table,2022-2023,2023-03-01,LSU,lsu,LSU,81,76,W,0,,Opponent Home,Pete Maravich Assembly Center,Pete Maravich Assembly Center,Baton Rouge,LA,,,REGULAR_SEASON,,,,normalized,,MATCHED,BOOTSTRAP_SAME_SOURCE_SEQUENCE
ASRT-MIZ-02925,CBBG-0002925,missouri,MIZMOD-0218,modern_season_table,2022-2023,2023-03-04,Ole Miss,ole-miss,Ole Miss,82,77,W,0,,Missouri Home,Mizzou Arena,Mizzou Arena,Columbia,MO,,,REGULAR_SEASON,,,,normalized,Senior Day.,MATCHED,BOOTSTRAP_SAME_SOURCE_SEQUENCE
ASRT-MIZ-02926,CBBG-0002926,missouri,MIZMOD-0219,modern_season_table,2022-2023,2023-03-10,Tennessee,tennessee,Tennessee,79,71,W,0,,Neutral,Bridgestone Arena,Bridgestone Arena,Nashville,TN,SEC Tournament,Quarterfinals,CONFERENCE_TOURNAMENT,,,,normalized,,MATCHED,BOOTSTRAP_SAME_SOURCE_SEQUENCE
ASRT-MIZ-02927,CBBG-0002927,missouri,MIZMOD-0220,modern_season_table,2022-2023,2023-03-11,Alabama,alabama,Alabama,61,72,L,0,,Neutral,Bridgestone Arena,Bridgestone Arena,Nashville,TN,SEC Tournament,Semifinals,CONFERENCE_TOURNAMENT,,,,normalized,,MATCHED,BOOTSTRAP_SAME_SOURCE_SEQUENCE
ASRT-MIZ-02928,CBBG-0002928,missouri,MIZMOD-0221,modern_season_table,2022-2023,2023-03-16,Utah State,utah-state,Utah State,76,65,W,0,,Neutral,Golden 1 Center,Golden 1 Center,Sacramento,CA,NCAA Tournament,First Round,NCAA_TOURNAMENT,R64,,,normalized,,MATCHED,BOOTSTRAP_SAME_SOURCE_SEQUENCE
ASRT-MIZ-02929,CBBG-0002929,missouri,MIZMOD-0222,modern_season_table,2022-2023,2023-03-18,Princeton,princeton,Princeton,63,78,L,0,,Neutral,Golden 1 Center,Golden 1 Center,Sacramento,CA,NCAA Tournament,Second Round,NCAA_TOURNAMENT,R32,,,normalized,,MATCHED,BOOTSTRAP_SAME_SOURCE_SEQUENCE
ASRT-MIZ-02930,CBBG-0002930,missouri,MIZMOD-0223,modern_season_table,2023-2024,2023-11-06,Arkansas–Pine Bluff,arkansas-pine-bluff,UAPB,101,79,W,0,,Missouri Home,Mizzou Arena,Mizzou Arena,Columbia,MO,,,REGULAR_SEASON,,,,normalized,,MATCHED,BOOTSTRAP_SAME_SOURCE_SEQUENCE
ASRT-MIZ-02931,CBBG-0002931,missouri,MIZMOD-0224,modern_season_table,2023-2024,2023-11-10,Memphis,memphis,Memphis,55,70,L,0,,Missouri Home,Mizzou Arena,Mizzou Arena,Columbia,MO,,,REGULAR_SEASON,,,,normalized,,MATCHED,BOOTSTRAP_SAME_SOURCE_SEQUENCE
ASRT-MIZ-02932,CBBG-0002932,missouri,MIZMOD-0225,modern_season_table,2023-2024,2023-11-13,SIU Edwardsville,siu-edwardsville,SIU Edwardsville,68,50,W,0,,Missouri Home,Mizzou Arena,Mizzou Arena,Columbia,MO,,,REGULAR_SEASON,,,,normalized,,MATCHED,BOOTSTRAP_SAME_SOURCE_SEQUENCE
ASRT-MIZ-02933,CBBG-0002933,missouri,MIZMOD-0226,modern_season_table,2023-2024,2023-11-16,Minnesota,minnesota,Minnesota,70,68,W,0,,Opponent Home,Williams Arena,Williams Arena,Minneapolis,MN,,,REGULAR_SEASON,,,,normalized,,MATCHED,BOOTSTRAP_SAME_SOURCE_SEQUENCE
ASRT-MIZ-02934,CBBG-0002934,missouri,MIZMOD-0227,modern_season_table,2023-2024,2023-11-19,Jackson State,jackson-state,Jackson State,72,73,L,0,,Missouri Home,Mizzou Arena,Mizzou Arena,Columbia,MO,Missouri/Tulsa Multi-Team Event,,REGULAR_SEASON,,,,normalized,,MATCHED,BOOTSTRAP_SAME_SOURCE_SEQUENCE
ASRT-MIZ-02935,CBBG-0002935,missouri,MIZMOD-0228,modern_season_table,2023-2024,2023-11-22,South Carolina State,south-carolina-state,South Carolina State,82,59,W,0,,Missouri Home,Mizzou Arena,Mizzou Arena,Columbia,MO,Missouri/Tulsa Multi-Team Event,,REGULAR_SEASON,,,,normalized,,MATCHED,BOOTSTRAP_SAME_SOURCE_SEQUENCE
ASRT-MIZ-02936,CBBG-0002936,missouri,MIZMOD-0229,modern_season_table,2023-2024,2023-11-25,Loyola (MD),loyola-maryland,Loyola Maryland,78,70,W,0,,Missouri Home,Mizzou Arena,Mizzou Arena,Columbia,MO,,,REGULAR_SEASON,,,,normalized,,MATCHED,BOOTSTRAP_SAME_SOURCE_SEQUENCE
ASRT-MIZ-02937,CBBG-0002937,missouri,MIZMOD-0230,modern_season_table,2023-2024,2023-11-28,Pittsburgh,pittsburgh,Pittsburgh,71,64,W,0,,Opponent Home,Petersen Events Center,Petersen Events Center,Pittsburgh,PA,ACC–SEC Challenge,,REGULAR_SEASON,,,,normalized,,MATCHED,BOOTSTRAP_SAME_SOURCE_SEQUENCE
ASRT-MIZ-02938,CBBG-0002938,missouri,MIZMOD-0231,modern_season_table,2023-2024,2023-12-03,Wichita State,wichita-state,Wichita State,82,72,W,0,,Missouri Home,Mizzou Arena,Mizzou Arena,Columbia,MO,,,REGULAR_SEASON,,,,normalized,,MATCHED,BOOTSTRAP_SAME_SOURCE_SEQUENCE
ASRT-MIZ-02939,CBBG-0002939,missouri,MIZMOD-0232,modern_season_table,2023-2024,2023-12-09,Kansas,kansas,Kansas,64,73,L,0,,Opponent Home,Allen Fieldhouse,Allen Fieldhouse,Lawrence,KS,Border War,,REGULAR_SEASON,,,,normalized,,MATCHED,BOOTSTRAP_SAME_SOURCE_SEQUENCE
ASRT-MIZ-02940,CBBG-0002940,missouri,MIZMOD-0233,modern_season_table,2023-2024,2023-12-17,Seton Hall,seton-hall,Seton Hall,87,93,L,0,,Neutral,T-Mobile Center,T-Mobile Center,Kansas City,MO,,,REGULAR_SEASON,,,,normalized,,MATCHED,BOOTSTRAP_SAME_SOURCE_SEQUENCE
ASRT-MIZ-02941,CBBG-0002941,missouri,MIZMOD-0234,modern_season_table,2023-2024,2023-12-22,Illinois,illinois,Illinois,73,97,L,0,,Neutral,Enterprise Center,Enterprise Center,St. Louis,MO,Braggin' Rights,,REGULAR_SEASON,,,,normalized,,MATCHED,BOOTSTRAP_SAME_SOURCE_SEQUENCE
ASRT-MIZ-02942,CBBG-0002942,missouri,MIZMOD-0235,modern_season_table,2023-2024,2023-12-30,Central Arkansas,central-arkansas,Central Arkansas,92,59,W,0,,Missouri Home,Mizzou Arena,Mizzou Arena,Columbia,MO,,,REGULAR_SEASON,,,,normalized,,MATCHED,BOOTSTRAP_SAME_SOURCE_SEQUENCE
ASRT-MIZ-02943,CBBG-0002943,missouri,MIZMOD-0236,modern_season_table,2023-2024,2024-01-06,Georgia,georgia,Georgia,68,75,L,0,,Missouri Home,Mizzou Arena,Mizzou Arena,Columbia,MO,,,REGULAR_SEASON,,,,normalized,,MATCHED,BOOTSTRAP_SAME_SOURCE_SEQUENCE
ASRT-MIZ-02944,CBBG-0002944,missouri,MIZMOD-0237,modern_season_table,2023-2024,2024-01-09,Kentucky,kentucky,Kentucky,77,90,L,0,,Opponent Home,Rupp Arena,Rupp Arena,Lexington,KY,,,REGULAR_SEASON,,,,normalized,,MATCHED,BOOTSTRAP_SAME_SOURCE_SEQUENCE
ASRT-MIZ-02945,CBBG-0002945,missouri,MIZMOD-0238,modern_season_table,2023-2024,2024-01-13,South Carolina,south-carolina,South Carolina,69,71,L,1,,Missouri Home,Mizzou Arena,Mizzou Arena,Columbia,MO,,,REGULAR_SEASON,,,,normalized,,MATCHED,BOOTSTRAP_SAME_SOURCE_SEQUENCE
ASRT-MIZ-02946,CBBG-0002946,missouri,MIZMOD-0239,modern_season_table,2023-2024,2024-01-16,Alabama,alabama,Alabama,75,93,L,0,,Opponent Home,Coleman Coliseum,Coleman Coliseum,Tuscaloosa,AL,,,REGULAR_SEASON,,,,normalized,,MATCHED,BOOTSTRAP_SAME_SOURCE_SEQUENCE
ASRT-MIZ-02947,CBBG-0002947,missouri,MIZMOD-0240,modern_season_table,2023-2024,2024-01-20,Florida,florida,Florida,67,79,L,0,,Missouri Home,Mizzou Arena,Mizzou Arena,Columbia,MO,,,REGULAR_SEASON,,,,normalized,,MATCHED,BOOTSTRAP_SAME_SOURCE_SEQUENCE
ASRT-MIZ-02948,CBBG-0002948,missouri,MIZMOD-0241,modern_season_table,2023-2024,2024-01-23,Texas A&M,texas-a-m,Texas A&M,57,63,L,0,,Opponent Home,Reed Arena,Reed Arena,College Station,TX,,,REGULAR_SEASON,,,,normalized,,MATCHED,BOOTSTRAP_SAME_SOURCE_SEQUENCE
ASRT-MIZ-02949,CBBG-0002949,missouri,MIZMOD-0242,modern_season_table,2023-2024,2024-01-27,South Carolina,south-carolina,South Carolina,64,72,L,0,,Opponent Home,Colonial Life Arena,Colonial Life Arena,Columbia,SC,,,REGULAR_SEASON,,,,normalized,,MATCHED,BOOTSTRAP_SAME_SOURCE_SEQUENCE
ASRT-MIZ-02950,CBBG-0002950,missouri,MIZMOD-0243,modern_season_table,2023-2024,2024-01-31,Arkansas,arkansas,Arkansas,84,91,L,0,,Missouri Home,Mizzou Arena,Mizzou Arena,Columbia,MO,,,REGULAR_SEASON,,,,normalized,,MATCHED,BOOTSTRAP_SAME_SOURCE_SEQUENCE
ASRT-MIZ-02951,CBBG-0002951,missouri,MIZMOD-0244,modern_season_table,2023-2024,2024-02-03,Vanderbilt,vanderbilt,Vanderbilt,61,68,L,0,,Opponent Home,Memorial Gymnasium,Memorial Gymnasium,Nashville,TN,,,REGULAR_SEASON,,,,normalized,,MATCHED,BOOTSTRAP_SAME_SOURCE_SEQUENCE
ASRT-MIZ-02952,CBBG-0002952,missouri,MIZMOD-0245,modern_season_table,2023-2024,2024-02-07,Texas A&M,texas-a-m,Texas A&M,60,79,L,0,,Missouri Home,Mizzou Arena,Mizzou Arena,Columbia,MO,,,REGULAR_SEASON,,,,normalized,,MATCHED,BOOTSTRAP_SAME_SOURCE_SEQUENCE
ASRT-MIZ-02953,CBBG-0002953,missouri,MIZMOD-0246,modern_season_table,2023-2024,2024-02-10,Mississippi State,mississippi-state,Mississippi State,51,75,L,0,,Missouri Home,Mizzou Arena,Mizzou Arena,Columbia,MO,,,REGULAR_SEASON,,,,normalized,,MATCHED,BOOTSTRAP_SAME_SOURCE_SEQUENCE
ASRT-MIZ-02954,CBBG-0002954,missouri,MIZMOD-0247,modern_season_table,2023-2024,2024-02-17,Ole Miss,ole-miss,Ole Miss,76,79,L,0,,Opponent Home,SJB Pavilion,The Pavilion at Ole Miss,Oxford,MS,,,REGULAR_SEASON,,,,normalized,,MATCHED,BOOTSTRAP_SAME_SOURCE_SEQUENCE
ASRT-MIZ-02955,CBBG-0002955,missouri,MIZMOD-0248,modern_season_table,2023-2024,2024-02-20,Tennessee,tennessee,Tennessee,67,72,L,0,,Missouri Home,Mizzou Arena,Mizzou Arena,Columbia,MO,,,REGULAR_SEASON,,,,normalized,,MATCHED,BOOTSTRAP_SAME_SOURCE_SEQUENCE
ASRT-MIZ-02956,CBBG-0002956,missouri,MIZMOD-0249,modern_season_table,2023-2024,2024-02-24,Arkansas,arkansas,Arkansas,73,88,L,0,,Opponent Home,Bud Walton Arena,Bud Walton Arena,Fayetteville,AR,,,REGULAR_SEASON,,,,normalized,,MATCHED,BOOTSTRAP_SAME_SOURCE_SEQUENCE
ASRT-MIZ-02957,CBBG-0002957,missouri,MIZMOD-0250,modern_season_table,2023-2024,2024-02-28,Florida,florida,Florida,74,83,L,0,,Opponent Home,O'Connell Center,O'Connell Center,Gainesville,FL,,,REGULAR_SEASON,,,,normalized,,MATCHED,BOOTSTRAP_SAME_SOURCE_SEQUENCE
ASRT-MIZ-02958,CBBG-0002958,missouri,MIZMOD-0251,modern_season_table,2023-2024,2024-03-02,Ole Miss,ole-miss,Ole Miss,78,84,L,0,,Missouri Home,Mizzou Arena,Mizzou Arena,Columbia,MO,,,REGULAR_SEASON,,,,normalized,,MATCHED,BOOTSTRAP_SAME_SOURCE_SEQUENCE
ASRT-MIZ-02959,CBBG-0002959,missouri,MIZMOD-0252,modern_season_table,2023-2024,2024-03-05,Auburn,auburn,Auburn,74,101,L,0,,Missouri Home,Mizzou Arena,Mizzou Arena,Columbia,MO,,,REGULAR_SEASON,,,,normalized,,MATCHED,BOOTSTRAP_SAME_SOURCE_SEQUENCE
ASRT-MIZ-02960,CBBG-0002960,missouri,MIZMOD-0253,modern_season_table,2023-2024,2024-03-09,LSU,lsu,LSU,80,84,L,0,,Opponent Home,Pete Maravich Assembly Center,Pete Maravich Assembly Center,Baton Rouge,LA,,,REGULAR_SEASON,,,,normalized,,MATCHED,BOOTSTRAP_SAME_SOURCE_SEQUENCE
ASRT-MIZ-02961,CBBG-0002961,missouri,MIZMOD-0254,modern_season_table,2023-2024,2024-03-13,Georgia,georgia,Georgia,59,64,L,0,,Neutral,Bridgestone Arena,Bridgestone Arena,Nashville,TN,SEC Tournament,First round,CONFERENCE_TOURNAMENT,,,,normalized,,MATCHED,BOOTSTRAP_SAME_SOURCE_SEQUENCE
ASRT-MIZ-02962,CBBG-0002962,missouri,MIZMOD-0255,modern_season_table,2024-2025,2024-11-04,Memphis,memphis,Memphis,75,83,L,0,,Opponent Home,FedExForum,FedExForum,Memphis,TN,,,REGULAR_SEASON,,,,normalized,,MATCHED,BOOTSTRAP_SAME_SOURCE_SEQUENCE
ASRT-MIZ-02963,CBBG-0002963,missouri,MIZMOD-0256,modern_season_table,2024-2025,2024-11-08,Howard,howard,Howard,77,62,W,0,,Missouri Home,Mizzou Arena,Mizzou Arena,Columbia,MO,,,REGULAR_SEASON,,,,normalized,,MATCHED,BOOTSTRAP_SAME_SOURCE_SEQUENCE
ASRT-MIZ-02964,CBBG-0002964,missouri,MIZMOD-0257,modern_season_table,2024-2025,2024-11-11,Eastern Washington,eastern-washington,Eastern Washington,84,77,W,0,,Missouri Home,Mizzou Arena,Mizzou Arena,Columbia,MO,,,REGULAR_SEASON,,,,normalized,,MATCHED,BOOTSTRAP_SAME_SOURCE_SEQUENCE
ASRT-MIZ-02965,CBBG-0002965,missouri,MIZMOD-0258,modern_season_table,2024-2025,2024-11-14,Mississippi Valley State,mississippi-valley-state,Mississippi Valley State,111,39,W,0,,Missouri Home,Mizzou Arena,Mizzou Arena,Columbia,MO,,,REGULAR_SEASON,,,,normalized,,MATCHED,BOOTSTRAP_SAME_SOURCE_SEQUENCE
ASRT-MIZ-02966,CBBG-0002966,missouri,MIZMOD-0259,modern_season_table,2024-2025,2024-11-22,Pacific,pacific,Pacific,91,56,W,0,,Missouri Home,Mizzou Arena,Mizzou Arena,Columbia,MO,Missouri Multi-Team Event,,REGULAR_SEASON,,,,normalized,,MATCHED,BOOTSTRAP_SAME_SOURCE_SEQUENCE
ASRT-MIZ-02967,CBBG-0002967,missouri,MIZMOD-0260,modern_season_table,2024-2025,2024-11-24,Arkansas–Pine Bluff,arkansas-pine-bluff,UAPB,112,63,W,0,,Missouri Home,Mizzou Arena,Mizzou Arena,Columbia,MO,Missouri Multi-Team Event,,REGULAR_SEASON,,,,normalized,,MATCHED,BOOTSTRAP_SAME_SOURCE_SEQUENCE
ASRT-MIZ-02968,CBBG-0002968,missouri,MIZMOD-0261,modern_season_table,2024-2025,2024-11-27,Lindenwood,lindenwood,Lindenwood,81,61,W,0,,Missouri Home,Mizzou Arena,Mizzou Arena,Columbia,MO,,,REGULAR_SEASON,,,,normalized,,MATCHED,BOOTSTRAP_SAME_SOURCE_SEQUENCE
ASRT-MIZ-02969,CBBG-0002969,missouri,MIZMOD-0262,modern_season_table,2024-2025,2024-12-03,California,california,California,98,93,W,0,,Missouri Home,Mizzou Arena,Mizzou Arena,Columbia,MO,ACC–SEC Challenge,,REGULAR_SEASON,,,,normalized,,MATCHED,BOOTSTRAP_SAME_SOURCE_SEQUENCE
ASRT-MIZ-02970,CBBG-0002970,missouri,MIZMOD-0263,modern_season_table,2024-2025,2024-12-08,Kansas,kansas,Kansas,76,67,W,0,,Missouri Home,Mizzou Arena,Mizzou Arena,Columbia,MO,Border War,,REGULAR_SEASON,,,,normalized,,MATCHED,BOOTSTRAP_SAME_SOURCE_SEQUENCE
ASRT-MIZ-02971,CBBG-0002971,missouri,MIZMOD-0264,modern_season_table,2024-2025,2024-12-14,LIU,long-island-university,LIU,88,61,W,0,,Missouri Home,Mizzou Arena,Mizzou Arena,Columbia,MO,,,REGULAR_SEASON,,,,normalized,,MATCHED,BOOTSTRAP_SAME_SOURCE_SEQUENCE
ASRT-MIZ-02972,CBBG-0002972,missouri,MIZMOD-0265,modern_season_table,2024-2025,2024-12-17,Jacksonville State,jacksonville-state,Jacksonville State,83,72,W,0,,Missouri Home,Mizzou Arena,Mizzou Arena,Columbia,MO,,,REGULAR_SEASON,,,,normalized,,MATCHED,BOOTSTRAP_SAME_SOURCE_SEQUENCE
ASRT-MIZ-02973,CBBG-0002973,missouri,MIZMOD-0266,modern_season_table,2024-2025,2024-12-22,Illinois,illinois,Illinois,77,80,L,0,,Neutral,Enterprise Center,Enterprise Center,St. Louis,MO,Braggin' Rights,,REGULAR_SEASON,,,,normalized,,MATCHED,BOOTSTRAP_SAME_SOURCE_SEQUENCE
ASRT-MIZ-02974,CBBG-0002974,missouri,MIZMOD-0267,modern_season_table,2024-2025,2024-12-30,Alabama State,alabama-state,Alabama State,82,65,W,0,,Missouri Home,Mizzou Arena,Mizzou Arena,Columbia,MO,,,REGULAR_SEASON,,,,normalized,,MATCHED,BOOTSTRAP_SAME_SOURCE_SEQUENCE
ASRT-MIZ-02975,CBBG-0002975,missouri,MIZMOD-0268,modern_season_table,2024-2025,2025-01-04,Auburn,auburn,Auburn,68,84,L,0,,Opponent Home,Neville Arena,Neville Arena,Auburn,AL,,,REGULAR_SEASON,,,,normalized,,MATCHED,BOOTSTRAP_SAME_SOURCE_SEQUENCE
ASRT-MIZ-02976,CBBG-0002976,missouri,MIZMOD-0269,modern_season_table,2024-2025,2025-01-07,LSU,lsu,LSU,83,67,W,0,,Missouri Home,Mizzou Arena,Mizzou Arena,Columbia,MO,,,REGULAR_SEASON,,,,normalized,,MATCHED,BOOTSTRAP_SAME_SOURCE_SEQUENCE
ASRT-MIZ-02977,CBBG-0002977,missouri,MIZMOD-0270,modern_season_table,2024-2025,2025-01-11,Vanderbilt,vanderbilt,Vanderbilt,75,66,W,0,,Missouri Home,Mizzou Arena,Mizzou Arena,Columbia,MO,,,REGULAR_SEASON,,,,normalized,,MATCHED,BOOTSTRAP_SAME_SOURCE_SEQUENCE
ASRT-MIZ-02978,CBBG-0002978,missouri,MIZMOD-0271,modern_season_table,2024-2025,2025-01-14,Florida,florida,Florida,83,82,W,0,,Opponent Home,O'Connell Center,O'Connell Center,Gainesville,FL,,,REGULAR_SEASON,,,,normalized,,MATCHED,BOOTSTRAP_SAME_SOURCE_SEQUENCE
ASRT-MIZ-02979,CBBG-0002979,missouri,MIZMOD-0272,modern_season_table,2024-2025,2025-01-18,Arkansas,arkansas,Arkansas,83,65,W,0,,Missouri Home,Mizzou Arena,Mizzou Arena,Columbia,MO,,,REGULAR_SEASON,,,,normalized,,MATCHED,BOOTSTRAP_SAME_SOURCE_SEQUENCE
ASRT-MIZ-02980,CBBG-0002980,missouri,MIZMOD-0273,modern_season_table,2024-2025,2025-01-21,Texas,texas,Texas,53,61,L,0,,Opponent Home,Moody Center,Moody Center,Austin,TX,,,REGULAR_SEASON,,,,normalized,,MATCHED,BOOTSTRAP_SAME_SOURCE_SEQUENCE
ASRT-MIZ-02981,CBBG-0002981,missouri,MIZMOD-0274,modern_season_table,2024-2025,2025-01-25,Ole Miss,ole-miss,Ole Miss,83,75,W,0,,Missouri Home,Mizzou Arena,Mizzou Arena,Columbia,MO,,,REGULAR_SEASON,,,,normalized,,MATCHED,BOOTSTRAP_SAME_SOURCE_SEQUENCE
ASRT-MIZ-02982,CBBG-0002982,missouri,MIZMOD-0275,modern_season_table,2024-2025,2025-02-01,Mississippi State,mississippi-state,Mississippi State,88,61,W,0,,Opponent Home,Humphrey Coliseum,Humphrey Coliseum,Starkville,MS,,,REGULAR_SEASON,,,,normalized,,MATCHED,BOOTSTRAP_SAME_SOURCE_SEQUENCE
ASRT-MIZ-02983,CBBG-0002983,missouri,MIZMOD-0276,modern_season_table,2024-2025,2025-02-05,Tennessee,tennessee,Tennessee,81,85,L,0,,Opponent Home,Thompson–Boling Arena,Thompson–Boling Arena,Knoxville,TN,,,REGULAR_SEASON,,,,normalized,,MATCHED,BOOTSTRAP_SAME_SOURCE_SEQUENCE
ASRT-MIZ-02984,CBBG-0002984,missouri,MIZMOD-0277,modern_season_table,2024-2025,2025-02-08,Texas A&M,texas-a-m,Texas A&M,64,67,L,0,,Missouri Home,Mizzou Arena,Mizzou Arena,Columbia,MO,,,REGULAR_SEASON,,,,normalized,,MATCHED,BOOTSTRAP_SAME_SOURCE_SEQUENCE
ASRT-MIZ-02985,CBBG-0002985,missouri,MIZMOD-0278,modern_season_table,2024-2025,2025-02-12,Oklahoma,oklahoma,Oklahoma,82,58,W,0,,Missouri Home,Mizzou Arena,Mizzou Arena,Columbia,MO,,,REGULAR_SEASON,,,,normalized,,MATCHED,BOOTSTRAP_SAME_SOURCE_SEQUENCE
ASRT-MIZ-02986,CBBG-0002986,missouri,MIZMOD-0279,modern_season_table,2024-2025,2025-02-15,Georgia,georgia,Georgia,87,74,W,0,,Opponent Home,Stegeman Coliseum,Stegeman Coliseum,Athens,GA,,,REGULAR_SEASON,,,,normalized,,MATCHED,BOOTSTRAP_SAME_SOURCE_SEQUENCE
ASRT-MIZ-02987,CBBG-0002987,missouri,MIZMOD-0280,modern_season_table,2024-2025,2025-02-19,Alabama,alabama,Alabama,110,98,W,0,,Missouri Home,Mizzou Arena,Mizzou Arena,Columbia,MO,,,REGULAR_SEASON,,,,normalized,,MATCHED,BOOTSTRAP_SAME_SOURCE_SEQUENCE
ASRT-MIZ-02988,CBBG-0002988,missouri,MIZMOD-0281,modern_season_table,2024-2025,2025-02-22,Arkansas,arkansas,Arkansas,85,92,L,0,,Opponent Home,Bud Walton Arena,Bud Walton Arena,Fayetteville,AR,,,REGULAR_SEASON,,,,normalized,,MATCHED,BOOTSTRAP_SAME_SOURCE_SEQUENCE
ASRT-MIZ-02989,CBBG-0002989,missouri,MIZMOD-0282,modern_season_table,2024-2025,2025-02-25,South Carolina,south-carolina,South Carolina,101,71,W,0,,Missouri Home,Mizzou Arena,Mizzou Arena,Columbia,MO,,,REGULAR_SEASON,,,,normalized,,MATCHED,BOOTSTRAP_SAME_SOURCE_SEQUENCE
ASRT-MIZ-02990,CBBG-0002990,missouri,MIZMOD-0283,modern_season_table,2024-2025,2025-03-01,Vanderbilt,vanderbilt,Vanderbilt,93,97,L,1,,Opponent Home,Memorial Gymnasium,Memorial Gymnasium,Nashville,TN,,,REGULAR_SEASON,,,,normalized,,MATCHED,BOOTSTRAP_SAME_SOURCE_SEQUENCE
ASRT-MIZ-02991,CBBG-0002991,missouri,MIZMOD-0284,modern_season_table,2024-2025,2025-03-05,Oklahoma,oklahoma,Oklahoma,84,96,L,0,,Opponent Home,Lloyd Noble Center,Lloyd Noble Center,Norman,OK,,,REGULAR_SEASON,,,,normalized,,MATCHED,BOOTSTRAP_SAME_SOURCE_SEQUENCE
ASRT-MIZ-02992,CBBG-0002992,missouri,MIZMOD-0285,modern_season_table,2024-2025,2025-03-08,Kentucky,kentucky,Kentucky,83,91,L,0,,Missouri Home,Mizzou Arena,Mizzou Arena,Columbia,MO,,,REGULAR_SEASON,,,,normalized,,MATCHED,BOOTSTRAP_SAME_SOURCE_SEQUENCE
ASRT-MIZ-02993,CBBG-0002993,missouri,MIZMOD-0286,modern_season_table,2024-2025,2025-03-13,Mississippi State,mississippi-state,Mississippi State,85,73,W,0,,Neutral,Bridgestone Arena,Bridgestone Arena,Nashville,TN,SEC Tournament,Second round,CONFERENCE_TOURNAMENT,,,,normalized,,MATCHED,BOOTSTRAP_SAME_SOURCE_SEQUENCE
ASRT-MIZ-02994,CBBG-0002994,missouri,MIZMOD-0287,modern_season_table,2024-2025,2025-03-14,Florida,florida,Florida,81,95,L,0,,Neutral,Bridgestone Arena,Bridgestone Arena,Nashville,TN,SEC Tournament,Quarterfinals,CONFERENCE_TOURNAMENT,,,,normalized,,MATCHED,BOOTSTRAP_SAME_SOURCE_SEQUENCE
ASRT-MIZ-02995,CBBG-0002995,missouri,MIZMOD-0288,modern_season_table,2024-2025,2025-03-20,Drake,drake,Drake,57,67,L,0,,Neutral,INTRUST Bank Arena,INTRUST Bank Arena,Wichita,KS,NCAA Tournament,First Round,NCAA_TOURNAMENT,R64,,,normalized,,MATCHED,BOOTSTRAP_SAME_SOURCE_SEQUENCE
ASRT-MIZ-02996,CBBG-0002996,missouri,MIZMOD-0289,modern_season_table,2025-2026,2025-11-03,Howard,howard,Howard,88,67,W,0,,Opponent Home,Burr Gymnasium,Burr Gymnasium,Washington,DC,,,REGULAR_SEASON,,,,normalized,,MATCHED,BOOTSTRAP_SAME_SOURCE_SEQUENCE
ASRT-MIZ-02997,CBBG-0002997,missouri,MIZMOD-0290,modern_season_table,2025-2026,2025-11-07,Southeast Missouri State,southeast-missouri-state,Southeast Missouri State,89,84,W,0,,Missouri Home,Mizzou Arena,Mizzou Arena,Columbia,MO,,,REGULAR_SEASON,,,,normalized,,MATCHED,BOOTSTRAP_SAME_SOURCE_SEQUENCE
ASRT-MIZ-02998,CBBG-0002998,missouri,MIZMOD-0291,modern_season_table,2025-2026,2025-11-09,VMI,vmi,VMI,106,68,W,0,,Missouri Home,Mizzou Arena,Mizzou Arena,Columbia,MO,,,REGULAR_SEASON,,,,normalized,,MATCHED,BOOTSTRAP_SAME_SOURCE_SEQUENCE
ASRT-MIZ-02999,CBBG-0002999,missouri,MIZMOD-0292,modern_season_table,2025-2026,2025-11-12,Minnesota,minnesota,Minnesota,83,60,W,0,,Missouri Home,Mizzou Arena,Mizzou Arena,Columbia,MO,,,REGULAR_SEASON,,,,normalized,,MATCHED,BOOTSTRAP_SAME_SOURCE_SEQUENCE
ASRT-MIZ-03000,CBBG-0003000,missouri,MIZMOD-0293,modern_season_table,2025-2026,2025-11-17,Prairie View A&M,prairie-view-a-m,Prairie View A&M,91,73,W,0,,Missouri Home,Mizzou Arena,Mizzou Arena,Columbia,MO,Missouri Multi-Team Event,,REGULAR_SEASON,,,,normalized,,MATCHED,BOOTSTRAP_SAME_SOURCE_SEQUENCE
ASRT-MIZ-03001,CBBG-0003001,missouri,MIZMOD-0294,modern_season_table,2025-2026,2025-11-20,South Dakota,south-dakota,South Dakota,102,68,W,0,,Missouri Home,Mizzou Arena,Mizzou Arena,Columbia,MO,Missouri Multi-Team Event,,REGULAR_SEASON,,,,normalized,,MATCHED,BOOTSTRAP_SAME_SOURCE_SEQUENCE
ASRT-MIZ-03002,CBBG-0003002,missouri,MIZMOD-0295,modern_season_table,2025-2026,2025-11-25,South Carolina State,south-carolina-state,South Carolina State,98,66,W,0,,Missouri Home,Mizzou Arena,Mizzou Arena,Columbia,MO,Missouri Multi-Team Event,,REGULAR_SEASON,,,,normalized,,MATCHED,BOOTSTRAP_SAME_SOURCE_SEQUENCE
ASRT-MIZ-03003,CBBG-0003003,missouri,MIZMOD-0296,modern_season_table,2025-2026,2025-11-28,Cleveland State,cleveland-state,Cleveland State,86,59,W,0,,Missouri Home,Mizzou Arena,Mizzou Arena,Columbia,MO,,,REGULAR_SEASON,,,,normalized,,MATCHED,BOOTSTRAP_SAME_SOURCE_SEQUENCE
ASRT-MIZ-03004,CBBG-0003004,missouri,MIZMOD-0297,modern_season_table,2025-2026,2025-12-02,Notre Dame,notre-dame,Notre Dame,71,76,L,0,,Opponent Home,Joyce Center,Joyce Center,South Bend,IN,ACC–SEC Challenge,,REGULAR_SEASON,,,,normalized,,MATCHED,BOOTSTRAP_SAME_SOURCE_SEQUENCE
ASRT-MIZ-03005,CBBG-0003005,missouri,MIZMOD-0298,modern_season_table,2025-2026,2025-12-07,Kansas,kansas,Kansas,60,80,L,0,,Neutral,T-Mobile Center,T-Mobile Center,Kansas City,MO,Border War / StorageMart Border Showdown,,REGULAR_SEASON,,,,normalized,,MATCHED,BOOTSTRAP_SAME_SOURCE_SEQUENCE
ASRT-MIZ-03006,CBBG-0003006,missouri,MIZMOD-0299,modern_season_table,2025-2026,2025-12-11,Alabama State,alabama-state,Alabama State,85,77,W,0,,Missouri Home,Mizzou Arena,Mizzou Arena,Columbia,MO,,,REGULAR_SEASON,,,,normalized,,MATCHED,BOOTSTRAP_SAME_SOURCE_SEQUENCE
ASRT-MIZ-03007,CBBG-0003007,missouri,MIZMOD-0300,modern_season_table,2025-2026,2025-12-14,Bethune–Cookman,bethune-cookman,Bethune-Cookman,82,60,W,0,,Missouri Home,Mizzou Arena,Mizzou Arena,Columbia,MO,,,REGULAR_SEASON,,,,normalized,,MATCHED,BOOTSTRAP_SAME_SOURCE_SEQUENCE
ASRT-MIZ-03008,CBBG-0003008,missouri,MIZMOD-0301,modern_season_table,2025-2026,2025-12-22,Illinois,illinois,Illinois,48,91,L,0,,Neutral,Enterprise Center,Enterprise Center,St. Louis,MO,Braggin' Rights,,REGULAR_SEASON,,,,normalized,,MATCHED,BOOTSTRAP_SAME_SOURCE_SEQUENCE
ASRT-MIZ-03009,CBBG-0003009,missouri,MIZMOD-0302,modern_season_table,2025-2026,2026-01-03,Florida,florida,Florida,76,74,W,0,,Missouri Home,Mizzou Arena,Mizzou Arena,Columbia,MO,,,REGULAR_SEASON,,,,normalized,,MATCHED,BOOTSTRAP_SAME_SOURCE_SEQUENCE
ASRT-MIZ-03010,CBBG-0003010,missouri,MIZMOD-0303,modern_season_table,2025-2026,2026-01-07,Kentucky,kentucky,Kentucky,73,68,W,0,,Opponent Home,Rupp Arena,Rupp Arena,Lexington,KY,,,REGULAR_SEASON,,,,normalized,,MATCHED,BOOTSTRAP_SAME_SOURCE_SEQUENCE
ASRT-MIZ-03011,CBBG-0003011,missouri,MIZMOD-0304,modern_season_table,2025-2026,2026-01-10,Ole Miss,ole-miss,Ole Miss,69,76,L,0,,Opponent Home,SJB Pavilion,The Pavilion at Ole Miss,Oxford,MS,,,REGULAR_SEASON,,,,normalized,,MATCHED,BOOTSTRAP_SAME_SOURCE_SEQUENCE
ASRT-MIZ-03012,CBBG-0003012,missouri,MIZMOD-0305,modern_season_table,2025-2026,2026-01-14,Auburn,auburn,Auburn,84,74,W,0,,Missouri Home,Mizzou Arena,Mizzou Arena,Columbia,MO,,,REGULAR_SEASON,,,,normalized,,MATCHED,BOOTSTRAP_SAME_SOURCE_SEQUENCE
ASRT-MIZ-03013,CBBG-0003013,missouri,MIZMOD-0306,modern_season_table,2025-2026,2026-01-17,LSU,lsu,LSU,70,78,L,0,,Opponent Home,Pete Maravich Assembly Center,Pete Maravich Assembly Center,Baton Rouge,LA,,,REGULAR_SEASON,,,,normalized,,MATCHED,BOOTSTRAP_SAME_SOURCE_SEQUENCE
ASRT-MIZ-03014,CBBG-0003014,missouri,MIZMOD-0307,modern_season_table,2025-2026,2026-01-20,Georgia,georgia,Georgia,72,74,L,0,,Missouri Home,Mizzou Arena,Mizzou Arena,Columbia,MO,,,REGULAR_SEASON,,,,normalized,,MATCHED,BOOTSTRAP_SAME_SOURCE_SEQUENCE
ASRT-MIZ-03015,CBBG-0003015,missouri,MIZMOD-0308,modern_season_table,2025-2026,2026-01-24,Oklahoma,oklahoma,Oklahoma,88,87,W,1,,Missouri Home,Mizzou Arena,Mizzou Arena,Columbia,MO,,,REGULAR_SEASON,,,,normalized,,MATCHED,BOOTSTRAP_SAME_SOURCE_SEQUENCE
ASRT-MIZ-03016,CBBG-0003016,missouri,MIZMOD-0309,modern_season_table,2025-2026,2026-01-27,Alabama,alabama,Alabama,64,90,L,0,,Opponent Home,Coleman Coliseum,Coleman Coliseum,Tuscaloosa,AL,,,REGULAR_SEASON,,,,normalized,,MATCHED,BOOTSTRAP_SAME_SOURCE_SEQUENCE
ASRT-MIZ-03017,CBBG-0003017,missouri,MIZMOD-0310,modern_season_table,2025-2026,2026-01-31,Mississippi State,mississippi-state,Mississippi State,84,79,W,0,,Missouri Home,Mizzou Arena,Mizzou Arena,Columbia,MO,,,REGULAR_SEASON,,,,normalized,,MATCHED,BOOTSTRAP_SAME_SOURCE_SEQUENCE
ASRT-MIZ-03018,CBBG-0003018,missouri,MIZMOD-0311,modern_season_table,2025-2026,2026-02-07,South Carolina,south-carolina,South Carolina,78,59,W,0,,Opponent Home,Colonial Life Arena,Colonial Life Arena,Columbia,SC,,,REGULAR_SEASON,,,,normalized,,MATCHED,BOOTSTRAP_SAME_SOURCE_SEQUENCE
ASRT-MIZ-03019,CBBG-0003019,missouri,MIZMOD-0312,modern_season_table,2025-2026,2026-02-11,Texas A&M,texas-a-m,Texas A&M,86,85,W,0,,Opponent Home,Reed Arena,Reed Arena,College Station,TX,,,REGULAR_SEASON,,,,normalized,,MATCHED,BOOTSTRAP_SAME_SOURCE_SEQUENCE
ASRT-MIZ-03020,CBBG-0003020,missouri,MIZMOD-0313,modern_season_table,2025-2026,2026-02-14,Texas,texas,Texas,68,85,L,0,,Missouri Home,Mizzou Arena,Mizzou Arena,Columbia,MO,,,REGULAR_SEASON,,,,normalized,,MATCHED,BOOTSTRAP_SAME_SOURCE_SEQUENCE
ASRT-MIZ-03021,CBBG-0003021,missouri,MIZMOD-0314,modern_season_table,2025-2026,2026-02-18,Vanderbilt,vanderbilt,Vanderbilt,81,80,W,0,,Missouri Home,Mizzou Arena,Mizzou Arena,Columbia,MO,,,REGULAR_SEASON,,,,normalized,,MATCHED,BOOTSTRAP_SAME_SOURCE_SEQUENCE
ASRT-MIZ-03022,CBBG-0003022,missouri,MIZMOD-0315,modern_season_table,2025-2026,2026-02-21,Arkansas,arkansas,Arkansas,86,94,L,0,,Opponent Home,Bud Walton Arena,Bud Walton Arena,Fayetteville,AR,,,REGULAR_SEASON,,,,normalized,,MATCHED,BOOTSTRAP_SAME_SOURCE_SEQUENCE
ASRT-MIZ-03023,CBBG-0003023,missouri,MIZMOD-0316,modern_season_table,2025-2026,2026-02-24,Tennessee,tennessee,Tennessee,73,69,W,0,,Missouri Home,Mizzou Arena,Mizzou Arena,Columbia,MO,,,REGULAR_SEASON,,,,normalized,,MATCHED,BOOTSTRAP_SAME_SOURCE_SEQUENCE
ASRT-MIZ-03024,CBBG-0003024,missouri,MIZMOD-0317,modern_season_table,2025-2026,2026-02-28,Mississippi State,mississippi-state,Mississippi State,88,64,W,0,,Opponent Home,Humphrey Coliseum,Humphrey Coliseum,Starkville,MS,,,REGULAR_SEASON,,,,normalized,,MATCHED,BOOTSTRAP_SAME_SOURCE_SEQUENCE
ASRT-MIZ-03025,CBBG-0003025,missouri,MIZMOD-0318,modern_season_table,2025-2026,2026-03-03,Oklahoma,oklahoma,Oklahoma,64,80,L,0,,Opponent Home,Lloyd Noble Center,Lloyd Noble Center,Norman,OK,,,REGULAR_SEASON,,,,normalized,,MATCHED,BOOTSTRAP_SAME_SOURCE_SEQUENCE
ASRT-MIZ-03026,CBBG-0003026,missouri,MIZMOD-0319,modern_season_table,2025-2026,2026-03-07,Arkansas,arkansas,Arkansas,84,88,L,1,,Missouri Home,Mizzou Arena,Mizzou Arena,Columbia,MO,,,REGULAR_SEASON,,,,normalized,,MATCHED,BOOTSTRAP_SAME_SOURCE_SEQUENCE
ASRT-MIZ-03027,CBBG-0003027,missouri,MIZMOD-0320,modern_season_table,2025-2026,2026-03-12,Kentucky,kentucky,Kentucky,72,78,L,0,,Neutral,Bridgestone Arena,Bridgestone Arena,Nashville,TN,SEC Tournament,Second round,CONFERENCE_TOURNAMENT,,,,normalized,,MATCHED,BOOTSTRAP_SAME_SOURCE_SEQUENCE
ASRT-MIZ-03028,CBBG-0003028,missouri,MIZMOD-0321,modern_season_table,2025-2026,2026-03-20,Miami (FL),miami-fl,Miami (FL),66,80,L,0,,Neutral,Enterprise Center,Enterprise Center,St. Louis,MO,NCAA Tournament,First round,NCAA_TOURNAMENT,R64,,,normalized,,MATCHED,BOOTSTRAP_SAME_SOURCE_SEQUENCE
