source_game_id,source_program_key,source_era,season_label,season_year,game_date,source_opponent_label,normalized_opponent_name,normalized_opponent_key,opponent_current_d1,team_score,opponent_score,played_result,overtime_periods,source_site_candidate,curated_site_type,source_venue_name,curated_venue_name,city,state,event_or_tournament,source_round,curated_game_type,curated_postseason_round,source_page,raw_text,normalization_status,administrative_status,administrative_note,identity_override,identity_match_program_key,identity_match_source_game_id,identity_override_basis,notes
KYRAW-00001,kentucky,historical_record_book,1902-1903,1903,1903-02-06,Georgetown (Ky.),Georgetown College (KY),georgetown-college-ky,,6,15,L,0,Kentucky Home,SOURCE_PROGRAM_HOME,,,,,,,REGULAR_SEASON,,163,Feb. 6 GEORGETOWN 6-15 L,resolved,,,,,,,
KYRAW-00002,kentucky,historical_record_book,1902-1903,1903,1903-02-18,Lexington YMCA,Lexington YMCA,lexington-ymca,No,11,10,W,0,Kentucky Home,SOURCE_PROGRAM_HOME,,,,,,,REGULAR_SEASON,,163,Feb. 18 LEXINGTON YMCA 11-10 W,resolved,,,,,,,
KYRAW-00003,kentucky,historical_record_book,1902-1903,1903,1903-02-20,Transylvania,Transylvania,transylvania,No,2,42,L,0,Kentucky Home,SOURCE_PROGRAM_HOME,,,,,,,REGULAR_SEASON,,163,Feb. 20 TRANSYLVANIA 2-42 L,resolved,,,,,,,
KYRAW-00004,kentucky,historical_record_book,1903-1904,1904,1904-02-04,Georgetown (Ky.),Georgetown College (KY),georgetown-college-ky,,11,26,L,0,Opponent Home,OPPONENT_HOME,,,,,,,REGULAR_SEASON,,163,Feb. 4 at Georgetown 11-26 L,resolved,,,,,,,
KYRAW-00005,kentucky,historical_record_book,1903-1904,1904,1904-02-12,Transylvania,Transylvania,transylvania,No,5,12,L,0,Opponent Home,OPPONENT_HOME,,,,,,,REGULAR_SEASON,,163,Feb. 12 at Transylvania# 5-12 L,resolved,,,,,,,
KYRAW-00006,kentucky,historical_record_book,1903-1904,1904,1904-02-13,Georgetown (Ky.),Georgetown College (KY),georgetown-college-ky,,10,22,L,0,Kentucky Home,SOURCE_PROGRAM_HOME,,,,,,,REGULAR_SEASON,,163,Feb. 13 GEORGETOWN 10-22 L,resolved,,,,,,,
KYRAW-00007,kentucky,historical_record_book,1903-1904,1904,1904-02-26,Transylvania,Transylvania,transylvania,No,12,14,L,0,Opponent Home,OPPONENT_HOME,,,,,,,REGULAR_SEASON,,163,Feb. 26 at Transylvania 12-14 L,resolved,,,,,,,
KYRAW-00008,kentucky,historical_record_book,1903-1904,1904,1904-03-04,Cincinnati,Cincinnati,cincinnati,Yes,25,21,W,0,Kentucky Home,SOURCE_PROGRAM_HOME,,,,,,,REGULAR_SEASON,,163,Mar. 4 CINCINNATI 25-21 W,resolved,,,,,,,
KYRAW-00009,kentucky,historical_record_book,1904-1905,1905,1905-01-13,Georgetown (Ky.),Georgetown College (KY),georgetown-college-ky,,9,14,L,0,Kentucky Home,SOURCE_PROGRAM_HOME,,,,,,,REGULAR_SEASON,,163,Jan. 13 GEORGETOWN 9-14 L,resolved,,,,,,,
KYRAW-00010,kentucky,historical_record_book,1904-1905,1905,1905-01-21,Cincinnati YMCA,Cincinnati YMCA,cincinnati-ymca,No,22,43,L,0,Kentucky Home,SOURCE_PROGRAM_HOME,,,,,,,REGULAR_SEASON,,163,Jan. 21 CINCINNATI YMCA 22-43 L,resolved,,,,,,,
KYRAW-00011,kentucky,historical_record_book,1904-1905,1905,1905-01-27,Transylvania,Transylvania,transylvania,No,30,29,W,0,Kentucky Home,SOURCE_PROGRAM_HOME,,,,,,,REGULAR_SEASON,,163,Jan. 27 TRANSYLVANIA 30-29 W,resolved,,,,,,,
KYRAW-00012,kentucky,historical_record_book,1904-1905,1905,1905-02-04,Transylvania,Transylvania,transylvania,No,1,22,L,0,Opponent Home,OPPONENT_HOME,,,,,,,REGULAR_SEASON,,163,Feb. 4 at Transylvania 1-22 L,resolved,,,,,,,
KYRAW-00013,kentucky,historical_record_book,1904-1905,1905,1905-02-22,Transylvania,Transylvania,transylvania,No,23,33,L,0,Kentucky Home,SOURCE_PROGRAM_HOME,,,,,,,REGULAR_SEASON,,163,Feb. 22 TRANSYLVANIA 23-33 L,resolved,,,,,,,
KYRAW-00014,kentucky,historical_record_book,1905-1906,1906,1906-01-11,Transylvania,Transylvania,transylvania,No,,,W,0,Neutral,NEUTRAL,,,,,,,REGULAR_SEASON,,163,Jan. 11 LEXINGTON YMCA# W,resolved,,,,,,,
KYRAW-00015,kentucky,historical_record_book,1905-1906,1906,1906-01-12,Miami (Ohio),Miami University,miami-oh,Yes,10,15,L,0,Kentucky Home,SOURCE_PROGRAM_HOME,,,,,,,REGULAR_SEASON,,163,Jan. 12 MIAMI (OHIO) 10-15 L,resolved,,,,,,,
KYRAW-00016,kentucky,historical_record_book,1905-1906,1906,1906-01-19,Central,Centre,centre,No,15,14,W,0,Kentucky Home,SOURCE_PROGRAM_HOME,,,,,,,REGULAR_SEASON,,163,Jan. 19 CENTRAL U. 15-14 W,resolved,,,,,,,
KYRAW-00017,kentucky,historical_record_book,1905-1906,1906,1906-01-20,Georgetown (Ky.),Georgetown College (KY),georgetown-college-ky,,9,34,L,0,Opponent Home,OPPONENT_HOME,,,,,,,REGULAR_SEASON,,163,Jan. 20 at Georgetown 9-34 L,resolved,,,,,,,
KYRAW-00018,kentucky,historical_record_book,1905-1906,1906,1906-01-26,Central,Centre,centre,No,17,15,W,0,Opponent Home,OPPONENT_HOME,,,,,,,REGULAR_SEASON,,163,Jan. 26 at Central U. 17-15 W,resolved,,,,,,,
KYRAW-00019,kentucky,historical_record_book,1905-1906,1906,1906-01-27,Cincinnati YMCA,Cincinnati YMCA,cincinnati-ymca,No,16,23,L,0,Kentucky Home,SOURCE_PROGRAM_HOME,,,,,,,REGULAR_SEASON,,163,Jan. 27 CINCINNATI YMCA 16-23 L,resolved,,,,,,,
KYRAW-00020,kentucky,historical_record_book,1905-1906,1906,1906-02-03,Christ Church,Christ Church,christ-church,,24,38,L,0,Kentucky Home,SOURCE_PROGRAM_HOME,,,,,,,REGULAR_SEASON,,163,"Feb. 3 Christ Church, Cin. 24-38 L",resolved,,,,,,,
KYRAW-00021,kentucky,historical_record_book,1905-1906,1906,1906-02-08,Georgetown (Ky.),Georgetown College (KY),georgetown-college-ky,,22,28,L,0,Kentucky Home,SOURCE_PROGRAM_HOME,,,,,,,REGULAR_SEASON,,163,Feb. 8 GEORGETOWN 22-28 L,resolved,,,,,,,
KYRAW-00022,kentucky,historical_record_book,1905-1906,1906,1906-02-12,New Albany YMCA,New Albany YMCA,new-albany-ymca,No,12,29,L,0,Opponent Home,OPPONENT_HOME,,,,,,,REGULAR_SEASON,,163,Feb. 12 at New Albany YMCA 12-29 L,resolved,,,,,,,
KYRAW-00023,kentucky,historical_record_book,1905-1906,1906,1906-02-13,Vernon (Ind.),Vernon (Ind.),vernon-ind,,34,14,W,0,Opponent Home,OPPONENT_HOME,,,,,,,REGULAR_SEASON,,163,Feb. 13 at Vernon College 34-14 W,resolved,,,,,,,
KYRAW-00024,kentucky,historical_record_book,1905-1906,1906,1906-02-14,Moores Hill,Moores Hill,moores-hill,No,32,11,W,0,Opponent Home,OPPONENT_HOME,,,,,,,REGULAR_SEASON,,163,Feb. 14 at Moores Hill 32-11 W,resolved,,,,,,,
KYRAW-00025,kentucky,historical_record_book,1905-1906,1906,1906-02-15,Christ Church,Christ Church,christ-church,,17,54,L,0,Opponent Home,OPPONENT_HOME,,,,,,,REGULAR_SEASON,,163,"Feb. 15 at Christ Church, Cin. 17-54 L",resolved,,,,,,,
KYRAW-00026,kentucky,historical_record_book,1905-1906,1906,1906-02-16,Cincinnati,Cincinnati,cincinnati,Yes,6,48,L,0,Opponent Home,OPPONENT_HOME,,,,,,,REGULAR_SEASON,,163,Feb. 16 at Cincinnati 6-48 L,resolved,,,,,,,
KYRAW-00027,kentucky,historical_record_book,1905-1906,1906,1906-02-17,Miami (Ohio),Miami University,miami-oh,Yes,19,29,L,0,Opponent Home,OPPONENT_HOME,,,,,,,REGULAR_SEASON,,163,Feb. 17 at Miami (Ohio) 19-29 L,resolved,,,,,,,
KYRAW-00028,kentucky,historical_record_book,1906-1907,1907,1907-01-16,Lexington YMCA,Lexington YMCA,lexington-ymca,No,17,25,L,0,Kentucky Home,SOURCE_PROGRAM_HOME,,,,,,,REGULAR_SEASON,,163,Jan. 16 LEXINGTON YMCA 17-25 L,resolved,,,,,,,
KYRAW-00029,kentucky,historical_record_book,1906-1907,1907,1907-01-19,Georgetown (Ky.),Georgetown College (KY),georgetown-college-ky,,16,15,W,0,Kentucky Home,SOURCE_PROGRAM_HOME,,,,,,,REGULAR_SEASON,,163,Jan. 19 GEORGETOWN 16-15 W,resolved,,,,,,,
KYRAW-00030,kentucky,historical_record_book,1906-1907,1907,1907-01-25,Central,Centre,centre,No,22,9,W,0,Kentucky Home,SOURCE_PROGRAM_HOME,,,,,,,REGULAR_SEASON,,163,Jan. 25 CENTRAL U. 22-9 W,resolved,,,,,,,
KYRAW-00031,kentucky,historical_record_book,1906-1907,1907,1907-02-12,Central,Centre,centre,No,23,25,L,1,Opponent Home,OPPONENT_HOME,,,,,,,REGULAR_SEASON,,163,Feb. 12 at Central U. 23-25 L OT,resolved,,,,,,,
KYRAW-00032,kentucky,historical_record_book,1906-1907,1907,1907-02-15,Transylvania,Transylvania,transylvania,No,16,14,W,0,Kentucky Home,SOURCE_PROGRAM_HOME,,,,,,,REGULAR_SEASON,,163,Feb. 15 TRANSYLVANIA 16-14 W,resolved,,,,,,,
KYRAW-00033,kentucky,historical_record_book,1906-1907,1907,1907-02-21,Georgetown (Ky.),Georgetown College (KY),georgetown-college-ky,,8,19,L,0,Opponent Home,OPPONENT_HOME,,,,,,,REGULAR_SEASON,,163,Feb. 21 at Georgetown 8-19 L,resolved,,,,,,,
KYRAW-00034,kentucky,historical_record_book,1906-1907,1907,1907-03-01,Lexington YMCA,Lexington YMCA,lexington-ymca,No,22,41,L,0,Opponent Home,OPPONENT_HOME,,,,,,,REGULAR_SEASON,,163,Mar. 1 at Lexington YMCA 22-41 L,resolved,,,,,,,
KYRAW-00035,kentucky,historical_record_book,1906-1907,1907,1907-03-07,Transylvania,Transylvania,transylvania,No,5,19,L,0,Opponent Home,OPPONENT_HOME,,,,,,,REGULAR_SEASON,,163,Mar. 7 at Transylvania 5-19 L,resolved,,,,,,,
KYRAW-00036,kentucky,historical_record_book,1906-1907,1907,1907-03-09,Central,Centre,centre,No,13,15,L,0,Kentucky Home,SOURCE_PROGRAM_HOME,,,,,,,REGULAR_SEASON,,163,Mar. 9 CENTRAL U. 13-15 L,resolved,,,,,,,
KYRAW-00037,kentucky,historical_record_book,1907-1908,1908,1908-01-10,Lexington YMCA,Lexington YMCA,lexington-ymca,No,19,29,L,0,Opponent Home,OPPONENT_HOME,,,,,,,REGULAR_SEASON,,163,Jan. 10 at Lexington YMCA 19-29 L,resolved,,,,,,,
KYRAW-00038,kentucky,historical_record_book,1907-1908,1908,1908-01-21,Transylvania,Transylvania,transylvania,No,20,15,W,0,Kentucky Home,SOURCE_PROGRAM_HOME,,,,,,,REGULAR_SEASON,,163,Jan. 21 TRANSYLVANIA 20-15 W,resolved,,,,,,,
KYRAW-00039,kentucky,historical_record_book,1907-1908,1908,1908-01-25,Central,Centre,centre,No,21,32,L,0,Opponent Home,OPPONENT_HOME,,,,,,,REGULAR_SEASON,,163,Jan. 25 at Central U. 21-32 L,resolved,,,,,,,
KYRAW-00040,kentucky,historical_record_book,1907-1908,1908,1908-02-04,Transylvania,Transylvania,transylvania,No,20,15,W,0,Opponent Home,OPPONENT_HOME,,,,,,,REGULAR_SEASON,,163,Feb. 4 at Transylvania 20-15 W,resolved,,,,,,,
KYRAW-00041,kentucky,historical_record_book,1907-1908,1908,1908-02-08,Louisville Coliseum,Louisville Coliseum,louisville-coliseum,No,29,28,W,0,Kentucky Home,SOURCE_PROGRAM_HOME,,,,,,,REGULAR_SEASON,,163,Feb. 8 LOUISVILLE COLISEUM 29-28 W,resolved,,,,,,,
KYRAW-00042,kentucky,historical_record_book,1907-1908,1908,1908-02-10,Georgetown (Ky.),Georgetown College (KY),georgetown-college-ky,,22,30,L,0,Opponent Home,OPPONENT_HOME,,,,,,,REGULAR_SEASON,,163,Feb. 10 at Georgetown 22-30 L,resolved,,,,,,,
KYRAW-00043,kentucky,historical_record_book,1907-1908,1908,1908-02-13,Central,Centre,centre,No,31,20,W,0,Kentucky Home,SOURCE_PROGRAM_HOME,,,,,,,REGULAR_SEASON,,163,Feb. 13 CENTRAL U. 31-20 W,resolved,,,,,,,
KYRAW-00044,kentucky,historical_record_book,1907-1908,1908,1908-02-15,Lexington YMCA,Lexington YMCA,lexington-ymca,No,19,23,L,0,Kentucky Home,SOURCE_PROGRAM_HOME,,,,,,,REGULAR_SEASON,,163,Feb. 15 LEXINGTON YMCA 19-23 L,resolved,,,,,,,
KYRAW-00045,kentucky,historical_record_book,1907-1908,1908,1908-02-22,Louisville Coliseum,Louisville Coliseum,louisville-coliseum,No,18,30,L,0,Opponent Home,OPPONENT_HOME,,,,,,,REGULAR_SEASON,,163,Feb. 22 at Louisville Coliseum 18-30 L,resolved,,,,,,,
KYRAW-00046,kentucky,historical_record_book,1907-1908,1908,1908-03-03,Georgetown (Ky.),Georgetown College (KY),georgetown-college-ky,,18,13,W,0,Kentucky Home,SOURCE_PROGRAM_HOME,,,,,,,REGULAR_SEASON,,163,Mar. 3 GEORGETOWN 18-13 W,resolved,,,,,,,
KYRAW-00047,kentucky,historical_record_book,1907-1908,1908,1908-03-07,Central,Centre,centre,No,10,29,L,0,Opponent Home,OPPONENT_HOME,,,,,,,REGULAR_SEASON,,163,Mar. 7 at Central U. 10-29 L,resolved,,,,,,,
KYRAW-00048,kentucky,historical_record_book,1908-1909,1909,1909-01-09,Lexington High,Lexington High,lexington-high,No,28,9,W,0,Kentucky Home,SOURCE_PROGRAM_HOME,,,,,,,REGULAR_SEASON,,163,Jan. 9 LEXINGTON HIGH 28-9 W,resolved,,,,,,,
KYRAW-00049,kentucky,historical_record_book,1908-1909,1909,1909-01-18,Advent Memorial,Advent Memorial,advent-memorial,No,27,41,L,0,Opponent Home,OPPONENT_HOME,,,,,,,REGULAR_SEASON,,163,Jan. 18 at Advent Memorial Club 27-41 L,resolved,,,,,,,
KYRAW-00050,kentucky,historical_record_book,1908-1909,1909,1909-01-19,Cincinnati,Cincinnati,cincinnati,Yes,25,41,L,0,Opponent Home,OPPONENT_HOME,,,,,,,REGULAR_SEASON,,163,Jan. 19 at Cincinnati 25-41 L,resolved,,,,,,,
KYRAW-00051,kentucky,historical_record_book,1908-1909,1909,1909-01-27,Central,Centre,centre,No,24,23,W,0,Kentucky Home,SOURCE_PROGRAM_HOME,,,,,,,REGULAR_SEASON,,163,Jan. 27 CENTRAL U. 24-23 W,resolved,,,,,,,
KYRAW-00052,kentucky,historical_record_book,1908-1909,1909,1909-02-06,Central,Centre,centre,No,20,35,L,0,Opponent Home,OPPONENT_HOME,,,,,,,REGULAR_SEASON,,163,Feb. 6 at Central U. 20-35 L,resolved,,,,,,,
KYRAW-00053,kentucky,historical_record_book,1908-1909,1909,1909-02-08,Georgetown (Ky.),Georgetown College (KY),georgetown-college-ky,,43,32,W,0,Kentucky Home,SOURCE_PROGRAM_HOME,,,,,,,REGULAR_SEASON,,163,Feb. 8 GEORGETOWN 43-32 W,resolved,,,,,,,
KYRAW-00054,kentucky,historical_record_book,1908-1909,1909,1909-02-15,Georgetown (Ky.),Georgetown College (KY),georgetown-college-ky,,48,19,W,0,Opponent Home,OPPONENT_HOME,,,,,,,REGULAR_SEASON,,163,Feb. 15 at Georgetown 48-19 W,resolved,,,,,,,
KYRAW-00055,kentucky,historical_record_book,1908-1909,1909,1909-02-18,Cincinnati,Cincinnati,cincinnati,Yes,28,23,W,0,Kentucky Home,SOURCE_PROGRAM_HOME,,,,,,,REGULAR_SEASON,,163,Feb. 18 CINCINNATI 28-23 W,resolved,,,,,,,
KYRAW-00056,kentucky,historical_record_book,1908-1909,1909,1909-02-26,Central,Centre,centre,No,20,26,L,0,Kentucky Home,SOURCE_PROGRAM_HOME,,,,,,,REGULAR_SEASON,,163,Feb. 26 CENTRAL U. 20-26 L,resolved,,,,,,,
KYRAW-00057,kentucky,historical_record_book,1909-1910,1910,1910-01-08,Kentucky Wesleyan,Kentucky Wesleyan,kentucky-wesleyan,No,14,12,W,1,Opponent Home,OPPONENT_HOME,,,,,,,REGULAR_SEASON,,163,Jan. 8 at Kentucky Wesleyan 14-12 W OT,resolved,,,,,,,
KYRAW-00058,kentucky,historical_record_book,1909-1910,1910,1910-01-22,Georgetown (Ky.),Georgetown College (KY),georgetown-college-ky,,31,11,W,0,Kentucky Home,SOURCE_PROGRAM_HOME,,,,,,,REGULAR_SEASON,,163,Jan. 22 GEORGETOWN 31-11 W,resolved,,,,,,,
KYRAW-00059,kentucky,historical_record_book,1909-1910,1910,1910-01-24,DePauw,DePauw,depauw,No,11,24,L,0,Kentucky Home,SOURCE_PROGRAM_HOME,,,,,,,REGULAR_SEASON,,163,Jan. 24 DePAUW 11-24 L,resolved,,,,,,,
KYRAW-00060,kentucky,historical_record_book,1909-1910,1910,1910-01-28,Central,Centre,centre,No,17,87,L,0,Opponent Home,OPPONENT_HOME,,,,,,,REGULAR_SEASON,,163,Jan. 28 at Central 17-87 L,resolved,,,,,,,
KYRAW-00061,kentucky,historical_record_book,1909-1910,1910,1910-02-04,Georgetown (Ky.),Georgetown College (KY),georgetown-college-ky,,16,34,L,0,Opponent Home,OPPONENT_HOME,,,,,,,REGULAR_SEASON,,163,Feb. 4 at Georgetown 16-34 L,resolved,,,,,,,
KYRAW-00062,kentucky,historical_record_book,1909-1910,1910,1910-02-07,Cincinnati,Cincinnati,cincinnati,Yes,17,47,L,0,Opponent Home,OPPONENT_HOME,,,,,,,REGULAR_SEASON,,163,Feb. 7 at Cincinnati 17-47 L,resolved,,,,,,,
KYRAW-00063,kentucky,historical_record_book,1909-1910,1910,1910-02-09,DePauw,DePauw,depauw,No,16,28,L,0,Opponent Home,OPPONENT_HOME,,,,,,,REGULAR_SEASON,,163,Feb. 9 at DePauw 16-28 L,resolved,,,,,,,
KYRAW-00064,kentucky,historical_record_book,1909-1910,1910,1910-02-10,Rose Polytechnic,Rose-Hulman,rose-hulman,No,11,52,L,0,Opponent Home,OPPONENT_HOME,,,,,,,REGULAR_SEASON,,163,Feb. 10 at Rose Poly Technic 11-52 L,resolved,,,,,,,
KYRAW-00065,kentucky,historical_record_book,1909-1910,1910,1910-02-16,Tennessee,Tennessee,tennessee,Yes,26,5,W,0,Kentucky Home,SOURCE_PROGRAM_HOME,,,,,,,REGULAR_SEASON,,163,Feb. 16 TENNESSEE 26-5 W,resolved,,,,,,,
KYRAW-00066,kentucky,historical_record_book,1909-1910,1910,1910-03-05,Central,Centre,centre,No,13,31,L,0,Kentucky Home,SOURCE_PROGRAM_HOME,,,,,,,REGULAR_SEASON,,163,Mar. 5 CENTRAL U. 13-31 L,resolved,,,,,,,
KYRAW-00067,kentucky,historical_record_book,1909-1910,1910,1910-03-08,Georgetown (Ky.),Georgetown College (KY),georgetown-college-ky,,24,23,W,0,Kentucky Home,SOURCE_PROGRAM_HOME,,,,,,,REGULAR_SEASON,,163,Mar. 8 GEORGETOWN 24-23 W,resolved,,,,,,,
KYRAW-00068,kentucky,historical_record_book,1909-1910,1910,1910-03-11,Central,Centre,centre,No,9,51,L,0,Opponent Home,OPPONENT_HOME,,,,,,,REGULAR_SEASON,,163,Mar. 11 at Central 9-51 L,resolved,,,,,,,
KYRAW-00069,kentucky,historical_record_book,1910-1911,1911,1911-01-13,Lexington High,Lexington High,lexington-high,No,29,36,L,0,Kentucky Home,SOURCE_PROGRAM_HOME,,,,,,,REGULAR_SEASON,,163,Jan. 13 LEXINGTON HIGH 29-36 L,resolved,,,,,,,
KYRAW-00070,kentucky,historical_record_book,1910-1911,1911,1911-01-20,Transylvania,Transylvania,transylvania,No,18,23,L,0,Kentucky Home,SOURCE_PROGRAM_HOME,,,,,,,REGULAR_SEASON,,163,Jan. 20 TRANSYLVANIA 18-23 L,resolved,,,,,,,
KYRAW-00071,kentucky,historical_record_book,1910-1911,1911,1911-01-27,Kentucky Wesleyan,Kentucky Wesleyan,kentucky-wesleyan,No,19,25,L,0,Opponent Home,OPPONENT_HOME,,,,,,,REGULAR_SEASON,,163,Jan. 27 at Kentucky Wesleyan 19-25 L,resolved,,,,,,,
KYRAW-00072,kentucky,historical_record_book,1910-1911,1911,1911-02-04,Bethany,Bethany,bethany,No,24,11,W,0,Kentucky Home,SOURCE_PROGRAM_HOME,,,,,,,REGULAR_SEASON,,163,Feb. 4 BETHANY 24-11 W,resolved,,,,,,,
KYRAW-00073,kentucky,historical_record_book,1910-1911,1911,1911-02-09,Ohio Wesleyan,Ohio Wesleyan,ohio-wesleyan,No,19,37,L,0,Opponent Home,OPPONENT_HOME,,,,,,,REGULAR_SEASON,,163,Feb. 9 at Ohio Wesleyan 19-37 L,resolved,,,,,,,
KYRAW-00074,kentucky,historical_record_book,1910-1911,1911,1911-02-10,Otterbein,Otterbein,otterbein,No,27,41,L,0,Opponent Home,OPPONENT_HOME,,,,,,,REGULAR_SEASON,,163,Feb. 10 at Otterbein 27-41 L,resolved,,,,,,,
KYRAW-00075,kentucky,historical_record_book,1910-1911,1911,1911-02-11,Christ Church,Christ Church,christ-church,,21,32,L,0,Opponent Home,OPPONENT_HOME,,,,,,,REGULAR_SEASON,,163,"Feb. 11 at Christ Church, Cin. 21-32 L",resolved,,,,,,,
KYRAW-00076,kentucky,historical_record_book,1910-1911,1911,1911-02-17,Georgetown (Ky.),Georgetown College (KY),georgetown-college-ky,,47,22,W,0,Opponent Home,OPPONENT_HOME,,,,,,,REGULAR_SEASON,,163,Feb. 17 at Georgetown 47-22 W,resolved,,,,,,,
KYRAW-00077,kentucky,historical_record_book,1910-1911,1911,1911-02-23,Butler,Butler,butler,Yes,21,16,W,0,Kentucky Home,SOURCE_PROGRAM_HOME,,,,,,,REGULAR_SEASON,,163,Feb. 23 BUTLER 21-16 W,resolved,,,,,,,
KYRAW-00078,kentucky,historical_record_book,1910-1911,1911,1911-02-27,Transylvania,Transylvania,transylvania,No,22,19,W,0,Opponent Home,OPPONENT_HOME,,,,,,,REGULAR_SEASON,,163,Feb. 27 at Transylvania 22-19 W,resolved,,,,,,,
KYRAW-00079,kentucky,historical_record_book,1910-1911,1911,1911-03-03,Transylvania,Transylvania,transylvania,No,30,24,W,0,Kentucky Home,SOURCE_PROGRAM_HOME,,,,,,,REGULAR_SEASON,,163,Mar. 3 TRANSYLVANIA 30-24 W,resolved,,,,,,,
KYRAW-00080,kentucky,historical_record_book,1911-1912,1912,1912-01-05,Georgetown (Ky.),Georgetown College (KY),georgetown-college-ky,,38,9,W,0,Kentucky Home,SOURCE_PROGRAM_HOME,,,,,,,REGULAR_SEASON,,164,Jan. 5 GEORGETOWN 38-9 W,resolved,,,,,,,
KYRAW-00081,kentucky,historical_record_book,1911-1912,1912,1912-01-12,Central,Centre,centre,No,32,13,W,0,Opponent Home,OPPONENT_HOME,,,,,,,REGULAR_SEASON,,164,Jan. 12 at Central U. 32-13 W,resolved,,,,,,,
KYRAW-00082,kentucky,historical_record_book,1911-1912,1912,1912-01-19,Miami (Ohio),Miami University,miami-oh,Yes,31,14,W,0,Kentucky Home,SOURCE_PROGRAM_HOME,,,,,,,REGULAR_SEASON,,164,Jan. 19 MIAMI (OHIO) 31-14 W,resolved,,,,,,,
KYRAW-00083,kentucky,historical_record_book,1911-1912,1912,1912-01-27,Lexington YMCA,Lexington YMCA,lexington-ymca,No,32,20,W,0,Kentucky Home,SOURCE_PROGRAM_HOME,,,,,,,REGULAR_SEASON,,164,Jan. 27 LEXINGTON YMCA 32-20 W,resolved,,,,,,,
KYRAW-00084,kentucky,historical_record_book,1911-1912,1912,1912-02-01,Central,Centre,centre,No,52,10,W,0,Kentucky Home,SOURCE_PROGRAM_HOME,,,,,,,REGULAR_SEASON,,164,Feb. 1 CENTRAL U. 52-10 W,resolved,,,,,,,
KYRAW-00085,kentucky,historical_record_book,1911-1912,1912,1912-02-07,Tennessee,Tennessee,tennessee,Yes,27,15,W,0,Kentucky Home,SOURCE_PROGRAM_HOME,,,,,,,REGULAR_SEASON,,164,Feb. 7 TENNESSEE 27-15 W,resolved,,,,,,,
KYRAW-00086,kentucky,historical_record_book,1911-1912,1912,1912-02-22,Vanderbilt,Vanderbilt,vanderbilt,Yes,28,17,W,0,Kentucky Home,SOURCE_PROGRAM_HOME,,,,,,,REGULAR_SEASON,,164,Feb. 22 VANDERBILT 28-17 W,resolved,,,,,,,
KYRAW-00087,kentucky,historical_record_book,1911-1912,1912,1912-02-23,Vanderbilt,Vanderbilt,vanderbilt,Yes,22,18,W,0,Kentucky Home,SOURCE_PROGRAM_HOME,,,,,,,REGULAR_SEASON,,164,Feb. 23 VANDERBILT 22-18 W,resolved,,,,,,,
KYRAW-00088,kentucky,historical_record_book,1911-1912,1912,1912-03-01,Georgetown (Ky.),Georgetown College (KY),georgetown-college-ky,,19,18,W,0,Opponent Home,OPPONENT_HOME,,,,,,,REGULAR_SEASON,,164,Mar. 1 at Georgetown 19-18 W,resolved,,,,,,,
KYRAW-00089,kentucky,historical_record_book,1912-1913,1913,1913-01-24,Lexington YMCA,Lexington YMCA,lexington-ymca,No,25,27,L,0,Kentucky Home,SOURCE_PROGRAM_HOME,,,,,,,REGULAR_SEASON,,164,Jan. 24 LEXINGTON YMCA 25-27 L,resolved,,,,,,,
KYRAW-00090,kentucky,historical_record_book,1912-1913,1913,1913-02-08,Cincinnati,Cincinnati,cincinnati,Yes,20,18,W,0,Kentucky Home,SOURCE_PROGRAM_HOME,,,,,,,REGULAR_SEASON,,164,Feb. 8 CINCINNATI 20-18 W,resolved,,,,,,,
KYRAW-00091,kentucky,historical_record_book,1912-1913,1913,1913-02-13,Marietta,Marietta,marietta,No,42,16,W,0,Kentucky Home,SOURCE_PROGRAM_HOME,,,,,,,REGULAR_SEASON,,164,Feb. 13 MARIETTA 42-16 W,resolved,,,,,,,
KYRAW-00092,kentucky,historical_record_book,1912-1913,1913,1913-02-15,Louisville,Louisville,louisville,Yes,34,10,W,0,Kentucky Home,SOURCE_PROGRAM_HOME,,,,,,,REGULAR_SEASON,,164,Feb. 15 LOUISVILLE 34-10 W,resolved,,,,,,,
KYRAW-00093,kentucky,historical_record_book,1912-1913,1913,1913-02-19,Vanderbilt,Vanderbilt,vanderbilt,Yes,17,24,L,0,Kentucky Home,SOURCE_PROGRAM_HOME,,,,,,,REGULAR_SEASON,,164,Feb. 19 VANDERBILT 17-24 L,resolved,,,,,,,
KYRAW-00094,kentucky,historical_record_book,1912-1913,1913,1913-02-20,Vanderbilt,Vanderbilt,vanderbilt,Yes,42,29,W,0,Kentucky Home,SOURCE_PROGRAM_HOME,,,,,,,REGULAR_SEASON,,164,Feb. 20 VANDERBILT 42-29 W,resolved,,,,,,,
KYRAW-00095,kentucky,historical_record_book,1912-1913,1913,1913-02-27,Miami (Ohio),Miami University,miami-oh,Yes,24,16,W,0,Kentucky Home,SOURCE_PROGRAM_HOME,,,,,,,REGULAR_SEASON,,164,Feb. 27 MIAMI (OHIO) 24-16 W,resolved,,,,,,,
KYRAW-00096,kentucky,historical_record_book,1912-1913,1913,1913-03-01,Christ Church,Christ Church,christ-church,,19,30,L,0,Kentucky Home,SOURCE_PROGRAM_HOME,,,,,,,REGULAR_SEASON,,164,"Mar. 1 CHRIST CHURCH, CIN. 19-30 L",resolved,,,,,,,
KYRAW-00097,kentucky,historical_record_book,1913-1914,1914,1914-01-10,Ashland YMCA,Ashland YMCA,ashland-ymca,No,28,15,W,0,Kentucky Home,SOURCE_PROGRAM_HOME,,,,,,,REGULAR_SEASON,,164,Jan. 10 ASHLAND YMCA 28-15 W,resolved,,,,,,,
KYRAW-00098,kentucky,historical_record_book,1913-1914,1914,1914-01-17,Louisville YMCA,Louisville YMCA,louisville-ymca,No,30,21,W,0,Kentucky Home,SOURCE_PROGRAM_HOME,,,,,,,REGULAR_SEASON,,164,Jan. 17 LOUISVILLE YMCA 30-21 W,resolved,,,,,,,
KYRAW-00099,kentucky,historical_record_book,1913-1914,1914,1914-01-20,Ashland YMCA,Ashland YMCA,ashland-ymca,No,30,19,W,0,Opponent Home,OPPONENT_HOME,,,,,,,REGULAR_SEASON,,164,Jan. 20 at Ashland YMCA 30-19 W,resolved,,,,,,,
KYRAW-00100,kentucky,historical_record_book,1913-1914,1914,1914-01-21,Marshall,Marshall,marshall,Yes,46,6,W,0,Opponent Home,OPPONENT_HOME,,,,,,,REGULAR_SEASON,,164,Jan. 21 at Marshall 46-6 W,resolved,,,,,,,
KYRAW-00101,kentucky,historical_record_book,1913-1914,1914,1914-01-22,Virginia,Virginia,virginia,Yes,23,39,L,0,Opponent Home,OPPONENT_HOME,,,,,,,REGULAR_SEASON,,164,Jan. 22 at Virginia 23-39 L,resolved,,,,,,,
KYRAW-00102,kentucky,historical_record_book,1913-1914,1914,1914-01-24,VMI,VMI,vmi,Yes,18,32,L,0,Opponent Home,OPPONENT_HOME,,,,,,,REGULAR_SEASON,,164,Jan. 24 at VMI 18-32 L,resolved,,,,,,,
KYRAW-00103,kentucky,historical_record_book,1913-1914,1914,1914-01-31,Louisville YMHA,Louisville YMHA,louisville-ymha,No,59,12,W,0,Kentucky Home,SOURCE_PROGRAM_HOME,,,,,,,REGULAR_SEASON,,164,Jan. 31 LOUISVILLE YMHA 59-12 W,resolved,,,,,,,
KYRAW-00104,kentucky,historical_record_book,1913-1914,1914,1914-02-07,Louisville,Louisville,louisville,Yes,22,17,W,0,Kentucky Home,SOURCE_PROGRAM_HOME,,,,,,,REGULAR_SEASON,,164,Feb. 7 LOUISVILLE 22-17 W,resolved,,,,,,,
KYRAW-00105,kentucky,historical_record_book,1913-1914,1914,1914-02-11,Tennessee,Tennessee,tennessee,Yes,21,14,W,0,Kentucky Home,SOURCE_PROGRAM_HOME,,,,,,,REGULAR_SEASON,,164,Feb. 11 TENNESSEE 21-14 W,resolved,,,,,,,
KYRAW-00106,kentucky,historical_record_book,1913-1914,1914,1914-02-12,Tennessee,Tennessee,tennessee,Yes,20,18,W,0,Kentucky Home,SOURCE_PROGRAM_HOME,,,,,,,REGULAR_SEASON,,164,Feb. 12 TENNESSEE 20-18 W,resolved,,,,,,,
KYRAW-00107,kentucky,historical_record_book,1913-1914,1914,1914-02-21,Cincinnati,Cincinnati,cincinnati,Yes,20,18,W,0,Kentucky Home,SOURCE_PROGRAM_HOME,,,,,,,REGULAR_SEASON,,164,Feb. 21 CINCINNATI 20-18 W,resolved,,,,,,,
KYRAW-00108,kentucky,historical_record_book,1913-1914,1914,1914-02-23,Chattanooga,Chattanooga,chattanooga,Yes,40,7,W,0,Kentucky Home,SOURCE_PROGRAM_HOME,,,,,,,REGULAR_SEASON,,164,Feb. 23 CHATTANOOGA 40-7 W,resolved,,,,,,,
KYRAW-00109,kentucky,historical_record_book,1913-1914,1914,1914-02-28,Marietta,Marietta,marietta,No,19,17,W,0,Kentucky Home,SOURCE_PROGRAM_HOME,,,,,,,REGULAR_SEASON,,164,Feb. 28 MARIETTA 19-17 W,resolved,,,,,,,
KYRAW-00110,kentucky,historical_record_book,1913-1914,1914,1914-03-03,Louisville,Louisville,louisville,Yes,26,13,W,0,Opponent Home,OPPONENT_HOME,,,,,,,REGULAR_SEASON,,164,Mar. 3 at Louisville 26-13 W,resolved,,,,,,,
KYRAW-00111,kentucky,historical_record_book,1914-1915,1915,1915-01-16,Maryville,Maryville,maryville,No,37,17,W,0,Kentucky Home,SOURCE_PROGRAM_HOME,,,,,,,REGULAR_SEASON,,164,Jan. 16 MARYVILLE 37-17 W,resolved,,,,,,,
KYRAW-00112,kentucky,historical_record_book,1914-1915,1915,1915-01-23,Louisville,Louisville,louisville,Yes,18,14,W,0,Kentucky Home,SOURCE_PROGRAM_HOME,,,,,,,REGULAR_SEASON,,164,Jan. 23 LOUISVILLE 18-14 W,resolved,,,,,,,
KYRAW-00113,kentucky,historical_record_book,1914-1915,1915,1915-01-30,St. Andrews,St. Andrews,st-andrews,No,32,15,W,0,Kentucky Home,SOURCE_PROGRAM_HOME,,,,,,,REGULAR_SEASON,,164,Jan. 30 ST. ANDREWS 32-15 W,resolved,,,,,,,
KYRAW-00114,kentucky,historical_record_book,1914-1915,1915,1915-02-04,Maryville,Maryville,maryville,No,23,22,W,0,Opponent Home,OPPONENT_HOME,,,,,,,REGULAR_SEASON,,164,Feb. 4 at Maryville 23-22 W,resolved,,,,,,,
KYRAW-00115,kentucky,historical_record_book,1914-1915,1915,1915-02-05,Tennessee,Tennessee,tennessee,Yes,21,36,L,0,Opponent Home,OPPONENT_HOME,,,,,,,REGULAR_SEASON,,164,Feb. 5 at Tennessee 21-36 L,resolved,,,,,,,
KYRAW-00116,kentucky,historical_record_book,1914-1915,1915,1915-02-06,Tennessee,Tennessee,tennessee,Yes,22,27,L,0,Opponent Home,OPPONENT_HOME,,,,,,,REGULAR_SEASON,,164,Feb. 6 at Tennessee 22-27 L,resolved,,,,,,,
KYRAW-00117,kentucky,historical_record_book,1914-1915,1915,1915-02-12,Vanderbilt,Vanderbilt,vanderbilt,Yes,34,39,L,0,Kentucky Home,SOURCE_PROGRAM_HOME,,,,,,,REGULAR_SEASON,,164,Feb. 12 VANDERBILT 34-39 L,resolved,,,,,,,
KYRAW-00118,kentucky,historical_record_book,1914-1915,1915,1915-02-13,Vanderbilt,Vanderbilt,vanderbilt,Yes,36,24,W,0,Kentucky Home,SOURCE_PROGRAM_HOME,,,,,,,REGULAR_SEASON,,164,Feb. 13 VANDERBILT 36-24 W,resolved,,,,,,,
KYRAW-00119,kentucky,historical_record_book,1914-1915,1915,1915-02-17,Tennessee,Tennessee,tennessee,Yes,22,13,W,0,Kentucky Home,SOURCE_PROGRAM_HOME,,,,,,,REGULAR_SEASON,,164,Feb. 17 TENNESSEE 22-13 W,resolved,,,,,,,
KYRAW-00120,kentucky,historical_record_book,1914-1915,1915,1915-02-18,Tennessee,Tennessee,tennessee,Yes,20,18,W,0,Kentucky Home,SOURCE_PROGRAM_HOME,,,,,,,REGULAR_SEASON,,164,Feb. 18 TENNESSEE 20-18 W,resolved,,,,,,,
KYRAW-00121,kentucky,historical_record_book,1914-1915,1915,1915-02-26,St. Andrews,St. Andrews,st-andrews,No,25,50,L,0,Neutral,NEUTRAL,,,,,,,REGULAR_SEASON,,164,Feb. 26 vs. St. Andrews 25-50 L,resolved,,,,,,,
KYRAW-00122,kentucky,historical_record_book,1914-1915,1915,1915-02-27,Louisville,Louisville,louisville,Yes,15,26,L,0,Opponent Home,OPPONENT_HOME,,,,,,,REGULAR_SEASON,,164,Feb. 27 at Louisville 15-26 L,resolved,,,,,,,
KYRAW-00123,kentucky,historical_record_book,1915-1916,1916,1916-01-14,Cincinnati,Cincinnati,cincinnati,Yes,39,24,W,0,Opponent Home,OPPONENT_HOME,,,,,,,REGULAR_SEASON,,164,Jan. 14 at Cincinnati 39-24 W,resolved,,,,,,,
KYRAW-00124,kentucky,historical_record_book,1915-1916,1916,1916-01-18,Georgetown (Ky.),Georgetown College (KY),georgetown-college-ky,,29,22,W,0,Opponent Home,OPPONENT_HOME,,,,,,,REGULAR_SEASON,,164,Jan. 18 at Georgetown 29-22 W,resolved,,,,,,,
KYRAW-00125,kentucky,historical_record_book,1915-1916,1916,1916-01-31,Georgetown (Ky.),Georgetown College (KY),georgetown-college-ky,,30,22,W,0,Kentucky Home,SOURCE_PROGRAM_HOME,,,,,,,REGULAR_SEASON,,164,Jan. 31 GEORGETOWN 30-22 W,resolved,,,,,,,
KYRAW-00126,kentucky,historical_record_book,1915-1916,1916,1916-02-04,Vanderbilt,Vanderbilt,vanderbilt,Yes,25,39,L,0,Kentucky Home,SOURCE_PROGRAM_HOME,,,,,,,REGULAR_SEASON,,164,Feb. 4 VANDERBILT 25-39 L,resolved,,,,,,,
KYRAW-00127,kentucky,historical_record_book,1915-1916,1916,1916-02-05,Vanderbilt,Vanderbilt,vanderbilt,Yes,20,23,L,0,Kentucky Home,SOURCE_PROGRAM_HOME,,,,,,,REGULAR_SEASON,,164,Feb. 5 VANDERBILT 20-23 L,resolved,,,,,,,
KYRAW-00128,kentucky,historical_record_book,1915-1916,1916,1916-02-12,Louisville,Louisville,louisville,Yes,22,28,L,0,Kentucky Home,SOURCE_PROGRAM_HOME,,,,,,,REGULAR_SEASON,,164,Feb. 12 LOUISVILLE 22-28 L,resolved,,,,,,,
KYRAW-00129,kentucky,historical_record_book,1915-1916,1916,1916-02-15,Centre,Centre,centre,No,38,5,W,0,Opponent Home,OPPONENT_HOME,,,,,,,REGULAR_SEASON,,164,Feb. 15 at Centre 38-5 W,resolved,,,,,,,
KYRAW-00130,kentucky,historical_record_book,1915-1916,1916,1916-02-19,Cincinnati,Cincinnati,cincinnati,Yes,34,10,W,0,Kentucky Home,SOURCE_PROGRAM_HOME,,,,,,,REGULAR_SEASON,,164,Feb. 19 CINCINNATI 34-10 W,resolved,,,,,,,
KYRAW-00131,kentucky,historical_record_book,1915-1916,1916,1916-02-22,Louisville,Louisville,louisville,Yes,32,24,W,0,Opponent Home,OPPONENT_HOME,,,,,,,REGULAR_SEASON,,164,Feb. 22 at Louisville 32-24 W,resolved,,,,,,,
KYRAW-00132,kentucky,historical_record_book,1915-1916,1916,1916-02-23,Tennessee,Tennessee,tennessee,Yes,17,28,L,0,Kentucky Home,SOURCE_PROGRAM_HOME,,,,,,,REGULAR_SEASON,,164,Feb. 23 TENNESSEE 17-28 L,resolved,,,,,,,
KYRAW-00133,kentucky,historical_record_book,1915-1916,1916,1916-02-26,Maryville,Maryville,maryville,No,36,25,W,0,Kentucky Home,SOURCE_PROGRAM_HOME,,,,,,,REGULAR_SEASON,,164,Feb. 26 MARYVILLE 36-25 W,resolved,,,,,,,
KYRAW-00134,kentucky,historical_record_book,1915-1916,1916,1916-02-29,Centre,Centre,centre,No,38,14,W,0,Kentucky Home,SOURCE_PROGRAM_HOME,,,,,,,REGULAR_SEASON,,164,Feb. 29 CENTRE 38-14 W,resolved,,,,,,,
KYRAW-00135,kentucky,historical_record_book,1915-1916,1916,1916-03-03,Marietta,Marietta,marietta,No,22,27,L,0,Kentucky Home,SOURCE_PROGRAM_HOME,,,,,,,REGULAR_SEASON,,164,Mar. 3 MARIETTA 22-27 L,resolved,,,,,,,
KYRAW-00136,kentucky,historical_record_book,1915-1916,1916,1916-03-04,Marietta,Marietta,marietta,No,23,27,L,0,Kentucky Home,SOURCE_PROGRAM_HOME,,,,,,,REGULAR_SEASON,,164,Mar. 4 MARIETTA 23-27 L,resolved,,,,,,,
KYRAW-00137,kentucky,historical_record_book,1916-1917,1917,1917-01-17,Centre,Centre,centre,No,31,21,W,0,Kentucky Home,SOURCE_PROGRAM_HOME,,,,,,,REGULAR_SEASON,,164,Jan. 17 CENTRE 31-21 W,resolved,,,,,,,
KYRAW-00138,kentucky,historical_record_book,1916-1917,1917,1917-01-27,Georgetown (Ky.),Georgetown College (KY),georgetown-college-ky,,19,22,L,0,Opponent Home,OPPONENT_HOME,,,,,,,REGULAR_SEASON,,164,Jan. 27 at Georgetown 19-22 L,resolved,,,,,,,
KYRAW-00139,kentucky,historical_record_book,1916-1917,1917,1917-01-30,Rose Polytechnic,Rose-Hulman,rose-hulman,No,33,12,W,0,Kentucky Home,SOURCE_PROGRAM_HOME,,,,,,,REGULAR_SEASON,,164,Jan. 30 ROSE POLY TECH 33-12 W,resolved,,,,,,,
KYRAW-00140,kentucky,historical_record_book,1916-1917,1917,1917-02-09,Tennessee,Tennessee,tennessee,Yes,20,23,L,0,Kentucky Home,SOURCE_PROGRAM_HOME,,,,,,,REGULAR_SEASON,,164,Feb. 9 TENNESSEE 20-23 L,resolved,,,,,,,
KYRAW-00141,kentucky,historical_record_book,1916-1917,1917,1917-02-10,Tennessee,Tennessee,tennessee,Yes,19,22,L,0,Kentucky Home,SOURCE_PROGRAM_HOME,,,,,,,REGULAR_SEASON,,164,Feb. 10 TENNESSEE 19-22 L,resolved,,,,,,,
KYRAW-00142,kentucky,historical_record_book,1916-1917,1917,1917-02-16,Centre,Centre,centre,No,24,28,L,0,Opponent Home,OPPONENT_HOME,,,,,,,REGULAR_SEASON,,164,Feb. 16 at Centre 24-28 L,resolved,,,,,,,
KYRAW-00143,kentucky,historical_record_book,1916-1917,1917,1917-02-21,Georgetown (Ky.),Georgetown College (KY),georgetown-college-ky,,32,18,W,0,Kentucky Home,SOURCE_PROGRAM_HOME,,,,,,,REGULAR_SEASON,,164,Feb. 21 GEORGETOWN 32-18 W,resolved,,,,,,,
KYRAW-00144,kentucky,historical_record_book,1916-1917,1917,1917-03-01,Cumberland,Cumberland,cumberland,No,48,20,W,0,Opponent Home,OPPONENT_HOME,,,,,,,REGULAR_SEASON,,164,Mar. 1 at Cumberland 48-20 W,resolved,,,,,,,
KYRAW-00145,kentucky,historical_record_book,1916-1917,1917,1917-03-02,Tennessee,Tennessee,tennessee,Yes,26,27,L,0,Opponent Home,OPPONENT_HOME,,,,,,,REGULAR_SEASON,,164,Mar. 2 at Tennessee 26-27 L,resolved,,,,,,,
KYRAW-00146,kentucky,historical_record_book,1916-1917,1917,1917-03-03,Tennessee,Tennessee,tennessee,Yes,10,30,L,0,Opponent Home,OPPONENT_HOME,,,,,,,REGULAR_SEASON,,164,Mar. 3 at Tennessee 10-30 L,resolved,,,,,,,
KYRAW-00147,kentucky,historical_record_book,1917-1918,1918,1918-01-09,Kentucky Wesleyan,Kentucky Wesleyan,kentucky-wesleyan,No,23,13,W,0,Kentucky Home,SOURCE_PROGRAM_HOME,,,,,,,REGULAR_SEASON,,164,Jan. 9 KENTUCKY WESLEYAN 23-13 W,resolved,,,,,,,
KYRAW-00148,kentucky,historical_record_book,1917-1918,1918,1918-01-17,Centre,Centre,centre,No,21,29,L,0,Opponent Home,OPPONENT_HOME,,,,,,,REGULAR_SEASON,,164,Jan. 17 at Centre 21-29 L,resolved,,,,,,,
KYRAW-00149,kentucky,historical_record_book,1917-1918,1918,1918-01-24,Georgetown (Ky.),Georgetown College (KY),georgetown-college-ky,,22,18,W,0,Kentucky Home,SOURCE_PROGRAM_HOME,,,,,,,REGULAR_SEASON,,164,Jan. 24 GEORGETOWN 22-18 W,resolved,,,,,,,
KYRAW-00150,kentucky,historical_record_book,1917-1918,1918,1918-02-07,Tennessee,Tennessee,tennessee,Yes,33,26,W,0,Kentucky Home,SOURCE_PROGRAM_HOME,,,,,,,REGULAR_SEASON,,164,Feb. 7 TENNESSEE 33-26 W,resolved,,,,,,,
KYRAW-00151,kentucky,historical_record_book,1917-1918,1918,1918-02-08,Tennessee,Tennessee,tennessee,Yes,40,12,W,0,Kentucky Home,SOURCE_PROGRAM_HOME,,,,,,,REGULAR_SEASON,,164,Feb. 8 TENNESSEE 40-12 W,resolved,,,,,,,
KYRAW-00152,kentucky,historical_record_book,1917-1918,1918,1918-02-09,Kentucky Wesleyan,Kentucky Wesleyan,kentucky-wesleyan,No,21,21,T,0,Opponent Home,OPPONENT_HOME,,,,,,,REGULAR_SEASON,,164,Feb. 9 at Kentucky Wesleyan# 21-21 T,resolved,,,,,,,
KYRAW-00153,kentucky,historical_record_book,1917-1918,1918,1918-02-14,Georgetown (Ky.),Georgetown College (KY),georgetown-college-ky,,25,16,W,0,Opponent Home,OPPONENT_HOME,,,,,,,REGULAR_SEASON,,164,Feb. 14 at Georgetown 25-16 W,resolved,,,,,,,
KYRAW-00154,kentucky,historical_record_book,1917-1918,1918,1918-02-21,Centre,Centre,centre,No,22,20,W,3,Kentucky Home,SOURCE_PROGRAM_HOME,,,,,,,REGULAR_SEASON,,164,Feb. 21 CENTRE 22-20 W 3OT,resolved,,,,,,,
KYRAW-00155,kentucky,historical_record_book,1917-1918,1918,1918-02-28,Cumberland,Cumberland,cumberland,No,42,21,W,0,Kentucky Home,SOURCE_PROGRAM_HOME,,,,,,,REGULAR_SEASON,,165,Feb. 28 Cumberland 42-21 W,resolved,,,,,,,
KYRAW-00156,kentucky,historical_record_book,1917-1918,1918,1918-03-01,Tennessee,Tennessee,tennessee,Yes,29,18,W,0,Opponent Home,OPPONENT_HOME,,,,,,,REGULAR_SEASON,,165,Mar. 1 at Tennessee 29-18 W,resolved,,,,,,,
KYRAW-00157,kentucky,historical_record_book,1917-1918,1918,1918-03-02,Tennessee,Tennessee,tennessee,Yes,32,20,W,0,Opponent Home,OPPONENT_HOME,,,,,,,REGULAR_SEASON,,165,Mar. 2 at Tennessee 32-20 W,resolved,,,,,,,
KYRAW-00158,kentucky,historical_record_book,1917-1918,1918,1918-03-09,Centre,Centre,centre,No,12,24,L,0,Kentucky Home,SOURCE_PROGRAM_HOME,,,,,,,REGULAR_SEASON,,165,Mar. 9 Centre 12-24 L,resolved,,,,,,,
KYRAW-00159,kentucky,historical_record_book,1918-1919,1919,1919-01-13,Kentucky Wesleyan,Kentucky Wesleyan,kentucky-wesleyan,No,46,5,W,0,Kentucky Home,SOURCE_PROGRAM_HOME,,,,,,,REGULAR_SEASON,,165,Jan. 13 KENTUCKY WESLEYAN 46-5 W,resolved,,,,,,,
KYRAW-00160,kentucky,historical_record_book,1918-1919,1919,1919-01-18,Georgetown (Ky.),Georgetown College (KY),georgetown-college-ky,,30,32,L,0,Kentucky Home,SOURCE_PROGRAM_HOME,,,,,,,REGULAR_SEASON,,165,Jan. 18 GEORGETOWN 30-32 L,resolved,,,,,,,
KYRAW-00161,kentucky,historical_record_book,1918-1919,1919,1919-01-25,Centre,Centre,centre,No,30,38,L,0,Opponent Home,OPPONENT_HOME,,,,,,,REGULAR_SEASON,,165,Jan. 25 at Centre 30-38 L,resolved,,,,,,,
KYRAW-00162,kentucky,historical_record_book,1918-1919,1919,1919-01-31,Cincinnati,Cincinnati,cincinnati,Yes,18,28,L,0,Opponent Home,OPPONENT_HOME,,,,,,,REGULAR_SEASON,,165,Jan. 31 at Cincinnati 18-28 L,resolved,,,,,,,
KYRAW-00163,kentucky,historical_record_book,1918-1919,1919,1919-02-06,Chattanooga,Chattanooga,chattanooga,Yes,28,25,W,0,Opponent Home,OPPONENT_HOME,,,,,,,REGULAR_SEASON,,165,Feb. 6 at Chattanooga 28-25 W,resolved,,,,,,,
KYRAW-00164,kentucky,historical_record_book,1918-1919,1919,1919-02-07,Tennessee,Tennessee,tennessee,Yes,22,40,L,0,Opponent Home,OPPONENT_HOME,,,,,,,REGULAR_SEASON,,165,Feb. 7 at Tennessee 22-40 L,resolved,,,,,,,
KYRAW-00165,kentucky,historical_record_book,1918-1919,1919,1919-02-08,Cumberland,Cumberland,cumberland,No,22,21,W,0,Opponent Home,OPPONENT_HOME,,,,,,,REGULAR_SEASON,,165,Feb. 8 at Cumberland 22-21 W,resolved,,,,,,,
KYRAW-00166,kentucky,historical_record_book,1918-1919,1919,1919-02-14,Vanderbilt,Vanderbilt,vanderbilt,Yes,26,36,L,0,Kentucky Home,SOURCE_PROGRAM_HOME,,,,,,,REGULAR_SEASON,,165,Feb. 14 VANDERBILT 26-36 L,resolved,,,,,,,
KYRAW-00167,kentucky,historical_record_book,1918-1919,1919,1919-02-15,Georgetown (Ky.),Georgetown College (KY),georgetown-college-ky,,18,22,L,0,Opponent Home,OPPONENT_HOME,,,,,,,REGULAR_SEASON,,165,Feb. 15 at Georgetown 18-22 L,resolved,,,,,,,
KYRAW-00168,kentucky,historical_record_book,1918-1919,1919,1919-02-21,Cincinnati,Cincinnati,cincinnati,Yes,34,21,W,0,Kentucky Home,SOURCE_PROGRAM_HOME,,,,,,,REGULAR_SEASON,,165,Feb. 21 CINCINNATI 34-21 W,resolved,,,,,,,
KYRAW-00169,kentucky,historical_record_book,1918-1919,1919,1919-02-22,Kentucky Wesleyan,Kentucky Wesleyan,kentucky-wesleyan,No,18,13,W,0,Opponent Home,OPPONENT_HOME,,,,,,,REGULAR_SEASON,,165,Feb. 22 at Kentucky Wesleyan 18-13 W,resolved,,,,,,,
KYRAW-00170,kentucky,historical_record_book,1918-1919,1919,1919-02-24,Centre,Centre,centre,No,10,21,L,0,Kentucky Home,SOURCE_PROGRAM_HOME,,,,,,,REGULAR_SEASON,,165,Feb. 24 CENTRE 10-21 L,resolved,,,,,,,
KYRAW-00171,kentucky,historical_record_book,1918-1919,1919,1919-02-28,Tennessee,Tennessee,tennessee,Yes,30,14,W,0,Kentucky Home,SOURCE_PROGRAM_HOME,,,,,,,REGULAR_SEASON,,165,Feb. 28 TENNESSEE 30-14 W,resolved,,,,,,,
KYRAW-00172,kentucky,historical_record_book,1918-1919,1919,1919-03-08,Miami (Ohio),Miami University,miami-oh,Yes,14,38,L,0,Kentucky Home,SOURCE_PROGRAM_HOME,,,,,,,REGULAR_SEASON,,165,Mar. 8 MIAMI (OHIO) 14-38 L,resolved,,,,,,,
KYRAW-00173,kentucky,historical_record_book,1919-1920,1920,1920-01-17,Cincinnati,Cincinnati,cincinnati,Yes,11,13,L,0,Opponent Home,OPPONENT_HOME,,,,,,,REGULAR_SEASON,,165,Jan. 17 at Cincinnati 11-13 L,resolved,,,,,,,
KYRAW-00174,kentucky,historical_record_book,1919-1920,1920,1920-01-22,Maryville,Maryville,maryville,No,27,13,W,0,Kentucky Home,SOURCE_PROGRAM_HOME,,,,,,,REGULAR_SEASON,,165,Jan. 22 MARYVILLE 27-13 W,resolved,,,,,,,
KYRAW-00175,kentucky,historical_record_book,1919-1920,1920,1920-01-31,Georgetown (Ky.),Georgetown College (KY),georgetown-college-ky,,25,14,W,0,Kentucky Home,SOURCE_PROGRAM_HOME,,,,,,,REGULAR_SEASON,,165,Jan. 31 GEORGETOWN 25-14 W,resolved,,,,,,,
KYRAW-00176,kentucky,historical_record_book,1919-1920,1920,1920-02-05,Tennessee,Tennessee,tennessee,Yes,24,29,L,0,Kentucky Home,SOURCE_PROGRAM_HOME,,,,,,,REGULAR_SEASON,,165,Feb. 5 TENNESSEE 24-29 L,resolved,,,,,,,
KYRAW-00177,kentucky,historical_record_book,1919-1920,1920,1920-02-07,Tennessee,Tennessee,tennessee,Yes,26,27,L,0,Kentucky Home,SOURCE_PROGRAM_HOME,,,,,,,REGULAR_SEASON,,165,Feb. 7 TENNESSEE 26-27 L,resolved,,,,,,,
KYRAW-00178,kentucky,historical_record_book,1919-1920,1920,1920-02-14,Centre,Centre,centre,No,15,44,L,0,Opponent Home,OPPONENT_HOME,,,,,,,REGULAR_SEASON,,165,Feb. 14 at Centre 15-44 L,resolved,,,,,,,
KYRAW-00179,kentucky,historical_record_book,1919-1920,1920,1920-02-17,Georgetown (Ky.),Georgetown College (KY),georgetown-college-ky,,28,16,W,0,Opponent Home,OPPONENT_HOME,,,,,,,REGULAR_SEASON,,165,Feb. 17 at Georgetown 28-16 W,resolved,,,,,,,
KYRAW-00180,kentucky,historical_record_book,1919-1920,1920,1920-02-21,Kentucky Wesleyan,Kentucky Wesleyan,kentucky-wesleyan,No,43,13,W,0,Kentucky Home,SOURCE_PROGRAM_HOME,,,,,,,REGULAR_SEASON,,165,Feb. 21 KENTUCKY WESLEYAN 43-13 W,resolved,,,,,,,
KYRAW-00181,kentucky,historical_record_book,1919-1920,1920,1920-02-26,Cumberland,Cumberland,cumberland,No,21,30,L,0,Kentucky Home,SOURCE_PROGRAM_HOME,,,,,,,REGULAR_SEASON,,165,Feb. 26 Cumberland 21-30 L,resolved,,,,,,,
KYRAW-00182,kentucky,historical_record_book,1919-1920,1920,1920-02-27,Tennessee,Tennessee,tennessee,Yes,25,28,L,0,Opponent Home,OPPONENT_HOME,,,,,,,REGULAR_SEASON,,165,Feb. 27 at Tennessee 25-28 L,resolved,,,,,,,
KYRAW-00183,kentucky,historical_record_book,1919-1920,1920,1920-02-28,Tennessee,Tennessee,tennessee,Yes,34,26,W,0,Opponent Home,OPPONENT_HOME,,,,,,,REGULAR_SEASON,,165,Feb. 28 at Tennessee 34-26 W,resolved,,,,,,,
KYRAW-00184,kentucky,historical_record_book,1919-1920,1920,1920-03-06,Centre,Centre,centre,No,18,20,L,1,Kentucky Home,SOURCE_PROGRAM_HOME,,,,,,,REGULAR_SEASON,,165,Mar. 6 CENTRE 18-20 L OT,resolved,,,,,,,
KYRAW-00185,kentucky,historical_record_book,1920-1921,1921,1921-01-12,Kentucky Wesleyan,Kentucky Wesleyan,kentucky-wesleyan,No,38,13,W,0,Kentucky Home,SOURCE_PROGRAM_HOME,,,,,,,REGULAR_SEASON,,165,Jan. 12 KENTUCKY WESLEYAN 38-13 W,resolved,,,,,,,
KYRAW-00186,kentucky,historical_record_book,1920-1921,1921,1921-01-15,Cumberland,Cumberland,cumberland,No,37,21,W,0,Kentucky Home,SOURCE_PROGRAM_HOME,,,,,,,REGULAR_SEASON,,165,Jan. 15 CUMBERLAND 37-21 W,resolved,,,,,,,
KYRAW-00187,kentucky,historical_record_book,1920-1921,1921,1921-01-18,Georgetown (Ky.),Georgetown College (KY),georgetown-college-ky,,38,23,W,0,Kentucky Home,SOURCE_PROGRAM_HOME,,,,,,,REGULAR_SEASON,,165,Jan. 18 GEORGETOWN 38-23 W,resolved,,,,,,,
KYRAW-00188,kentucky,historical_record_book,1920-1921,1921,1921-01-21,Chattanooga,Chattanooga,chattanooga,Yes,42,10,W,0,Kentucky Home,SOURCE_PROGRAM_HOME,,,,,,,REGULAR_SEASON,,165,Jan. 21 CHATTANOOGA 42-10 W,resolved,,,,,,,
KYRAW-00189,kentucky,historical_record_book,1920-1921,1921,1921-01-26,Cincinnati,Cincinnati,cincinnati,Yes,26,19,W,0,Opponent Home,OPPONENT_HOME,,,,,,,REGULAR_SEASON,,165,Jan. 26 at Cincinnati 26-19 W,resolved,,,,,,,
KYRAW-00190,kentucky,historical_record_book,1920-1921,1921,1921-01-29,Auburn,Auburn,auburn,Yes,40,25,W,0,Kentucky Home,SOURCE_PROGRAM_HOME,,,,,,,REGULAR_SEASON,,165,Jan. 29 AUBURN 40-25 W,resolved,,,,,,,
KYRAW-00191,kentucky,historical_record_book,1920-1921,1921,1921-02-08,Centre,Centre,centre,No,27,29,L,0,Opponent Home,OPPONENT_HOME,,,,,,,REGULAR_SEASON,,165,Feb. 8 at Centre 27-29 L,resolved,,,,,,,
KYRAW-00192,kentucky,historical_record_book,1920-1921,1921,1921-02-15,Georgetown (Ky.),Georgetown College (KY),georgetown-college-ky,,56,11,W,0,Opponent Home,OPPONENT_HOME,,,,,,,REGULAR_SEASON,,165,Feb. 15 at Georgetown 56-11 W,resolved,,,,,,,
KYRAW-00193,kentucky,historical_record_book,1920-1921,1921,1921-02-18,Centre,Centre,centre,No,20,13,W,0,Kentucky Home,SOURCE_PROGRAM_HOME,,,,,,,REGULAR_SEASON,,165,Feb. 18 CENTRE 20-13 W,resolved,,,,,,,
KYRAW-00194,kentucky,historical_record_book,1920-1921,1921,1921-02-22,Vanderbilt,Vanderbilt,vanderbilt,Yes,37,18,W,0,Kentucky Home,SOURCE_PROGRAM_HOME,,,,,,,REGULAR_SEASON,,165,Feb. 22 VANDERBILT 37-18 W,resolved,,,,,,,
KYRAW-00195,kentucky,historical_record_book,1920-1921,1921,1921-02-25,Tulane,Tulane,tulane,Yes,50,28,W,0,Neutral,NEUTRAL,,,,,SIAA Tournament,,CONFERENCE_TOURNAMENT,,165,Feb. 25 vs. Tulane 50-28 W,resolved,,,,,,,
KYRAW-00196,kentucky,historical_record_book,1920-1921,1921,1921-02-26,Mercer,Mercer,mercer,Yes,49,25,W,0,Neutral,NEUTRAL,,,,,SIAA Tournament,,CONFERENCE_TOURNAMENT,,165,Feb. 26 vs. Mercer 49-25 W,resolved,,,,,,,
KYRAW-00197,kentucky,historical_record_book,1920-1921,1921,1921-02-28,Mississippi State,Mississippi State,mississippi-state,Yes,28,13,W,0,Neutral,NEUTRAL,,,,,SIAA Tournament,,CONFERENCE_TOURNAMENT,,165,Feb. 28 vs. Mississippi A&M 28-13 W,resolved,,,,,,,
KYRAW-00198,kentucky,historical_record_book,1920-1921,1921,1921-03-01,Georgia,Georgia,georgia,Yes,20,19,W,0,Neutral,NEUTRAL,,,,,SIAA Tournament,,CONFERENCE_TOURNAMENT,Championship,165,Mar. 1 vs. Georgia (Finals) 20-19 W,resolved,,,,,,,
KYRAW-00199,kentucky,historical_record_book,1921-1922,1922,1922-01-14,Georgetown (Ky.),Georgetown College (KY),georgetown-college-ky,,17,26,L,0,Kentucky Home,SOURCE_PROGRAM_HOME,,,,,,,REGULAR_SEASON,,165,Jan. 14 GEORGETOWN 17-26 L,resolved,,,,,,,
KYRAW-00200,kentucky,historical_record_book,1921-1922,1922,1922-01-17,Louisville,Louisville,louisville,Yes,38,14,W,0,Opponent Home,OPPONENT_HOME,,,,,,,REGULAR_SEASON,,165,Jan. 17 at Louisville 38-14 W,resolved,,,,,,,
KYRAW-00201,kentucky,historical_record_book,1921-1922,1922,1922-01-18,Vanderbilt,Vanderbilt,vanderbilt,Yes,12,22,L,0,Opponent Home,OPPONENT_HOME,,,,,,,REGULAR_SEASON,,165,Jan. 18 at Vanderbilt 12-22 L,resolved,,,,,,,
KYRAW-00202,kentucky,historical_record_book,1921-1922,1922,1922-01-21,Louisville,Louisville,louisville,Yes,29,22,W,0,Kentucky Home,SOURCE_PROGRAM_HOME,,,,,,,REGULAR_SEASON,,165,Jan. 21 LOUISVILLE 29-22 W,resolved,,,,,,,
KYRAW-00203,kentucky,historical_record_book,1921-1922,1922,1922-01-26,Mississippi State,Mississippi State,mississippi-state,Yes,28,21,W,0,Kentucky Home,SOURCE_PROGRAM_HOME,,,,,,,REGULAR_SEASON,,165,Jan. 26 * MISSISSIPPI STATE 28-21 W,resolved,,,,,,,
KYRAW-00204,kentucky,historical_record_book,1921-1922,1922,1922-01-27,Marshall,Marshall,marshall,Yes,34,12,W,0,Kentucky Home,SOURCE_PROGRAM_HOME,,,,,,,REGULAR_SEASON,,165,Jan. 27 MARSHALL 34-12 W,resolved,,,,,,,
KYRAW-00205,kentucky,historical_record_book,1921-1922,1922,1922-02-04,Centre,Centre,centre,No,28,21,W,0,Opponent Home,OPPONENT_HOME,,,,,,,REGULAR_SEASON,,165,Feb. 4 at Centre 28-21 W,resolved,,,,,,,
KYRAW-00206,kentucky,historical_record_book,1921-1922,1922,1922-02-06,Georgetown (Ky.),Georgetown College (KY),georgetown-college-ky,,26,17,W,0,Opponent Home,OPPONENT_HOME,,,,,,,REGULAR_SEASON,,165,Feb. 6 at Georgetown 26-17 W,resolved,,,,,,,
KYRAW-00207,kentucky,historical_record_book,1921-1922,1922,1922-02-08,Washington & Lee,Washington & Lee,washington-lee,,21,20,W,0,Opponent Home,OPPONENT_HOME,,,,,,,REGULAR_SEASON,,165,Feb. 8 * at Washington & Lee 21-20 W,resolved,,,,,,,
KYRAW-00208,kentucky,historical_record_book,1921-1922,1922,1922-02-09,VMI,VMI,vmi,Yes,32,37,L,0,Opponent Home,OPPONENT_HOME,,,,,,,REGULAR_SEASON,,165,Feb. 9 at VMI 32-37 L,resolved,,,,,,,
KYRAW-00209,kentucky,historical_record_book,1921-1922,1922,1922-02-11,Georgetown,Georgetown,georgetown,Yes,23,28,L,0,Opponent Home,OPPONENT_HOME,,,,,,,REGULAR_SEASON,,165,Feb. 11 at Georgetown U. 23-28 L,resolved,,,,,,,
KYRAW-00210,kentucky,historical_record_book,1921-1922,1922,1922-02-13,Virginia,Virginia,virginia,Yes,30,32,L,1,Opponent Home,OPPONENT_HOME,,,,,,,REGULAR_SEASON,,165,Feb. 13 * at Virginia 30-32 L OT,resolved,,,,,,,
KYRAW-00211,kentucky,historical_record_book,1921-1922,1922,1922-02-16,Clemson,Clemson,clemson,Yes,38,14,W,0,Kentucky Home,SOURCE_PROGRAM_HOME,,,,,,,REGULAR_SEASON,,165,Feb. 16 * CLEMSON 38-14 W,resolved,,,,,,,
KYRAW-00212,kentucky,historical_record_book,1921-1922,1922,1922-02-20,Centre,Centre,centre,No,40,23,W,0,Kentucky Home,SOURCE_PROGRAM_HOME,,,,,,,REGULAR_SEASON,,165,Feb. 20 CENTRE 40-23 W,resolved,,,,,,,
KYRAW-00213,kentucky,historical_record_book,1921-1922,1922,1922-02-24,Georgetown (Ky.),Georgetown College (KY),georgetown-college-ky,,41,21,W,0,Neutral,NEUTRAL,,,,,SIAA Tournament,,CONFERENCE_TOURNAMENT,,165,Feb. 24 vs. Georgetown 41-21 W,resolved,,,,,,,
KYRAW-00214,kentucky,historical_record_book,1921-1922,1922,1922-02-25,Mercer,Mercer,mercer,Yes,22,35,L,0,Neutral,NEUTRAL,,,,,SIAA Tournament,,CONFERENCE_TOURNAMENT,,165,Feb. 25 vs. Mercer 22-35 L,resolved,,,,,,,
KYRAW-00215,kentucky,historical_record_book,1922-1923,1923,1923-01-13,Georgetown (Ky.),Georgetown College (KY),georgetown-college-ky,,24,13,W,0,Opponent Home,OPPONENT_HOME,,,,,,,REGULAR_SEASON,,165,Jan. 13 at Georgetown 24-13 W,resolved,,,,,,,
KYRAW-00216,kentucky,historical_record_book,1922-1923,1923,1923-01-20,Tennessee,Tennessee,tennessee,Yes,26,30,L,0,Opponent Home,OPPONENT_HOME,,,,,,,REGULAR_SEASON,,165,Jan. 20 * at Tennessee 26-30 L,resolved,,,,,,,
KYRAW-00217,kentucky,historical_record_book,1922-1923,1923,1923-01-22,Chattanooga,Chattanooga,chattanooga,Yes,25,18,W,0,Kentucky Home,SOURCE_PROGRAM_HOME,,,,,,,REGULAR_SEASON,,165,Jan. 22 CHATTANOOGA 25-18 W,resolved,,,,,,,
KYRAW-00218,kentucky,historical_record_book,1922-1923,1923,1923-01-25,Alabama,Alabama,alabama,Yes,35,45,L,0,Kentucky Home,SOURCE_PROGRAM_HOME,,,,,,,REGULAR_SEASON,,165,Jan. 25 * ALABAMA 35-45 L,resolved,,,,,,,
KYRAW-00219,kentucky,historical_record_book,1922-1923,1923,1923-01-27,Centre,Centre,centre,No,14,21,L,0,Kentucky Home,SOURCE_PROGRAM_HOME,,,,,,,REGULAR_SEASON,,165,Jan. 27 CENTRE 14-21 L,resolved,,,,,,,
KYRAW-00220,kentucky,historical_record_book,1922-1923,1923,1923-02-03,Georgia,Georgia,georgia,Yes,19,23,L,0,Kentucky Home,SOURCE_PROGRAM_HOME,,,,,,,REGULAR_SEASON,,165,Feb. 3 * GEORGIA 19-23 L,resolved,,,,,,,
KYRAW-00221,kentucky,historical_record_book,1922-1923,1923,1923-02-05,Cincinnati,Cincinnati,cincinnati,Yes,24,33,L,0,Opponent Home,OPPONENT_HOME,,,,,,,REGULAR_SEASON,,165,Feb. 5 at Cincinnati 24-33 L,resolved,,,,,,,
KYRAW-00222,kentucky,historical_record_book,1922-1923,1923,1923-02-07,Centenary,Centenary,centenary,No,21,28,L,0,Kentucky Home,SOURCE_PROGRAM_HOME,,,,,,,REGULAR_SEASON,,165,Feb. 7 CENTENARY 21-28 L,resolved,,,,,,,
KYRAW-00223,kentucky,historical_record_book,1922-1923,1923,1923-02-10,Tennessee,Tennessee,tennessee,Yes,23,28,L,0,Kentucky Home,SOURCE_PROGRAM_HOME,,,,,,,REGULAR_SEASON,,165,Feb. 10 * TENNESSEE 23-28 L,resolved,,,,,,,
KYRAW-00224,kentucky,historical_record_book,1922-1923,1923,1923-02-14,Centre,Centre,centre,No,10,17,L,0,Opponent Home,OPPONENT_HOME,,,,,,,REGULAR_SEASON,,165,Feb. 14 at Centre 10-17 L,resolved,,,,,,,
KYRAW-00225,kentucky,historical_record_book,1922-1923,1923,1923-02-15,Clemson,Clemson,clemson,Yes,13,30,L,0,Kentucky Home,SOURCE_PROGRAM_HOME,,,,,,,REGULAR_SEASON,,165,Feb. 15 * CLEMSON 13-30 L,resolved,,,,,,,
KYRAW-00226,kentucky,historical_record_book,1922-1923,1923,1923-02-19,Georgetown (Ky.),Georgetown College (KY),georgetown-college-ky,,21,45,L,0,Kentucky Home,SOURCE_PROGRAM_HOME,,,,,,,REGULAR_SEASON,,165,Feb. 19 GEORGETOWN 21-45 L,resolved,,,,,,,
KYRAW-00227,kentucky,historical_record_book,1922-1923,1923,1923-02-23,Sewanee,Sewanee,sewanee,No,30,14,W,0,Kentucky Home,SOURCE_PROGRAM_HOME,,,,,,,REGULAR_SEASON,,165,Feb. 23 SEWANEE 30-14 W,resolved,,,,,,,
KYRAW-00228,kentucky,historical_record_book,1923-1924,1924,1924-01-01,Vanderbilt,Vanderbilt,vanderbilt,Yes,33,13,W,0,Kentucky Home,SOURCE_PROGRAM_HOME,,,,,,,REGULAR_SEASON,,165,Jan. 1 * VANDERBILT 33-13 W,resolved,,,,,,,
KYRAW-00229,kentucky,historical_record_book,1923-1924,1924,1924-01-08,Mexico YMCA,Mexico YMCA,mexico-ymca,No,25,14,W,0,Kentucky Home,SOURCE_PROGRAM_HOME,,,,,,,REGULAR_SEASON,,165,Jan. 8 MEXICO YMCA 25-14 W,resolved,,,,,,,
KYRAW-00230,kentucky,historical_record_book,1923-1924,1924,1924-01-12,Georgetown (Ky.),Georgetown College (KY),georgetown-college-ky,,32,24,W,0,Opponent Home,OPPONENT_HOME,,,,,,,REGULAR_SEASON,,166,Jan. 12 at Georgetown 32-24 W,resolved,,,,,,,
KYRAW-00231,kentucky,historical_record_book,1923-1924,1924,1924-01-14,Mississippi State,Mississippi State,mississippi-state,Yes,16,17,L,0,Kentucky Home,SOURCE_PROGRAM_HOME,,,,,,,REGULAR_SEASON,,166,Jan. 14 * MISSISSIPPI STATE 16-17 L,resolved,,,,,,,
KYRAW-00232,kentucky,historical_record_book,1923-1924,1924,1924-01-15,Sewanee,Sewanee,sewanee,No,50,15,W,0,Kentucky Home,SOURCE_PROGRAM_HOME,,,,,,,REGULAR_SEASON,,166,Jan. 15 * SEWANEE 50-15 W,resolved,,,,,,,
KYRAW-00233,kentucky,historical_record_book,1923-1924,1924,1924-01-18,Tennessee,Tennessee,tennessee,Yes,13,20,L,0,Opponent Home,OPPONENT_HOME,,,,,,,REGULAR_SEASON,,166,Jan. 18 * at Tennessee 13-20 L,resolved,,,,,,,
KYRAW-00234,kentucky,historical_record_book,1923-1924,1924,1924-01-19,Chattanooga,Chattanooga,chattanooga,Yes,24,23,W,0,Opponent Home,OPPONENT_HOME,,,,,,,REGULAR_SEASON,,166,Jan. 19 at Chattanooga 24-23 W,resolved,,,,,,,
KYRAW-00235,kentucky,historical_record_book,1923-1924,1924,1924-02-04,West Virginia,West Virginia,west-virginia,Yes,24,21,W,0,Kentucky Home,SOURCE_PROGRAM_HOME,,,,,,,REGULAR_SEASON,,166,Feb. 4 WEST VIRGINIA 24-21 W,resolved,,,,,,,
KYRAW-00236,kentucky,historical_record_book,1923-1924,1924,1924-02-09,Centre,Centre,centre,No,27,18,W,0,Opponent Home,OPPONENT_HOME,,,,,,,REGULAR_SEASON,,166,Feb. 9 at Centre 27-18 W,resolved,,,,,,,
KYRAW-00237,kentucky,historical_record_book,1923-1924,1924,1924-02-11,Georgetown (Ky.),Georgetown College (KY),georgetown-college-ky,,39,35,W,0,Kentucky Home,SOURCE_PROGRAM_HOME,,,,,,,REGULAR_SEASON,,166,Feb. 11 GEORGETOWN 39-35 W,resolved,,,,,,,
KYRAW-00238,kentucky,historical_record_book,1923-1924,1924,1924-02-13,Clemson,Clemson,clemson,Yes,38,13,W,0,Kentucky Home,SOURCE_PROGRAM_HOME,,,,,,,REGULAR_SEASON,,166,Feb. 13 * CLEMSON 38-13 W,resolved,,,,,,,
KYRAW-00239,kentucky,historical_record_book,1923-1924,1924,1924-02-14,Virginia,Virginia,virginia,Yes,29,16,W,0,Kentucky Home,SOURCE_PROGRAM_HOME,,,,,,,REGULAR_SEASON,,166,Feb. 14 * VIRGINIA 29-16 W,resolved,,,,,,,
KYRAW-00240,kentucky,historical_record_book,1923-1924,1924,1924-02-19,Virginia Tech,Virginia Tech,virginia-tech,Yes,36,14,W,0,Kentucky Home,SOURCE_PROGRAM_HOME,,,,,,,REGULAR_SEASON,,166,Feb. 19 * VIRGINIA TECH 36-14 W,resolved,,,,,,,
KYRAW-00241,kentucky,historical_record_book,1923-1924,1924,1924-02-21,Centre,Centre,centre,No,38,24,W,0,Kentucky Home,SOURCE_PROGRAM_HOME,,,,,,,REGULAR_SEASON,,166,Feb. 21 CENTRE 38-24 W,resolved,,,,,,,
KYRAW-00242,kentucky,historical_record_book,1923-1924,1924,1924-02-23,Georgia Tech,Georgia Tech,georgia-tech,Yes,33,27,W,0,Kentucky Home,SOURCE_PROGRAM_HOME,,,,,,,REGULAR_SEASON,,166,Feb. 23 * GEORGIA TECH 33-27 W,resolved,,,,,,,
KYRAW-00243,kentucky,historical_record_book,1923-1924,1924,1924-02-29,North Carolina,North Carolina,north-carolina,Yes,20,41,L,0,Neutral,NEUTRAL,,,,,Southern Conference Tournament,,CONFERENCE_TOURNAMENT,,166,Feb. 29 vs. North Carolina 20-41 L,resolved,,,,,,,Detailed Kentucky year-by-year game log labels this event the Southern Conference Tournament; a separate summary footnote appears inconsistent. Public game type is unaffected.
KYRAW-00244,kentucky,historical_record_book,1924-1925,1925,1924-12-13,Cincinnati,Cincinnati,cincinnati,Yes,28,23,W,0,Kentucky Home,SOURCE_PROGRAM_HOME,Alumni Gym,Alumni Gym,Lexington,KY,,,REGULAR_SEASON,,166,Dec. 13 CINCINNATI 28-23 W,resolved,,,,,,,
KYRAW-00245,kentucky,historical_record_book,1924-1925,1925,1924-12-18,Indiana,Indiana,indiana,Yes,18,20,L,0,Kentucky Home,SOURCE_PROGRAM_HOME,Alumni Gym,Alumni Gym,Lexington,KY,,,REGULAR_SEASON,,166,Dec. 18 INDIANA 18-20 L,resolved,,,,,,,
KYRAW-00246,kentucky,historical_record_book,1924-1925,1925,1924-12-20,Michigan,Michigan,michigan,Yes,11,21,L,0,Kentucky Home,SOURCE_PROGRAM_HOME,Alumni Gym,Alumni Gym,Lexington,KY,,,REGULAR_SEASON,,166,Dec. 20 MICHIGAN 11-21 L,resolved,,,,,,,
KYRAW-00247,kentucky,historical_record_book,1924-1925,1925,1925-01-03,Cincinnati,Cincinnati,cincinnati,Yes,20,24,L,0,Opponent Home,OPPONENT_HOME,,,,,,,REGULAR_SEASON,,166,Jan. 3 at Cincinnati 20-24 L,resolved,,,,,,,
KYRAW-00248,kentucky,historical_record_book,1924-1925,1925,1925-01-05,Illinois,Illinois,illinois,Yes,26,36,L,0,Opponent Home,OPPONENT_HOME,,,,,,,REGULAR_SEASON,,166,Jan. 5 at Illinois 26-36 L,resolved,,,,,,,
KYRAW-00249,kentucky,historical_record_book,1924-1925,1925,1925-01-06,Wabash,Wabash,wabash,No,10,57,L,0,Opponent Home,OPPONENT_HOME,,,,,,,REGULAR_SEASON,,166,Jan. 6 at Wabash 10-57 L,resolved,,,,,,,
KYRAW-00250,kentucky,historical_record_book,1924-1925,1925,1925-01-09,Ole Miss,Ole Miss,ole-miss,Yes,26,23,W,0,Kentucky Home,SOURCE_PROGRAM_HOME,Alumni Gym,Alumni Gym,Lexington,KY,,,REGULAR_SEASON,,166,Jan. 9 * OLE MISS 26-23 W,resolved,,,,,,,
KYRAW-00251,kentucky,historical_record_book,1924-1925,1925,1925-01-10,Georgetown (Ky.),Georgetown College (KY),georgetown-college-ky,,25,17,W,0,Kentucky Home,SOURCE_PROGRAM_HOME,Alumni Gym,Alumni Gym,Lexington,KY,,,REGULAR_SEASON,,166,Jan. 10 GEORGETOWN 25-17 W,resolved,,,,,,,
KYRAW-00252,kentucky,historical_record_book,1924-1925,1925,1925-01-17,Centre,Centre,centre,No,33,26,W,0,Opponent Home,OPPONENT_HOME,,,,,,,REGULAR_SEASON,,166,Jan. 17 at Centre 33-26 W,resolved,,,,,,,
KYRAW-00253,kentucky,historical_record_book,1924-1925,1925,1925-01-30,Washington & Lee,Washington & Lee,washington-lee,,28,22,W,0,Kentucky Home,SOURCE_PROGRAM_HOME,Alumni Gym,Alumni Gym,Lexington,KY,,,REGULAR_SEASON,,166,Jan. 30 * WASHINGTON & LEE 28-22 W,resolved,,,,,,,
KYRAW-00254,kentucky,historical_record_book,1924-1925,1925,1925-02-02,West Virginia,West Virginia,west-virginia,Yes,29,19,W,0,Kentucky Home,SOURCE_PROGRAM_HOME,Alumni Gym,Alumni Gym,Lexington,KY,,,REGULAR_SEASON,,166,Feb. 2 WEST VIRGINIA 29-19 W,resolved,,,,,,,
KYRAW-00255,kentucky,historical_record_book,1924-1925,1925,1925-02-05,Alabama,Alabama,alabama,Yes,15,24,L,0,Opponent Home,OPPONENT_HOME,,,,,,,REGULAR_SEASON,,166,Feb. 5 * at Alabama 15-24 L,resolved,,,,,,,
KYRAW-00256,kentucky,historical_record_book,1924-1925,1925,1925-02-06,Georgia Tech,Georgia Tech,georgia-tech,Yes,18,16,W,0,Opponent Home,OPPONENT_HOME,,,,,,,REGULAR_SEASON,,166,Feb. 6 * at Georgia Tech 18-16 W,resolved,,,,,,,
KYRAW-00257,kentucky,historical_record_book,1924-1925,1925,1925-02-07,Georgia,Georgia,georgia,Yes,24,28,L,0,Opponent Home,OPPONENT_HOME,,,,,,,REGULAR_SEASON,,166,Feb. 7 * at Georgia 24-28 L,resolved,,,,,,,
KYRAW-00258,kentucky,historical_record_book,1924-1925,1925,1925-02-09,Tennessee,Tennessee,tennessee,Yes,35,22,W,0,Opponent Home,OPPONENT_HOME,,,,,,,REGULAR_SEASON,,166,Feb. 9 * at Tennessee 35-22 W,resolved,,,,,,,
KYRAW-00259,kentucky,historical_record_book,1924-1925,1925,1925-02-12,Tulane,Tulane,tulane,Yes,29,22,W,0,Kentucky Home,SOURCE_PROGRAM_HOME,Alumni Gym,Alumni Gym,Lexington,KY,,,REGULAR_SEASON,,166,Feb. 12 * TULANE 29-22 W,resolved,,,,,,,
KYRAW-00260,kentucky,historical_record_book,1924-1925,1925,1925-02-14,Georgetown (Ky.),Georgetown College (KY),georgetown-college-ky,,36,21,W,0,Opponent Home,OPPONENT_HOME,,,,,,,REGULAR_SEASON,,166,Feb. 14 at Georgetown 36-21 W,resolved,,,,,,,
KYRAW-00261,kentucky,historical_record_book,1924-1925,1925,1925-02-18,Tennessee,Tennessee,tennessee,Yes,26,21,W,0,Kentucky Home,SOURCE_PROGRAM_HOME,Alumni Gym,Alumni Gym,Lexington,KY,,,REGULAR_SEASON,,166,Feb. 18 * TENNESSEE 26-21 W,resolved,,,,,,,
KYRAW-00262,kentucky,historical_record_book,1924-1925,1925,1925-02-21,Centre,Centre,centre,No,39,10,W,0,Kentucky Home,SOURCE_PROGRAM_HOME,Alumni Gym,Alumni Gym,Lexington,KY,,,REGULAR_SEASON,,166,Feb. 21 CENTRE 39-10 W,resolved,,,,,,,
KYRAW-00263,kentucky,historical_record_book,1924-1925,1925,1925-02-27,Mississippi State,Mississippi State,mississippi-state,Yes,31,26,W,0,Neutral,NEUTRAL,,,,,Southern Conference Tournament,,CONFERENCE_TOURNAMENT,,166,Feb. 27 vs. Mississippi State 31-26 W,resolved,,,,,,,
KYRAW-00264,kentucky,historical_record_book,1924-1925,1925,1925-02-28,Georgia,Georgia,georgia,Yes,31,32,L,0,Neutral,NEUTRAL,,,,,Southern Conference Tournament,,CONFERENCE_TOURNAMENT,,166,Feb. 28 vs. Georgia 31-32 L,resolved,,,,,,,
KYRAW-00265,kentucky,historical_record_book,1925-1926,1926,1925-12-19,DePauw,DePauw,depauw,No,29,38,L,0,Kentucky Home,SOURCE_PROGRAM_HOME,Alumni Gym,Alumni Gym,Lexington,KY,,,REGULAR_SEASON,,166,Dec. 19 DePAUW 29-38 L,resolved,,,,,,,
KYRAW-00266,kentucky,historical_record_book,1925-1926,1926,1926-01-05,Indiana,Indiana,indiana,Yes,23,34,L,0,Opponent Home,OPPONENT_HOME,,,,,,,REGULAR_SEASON,,166,Jan. 5 at Indiana 23-34 L,resolved,,,,,,,
KYRAW-00267,kentucky,historical_record_book,1925-1926,1926,1926-01-09,Berea,Berea,berea,No,37,23,W,0,Kentucky Home,SOURCE_PROGRAM_HOME,Alumni Gym,Alumni Gym,Lexington,KY,,,REGULAR_SEASON,,166,Jan. 9 BEREA 37-23 W,resolved,,,,,,,
KYRAW-00268,kentucky,historical_record_book,1925-1926,1926,1926-01-12,Georgetown (Ky.),Georgetown College (KY),georgetown-college-ky,,36,21,W,0,Opponent Home,OPPONENT_HOME,,,,,,,REGULAR_SEASON,,166,Jan. 12 at Georgetown 36-21 W,resolved,,,,,,,
KYRAW-00269,kentucky,historical_record_book,1925-1926,1926,1926-01-16,Georgia Tech,Georgia Tech,georgia-tech,Yes,25,24,W,0,Kentucky Home,SOURCE_PROGRAM_HOME,Alumni Gym,Alumni Gym,Lexington,KY,,,REGULAR_SEASON,,166,Jan. 16 * GEORGIA TECH 25-24 W,resolved,,,,,,,
KYRAW-00270,kentucky,historical_record_book,1925-1926,1926,1926-01-21,Centre,Centre,centre,No,45,25,W,0,Kentucky Home,SOURCE_PROGRAM_HOME,Alumni Gym,Alumni Gym,Lexington,KY,,,REGULAR_SEASON,,166,Jan. 21 CENTRE 45-25 W,resolved,,,,,,,
KYRAW-00271,kentucky,historical_record_book,1925-1926,1926,1926-01-30,Georgetown (Ky.),Georgetown College (KY),georgetown-college-ky,,25,20,W,0,Kentucky Home,SOURCE_PROGRAM_HOME,Alumni Gym,Alumni Gym,Lexington,KY,,,REGULAR_SEASON,,166,Jan. 30 GEORGETOWN 25-20 W,resolved,,,,,,,
KYRAW-00272,kentucky,historical_record_book,1925-1926,1926,1926-02-01,Alabama,Alabama,alabama,Yes,27,16,W,0,Kentucky Home,SOURCE_PROGRAM_HOME,Alumni Gym,Alumni Gym,Lexington,KY,,,REGULAR_SEASON,,166,Feb. 1 * ALABAMA 27-16 W,resolved,,,,,,,
KYRAW-00273,kentucky,historical_record_book,1925-1926,1926,1926-02-04,Centre,Centre,centre,No,46,19,W,0,Opponent Home,OPPONENT_HOME,,,,,,,REGULAR_SEASON,,166,Feb. 4 at Centre 46-19 W,resolved,,,,,,,
KYRAW-00274,kentucky,historical_record_book,1925-1926,1926,1926-02-05,Washington & Lee,Washington & Lee,washington-lee,,44,34,W,0,Kentucky Home,SOURCE_PROGRAM_HOME,Alumni Gym,Alumni Gym,Lexington,KY,,,REGULAR_SEASON,,166,Feb. 5 * WASHINGTON & LEE 44-34 W,resolved,,,,,,,
KYRAW-00275,kentucky,historical_record_book,1925-1926,1926,1926-02-08,Auburn,Auburn,auburn,Yes,35,26,W,0,Kentucky Home,SOURCE_PROGRAM_HOME,Alumni Gym,Alumni Gym,Lexington,KY,,,REGULAR_SEASON,,166,Feb. 8 * AUBURN 35-26 W,resolved,,,,,,,
KYRAW-00276,kentucky,historical_record_book,1925-1926,1926,1926-02-12,Tennessee,Tennessee,tennessee,Yes,51,17,W,0,Opponent Home,OPPONENT_HOME,,,,,,,REGULAR_SEASON,,166,Feb. 12 * at Tennessee 51-17 W,resolved,,,,,,,
KYRAW-00277,kentucky,historical_record_book,1925-1926,1926,1926-02-15,Georgia,Georgia,georgia,Yes,22,18,W,0,Opponent Home,OPPONENT_HOME,,,,,,,REGULAR_SEASON,,166,Feb. 15 * at Georgia 22-18 W,resolved,,,,,,,
KYRAW-00278,kentucky,historical_record_book,1925-1926,1926,1926-02-18,Tennessee,Tennessee,tennessee,Yes,27,21,W,0,Kentucky Home,SOURCE_PROGRAM_HOME,Alumni Gym,Alumni Gym,Lexington,KY,,,REGULAR_SEASON,,166,Feb. 18 * TENNESSEE 27-21 W,resolved,,,,,,,
KYRAW-00279,kentucky,historical_record_book,1925-1926,1926,1926-02-20,Vanderbilt,Vanderbilt,vanderbilt,Yes,30,20,W,0,Kentucky Home,SOURCE_PROGRAM_HOME,Alumni Gym,Alumni Gym,Lexington,KY,,,REGULAR_SEASON,,166,Feb. 20 * VANDERBILT 30-20 W,resolved,,,,,,,
KYRAW-00280,kentucky,historical_record_book,1925-1926,1926,1926-02-26,VMI,VMI,vmi,Yes,32,25,W,0,Neutral,NEUTRAL,,,,,Southern Conference Tournament,,CONFERENCE_TOURNAMENT,,166,Feb. 26 vs. VMI 32-25 W,resolved,,,,,,,
KYRAW-00281,kentucky,historical_record_book,1925-1926,1926,1926-02-27,Georgia,Georgia,georgia,Yes,39,34,W,0,Neutral,NEUTRAL,,,,,Southern Conference Tournament,,CONFERENCE_TOURNAMENT,,166,Feb. 27 vs. Georgia 39-34 W,resolved,,,,,,,
KYRAW-00282,kentucky,historical_record_book,1925-1926,1926,1926-03-01,Mississippi State,Mississippi State,mississippi-state,Yes,26,31,L,0,Neutral,NEUTRAL,,,,,Southern Conference Tournament,,CONFERENCE_TOURNAMENT,,166,Mar. 1 vs. Mississippi State 26-31 L,resolved,,,,,,,
KYRAW-00283,kentucky,historical_record_book,1926-1927,1927,1926-12-18,Cincinnati,Cincinnati,cincinnati,Yes,10,48,L,0,Kentucky Home,SOURCE_PROGRAM_HOME,Alumni Gym,Alumni Gym,Lexington,KY,,,REGULAR_SEASON,,166,Dec. 18 CINCINNATI 10-48 L,resolved,,,,,,,
KYRAW-00284,kentucky,historical_record_book,1926-1927,1927,1926-12-21,Indiana,Indiana,indiana,Yes,19,38,L,0,Kentucky Home,SOURCE_PROGRAM_HOME,Alumni Gym,Alumni Gym,Lexington,KY,,,REGULAR_SEASON,,166,Dec. 21 INDIANA 19-38 L,resolved,,,,,,,
KYRAW-00285,kentucky,historical_record_book,1926-1927,1927,1926-12-27,Cincinnati,Cincinnati,cincinnati,Yes,22,51,L,0,Opponent Home,OPPONENT_HOME,,,,,,,REGULAR_SEASON,,166,Dec. 27 at Cincinnati 22-51 L,resolved,,,,,,,
KYRAW-00286,kentucky,historical_record_book,1926-1927,1927,1926-12-31,Princeton,Princeton,princeton,Yes,26,30,L,0,Kentucky Home,SOURCE_PROGRAM_HOME,Alumni Gym,Alumni Gym,Lexington,KY,,,REGULAR_SEASON,,166,Dec. 31 PRINCETON 26-30 L,resolved,,,,,,,
KYRAW-00287,kentucky,historical_record_book,1926-1927,1927,1927-01-03,Florida,Florida,florida,Yes,44,36,W,0,Kentucky Home,SOURCE_PROGRAM_HOME,Alumni Gym,Alumni Gym,Lexington,KY,,,REGULAR_SEASON,,166,Jan. 3 * FLORIDA 44-36 W,resolved,,,,,,,
KYRAW-00288,kentucky,historical_record_book,1926-1927,1927,1927-01-10,Kentucky Wesleyan,Kentucky Wesleyan,kentucky-wesleyan,No,24,31,L,0,Opponent Home,OPPONENT_HOME,,,,,,,REGULAR_SEASON,,166,Jan. 10 at Kentucky Wesleyan 24-31 L,resolved,,,,,,,
KYRAW-00289,kentucky,historical_record_book,1926-1927,1927,1927-01-15,Vanderbilt,Vanderbilt,vanderbilt,Yes,32,48,L,0,Kentucky Home,SOURCE_PROGRAM_HOME,Alumni Gym,Alumni Gym,Lexington,KY,,,REGULAR_SEASON,,166,Jan. 15 * VANDERBILT 32-48 L,resolved,,,,,,,
KYRAW-00290,kentucky,historical_record_book,1926-1927,1927,1927-01-21,Tennessee,Tennessee,tennessee,Yes,14,19,L,0,Opponent Home,OPPONENT_HOME,,,,,,,REGULAR_SEASON,,166,Jan. 21 * at Tennessee 14-19 L,resolved,,,,,,,
KYRAW-00291,kentucky,historical_record_book,1926-1927,1927,1927-01-22,Georgia Tech,Georgia Tech,georgia-tech,Yes,16,48,L,0,Opponent Home,OPPONENT_HOME,,,,,,,REGULAR_SEASON,,166,Jan. 22 * at Georgia Tech 16-48 L,resolved,,,,,,,
KYRAW-00292,kentucky,historical_record_book,1926-1927,1927,1927-01-29,Centre,Centre,centre,No,27,25,W,0,Kentucky Home,SOURCE_PROGRAM_HOME,Alumni Gym,Alumni Gym,Lexington,KY,,,REGULAR_SEASON,,166,Jan. 29 CENTRE 27-25 W,resolved,,,,,,,
KYRAW-00293,kentucky,historical_record_book,1926-1927,1927,1927-02-01,Georgetown (Ky.),Georgetown College (KY),georgetown-college-ky,,19,26,L,0,Opponent Home,OPPONENT_HOME,,,,,,,REGULAR_SEASON,,166,Feb. 1 at Georgetown 19-26 L,resolved,,,,,,,
KYRAW-00294,kentucky,historical_record_book,1926-1927,1927,1927-02-04,Washington & Lee,Washington & Lee,washington-lee,,34,36,L,0,Kentucky Home,SOURCE_PROGRAM_HOME,Alumni Gym,Alumni Gym,Lexington,KY,,,REGULAR_SEASON,,166,Feb. 4 * WASHINGTON & LEE 34-36 L,resolved,,,,,,,
KYRAW-00295,kentucky,historical_record_book,1926-1927,1927,1927-02-07,West Virginia,West Virginia,west-virginia,Yes,26,44,L,0,Kentucky Home,SOURCE_PROGRAM_HOME,Alumni Gym,Alumni Gym,Lexington,KY,,,REGULAR_SEASON,,166,Feb. 7 WEST VIRGINIA 26-44 L,resolved,,,,,,,
KYRAW-00296,kentucky,historical_record_book,1926-1927,1927,1927-02-11,Ole Miss,Ole Miss,ole-miss,Yes,17,37,L,0,Kentucky Home,SOURCE_PROGRAM_HOME,Alumni Gym,Alumni Gym,Lexington,KY,,,REGULAR_SEASON,,166,Feb. 11 * OLE MISS 17-37 L,resolved,,,,,,,
KYRAW-00297,kentucky,historical_record_book,1926-1927,1927,1927-02-12,Centre,Centre,centre,No,22,16,W,0,Opponent Home,OPPONENT_HOME,,,,,,,REGULAR_SEASON,,166,Feb. 12 at Centre 22-16 W,resolved,,,,,,,
KYRAW-00298,kentucky,historical_record_book,1926-1927,1927,1927-02-19,Tennessee,Tennessee,tennessee,Yes,21,30,L,0,Kentucky Home,SOURCE_PROGRAM_HOME,Alumni Gym,Alumni Gym,Lexington,KY,,,REGULAR_SEASON,,166,Feb. 19 * TENNESSEE 21-30 L,resolved,,,,,,,
KYRAW-00299,kentucky,historical_record_book,1927-1928,1928,1927-12-16,Clemson,Clemson,clemson,Yes,33,17,W,0,Kentucky Home,SOURCE_PROGRAM_HOME,Alumni Gym,Alumni Gym,Lexington,KY,,,REGULAR_SEASON,,166,Dec. 16 * CLEMSON 33-17 W,resolved,,,,,,,
KYRAW-00300,kentucky,historical_record_book,1927-1928,1928,1927-12-20,Miami (Ohio),Miami University,miami-oh,Yes,31,36,L,0,Kentucky Home,SOURCE_PROGRAM_HOME,Alumni Gym,Alumni Gym,Lexington,KY,,,REGULAR_SEASON,,166,Dec. 20 MIAMI (OHIO) 31-36 L,resolved,,,,,,,
KYRAW-00301,kentucky,historical_record_book,1927-1928,1928,1928-01-04,Berea,Berea,berea,No,37,16,W,0,Kentucky Home,SOURCE_PROGRAM_HOME,Alumni Gym,Alumni Gym,Lexington,KY,,,REGULAR_SEASON,,166,Jan. 4 BEREA 37-16 W,resolved,,,,,,,
KYRAW-00302,kentucky,historical_record_book,1927-1928,1928,1928-01-09,Centre,Centre,centre,No,36,23,W,0,Opponent Home,OPPONENT_HOME,,,,,,,REGULAR_SEASON,,166,Jan. 9 at Centre 36-23 W,resolved,,,,,,,
KYRAW-00303,kentucky,historical_record_book,1927-1928,1928,1928-01-14,Vanderbilt,Vanderbilt,vanderbilt,Yes,43,23,W,0,Kentucky Home,SOURCE_PROGRAM_HOME,Alumni Gym,Alumni Gym,Lexington,KY,,,REGULAR_SEASON,,166,Jan. 14 * VANDERBILT 43-23 W,resolved,,,,,,,
KYRAW-00304,kentucky,historical_record_book,1927-1928,1928,1928-01-16,Virginia,Virginia,virginia,Yes,31,28,W,0,Opponent Home,OPPONENT_HOME,,,,,,,REGULAR_SEASON,,166,Jan. 16 * at Virginia 31-28 W,resolved,,,,,,,
KYRAW-00305,kentucky,historical_record_book,1927-1928,1928,1928-01-18,Navy,Navy,navy,Yes,26,32,L,0,Opponent Home,OPPONENT_HOME,,,,,,,REGULAR_SEASON,,166,Jan. 18 at Navy 26-32 L,resolved,,,,,,,
KYRAW-00306,kentucky,historical_record_book,1927-1928,1928,1928-01-19,Maryland,Maryland,maryland,Yes,7,37,L,0,Opponent Home,OPPONENT_HOME,,,,,,,REGULAR_SEASON,,166,Jan. 19 * at Maryland 7-37 L,resolved,,,,,,,
KYRAW-00307,kentucky,historical_record_book,1927-1928,1928,1928-01-28,Tennessee,Tennessee,tennessee,Yes,48,18,W,0,Kentucky Home,SOURCE_PROGRAM_HOME,Alumni Gym,Alumni Gym,Lexington,KY,,,REGULAR_SEASON,,166,Jan. 28 * TENNESSEE 48-18 W,resolved,,,,,,,
KYRAW-00308,kentucky,historical_record_book,1927-1928,1928,1928-02-03,Washington & Lee,Washington & Lee,washington-lee,,34,28,W,0,Kentucky Home,SOURCE_PROGRAM_HOME,Alumni Gym,Alumni Gym,Lexington,KY,,,REGULAR_SEASON,,166,Feb. 3 * WASHINGTON & LEE 34-28 W,resolved,,,,,,,
KYRAW-00309,kentucky,historical_record_book,1927-1928,1928,1928-02-04,Indiana,Indiana,indiana,Yes,29,48,L,0,Opponent Home,OPPONENT_HOME,,,,,,,REGULAR_SEASON,,166,Feb. 4 at Indiana 29-48 L,resolved,,,,,,,
KYRAW-00310,kentucky,historical_record_book,1927-1928,1928,1928-02-08,Vanderbilt,Vanderbilt,vanderbilt,Yes,54,29,W,0,Opponent Home,OPPONENT_HOME,,,,,,,REGULAR_SEASON,,166,Feb. 8 * at Vanderbilt 54-29 W,resolved,,,,,,,
KYRAW-00311,kentucky,historical_record_book,1927-1928,1928,1928-02-09,Tennessee,Tennessee,tennessee,Yes,43,16,W,0,Opponent Home,OPPONENT_HOME,,,,,,,REGULAR_SEASON,,166,Feb. 9 * at Tennessee 43-16 W,resolved,,,,,,,
KYRAW-00312,kentucky,historical_record_book,1927-1928,1928,1928-02-11,Georgia Tech,Georgia Tech,georgia-tech,Yes,31,35,L,0,Kentucky Home,SOURCE_PROGRAM_HOME,Alumni Gym,Alumni Gym,Lexington,KY,,,REGULAR_SEASON,,166,Feb. 11 * GEORGIA TECH 31-35 L,resolved,,,,,,,
KYRAW-00313,kentucky,historical_record_book,1927-1928,1928,1928-02-18,Centre,Centre,centre,No,30,20,W,0,Kentucky Home,SOURCE_PROGRAM_HOME,Alumni Gym,Alumni Gym,Lexington,KY,,,REGULAR_SEASON,,166,Feb. 18 CENTRE 30-20 W,resolved,,,,,,,
KYRAW-00314,kentucky,historical_record_book,1927-1928,1928,1928-02-24,South Carolina,South Carolina,south-carolina,Yes,56,40,W,0,Neutral,NEUTRAL,,,,,Southern Conference Tournament,,CONFERENCE_TOURNAMENT,,166,Feb. 24 vs. South Carolina 56-40 W,resolved,,,,,,,
KYRAW-00315,kentucky,historical_record_book,1927-1928,1928,1928-02-25,Georgia,Georgia,georgia,Yes,33,16,W,0,Neutral,NEUTRAL,,,,,Southern Conference Tournament,,CONFERENCE_TOURNAMENT,,166,Feb. 25 vs. Georgia 33-16 W,resolved,,,,,,,
KYRAW-00316,kentucky,historical_record_book,1927-1928,1928,1928-02-27,Ole Miss,Ole Miss,ole-miss,Yes,28,41,L,0,Neutral,NEUTRAL,,,,,Southern Conference Tournament,,CONFERENCE_TOURNAMENT,,166,Feb. 27 vs. Ole Miss 28-41 L,resolved,,,,,,,
KYRAW-00317,kentucky,historical_record_book,1928-1929,1929,1928-12-15,Eastern Kentucky,Eastern Kentucky,eastern-kentucky,Yes,35,10,W,0,Kentucky Home,SOURCE_PROGRAM_HOME,Alumni Gym,Alumni Gym,Lexington,KY,,,REGULAR_SEASON,,167,Dec. 15 EASTERN NORMAL 35-10 W,resolved,,,,,,,
KYRAW-00318,kentucky,historical_record_book,1928-1929,1929,1928-12-21,Miami (Ohio),Miami University,miami-oh,Yes,43,42,W,3,Kentucky Home,SOURCE_PROGRAM_HOME,Alumni Gym,Alumni Gym,Lexington,KY,,,REGULAR_SEASON,,167,Dec. 21 MIAMI (OHIO) 43-42 W 3OT,resolved,,,,,,,
KYRAW-00319,kentucky,historical_record_book,1928-1929,1929,1929-01-04,North Carolina,North Carolina,north-carolina,Yes,15,26,L,0,Kentucky Home,SOURCE_PROGRAM_HOME,Alumni Gym,Alumni Gym,Lexington,KY,,,REGULAR_SEASON,,167,Jan. 4 * NORTH CAROLINA 15-26 L,resolved,,,,,,,
KYRAW-00320,kentucky,historical_record_book,1928-1929,1929,1929-01-12,Notre Dame,Notre Dame,notre-dame,Yes,19,16,W,0,Opponent Home,OPPONENT_HOME,,,,,,,REGULAR_SEASON,,167,Jan. 12 at Notre Dame 19-16 W,resolved,,,,,,,
KYRAW-00321,kentucky,historical_record_book,1928-1929,1929,1929-01-16,Georgia Tech,Georgia Tech,georgia-tech,Yes,19,33,L,0,Opponent Home,OPPONENT_HOME,,,,,,,REGULAR_SEASON,,167,Jan. 16 * at Georgia Tech 19-33 L,resolved,,,,,,,
KYRAW-00322,kentucky,historical_record_book,1928-1929,1929,1929-01-17,Tennessee,Tennessee,tennessee,Yes,35,29,W,0,Opponent Home,OPPONENT_HOME,,,,,,,REGULAR_SEASON,,167,Jan. 17 * at Tennessee 35-29 W,resolved,,,,,,,
KYRAW-00323,kentucky,historical_record_book,1928-1929,1929,1929-01-19,Tennessee,Tennessee,tennessee,Yes,27,22,W,0,Kentucky Home,SOURCE_PROGRAM_HOME,Alumni Gym,Alumni Gym,Lexington,KY,,,REGULAR_SEASON,,167,Jan. 19 * TENNESSEE 27-22 W,resolved,,,,,,,
KYRAW-00324,kentucky,historical_record_book,1928-1929,1929,1929-01-26,Alabama,Alabama,alabama,Yes,26,27,L,0,Kentucky Home,SOURCE_PROGRAM_HOME,Alumni Gym,Alumni Gym,Lexington,KY,,,REGULAR_SEASON,,167,Jan. 26 * ALABAMA 26-27 L,resolved,,,,,,,
KYRAW-00325,kentucky,historical_record_book,1928-1929,1929,1929-02-01,Mississippi State,Mississippi State,mississippi-state,Yes,25,23,W,1,Opponent Home,OPPONENT_HOME,,,,,,,REGULAR_SEASON,,167,Feb. 1 * at Mississippi State 25-23 W OT,resolved,,,,,,,
KYRAW-00326,kentucky,historical_record_book,1928-1929,1929,1929-02-02,Mississippi State,Mississippi State,mississippi-state,Yes,32,14,W,0,Kentucky Home,SOURCE_PROGRAM_HOME,Alumni Gym,Alumni Gym,Lexington,KY,,,REGULAR_SEASON,,167,Feb. 2 * 1 Mississippi State 32-14 W,resolved,,,,,,,
KYRAW-00327,kentucky,historical_record_book,1928-1929,1929,1929-02-03,Tulane,Tulane,tulane,Yes,22,34,L,0,Opponent Home,OPPONENT_HOME,,,,,,,REGULAR_SEASON,,167,Feb. 3 * at Tulane 22-34 L,resolved,,,,,,,
KYRAW-00328,kentucky,historical_record_book,1928-1929,1929,1929-02-08,Washington & Lee,Washington & Lee,washington-lee,,31,30,W,0,Kentucky Home,SOURCE_PROGRAM_HOME,Alumni Gym,Alumni Gym,Lexington,KY,,,REGULAR_SEASON,,167,Feb. 8 * WASHINGTON & LEE 31-30 W,resolved,,,,,,,
KYRAW-00329,kentucky,historical_record_book,1928-1929,1929,1929-02-13,Centre,Centre,centre,No,47,11,W,0,Kentucky Home,SOURCE_PROGRAM_HOME,Alumni Gym,Alumni Gym,Lexington,KY,,,REGULAR_SEASON,,167,Feb. 13 CENTRE 47-11 W,resolved,,,,,,,
KYRAW-00330,kentucky,historical_record_book,1928-1929,1929,1929-02-22,Ole Miss,Ole Miss,ole-miss,Yes,35,30,W,0,Kentucky Home,SOURCE_PROGRAM_HOME,Alumni Gym,Alumni Gym,Lexington,KY,,,REGULAR_SEASON,,167,Feb. 22 * OLE MISS 35-30 W,resolved,,,,,,,
KYRAW-00331,kentucky,historical_record_book,1928-1929,1929,1929-02-23,Ole Miss,Ole Miss,ole-miss,Yes,32,24,W,0,Kentucky Home,SOURCE_PROGRAM_HOME,Alumni Gym,Alumni Gym,Lexington,KY,,,REGULAR_SEASON,,167,Feb. 23 * OLE MISS 32-24 W,resolved,,,,,,,
KYRAW-00332,kentucky,historical_record_book,1928-1929,1929,1929-03-01,Tulane,Tulane,tulane,Yes,29,15,W,0,Neutral,NEUTRAL,,,,,Southern Conference Tournament,,CONFERENCE_TOURNAMENT,,167,Mar. 1 vs. Tulane 29-15 W,resolved,,,,,,,
KYRAW-00333,kentucky,historical_record_book,1928-1929,1929,1929-03-02,Georgia,Georgia,georgia,Yes,24,26,L,0,Neutral,NEUTRAL,,,,,Southern Conference Tournament,,CONFERENCE_TOURNAMENT,,167,Mar. 2 vs. Georgia 24-26 L,resolved,,,,,,,
KYRAW-00334,kentucky,historical_record_book,1929-1930,1930,1929-12-14,Georgetown (Ky.),Georgetown College (KY),georgetown-college-ky,,46,9,W,0,Kentucky Home,SOURCE_PROGRAM_HOME,Alumni Gym,Alumni Gym,Lexington,KY,,,REGULAR_SEASON,,167,Dec. 14 GEORGETOWN 46-9 W,resolved,,,,,,,
KYRAW-00335,kentucky,historical_record_book,1929-1930,1930,1929-12-20,Miami (Ohio),Miami University,miami-oh,Yes,35,20,W,0,Kentucky Home,SOURCE_PROGRAM_HOME,Alumni Gym,Alumni Gym,Lexington,KY,,,REGULAR_SEASON,,167,Dec. 20 MIAMI (OHIO) 35-20 W,resolved,,,,,,,
KYRAW-00336,kentucky,historical_record_book,1929-1930,1930,1929-12-31,Berea,Berea,berea,No,29,26,W,0,Kentucky Home,SOURCE_PROGRAM_HOME,Alumni Gym,Alumni Gym,Lexington,KY,,,REGULAR_SEASON,,167,Dec. 31 BEREA 29-26 W,resolved,,,,,,,
KYRAW-00337,kentucky,historical_record_book,1929-1930,1930,1930-01-03,Clemson,Clemson,clemson,Yes,31,15,W,0,Kentucky Home,SOURCE_PROGRAM_HOME,Alumni Gym,Alumni Gym,Lexington,KY,,,REGULAR_SEASON,,167,Jan. 3 * CLEMSON 31-15 W,resolved,,,,,,,
KYRAW-00338,kentucky,historical_record_book,1929-1930,1930,1930-01-10,Creighton,Creighton,creighton,Yes,27,28,L,0,Kentucky Home,SOURCE_PROGRAM_HOME,Alumni Gym,Alumni Gym,Lexington,KY,,,REGULAR_SEASON,,167,Jan. 10 CREIGHTON 27-28 L,resolved,,,,,,,
KYRAW-00339,kentucky,historical_record_book,1929-1930,1930,1930-01-11,Creighton,Creighton,creighton,Yes,25,21,W,0,Kentucky Home,SOURCE_PROGRAM_HOME,Alumni Gym,Alumni Gym,Lexington,KY,,,REGULAR_SEASON,,167,Jan. 11 CREIGHTON 25-21 W,resolved,,,,,,,
KYRAW-00340,kentucky,historical_record_book,1929-1930,1930,1930-01-18,Tennessee,Tennessee,tennessee,Yes,23,20,W,0,Kentucky Home,SOURCE_PROGRAM_HOME,Alumni Gym,Alumni Gym,Lexington,KY,,,REGULAR_SEASON,,167,Jan. 18 * TENNESSEE 23-20 W,resolved,,,,,,,
KYRAW-00341,kentucky,historical_record_book,1929-1930,1930,1930-01-24,Mississippi State,Mississippi State,mississippi-state,Yes,38,17,W,0,Kentucky Home,SOURCE_PROGRAM_HOME,Alumni Gym,Alumni Gym,Lexington,KY,,,REGULAR_SEASON,,167,Jan. 24 * MISSISSIPPI STATE 38-17 W,resolved,,,,,,,
KYRAW-00342,kentucky,historical_record_book,1929-1930,1930,1930-01-25,Mississippi State,Mississippi State,mississippi-state,Yes,20,14,W,0,Kentucky Home,SOURCE_PROGRAM_HOME,Alumni Gym,Alumni Gym,Lexington,KY,,,REGULAR_SEASON,,167,Jan. 25 * MISSISSIPPI STATE 20-14 W,resolved,,,,,,,
KYRAW-00343,kentucky,historical_record_book,1929-1930,1930,1930-01-31,Tennessee,Tennessee,tennessee,Yes,24,29,L,1,Opponent Home,OPPONENT_HOME,,,,,,,REGULAR_SEASON,,167,Jan. 31 * at Tennessee 24-29 L OT,resolved,,,,,,,
KYRAW-00344,kentucky,historical_record_book,1929-1930,1930,1930-02-01,Georgia,Georgia,georgia,Yes,22,21,W,1,Opponent Home,OPPONENT_HOME,,,,,,,REGULAR_SEASON,,167,Feb. 1 * at Georgia 22-21 W OT,resolved,,,,,,,
KYRAW-00345,kentucky,historical_record_book,1929-1930,1930,1930-02-03,Clemson,Clemson,clemson,Yes,34,20,W,0,Opponent Home,OPPONENT_HOME,,,,,,,REGULAR_SEASON,,167,Feb. 3 * at Clemson 34-20 W,resolved,,,,,,,
KYRAW-00346,kentucky,historical_record_book,1929-1930,1930,1930-02-08,Georgia Tech,Georgia Tech,georgia-tech,Yes,39,19,W,0,Kentucky Home,SOURCE_PROGRAM_HOME,Alumni Gym,Alumni Gym,Lexington,KY,,,REGULAR_SEASON,,167,Feb. 8 * GEORGIA TECH 39-19 W,resolved,,,,,,,
KYRAW-00347,kentucky,historical_record_book,1929-1930,1930,1930-02-14,Georgia,Georgia,georgia,Yes,36,23,W,0,Kentucky Home,SOURCE_PROGRAM_HOME,Alumni Gym,Alumni Gym,Lexington,KY,,,REGULAR_SEASON,,167,Feb. 14 * GEORGIA 36-23 W,resolved,,,,,,,
KYRAW-00348,kentucky,historical_record_book,1929-1930,1930,1930-02-18,Kentucky Wesleyan,Kentucky Wesleyan,kentucky-wesleyan,No,32,20,W,0,Kentucky Home,SOURCE_PROGRAM_HOME,Alumni Gym,Alumni Gym,Lexington,KY,,,REGULAR_SEASON,,167,Feb. 18 KENTUCKY WESLEYAN 32-20 W,resolved,,,,,,,
KYRAW-00349,kentucky,historical_record_book,1929-1930,1930,1930-02-22,Washington & Lee,Washington & Lee,washington-lee,,28,26,W,1,Kentucky Home,SOURCE_PROGRAM_HOME,Alumni Gym,Alumni Gym,Lexington,KY,,,REGULAR_SEASON,,167,Feb. 22 * WASHINGTON & LEE 28-26 W OT,resolved,,,,,,,
KYRAW-00350,kentucky,historical_record_book,1929-1930,1930,1930-02-28,Maryland,Maryland,maryland,Yes,26,21,W,0,Neutral,NEUTRAL,,,,,Southern Conference Tournament,,CONFERENCE_TOURNAMENT,,167,Feb. 28 vs. Maryland 26-21 W,resolved,,,,,,,
KYRAW-00351,kentucky,historical_record_book,1929-1930,1930,1930-03-01,Sewanee,Sewanee,sewanee,No,44,22,W,0,Neutral,NEUTRAL,,,,,Southern Conference Tournament,,CONFERENCE_TOURNAMENT,,167,Mar. 1 vs. Sewanee 44-22 W,resolved,,,,,,,
KYRAW-00352,kentucky,historical_record_book,1929-1930,1930,1930-03-03,Duke,Duke,duke,Yes,32,37,L,0,Neutral,NEUTRAL,,,,,Southern Conference Tournament,,CONFERENCE_TOURNAMENT,,167,Mar. 3 vs. Duke 32-37 L,resolved,,,,,,,
KYRAW-00353,kentucky,historical_record_book,1930-1931,1931,1930-12-18,Georgetown (Ky.),Georgetown College (KY),georgetown-college-ky,,67,19,W,0,Kentucky Home,SOURCE_PROGRAM_HOME,Alumni Gym,Alumni Gym,Lexington,KY,,,REGULAR_SEASON,,167,Dec. 18 GEORGETOWN 67-19 W,resolved,,,,,,,
KYRAW-00354,kentucky,historical_record_book,1930-1931,1931,1930-12-27,Marshall,Marshall,marshall,Yes,42,26,W,0,Kentucky Home,SOURCE_PROGRAM_HOME,Alumni Gym,Alumni Gym,Lexington,KY,,,REGULAR_SEASON,,167,Dec. 27 MARSHALL 42-26 W,resolved,,,,,,,
KYRAW-00355,kentucky,historical_record_book,1930-1931,1931,1930-12-31,Berea,Berea,berea,No,41,25,W,0,Kentucky Home,SOURCE_PROGRAM_HOME,Alumni Gym,Alumni Gym,Lexington,KY,,,REGULAR_SEASON,,167,Dec. 31 BEREA 41-25 W,resolved,,,,,,,
KYRAW-00356,kentucky,historical_record_book,1930-1931,1931,1931-01-03,Clemson,Clemson,clemson,Yes,33,21,W,0,Kentucky Home,SOURCE_PROGRAM_HOME,Alumni Gym,Alumni Gym,Lexington,KY,,,REGULAR_SEASON,,167,Jan. 3 * CLEMSON 33-21 W,resolved,,,,,,,
KYRAW-00357,kentucky,historical_record_book,1930-1931,1931,1931-01-10,Tennessee,Tennessee,tennessee,Yes,31,23,W,0,Kentucky Home,SOURCE_PROGRAM_HOME,Alumni Gym,Alumni Gym,Lexington,KY,,,REGULAR_SEASON,,167,Jan. 10 * TENNESSEE 31-23 W,resolved,,,,,,,
KYRAW-00358,kentucky,historical_record_book,1930-1931,1931,1931-01-16,Chattanooga,Chattanooga,chattanooga,Yes,55,18,W,0,Kentucky Home,SOURCE_PROGRAM_HOME,Alumni Gym,Alumni Gym,Lexington,KY,,,REGULAR_SEASON,,167,Jan. 16 CHATTANOOGA 55-18 W,resolved,,,,,,,
KYRAW-00359,kentucky,historical_record_book,1930-1931,1931,1931-01-21,Vanderbilt,Vanderbilt,vanderbilt,Yes,42,37,W,0,Opponent Home,OPPONENT_HOME,,,,,,,REGULAR_SEASON,,167,Jan. 21 * at Vanderbilt 42-37 W,resolved,,,,,,,
KYRAW-00360,kentucky,historical_record_book,1930-1931,1931,1931-01-31,Tennessee,Tennessee,tennessee,Yes,36,32,W,1,Opponent Home,OPPONENT_HOME,,,,,,,REGULAR_SEASON,,167,Jan. 31 * at Tennessee 36-32 W OT,resolved,,,,,,,
KYRAW-00361,kentucky,historical_record_book,1930-1931,1931,1931-02-06,Washington & Lee,Washington & Lee,washington-lee,,23,18,W,0,Kentucky Home,SOURCE_PROGRAM_HOME,Alumni Gym,Alumni Gym,Lexington,KY,,,REGULAR_SEASON,,167,Feb. 6 * WASHINGTON & LEE 23-18 W,resolved,,,,,,,
KYRAW-00362,kentucky,historical_record_book,1930-1931,1931,1931-02-09,Georgia Tech,Georgia Tech,georgia-tech,Yes,38,34,W,0,Kentucky Home,SOURCE_PROGRAM_HOME,Alumni Gym,Alumni Gym,Lexington,KY,,,REGULAR_SEASON,,167,Feb. 9 * GEORGIA TECH 38-34 W,resolved,,,,,,,
KYRAW-00363,kentucky,historical_record_book,1930-1931,1931,1931-02-13,Georgia,Georgia,georgia,Yes,16,25,L,0,Opponent Home,OPPONENT_HOME,,,,,,,REGULAR_SEASON,,167,Feb. 13 * at Georgia 16-25 L,resolved,,,,,,,
KYRAW-00364,kentucky,historical_record_book,1930-1931,1931,1931-02-14,Clemson,Clemson,clemson,Yes,26,29,L,0,Opponent Home,OPPONENT_HOME,,,,,,,REGULAR_SEASON,,167,Feb. 14 * at Clemson 26-29 L,resolved,,,,,,,
KYRAW-00365,kentucky,historical_record_book,1930-1931,1931,1931-02-16,Georgia Tech,Georgia Tech,georgia-tech,Yes,35,16,W,0,Opponent Home,OPPONENT_HOME,,,,,,,REGULAR_SEASON,,167,Feb. 16 * at Georgia Tech 35-16 W,resolved,,,,,,,
KYRAW-00366,kentucky,historical_record_book,1930-1931,1931,1931-02-20,Vanderbilt,Vanderbilt,vanderbilt,Yes,43,23,W,0,Kentucky Home,SOURCE_PROGRAM_HOME,Alumni Gym,Alumni Gym,Lexington,KY,,,REGULAR_SEASON,,167,Feb. 20 * VANDERBILT 43-23 W,resolved,,,,,,,
KYRAW-00367,kentucky,historical_record_book,1930-1931,1931,1931-02-27,NC State,NC State,nc-state,Yes,33,28,W,0,Neutral,NEUTRAL,,,,,Southern Conference Tournament,,CONFERENCE_TOURNAMENT,,167,Feb. 27 vs. NC State 33-28 W,resolved,,,,,,,
KYRAW-00368,kentucky,historical_record_book,1930-1931,1931,1931-02-28,Duke,Duke,duke,Yes,35,30,W,0,Neutral,NEUTRAL,,,,,Southern Conference Tournament,,CONFERENCE_TOURNAMENT,,167,Feb. 28 vs. Duke 35-30 W,resolved,,,,,,,
KYRAW-00369,kentucky,historical_record_book,1930-1931,1931,1931-03-02,Florida,Florida,florida,Yes,56,35,W,0,Neutral,NEUTRAL,,,,,Southern Conference Tournament,,CONFERENCE_TOURNAMENT,,167,Mar. 2 vs. Florida 56-35 W,resolved,,,,,,,
KYRAW-00370,kentucky,historical_record_book,1930-1931,1931,1931-03-03,Maryland,Maryland,maryland,Yes,27,29,L,0,Neutral,NEUTRAL,,,,,Southern Conference Tournament,,CONFERENCE_TOURNAMENT,Championship,167,Mar. 3 vs. Maryland 27-29 L,resolved,,,,,,,
KYRAW-00371,kentucky,historical_record_book,1931-1932,1932,1931-12-15,Georgetown (Ky.),Georgetown College (KY),georgetown-college-ky,,66,24,W,0,Kentucky Home,SOURCE_PROGRAM_HOME,Alumni Gym,Alumni Gym,Lexington,KY,,,REGULAR_SEASON,,167,Dec. 15 GEORGETOWN 66-24 W,resolved,,,,,,,
KYRAW-00372,kentucky,historical_record_book,1931-1932,1932,1931-12-18,Carnegie Tech,Carnegie Mellon,carnegie-mellon,,36,34,W,0,Kentucky Home,SOURCE_PROGRAM_HOME,Alumni Gym,Alumni Gym,Lexington,KY,,,REGULAR_SEASON,,167,Dec. 18 CARNEGIE TECH 36-34 W,resolved,,,,,,,
KYRAW-00373,kentucky,historical_record_book,1931-1932,1932,1931-12-23,Berea,Berea,berea,No,52,27,W,0,Kentucky Home,SOURCE_PROGRAM_HOME,Alumni Gym,Alumni Gym,Lexington,KY,,,REGULAR_SEASON,,167,Dec. 23 BEREA 52-27 W,resolved,,,,,,,
KYRAW-00374,kentucky,historical_record_book,1931-1932,1932,1931-12-30,Marshall,Marshall,marshall,Yes,46,16,W,0,Kentucky Home,SOURCE_PROGRAM_HOME,Alumni Gym,Alumni Gym,Lexington,KY,,,REGULAR_SEASON,,167,Dec. 30 MARSHALL 46-16 W,resolved,,,,,,,
KYRAW-00375,kentucky,historical_record_book,1931-1932,1932,1932-01-02,Clemson,Clemson,clemson,Yes,43,24,W,0,Kentucky Home,SOURCE_PROGRAM_HOME,Alumni Gym,Alumni Gym,Lexington,KY,,,REGULAR_SEASON,,167,Jan. 2 * CLEMSON 43-24 W,resolved,,,,,,,
KYRAW-00376,kentucky,historical_record_book,1931-1932,1932,1932-01-14,Clemson,Clemson,clemson,Yes,30,17,W,0,Opponent Home,OPPONENT_HOME,,,,,,,REGULAR_SEASON,,167,Jan. 14 * at Clemson 30-17 W,resolved,,,,,,,
KYRAW-00377,kentucky,historical_record_book,1931-1932,1932,1932-01-15,Sewanee,Sewanee,sewanee,No,30,20,W,0,Opponent Home,OPPONENT_HOME,,,,,,,REGULAR_SEASON,,167,Jan. 15 * at Sewanee 30-20 W,resolved,,,,,,,
KYRAW-00378,kentucky,historical_record_book,1931-1932,1932,1932-01-16,Tennessee,Tennessee,tennessee,Yes,29,28,W,0,Opponent Home,OPPONENT_HOME,,,,,,,REGULAR_SEASON,,167,Jan. 16 * at Tennessee 29-28 W,resolved,,,,,,,
KYRAW-00379,kentucky,historical_record_book,1931-1932,1932,1932-01-21,Chattanooga,Chattanooga,chattanooga,Yes,51,17,W,0,Kentucky Home,SOURCE_PROGRAM_HOME,Alumni Gym,Alumni Gym,Lexington,KY,,,REGULAR_SEASON,,167,Jan. 21 CHATTANOOGA 51-17 W,resolved,,,,,,,
KYRAW-00380,kentucky,historical_record_book,1931-1932,1932,1932-01-30,Washington & Lee,Washington & Lee,washington-lee,,48,28,W,0,Kentucky Home,SOURCE_PROGRAM_HOME,Alumni Gym,Alumni Gym,Lexington,KY,,,REGULAR_SEASON,,167,Jan. 30 * WASHINGTON & LEE 48-28 W,resolved,,,,,,,
KYRAW-00381,kentucky,historical_record_book,1931-1932,1932,1932-02-03,Vanderbilt,Vanderbilt,vanderbilt,Yes,61,37,W,0,Opponent Home,OPPONENT_HOME,,,,,,,REGULAR_SEASON,,167,Feb. 3 * at Vanderbilt 61-37 W,resolved,,,,,,,
KYRAW-00382,kentucky,historical_record_book,1931-1932,1932,1932-02-06,Duke,Duke,duke,Yes,37,30,W,0,Kentucky Home,SOURCE_PROGRAM_HOME,Alumni Gym,Alumni Gym,Lexington,KY,,,REGULAR_SEASON,,167,Feb. 6 * DUKE 37-30 W,resolved,,,,,,,
KYRAW-00383,kentucky,historical_record_book,1931-1932,1932,1932-02-08,Alabama,Alabama,alabama,Yes,50,22,W,0,Kentucky Home,SOURCE_PROGRAM_HOME,Alumni Gym,Alumni Gym,Lexington,KY,,,REGULAR_SEASON,,167,Feb. 8 * ALABAMA 50-22 W,resolved,,,,,,,
KYRAW-00384,kentucky,historical_record_book,1931-1932,1932,1932-02-13,Tennessee,Tennessee,tennessee,Yes,41,27,W,0,Kentucky Home,SOURCE_PROGRAM_HOME,Alumni Gym,Alumni Gym,Lexington,KY,,,REGULAR_SEASON,,167,Feb. 13 * TENNESSEE 41-27 W,resolved,,,,,,,
KYRAW-00385,kentucky,historical_record_book,1931-1932,1932,1932-02-20,Vanderbilt,Vanderbilt,vanderbilt,Yes,31,32,L,0,Kentucky Home,SOURCE_PROGRAM_HOME,Alumni Gym,Alumni Gym,Lexington,KY,,,REGULAR_SEASON,,167,Feb. 20 * VANDERBILT 31-32 L,resolved,,,,,,,
KYRAW-00386,kentucky,historical_record_book,1931-1932,1932,1932-02-26,Tulane,Tulane,tulane,Yes,50,30,W,0,Neutral,NEUTRAL,,,,,Southern Conference Tournament,,CONFERENCE_TOURNAMENT,,167,Feb. 26 vs. Tulane 50-30 W,resolved,,,,,,,
KYRAW-00387,kentucky,historical_record_book,1931-1932,1932,1932-02-27,North Carolina,North Carolina,north-carolina,Yes,42,43,L,0,Neutral,NEUTRAL,,,,,Southern Conference Tournament,,CONFERENCE_TOURNAMENT,,167,Feb. 27 vs. North Carolina 42-43 L,resolved,,,,,,,
KYRAW-00388,kentucky,historical_record_book,1932-1933,1933,1932-12-09,Alumni,Alumni,alumni,,52,17,W,0,Kentucky Home,SOURCE_PROGRAM_HOME,Alumni Gym,Alumni Gym,Lexington,KY,,,REGULAR_SEASON,,167,Dec. 9 ALUMNI 52-17 W,resolved,,,,,,,
KYRAW-00389,kentucky,historical_record_book,1932-1933,1933,1932-12-12,Georgetown (Ky.),Georgetown College (KY),georgetown-college-ky,,62,21,W,0,Kentucky Home,SOURCE_PROGRAM_HOME,Alumni Gym,Alumni Gym,Lexington,KY,,,REGULAR_SEASON,,167,Dec. 12 GEORGETOWN 62-21 W,resolved,,,,,,,
KYRAW-00390,kentucky,historical_record_book,1932-1933,1933,1932-12-17,Marshall,Marshall,marshall,Yes,57,23,W,0,Neutral,NEUTRAL,,,,,,,REGULAR_SEASON,,167,Dec. 17 1 vs. Marshall 57-23 W,resolved,,,,,,,
KYRAW-00391,kentucky,historical_record_book,1932-1933,1933,1932-12-20,Tulane,Tulane,tulane,Yes,53,17,W,0,Kentucky Home,SOURCE_PROGRAM_HOME,Alumni Gym,Alumni Gym,Lexington,KY,,,REGULAR_SEASON,,167,Dec. 20 * TULANE 53-17 W,resolved,,,,,,,
KYRAW-00392,kentucky,historical_record_book,1932-1933,1933,1932-12-21,Tulane,Tulane,tulane,Yes,42,11,W,0,Kentucky Home,SOURCE_PROGRAM_HOME,Alumni Gym,Alumni Gym,Lexington,KY,,,REGULAR_SEASON,,167,Dec. 21 * TULANE 42-11 W,resolved,,,,,,,
KYRAW-00393,kentucky,historical_record_book,1932-1933,1933,1932-12-30,Chicago,Chicago,chicago,No,58,26,W,0,Opponent Home,OPPONENT_HOME,,,,,,,REGULAR_SEASON,,167,Dec. 30 at Chicago 58-26 W,resolved,,,,,,,
KYRAW-00394,kentucky,historical_record_book,1932-1933,1933,1933-01-02,Ohio State,Ohio State,ohio-state,Yes,30,46,L,0,Kentucky Home,SOURCE_PROGRAM_HOME,Alumni Gym,Alumni Gym,Lexington,KY,,,REGULAR_SEASON,,167,Jan. 2 OHIO STATE 30-46 L,resolved,,,,,,,
KYRAW-00395,kentucky,historical_record_book,1932-1933,1933,1933-01-06,Creighton,Creighton,creighton,Yes,32,26,W,0,Opponent Home,OPPONENT_HOME,,,,,,,REGULAR_SEASON,,167,Jan. 6 at Creighton 32-26 W,resolved,,,,,,,
KYRAW-00396,kentucky,historical_record_book,1932-1933,1933,1933-01-07,Creighton,Creighton,creighton,Yes,22,34,L,0,Opponent Home,OPPONENT_HOME,,,,,,,REGULAR_SEASON,,167,Jan. 7 at Creighton 22-34 L,resolved,,,,,,,
KYRAW-00397,kentucky,historical_record_book,1932-1933,1933,1933-01-10,South Carolina,South Carolina,south-carolina,Yes,44,36,W,0,Kentucky Home,SOURCE_PROGRAM_HOME,Alumni Gym,Alumni Gym,Lexington,KY,,,REGULAR_SEASON,,167,Jan. 10 SOUTH CAROLINA 44-36 W,resolved,,,,,,,
KYRAW-00398,kentucky,historical_record_book,1932-1933,1933,1933-01-14,Tennessee,Tennessee,tennessee,Yes,42,21,W,0,Opponent Home,OPPONENT_HOME,,,,,,,REGULAR_SEASON,,167,Jan. 14 * at Tennessee 42-21 W,resolved,,,,,,,
KYRAW-00399,kentucky,historical_record_book,1932-1933,1933,1933-01-16,Clemson,Clemson,clemson,Yes,67,18,W,0,Kentucky Home,SOURCE_PROGRAM_HOME,Alumni Gym,Alumni Gym,Lexington,KY,,,REGULAR_SEASON,,167,Jan. 16 CLEMSON 67-18 W,resolved,,,,,,,
KYRAW-00400,kentucky,historical_record_book,1932-1933,1933,1933-01-28,Tennessee,Tennessee,tennessee,Yes,44,23,W,0,Kentucky Home,SOURCE_PROGRAM_HOME,Alumni Gym,Alumni Gym,Lexington,KY,,,REGULAR_SEASON,,167,Jan. 28 * TENNESSEE 44-23 W,resolved,,,,,,,
KYRAW-00401,kentucky,historical_record_book,1932-1933,1933,1933-01-31,Vanderbilt,Vanderbilt,vanderbilt,Yes,40,29,W,0,Opponent Home,OPPONENT_HOME,,,,,,,REGULAR_SEASON,,167,Jan. 31 * at Vanderbilt 40-29 W,resolved,,,,,,,
KYRAW-00402,kentucky,historical_record_book,1932-1933,1933,1933-02-01,Clemson,Clemson,clemson,Yes,42,32,W,0,Opponent Home,OPPONENT_HOME,,,,,,,REGULAR_SEASON,,167,Feb. 1 at Clemson 42-32 W,resolved,,,,,,,
KYRAW-00403,kentucky,historical_record_book,1932-1933,1933,1933-02-02,South Carolina,South Carolina,south-carolina,Yes,38,44,L,0,Opponent Home,OPPONENT_HOME,,,,,,,REGULAR_SEASON,,167,Feb. 2 at South Carolina 38-44 L,resolved,,,,,,,
KYRAW-00404,kentucky,historical_record_book,1932-1933,1933,1933-02-06,Mexico,Mexico,mexico,No,81,22,W,0,Kentucky Home,SOURCE_PROGRAM_HOME,Alumni Gym,Alumni Gym,Lexington,KY,,,REGULAR_SEASON,,167,Feb. 6 MEXICO 81-22 W,resolved,,,,,,,
KYRAW-00405,kentucky,historical_record_book,1932-1933,1933,1933-02-11,Georgia Tech,Georgia Tech,georgia-tech,Yes,45,22,W,0,Kentucky Home,SOURCE_PROGRAM_HOME,Alumni Gym,Alumni Gym,Lexington,KY,,,REGULAR_SEASON,,167,Feb. 11 * GEORGIA TECH 45-22 W,resolved,,,,,,,
KYRAW-00406,kentucky,historical_record_book,1932-1933,1933,1933-02-13,Alabama,Alabama,alabama,Yes,35,31,W,0,Neutral,NEUTRAL,,,,,,,REGULAR_SEASON,,167,Feb. 13 2* vs. Alabama 35-31 W,resolved,,,,,,,
KYRAW-00407,kentucky,historical_record_book,1932-1933,1933,1933-02-18,Vanderbilt,Vanderbilt,vanderbilt,Yes,45,28,W,0,Kentucky Home,SOURCE_PROGRAM_HOME,Alumni Gym,Alumni Gym,Lexington,KY,,,REGULAR_SEASON,,167,Feb. 18 * VANDERBILT 45-28 W,resolved,,,,,,,
KYRAW-00408,kentucky,historical_record_book,1932-1933,1933,1933-02-24,Ole Miss,Ole Miss,ole-miss,Yes,49,31,W,0,Neutral,NEUTRAL,,,,,SEC Tournament,,CONFERENCE_TOURNAMENT,,168,Feb. 24 3 vs. Ole Miss 49-31 W,resolved,,,,,,,
KYRAW-00409,kentucky,historical_record_book,1932-1933,1933,1933-02-25,Florida,Florida,florida,Yes,48,24,W,0,Neutral,NEUTRAL,,,,,SEC Tournament,,CONFERENCE_TOURNAMENT,,168,Feb. 25 3 vs. Florida 48-24 W,resolved,,,,,,,
KYRAW-00410,kentucky,historical_record_book,1932-1933,1933,1933-02-27,LSU,LSU,lsu,Yes,51,38,W,0,Neutral,NEUTRAL,,,,,SEC Tournament,,CONFERENCE_TOURNAMENT,,168,Feb. 27 3 vs. LSU 51-38 W,resolved,,,,,,,
KYRAW-00411,kentucky,historical_record_book,1932-1933,1933,1933-02-28,Mississippi State,Mississippi State,mississippi-state,Yes,46,27,W,0,Neutral,NEUTRAL,,,,,SEC Tournament,,CONFERENCE_TOURNAMENT,Championship,168,Feb. 28 3 vs. Mississippi State 46-27 W,resolved,,,,,,,
KYRAW-00412,kentucky,historical_record_book,1933-1934,1934,1933-12-05,Alumni,Alumni,alumni,,53,20,W,0,Kentucky Home,SOURCE_PROGRAM_HOME,Alumni Gym,Alumni Gym,Lexington,KY,,,REGULAR_SEASON,,168,Dec. 5 ALUMNI 53-20 W,resolved,,,,,,,
KYRAW-00413,kentucky,historical_record_book,1933-1934,1934,1933-12-09,Georgetown (Ky.),Georgetown College (KY),georgetown-college-ky,,41,12,W,0,Kentucky Home,SOURCE_PROGRAM_HOME,Alumni Gym,Alumni Gym,Lexington,KY,,,REGULAR_SEASON,,168,Dec. 9 GEORGETOWN 41-12 W,resolved,,,,,,,
KYRAW-00414,kentucky,historical_record_book,1933-1934,1934,1933-12-14,Marshall,Marshall,marshall,Yes,48,26,W,0,Kentucky Home,SOURCE_PROGRAM_HOME,Alumni Gym,Alumni Gym,Lexington,KY,,,REGULAR_SEASON,,168,Dec. 14 MARSHALL 48-26 W,resolved,,,,,,,
KYRAW-00415,kentucky,historical_record_book,1933-1934,1934,1933-12-16,Cincinnati,Cincinnati,cincinnati,Yes,31,25,W,0,Kentucky Home,SOURCE_PROGRAM_HOME,Alumni Gym,Alumni Gym,Lexington,KY,,,REGULAR_SEASON,,168,Dec. 16 CINCINNATI 31-25 W,resolved,,,,,,,
KYRAW-00416,kentucky,historical_record_book,1933-1934,1934,1933-12-21,Tulane,Tulane,tulane,Yes,32,22,W,0,Opponent Home,OPPONENT_HOME,,,,,,,REGULAR_SEASON,,168,Dec. 21 * at Tulane 32-22 W,resolved,,,,,,,
KYRAW-00417,kentucky,historical_record_book,1933-1934,1934,1933-12-22,Tulane,Tulane,tulane,Yes,42,29,W,0,Opponent Home,OPPONENT_HOME,,,,,,,REGULAR_SEASON,,168,Dec. 22 * at Tulane 42-29 W,resolved,,,,,,,
KYRAW-00418,kentucky,historical_record_book,1933-1934,1934,1934-01-12,Sewanee,Sewanee,sewanee,No,55,16,W,0,Opponent Home,OPPONENT_HOME,,,,,,,REGULAR_SEASON,,168,Jan. 12 * at Sewanee 55-16 W,resolved,,,,,,,
KYRAW-00419,kentucky,historical_record_book,1933-1934,1934,1934-01-13,Tennessee,Tennessee,tennessee,Yes,44,23,W,0,Opponent Home,OPPONENT_HOME,,,,,,,REGULAR_SEASON,,168,Jan. 13 * at Tennessee 44-23 W,resolved,,,,,,,
KYRAW-00420,kentucky,historical_record_book,1933-1934,1934,1934-01-19,Chattanooga,Chattanooga,chattanooga,Yes,47,20,W,0,Kentucky Home,SOURCE_PROGRAM_HOME,Alumni Gym,Alumni Gym,Lexington,KY,,,REGULAR_SEASON,,168,Jan. 19 CHATTANOOGA 47-20 W,resolved,,,,,,,
KYRAW-00421,kentucky,historical_record_book,1933-1934,1934,1934-01-27,Tennessee,Tennessee,tennessee,Yes,53,26,W,0,Kentucky Home,SOURCE_PROGRAM_HOME,Alumni Gym,Alumni Gym,Lexington,KY,,,REGULAR_SEASON,,168,Jan. 27 * TENNESSEE 53-26 W,resolved,,,,,,,
KYRAW-00422,kentucky,historical_record_book,1933-1934,1934,1934-02-01,Alabama,Alabama,alabama,Yes,33,28,W,0,Neutral,NEUTRAL,,,,,,,REGULAR_SEASON,,168,Feb. 1 1 vs. Alabama 33-28 W,resolved,,,,,,,
KYRAW-00423,kentucky,historical_record_book,1933-1934,1934,1934-02-02,Vanderbilt,Vanderbilt,vanderbilt,Yes,48,26,W,0,Opponent Home,OPPONENT_HOME,,,,,,,REGULAR_SEASON,,168,Feb. 2 * at Vanderbilt 48-26 W,resolved,,,,,,,
KYRAW-00424,kentucky,historical_record_book,1933-1934,1934,1934-02-08,Alabama,Alabama,alabama,Yes,26,21,W,0,Kentucky Home,SOURCE_PROGRAM_HOME,Alumni Gym,Alumni Gym,Lexington,KY,,,REGULAR_SEASON,,168,Feb. 8 * ALABAMA 26-21 W,resolved,,,,,,,
KYRAW-00425,kentucky,historical_record_book,1933-1934,1934,1934-02-10,Georgia Tech,Georgia Tech,georgia-tech,Yes,49,25,W,0,Kentucky Home,SOURCE_PROGRAM_HOME,Alumni Gym,Alumni Gym,Lexington,KY,,,REGULAR_SEASON,,168,Feb. 10 * GEORGIA TECH 49-25 W,resolved,,,,,,,
KYRAW-00426,kentucky,historical_record_book,1933-1934,1934,1934-02-15,Sewanee,Sewanee,sewanee,No,60,15,W,0,Kentucky Home,SOURCE_PROGRAM_HOME,Alumni Gym,Alumni Gym,Lexington,KY,,,REGULAR_SEASON,,168,Feb. 15 * SEWANEE 60-15 W,resolved,,,,,,,
KYRAW-00427,kentucky,historical_record_book,1933-1934,1934,1934-02-17,Vanderbilt,Vanderbilt,vanderbilt,Yes,47,27,W,0,Kentucky Home,SOURCE_PROGRAM_HOME,Alumni Gym,Alumni Gym,Lexington,KY,,,REGULAR_SEASON,,168,Feb. 17 * VANDERBILT 47-27 W,resolved,,,,,,,
KYRAW-00428,kentucky,historical_record_book,1933-1934,1934,1934-02-24,Florida,Florida,florida,Yes,32,38,L,0,Neutral,NEUTRAL,,,,,SEC Tournament,,CONFERENCE_TOURNAMENT,,168,Feb. 24 2 vs. Florida 32-38 L,resolved,,,,,,,
KYRAW-00429,kentucky,historical_record_book,1934-1935,1935,1934-12-10,Alumni,Alumni,alumni,,55,8,W,0,Kentucky Home,SOURCE_PROGRAM_HOME,Alumni Gym,Alumni Gym,Lexington,KY,,,REGULAR_SEASON,,168,Dec. 10 ALUMNI 55-8 W,resolved,,,,,,,
KYRAW-00430,kentucky,historical_record_book,1934-1935,1935,1934-12-13,Oglethorpe,Oglethorpe,oglethorpe,No,81,12,W,0,Kentucky Home,SOURCE_PROGRAM_HOME,Alumni Gym,Alumni Gym,Lexington,KY,,,REGULAR_SEASON,,168,Dec. 13 OGLETHORPE 81-12 W,resolved,,,,,,,
KYRAW-00431,kentucky,historical_record_book,1934-1935,1935,1934-12-21,Tulane,Tulane,tulane,Yes,38,9,W,0,Opponent Home,OPPONENT_HOME,,,,,,,REGULAR_SEASON,,168,Dec. 21 * at Tulane 38-9 W,resolved,,,,,,,
KYRAW-00432,kentucky,historical_record_book,1934-1935,1935,1934-12-22,Tulane,Tulane,tulane,Yes,52,12,W,0,Opponent Home,OPPONENT_HOME,,,,,,,REGULAR_SEASON,,168,Dec. 22 * at Tulane 52-12 W,resolved,,,,,,,
KYRAW-00433,kentucky,historical_record_book,1934-1935,1935,1935-01-02,Chicago,Chicago,chicago,No,42,16,W,0,Kentucky Home,SOURCE_PROGRAM_HOME,Alumni Gym,Alumni Gym,Lexington,KY,,,REGULAR_SEASON,,168,Jan. 2 CHICAGO 42-16 W,resolved,,,,,,,
KYRAW-00434,kentucky,historical_record_book,1934-1935,1935,1935-01-05,New York U.,NYU,nyu,No,22,23,L,0,Opponent Home,OPPONENT_HOME,,,,,,,REGULAR_SEASON,,168,Jan. 5 at New York U. 22-23 L,resolved,,,,,,,
KYRAW-00435,kentucky,historical_record_book,1934-1935,1935,1935-01-14,Chattanooga,Chattanooga,chattanooga,Yes,66,19,W,0,Kentucky Home,SOURCE_PROGRAM_HOME,Alumni Gym,Alumni Gym,Lexington,KY,,,REGULAR_SEASON,,168,Jan. 14 CHATTANOOGA 66-19 W,resolved,,,,,,,
KYRAW-00436,kentucky,historical_record_book,1934-1935,1935,1935-01-18,Tulane,Tulane,tulane,Yes,63,22,W,0,Kentucky Home,SOURCE_PROGRAM_HOME,Alumni Gym,Alumni Gym,Lexington,KY,,,REGULAR_SEASON,,168,Jan. 18 * TULANE 63-22 W,resolved,,,,,,,
KYRAW-00437,kentucky,historical_record_book,1934-1935,1935,1935-01-19,Tulane,Tulane,tulane,Yes,55,12,W,0,Kentucky Home,SOURCE_PROGRAM_HOME,Alumni Gym,Alumni Gym,Lexington,KY,,,REGULAR_SEASON,,168,Jan. 19 * TULANE 55-12 W,resolved,,,,,,,
KYRAW-00438,kentucky,historical_record_book,1934-1935,1935,1935-01-26,Tennessee,Tennessee,tennessee,Yes,48,21,W,0,Kentucky Home,SOURCE_PROGRAM_HOME,Alumni Gym,Alumni Gym,Lexington,KY,,,REGULAR_SEASON,,168,Jan. 26 * TENNESSEE 48-21 W,resolved,,,,,,,
KYRAW-00439,kentucky,historical_record_book,1934-1935,1935,1935-02-01,Alabama,Alabama,alabama,Yes,33,26,W,0,Neutral,NEUTRAL,,,,,,,REGULAR_SEASON,,168,Feb. 1 1* vs. Alabama 33-26 W,resolved,,,,,,,
KYRAW-00440,kentucky,historical_record_book,1934-1935,1935,1935-02-02,Vanderbilt,Vanderbilt,vanderbilt,Yes,58,22,W,0,Opponent Home,OPPONENT_HOME,,,,,,,REGULAR_SEASON,,168,Feb. 2 * at Vanderbilt 58-22 W,resolved,,,,,,,
KYRAW-00441,kentucky,historical_record_book,1934-1935,1935,1935-02-05,Xavier,Xavier,xavier,Yes,40,27,W,0,Opponent Home,OPPONENT_HOME,,,,,,,REGULAR_SEASON,,168,Feb. 5 at Xavier 40-27 W,resolved,,,,,,,
KYRAW-00442,kentucky,historical_record_book,1934-1935,1935,1935-02-09,Georgia Tech,Georgia Tech,georgia-tech,Yes,57,30,W,0,Kentucky Home,SOURCE_PROGRAM_HOME,Alumni Gym,Alumni Gym,Lexington,KY,,,REGULAR_SEASON,,168,Feb. 9 * GEORGIA TECH 57-30 W,resolved,,,,,,,
KYRAW-00443,kentucky,historical_record_book,1934-1935,1935,1935-02-11,Alabama,Alabama,alabama,Yes,25,16,W,0,Kentucky Home,SOURCE_PROGRAM_HOME,Alumni Gym,Alumni Gym,Lexington,KY,,,REGULAR_SEASON,,168,Feb. 11 * ALABAMA 25-16 W,resolved,,,,,,,
KYRAW-00444,kentucky,historical_record_book,1934-1935,1935,1935-02-13,Michigan State,Michigan State,michigan-state,Yes,26,32,L,0,Opponent Home,OPPONENT_HOME,,,,,,,REGULAR_SEASON,,168,Feb. 13 at Michigan State 26-32 L,resolved,,,,,,,
KYRAW-00445,kentucky,historical_record_book,1934-1935,1935,1935-02-16,Tennessee,Tennessee,tennessee,Yes,38,36,W,0,Opponent Home,OPPONENT_HOME,,,,,,,REGULAR_SEASON,,168,Feb. 16 * at Tennessee 38-36 W,resolved,,,,,,,
KYRAW-00446,kentucky,historical_record_book,1934-1935,1935,1935-02-22,Creighton,Creighton,creighton,Yes,63,42,W,0,Kentucky Home,SOURCE_PROGRAM_HOME,Alumni Gym,Alumni Gym,Lexington,KY,,,REGULAR_SEASON,,168,Feb. 22 CREIGHTON 63-42 W,resolved,,,,,,,
KYRAW-00447,kentucky,historical_record_book,1934-1935,1935,1935-02-23,Creighton,Creighton,creighton,Yes,24,13,W,0,Kentucky Home,SOURCE_PROGRAM_HOME,Alumni Gym,Alumni Gym,Lexington,KY,,,REGULAR_SEASON,,168,Feb. 23 CREIGHTON 24-13 W,resolved,,,,,,,
KYRAW-00448,kentucky,historical_record_book,1934-1935,1935,1935-03-02,Vanderbilt,Vanderbilt,vanderbilt,Yes,53,19,W,0,Kentucky Home,SOURCE_PROGRAM_HOME,Alumni Gym,Alumni Gym,Lexington,KY,,,REGULAR_SEASON,,168,Mar. 2 * VANDERBILT 53-19 W,resolved,,,,,,,
KYRAW-00449,kentucky,historical_record_book,1934-1935,1935,1935-03-07,Xavier,Xavier,xavier,Yes,46,29,W,0,Kentucky Home,SOURCE_PROGRAM_HOME,Alumni Gym,Alumni Gym,Lexington,KY,,,REGULAR_SEASON,,168,Mar. 7 XAVIER 46-29 W,resolved,,,,,,,
KYRAW-00450,kentucky,historical_record_book,1935-1936,1936,1935-12-06,Georgetown (Ky.),Georgetown College (KY),georgetown-college-ky,,42,17,W,0,Kentucky Home,SOURCE_PROGRAM_HOME,Alumni Gym,Alumni Gym,Lexington,KY,,,REGULAR_SEASON,,168,Dec. 6 GEORGETOWN 42-17 W,resolved,,,,,,,
KYRAW-00451,kentucky,historical_record_book,1935-1936,1936,1935-12-17,Berea,Berea,berea,No,58,30,W,0,Kentucky Home,SOURCE_PROGRAM_HOME,Alumni Gym,Alumni Gym,Lexington,KY,,,REGULAR_SEASON,,168,Dec. 17 BEREA 58-30 W,resolved,,,,,,,
KYRAW-00452,kentucky,historical_record_book,1935-1936,1936,1935-12-23,Pittsburgh,Pittsburgh,pittsburgh,Yes,35,17,W,0,Kentucky Home,SOURCE_PROGRAM_HOME,Alumni Gym,Alumni Gym,Lexington,KY,,,REGULAR_SEASON,,168,Dec. 23 PITTSBURGH 35-17 W,resolved,,,,,,,
KYRAW-00453,kentucky,historical_record_book,1935-1936,1936,1936-01-08,New York U.,NYU,nyu,No,28,41,L,0,Opponent Home,OPPONENT_HOME,,,,,,,REGULAR_SEASON,,168,Jan. 8 at New York U. 28-41 L,resolved,,,,,,,
KYRAW-00454,kentucky,historical_record_book,1935-1936,1936,1936-01-14,Xavier,Xavier,xavier,Yes,36,32,W,0,Opponent Home,OPPONENT_HOME,,,,,,,REGULAR_SEASON,,168,Jan. 14 at Xavier 36-32 W,resolved,,,,,,,
KYRAW-00455,kentucky,historical_record_book,1935-1936,1936,1936-01-17,Tulane,Tulane,tulane,Yes,49,24,W,0,Kentucky Home,SOURCE_PROGRAM_HOME,Alumni Gym,Alumni Gym,Lexington,KY,,,REGULAR_SEASON,,168,Jan. 17 * TULANE 49-24 W,resolved,,,,,,,
KYRAW-00456,kentucky,historical_record_book,1935-1936,1936,1936-01-18,Tulane,Tulane,tulane,Yes,39,21,W,0,Kentucky Home,SOURCE_PROGRAM_HOME,Alumni Gym,Alumni Gym,Lexington,KY,,,REGULAR_SEASON,,168,Jan. 18 * TULANE 39-21 W,resolved,,,,,,,
KYRAW-00457,kentucky,historical_record_book,1935-1936,1936,1936-01-21,Michigan State,Michigan State,michigan-state,Yes,27,19,W,0,Kentucky Home,SOURCE_PROGRAM_HOME,Alumni Gym,Alumni Gym,Lexington,KY,,,REGULAR_SEASON,,168,Jan. 21 MICHIGAN STATE 27-19 W,resolved,,,,,,,
KYRAW-00458,kentucky,historical_record_book,1935-1936,1936,1936-01-25,Tennessee,Tennessee,tennessee,Yes,40,31,W,0,Kentucky Home,SOURCE_PROGRAM_HOME,Alumni Gym,Alumni Gym,Lexington,KY,,,REGULAR_SEASON,,168,Jan. 25 * TENNESSEE 40-31 W,resolved,,,,,,,
KYRAW-00459,kentucky,historical_record_book,1935-1936,1936,1936-02-01,Vanderbilt,Vanderbilt,vanderbilt,Yes,24,33,L,0,Opponent Home,OPPONENT_HOME,,,,,,,REGULAR_SEASON,,168,Feb. 1 * at Vanderbilt 24-33 L,resolved,,,,,,,
KYRAW-00460,kentucky,historical_record_book,1935-1936,1936,1936-02-03,Alabama,Alabama,alabama,Yes,32,30,W,0,Opponent Home,OPPONENT_HOME,,,,,,,REGULAR_SEASON,,168,Feb. 3 * at Alabama1 32-30 W,resolved,,,,,,,
KYRAW-00461,kentucky,historical_record_book,1935-1936,1936,1936-02-07,Alabama,Alabama,alabama,Yes,40,34,W,0,Kentucky Home,SOURCE_PROGRAM_HOME,Alumni Gym,Alumni Gym,Lexington,KY,,,REGULAR_SEASON,,168,Feb. 7 * ALABAMA 40-34 W,resolved,,,,,,,
KYRAW-00462,kentucky,historical_record_book,1935-1936,1936,1936-02-10,Notre Dame,Notre Dame,notre-dame,Yes,20,41,L,0,Opponent Home,OPPONENT_HOME,,,,,,,REGULAR_SEASON,,168,Feb. 10 at Notre Dame 20-41 L,resolved,,,,,,,
KYRAW-00463,kentucky,historical_record_book,1935-1936,1936,1936-02-11,Butler,Butler,butler,Yes,39,28,W,0,Opponent Home,OPPONENT_HOME,,,,,,,REGULAR_SEASON,,168,Feb. 11 at Butler 39-28 W,resolved,,,,,,,
KYRAW-00464,kentucky,historical_record_book,1935-1936,1936,1936-02-15,Tennessee,Tennessee,tennessee,Yes,28,39,L,0,Opponent Home,OPPONENT_HOME,,,,,,,REGULAR_SEASON,,168,Feb. 15 * at Tennessee 28-39 L,resolved,,,,,,,
KYRAW-00465,kentucky,historical_record_book,1935-1936,1936,1936-02-18,Xavier,Xavier,xavier,Yes,49,40,W,0,Kentucky Home,SOURCE_PROGRAM_HOME,Alumni Gym,Alumni Gym,Lexington,KY,,,REGULAR_SEASON,,168,Feb. 18 XAVIER 49-40 W,resolved,,,,,,,
KYRAW-00466,kentucky,historical_record_book,1935-1936,1936,1936-02-21,Creighton,Creighton,creighton,Yes,68,38,W,0,Kentucky Home,SOURCE_PROGRAM_HOME,Alumni Gym,Alumni Gym,Lexington,KY,,,REGULAR_SEASON,,168,Feb. 21 CREIGHTON 68-38 W,resolved,,,,,,,
KYRAW-00467,kentucky,historical_record_book,1935-1936,1936,1936-02-22,Creighton,Creighton,creighton,Yes,29,31,L,0,Kentucky Home,SOURCE_PROGRAM_HOME,Alumni Gym,Alumni Gym,Lexington,KY,,,REGULAR_SEASON,,168,Feb. 22 CREIGHTON 29-31 L,resolved,,,,,,,
KYRAW-00468,kentucky,historical_record_book,1935-1936,1936,1936-02-24,Vanderbilt,Vanderbilt,vanderbilt,Yes,61,41,W,0,Kentucky Home,SOURCE_PROGRAM_HOME,Alumni Gym,Alumni Gym,Lexington,KY,,,REGULAR_SEASON,,168,Feb. 24 * VANDERBILT 61-41 W,resolved,,,,,,,
KYRAW-00469,kentucky,historical_record_book,1935-1936,1936,1936-02-28,Mississippi State,Mississippi State,mississippi-state,Yes,41,39,W,0,Neutral,NEUTRAL,,,,,SEC Tournament,,CONFERENCE_TOURNAMENT,,168,Feb. 28 2 vs. Mississippi State 41-39 W,resolved,,,,,,,
KYRAW-00470,kentucky,historical_record_book,1935-1936,1936,1936-02-29,Tennessee,Tennessee,tennessee,Yes,28,39,L,0,Opponent Home,OPPONENT_HOME,,,,,SEC Tournament,,CONFERENCE_TOURNAMENT,,168,Feb. 29 2 vs. at Tennessee 28-39 L,resolved,,,,,,,
KYRAW-00471,kentucky,historical_record_book,1936-1937,1937,1936-12-09,Georgetown (Ky.),Georgetown College (KY),georgetown-college-ky,,46,21,W,0,Kentucky Home,SOURCE_PROGRAM_HOME,Alumni Gym,Alumni Gym,Lexington,KY,,,REGULAR_SEASON,,168,Dec. 9 GEORGETOWN 46-21 W,resolved,,,,,,,
KYRAW-00472,kentucky,historical_record_book,1936-1937,1937,1936-12-12,Berea,Berea,berea,No,70,26,W,0,Kentucky Home,SOURCE_PROGRAM_HOME,Alumni Gym,Alumni Gym,Lexington,KY,,,REGULAR_SEASON,,168,Dec. 12 BEREA 70-26 W,resolved,,,,,,,
KYRAW-00473,kentucky,historical_record_book,1936-1937,1937,1936-12-15,Xavier,Xavier,xavier,Yes,34,28,W,1,Opponent Home,OPPONENT_HOME,,,,,,,REGULAR_SEASON,,168,Dec. 15 at Xavier 34-28 W OT,resolved,,,,,,,
KYRAW-00474,kentucky,historical_record_book,1936-1937,1937,1936-12-21,Centenary,Centenary,centenary,No,37,19,W,0,Kentucky Home,SOURCE_PROGRAM_HOME,Alumni Gym,Alumni Gym,Lexington,KY,,,REGULAR_SEASON,,168,Dec. 21 CENTENARY 37-19 W,resolved,,,,,,,
KYRAW-00475,kentucky,historical_record_book,1936-1937,1937,1937-01-02,Michigan State,Michigan State,michigan-state,Yes,28,21,W,0,Kentucky Home,SOURCE_PROGRAM_HOME,Alumni Gym,Alumni Gym,Lexington,KY,,,REGULAR_SEASON,,168,Jan. 2 MICHIGAN STATE 28-21 W,resolved,,,,,,,
KYRAW-00476,kentucky,historical_record_book,1936-1937,1937,1937-01-05,Notre Dame,Notre Dame,notre-dame,Yes,28,41,L,0,Kentucky Home,SOURCE_PROGRAM_HOME,Alumni Gym,Alumni Gym,Lexington,KY,,,REGULAR_SEASON,,168,Jan. 5 1 Notre Dame 28-41 L,resolved,,,,,,,
KYRAW-00477,kentucky,historical_record_book,1936-1937,1937,1937-01-08,Creighton,Creighton,creighton,Yes,59,36,W,0,Kentucky Home,SOURCE_PROGRAM_HOME,Alumni Gym,Alumni Gym,Lexington,KY,,,REGULAR_SEASON,,168,Jan. 8 CREIGHTON 59-36 W,resolved,,,,,,,
KYRAW-00478,kentucky,historical_record_book,1936-1937,1937,1937-01-14,Michigan State,Michigan State,michigan-state,Yes,23,24,L,0,Opponent Home,OPPONENT_HOME,,,,,,,REGULAR_SEASON,,168,Jan. 14 at Michigan State 23-24 L,resolved,,,,,,,
KYRAW-00479,kentucky,historical_record_book,1936-1937,1937,1937-01-16,Akron,Akron,akron,Yes,32,22,W,0,Kentucky Home,SOURCE_PROGRAM_HOME,Alumni Gym,Alumni Gym,Lexington,KY,,,REGULAR_SEASON,,168,Jan. 16 2 Akron 32-22 W,resolved,,,,,,,
KYRAW-00480,kentucky,historical_record_book,1936-1937,1937,1937-01-23,Tennessee,Tennessee,tennessee,Yes,43,26,W,0,Kentucky Home,SOURCE_PROGRAM_HOME,Alumni Gym,Alumni Gym,Lexington,KY,,,REGULAR_SEASON,,168,Jan. 23 * TENNESSEE 43-26 W,resolved,,,,,,,
KYRAW-00481,kentucky,historical_record_book,1936-1937,1937,1937-01-30,Vanderbilt,Vanderbilt,vanderbilt,Yes,41,26,W,0,Opponent Home,OPPONENT_HOME,,,,,,,REGULAR_SEASON,,168,Jan. 30 * at Vanderbilt 41-26 W,resolved,,,,,,,
KYRAW-00482,kentucky,historical_record_book,1936-1937,1937,1937-02-01,Alabama,Alabama,alabama,Yes,38,27,W,0,Kentucky Home,SOURCE_PROGRAM_HOME,Alumni Gym,Alumni Gym,Lexington,KY,,,REGULAR_SEASON,,168,Feb. 1 3* Alabama 38-27 W,resolved,,,,,,,
KYRAW-00483,kentucky,historical_record_book,1936-1937,1937,1937-02-03,Tulane,Tulane,tulane,Yes,28,35,L,0,Opponent Home,OPPONENT_HOME,,,,,,,REGULAR_SEASON,,168,Feb. 3 * at Tulane 28-35 L,resolved,,,,,,,
KYRAW-00484,kentucky,historical_record_book,1936-1937,1937,1937-02-04,Tulane,Tulane,tulane,Yes,28,25,W,0,Opponent Home,OPPONENT_HOME,,,,,,,REGULAR_SEASON,,168,Feb. 4 * at Tulane 28-25 W,resolved,,,,,,,
KYRAW-00485,kentucky,historical_record_book,1936-1937,1937,1937-02-08,Mexico,Mexico,mexico,No,58,30,W,0,Kentucky Home,SOURCE_PROGRAM_HOME,Alumni Gym,Alumni Gym,Lexington,KY,,,REGULAR_SEASON,,168,Feb. 8 MEXICO 58-30 W,resolved,,,,,,,
KYRAW-00486,kentucky,historical_record_book,1936-1937,1937,1937-02-10,Alabama,Alabama,alabama,Yes,31,34,L,0,Kentucky Home,SOURCE_PROGRAM_HOME,Alumni Gym,Alumni Gym,Lexington,KY,,,REGULAR_SEASON,,168,Feb. 10 * ALABAMA 31-34 L,resolved,,,,,,,
KYRAW-00487,kentucky,historical_record_book,1936-1937,1937,1937-02-13,Tennessee,Tennessee,tennessee,Yes,24,26,L,0,Opponent Home,OPPONENT_HOME,,,,,,,REGULAR_SEASON,,168,Feb. 13 * at Tennessee 24-26 L,resolved,,,,,,,
KYRAW-00488,kentucky,historical_record_book,1936-1937,1937,1937-02-20,Vanderbilt,Vanderbilt,vanderbilt,Yes,51,19,W,0,Kentucky Home,SOURCE_PROGRAM_HOME,Alumni Gym,Alumni Gym,Lexington,KY,,,REGULAR_SEASON,,168,Feb. 20 * VANDERBILT 51-19 W,resolved,,,,,,,
KYRAW-00489,kentucky,historical_record_book,1936-1937,1937,1937-02-22,Xavier,Xavier,xavier,Yes,23,15,W,0,Kentucky Home,SOURCE_PROGRAM_HOME,Alumni Gym,Alumni Gym,Lexington,KY,,,REGULAR_SEASON,,168,Feb. 22 XAVIER 23-15 W,resolved,,,,,,,
KYRAW-00490,kentucky,historical_record_book,1936-1937,1937,1937-02-26,LSU,LSU,lsu,Yes,57,37,W,0,Neutral,NEUTRAL,,,,,SEC Tournament,,CONFERENCE_TOURNAMENT,,168,Feb. 26 4 vs. LSU 57-37 W,resolved,,,,,,,
KYRAW-00491,kentucky,historical_record_book,1936-1937,1937,1937-02-27,Georgia Tech,Georgia Tech,georgia-tech,Yes,40,30,W,0,Neutral,NEUTRAL,,,,,SEC Tournament,,CONFERENCE_TOURNAMENT,,168,Feb. 27 4 vs. Georgia Tech 40-30 W,resolved,,,,,,,
KYRAW-00492,kentucky,historical_record_book,1936-1937,1937,1937-03-01,Tennessee,Tennessee,tennessee,Yes,39,25,W,0,Opponent Home,OPPONENT_HOME,,,,,SEC Tournament,,CONFERENCE_TOURNAMENT,Championship,168,Mar. 1 4 at Tennessee 39-25 W,resolved,,,,,,,
KYRAW-00493,kentucky,historical_record_book,1937-1938,1938,1937-12-15,Berea,Berea,berea,No,69,35,W,0,Kentucky Home,SOURCE_PROGRAM_HOME,Alumni Gym,Alumni Gym,Lexington,KY,,,REGULAR_SEASON,,169,Dec. 15 BEREA 69-35 W,resolved,,,,,,,
KYRAW-00494,kentucky,historical_record_book,1937-1938,1938,1937-12-18,Cincinnati,Cincinnati,cincinnati,Yes,38,21,W,0,Kentucky Home,SOURCE_PROGRAM_HOME,Alumni Gym,Alumni Gym,Lexington,KY,,,REGULAR_SEASON,,169,Dec. 18 CINCINNATI 38-21 W,resolved,,,,,,,
KYRAW-00495,kentucky,historical_record_book,1937-1938,1938,1937-12-22,Centenary,Centenary,centenary,No,35,25,W,0,Kentucky Home,SOURCE_PROGRAM_HOME,Alumni Gym,Alumni Gym,Lexington,KY,,,REGULAR_SEASON,,169,Dec. 22 CENTENARY 35-25 W,resolved,,,,,,,
KYRAW-00496,kentucky,historical_record_book,1937-1938,1938,1937-12-29,Pittsburgh,Pittsburgh,pittsburgh,Yes,40,29,W,0,Neutral,NEUTRAL,,,,,,,REGULAR_SEASON,,169,Dec. 29 1 vs. Pittsburgh 40-29 W,resolved,,,,,,,
KYRAW-00497,kentucky,historical_record_book,1937-1938,1938,1938-01-08,Michigan State,Michigan State,michigan-state,Yes,38,43,L,0,Opponent Home,OPPONENT_HOME,,,,,,,REGULAR_SEASON,,169,Jan. 8 at Michigan State 38-43 L,resolved,,,,,,,
KYRAW-00498,kentucky,historical_record_book,1937-1938,1938,1938-01-10,Detroit Mercy,Detroit Mercy,detroit-mercy,Yes,26,34,L,0,Opponent Home,OPPONENT_HOME,,,,,,,REGULAR_SEASON,,169,Jan. 10 at Detroit 26-34 L,resolved,,,,,,,
KYRAW-00499,kentucky,historical_record_book,1937-1938,1938,1938-01-15,Notre Dame,Notre Dame,notre-dame,Yes,37,47,L,0,Opponent Home,OPPONENT_HOME,,,,,,,REGULAR_SEASON,,169,Jan. 15 at Notre Dame 37-47 L,resolved,,,,,,,
KYRAW-00500,kentucky,historical_record_book,1937-1938,1938,1938-01-22,Tennessee,Tennessee,tennessee,Yes,52,27,W,0,Kentucky Home,SOURCE_PROGRAM_HOME,Alumni Gym,Alumni Gym,Lexington,KY,,,REGULAR_SEASON,,169,Jan. 22 * TENNESSEE 52-27 W,resolved,,,,,,,
KYRAW-00501,kentucky,historical_record_book,1937-1938,1938,1938-01-29,Vanderbilt,Vanderbilt,vanderbilt,Yes,42,19,W,0,Opponent Home,OPPONENT_HOME,,,,,,,REGULAR_SEASON,,169,Jan. 29 * at Vanderbilt 42-19 W,resolved,,,,,,,
KYRAW-00502,kentucky,historical_record_book,1937-1938,1938,1938-01-31,Alabama,Alabama,alabama,Yes,57,31,W,0,Neutral,NEUTRAL,,,,,,,REGULAR_SEASON,,169,Jan. 31 2* vs. Alabama 57-31 W,resolved,,,,,,,
KYRAW-00503,kentucky,historical_record_book,1937-1938,1938,1938-02-05,Xavier,Xavier,xavier,Yes,32,39,L,0,Opponent Home,OPPONENT_HOME,,,,,,,REGULAR_SEASON,,169,Feb. 5 at Xavier 32-39 L,resolved,,,,,,,
KYRAW-00504,kentucky,historical_record_book,1937-1938,1938,1938-02-07,Michigan State,Michigan State,michigan-state,Yes,44,27,W,0,Kentucky Home,SOURCE_PROGRAM_HOME,Alumni Gym,Alumni Gym,Lexington,KY,,,REGULAR_SEASON,,169,Feb. 7 MICHIGAN STATE 44-27 W,resolved,,,,,,,
KYRAW-00505,kentucky,historical_record_book,1937-1938,1938,1938-02-12,Alabama,Alabama,alabama,Yes,28,21,W,0,Kentucky Home,SOURCE_PROGRAM_HOME,Alumni Gym,Alumni Gym,Lexington,KY,,,REGULAR_SEASON,,169,Feb. 12 * ALABAMA 28-21 W,resolved,,,,,,,
KYRAW-00506,kentucky,historical_record_book,1937-1938,1938,1938-02-14,Marquette,Marquette,marquette,Yes,35,33,W,0,Kentucky Home,SOURCE_PROGRAM_HOME,Alumni Gym,Alumni Gym,Lexington,KY,,,REGULAR_SEASON,,169,Feb. 14 MARQUETTE 35-33 W,resolved,,,,,,,
KYRAW-00507,kentucky,historical_record_book,1937-1938,1938,1938-02-17,Xavier,Xavier,xavier,Yes,45,29,W,0,Kentucky Home,SOURCE_PROGRAM_HOME,Alumni Gym,Alumni Gym,Lexington,KY,,,REGULAR_SEASON,,169,Feb. 17 XAVIER 45-29 W,resolved,,,,,,,
KYRAW-00508,kentucky,historical_record_book,1937-1938,1938,1938-02-21,Vanderbilt,Vanderbilt,vanderbilt,Yes,48,24,W,0,Kentucky Home,SOURCE_PROGRAM_HOME,Alumni Gym,Alumni Gym,Lexington,KY,,,REGULAR_SEASON,,169,Feb. 21 * VANDERBILT 48-24 W,resolved,,,,,,,
KYRAW-00509,kentucky,historical_record_book,1937-1938,1938,1938-02-26,Tennessee,Tennessee,tennessee,Yes,29,26,W,0,Opponent Home,OPPONENT_HOME,,,,,,,REGULAR_SEASON,,169,Feb. 26 * at Tennessee 29-26 W,resolved,,,,,,,
KYRAW-00510,kentucky,historical_record_book,1937-1938,1938,1938-03-03,Tulane,Tulane,tulane,Yes,36,38,L,0,Neutral,NEUTRAL,,,,,SEC Tournament,,CONFERENCE_TOURNAMENT,,169,Mar. 3 3 vs. Tulane 36-38 L,resolved,,,,,,,
KYRAW-00511,kentucky,historical_record_book,1938-1939,1939,1938-12-02,Georgetown (Ky.),Georgetown College (KY),georgetown-college-ky,,39,19,W,0,Kentucky Home,SOURCE_PROGRAM_HOME,Alumni Gym,Alumni Gym,Lexington,KY,,,REGULAR_SEASON,,169,Dec. 2 GEORGETOWN 39-19 W,resolved,,,,,,,
KYRAW-00512,kentucky,historical_record_book,1938-1939,1939,1938-12-10,Kentucky Wesleyan,Kentucky Wesleyan,kentucky-wesleyan,No,57,18,W,0,Kentucky Home,SOURCE_PROGRAM_HOME,Alumni Gym,Alumni Gym,Lexington,KY,,,REGULAR_SEASON,,169,Dec. 10 KENTUCKY WESLEYAN 57-18 W,resolved,,,,,,,
KYRAW-00513,kentucky,historical_record_book,1938-1939,1939,1938-12-17,Cincinnati,Cincinnati,cincinnati,Yes,44,27,W,0,Kentucky Home,SOURCE_PROGRAM_HOME,Alumni Gym,Alumni Gym,Lexington,KY,,,REGULAR_SEASON,,169,Dec. 17 CINCINNATI 44-27 W,resolved,,,,,,,
KYRAW-00514,kentucky,historical_record_book,1938-1939,1939,1938-12-21,Washington & Lee,Washington & Lee,washington-lee,,67,47,W,0,Kentucky Home,SOURCE_PROGRAM_HOME,Alumni Gym,Alumni Gym,Lexington,KY,,,REGULAR_SEASON,,169,Dec. 21 WASHINGTON & LEE 67-47 W,resolved,,,,,,,
KYRAW-00515,kentucky,historical_record_book,1938-1939,1939,1939-01-04,LIU Brooklyn,LIU,long-island-university,Yes,34,52,L,0,Opponent Home,OPPONENT_HOME,,,,,,,REGULAR_SEASON,,169,Jan. 4 at Long Island 34-52 L,resolved,,,,,,,
KYRAW-00516,kentucky,historical_record_book,1938-1939,1939,1939-01-06,Saint Joseph’s,Saint Joseph's,saint-joseph-s,Yes,41,30,W,0,Opponent Home,OPPONENT_HOME,,,,,,,REGULAR_SEASON,,169,Jan. 6 at St. Joseph’s 41-30 W,resolved,,,,,,,
KYRAW-00517,kentucky,historical_record_book,1938-1939,1939,1939-01-14,Notre Dame,Notre Dame,notre-dame,Yes,37,42,L,0,Neutral,NEUTRAL,,,,,,,REGULAR_SEASON,,169,Jan. 14 1 vs. Notre Dame 37-42 L,resolved,,,,,,,
KYRAW-00518,kentucky,historical_record_book,1938-1939,1939,1939-01-21,Tennessee,Tennessee,tennessee,Yes,29,30,L,0,Kentucky Home,SOURCE_PROGRAM_HOME,Alumni Gym,Alumni Gym,Lexington,KY,,,REGULAR_SEASON,,169,Jan. 21 * TENNESSEE 29-30 L,resolved,,,,,,,
KYRAW-00519,kentucky,historical_record_book,1938-1939,1939,1939-01-28,Alabama,Alabama,alabama,Yes,38,41,L,0,Neutral,NEUTRAL,,,,,,,REGULAR_SEASON,,169,Jan. 28 2* vs. Alabama 38-41 L,resolved,,,,,,,
KYRAW-00520,kentucky,historical_record_book,1938-1939,1939,1939-01-30,Vanderbilt,Vanderbilt,vanderbilt,Yes,51,37,W,0,Opponent Home,OPPONENT_HOME,,,,,,,REGULAR_SEASON,,169,Jan. 30 * at Vanderbilt 51-37 W,resolved,,,,,,,
KYRAW-00521,kentucky,historical_record_book,1938-1939,1939,1939-02-04,Marquette,Marquette,marquette,Yes,37,31,W,0,Kentucky Home,SOURCE_PROGRAM_HOME,Alumni Gym,Alumni Gym,Lexington,KY,,,REGULAR_SEASON,,169,Feb. 4 Marquette 37-31 W,resolved,,,,,,,
KYRAW-00522,kentucky,historical_record_book,1938-1939,1939,1939-02-08,Xavier,Xavier,xavier,Yes,41,31,W,0,Opponent Home,OPPONENT_HOME,,,,,,,REGULAR_SEASON,,169,Feb. 8 at Xavier 41-31 W,resolved,,,,,,,
KYRAW-00523,kentucky,historical_record_book,1938-1939,1939,1939-02-11,Alabama,Alabama,alabama,Yes,45,27,W,0,Kentucky Home,SOURCE_PROGRAM_HOME,Alumni Gym,Alumni Gym,Lexington,KY,,,REGULAR_SEASON,,169,Feb. 11 * ALABAMA 45-27 W,resolved,,,,,,,
KYRAW-00524,kentucky,historical_record_book,1938-1939,1939,1939-02-13,Mississippi State,Mississippi State,mississippi-state,Yes,39,28,W,0,Kentucky Home,SOURCE_PROGRAM_HOME,Alumni Gym,Alumni Gym,Lexington,KY,,,REGULAR_SEASON,,169,Feb. 13 * MISSISSIPPI STATE 39-28 W,resolved,,,,,,,
KYRAW-00525,kentucky,historical_record_book,1938-1939,1939,1939-02-18,Tennessee,Tennessee,tennessee,Yes,36,34,W,2,Opponent Home,OPPONENT_HOME,,,,,,,REGULAR_SEASON,,169,Feb. 18 * at Tennessee 36-34 W 2OT,resolved,,,,,,,
KYRAW-00526,kentucky,historical_record_book,1938-1939,1939,1939-02-21,Xavier,Xavier,xavier,Yes,43,23,W,0,Kentucky Home,SOURCE_PROGRAM_HOME,Alumni Gym,Alumni Gym,Lexington,KY,,,REGULAR_SEASON,,169,Feb. 21 XAVIER 43-23 W,resolved,,,,,,,
KYRAW-00527,kentucky,historical_record_book,1938-1939,1939,1939-02-25,Vanderbilt,Vanderbilt,vanderbilt,Yes,52,27,W,0,Kentucky Home,SOURCE_PROGRAM_HOME,Alumni Gym,Alumni Gym,Lexington,KY,,,REGULAR_SEASON,,169,Feb. 25 * VANDERBILT 52-27 W,resolved,,,,,,,
KYRAW-00528,kentucky,historical_record_book,1938-1939,1939,1939-03-02,Ole Miss,Ole Miss,ole-miss,Yes,49,30,W,0,Neutral,NEUTRAL,,,,,SEC Tournament,,CONFERENCE_TOURNAMENT,,169,Mar. 2 3 vs. Ole Miss 49-30 W,resolved,,,,,,,
KYRAW-00529,kentucky,historical_record_book,1938-1939,1939,1939-03-03,LSU,LSU,lsu,Yes,53,34,W,0,Neutral,NEUTRAL,,,,,SEC Tournament,,CONFERENCE_TOURNAMENT,,169,Mar. 3 3 vs. LSU 53-34 W,resolved,,,,,,,
KYRAW-00530,kentucky,historical_record_book,1938-1939,1939,1939-03-04,Tennessee,Tennessee,tennessee,Yes,46,38,W,0,Opponent Home,OPPONENT_HOME,,,,,SEC Tournament,,CONFERENCE_TOURNAMENT,Championship,169,Mar. 4 3 at Tennessee 46-38 W,resolved,,,,,,,
KYRAW-00531,kentucky,historical_record_book,1939-1940,1940,1939-12-09,Berea,Berea,berea,No,74,24,W,0,Kentucky Home,SOURCE_PROGRAM_HOME,Alumni Gym,Alumni Gym,Lexington,KY,,,REGULAR_SEASON,,169,Dec. 9 BEREA 74-24 W,resolved,,,,,,,
KYRAW-00532,kentucky,historical_record_book,1939-1940,1940,1939-12-16,Cincinnati,Cincinnati,cincinnati,Yes,30,39,L,0,Kentucky Home,SOURCE_PROGRAM_HOME,Alumni Gym,Alumni Gym,Lexington,KY,,,REGULAR_SEASON,,169,Dec. 16 CINCINNATI 30-39 L,resolved,,,,,,,
KYRAW-00533,kentucky,historical_record_book,1939-1940,1940,1939-12-21,Clemson,Clemson,clemson,Yes,55,31,W,0,Neutral,NEUTRAL,,,,,,,REGULAR_SEASON,,169,Dec. 21 1 vs. Clemson 55-31 W,resolved,,,,,,,
KYRAW-00534,kentucky,historical_record_book,1939-1940,1940,1939-12-27,Ohio State,Ohio State,ohio-state,Yes,36,30,W,0,Neutral,NEUTRAL,,,,,,,REGULAR_SEASON,,169,Dec. 27 2 vs. Ohio State 36-30 W,resolved,,,,,,,
KYRAW-00535,kentucky,historical_record_book,1939-1940,1940,1940-01-01,Kansas State,Kansas State,kansas-state,Yes,53,26,W,0,Kentucky Home,SOURCE_PROGRAM_HOME,Alumni Gym,Alumni Gym,Lexington,KY,,,REGULAR_SEASON,,169,Jan. 1 KANSAS STATE 53-26 W,resolved,,,,,,,
KYRAW-00536,kentucky,historical_record_book,1939-1940,1940,1940-01-06,Xavier,Xavier,xavier,Yes,42,41,W,1,Opponent Home,OPPONENT_HOME,,,,,,,REGULAR_SEASON,,169,Jan. 6 at Xavier 42-41 W OT,resolved,,,,,,,
KYRAW-00537,kentucky,historical_record_book,1939-1940,1940,1940-01-08,West Virginia,West Virginia,west-virginia,Yes,47,38,W,0,Kentucky Home,SOURCE_PROGRAM_HOME,Alumni Gym,Alumni Gym,Lexington,KY,,,REGULAR_SEASON,,169,Jan. 8 WEST VIRGINIA 47-38 W,resolved,,,,,,,
KYRAW-00538,kentucky,historical_record_book,1939-1940,1940,1940-01-13,Notre Dame,Notre Dame,notre-dame,Yes,47,52,L,0,Opponent Home,OPPONENT_HOME,,,,,,,REGULAR_SEASON,,169,Jan. 13 at Notre Dame 47-52 L,resolved,,,,,,,
KYRAW-00539,kentucky,historical_record_book,1939-1940,1940,1940-01-20,Tennessee,Tennessee,tennessee,Yes,35,26,W,0,Kentucky Home,SOURCE_PROGRAM_HOME,Alumni Gym,Alumni Gym,Lexington,KY,,,REGULAR_SEASON,,169,Jan. 20 * TENNESSEE 35-26 W,resolved,,,,,,,
KYRAW-00540,kentucky,historical_record_book,1939-1940,1940,1940-01-27,Alabama,Alabama,alabama,Yes,32,36,L,0,Neutral,NEUTRAL,,,,,,,REGULAR_SEASON,,169,Jan. 27 3* vs. Alabama 32-36 L,resolved,,,,,,,
KYRAW-00541,kentucky,historical_record_book,1939-1940,1940,1940-01-29,Vanderbilt,Vanderbilt,vanderbilt,Yes,32,40,L,0,Opponent Home,OPPONENT_HOME,,,,,,,REGULAR_SEASON,,169,Jan. 29 * at Vanderbilt 32-40 L,resolved,,,,,,,
KYRAW-00542,kentucky,historical_record_book,1939-1940,1940,1940-02-03,Marquette,Marquette,marquette,Yes,51,45,W,0,Kentucky Home,SOURCE_PROGRAM_HOME,Alumni Gym,Alumni Gym,Lexington,KY,,,REGULAR_SEASON,,169,Feb. 3 Marquette 51-45 W,resolved,,,,,,,
KYRAW-00543,kentucky,historical_record_book,1939-1940,1940,1940-02-10,Alabama,Alabama,alabama,Yes,46,18,W,0,Kentucky Home,SOURCE_PROGRAM_HOME,Alumni Gym,Alumni Gym,Lexington,KY,,,REGULAR_SEASON,,169,Feb. 10 * ALABAMA 46-18 W,resolved,,,,,,,
KYRAW-00544,kentucky,historical_record_book,1939-1940,1940,1940-02-12,Xavier,Xavier,xavier,Yes,37,29,W,0,Kentucky Home,SOURCE_PROGRAM_HOME,Alumni Gym,Alumni Gym,Lexington,KY,,,REGULAR_SEASON,,169,Feb. 12 XAVIER 37-29 W,resolved,,,,,,,
KYRAW-00545,kentucky,historical_record_book,1939-1940,1940,1940-02-13,Mississippi State,Mississippi State,mississippi-state,Yes,45,37,W,0,Kentucky Home,SOURCE_PROGRAM_HOME,Alumni Gym,Alumni Gym,Lexington,KY,,,REGULAR_SEASON,,169,Feb. 13 * MISSISSIPPI STATE 45-37 W,resolved,,,,,,,
KYRAW-00546,kentucky,historical_record_book,1939-1940,1940,1940-02-17,Tennessee,Tennessee,tennessee,Yes,23,27,L,0,Opponent Home,OPPONENT_HOME,,,,,,,REGULAR_SEASON,,169,Feb. 17 * at Tennessee 23-27 L,resolved,,,,,,,
KYRAW-00547,kentucky,historical_record_book,1939-1940,1940,1940-02-19,Georgia Tech,Georgia Tech,georgia-tech,Yes,39,44,L,0,Opponent Home,OPPONENT_HOME,,,,,,,REGULAR_SEASON,,169,Feb. 19 * at Georgia Tech 39-44 L,resolved,,,,,,,
KYRAW-00548,kentucky,historical_record_book,1939-1940,1940,1940-02-24,Vanderbilt,Vanderbilt,vanderbilt,Yes,43,38,W,0,Kentucky Home,SOURCE_PROGRAM_HOME,Alumni Gym,Alumni Gym,Lexington,KY,,,REGULAR_SEASON,,169,Feb. 24 * VANDERBILT 43-38 W,resolved,,,,,,,
KYRAW-00549,kentucky,historical_record_book,1939-1940,1940,1940-02-29,Vanderbilt,Vanderbilt,vanderbilt,Yes,44,34,W,0,Neutral,NEUTRAL,,,,,SEC Tournament,,CONFERENCE_TOURNAMENT,,169,Feb. 29 4 vs. Vanderbilt 44-34 W,resolved,,,,,,,
KYRAW-00550,kentucky,historical_record_book,1939-1940,1940,1940-03-01,Tennessee,Tennessee,tennessee,Yes,30,29,W,1,Opponent Home,OPPONENT_HOME,,,,,SEC Tournament,,CONFERENCE_TOURNAMENT,,169,Mar. 1 4 at Tennessee 30-29 W OT,resolved,,,,,,,
KYRAW-00551,kentucky,historical_record_book,1939-1940,1940,1940-03-02,Georgia,Georgia,georgia,Yes,51,43,W,0,Neutral,NEUTRAL,,,,,SEC Tournament,,CONFERENCE_TOURNAMENT,Championship,169,Mar. 2 4 vs. Georgia 51-43 W,resolved,,,,,,,
KYRAW-00552,kentucky,historical_record_book,1940-1941,1941,1940-12-07,Alumni,Alumni,alumni,,62,25,W,0,Kentucky Home,SOURCE_PROGRAM_HOME,Alumni Gym,Alumni Gym,Lexington,KY,,,REGULAR_SEASON,,169,Dec. 7 ALUMNI 62-25 W,resolved,,,,,,,
KYRAW-00553,kentucky,historical_record_book,1940-1941,1941,1940-12-12,West Virginia,West Virginia,west-virginia,Yes,46,34,W,0,Kentucky Home,SOURCE_PROGRAM_HOME,Alumni Gym,Alumni Gym,Lexington,KY,,,REGULAR_SEASON,,169,Dec. 12 WEST VIRGINIA 46-34 W,resolved,,,,,,,
KYRAW-00554,kentucky,historical_record_book,1940-1941,1941,1940-12-13,Maryville,Maryville,maryville,No,53,14,W,0,Kentucky Home,SOURCE_PROGRAM_HOME,Alumni Gym,Alumni Gym,Lexington,KY,,,REGULAR_SEASON,,169,Dec. 13 MARYVILLE 53-14 W,resolved,,,,,,,
KYRAW-00555,kentucky,historical_record_book,1940-1941,1941,1940-12-18,Nebraska,Nebraska,nebraska,Yes,39,40,L,0,Opponent Home,OPPONENT_HOME,,,,,,,REGULAR_SEASON,,169,Dec. 18 at Nebraska 39-40 L,resolved,,,,,,,
KYRAW-00556,kentucky,historical_record_book,1940-1941,1941,1940-12-19,Creighton,Creighton,creighton,Yes,45,54,L,0,Opponent Home,OPPONENT_HOME,,,,,,,REGULAR_SEASON,,169,Dec. 19 at Creighton 45-54 L,resolved,,,,,,,
KYRAW-00557,kentucky,historical_record_book,1940-1941,1941,1940-12-20,Kansas State,Kansas State,kansas-state,Yes,28,25,W,0,Opponent Home,OPPONENT_HOME,,,,,,,REGULAR_SEASON,,169,Dec. 20 at Kansas State 28-25 W,resolved,,,,,,,
KYRAW-00558,kentucky,historical_record_book,1940-1941,1941,1940-12-27,Centenary,Centenary,centenary,No,70,18,W,0,Kentucky Home,SOURCE_PROGRAM_HOME,Alumni Gym,Alumni Gym,Lexington,KY,,,REGULAR_SEASON,,169,Dec. 27 CENTENARY 70-18 W,resolved,,,,,,,
KYRAW-00559,kentucky,historical_record_book,1940-1941,1941,1940-12-30,Indiana,Indiana,indiana,Yes,45,48,L,0,Neutral,NEUTRAL,,,,,,,REGULAR_SEASON,,169,Dec. 30 1 vs. Indiana 45-48 L,resolved,,,,,,,
KYRAW-00560,kentucky,historical_record_book,1940-1941,1941,1941-01-04,Notre Dame,Notre Dame,notre-dame,Yes,47,48,L,0,Neutral,NEUTRAL,,,,,,,REGULAR_SEASON,,169,Jan. 4 2 vs. Notre Dame 47-48 L,resolved,,,,,,,
KYRAW-00561,kentucky,historical_record_book,1940-1941,1941,1941-01-09,Xavier,Xavier,xavier,Yes,48,43,W,0,Opponent Home,OPPONENT_HOME,,,,,,,REGULAR_SEASON,,169,Jan. 9 at Xavier 48-43 W,resolved,,,,,,,
KYRAW-00562,kentucky,historical_record_book,1940-1941,1941,1941-01-11,West Virginia,West Virginia,west-virginia,Yes,43,56,L,0,Opponent Home,OPPONENT_HOME,,,,,,,REGULAR_SEASON,,169,Jan. 11 at West Virginia 43-56 L,resolved,,,,,,,
KYRAW-00563,kentucky,historical_record_book,1940-1941,1941,1941-01-18,Tennessee,Tennessee,tennessee,Yes,22,32,L,0,Opponent Home,OPPONENT_HOME,,,,,,,REGULAR_SEASON,,169,Jan. 18 * at Tennessee 22-32 L,resolved,,,,,,,
KYRAW-00564,kentucky,historical_record_book,1940-1941,1941,1941-01-20,Georgia Tech,Georgia Tech,georgia-tech,Yes,47,37,W,0,Opponent Home,OPPONENT_HOME,,,,,,,REGULAR_SEASON,,169,Jan. 20 * at Georgia Tech 47-37 W,resolved,,,,,,,
KYRAW-00565,kentucky,historical_record_book,1940-1941,1941,1941-01-25,Xavier,Xavier,xavier,Yes,44,49,L,0,Kentucky Home,SOURCE_PROGRAM_HOME,Alumni Gym,Alumni Gym,Lexington,KY,,,REGULAR_SEASON,,169,Jan. 25 XAVIER 44-49 L,resolved,,,,,,,
KYRAW-00566,kentucky,historical_record_book,1940-1941,1941,1941-02-01,Vanderbilt,Vanderbilt,vanderbilt,Yes,51,50,W,0,Opponent Home,OPPONENT_HOME,,,,,,,REGULAR_SEASON,,169,Feb. 1 * at Vanderbilt 51-50 W,resolved,,,,,,,
KYRAW-00567,kentucky,historical_record_book,1940-1941,1941,1941-02-03,Alabama,Alabama,alabama,Yes,38,36,W,0,Opponent Home,OPPONENT_HOME,,,,,,,REGULAR_SEASON,,169,Feb. 3 * at Alabama 38-36 W,resolved,,,,,,,
KYRAW-00568,kentucky,historical_record_book,1940-1941,1941,1941-02-08,Alabama,Alabama,alabama,Yes,46,38,W,0,Kentucky Home,SOURCE_PROGRAM_HOME,Alumni Gym,Alumni Gym,Lexington,KY,,,REGULAR_SEASON,,169,Feb. 8 * ALABAMA 46-38 W,resolved,,,,,,,
KYRAW-00569,kentucky,historical_record_book,1940-1941,1941,1941-02-10,Ole Miss,Ole Miss,ole-miss,Yes,60,41,W,0,Kentucky Home,SOURCE_PROGRAM_HOME,Alumni Gym,Alumni Gym,Lexington,KY,,,REGULAR_SEASON,,169,Feb. 10 * OLE MISS 60-41 W,resolved,,,,,,,
KYRAW-00570,kentucky,historical_record_book,1940-1941,1941,1941-02-15,Tennessee,Tennessee,tennessee,Yes,37,28,W,0,Kentucky Home,SOURCE_PROGRAM_HOME,Alumni Gym,Alumni Gym,Lexington,KY,,,REGULAR_SEASON,,169,Feb. 15 * TENNESSEE 37-28 W,resolved,,,,,,,
KYRAW-00571,kentucky,historical_record_book,1940-1941,1941,1941-02-17,Georgia Tech,Georgia Tech,georgia-tech,Yes,60,41,W,0,Kentucky Home,SOURCE_PROGRAM_HOME,Alumni Gym,Alumni Gym,Lexington,KY,,,REGULAR_SEASON,,169,Feb. 17 * GEORGIA TECH 60-41 W,resolved,,,,,,,
KYRAW-00572,kentucky,historical_record_book,1940-1941,1941,1941-02-24,Vanderbilt,Vanderbilt,vanderbilt,Yes,58,31,W,0,Kentucky Home,SOURCE_PROGRAM_HOME,Alumni Gym,Alumni Gym,Lexington,KY,,,REGULAR_SEASON,,169,Feb. 24 * VANDERBILT 58-31 W,resolved,,,,,,,
KYRAW-00573,kentucky,historical_record_book,1940-1941,1941,1941-02-27,Ole Miss,Ole Miss,ole-miss,Yes,62,52,W,0,Neutral,NEUTRAL,,,,,SEC Tournament,,CONFERENCE_TOURNAMENT,,169,Feb. 27 2 vs. Ole Miss 62-52 W,resolved,,,,,,,
KYRAW-00574,kentucky,historical_record_book,1940-1941,1941,1941-02-28,Tulane,Tulane,tulane,Yes,59,30,W,0,Neutral,NEUTRAL,,,,,SEC Tournament,,CONFERENCE_TOURNAMENT,,169,Feb. 28 2 vs. Tulane 59-30 W,resolved,,,,,,,
KYRAW-00575,kentucky,historical_record_book,1940-1941,1941,1941-03-01,Alabama,Alabama,alabama,Yes,39,37,W,0,Neutral,NEUTRAL,,,,,SEC Tournament,,CONFERENCE_TOURNAMENT,,169,Mar. 1 2 vs. Alabama 39-37 W,resolved,,,,,,,
KYRAW-00576,kentucky,historical_record_book,1940-1941,1941,1941-03-01,Tennessee,Tennessee,tennessee,Yes,33,36,L,0,Neutral,NEUTRAL,,,,,SEC Tournament,,CONFERENCE_TOURNAMENT,Championship,169,Mar. 1 2 vs. Tennessee 33-36 L,resolved,,,,,,,
KYRAW-00577,kentucky,historical_record_book,1941-1942,1942,1941-12-06,Miami (Ohio),Miami University,miami-oh,Yes,35,21,W,0,Kentucky Home,SOURCE_PROGRAM_HOME,Alumni Gym,Alumni Gym,Lexington,KY,,,REGULAR_SEASON,,170,Dec. 6 MIAMI (OHIO) 35-21 W,resolved,,,,,,,
KYRAW-00578,kentucky,historical_record_book,1941-1942,1942,1941-12-13,Ohio State,Ohio State,ohio-state,Yes,41,43,L,0,Opponent Home,OPPONENT_HOME,,,,,,,REGULAR_SEASON,,170,Dec. 13 at Ohio State 41-43 L,resolved,,,,,,,
KYRAW-00579,kentucky,historical_record_book,1941-1942,1942,1941-12-16,Nebraska,Nebraska,nebraska,Yes,42,27,W,0,Kentucky Home,SOURCE_PROGRAM_HOME,Alumni Gym,Alumni Gym,Lexington,KY,,,REGULAR_SEASON,,170,Dec. 16 NEBRASKA 42-27 W,resolved,,,,,,,
KYRAW-00580,kentucky,historical_record_book,1941-1942,1942,1941-12-22,South Carolina,South Carolina,south-carolina,Yes,64,25,W,0,Kentucky Home,SOURCE_PROGRAM_HOME,Alumni Gym,Alumni Gym,Lexington,KY,,,REGULAR_SEASON,,170,Dec. 22 SOUTH CAROLINA 64-25 W,resolved,,,,,,,
KYRAW-00581,kentucky,historical_record_book,1941-1942,1942,1941-12-30,Texas A&M,Texas A&M,texas-a-m,Yes,49,29,W,0,Kentucky Home,SOURCE_PROGRAM_HOME,Alumni Gym,Alumni Gym,Lexington,KY,,,REGULAR_SEASON,,170,Dec. 30 TEXAS A&M 49-29 W,resolved,,,,,,,
KYRAW-00582,kentucky,historical_record_book,1941-1942,1942,1942-01-02,Washington & Lee,Washington & Lee,washington-lee,,62,32,W,0,Kentucky Home,SOURCE_PROGRAM_HOME,Alumni Gym,Alumni Gym,Lexington,KY,,,REGULAR_SEASON,,170,Jan. 2 WASHINGTON & LEE 62-32 W,resolved,,,,,,,
KYRAW-00583,kentucky,historical_record_book,1941-1942,1942,1942-01-10,Xavier,Xavier,xavier,Yes,40,39,W,0,Opponent Home,OPPONENT_HOME,,,,,,,REGULAR_SEASON,,170,Jan. 10 at Xavier 40-39 W,resolved,,,,,,,
KYRAW-00584,kentucky,historical_record_book,1941-1942,1942,1942-01-17,Tennessee,Tennessee,tennessee,Yes,40,46,L,0,Opponent Home,OPPONENT_HOME,,,,,,,REGULAR_SEASON,,170,Jan. 17 * at Tennessee 40-46 L,resolved,,,,,,,
KYRAW-00585,kentucky,historical_record_book,1941-1942,1942,1942-01-19,Georgia,Georgia,georgia,Yes,51,26,W,0,Opponent Home,OPPONENT_HOME,,,,,,,REGULAR_SEASON,,170,Jan. 19 * at Georgia 51-26 W,resolved,,,,,,,
KYRAW-00586,kentucky,historical_record_book,1941-1942,1942,1942-01-20,Georgia Tech,Georgia Tech,georgia-tech,Yes,63,53,W,0,Opponent Home,OPPONENT_HOME,,,,,,,REGULAR_SEASON,,170,Jan. 20 * at Georgia Tech 63-53 W,resolved,,,,,,,
KYRAW-00587,kentucky,historical_record_book,1941-1942,1942,1942-01-24,Mexico,Mexico,mexico,No,56,26,W,0,Kentucky Home,SOURCE_PROGRAM_HOME,Alumni Gym,Alumni Gym,Lexington,KY,,,REGULAR_SEASON,,170,Jan. 24 MEXICO 56-26 W,resolved,,,,,,,
KYRAW-00588,kentucky,historical_record_book,1941-1942,1942,1942-01-31,Georgia,Georgia,georgia,Yes,55,38,W,0,Kentucky Home,SOURCE_PROGRAM_HOME,Alumni Gym,Alumni Gym,Lexington,KY,,,REGULAR_SEASON,,170,Jan. 31 * GEORGIA 55-38 W,resolved,,,,,,,
KYRAW-00589,kentucky,historical_record_book,1941-1942,1942,1942-02-02,Alabama,Alabama,alabama,Yes,35,41,L,0,Opponent Home,OPPONENT_HOME,,,,,,,REGULAR_SEASON,,170,Feb. 2 * at Alabama 35-41 L,resolved,,,,,,,
KYRAW-00590,kentucky,historical_record_book,1941-1942,1942,1942-02-07,Notre Dame,Notre Dame,notre-dame,Yes,43,46,L,0,Opponent Home,OPPONENT_HOME,,,,,,,REGULAR_SEASON,,170,Feb. 7 at Notre Dame 43-46 L,resolved,,,,,,,
KYRAW-00591,kentucky,historical_record_book,1941-1942,1942,1942-02-09,Alabama,Alabama,alabama,Yes,50,34,W,0,Kentucky Home,SOURCE_PROGRAM_HOME,Alumni Gym,Alumni Gym,Lexington,KY,,,REGULAR_SEASON,,170,Feb. 9 * ALABAMA 50-34 W,resolved,,,,,,,
KYRAW-00592,kentucky,historical_record_book,1941-1942,1942,1942-02-14,Tennessee,Tennessee,tennessee,Yes,36,33,W,0,Kentucky Home,SOURCE_PROGRAM_HOME,Alumni Gym,Alumni Gym,Lexington,KY,,,REGULAR_SEASON,,170,Feb. 14 * TENNESSEE 36-33 W,resolved,,,,,,,
KYRAW-00593,kentucky,historical_record_book,1941-1942,1942,1942-02-16,Georgia Tech,Georgia Tech,georgia-tech,Yes,57,51,W,0,Kentucky Home,SOURCE_PROGRAM_HOME,Alumni Gym,Alumni Gym,Lexington,KY,,,REGULAR_SEASON,,170,Feb. 16 * GEORGIA TECH 57-51 W,resolved,,,,,,,
KYRAW-00594,kentucky,historical_record_book,1941-1942,1942,1942-02-21,Xavier,Xavier,xavier,Yes,44,36,W,0,Kentucky Home,SOURCE_PROGRAM_HOME,Alumni Gym,Alumni Gym,Lexington,KY,,,REGULAR_SEASON,,170,Feb. 21 XAVIER 44-36 W,resolved,,,,,,,
KYRAW-00595,kentucky,historical_record_book,1941-1942,1942,1942-02-26,Florida,Florida,florida,Yes,42,36,W,0,Neutral,NEUTRAL,,,,,SEC Tournament,,CONFERENCE_TOURNAMENT,,170,Feb. 26 vs. Florida 42-36 W,resolved,,,,,,,
KYRAW-00596,kentucky,historical_record_book,1941-1942,1942,1942-02-27,Ole Miss,Ole Miss,ole-miss,Yes,59,32,W,0,Neutral,NEUTRAL,,,,,SEC Tournament,,CONFERENCE_TOURNAMENT,,170,Feb. 27 vs. Ole Miss 59-32 W,resolved,,,,,,,
KYRAW-00597,kentucky,historical_record_book,1941-1942,1942,1942-02-28,Auburn,Auburn,auburn,Yes,40,31,W,0,Neutral,NEUTRAL,,,,,SEC Tournament,,CONFERENCE_TOURNAMENT,,170,Feb. 28 vs. Auburn 40-31 W,resolved,,,,,,,
KYRAW-00598,kentucky,historical_record_book,1941-1942,1942,1942-02-28,Alabama,Alabama,alabama,Yes,36,34,W,0,Neutral,NEUTRAL,,,,,SEC Tournament,,CONFERENCE_TOURNAMENT,Championship,170,Feb. 28 vs. Alabama (finals) 36-34 W,resolved,,,,,,,
KYRAW-00599,kentucky,historical_record_book,1941-1942,1942,1942-03-14,Great Lakes,Great Lakes,great-lakes,No,47,58,L,0,Neutral,NEUTRAL,,,,,,,REGULAR_SEASON,,170,Mar. 14 vs. Great Lakes Navy 47-58 L,resolved,,,,,,,
KYRAW-00600,kentucky,historical_record_book,1941-1942,1942,1942-03-20,Illinois,Illinois,illinois,Yes,46,44,W,0,Neutral,NEUTRAL,,,,,NCAA Tournament,,NCAA_TOURNAMENT,Elite Eight,170,Mar. 20 vs. Illinois 46-44 W,resolved,,,,,,,
KYRAW-00601,kentucky,historical_record_book,1941-1942,1942,1942-03-21,Dartmouth,Dartmouth,dartmouth,Yes,28,47,L,0,Neutral,NEUTRAL,,,,,NCAA Tournament,,NCAA_TOURNAMENT,Final Four,170,Mar. 21 vs. Dartmouth 28-47 L,resolved,,,,,,,
KYRAW-00602,kentucky,historical_record_book,1942-1943,1943,1942-12-12,Cincinnati,Cincinnati,cincinnati,Yes,61,39,W,0,Kentucky Home,SOURCE_PROGRAM_HOME,Alumni Gym,Alumni Gym,Lexington,KY,,,REGULAR_SEASON,,170,Dec. 12 CINCINNATI 61-39 W,resolved,,,,,,,
KYRAW-00603,kentucky,historical_record_book,1942-1943,1943,1942-12-19,Wash.U St. Louis,Washington University in St. Louis,washington-university-st-louis,,45,38,W,0,Kentucky Home,SOURCE_PROGRAM_HOME,Alumni Gym,Alumni Gym,Lexington,KY,,,REGULAR_SEASON,,170,Dec. 19 WASHINGTON 45-38 W,resolved,,,,,,,
KYRAW-00604,kentucky,historical_record_book,1942-1943,1943,1942-12-23,Indiana,Indiana,indiana,Yes,52,58,L,0,Kentucky Home,SOURCE_PROGRAM_HOME,Alumni Gym,Alumni Gym,Lexington,KY,,,REGULAR_SEASON,,170,Dec. 23 1 Indiana 52-58 L,resolved,,,,,,,
KYRAW-00605,kentucky,historical_record_book,1942-1943,1943,1943-01-02,Ohio State,Ohio State,ohio-state,Yes,40,45,L,0,Kentucky Home,SOURCE_PROGRAM_HOME,Alumni Gym,Alumni Gym,Lexington,KY,,,REGULAR_SEASON,,170,Jan. 2 OHIO STATE 40-45 L,resolved,,,,,,,
KYRAW-00606,kentucky,historical_record_book,1942-1943,1943,1943-01-04,Fort Knox,Fort Knox,fort-knox,No,64,30,W,0,Kentucky Home,SOURCE_PROGRAM_HOME,Alumni Gym,Alumni Gym,Lexington,KY,,,REGULAR_SEASON,,170,Jan. 4 FORT KNOX 64-30 W,resolved,,,,,,,
KYRAW-00607,kentucky,historical_record_book,1942-1943,1943,1943-01-09,Xavier,Xavier,xavier,Yes,43,38,W,0,Opponent Home,OPPONENT_HOME,,,,,,,REGULAR_SEASON,,170,Jan. 9 at Xavier 43-38 W,resolved,,,,,,,
KYRAW-00608,kentucky,historical_record_book,1942-1943,1943,1943-01-16,Tennessee,Tennessee,tennessee,Yes,30,28,W,0,Opponent Home,OPPONENT_HOME,,,,,,,REGULAR_SEASON,,170,Jan. 16 * at Tennessee 30-28 W,resolved,,,,,,,
KYRAW-00609,kentucky,historical_record_book,1942-1943,1943,1943-01-18,Georgia,Georgia,georgia,Yes,60,28,W,0,Opponent Home,OPPONENT_HOME,,,,,,,REGULAR_SEASON,,170,Jan. 18 * at Georgia 60-28 W,resolved,,,,,,,
KYRAW-00610,kentucky,historical_record_book,1942-1943,1943,1943-01-19,Georgia Tech,Georgia Tech,georgia-tech,Yes,38,36,W,0,Opponent Home,OPPONENT_HOME,,,,,,,REGULAR_SEASON,,170,Jan. 19 * at Georgia Tech 38-36 W,resolved,,,,,,,
KYRAW-00611,kentucky,historical_record_book,1942-1943,1943,1943-01-23,Notre Dame,Notre Dame,notre-dame,Yes,60,55,W,0,Kentucky Home,SOURCE_PROGRAM_HOME,Alumni Gym,Alumni Gym,Lexington,KY,,,REGULAR_SEASON,,170,Jan. 23 1 Notre Dame 60-55 W,resolved,,,,,,,
KYRAW-00612,kentucky,historical_record_book,1942-1943,1943,1943-01-26,Vanderbilt,Vanderbilt,vanderbilt,Yes,39,38,W,0,Kentucky Home,SOURCE_PROGRAM_HOME,Alumni Gym,Alumni Gym,Lexington,KY,,,REGULAR_SEASON,,170,Jan. 26 * VANDERBILT 39-38 W,resolved,,,,,,,
KYRAW-00613,kentucky,historical_record_book,1942-1943,1943,1943-01-30,Alabama,Alabama,alabama,Yes,32,41,L,0,Opponent Home,OPPONENT_HOME,,,,,,,REGULAR_SEASON,,170,Jan. 30 * at Alabama 32-41 L,resolved,,,,,,,
KYRAW-00614,kentucky,historical_record_book,1942-1943,1943,1943-02-01,Vanderbilt,Vanderbilt,vanderbilt,Yes,54,43,W,0,Opponent Home,OPPONENT_HOME,,,,,,,REGULAR_SEASON,,170,Feb. 1 * at Vanderbilt 54-43 W,resolved,,,,,,,
KYRAW-00615,kentucky,historical_record_book,1942-1943,1943,1943-02-06,Alabama,Alabama,alabama,Yes,67,41,W,0,Kentucky Home,SOURCE_PROGRAM_HOME,Alumni Gym,Alumni Gym,Lexington,KY,,,REGULAR_SEASON,,170,Feb. 6 * ALABAMA 67-41 W,resolved,,,,,,,
KYRAW-00616,kentucky,historical_record_book,1942-1943,1943,1943-02-08,Xavier,Xavier,xavier,Yes,48,36,W,0,Kentucky Home,SOURCE_PROGRAM_HOME,Alumni Gym,Alumni Gym,Lexington,KY,,,REGULAR_SEASON,,170,Feb. 8 XAVIER 48-36 W,resolved,,,,,,,
KYRAW-00617,kentucky,historical_record_book,1942-1943,1943,1943-02-13,Tennessee,Tennessee,tennessee,Yes,53,29,W,0,Kentucky Home,SOURCE_PROGRAM_HOME,Alumni Gym,Alumni Gym,Lexington,KY,,,REGULAR_SEASON,,170,Feb. 13 * TENNESSEE 53-29 W,resolved,,,,,,,
KYRAW-00618,kentucky,historical_record_book,1942-1943,1943,1943-02-15,Georgia Tech,Georgia Tech,georgia-tech,Yes,58,31,W,0,Kentucky Home,SOURCE_PROGRAM_HOME,Alumni Gym,Alumni Gym,Lexington,KY,,,REGULAR_SEASON,,170,Feb. 15 * GEORGIA TECH 58-31 W,resolved,,,,,,,
KYRAW-00619,kentucky,historical_record_book,1942-1943,1943,1943-02-20,DePaul,DePaul,depaul,Yes,44,53,L,0,Opponent Home,OPPONENT_HOME,,,,,,,REGULAR_SEASON,,170,Feb. 20 at DePaul 44-53 L,resolved,,,,,,,
KYRAW-00620,kentucky,historical_record_book,1942-1943,1943,1943-02-25,Tulane,Tulane,tulane,Yes,48,31,W,0,Kentucky Home,SOURCE_PROGRAM_HOME,Alumni Gym,Alumni Gym,Lexington,KY,SEC Tournament,,CONFERENCE_TOURNAMENT,,170,Feb. 25 1 Tulane 48-31 W,resolved,,,,,,,
KYRAW-00621,kentucky,historical_record_book,1942-1943,1943,1943-02-26,Georgia,Georgia,georgia,Yes,59,30,W,0,Kentucky Home,SOURCE_PROGRAM_HOME,Alumni Gym,Alumni Gym,Lexington,KY,SEC Tournament,,CONFERENCE_TOURNAMENT,,170,Feb. 26 1 Georgia 59-30 W,resolved,,,,,,,
KYRAW-00622,kentucky,historical_record_book,1942-1943,1943,1943-02-27,Mississippi State,Mississippi State,mississippi-state,Yes,52,43,W,0,Kentucky Home,SOURCE_PROGRAM_HOME,Alumni Gym,Alumni Gym,Lexington,KY,SEC Tournament,,CONFERENCE_TOURNAMENT,,170,Feb. 27 1 Mississippi State 52-43 W,resolved,,,,,,,
KYRAW-00623,kentucky,historical_record_book,1942-1943,1943,1943-02-27,Tennessee,Tennessee,tennessee,Yes,30,33,L,0,Kentucky Home,SOURCE_PROGRAM_HOME,Alumni Gym,Alumni Gym,Lexington,KY,SEC Tournament,,CONFERENCE_TOURNAMENT,Championship,170,Feb. 27 1 Tennessee 30-33 L,resolved,,,,,,,
KYRAW-00624,kentucky,historical_record_book,1942-1943,1943,1943-03-06,Great Lakes,Great Lakes,great-lakes,No,39,53,L,0,Kentucky Home,SOURCE_PROGRAM_HOME,Alumni Gym,Alumni Gym,Lexington,KY,,,REGULAR_SEASON,,170,Mar. 6 1 Great Lakes Navy 39-53 L,resolved,,,,,,,
KYRAW-00625,kentucky,historical_record_book,1943-1944,1944,1943-12-01,Fort Knox,Fort Knox,fort-knox,No,51,18,W,0,Kentucky Home,SOURCE_PROGRAM_HOME,Alumni Gym,Alumni Gym,Lexington,KY,,,REGULAR_SEASON,,170,Dec. 1 FORT KNOX 51-18 W,resolved,,,,,,,
KYRAW-00626,kentucky,historical_record_book,1943-1944,1944,1943-12-04,Berea,Berea,berea,No,54,40,W,0,Kentucky Home,SOURCE_PROGRAM_HOME,Alumni Gym,Alumni Gym,Lexington,KY,,,REGULAR_SEASON,,170,Dec. 4 BEREA (Naval V-12) 54-40 W,resolved,,,,,,,
KYRAW-00627,kentucky,historical_record_book,1943-1944,1944,1943-12-11,Indiana,Indiana,indiana,Yes,66,41,W,0,Kentucky Home,SOURCE_PROGRAM_HOME,Alumni Gym,Alumni Gym,Lexington,KY,,,REGULAR_SEASON,,170,Dec. 11 1 Indiana 66-41 W,resolved,,,,,,,
KYRAW-00628,kentucky,historical_record_book,1943-1944,1944,1943-12-13,Ohio State,Ohio State,ohio-state,Yes,40,28,W,0,Opponent Home,OPPONENT_HOME,,,,,,,REGULAR_SEASON,,170,Dec. 13 at Ohio State 40-28 W,resolved,,,,,,,
KYRAW-00629,kentucky,historical_record_book,1943-1944,1944,1943-12-18,Cincinnati,Cincinnati,cincinnati,Yes,58,30,W,0,Kentucky Home,SOURCE_PROGRAM_HOME,Alumni Gym,Alumni Gym,Lexington,KY,,,REGULAR_SEASON,,170,Dec. 18 CINCINNATI 58-30 W,resolved,,,,,,,
KYRAW-00630,kentucky,historical_record_book,1943-1944,1944,1943-12-20,Illinois,Illinois,illinois,Yes,41,43,L,0,Opponent Home,OPPONENT_HOME,,,,,,,REGULAR_SEASON,,170,Dec. 20 at Illinois 41-43 L,resolved,,,,,,,
KYRAW-00631,kentucky,historical_record_book,1943-1944,1944,1943-12-28,Carnegie Tech,Carnegie Mellon,carnegie-mellon,,61,14,W,0,Kentucky Home,SOURCE_PROGRAM_HOME,Alumni Gym,Alumni Gym,Lexington,KY,,,REGULAR_SEASON,,170,Dec. 28 2 Carnegie Tech 61-14 W,resolved,,,,,,,
KYRAW-00632,kentucky,historical_record_book,1943-1944,1944,1943-12-30,St. John’s,St. John's,st-john-s,Yes,44,38,W,0,Opponent Home,OPPONENT_HOME,,,,,,,REGULAR_SEASON,,170,Dec. 30 at St. John’s 44-38 W,resolved,,,,,,,
KYRAW-00633,kentucky,historical_record_book,1943-1944,1944,1944-01-08,Notre Dame,Notre Dame,notre-dame,Yes,55,54,W,0,Kentucky Home,SOURCE_PROGRAM_HOME,Alumni Gym,Alumni Gym,Lexington,KY,,,REGULAR_SEASON,,170,Jan. 8 1 Notre Dame 55-54 W,resolved,,,,,,,
KYRAW-00634,kentucky,historical_record_book,1943-1944,1944,1944-01-15,Wright Field,Wright Field,wright-field,No,61,28,W,0,Kentucky Home,SOURCE_PROGRAM_HOME,Alumni Gym,Alumni Gym,Lexington,KY,,,REGULAR_SEASON,,170,Jan. 15 WRIGHT FIELD 61-28 W,resolved,,,,,,,
KYRAW-00635,kentucky,historical_record_book,1943-1944,1944,1944-01-31,Fort Knox,Fort Knox,fort-knox,No,76,48,W,0,Kentucky Home,SOURCE_PROGRAM_HOME,Alumni Gym,Alumni Gym,Lexington,KY,,,REGULAR_SEASON,,170,Jan. 31 FORT KNOX A.R.C. 76-48 W,resolved,,,,,,,
KYRAW-00636,kentucky,historical_record_book,1943-1944,1944,1944-02-04,DePauw,DePauw,depauw,No,38,35,W,0,Kentucky Home,SOURCE_PROGRAM_HOME,Alumni Gym,Alumni Gym,Lexington,KY,,,REGULAR_SEASON,,170,Feb. 4 DePAUW 38-35 W,resolved,,,,,,,
KYRAW-00637,kentucky,historical_record_book,1943-1944,1944,1944-02-07,Illinois,Illinois,illinois,Yes,51,40,W,0,Kentucky Home,SOURCE_PROGRAM_HOME,Alumni Gym,Alumni Gym,Lexington,KY,,,REGULAR_SEASON,,170,Feb. 7 ILLINOIS 51-40 W,resolved,,,,,,,
KYRAW-00638,kentucky,historical_record_book,1943-1944,1944,1944-02-12,Cincinnati,Cincinnati,cincinnati,Yes,38,34,W,0,Opponent Home,OPPONENT_HOME,,,,,,,REGULAR_SEASON,,170,Feb. 12 at Cincinnati 38-34 W,resolved,,,,,,,
KYRAW-00639,kentucky,historical_record_book,1943-1944,1944,1944-02-26,Ohio,Ohio,ohio,Yes,51,35,W,0,Kentucky Home,SOURCE_PROGRAM_HOME,Alumni Gym,Alumni Gym,Lexington,KY,,,REGULAR_SEASON,,170,Feb. 26 OHIO 51-35 W,resolved,,,,,,,
KYRAW-00640,kentucky,historical_record_book,1943-1944,1944,1944-03-02,Georgia,Georgia,georgia,Yes,57,29,W,0,Kentucky Home,SOURCE_PROGRAM_HOME,Alumni Gym,Alumni Gym,Lexington,KY,SEC Tournament,,CONFERENCE_TOURNAMENT,,170,Mar. 2 1 Georgia 57-29 W,resolved,,,,,,,
KYRAW-00641,kentucky,historical_record_book,1943-1944,1944,1944-03-03,LSU,LSU,lsu,Yes,55,28,W,0,Kentucky Home,SOURCE_PROGRAM_HOME,Alumni Gym,Alumni Gym,Lexington,KY,SEC Tournament,,CONFERENCE_TOURNAMENT,,170,Mar. 3 1 LSU 55-28 W,resolved,,,,,,,
KYRAW-00642,kentucky,historical_record_book,1943-1944,1944,1944-03-04,Tulane,Tulane,tulane,Yes,62,46,W,0,Kentucky Home,SOURCE_PROGRAM_HOME,Alumni Gym,Alumni Gym,Lexington,KY,SEC Tournament,,CONFERENCE_TOURNAMENT,Championship,170,Mar. 4 1 Tulane 62-46 W,resolved,,,,,,,
KYRAW-00643,kentucky,historical_record_book,1943-1944,1944,1944-03-20,Utah,Utah,utah,Yes,46,38,W,0,Kentucky Home,SOURCE_PROGRAM_HOME,Alumni Gym,Alumni Gym,Lexington,KY,NIT,,NIT,,170,Mar. 20 2 Utah 46-38 W,resolved,,,,,,,
KYRAW-00644,kentucky,historical_record_book,1943-1944,1944,1944-03-22,St. John’s,St. John's,st-john-s,Yes,45,48,L,0,Kentucky Home,SOURCE_PROGRAM_HOME,Alumni Gym,Alumni Gym,Lexington,KY,NIT,,NIT,,170,Mar. 22 2 St. John’s 45-48 L,resolved,,,,,,,
KYRAW-00645,kentucky,historical_record_book,1943-1944,1944,1944-03-24,Oklahoma State,Oklahoma State,oklahoma-state,Yes,45,29,W,0,Kentucky Home,SOURCE_PROGRAM_HOME,Alumni Gym,Alumni Gym,Lexington,KY,NIT,,NIT,,170,Mar. 24 2 Oklahoma State (cons.) 45-29 W,resolved,,,,,,,
KYRAW-00646,kentucky,historical_record_book,1944-1945,1945,1944-12-02,Fort Knox,Fort Knox,fort-knox,No,56,23,W,0,Kentucky Home,SOURCE_PROGRAM_HOME,Alumni Gym,Alumni Gym,Lexington,KY,,,REGULAR_SEASON,,170,Dec. 2 FORT KNOX 56-23 W,resolved,,,,,,,
KYRAW-00647,kentucky,historical_record_book,1944-1945,1945,1944-12-04,Berea,Berea,berea,No,56,32,W,0,Kentucky Home,SOURCE_PROGRAM_HOME,Alumni Gym,Alumni Gym,Lexington,KY,,,REGULAR_SEASON,,170,Dec. 4 BEREA 56-32 W,resolved,,,,,,,
KYRAW-00648,kentucky,historical_record_book,1944-1945,1945,1944-12-09,Cincinnati,Cincinnati,cincinnati,Yes,66,24,W,0,Kentucky Home,SOURCE_PROGRAM_HOME,Alumni Gym,Alumni Gym,Lexington,KY,,,REGULAR_SEASON,,170,Dec. 9 CINCINNATI 66-24 W,resolved,,,,,,,
KYRAW-00649,kentucky,historical_record_book,1944-1945,1945,1944-12-16,Indiana,Indiana,indiana,Yes,61,43,W,0,Kentucky Home,SOURCE_PROGRAM_HOME,Alumni Gym,Alumni Gym,Lexington,KY,,,REGULAR_SEASON,,170,Dec. 16 1 Indiana 61-43 W,resolved,,,,,,,
KYRAW-00650,kentucky,historical_record_book,1944-1945,1945,1944-12-23,Ohio State,Ohio State,ohio-state,Yes,53,48,W,1,Kentucky Home,SOURCE_PROGRAM_HOME,Alumni Gym,Alumni Gym,Lexington,KY,,,REGULAR_SEASON,,170,Dec. 23 OHIO STATE 53-48 W OT,resolved,,,,,,,
KYRAW-00651,kentucky,historical_record_book,1944-1945,1945,1944-12-26,Wyoming,Wyoming,wyoming,Yes,50,46,W,0,Kentucky Home,SOURCE_PROGRAM_HOME,Alumni Gym,Alumni Gym,Lexington,KY,,,REGULAR_SEASON,,170,Dec. 26 2 Wyoming 50-46 W,resolved,,,,,,,
KYRAW-00652,kentucky,historical_record_book,1944-1945,1945,1944-12-30,Temple,Temple,temple,Yes,45,44,W,0,Opponent Home,OPPONENT_HOME,,,,,,,REGULAR_SEASON,,170,Dec. 30 at Temple 45-44 W,resolved,,,,,,,
KYRAW-00653,kentucky,historical_record_book,1944-1945,1945,1945-01-01,LIU Brooklyn,LIU,long-island-university,Yes,62,52,W,1,Opponent Home,OPPONENT_HOME,,,,,,,REGULAR_SEASON,,170,Jan. 1 at Long Island 62-52 W OT,resolved,,,,,,,
KYRAW-00654,kentucky,historical_record_book,1944-1945,1945,1945-01-06,Ohio,Ohio,ohio,Yes,59,46,W,0,Kentucky Home,SOURCE_PROGRAM_HOME,Alumni Gym,Alumni Gym,Lexington,KY,,,REGULAR_SEASON,,170,Jan. 6 OHIO 59-46 W,resolved,,,,,,,
KYRAW-00655,kentucky,historical_record_book,1944-1945,1945,1945-01-08,Arkansas State,Arkansas State,arkansas-state,Yes,75,6,W,0,Kentucky Home,SOURCE_PROGRAM_HOME,Alumni Gym,Alumni Gym,Lexington,KY,,,REGULAR_SEASON,,170,Jan. 8 ARKANSAS STATE 75-6 W,resolved,,,,,,,
KYRAW-00656,kentucky,historical_record_book,1944-1945,1945,1945-01-13,Michigan State,Michigan State,michigan-state,Yes,66,35,W,0,Kentucky Home,SOURCE_PROGRAM_HOME,Alumni Gym,Alumni Gym,Lexington,KY,,,REGULAR_SEASON,,170,Jan. 13 MICHIGAN STATE 66-35 W,resolved,,,,,,,
KYRAW-00657,kentucky,historical_record_book,1944-1945,1945,1945-01-20,Tennessee,Tennessee,tennessee,Yes,34,35,L,0,Opponent Home,OPPONENT_HOME,,,,,,,REGULAR_SEASON,,170,Jan. 20 * at Tennessee 34-35 L,resolved,,,,,,,
KYRAW-00658,kentucky,historical_record_book,1944-1945,1945,1945-01-22,Georgia Tech,Georgia Tech,georgia-tech,Yes,64,58,W,0,Opponent Home,OPPONENT_HOME,,,,,,,REGULAR_SEASON,,170,Jan. 22 * at Georgia Tech 64-58 W,resolved,,,,,,,
KYRAW-00659,kentucky,historical_record_book,1944-1945,1945,1945-01-27,Notre Dame,Notre Dame,notre-dame,Yes,58,59,L,1,Kentucky Home,SOURCE_PROGRAM_HOME,Alumni Gym,Alumni Gym,Lexington,KY,,,REGULAR_SEASON,,170,Jan. 27 1 Notre Dame 58-59 L OT,resolved,,,,,,,
KYRAW-00660,kentucky,historical_record_book,1944-1945,1945,1945-01-29,Georgia,Georgia,georgia,Yes,73,37,W,0,Kentucky Home,SOURCE_PROGRAM_HOME,Alumni Gym,Alumni Gym,Lexington,KY,,,REGULAR_SEASON,,170,Jan. 29 * GEORGIA 73-37 W,resolved,,,,,,,
KYRAW-00661,kentucky,historical_record_book,1944-1945,1945,1945-02-03,Georgia Tech,Georgia Tech,georgia-tech,Yes,51,32,W,0,Kentucky Home,SOURCE_PROGRAM_HOME,Alumni Gym,Alumni Gym,Lexington,KY,,,REGULAR_SEASON,,170,Feb. 3 * GEORGIA TECH 51-32 W,resolved,,,,,,,
KYRAW-00662,kentucky,historical_record_book,1944-1945,1945,1945-02-05,Michigan State,Michigan State,michigan-state,Yes,50,66,L,0,Opponent Home,OPPONENT_HOME,,,,,,,REGULAR_SEASON,,170,Feb. 5 at Michigan State 50-66 L,resolved,,,,,,,
KYRAW-00663,kentucky,historical_record_book,1944-1945,1945,1945-02-17,Tennessee,Tennessee,tennessee,Yes,40,34,W,0,Kentucky Home,SOURCE_PROGRAM_HOME,Alumni Gym,Alumni Gym,Lexington,KY,,,REGULAR_SEASON,,170,Feb. 17 * TENNESSEE 40-34 W,resolved,,,,,,,
KYRAW-00664,kentucky,historical_record_book,1944-1945,1945,1945-02-19,Ohio,Ohio,ohio,Yes,61,38,W,0,Opponent Home,OPPONENT_HOME,,,,,,,REGULAR_SEASON,,170,Feb. 19 at Ohio 61-38 W,resolved,,,,,,,
KYRAW-00665,kentucky,historical_record_book,1944-1945,1945,1945-02-24,Cincinnati,Cincinnati,cincinnati,Yes,65,35,W,0,Opponent Home,OPPONENT_HOME,,,,,,,REGULAR_SEASON,,170,Feb. 24 at Cincinnati 65-35 W,resolved,,,,,,,
KYRAW-00666,kentucky,historical_record_book,1944-1945,1945,1945-03-01,Florida,Florida,florida,Yes,57,35,W,0,Kentucky Home,SOURCE_PROGRAM_HOME,Alumni Gym,Alumni Gym,Lexington,KY,SEC Tournament,,CONFERENCE_TOURNAMENT,,171,Mar. 1 1 Florida 57-35 W,resolved,,,,,,,
KYRAW-00667,kentucky,historical_record_book,1944-1945,1945,1945-03-02,LSU,LSU,lsu,Yes,68,37,W,0,Kentucky Home,SOURCE_PROGRAM_HOME,Alumni Gym,Alumni Gym,Lexington,KY,SEC Tournament,,CONFERENCE_TOURNAMENT,,171,Mar. 2 1 LSU 68-37 W,resolved,,,,,,,
KYRAW-00668,kentucky,historical_record_book,1944-1945,1945,1945-03-03,Alabama,Alabama,alabama,Yes,52,41,W,0,Kentucky Home,SOURCE_PROGRAM_HOME,Alumni Gym,Alumni Gym,Lexington,KY,SEC Tournament,,CONFERENCE_TOURNAMENT,,171,Mar. 3 1 Alabama 52-41 W,resolved,,,,,,,
KYRAW-00669,kentucky,historical_record_book,1944-1945,1945,1945-03-03,Tennessee,Tennessee,tennessee,Yes,39,35,W,0,Kentucky Home,SOURCE_PROGRAM_HOME,Alumni Gym,Alumni Gym,Lexington,KY,SEC Tournament,,CONFERENCE_TOURNAMENT,Championship,171,Mar. 3 1 Tennessee 39-35 W,resolved,,,,,,,
KYRAW-00670,kentucky,historical_record_book,1944-1945,1945,1945-03-22,Ohio State,Ohio State,ohio-state,Yes,37,45,L,0,Kentucky Home,SOURCE_PROGRAM_HOME,Alumni Gym,Alumni Gym,Lexington,KY,NCAA Tournament,,NCAA_TOURNAMENT,Elite Eight,171,Mar. 22 3 Ohio State 37-45 L,resolved,,,,,,,
KYRAW-00671,kentucky,historical_record_book,1944-1945,1945,1945-03-24,Tufts,Tufts,tufts,No,66,56,W,0,Kentucky Home,SOURCE_PROGRAM_HOME,Alumni Gym,Alumni Gym,Lexington,KY,NCAA Tournament,,NCAA_TOURNAMENT,,171,Mar. 24 3 Tufts (consolation) 66-56 W,resolved,,,,,,,
KYRAW-00672,kentucky,historical_record_book,1945-1946,1946,1945-12-01,Fort Knox,Fort Knox,fort-knox,No,59,34,W,0,Kentucky Home,SOURCE_PROGRAM_HOME,Alumni Gym,Alumni Gym,Lexington,KY,,,REGULAR_SEASON,,171,Dec. 1 FORT KNOX 59-34 W,resolved,,,,,,,
KYRAW-00673,kentucky,historical_record_book,1945-1946,1946,1945-12-07,Western Ontario,Western Ontario,western-ontario,No,51,42,W,0,Kentucky Home,SOURCE_PROGRAM_HOME,Alumni Gym,Alumni Gym,Lexington,KY,,,REGULAR_SEASON,,171,Dec. 7 WESTERN ONTARIO 51-42 W,resolved,,,,,,,
KYRAW-00674,kentucky,historical_record_book,1945-1946,1946,1945-12-08,Western Ontario,Western Ontario,western-ontario,No,71,28,W,0,Kentucky Home,SOURCE_PROGRAM_HOME,Alumni Gym,Alumni Gym,Lexington,KY,,,REGULAR_SEASON,,171,Dec. 8 WESTERN ONTARIO 71-28 W,resolved,,,,,,,
KYRAW-00675,kentucky,historical_record_book,1945-1946,1946,1945-12-15,Cincinnati,Cincinnati,cincinnati,Yes,67,31,W,0,Kentucky Home,SOURCE_PROGRAM_HOME,Alumni Gym,Alumni Gym,Lexington,KY,,,REGULAR_SEASON,,171,Dec. 15 CINCINNATI 67-31 W,resolved,,,,,,,
KYRAW-00676,kentucky,historical_record_book,1945-1946,1946,1945-12-18,Arkansas,Arkansas,arkansas,Yes,67,42,W,0,Kentucky Home,SOURCE_PROGRAM_HOME,Alumni Gym,Alumni Gym,Lexington,KY,,,REGULAR_SEASON,,171,Dec. 18 ARKANSAS 67-42 W,resolved,,,,,,,
KYRAW-00677,kentucky,historical_record_book,1945-1946,1946,1945-12-21,Oklahoma,Oklahoma,oklahoma,Yes,43,33,W,0,Kentucky Home,SOURCE_PROGRAM_HOME,Alumni Gym,Alumni Gym,Lexington,KY,,,REGULAR_SEASON,,171,Dec. 21 OKLAHOMA 43-33 W,resolved,,,,,,,
KYRAW-00678,kentucky,historical_record_book,1945-1946,1946,1945-12-29,St. John’s,St. John's,st-john-s,Yes,73,59,W,0,Opponent Home,OPPONENT_HOME,,,,,,,REGULAR_SEASON,,171,Dec. 29 at St. John’s 73-59 W,resolved,,,,,,,
KYRAW-00679,kentucky,historical_record_book,1945-1946,1946,1946-01-01,Temple,Temple,temple,Yes,45,53,L,0,Opponent Home,OPPONENT_HOME,,,,,,,REGULAR_SEASON,,171,Jan. 1 at Temple 45-53 L,resolved,,,,,,,
KYRAW-00680,kentucky,historical_record_book,1945-1946,1946,1946-01-05,Ohio,Ohio,ohio,Yes,57,48,W,0,Kentucky Home,SOURCE_PROGRAM_HOME,Alumni Gym,Alumni Gym,Lexington,KY,,,REGULAR_SEASON,,171,Jan. 5 OHIO 57-48 W,resolved,,,,,,,
KYRAW-00681,kentucky,historical_record_book,1945-1946,1946,1946-01-07,Fort Benning,Fort Benning,fort-benning,No,81,25,W,0,Kentucky Home,SOURCE_PROGRAM_HOME,Alumni Gym,Alumni Gym,Lexington,KY,,,REGULAR_SEASON,,171,Jan. 7 FORT BENNING 81-25 W,resolved,,,,,,,
KYRAW-00682,kentucky,historical_record_book,1945-1946,1946,1946-01-12,Michigan State,Michigan State,michigan-state,Yes,55,44,W,0,Opponent Home,OPPONENT_HOME,,,,,,,REGULAR_SEASON,,171,Jan. 12 at Michigan State 55-44 W,resolved,,,,,,,
KYRAW-00683,kentucky,historical_record_book,1945-1946,1946,1946-01-14,Xavier,Xavier,xavier,Yes,62,36,W,0,Opponent Home,OPPONENT_HOME,,,,,,,REGULAR_SEASON,,171,Jan. 14 at Xavier 62-36 W,resolved,,,,,,,
KYRAW-00684,kentucky,historical_record_book,1945-1946,1946,1946-01-19,Tennessee,Tennessee,tennessee,Yes,50,32,W,0,Opponent Home,OPPONENT_HOME,,,,,,,REGULAR_SEASON,,171,Jan. 19 * at Tennessee 50-32 W,resolved,,,,,,,
KYRAW-00685,kentucky,historical_record_book,1945-1946,1946,1946-01-21,Georgia Tech,Georgia Tech,georgia-tech,Yes,68,43,W,0,Opponent Home,OPPONENT_HOME,,,,,,,REGULAR_SEASON,,171,Jan. 21 * at Georgia Tech 68-43 W,resolved,,,,,,,
KYRAW-00686,kentucky,historical_record_book,1945-1946,1946,1946-01-26,Notre Dame,Notre Dame,notre-dame,Yes,47,56,L,0,Kentucky Home,SOURCE_PROGRAM_HOME,Alumni Gym,Alumni Gym,Lexington,KY,,,REGULAR_SEASON,,171,Jan. 26 1 Notre Dame 47-56 L,resolved,,,,,,,
KYRAW-00687,kentucky,historical_record_book,1945-1946,1946,1946-01-28,Georgia Tech,Georgia Tech,georgia-tech,Yes,54,26,W,0,Kentucky Home,SOURCE_PROGRAM_HOME,Alumni Gym,Alumni Gym,Lexington,KY,,,REGULAR_SEASON,,171,Jan. 28 * GEORGIA TECH 54-26 W,resolved,,,,,,,
KYRAW-00688,kentucky,historical_record_book,1945-1946,1946,1946-02-05,Michigan State,Michigan State,michigan-state,Yes,59,51,W,0,Kentucky Home,SOURCE_PROGRAM_HOME,Alumni Gym,Alumni Gym,Lexington,KY,,,REGULAR_SEASON,,171,Feb. 5 MICHIGAN STATE 59-51 W,resolved,,,,,,,
KYRAW-00689,kentucky,historical_record_book,1945-1946,1946,1946-02-04,Vanderbilt,Vanderbilt,vanderbilt,Yes,59,37,W,0,Opponent Home,OPPONENT_HOME,,,,,,,REGULAR_SEASON,,171,Feb. 4 * at Vanderbilt 59-37 W,resolved,,,,,,,
KYRAW-00690,kentucky,historical_record_book,1945-1946,1946,1946-02-09,Vanderbilt,Vanderbilt,vanderbilt,Yes,64,31,W,0,Kentucky Home,SOURCE_PROGRAM_HOME,Alumni Gym,Alumni Gym,Lexington,KY,,,REGULAR_SEASON,,171,Feb. 9 2* Vanderbilt 64-31 W,resolved,,,,,,,
KYRAW-00691,kentucky,historical_record_book,1945-1946,1946,1946-02-16,Tennessee,Tennessee,tennessee,Yes,54,34,W,0,Kentucky Home,SOURCE_PROGRAM_HOME,Alumni Gym,Alumni Gym,Lexington,KY,,,REGULAR_SEASON,,171,Feb. 16 * TENNESSEE 54-34 W,resolved,,,,,,,
KYRAW-00692,kentucky,historical_record_book,1945-1946,1946,1946-02-19,Ohio,Ohio,ohio,Yes,60,52,W,0,Opponent Home,OPPONENT_HOME,,,,,,,REGULAR_SEASON,,171,Feb. 19 at Ohio 60-52 W,resolved,,,,,,,
KYRAW-00693,kentucky,historical_record_book,1945-1946,1946,1946-02-23,Xavier,Xavier,xavier,Yes,83,40,W,0,Kentucky Home,SOURCE_PROGRAM_HOME,Alumni Gym,Alumni Gym,Lexington,KY,,,REGULAR_SEASON,,171,Feb. 23 XAVIER 83-40 W,resolved,,,,,,,
KYRAW-00694,kentucky,historical_record_book,1945-1946,1946,1946-02-28,Auburn,Auburn,auburn,Yes,69,24,W,0,Kentucky Home,SOURCE_PROGRAM_HOME,Alumni Gym,Alumni Gym,Lexington,KY,SEC Tournament,,CONFERENCE_TOURNAMENT,,171,Feb. 28 1 Auburn 69-24 W,resolved,,,,,,,
KYRAW-00695,kentucky,historical_record_book,1945-1946,1946,1946-03-01,Florida,Florida,florida,Yes,69,32,W,0,Kentucky Home,SOURCE_PROGRAM_HOME,Alumni Gym,Alumni Gym,Lexington,KY,SEC Tournament,,CONFERENCE_TOURNAMENT,,171,Mar. 1 1 Florida 69-32 W,resolved,,,,,,,
KYRAW-00696,kentucky,historical_record_book,1945-1946,1946,1946-03-02,Alabama,Alabama,alabama,Yes,59,30,W,0,Kentucky Home,SOURCE_PROGRAM_HOME,Alumni Gym,Alumni Gym,Lexington,KY,SEC Tournament,,CONFERENCE_TOURNAMENT,,171,Mar. 2 1 Alabama 59-30 W,resolved,,,,,,,
KYRAW-00697,kentucky,historical_record_book,1945-1946,1946,1946-03-02,LSU,LSU,lsu,Yes,59,36,W,0,Kentucky Home,SOURCE_PROGRAM_HOME,Alumni Gym,Alumni Gym,Lexington,KY,SEC Tournament,,CONFERENCE_TOURNAMENT,Championship,171,Mar. 2 1 LSU 59-36 W,resolved,,,,,,,
KYRAW-00698,kentucky,historical_record_book,1945-1946,1946,1946-03-09,Temple,Temple,temple,Yes,54,43,W,0,Kentucky Home,SOURCE_PROGRAM_HOME,Alumni Gym,Alumni Gym,Lexington,KY,,,REGULAR_SEASON,,171,Mar. 9 1 Temple 54-43 W,resolved,,,,,,,
KYRAW-00699,kentucky,historical_record_book,1945-1946,1946,1946-03-16,Arizona,Arizona,arizona,Yes,77,53,W,0,Kentucky Home,SOURCE_PROGRAM_HOME,Alumni Gym,Alumni Gym,Lexington,KY,NIT,,NIT,,171,Mar. 16 3 Arizona 77-53 W,resolved,,,,,,,
KYRAW-00700,kentucky,historical_record_book,1945-1946,1946,1946-03-18,West Virginia,West Virginia,west-virginia,Yes,59,51,W,0,Kentucky Home,SOURCE_PROGRAM_HOME,Alumni Gym,Alumni Gym,Lexington,KY,NIT,,NIT,,171,Mar. 18 3 West Virginia 59-51 W,resolved,,,,,,,
KYRAW-00701,kentucky,historical_record_book,1945-1946,1946,1946-03-20,Rhode Island,Rhode Island,rhode-island,Yes,46,45,W,0,Kentucky Home,SOURCE_PROGRAM_HOME,Alumni Gym,Alumni Gym,Lexington,KY,NIT,,NIT,Championship,171,Mar. 20 3 Rhode Island (finals) 46-45 W,resolved,,,,,,,
KYRAW-00702,kentucky,historical_record_book,1946-1947,1947,1946-11-28,Indiana Central,University of Indianapolis,university-of-indianapolis,,78,36,W,0,Kentucky Home,SOURCE_PROGRAM_HOME,Alumni Gym,Alumni Gym,Lexington,KY,,,REGULAR_SEASON,,171,Nov. 28 INDIANA CENTRAL 78-36 W,resolved,,,,,,,
KYRAW-00703,kentucky,historical_record_book,1946-1947,1947,1946-11-30,Tulane,Tulane,tulane,Yes,64,35,W,0,Kentucky Home,SOURCE_PROGRAM_HOME,Alumni Gym,Alumni Gym,Lexington,KY,,,REGULAR_SEASON,,171,Nov. 30 * TULANE 64-35 W,resolved,,,,,,,
KYRAW-00704,kentucky,historical_record_book,1946-1947,1947,1946-12-02,Fort Knox,Fort Knox,fort-knox,No,68,31,W,0,Kentucky Home,SOURCE_PROGRAM_HOME,Alumni Gym,Alumni Gym,Lexington,KY,,,REGULAR_SEASON,,171,Dec. 2 FORT KNOX 68-31 W,resolved,,,,,,,
KYRAW-00705,kentucky,historical_record_book,1946-1947,1947,1946-12-07,Cincinnati,Cincinnati,cincinnati,Yes,80,49,W,0,Opponent Home,OPPONENT_HOME,,,,,,,REGULAR_SEASON,,171,Dec. 7 at Cincinnati 80-49 W,resolved,,,,,,,
KYRAW-00706,kentucky,historical_record_book,1946-1947,1947,1946-12-09,Idaho,Idaho,idaho,Yes,65,35,W,0,Kentucky Home,SOURCE_PROGRAM_HOME,Alumni Gym,Alumni Gym,Lexington,KY,,,REGULAR_SEASON,,171,Dec. 9 IDAHO 65-35 W,resolved,,,,,,,
KYRAW-00707,kentucky,historical_record_book,1946-1947,1947,1946-12-12,DePaul,DePaul,depaul,Yes,65,45,W,0,Kentucky Home,SOURCE_PROGRAM_HOME,Alumni Gym,Alumni Gym,Lexington,KY,,,REGULAR_SEASON,,171,Dec. 12 1 DePaul 65-45 W,resolved,,,,,,,
KYRAW-00708,kentucky,historical_record_book,1946-1947,1947,1946-12-14,Texas A&M,Texas A&M,texas-a-m,Yes,83,18,W,0,Kentucky Home,SOURCE_PROGRAM_HOME,Alumni Gym,Alumni Gym,Lexington,KY,,,REGULAR_SEASON,,171,Dec. 14 TEXAS A&M 83-18 W,resolved,,,,,,,
KYRAW-00709,kentucky,historical_record_book,1946-1947,1947,1946-12-16,Miami (Ohio),Miami University,miami-oh,Yes,62,49,W,0,Kentucky Home,SOURCE_PROGRAM_HOME,Alumni Gym,Alumni Gym,Lexington,KY,,,REGULAR_SEASON,,171,Dec. 16 MIAMI (OHIO) 62-49 W,resolved,,,,,,,
KYRAW-00710,kentucky,historical_record_book,1946-1947,1947,1946-12-21,St. John’s,St. John's,st-john-s,Yes,70,50,W,0,Kentucky Home,SOURCE_PROGRAM_HOME,Alumni Gym,Alumni Gym,Lexington,KY,,,REGULAR_SEASON,,171,Dec. 21 2 St. John’s 70-50 W,resolved,,,,,,,
KYRAW-00711,kentucky,historical_record_book,1946-1947,1947,1946-12-23,Baylor,Baylor,baylor,Yes,75,34,W,0,Kentucky Home,SOURCE_PROGRAM_HOME,Alumni Gym,Alumni Gym,Lexington,KY,,,REGULAR_SEASON,,171,Dec. 23 BAYLOR 75-34 W,resolved,,,,,,,
KYRAW-00712,kentucky,historical_record_book,1946-1947,1947,1946-12-28,Wabash,Wabash,wabash,No,96,24,W,0,Kentucky Home,SOURCE_PROGRAM_HOME,Alumni Gym,Alumni Gym,Lexington,KY,,,REGULAR_SEASON,,171,Dec. 28 WABASH 96-24 W,resolved,,,,,,,
KYRAW-00713,kentucky,historical_record_book,1946-1947,1947,1946-12-30,Oklahoma State,Oklahoma State,oklahoma-state,Yes,31,37,L,0,Kentucky Home,SOURCE_PROGRAM_HOME,Alumni Gym,Alumni Gym,Lexington,KY,,,REGULAR_SEASON,,171,Dec. 30 3 Oklahoma State 31-37 L,resolved,,,,,,,
KYRAW-00714,kentucky,historical_record_book,1946-1947,1947,1947-01-04,Ohio,Ohio,ohio,Yes,46,36,W,0,Kentucky Home,SOURCE_PROGRAM_HOME,Alumni Gym,Alumni Gym,Lexington,KY,,,REGULAR_SEASON,,171,Jan. 4 OHIO 46-36 W,resolved,,,,,,,
KYRAW-00715,kentucky,historical_record_book,1946-1947,1947,1947-01-11,Dayton,Dayton,dayton,Yes,70,29,W,0,Kentucky Home,SOURCE_PROGRAM_HOME,Alumni Gym,Alumni Gym,Lexington,KY,,,REGULAR_SEASON,,171,Jan. 11 Dayton U. 70-29 W,resolved,,,,,,,
KYRAW-00716,kentucky,historical_record_book,1946-1947,1947,1947-01-13,Vanderbilt,Vanderbilt,vanderbilt,Yes,82,30,W,0,Opponent Home,OPPONENT_HOME,,,,,,,REGULAR_SEASON,,171,Jan. 13 * at Vanderbilt 82-30 W,resolved,,,,,,,
KYRAW-00717,kentucky,historical_record_book,1946-1947,1947,1947-01-18,Tennessee,Tennessee,tennessee,Yes,54,39,W,0,Opponent Home,OPPONENT_HOME,,,,,,,REGULAR_SEASON,,171,Jan. 18 * at Tennessee 54-39 W,resolved,,,,,,,
KYRAW-00718,kentucky,historical_record_book,1946-1947,1947,1947-01-20,Georgia Tech,Georgia Tech,georgia-tech,Yes,70,47,W,0,Opponent Home,OPPONENT_HOME,,,,,,,REGULAR_SEASON,,171,Jan. 20 * at Georgia Tech 70-47 W,resolved,,,,,,,
KYRAW-00719,kentucky,historical_record_book,1946-1947,1947,1947-01-21,Georgia,Georgia,georgia,Yes,84,45,W,0,Opponent Home,OPPONENT_HOME,,,,,,,REGULAR_SEASON,,171,Jan. 21 * at Georgia 84-45 W,resolved,,,,,,,
KYRAW-00720,kentucky,historical_record_book,1946-1947,1947,1947-01-25,Xavier,Xavier,xavier,Yes,71,34,W,0,Kentucky Home,SOURCE_PROGRAM_HOME,Alumni Gym,Alumni Gym,Lexington,KY,,,REGULAR_SEASON,,171,Jan. 25 XAVIER 71-34 W,resolved,,,,,,,
KYRAW-00721,kentucky,historical_record_book,1946-1947,1947,1947-01-27,Michigan State,Michigan State,michigan-state,Yes,86,36,W,0,Kentucky Home,SOURCE_PROGRAM_HOME,Alumni Gym,Alumni Gym,Lexington,KY,,,REGULAR_SEASON,,171,Jan. 27 MICHIGAN STATE 86-36 W,resolved,,,,,,,
KYRAW-00722,kentucky,historical_record_book,1946-1947,1947,1947-02-01,Notre Dame,Notre Dame,notre-dame,Yes,60,30,W,0,Kentucky Home,SOURCE_PROGRAM_HOME,Alumni Gym,Alumni Gym,Lexington,KY,,,REGULAR_SEASON,,171,Feb. 1 1 Notre Dame 60-30 W,resolved,,,,,,,
KYRAW-00723,kentucky,historical_record_book,1946-1947,1947,1947-02-03,Alabama,Alabama,alabama,Yes,48,37,W,0,Opponent Home,OPPONENT_HOME,,,,,,,REGULAR_SEASON,,171,Feb. 3 * at Alabama 48-37 W,resolved,,,,,,,
KYRAW-00724,kentucky,historical_record_book,1946-1947,1947,1947-02-08,DePaul,DePaul,depaul,Yes,47,53,L,0,Opponent Home,OPPONENT_HOME,,,,,,,REGULAR_SEASON,,171,Feb. 8 at DePaul 47-53 L,resolved,,,,,,,
KYRAW-00725,kentucky,historical_record_book,1946-1947,1947,1947-02-10,Georgia,Georgia,georgia,Yes,81,40,W,0,Kentucky Home,SOURCE_PROGRAM_HOME,Alumni Gym,Alumni Gym,Lexington,KY,,,REGULAR_SEASON,,171,Feb. 10 * GEORGIA 81-40 W,resolved,,,,,,,
KYRAW-00726,kentucky,historical_record_book,1946-1947,1947,1947-02-15,Tennessee,Tennessee,tennessee,Yes,61,46,W,0,Kentucky Home,SOURCE_PROGRAM_HOME,Alumni Gym,Alumni Gym,Lexington,KY,,,REGULAR_SEASON,,171,Feb. 15 * TENNESSEE 61-46 W,resolved,,,,,,,
KYRAW-00727,kentucky,historical_record_book,1946-1947,1947,1947-02-17,Alabama,Alabama,alabama,Yes,63,33,W,0,Kentucky Home,SOURCE_PROGRAM_HOME,Alumni Gym,Alumni Gym,Lexington,KY,,,REGULAR_SEASON,,171,Feb. 17 * ALABAMA 63-33 W,resolved,,,,,,,
KYRAW-00728,kentucky,historical_record_book,1946-1947,1947,1947-02-19,Xavier,Xavier,xavier,Yes,58,31,W,0,Opponent Home,OPPONENT_HOME,,,,,,,REGULAR_SEASON,,171,Feb. 19 at Xavier 58-31 W,resolved,,,,,,,
KYRAW-00729,kentucky,historical_record_book,1946-1947,1947,1947-02-21,Vanderbilt,Vanderbilt,vanderbilt,Yes,84,41,W,0,Kentucky Home,SOURCE_PROGRAM_HOME,Alumni Gym,Alumni Gym,Lexington,KY,,,REGULAR_SEASON,,171,Feb. 21 * VANDERBILT 84-41 W,resolved,,,,,,,
KYRAW-00730,kentucky,historical_record_book,1946-1947,1947,1947-02-22,Georgia Tech,Georgia Tech,georgia-tech,Yes,83,46,W,0,Kentucky Home,SOURCE_PROGRAM_HOME,Alumni Gym,Alumni Gym,Lexington,KY,,,REGULAR_SEASON,,171,Feb. 22 * GEORGIA TECH 83-46 W,resolved,,,,,,,
KYRAW-00731,kentucky,historical_record_book,1946-1947,1947,1947-02-27,Vanderbilt,Vanderbilt,vanderbilt,Yes,98,29,W,0,Kentucky Home,SOURCE_PROGRAM_HOME,Alumni Gym,Alumni Gym,Lexington,KY,SEC Tournament,,CONFERENCE_TOURNAMENT,,171,Feb. 27 1 Vanderbilt 98-29 W,resolved,,,,,,,
KYRAW-00732,kentucky,historical_record_book,1946-1947,1947,1947-02-28,Auburn,Auburn,auburn,Yes,84,18,W,0,Kentucky Home,SOURCE_PROGRAM_HOME,Alumni Gym,Alumni Gym,Lexington,KY,SEC Tournament,,CONFERENCE_TOURNAMENT,,171,Feb. 28 1 Auburn 84-18 W,resolved,,,,,,,
KYRAW-00733,kentucky,historical_record_book,1946-1947,1947,1947-03-01,Georgia Tech,Georgia Tech,georgia-tech,Yes,75,53,W,0,Kentucky Home,SOURCE_PROGRAM_HOME,Alumni Gym,Alumni Gym,Lexington,KY,SEC Tournament,,CONFERENCE_TOURNAMENT,,171,Mar. 1 1 Georgia Tech 75-53 W,resolved,,,,,,,
KYRAW-00734,kentucky,historical_record_book,1946-1947,1947,1947-03-01,Tulane,Tulane,tulane,Yes,55,38,W,0,Kentucky Home,SOURCE_PROGRAM_HOME,Alumni Gym,Alumni Gym,Lexington,KY,SEC Tournament,,CONFERENCE_TOURNAMENT,Championship,171,Mar. 1 1 Tulane 55-38 W,resolved,,,,,,,
KYRAW-00735,kentucky,historical_record_book,1946-1947,1947,1947-03-08,Temple,Temple,temple,Yes,68,29,W,0,Kentucky Home,SOURCE_PROGRAM_HOME,Alumni Gym,Alumni Gym,Lexington,KY,,,REGULAR_SEASON,,171,Mar. 8 1 Temple 68-29 W,resolved,,,,,,,
KYRAW-00736,kentucky,historical_record_book,1946-1947,1947,1947-03-17,LIU Brooklyn,LIU,long-island-university,Yes,66,62,W,0,Kentucky Home,SOURCE_PROGRAM_HOME,Alumni Gym,Alumni Gym,Lexington,KY,NIT,,NIT,,171,Mar. 17 2 Long Island 66-62 W,resolved,,,,,,,
KYRAW-00737,kentucky,historical_record_book,1946-1947,1947,1947-03-19,NC State,NC State,nc-state,Yes,60,42,W,0,Kentucky Home,SOURCE_PROGRAM_HOME,Alumni Gym,Alumni Gym,Lexington,KY,NIT,,NIT,,171,Mar. 19 2 North Carolina State 60-42 W,resolved,,,,,,,
KYRAW-00738,kentucky,historical_record_book,1946-1947,1947,1947-03-24,Utah,Utah,utah,Yes,45,49,L,0,Kentucky Home,SOURCE_PROGRAM_HOME,Alumni Gym,Alumni Gym,Lexington,KY,NIT,,NIT,Championship,171,Mar. 24 2 Utah 45-49 L,resolved,,,,,,,
KYRAW-00739,kentucky,historical_record_book,1947-1948,1948,1947-11-29,Indiana Central,University of Indianapolis,university-of-indianapolis,,80,41,W,0,Kentucky Home,SOURCE_PROGRAM_HOME,Alumni Gym,Alumni Gym,Lexington,KY,,,REGULAR_SEASON,,171,Nov. 29 INDIANA CENTRAL 80-41 W,resolved,,,,,,,
KYRAW-00740,kentucky,historical_record_book,1947-1948,1948,1947-12-01,Fort Knox,Fort Knox,fort-knox,No,80,41,W,0,Kentucky Home,SOURCE_PROGRAM_HOME,Alumni Gym,Alumni Gym,Lexington,KY,,,REGULAR_SEASON,,171,Dec. 1 FORT KNOX 80-41 W,resolved,,,,,,,
KYRAW-00741,kentucky,historical_record_book,1947-1948,1948,1947-12-05,Tulsa,Tulsa,tulsa,Yes,72,18,W,0,Kentucky Home,SOURCE_PROGRAM_HOME,Alumni Gym,Alumni Gym,Lexington,KY,,,REGULAR_SEASON,,171,Dec. 5 TULSA 72-18 W,resolved,,,,,,,
KYRAW-00742,kentucky,historical_record_book,1947-1948,1948,1947-12-06,Tulsa,Tulsa,tulsa,Yes,71,22,W,0,Kentucky Home,SOURCE_PROGRAM_HOME,Alumni Gym,Alumni Gym,Lexington,KY,,,REGULAR_SEASON,,171,Dec. 6 TULSA 71-22 W,resolved,,,,,,,
KYRAW-00743,kentucky,historical_record_book,1947-1948,1948,1947-12-10,DePaul,DePaul,depaul,Yes,74,50,W,0,Kentucky Home,SOURCE_PROGRAM_HOME,Alumni Gym,Alumni Gym,Lexington,KY,,,REGULAR_SEASON,,171,Dec. 10 1 DePaul 74-50 W,resolved,,,,,,,
KYRAW-00744,kentucky,historical_record_book,1947-1948,1948,1947-12-13,Cincinnati,Cincinnati,cincinnati,Yes,67,31,W,0,Opponent Home,OPPONENT_HOME,,,,,,,REGULAR_SEASON,,171,Dec. 13 at Cincinnati 67-31 W,resolved,,,,,,,
KYRAW-00745,kentucky,historical_record_book,1947-1948,1948,1947-12-17,Xavier,Xavier,xavier,Yes,79,37,W,0,Kentucky Home,SOURCE_PROGRAM_HOME,Alumni Gym,Alumni Gym,Lexington,KY,,,REGULAR_SEASON,,171,Dec. 17 XAVIER 79-37 W,resolved,,,,,,,
KYRAW-00746,kentucky,historical_record_book,1947-1948,1948,1947-12-20,Temple,Temple,temple,Yes,59,60,L,0,Opponent Home,OPPONENT_HOME,,,,,,,REGULAR_SEASON,,171,Dec. 20 at Temple 59-60 L,resolved,,,,,,,
KYRAW-00747,kentucky,historical_record_book,1947-1948,1948,1947-12-23,St. John’s,St. John's,st-john-s,Yes,52,40,W,0,Opponent Home,OPPONENT_HOME,,,,,,,REGULAR_SEASON,,171,Dec. 23 at St. John’s 52-40 W,resolved,,,,,,,
KYRAW-00748,kentucky,historical_record_book,1947-1948,1948,1948-01-02,Creighton,Creighton,creighton,Yes,65,23,W,0,Kentucky Home,SOURCE_PROGRAM_HOME,Alumni Gym,Alumni Gym,Lexington,KY,,,REGULAR_SEASON,,171,Jan. 2 1 Creighton 65-23 W,resolved,,,,,,,
KYRAW-00749,kentucky,historical_record_book,1947-1948,1948,1948-01-03,Western Ontario,Western Ontario,western-ontario,No,98,41,W,0,Kentucky Home,SOURCE_PROGRAM_HOME,Alumni Gym,Alumni Gym,Lexington,KY,,,REGULAR_SEASON,,171,Jan. 3 WESTERN ONTARIO 98-41 W,resolved,,,,,,,
KYRAW-00750,kentucky,historical_record_book,1947-1948,1948,1948-01-05,Miami (Ohio),Miami University,miami-oh,Yes,67,53,W,0,Opponent Home,OPPONENT_HOME,,,,,,,REGULAR_SEASON,,171,Jan. 5 at Miami (Ohio) 67-53 W,resolved,,,,,,,
KYRAW-00751,kentucky,historical_record_book,1947-1948,1948,1948-01-10,Michigan State,Michigan State,michigan-state,Yes,47,45,W,0,Opponent Home,OPPONENT_HOME,,,,,,,REGULAR_SEASON,,171,Jan. 10 at Michigan State 47-45 W,resolved,,,,,,,
KYRAW-00752,kentucky,historical_record_book,1947-1948,1948,1948-01-12,Ohio,Ohio,ohio,Yes,79,57,W,0,Opponent Home,OPPONENT_HOME,,,,,,,REGULAR_SEASON,,171,Jan. 12 at Ohio 79-57 W,resolved,,,,,,,
KYRAW-00753,kentucky,historical_record_book,1947-1948,1948,1948-01-17,Tennessee,Tennessee,tennessee,Yes,65,54,W,0,Opponent Home,OPPONENT_HOME,,,,,,,REGULAR_SEASON,,172,Jan. 17 * at Tennessee 65-54 W,resolved,,,,,,,
KYRAW-00754,kentucky,historical_record_book,1947-1948,1948,1948-01-19,Georgia Tech,Georgia Tech,georgia-tech,Yes,71,56,W,0,Opponent Home,OPPONENT_HOME,,,,,,,REGULAR_SEASON,,172,Jan. 19 * at Georgia Tech 71-56 W,resolved,,,,,,,
KYRAW-00755,kentucky,historical_record_book,1947-1948,1948,1948-01-20,Georgia,Georgia,georgia,Yes,88,51,W,0,Opponent Home,OPPONENT_HOME,,,,,,,REGULAR_SEASON,,172,Jan. 20 * at Georgia 88-51 W,resolved,,,,,,,
KYRAW-00756,kentucky,historical_record_book,1947-1948,1948,1948-01-24,Cincinnati,Cincinnati,cincinnati,Yes,70,43,W,0,Kentucky Home,SOURCE_PROGRAM_HOME,Alumni Gym,Alumni Gym,Lexington,KY,,,REGULAR_SEASON,,172,Jan. 24 CINCINNATI 70-43 W,resolved,,,,,,,
KYRAW-00757,kentucky,historical_record_book,1947-1948,1948,1948-01-31,DePaul,DePaul,depaul,Yes,68,51,W,0,Opponent Home,OPPONENT_HOME,,,,,,,REGULAR_SEASON,,172,Jan. 31 at DePaul 68-51 W,resolved,,,,,,,
KYRAW-00758,kentucky,historical_record_book,1947-1948,1948,1948-02-02,Notre Dame,Notre Dame,notre-dame,Yes,55,64,L,0,Opponent Home,OPPONENT_HOME,,,,,,,REGULAR_SEASON,,172,Feb. 2 at Notre Dame 55-64 L,resolved,,,,,,,
KYRAW-00759,kentucky,historical_record_book,1947-1948,1948,1948-02-05,Alabama,Alabama,alabama,Yes,41,31,W,0,Opponent Home,OPPONENT_HOME,,,,,,,REGULAR_SEASON,,172,Feb. 5 * at Alabama 41-31 W,resolved,,,,,,,
KYRAW-00760,kentucky,historical_record_book,1947-1948,1948,1948-02-07,Wash.U St. Louis,Washington University in St. Louis,washington-university-st-louis,,69,39,W,0,Kentucky Home,SOURCE_PROGRAM_HOME,Alumni Gym,Alumni Gym,Lexington,KY,,,REGULAR_SEASON,,172,"Feb. 7 2 Washington, St. Louis 69-39 W",resolved,,,,,,,
KYRAW-00761,kentucky,historical_record_book,1947-1948,1948,1948-02-09,Vanderbilt,Vanderbilt,vanderbilt,Yes,82,51,W,0,Opponent Home,OPPONENT_HOME,,,,,,,REGULAR_SEASON,,172,Feb. 9 * at Vanderbilt 82-51 W,resolved,,,,,,,
KYRAW-00762,kentucky,historical_record_book,1947-1948,1948,1948-02-14,Tennessee,Tennessee,tennessee,Yes,69,42,W,0,Kentucky Home,SOURCE_PROGRAM_HOME,Alumni Gym,Alumni Gym,Lexington,KY,,,REGULAR_SEASON,,172,Feb. 14 * TENNESSEE 69-42 W,resolved,,,,,,,
KYRAW-00763,kentucky,historical_record_book,1947-1948,1948,1948-02-16,Alabama,Alabama,alabama,Yes,63,33,W,0,Kentucky Home,SOURCE_PROGRAM_HOME,Alumni Gym,Alumni Gym,Lexington,KY,,,REGULAR_SEASON,,172,Feb. 16 * ALABAMA 63-33 W,resolved,,,,,,,
KYRAW-00764,kentucky,historical_record_book,1947-1948,1948,1948-02-20,Vanderbilt,Vanderbilt,vanderbilt,Yes,79,43,W,0,Kentucky Home,SOURCE_PROGRAM_HOME,Alumni Gym,Alumni Gym,Lexington,KY,,,REGULAR_SEASON,,172,Feb. 20 * VANDERBILT 79-43 W,resolved,,,,,,,
KYRAW-00765,kentucky,historical_record_book,1947-1948,1948,1948-02-21,Georgia Tech,Georgia Tech,georgia-tech,Yes,78,54,W,0,Kentucky Home,SOURCE_PROGRAM_HOME,Alumni Gym,Alumni Gym,Lexington,KY,,,REGULAR_SEASON,,172,Feb. 21 * GEORGIA TECH 78-54 W,resolved,,,,,,,
KYRAW-00766,kentucky,historical_record_book,1947-1948,1948,1948-02-24,Temple,Temple,temple,Yes,58,38,W,0,Kentucky Home,SOURCE_PROGRAM_HOME,Alumni Gym,Alumni Gym,Lexington,KY,,,REGULAR_SEASON,,172,Feb. 24 1 Temple 58-38 W,resolved,,,,,,,
KYRAW-00767,kentucky,historical_record_book,1947-1948,1948,1948-02-28,Xavier,Xavier,xavier,Yes,59,37,W,0,Opponent Home,OPPONENT_HOME,,,,,,,REGULAR_SEASON,,172,Feb. 28 at Xavier 59-37 W,resolved,,,,,,,
KYRAW-00768,kentucky,historical_record_book,1947-1948,1948,1948-03-04,Florida,Florida,florida,Yes,87,31,W,0,Kentucky Home,SOURCE_PROGRAM_HOME,Alumni Gym,Alumni Gym,Lexington,KY,SEC Tournament,,CONFERENCE_TOURNAMENT,,172,Mar. 4 1 Florida 87-31 W,resolved,,,,,,,
KYRAW-00769,kentucky,historical_record_book,1947-1948,1948,1948-03-05,LSU,LSU,lsu,Yes,63,47,W,0,Kentucky Home,SOURCE_PROGRAM_HOME,Alumni Gym,Alumni Gym,Lexington,KY,SEC Tournament,,CONFERENCE_TOURNAMENT,,172,Mar. 5 1 LSU 63-47 W,resolved,,,,,,,
KYRAW-00770,kentucky,historical_record_book,1947-1948,1948,1948-03-06,Tennessee,Tennessee,tennessee,Yes,70,47,W,0,Kentucky Home,SOURCE_PROGRAM_HOME,Alumni Gym,Alumni Gym,Lexington,KY,SEC Tournament,,CONFERENCE_TOURNAMENT,,172,Mar. 6 1 Tennessee 70-47 W,resolved,,,,,,,
KYRAW-00771,kentucky,historical_record_book,1947-1948,1948,1948-03-06,Georgia Tech,Georgia Tech,georgia-tech,Yes,54,43,W,0,Kentucky Home,SOURCE_PROGRAM_HOME,Alumni Gym,Alumni Gym,Lexington,KY,SEC Tournament,,CONFERENCE_TOURNAMENT,Championship,172,Mar. 6 1 Georgia Tech (finals) 54-43 W,resolved,,,,,,,
KYRAW-00772,kentucky,historical_record_book,1947-1948,1948,1948-03-18,Columbia,Columbia,columbia,Yes,76,53,W,0,Kentucky Home,SOURCE_PROGRAM_HOME,Alumni Gym,Alumni Gym,Lexington,KY,NCAA Tournament,,NCAA_TOURNAMENT,Elite Eight,172,Mar. 18 3 Columbia 76-53 W,resolved,,,,,,,
KYRAW-00773,kentucky,historical_record_book,1947-1948,1948,1948-03-20,Holy Cross,Holy Cross,holy-cross,Yes,60,52,W,0,Kentucky Home,SOURCE_PROGRAM_HOME,Alumni Gym,Alumni Gym,Lexington,KY,NCAA Tournament,,NCAA_TOURNAMENT,Final Four,172,Mar. 20 3 Holy Cross 60-52 W,resolved,,,,,,,
KYRAW-00774,kentucky,historical_record_book,1947-1948,1948,1948-03-23,Baylor,Baylor,baylor,Yes,58,42,W,0,Kentucky Home,SOURCE_PROGRAM_HOME,Alumni Gym,Alumni Gym,Lexington,KY,NCAA Tournament,,NCAA_TOURNAMENT,Championship,172,Mar. 23 3 Baylor 58-42 W,resolved,,,,,,,
KYRAW-00775,kentucky,historical_record_book,1947-1948,1948,1948-03-27,Louisville,Louisville,louisville,Yes,91,57,W,0,Kentucky Home,SOURCE_PROGRAM_HOME,Alumni Gym,Alumni Gym,Lexington,KY,,,REGULAR_SEASON,,172,Mar. 27 Louisville 91-57 W,resolved,,,,,,,
KYRAW-00776,kentucky,historical_record_book,1947-1948,1948,1948-03-29,Baylor,Baylor,baylor,Yes,77,59,W,0,Kentucky Home,SOURCE_PROGRAM_HOME,Alumni Gym,Alumni Gym,Lexington,KY,,,REGULAR_SEASON,,172,Mar. 29 Baylor 77-59 W,resolved,,,,,,,
KYRAW-00777,kentucky,historical_record_book,1947-1948,1948,1948-03-31,Phillips Oilers,Phillips Oilers,phillips-oilers,No,49,53,L,0,Kentucky Home,SOURCE_PROGRAM_HOME,Alumni Gym,Alumni Gym,Lexington,KY,,,REGULAR_SEASON,,172,Mar. 31 PHILLIPS OILERS (AAU 49-53 L,resolved,,,,,,,
KYRAW-00778,kentucky,historical_record_book,1948-1949,1949,1948-11-29,Indiana Central,University of Indianapolis,university-of-indianapolis,,74,38,W,0,Kentucky Home,SOURCE_PROGRAM_HOME,Alumni Gym,Alumni Gym,Lexington,KY,,,REGULAR_SEASON,,172,Nov. 29 INDIANA CENTRAL 74-38 W,resolved,,,,,,,
KYRAW-00779,kentucky,historical_record_book,1948-1949,1949,1948-12-08,DePaul,DePaul,depaul,Yes,67,36,W,0,Neutral,NEUTRAL,,,,,,,REGULAR_SEASON,,172,Dec. 8 1 vs. DePaul 67-36 W,resolved,,,,,,,
KYRAW-00780,kentucky,historical_record_book,1948-1949,1949,1948-12-10,Tulsa,Tulsa,tulsa,Yes,81,27,W,0,Kentucky Home,SOURCE_PROGRAM_HOME,Alumni Gym,Alumni Gym,Lexington,KY,,,REGULAR_SEASON,,172,Dec. 10 TULSA 81-27 W,resolved,,,,,,,
KYRAW-00781,kentucky,historical_record_book,1948-1949,1949,1948-12-13,Arkansas,Arkansas,arkansas,Yes,76,39,W,0,Kentucky Home,SOURCE_PROGRAM_HOME,Alumni Gym,Alumni Gym,Lexington,KY,,,REGULAR_SEASON,,172,Dec. 13 ARKANSAS 76-39 W,resolved,,,,,,,
KYRAW-00782,kentucky,historical_record_book,1948-1949,1949,1948-12-16,Holy Cross,Holy Cross,holy-cross,Yes,51,48,W,0,Opponent Home,OPPONENT_HOME,,,,,,,REGULAR_SEASON,,172,Dec. 16 at Holy Cross 51-48 W,resolved,,,,,,,
KYRAW-00783,kentucky,historical_record_book,1948-1949,1949,1948-12-18,St. John’s,St. John's,st-john-s,Yes,57,30,W,0,Opponent Home,OPPONENT_HOME,,,,,,,REGULAR_SEASON,,172,Dec. 18 at St. John’s 57-30 W,resolved,,,,,,,
KYRAW-00784,kentucky,historical_record_book,1948-1949,1949,1948-12-22,Tulane,Tulane,tulane,Yes,51,47,W,0,Neutral,NEUTRAL,,,,,,,REGULAR_SEASON,,172,Dec. 22 1* vs. Tulane 51-47 W,resolved,,,,,,,
KYRAW-00785,kentucky,historical_record_book,1948-1949,1949,1948-12-29,Tulane,Tulane,tulane,Yes,78,47,W,0,Neutral,NEUTRAL,,,,,,,REGULAR_SEASON,,172,Dec. 29 2* vs. Tulane 78-47 W,resolved,,,,,,,
KYRAW-00786,kentucky,historical_record_book,1948-1949,1949,1948-12-30,Saint Louis,Saint Louis,saint-louis,Yes,40,42,L,0,Neutral,NEUTRAL,,,,,,,REGULAR_SEASON,,172,Dec. 30 2 vs. Saint Louis 40-42 L,resolved,,,,,,,
KYRAW-00787,kentucky,historical_record_book,1948-1949,1949,1949-01-11,Bowling Green,Bowling Green,bowling-green,Yes,63,61,W,0,Neutral,NEUTRAL,,,,,,,REGULAR_SEASON,,172,Jan. 11 3 vs. Bowling Green 63-61 W,resolved,,,,,,,
KYRAW-00788,kentucky,historical_record_book,1948-1949,1949,1949-01-15,Tennessee,Tennessee,tennessee,Yes,66,51,W,0,Opponent Home,OPPONENT_HOME,,,,,,,REGULAR_SEASON,,172,Jan. 15 * at Tennessee 66-51 W,resolved,,,,,,,
KYRAW-00789,kentucky,historical_record_book,1948-1949,1949,1949-01-17,Georgia Tech,Georgia Tech,georgia-tech,Yes,56,45,W,0,Opponent Home,OPPONENT_HOME,,,,,,,REGULAR_SEASON,,172,Jan. 17 * at Georgia Tech 56-45 W,resolved,,,,,,,
KYRAW-00790,kentucky,historical_record_book,1948-1949,1949,1949-01-22,DePaul,DePaul,depaul,Yes,56,45,W,0,Opponent Home,OPPONENT_HOME,,,,,,,REGULAR_SEASON,,172,Jan. 22 at DePaul 2/NR 56-45 W,resolved,,,,,,,
KYRAW-00791,kentucky,historical_record_book,1948-1949,1949,1949-01-29,Notre Dame,Notre Dame,notre-dame,Yes,62,38,W,0,Neutral,NEUTRAL,,,,,,,REGULAR_SEASON,,172,Jan. 29 1 vs. Notre Dame 2/NR 62-38 W,resolved,,,,,,,
KYRAW-00792,kentucky,historical_record_book,1948-1949,1949,1949-01-31,Vanderbilt,Vanderbilt,vanderbilt,Yes,72,50,W,0,Opponent Home,OPPONENT_HOME,,,,,,,REGULAR_SEASON,,172,Jan. 31 * at Vanderbilt 2/NR 72-50 W,resolved,,,,,,,
KYRAW-00793,kentucky,historical_record_book,1948-1949,1949,1949-02-02,Alabama,Alabama,alabama,Yes,56,40,W,0,Opponent Home,OPPONENT_HOME,,,,,,,REGULAR_SEASON,,172,Feb. 2 * at Alabama 1/NR 56-40 W,resolved,,,,,,,
KYRAW-00794,kentucky,historical_record_book,1948-1949,1949,1949-02-03,Ole Miss,Ole Miss,ole-miss,Yes,75,45,W,0,Neutral,NEUTRAL,,,,,,,REGULAR_SEASON,,172,Feb. 3 4* vs. Ole Miss 1/NR 75-45 W,resolved,,,,,,,
KYRAW-00795,kentucky,historical_record_book,1948-1949,1949,1949-02-05,Bradley,Bradley,bradley,Yes,62,52,W,0,Neutral,NEUTRAL,,,,,,,REGULAR_SEASON,,172,Feb. 5 5 vs. Bradley 1/18 62-52 W,resolved,,,,,,,
KYRAW-00796,kentucky,historical_record_book,1948-1949,1949,1949-02-08,Tennessee,Tennessee,tennessee,Yes,71,56,W,0,Kentucky Home,SOURCE_PROGRAM_HOME,Alumni Gym,Alumni Gym,Lexington,KY,,,REGULAR_SEASON,,172,Feb. 8 * TENNESSEE 1/NR 71-56 W,resolved,,,,,,,
KYRAW-00797,kentucky,historical_record_book,1948-1949,1949,1949-02-12,Xavier,Xavier,xavier,Yes,96,50,W,0,Kentucky Home,SOURCE_PROGRAM_HOME,Alumni Gym,Alumni Gym,Lexington,KY,,,REGULAR_SEASON,,172,Feb. 12 XAVIER 1/NR 96-50 W,resolved,,,,,,,
KYRAW-00798,kentucky,historical_record_book,1948-1949,1949,1949-02-14,Alabama,Alabama,alabama,Yes,74,32,W,0,Kentucky Home,SOURCE_PROGRAM_HOME,Alumni Gym,Alumni Gym,Lexington,KY,,,REGULAR_SEASON,,172,Feb. 14 * ALABAMA 1/NR 74-32 W,resolved,,,,,,,
KYRAW-00799,kentucky,historical_record_book,1948-1949,1949,1949-02-16,Ole Miss,Ole Miss,ole-miss,Yes,85,31,W,0,Kentucky Home,SOURCE_PROGRAM_HOME,Alumni Gym,Alumni Gym,Lexington,KY,,,REGULAR_SEASON,,172,Feb. 16 * OLE MISS 1/NR 85-31 W,resolved,,,,,,,
KYRAW-00800,kentucky,historical_record_book,1948-1949,1949,1949-02-19,Georgia Tech,Georgia Tech,georgia-tech,Yes,78,32,W,0,Kentucky Home,SOURCE_PROGRAM_HOME,Alumni Gym,Alumni Gym,Lexington,KY,,,REGULAR_SEASON,,172,Feb. 19 * GEORGIA TECH 1/NR 78-32 W,resolved,,,,,,,
KYRAW-00801,kentucky,historical_record_book,1948-1949,1949,1949-02-21,Georgia,Georgia,georgia,Yes,95,40,W,0,Kentucky Home,SOURCE_PROGRAM_HOME,Alumni Gym,Alumni Gym,Lexington,KY,,,REGULAR_SEASON,,172,Feb. 21 * GEORGIA 1/NR 95-40 W,resolved,,,,,,,
KYRAW-00802,kentucky,historical_record_book,1948-1949,1949,1949-02-24,Xavier,Xavier,xavier,Yes,51,40,W,0,Opponent Home,OPPONENT_HOME,,,,,,,REGULAR_SEASON,,172,Feb. 24 at Xavier 1/NR 51-40 W,resolved,,,,,,,
KYRAW-00803,kentucky,historical_record_book,1948-1949,1949,1949-02-26,Vanderbilt,Vanderbilt,vanderbilt,Yes,70,37,W,0,Kentucky Home,SOURCE_PROGRAM_HOME,Alumni Gym,Alumni Gym,Lexington,KY,,,REGULAR_SEASON,,172,Feb. 26 * VANDERBILT 1/NR 70-37 W,resolved,,,,,,,
KYRAW-00804,kentucky,historical_record_book,1948-1949,1949,1949-03-03,Florida,Florida,florida,Yes,73,36,W,0,Neutral,NEUTRAL,,,,,SEC Tournament,,CONFERENCE_TOURNAMENT,,172,Mar. 3 1 vs. Florida 1/NR 73-36 W,resolved,,,,,,,
KYRAW-00805,kentucky,historical_record_book,1948-1949,1949,1949-03-04,Auburn,Auburn,auburn,Yes,70,39,W,0,Neutral,NEUTRAL,,,,,SEC Tournament,,CONFERENCE_TOURNAMENT,,172,Mar. 4 1 vs. Auburn 1/NR 70-39 W,resolved,,,,,,,
KYRAW-00806,kentucky,historical_record_book,1948-1949,1949,1949-03-05,Tennessee,Tennessee,tennessee,Yes,83,44,W,0,Neutral,NEUTRAL,,,,,SEC Tournament,,CONFERENCE_TOURNAMENT,,172,Mar. 5 1 vs. Tennessee 1/NR 83-44 W,resolved,,,,,,,
KYRAW-00807,kentucky,historical_record_book,1948-1949,1949,1949-03-05,Tulane,Tulane,tulane,Yes,68,52,W,0,Neutral,NEUTRAL,,,,,SEC Tournament,,CONFERENCE_TOURNAMENT,Championship,172,Mar. 5 1 vs. Tulane 1/7 68-52 W,resolved,,,,,,,
KYRAW-00808,kentucky,historical_record_book,1948-1949,1949,1949-03-14,Loyola (Ill.),Loyola (Ill.),loyola-ill,,56,67,L,0,Neutral,NEUTRAL,,,,,NIT,,NIT,,172,"Mar. 14 6 vs. Loyola, Chicago 1/16 56-67 L",resolved,,,,,,,
KYRAW-00809,kentucky,historical_record_book,1948-1949,1949,1949-03-21,Villanova,Villanova,villanova,Yes,85,72,W,0,Neutral,NEUTRAL,,,,,NCAA Tournament,,NCAA_TOURNAMENT,Elite Eight,172,Mar. 21 6 vs. Villanova 1/14 85-72 W,resolved,,,,,,,
KYRAW-00810,kentucky,historical_record_book,1948-1949,1949,1949-03-22,Illinois,Illinois,illinois,Yes,76,47,W,0,Neutral,NEUTRAL,,,,,NCAA Tournament,,NCAA_TOURNAMENT,Final Four,172,Mar. 22 6 vs. Illinois 1/4 76-47 W,resolved,,,,,,,
KYRAW-00811,kentucky,historical_record_book,1948-1949,1949,1949-03-26,Oklahoma State,Oklahoma State,oklahoma-state,Yes,46,36,W,0,Neutral,NEUTRAL,,,,,NCAA Tournament,,NCAA_TOURNAMENT,Championship,172,Mar. 26 7 vs. Oklahoma State 1/2 46-36 W,resolved,,,,,,,
KYRAW-00812,kentucky,historical_record_book,1949-1950,1950,1949-12-03,Indiana Central,University of Indianapolis,university-of-indianapolis,,84,61,W,0,Kentucky Home,SOURCE_PROGRAM_HOME,Alumni Gym,Alumni Gym,Lexington,KY,,,REGULAR_SEASON,,172,Dec. 3 INDIANA CENTRAL 84-61 W,resolved,,,,,,,
KYRAW-00813,kentucky,historical_record_book,1949-1950,1950,1949-12-10,Western Ontario,Western Ontario,western-ontario,No,90,18,W,0,Kentucky Home,SOURCE_PROGRAM_HOME,Alumni Gym,Alumni Gym,Lexington,KY,,,REGULAR_SEASON,,172,Dec. 10 WESTERN ONTARIO 90-18 W,resolved,,,,,,,
KYRAW-00814,kentucky,historical_record_book,1949-1950,1950,1949-12-15,St. John’s,St. John's,st-john-s,Yes,58,69,L,0,Opponent Home,OPPONENT_HOME,,,,,,,REGULAR_SEASON,,172,Dec. 15 at St. John’s 58-69 L,resolved,,,,,,,
KYRAW-00815,kentucky,historical_record_book,1949-1950,1950,1949-12-21,DePaul,DePaul,depaul,Yes,49,47,W,0,Neutral,NEUTRAL,,,,,,,REGULAR_SEASON,,172,Dec. 21 1 vs. DePaul 49-47 W,resolved,,,,,,,
KYRAW-00816,kentucky,historical_record_book,1949-1950,1950,1949-12-23,Purdue,Purdue,purdue,Yes,60,54,W,0,Opponent Home,OPPONENT_HOME,,,,,,,REGULAR_SEASON,,172,Dec. 23 at Purdue 60-54 W,resolved,,,,,,,
KYRAW-00817,kentucky,historical_record_book,1949-1950,1950,1949-12-29,Villanova,Villanova,villanova,Yes,57,56,W,0,Neutral,NEUTRAL,,,,,,,REGULAR_SEASON,,172,Dec. 29 2 vs. Villanova 57-56 W,resolved,,,,,,,
KYRAW-00818,kentucky,historical_record_book,1949-1950,1950,1949-12-30,Bradley,Bradley,bradley,Yes,71,66,W,0,Neutral,NEUTRAL,,,,,,,REGULAR_SEASON,,172,Dec. 30 2 vs. Bradley (finals) 71-66 W,resolved,,,,,,,
KYRAW-00819,kentucky,historical_record_book,1949-1950,1950,1950-01-02,Arkansas,Arkansas,arkansas,Yes,57,53,W,0,Neutral,OPPONENT_HOME,,,Little Rock,AR,,,REGULAR_SEASON,,172,Jan. 2 3 vs. Arkansas 57-53 W,resolved,,,,,,,Site reconciled to Arkansas home in Little Rock; Kentucky archived all-time results and Arkansas official history both place the game in Little Rock.
KYRAW-00820,kentucky,historical_record_book,1949-1950,1950,1950-01-04,Mississippi State,Mississippi State,mississippi-state,Yes,87,55,W,0,Neutral,NEUTRAL,,,,,,,REGULAR_SEASON,,172,Jan. 4 4* vs. Mississippi State 87-55 W,resolved,,,,,,,
KYRAW-00821,kentucky,historical_record_book,1949-1950,1950,1950-01-09,North Carolina,North Carolina,north-carolina,Yes,83,44,W,0,Kentucky Home,SOURCE_PROGRAM_HOME,Alumni Gym,Alumni Gym,Lexington,KY,,,REGULAR_SEASON,,172,Jan. 9 NORTH CAROLINA 2/NR 83-44 W,resolved,,,,,,,
KYRAW-00822,kentucky,historical_record_book,1949-1950,1950,1950-01-14,Tennessee,Tennessee,tennessee,Yes,53,66,L,0,Opponent Home,OPPONENT_HOME,,,,,,,REGULAR_SEASON,,172,Jan. 14 * at Tennessee 2/NR 53-66 L,resolved,,,,,,,
KYRAW-00823,kentucky,historical_record_book,1949-1950,1950,1950-01-16,Georgia Tech,Georgia Tech,georgia-tech,Yes,61,47,W,0,Opponent Home,OPPONENT_HOME,,,,,,,REGULAR_SEASON,,172,Jan. 16 * at Georgia Tech 2/NR 61-47 W,resolved,,,,,,,
KYRAW-00824,kentucky,historical_record_book,1949-1950,1950,1950-01-17,Georgia,Georgia,georgia,Yes,60,71,L,0,Opponent Home,OPPONENT_HOME,,,,,,,REGULAR_SEASON,,172,Jan. 17 * at Georgia 5/NR 60-71 L,resolved,,,,,,,
KYRAW-00825,kentucky,historical_record_book,1949-1950,1950,1950-01-21,DePaul,DePaul,depaul,Yes,86,53,W,0,Opponent Home,OPPONENT_HOME,,,,,,,REGULAR_SEASON,,172,Jan. 21 at DePaul 5/NR 86-53 W,resolved,,,,,,,
KYRAW-00826,kentucky,historical_record_book,1949-1950,1950,1950-01-23,Notre Dame,Notre Dame,notre-dame,Yes,51,64,L,0,Opponent Home,OPPONENT_HOME,,,,,,,REGULAR_SEASON,,172,Jan. 23 at Notre Dame 5/NR 51-64 L,resolved,,,,,,,
KYRAW-00827,kentucky,historical_record_book,1949-1950,1950,1950-01-26,Xavier,Xavier,xavier,Yes,58,47,W,0,Opponent Home,OPPONENT_HOME,,,,,,,REGULAR_SEASON,,172,Jan. 26 at Xavier 4/NR 58-47 W,resolved,,,,,,,
KYRAW-00828,kentucky,historical_record_book,1949-1950,1950,1950-01-28,Georgia,Georgia,georgia,Yes,88,56,W,0,Kentucky Home,SOURCE_PROGRAM_HOME,Alumni Gym,Alumni Gym,Lexington,KY,,,REGULAR_SEASON,,172,Jan. 28 * GEORGIA 4/NR 88-56 W,resolved,,,,,,,
KYRAW-00829,kentucky,historical_record_book,1949-1950,1950,1950-01-30,Vanderbilt,Vanderbilt,vanderbilt,Yes,58,54,W,0,Opponent Home,OPPONENT_HOME,,,,,,,REGULAR_SEASON,,172,Jan. 30 * at Vanderbilt 4/NR 58-54 W,resolved,,,,,,,
KYRAW-00830,kentucky,historical_record_book,1949-1950,1950,1950-02-02,Alabama,Alabama,alabama,Yes,66,64,W,0,Opponent Home,OPPONENT_HOME,,,,,,,REGULAR_SEASON,,172,Feb. 2 * at Alabama 6/NR 66-64 W,resolved,,,,,,,
KYRAW-00831,kentucky,historical_record_book,1949-1950,1950,1950-02-04,Ole Miss,Ole Miss,ole-miss,Yes,61,55,W,0,Neutral,NEUTRAL,,,,,,,REGULAR_SEASON,,172,Feb. 4 5* vs. Ole Miss 6/NR 61-55 W,resolved,,,,,,,
KYRAW-00832,kentucky,historical_record_book,1949-1950,1950,1950-02-11,Tennessee,Tennessee,tennessee,Yes,79,52,W,0,Kentucky Home,SOURCE_PROGRAM_HOME,Alumni Gym,Alumni Gym,Lexington,KY,,,REGULAR_SEASON,,172,Feb. 11 * TENNESSEE 7/NR 79-52 W,resolved,,,,,,,
KYRAW-00833,kentucky,historical_record_book,1949-1950,1950,1950-02-13,Alabama,Alabama,alabama,Yes,77,57,W,0,Kentucky Home,SOURCE_PROGRAM_HOME,Alumni Gym,Alumni Gym,Lexington,KY,,,REGULAR_SEASON,,172,Feb. 13 * ALABAMA 7/NR 77-57 W,resolved,,,,,,,
KYRAW-00834,kentucky,historical_record_book,1949-1950,1950,1950-02-15,Ole Miss,Ole Miss,ole-miss,Yes,90,50,W,0,Kentucky Home,SOURCE_PROGRAM_HOME,Alumni Gym,Alumni Gym,Lexington,KY,,,REGULAR_SEASON,,172,Feb. 15 * OLE MISS 5/NR 90-50 W,resolved,,,,,,,
KYRAW-00835,kentucky,historical_record_book,1949-1950,1950,1950-02-18,Georgia Tech,Georgia Tech,georgia-tech,Yes,97,62,W,0,Kentucky Home,SOURCE_PROGRAM_HOME,Alumni Gym,Alumni Gym,Lexington,KY,,,REGULAR_SEASON,,172,Feb. 18 * GEORGIA TECH 5/NR 97-62 W,resolved,,,,,,,
KYRAW-00836,kentucky,historical_record_book,1949-1950,1950,1950-02-23,Xavier,Xavier,xavier,Yes,58,53,W,0,Kentucky Home,SOURCE_PROGRAM_HOME,Alumni Gym,Alumni Gym,Lexington,KY,,,REGULAR_SEASON,,172,Feb. 23 XAVIER 5/NR 58-53 W,resolved,,,,,,,
KYRAW-00837,kentucky,historical_record_book,1949-1950,1950,1950-02-25,Vanderbilt,Vanderbilt,vanderbilt,Yes,70,66,W,0,Kentucky Home,SOURCE_PROGRAM_HOME,Alumni Gym,Alumni Gym,Lexington,KY,,,REGULAR_SEASON,,172,Feb. 25 * VANDERBILT 5/NR 70-66 W,resolved,,,,,,,
KYRAW-00838,kentucky,historical_record_book,1949-1950,1950,1950-03-03,Mississippi State,Mississippi State,mississippi-state,Yes,56,46,W,0,Neutral,NEUTRAL,,,,,SEC Tournament,,CONFERENCE_TOURNAMENT,,173,Mar. 3 1 vs. Mississippi State 4/NR 56-46 W,resolved,,,,,,,
KYRAW-00839,kentucky,historical_record_book,1949-1950,1950,1950-03-04,Georgia,Georgia,georgia,Yes,79,63,W,0,Neutral,NEUTRAL,,,,,SEC Tournament,,CONFERENCE_TOURNAMENT,,173,Mar. 4 1 vs. Georgia 4/NR 79-63 W,resolved,,,,,,,
KYRAW-00840,kentucky,historical_record_book,1949-1950,1950,1950-03-04,Tennessee,Tennessee,tennessee,Yes,95,58,W,0,Neutral,NEUTRAL,,,,,SEC Tournament,,CONFERENCE_TOURNAMENT,Championship,173,Mar. 4 1 vs. Tennessee 4/NR 95-58 W,resolved,,,,,,,
KYRAW-00841,kentucky,historical_record_book,1949-1950,1950,1950-03-14,City College of New York,City College of New York,city-college-of-new-york,No,50,89,L,0,Neutral,NEUTRAL,,,,,NIT,,NIT,,173,Mar. 14 6 vs. CCNY 3/NR 50-89 L,resolved,,,,,,,
KYRAW-00842,kentucky,historical_record_book,1950-1951,1951,1950-12-01,West Texas State,West Texas A&M,west-texas-a-m,No,73,43,W,0,Kentucky Home,SOURCE_PROGRAM_HOME,Memorial Coliseum,Memorial Coliseum,Lexington,KY,,,REGULAR_SEASON,,173,Dec. 1 WEST TEXAS STATE 73-43 W,resolved,,,,,,,
KYRAW-00843,kentucky,historical_record_book,1950-1951,1951,1950-12-09,Purdue,Purdue,purdue,Yes,70,52,W,0,Kentucky Home,SOURCE_PROGRAM_HOME,Memorial Coliseum,Memorial Coliseum,Lexington,KY,,,REGULAR_SEASON,,173,Dec. 9 PURDUE 70-52 W,resolved,,,,,,,
KYRAW-00844,kentucky,historical_record_book,1950-1951,1951,1950-12-12,Xavier,Xavier,xavier,Yes,67,56,W,0,Opponent Home,OPPONENT_HOME,,,,,,,REGULAR_SEASON,,173,Dec. 12 at Xavier 67-56 W,resolved,,,,,,,
KYRAW-00845,kentucky,historical_record_book,1950-1951,1951,1950-12-14,Florida,Florida,florida,Yes,85,37,W,0,Kentucky Home,SOURCE_PROGRAM_HOME,Memorial Coliseum,Memorial Coliseum,Lexington,KY,,,REGULAR_SEASON,,173,Dec. 14 * FLORIDA 85-37 W,resolved,,,,,,,
KYRAW-00846,kentucky,historical_record_book,1950-1951,1951,1950-12-16,Kansas,kansas,kansas,Yes,68,39,W,0,Kentucky Home,SOURCE_PROGRAM_HOME,Memorial Coliseum,Memorial Coliseum,Lexington,KY,,,REGULAR_SEASON,,173,Dec. 16 KANSAS 68-39 W,resolved,,,,,,,
KYRAW-00847,kentucky,historical_record_book,1950-1951,1951,1950-12-23,St. John’s,St. John's,st-john-s,Yes,43,37,W,0,Opponent Home,OPPONENT_HOME,,,,,,,REGULAR_SEASON,,173,Dec. 23 at St. John’s 1/13 43-37 W,resolved,,,,,,,
KYRAW-00848,kentucky,historical_record_book,1950-1951,1951,1950-12-29,Saint Louis,Saint Louis,saint-louis,Yes,42,43,L,1,Neutral,NEUTRAL,,,,,,,REGULAR_SEASON,,173,Dec. 29 1 vs. Saint Louis 1/NR 42-43 L OT,resolved,,,,,,,
KYRAW-00849,kentucky,historical_record_book,1950-1951,1951,1950-12-30,Syracuse,Syracuse,syracuse,Yes,69,59,W,0,Neutral,NEUTRAL,,,,,,,REGULAR_SEASON,,173,Dec. 30 1 vs. Syracuse 1/NR 69-59 W,resolved,,,,,,,
KYRAW-00850,kentucky,historical_record_book,1950-1951,1951,1951-01-05,Auburn,Auburn,auburn,Yes,79,35,W,0,Kentucky Home,SOURCE_PROGRAM_HOME,Memorial Coliseum,Memorial Coliseum,Lexington,KY,,,REGULAR_SEASON,,173,Jan. 5 * AUBURN 3/NR 79-35 W,resolved,,,,,,,
KYRAW-00851,kentucky,historical_record_book,1950-1951,1951,1951-01-08,DePaul,DePaul,depaul,Yes,63,55,W,0,Kentucky Home,SOURCE_PROGRAM_HOME,Memorial Coliseum,Memorial Coliseum,Lexington,KY,,,REGULAR_SEASON,,173,Jan. 8 DePAUL 3/NR 63-55 W,resolved,,,,,,,
KYRAW-00852,kentucky,historical_record_book,1950-1951,1951,1951-01-13,Alabama,Alabama,alabama,Yes,65,48,W,0,Kentucky Home,SOURCE_PROGRAM_HOME,Memorial Coliseum,Memorial Coliseum,Lexington,KY,,,REGULAR_SEASON,,173,Jan. 13 * ALABAMA 3/NR 65-48 W,resolved,,,,,,,
KYRAW-00853,kentucky,historical_record_book,1950-1951,1951,1951-01-15,Notre Dame,Notre Dame,notre-dame,Yes,69,44,W,0,Kentucky Home,SOURCE_PROGRAM_HOME,Memorial Coliseum,Memorial Coliseum,Lexington,KY,,,REGULAR_SEASON,,173,Jan. 15 NOTRE DAME 3/NR 69-44 W,resolved,,,,,,,
KYRAW-00854,kentucky,historical_record_book,1950-1951,1951,1951-01-20,Tennessee,Tennessee,tennessee,Yes,70,45,W,0,Opponent Home,OPPONENT_HOME,,,,,,,REGULAR_SEASON,,173,Jan. 20 * at Tennessee 2/NR 70-45 W,resolved,,,,,,,
KYRAW-00855,kentucky,historical_record_book,1950-1951,1951,1951-01-22,Georgia Tech,Georgia Tech,georgia-tech,Yes,82,61,W,0,Opponent Home,OPPONENT_HOME,,,,,,,REGULAR_SEASON,,173,Jan. 22 * at Georgia Tech 2/NR 82-61 W,resolved,,,,,,,
KYRAW-00856,kentucky,historical_record_book,1950-1951,1951,1951-01-27,Vanderbilt,Vanderbilt,vanderbilt,Yes,74,49,W,0,Opponent Home,OPPONENT_HOME,,,,,,,REGULAR_SEASON,,173,Jan. 27 * at Vanderbilt 1/NR 74-49 W,resolved,,,,,,,
KYRAW-00857,kentucky,historical_record_book,1950-1951,1951,1951-01-29,Tulane,Tulane,tulane,Yes,104,68,W,0,Opponent Home,OPPONENT_HOME,,,,,,,REGULAR_SEASON,,173,Jan. 29 * at Tulane 1/NR 104-68 W,resolved,,,,,,,
KYRAW-00858,kentucky,historical_record_book,1950-1951,1951,1951-01-31,LSU,LSU,lsu,Yes,81,59,W,0,Opponent Home,OPPONENT_HOME,,,,,,,REGULAR_SEASON,,173,Jan. 31 * at LSU 1/NR 81-59 W,resolved,,,,,,,
KYRAW-00859,kentucky,historical_record_book,1950-1951,1951,1951-02-02,Mississippi State,Mississippi State,mississippi-state,Yes,80,60,W,0,Opponent Home,OPPONENT_HOME,,,,,,,REGULAR_SEASON,,173,Feb. 2 * at Mississippi State 1/NR 80-60 W,resolved,,,,,,,
KYRAW-00860,kentucky,historical_record_book,1950-1951,1951,1951-02-03,Ole Miss,Ole Miss,ole-miss,Yes,86,39,W,0,Neutral,NEUTRAL,,,,,,,REGULAR_SEASON,,173,Feb. 3 2* vs. Ole Miss 1/NR 86-39 W,resolved,,,,,,,
KYRAW-00861,kentucky,historical_record_book,1950-1951,1951,1951-02-09,Georgia Tech,Georgia Tech,georgia-tech,Yes,75,42,W,0,Kentucky Home,SOURCE_PROGRAM_HOME,Memorial Coliseum,Memorial Coliseum,Lexington,KY,,,REGULAR_SEASON,,173,Feb. 9 * GEORGIA TECH 1/NR 75-42 W,resolved,,,,,,,
KYRAW-00862,kentucky,historical_record_book,1950-1951,1951,1951-02-13,Xavier,Xavier,xavier,Yes,78,51,W,0,Kentucky Home,SOURCE_PROGRAM_HOME,Memorial Coliseum,Memorial Coliseum,Lexington,KY,,,REGULAR_SEASON,,173,Feb. 13 XAVIER 1/NR 78-51 W,resolved,,,,,,,
KYRAW-00863,kentucky,historical_record_book,1950-1951,1951,1951-02-17,Tennessee,Tennessee,tennessee,Yes,86,61,W,0,Kentucky Home,SOURCE_PROGRAM_HOME,Memorial Coliseum,Memorial Coliseum,Lexington,KY,,,REGULAR_SEASON,,173,Feb. 17 * TENNESSEE 1/NR 86-61 W,resolved,,,,,,,
KYRAW-00864,kentucky,historical_record_book,1950-1951,1951,1951-02-19,DePaul,DePaul,depaul,Yes,60,57,W,0,Opponent Home,OPPONENT_HOME,,,,,,,REGULAR_SEASON,,173,Feb. 19 at DePaul 1/NR 60-57 W,resolved,,,,,,,
KYRAW-00865,kentucky,historical_record_book,1950-1951,1951,1951-02-23,Georgia,Georgia,georgia,Yes,88,41,W,0,Kentucky Home,SOURCE_PROGRAM_HOME,Memorial Coliseum,Memorial Coliseum,Lexington,KY,,,REGULAR_SEASON,,173,Feb. 23 * GEORGIA 1/NR 88-41 W,resolved,,,,,,,
KYRAW-00866,kentucky,historical_record_book,1950-1951,1951,1951-02-24,Vanderbilt,Vanderbilt,vanderbilt,Yes,89,57,W,0,Kentucky Home,SOURCE_PROGRAM_HOME,Memorial Coliseum,Memorial Coliseum,Lexington,KY,,,REGULAR_SEASON,,173,Feb. 24 * VANDERBILT 1/NR 89-57 W,resolved,,,,,,,
KYRAW-00867,kentucky,historical_record_book,1950-1951,1951,1951-03-01,Mississippi State,Mississippi State,mississippi-state,Yes,92,70,W,0,Neutral,NEUTRAL,,,,,SEC Tournament,,CONFERENCE_TOURNAMENT,,173,Mar. 1 3 vs. Mississippi State 1/NR 92-70 W,resolved,,,,,,,
KYRAW-00868,kentucky,historical_record_book,1950-1951,1951,1951-03-02,Auburn,Auburn,auburn,Yes,84,54,W,0,Neutral,NEUTRAL,,,,,SEC Tournament,,CONFERENCE_TOURNAMENT,,173,Mar. 2 3 vs. Auburn 1/NR 84-54 W,resolved,,,,,,,
KYRAW-00869,kentucky,historical_record_book,1950-1951,1951,1951-03-03,Georgia Tech,Georgia Tech,georgia-tech,Yes,82,56,W,0,Neutral,NEUTRAL,,,,,SEC Tournament,,CONFERENCE_TOURNAMENT,,173,Mar. 3 3 vs. Georgia Tech 1/NR 82-56 W,resolved,,,,,,,
KYRAW-00870,kentucky,historical_record_book,1950-1951,1951,1951-03-03,Vanderbilt,Vanderbilt,vanderbilt,Yes,57,61,L,0,Neutral,NEUTRAL,,,,,SEC Tournament,,CONFERENCE_TOURNAMENT,Championship,173,Mar. 3 3 vs. Vanderbilt 1/NR 57-61 L,resolved,,,,,,,
KYRAW-00871,kentucky,historical_record_book,1950-1951,1951,1951-03-13,Loyola (Ill.),Loyola (Ill.),loyola-ill,,97,61,W,0,Kentucky Home,SOURCE_PROGRAM_HOME,Memorial Coliseum,Memorial Coliseum,Lexington,KY,,,REGULAR_SEASON,,173,"Mar. 13 LOYOLA, CHICAGO 1/NR 97-61 W",resolved,,,,,,,
KYRAW-00872,kentucky,historical_record_book,1950-1951,1951,1951-03-20,Louisville,Louisville,louisville,Yes,79,68,W,0,Neutral,NEUTRAL,,,,,NCAA Tournament,,NCAA_TOURNAMENT,Sweet Sixteen,173,Mar. 20 4 vs. Louisville 1/NR 79-68 W,resolved,,,,,,,
KYRAW-00873,kentucky,historical_record_book,1950-1951,1951,1951-03-22,St. John’s,St. John's,st-john-s,Yes,59,43,W,0,Neutral,NEUTRAL,,,,,NCAA Tournament,,NCAA_TOURNAMENT,Elite Eight,173,Mar. 22 5 vs. St. John’s 1/9 59-43 W,resolved,,,,,,,
KYRAW-00874,kentucky,historical_record_book,1950-1951,1951,1951-03-24,Illinois,Illinois,illinois,Yes,76,74,W,0,Neutral,NEUTRAL,,,,,NCAA Tournament,,NCAA_TOURNAMENT,Final Four,173,Mar. 24 5 vs. Illinois 1/5 76-74 W,resolved,,,,,,,
KYRAW-00875,kentucky,historical_record_book,1950-1951,1951,1951-03-27,Kansas State,Kansas State,kansas-state,Yes,68,58,W,0,Neutral,NEUTRAL,,,,,NCAA Tournament,,NCAA_TOURNAMENT,Championship,173,Mar. 27 6 vs. Kansas State 1/4 68-58 W,resolved,,,,,,,
KYRAW-00876,kentucky,historical_record_book,1951-1952,1952,1951-12-08,Washington & Lee,Washington & Lee,washington-lee,,96,46,W,0,Kentucky Home,SOURCE_PROGRAM_HOME,Memorial Coliseum,Memorial Coliseum,Lexington,KY,,,REGULAR_SEASON,,173,Dec. 8 WASHINGTON & LEE 96-46 W,resolved,,,,,,,
KYRAW-00877,kentucky,historical_record_book,1951-1952,1952,1951-12-10,Xavier,Xavier,xavier,Yes,97,72,W,0,Opponent Home,OPPONENT_HOME,,,,,,,REGULAR_SEASON,,173,Dec. 10 at Xavier 1/NR 97-72 W,resolved,,,,,,,
KYRAW-00878,kentucky,historical_record_book,1951-1952,1952,1951-12-13,Minnesota,Minnesota,minnesota,Yes,57,61,L,0,Opponent Home,OPPONENT_HOME,,,,,,,REGULAR_SEASON,,173,Dec. 13 at Minnesota 1/NR 57-61 L,resolved,,,,,,,
KYRAW-00879,kentucky,historical_record_book,1951-1952,1952,1951-12-17,St. John’s,St. John's,st-john-s,Yes,81,40,W,0,Kentucky Home,SOURCE_PROGRAM_HOME,Memorial Coliseum,Memorial Coliseum,Lexington,KY,,,REGULAR_SEASON,,173,Dec. 17 ST. JOHN’S 2/1 81-40 W,resolved,,,,,,,
KYRAW-00880,kentucky,historical_record_book,1951-1952,1952,1951-12-20,DePaul,DePaul,depaul,Yes,98,60,W,0,Kentucky Home,SOURCE_PROGRAM_HOME,Memorial Coliseum,Memorial Coliseum,Lexington,KY,,,REGULAR_SEASON,,173,Dec. 20 DePAUL 2/NR 98-60 W,resolved,,,,,,,
KYRAW-00881,kentucky,historical_record_book,1951-1952,1952,1951-12-26,UCLA,UCLA,ucla,Yes,84,53,W,0,Kentucky Home,SOURCE_PROGRAM_HOME,Memorial Coliseum,Memorial Coliseum,Lexington,KY,,,REGULAR_SEASON,,173,Dec. 26 UCLA 1/16 84-53 W,resolved,,,,,,,
KYRAW-00882,kentucky,historical_record_book,1951-1952,1952,1951-12-28,BYU,BYU,byu,Yes,84,64,W,0,Neutral,NEUTRAL,,,,,,,REGULAR_SEASON,,173,Dec. 28 1 vs. BYU 1/NR 84-64 W,resolved,,,,,,,
KYRAW-00883,kentucky,historical_record_book,1951-1952,1952,1951-12-29,Saint Louis,Saint Louis,saint-louis,Yes,60,61,L,0,Neutral,NEUTRAL,,,,,,,REGULAR_SEASON,,173,Dec. 29 1 vs. Saint Louis 1/12 60-61 L,resolved,,,,,,,
KYRAW-00884,kentucky,historical_record_book,1951-1952,1952,1952-01-03,Ole Miss,Ole Miss,ole-miss,Yes,116,58,W,0,Neutral,NEUTRAL,,,,,,,REGULAR_SEASON,,173,Jan. 3 2 vs. Ole Miss 4/NR 116-58 W,resolved,,,,,,,
KYRAW-00885,kentucky,historical_record_book,1951-1952,1952,1952-01-05,LSU,LSU,lsu,Yes,57,47,W,0,Kentucky Home,SOURCE_PROGRAM_HOME,Memorial Coliseum,Memorial Coliseum,Lexington,KY,,,REGULAR_SEASON,,173,Jan. 5 * LSU 4/NR 57-47 W,resolved,,,,,,,
KYRAW-00886,kentucky,historical_record_book,1951-1952,1952,1952-01-07,Xavier,Xavier,xavier,Yes,83,50,W,0,Kentucky Home,SOURCE_PROGRAM_HOME,Memorial Coliseum,Memorial Coliseum,Lexington,KY,,,REGULAR_SEASON,,173,Jan. 7 XAVIER 4/NR 83-50 W,resolved,,,,,,,
KYRAW-00887,kentucky,historical_record_book,1951-1952,1952,1952-01-12,Florida,Florida,florida,Yes,99,52,W,0,Opponent Home,OPPONENT_HOME,,,,,,,REGULAR_SEASON,,173,Jan. 12 * at Florida 3/NR 99-52 W,resolved,,,,,,,
KYRAW-00888,kentucky,historical_record_book,1951-1952,1952,1952-01-14,Georgia,Georgia,georgia,Yes,95,55,W,0,Neutral,NEUTRAL,,,,,,,REGULAR_SEASON,,173,Jan. 14 3* vs. Georgia 3/NR 95-55 W,resolved,,,,,,,
KYRAW-00889,kentucky,historical_record_book,1951-1952,1952,1952-01-19,Tennessee,Tennessee,tennessee,Yes,65,56,W,0,Opponent Home,OPPONENT_HOME,,,,,,,REGULAR_SEASON,,173,Jan. 19 * at Tennessee 3/NR 65-56 W,resolved,,,,,,,
KYRAW-00890,kentucky,historical_record_book,1951-1952,1952,1952-01-21,Georgia Tech,Georgia Tech,georgia-tech,Yes,96,51,W,0,Opponent Home,OPPONENT_HOME,,,,,,,REGULAR_SEASON,,173,Jan. 21 * at Georgia Tech 3/NR 96-51 W,resolved,,,,,,,
KYRAW-00891,kentucky,historical_record_book,1951-1952,1952,1952-01-26,Alabama,Alabama,alabama,Yes,71,67,W,0,Opponent Home,OPPONENT_HOME,,,,,,,REGULAR_SEASON,,173,Jan. 26 * at Alabama 3/NR 71-67 W,resolved,,,,,,,
KYRAW-00892,kentucky,historical_record_book,1951-1952,1952,1952-01-28,Vanderbilt,Vanderbilt,vanderbilt,Yes,88,51,W,0,Opponent Home,OPPONENT_HOME,,,,,,,REGULAR_SEASON,,173,Jan. 28 * at Vanderbilt 3/NR 88-51 W,resolved,,,,,,,
KYRAW-00893,kentucky,historical_record_book,1951-1952,1952,1952-01-30,Auburn,Auburn,auburn,Yes,88,48,W,0,Opponent Home,OPPONENT_HOME,,,,,,,REGULAR_SEASON,,173,Jan. 30 * at Auburn 1/NR 88-48 W,resolved,,,,,,,
KYRAW-00894,kentucky,historical_record_book,1951-1952,1952,1952-02-02,Notre Dame,Notre Dame,notre-dame,Yes,71,66,W,0,Neutral,NEUTRAL,,,,,,,REGULAR_SEASON,,173,Feb. 2 4 vs. Notre Dame 1/NR 71-66 W,resolved,,,,,,,
KYRAW-00895,kentucky,historical_record_book,1951-1952,1952,1952-02-04,Tulane,Tulane,tulane,Yes,103,54,W,0,Kentucky Home,SOURCE_PROGRAM_HOME,Memorial Coliseum,Memorial Coliseum,Lexington,KY,,,REGULAR_SEASON,,173,Feb. 4 * TULANE 1/NR 103-54 W,resolved,,,,,,,
KYRAW-00896,kentucky,historical_record_book,1951-1952,1952,1952-02-06,Ole Miss,Ole Miss,ole-miss,Yes,81,61,W,0,Kentucky Home,SOURCE_PROGRAM_HOME,Memorial Coliseum,Memorial Coliseum,Lexington,KY,,,REGULAR_SEASON,,173,Feb. 6 * OLE MISS 1/NR 81-61 W,resolved,,,,,,,
KYRAW-00897,kentucky,historical_record_book,1951-1952,1952,1952-02-09,Georgia Tech,Georgia Tech,georgia-tech,Yes,93,42,W,0,Kentucky Home,SOURCE_PROGRAM_HOME,Memorial Coliseum,Memorial Coliseum,Lexington,KY,,,REGULAR_SEASON,,173,Feb. 9 * GEORGIA TECH 1/NR 93-42 W,resolved,,,,,,,
KYRAW-00898,kentucky,historical_record_book,1951-1952,1952,1952-02-11,Mississippi State,Mississippi State,mississippi-state,Yes,110,66,W,0,Kentucky Home,SOURCE_PROGRAM_HOME,Memorial Coliseum,Memorial Coliseum,Lexington,KY,,,REGULAR_SEASON,,173,Feb. 11 * MISSISSIPPI STATE 1/NR 110-66 W,resolved,,,,,,,
KYRAW-00899,kentucky,historical_record_book,1951-1952,1952,1952-02-16,Tennessee,Tennessee,tennessee,Yes,95,40,W,0,Kentucky Home,SOURCE_PROGRAM_HOME,Memorial Coliseum,Memorial Coliseum,Lexington,KY,,,REGULAR_SEASON,,173,Feb. 16 * TENNESSEE 1/NR 95-40 W,resolved,,,,,,,
KYRAW-00900,kentucky,historical_record_book,1951-1952,1952,1952-02-21,Vanderbilt,Vanderbilt,vanderbilt,Yes,75,45,W,0,Kentucky Home,SOURCE_PROGRAM_HOME,Memorial Coliseum,Memorial Coliseum,Lexington,KY,,,REGULAR_SEASON,,173,Feb. 21 * VANDERBILT 1/NR 75-45 W,resolved,,,,,,,
KYRAW-00901,kentucky,historical_record_book,1951-1952,1952,1952-02-23,DePaul,DePaul,depaul,Yes,63,61,W,0,Opponent Home,OPPONENT_HOME,,,,,,,REGULAR_SEASON,,173,Feb. 23 at DePaul 1/NR 63-61 W,resolved,,,,,,,
KYRAW-00902,kentucky,historical_record_book,1951-1952,1952,1952-02-28,Georgia Tech,Georgia Tech,georgia-tech,Yes,80,59,W,0,Neutral,NEUTRAL,,,,,SEC Tournament,,CONFERENCE_TOURNAMENT,,173,Feb. 28 3 vs. Georgia Tech 1/NR 80-59 W,resolved,,,,,,,
KYRAW-00903,kentucky,historical_record_book,1951-1952,1952,1952-02-29,Tulane,Tulane,tulane,Yes,85,61,W,0,Neutral,NEUTRAL,,,,,SEC Tournament,,CONFERENCE_TOURNAMENT,,173,Feb. 29 3 vs. Tulane 1/NR 85-61 W,resolved,,,,,,,
KYRAW-00904,kentucky,historical_record_book,1951-1952,1952,1952-03-01,Tennessee,Tennessee,tennessee,Yes,81,66,W,0,Neutral,NEUTRAL,,,,,SEC Tournament,,CONFERENCE_TOURNAMENT,,173,Mar. 1 3 vs. Tennessee 1/NR 81-66 W,resolved,,,,,,,
KYRAW-00905,kentucky,historical_record_book,1951-1952,1952,1952-03-01,LSU,LSU,lsu,Yes,44,43,W,0,Neutral,NEUTRAL,,,,,SEC Tournament,,CONFERENCE_TOURNAMENT,Championship,173,Mar. 1 3 vs. LSU 1/NR 44-43 W,resolved,,,,,,,
KYRAW-00906,kentucky,historical_record_book,1951-1952,1952,1952-03-21,Penn State,Penn State,penn-state,Yes,82,54,W,0,Neutral,NEUTRAL,,,,,NCAA Tournament,,NCAA_TOURNAMENT,Sweet Sixteen,173,Mar. 21 5 vs. Penn State 1/NR 82-54 W,resolved,,,,,,,
KYRAW-00907,kentucky,historical_record_book,1951-1952,1952,1952-03-22,St. John’s,St. John's,st-john-s,Yes,57,64,L,0,Neutral,NEUTRAL,,,,,NCAA Tournament,,NCAA_TOURNAMENT,Elite Eight,173,Mar. 22 5 vs. St. John’s 1/10 57-64 L,resolved,,,,,,,
KYRAW-00908,kentucky,historical_record_book,1953-1954,1954,1953-12-05,Temple,Temple,temple,Yes,86,59,W,0,Kentucky Home,SOURCE_PROGRAM_HOME,Memorial Coliseum,Memorial Coliseum,Lexington,KY,,,REGULAR_SEASON,,174,Dec. 5 TEMPLE 86-59 W,resolved,,,,,,,
KYRAW-00909,kentucky,historical_record_book,1953-1954,1954,1953-12-12,Xavier,Xavier,xavier,Yes,81,66,W,0,Opponent Home,OPPONENT_HOME,,,,,,,REGULAR_SEASON,,174,Dec. 12 at Xavier 2/NR 81-66 W,resolved,,,,,,,
KYRAW-00910,kentucky,historical_record_book,1953-1954,1954,1953-12-14,Wake Forest,Wake Forest,wake-forest,Yes,101,69,W,0,Kentucky Home,SOURCE_PROGRAM_HOME,Memorial Coliseum,Memorial Coliseum,Lexington,KY,,,REGULAR_SEASON,,174,Dec. 14 WAKE FOREST 2/NR 101-69 W,resolved,,,,,,,
KYRAW-00911,kentucky,historical_record_book,1953-1954,1954,1953-12-18,Saint Louis,Saint Louis,saint-louis,Yes,71,59,W,0,Opponent Home,OPPONENT_HOME,,,,,,,REGULAR_SEASON,,174,Dec. 18 at Saint Louis 2/NR 71-59 W,resolved,,,,,,,
KYRAW-00912,kentucky,historical_record_book,1953-1954,1954,1953-12-21,Duke,Duke,duke,Yes,85,69,W,0,Kentucky Home,SOURCE_PROGRAM_HOME,Memorial Coliseum,Memorial Coliseum,Lexington,KY,,,REGULAR_SEASON,,174,Dec. 21 1 DUKE 2/13 85-69 W,resolved,,,,,,,
KYRAW-00913,kentucky,historical_record_book,1953-1954,1954,1953-12-22,LaSalle,La Salle,la-salle,Yes,73,60,W,0,Kentucky Home,SOURCE_PROGRAM_HOME,Memorial Coliseum,Memorial Coliseum,Lexington,KY,,,REGULAR_SEASON,,174,Dec. 22 1 LASALLE 2/16 73-60 W,resolved,,,,,,,
KYRAW-00914,kentucky,historical_record_book,1953-1954,1954,1953-12-28,Minnesota,Minnesota,minnesota,Yes,74,59,W,0,Kentucky Home,SOURCE_PROGRAM_HOME,Memorial Coliseum,Memorial Coliseum,Lexington,KY,,,REGULAR_SEASON,,174,Dec. 28 MINNESOTA 2/8 74-59 W,resolved,,,,,,,
KYRAW-00915,kentucky,historical_record_book,1953-1954,1954,1954-01-04,Xavier,Xavier,xavier,Yes,77,71,W,0,Kentucky Home,SOURCE_PROGRAM_HOME,Memorial Coliseum,Memorial Coliseum,Lexington,KY,,,REGULAR_SEASON,,174,Jan. 4 XAVIER 1/NR 77-71 W,resolved,,,,,,,
KYRAW-00916,kentucky,historical_record_book,1953-1954,1954,1954-01-09,Georgia Tech,Georgia Tech,georgia-tech,Yes,105,53,W,0,Kentucky Home,SOURCE_PROGRAM_HOME,Memorial Coliseum,Memorial Coliseum,Lexington,KY,,,REGULAR_SEASON,,174,Jan. 9 * GEORGIA TECH 1/NR 105-53 W,resolved,,,,,,,
KYRAW-00917,kentucky,historical_record_book,1953-1954,1954,1954-01-11,DePaul,DePaul,depaul,Yes,81,63,W,0,Kentucky Home,SOURCE_PROGRAM_HOME,Memorial Coliseum,Memorial Coliseum,Lexington,KY,,,REGULAR_SEASON,,174,Jan. 11 DePAUL 1/NR 81-63 W,resolved,,,,,,,
KYRAW-00918,kentucky,historical_record_book,1953-1954,1954,1954-01-16,Tulane,Tulane,tulane,Yes,94,43,W,0,Kentucky Home,SOURCE_PROGRAM_HOME,Memorial Coliseum,Memorial Coliseum,Lexington,KY,,,REGULAR_SEASON,,174,Jan. 16 * TULANE 1/NR 94-43 W,resolved,,,,,,,
KYRAW-00919,kentucky,historical_record_book,1953-1954,1954,1954-01-23,Tennessee,Tennessee,tennessee,Yes,97,71,W,0,Opponent Home,OPPONENT_HOME,,,,,,,REGULAR_SEASON,,174,Jan. 23 * at Tennessee 1/NR 97-71 W,resolved,,,,,,,
KYRAW-00920,kentucky,historical_record_book,1953-1954,1954,1954-01-30,Vanderbilt,Vanderbilt,vanderbilt,Yes,85,63,W,0,Opponent Home,OPPONENT_HOME,,,,,,,REGULAR_SEASON,,174,Jan. 30 * at Vanderbilt 1/NR 85-63 W,resolved,,,,,,,
KYRAW-00921,kentucky,historical_record_book,1953-1954,1954,1954-02-02,Georgia Tech,Georgia Tech,georgia-tech,Yes,99,48,W,0,Neutral,NEUTRAL,,,,,,,REGULAR_SEASON,,174,Feb. 2 2* vs. Georgia Tech 1/NR 99-48 W,resolved,,,,,,,
KYRAW-00922,kentucky,historical_record_book,1953-1954,1954,1954-02-04,Georgia,Georgia,georgia,Yes,106,55,W,0,Kentucky Home,SOURCE_PROGRAM_HOME,Memorial Coliseum,Memorial Coliseum,Lexington,KY,,,REGULAR_SEASON,,174,Feb. 4 * GEORGIA 1/NR 106-55 W,resolved,,,,,,,
KYRAW-00923,kentucky,historical_record_book,1953-1954,1954,1954-02-06,Georgia,Georgia,georgia,Yes,100,68,W,0,Neutral,NEUTRAL,,,,,,,REGULAR_SEASON,,174,Feb. 6 3* vs. Georgia 1/NR 100-68 W,resolved,,,,,,,
KYRAW-00924,kentucky,historical_record_book,1953-1954,1954,1954-02-08,Florida,Florida,florida,Yes,97,55,W,0,Opponent Home,OPPONENT_HOME,,,,,,,REGULAR_SEASON,,174,Feb. 8 * at Florida 1/NR 97-55 W,resolved,,,,,,,
KYRAW-00925,kentucky,historical_record_book,1953-1954,1954,1954-02-13,Ole Miss,Ole Miss,ole-miss,Yes,88,62,W,0,Kentucky Home,SOURCE_PROGRAM_HOME,Memorial Coliseum,Memorial Coliseum,Lexington,KY,,,REGULAR_SEASON,,174,Feb. 13 * OLE MISS 1/NR 88-62 W,resolved,,,,,,,
KYRAW-00926,kentucky,historical_record_book,1953-1954,1954,1954-02-15,Mississippi State,Mississippi State,mississippi-state,Yes,81,49,W,0,Kentucky Home,SOURCE_PROGRAM_HOME,Memorial Coliseum,Memorial Coliseum,Lexington,KY,,,REGULAR_SEASON,,174,Feb. 15 * MISSISSIPPI STATE 1/NR 81-49 W,resolved,,,,,,,
KYRAW-00927,kentucky,historical_record_book,1953-1954,1954,1954-02-18,Tennessee,Tennessee,tennessee,Yes,90,63,W,0,Kentucky Home,SOURCE_PROGRAM_HOME,Memorial Coliseum,Memorial Coliseum,Lexington,KY,,,REGULAR_SEASON,,174,Feb. 18 * TENNESSEE 2/NR 90-63 W,resolved,,,,,,,
KYRAW-00928,kentucky,historical_record_book,1953-1954,1954,1954-02-20,DePaul,DePaul,depaul,Yes,76,61,W,0,Opponent Home,OPPONENT_HOME,,,,,,,REGULAR_SEASON,,174,Feb. 20 at DePaul 2/NR 76-61 W,resolved,,,,,,,
KYRAW-00929,kentucky,historical_record_book,1953-1954,1954,1954-02-22,Vanderbilt,Vanderbilt,vanderbilt,Yes,100,64,W,0,Kentucky Home,SOURCE_PROGRAM_HOME,Memorial Coliseum,Memorial Coliseum,Lexington,KY,,,REGULAR_SEASON,,174,Feb. 22 * VANDERBILT 2/NR 100-64 W,resolved,,,,,,,
KYRAW-00930,kentucky,historical_record_book,1953-1954,1954,1954-02-27,Auburn,Auburn,auburn,Yes,109,79,W,0,Neutral,NEUTRAL,,,,,,,REGULAR_SEASON,,174,Feb. 27 4* vs. Auburn 2/NR 109-79 W,resolved,,,,,,,
KYRAW-00931,kentucky,historical_record_book,1953-1954,1954,1954-03-01,Alabama,Alabama,alabama,Yes,68,43,W,0,Opponent Home,OPPONENT_HOME,,,,,,,REGULAR_SEASON,,174,Mar. 1 * at Alabama 2/NR 68-43 W,resolved,,,,,,,
KYRAW-00932,kentucky,historical_record_book,1953-1954,1954,1954-03-09,LSU,LSU,lsu,Yes,63,56,W,0,Neutral,NEUTRAL,,,,,,,REGULAR_SEASON,,174,Mar. 9 5 vs. LSU 1/8 63-56 W,resolved,,,,,,,
KYRAW-00933,kentucky,historical_record_book,1954-1955,1955,1954-12-04,LSU,LSU,lsu,Yes,74,58,W,0,Kentucky Home,SOURCE_PROGRAM_HOME,Memorial Coliseum,Memorial Coliseum,Lexington,KY,,,REGULAR_SEASON,,174,Dec. 4 LSU 74-58 W,resolved,,,,,,,
KYRAW-00934,kentucky,historical_record_book,1954-1955,1955,1954-12-11,Xavier,Xavier,xavier,Yes,73,69,W,0,Opponent Home,OPPONENT_HOME,,,,,,,REGULAR_SEASON,,174,Dec. 11 at Xavier 2/NR 73-69 W,resolved,,,,,,,
KYRAW-00935,kentucky,historical_record_book,1954-1955,1955,1954-12-18,Temple,Temple,temple,Yes,79,61,W,0,Kentucky Home,SOURCE_PROGRAM_HOME,Memorial Coliseum,Memorial Coliseum,Lexington,KY,,,REGULAR_SEASON,,174,Dec. 18 TEMPLE 2/NR 79-61 W,resolved,,,,,,,
KYRAW-00936,kentucky,historical_record_book,1954-1955,1955,1954-12-21,Utah,Utah,utah,Yes,70,65,W,0,Kentucky Home,SOURCE_PROGRAM_HOME,Memorial Coliseum,Memorial Coliseum,Lexington,KY,,,REGULAR_SEASON,,174,Dec. 21 1 UTAH 1/2 70-65 W,resolved,,,,,,,
KYRAW-00937,kentucky,historical_record_book,1954-1955,1955,1954-12-22,LaSalle,La Salle,la-salle,Yes,63,54,W,0,Kentucky Home,SOURCE_PROGRAM_HOME,Memorial Coliseum,Memorial Coliseum,Lexington,KY,,,REGULAR_SEASON,,174,Dec. 22 1 LASALLE 1/4 63-54 W,resolved,,,,,,,
KYRAW-00938,kentucky,historical_record_book,1954-1955,1955,1954-12-30,Saint Louis,Saint Louis,saint-louis,Yes,82,65,W,0,Kentucky Home,SOURCE_PROGRAM_HOME,Memorial Coliseum,Memorial Coliseum,Lexington,KY,,,REGULAR_SEASON,,174,Dec. 30 SAINT LOUIS 1/NR 82-65 W,resolved,,,,,,,
KYRAW-00939,kentucky,historical_record_book,1954-1955,1955,1955-01-01,Temple,Temple,temple,Yes,101,69,W,0,Opponent Home,OPPONENT_HOME,,,,,,,REGULAR_SEASON,,174,Jan. 1 at Temple 1/NR 101-69 W,resolved,,,,,,,
KYRAW-00940,kentucky,historical_record_book,1954-1955,1955,1955-01-08,Georgia Tech,Georgia Tech,georgia-tech,Yes,58,59,L,0,Kentucky Home,SOURCE_PROGRAM_HOME,Memorial Coliseum,Memorial Coliseum,Lexington,KY,,,REGULAR_SEASON,,174,Jan. 8 * GEORGIA TECH 1/NR 58-59 L,resolved,,,,,,,
KYRAW-00941,kentucky,historical_record_book,1954-1955,1955,1955-01-10,DePaul,DePaul,depaul,Yes,92,59,W,0,Kentucky Home,SOURCE_PROGRAM_HOME,Memorial Coliseum,Memorial Coliseum,Lexington,KY,,,REGULAR_SEASON,,174,Jan. 10 DePAUL 1/NR 92-59 W,resolved,,,,,,,
KYRAW-00942,kentucky,historical_record_book,1954-1955,1955,1955-01-15,Tulane,Tulane,tulane,Yes,58,44,W,0,Opponent Home,OPPONENT_HOME,,,,,,,REGULAR_SEASON,,174,Jan. 15 * at Tulane 1/NR 58-44 W,resolved,,,,,,,
KYRAW-00943,kentucky,historical_record_book,1954-1955,1955,1955-01-17,LSU,LSU,lsu,Yes,64,62,W,0,Opponent Home,OPPONENT_HOME,,,,,,,REGULAR_SEASON,,174,Jan. 17 * at LSU 1/NR 64-62 W,resolved,,,,,,,
KYRAW-00944,kentucky,historical_record_book,1954-1955,1955,1955-01-22,Tennessee,Tennessee,tennessee,Yes,84,66,W,0,Opponent Home,OPPONENT_HOME,,,,,,,REGULAR_SEASON,,174,Jan. 22 * at Tennessee 1/NR 84-66 W,resolved,,,,,,,
KYRAW-00945,kentucky,historical_record_book,1954-1955,1955,1955-01-29,Vanderbilt,Vanderbilt,vanderbilt,Yes,75,71,W,0,Opponent Home,OPPONENT_HOME,,,,,,,REGULAR_SEASON,,174,Jan. 29 * at Vanderbilt 1/18 75-71 W,resolved,,,,,,,
KYRAW-00946,kentucky,historical_record_book,1954-1955,1955,1955-01-31,Georgia Tech,Georgia Tech,georgia-tech,Yes,59,65,L,0,Opponent Home,OPPONENT_HOME,,,,,,,REGULAR_SEASON,,174,Jan. 31 * at Georgia Tech 1/NR 59-65 L,resolved,,,,,,,
KYRAW-00947,kentucky,historical_record_book,1954-1955,1955,1955-02-03,Florida,Florida,florida,Yes,87,63,W,0,Kentucky Home,SOURCE_PROGRAM_HOME,Memorial Coliseum,Memorial Coliseum,Lexington,KY,,,REGULAR_SEASON,,174,Feb. 3 * FLORIDA 1/NR 87-63 W,resolved,,,,,,,
KYRAW-00948,kentucky,historical_record_book,1954-1955,1955,1955-02-05,Ole Miss,Ole Miss,ole-miss,Yes,84,66,W,0,Neutral,NEUTRAL,,,,,,,REGULAR_SEASON,,174,Feb. 5 2* vs. Ole Miss 1/NR 84-66 W,resolved,,,,,,,
KYRAW-00949,kentucky,historical_record_book,1954-1955,1955,1955-02-07,Mississippi State,Mississippi State,mississippi-state,Yes,61,56,W,0,Opponent Home,OPPONENT_HOME,,,,,,,REGULAR_SEASON,,174,Feb. 7 * at Mississippi State 1/NR 61-56 W,resolved,,,,,,,
KYRAW-00950,kentucky,historical_record_book,1954-1955,1955,1955-02-09,Georgia,Georgia,georgia,Yes,86,40,W,0,Kentucky Home,SOURCE_PROGRAM_HOME,Memorial Coliseum,Memorial Coliseum,Lexington,KY,,,REGULAR_SEASON,,174,Feb. 9 * GEORGIA 2/NR 86-40 W,resolved,,,,,,,
KYRAW-00951,kentucky,historical_record_book,1954-1955,1955,1955-02-14,Xavier,Xavier,xavier,Yes,66,55,W,0,Kentucky Home,SOURCE_PROGRAM_HOME,Memorial Coliseum,Memorial Coliseum,Lexington,KY,,,REGULAR_SEASON,,174,Feb. 14 XAVIER 2/NR 66-55 W,resolved,,,,,,,
KYRAW-00952,kentucky,historical_record_book,1954-1955,1955,1955-02-19,DePaul,DePaul,depaul,Yes,76,72,W,0,Opponent Home,OPPONENT_HOME,,,,,,,REGULAR_SEASON,,174,Feb. 19 at DePaul 2/NR 76-72 W,resolved,,,,,,,
KYRAW-00953,kentucky,historical_record_book,1954-1955,1955,1955-02-21,Vanderbilt,Vanderbilt,vanderbilt,Yes,77,59,W,0,Kentucky Home,SOURCE_PROGRAM_HOME,Memorial Coliseum,Memorial Coliseum,Lexington,KY,,,REGULAR_SEASON,,174,Feb. 21 * VANDERBILT 2/20 77-59 W,resolved,,,,,,,
KYRAW-00954,kentucky,historical_record_book,1954-1955,1955,1955-02-26,Auburn,Auburn,auburn,Yes,93,59,W,0,Kentucky Home,SOURCE_PROGRAM_HOME,Memorial Coliseum,Memorial Coliseum,Lexington,KY,,,REGULAR_SEASON,,174,Feb. 26 * AUBURN 2/NR 93-59 W,resolved,,,,,,,
KYRAW-00955,kentucky,historical_record_book,1954-1955,1955,1955-02-28,Alabama,Alabama,alabama,Yes,66,52,W,0,Kentucky Home,SOURCE_PROGRAM_HOME,Memorial Coliseum,Memorial Coliseum,Lexington,KY,,,REGULAR_SEASON,,174,Feb. 28 * ALABAMA 2/12 66-52 W,resolved,,,,,,,
KYRAW-00956,kentucky,historical_record_book,1954-1955,1955,1955-03-05,Tennessee,Tennessee,tennessee,Yes,104,61,W,0,Kentucky Home,SOURCE_PROGRAM_HOME,Memorial Coliseum,Memorial Coliseum,Lexington,KY,,,REGULAR_SEASON,,174,Mar. 5 * TENNESSEE 2/NR 104-61 W,resolved,,,,,,,
KYRAW-00957,kentucky,historical_record_book,1954-1955,1955,1955-03-11,Marquette,Marquette,marquette,Yes,71,79,L,0,Neutral,NEUTRAL,,,,,NCAA Tournament,,NCAA_TOURNAMENT,Sweet Sixteen,174,Mar. 11 3 vs. Marquette 2/8 71-79 L,resolved,,,,,,,
KYRAW-00958,kentucky,historical_record_book,1954-1955,1955,1955-03-12,Penn State,Penn State,penn-state,Yes,84,59,W,0,Neutral,NEUTRAL,,,,,NCAA Tournament,,NCAA_TOURNAMENT,,174,Mar. 12 3 vs. Penn State 2/NR 84-59 W,resolved,,,,,,,
KYRAW-00959,kentucky,historical_record_book,1955-1956,1956,1955-12-03,LSU,LSU,lsu,Yes,62,52,W,0,Opponent Home,OPPONENT_HOME,,,,,,,REGULAR_SEASON,,174,Dec. 3 at LSU 62-52 W,resolved,,,,,,,
KYRAW-00960,kentucky,historical_record_book,1955-1956,1956,1955-12-10,Temple,Temple,temple,Yes,61,73,L,0,Kentucky Home,SOURCE_PROGRAM_HOME,Memorial Coliseum,Memorial Coliseum,Lexington,KY,,,REGULAR_SEASON,,174,Dec. 10 TEMPLE 2/NR 61-73 L,resolved,,,,,,,
KYRAW-00961,kentucky,historical_record_book,1955-1956,1956,1955-12-12,DePaul,DePaul,depaul,Yes,71,69,W,0,Kentucky Home,SOURCE_PROGRAM_HOME,Memorial Coliseum,Memorial Coliseum,Lexington,KY,,,REGULAR_SEASON,,174,Dec. 12 DePAUL 2/NR 71-69 W,resolved,,,,,,,
KYRAW-00962,kentucky,historical_record_book,1955-1956,1956,1955-12-15,Maryland,Maryland,maryland,Yes,62,61,W,0,Opponent Home,OPPONENT_HOME,,,,,,,REGULAR_SEASON,,174,Dec. 15 at Maryland 12/NR 62-61 W,resolved,,,,,,,
KYRAW-00963,kentucky,historical_record_book,1955-1956,1956,1955-12-17,Idaho,Idaho,idaho,Yes,91,49,W,0,Kentucky Home,SOURCE_PROGRAM_HOME,Memorial Coliseum,Memorial Coliseum,Lexington,KY,,,REGULAR_SEASON,,174,Dec. 17 IDAHO 12/NR 91-49 W,resolved,,,,,,,
KYRAW-00964,kentucky,historical_record_book,1955-1956,1956,1955-12-20,Minnesota,Minnesota,minnesota,Yes,72,65,W,0,Kentucky Home,SOURCE_PROGRAM_HOME,Memorial Coliseum,Memorial Coliseum,Lexington,KY,,,REGULAR_SEASON,,174,Dec. 20 1 MINNESOTA 9/NR 72-65 W,resolved,,,,,,,
KYRAW-00965,kentucky,historical_record_book,1955-1956,1956,1955-12-21,Dayton,Dayton,dayton,Yes,74,89,L,0,Kentucky Home,SOURCE_PROGRAM_HOME,Memorial Coliseum,Memorial Coliseum,Lexington,KY,,,REGULAR_SEASON,,174,Dec. 21 1 DAYTON 9/4 74-89 L,resolved,,,,,,,
KYRAW-00966,kentucky,historical_record_book,1955-1956,1956,1955-12-28,Saint Louis,Saint Louis,saint-louis,Yes,101,80,W,0,Opponent Home,OPPONENT_HOME,,,,,,,REGULAR_SEASON,,174,Dec. 28 at Saint Louis 13/NR 101-80 W,resolved,,,,,,,
KYRAW-00967,kentucky,historical_record_book,1955-1956,1956,1956-01-07,Georgia Tech,Georgia Tech,georgia-tech,Yes,104,51,W,0,Kentucky Home,SOURCE_PROGRAM_HOME,Memorial Coliseum,Memorial Coliseum,Lexington,KY,,,REGULAR_SEASON,,174,Jan. 7 * GEORGIA TECH 6/NR 104-51 W,resolved,,,,,,,
KYRAW-00968,kentucky,historical_record_book,1955-1956,1956,1956-01-12,Tulane,Tulane,tulane,Yes,85,63,W,0,Kentucky Home,SOURCE_PROGRAM_HOME,Memorial Coliseum,Memorial Coliseum,Lexington,KY,,,REGULAR_SEASON,,174,Jan. 12 * TULANE 5/NR 85-63 W,resolved,,,,,,,
KYRAW-00969,kentucky,historical_record_book,1955-1956,1956,1956-01-14,LSU,LSU,lsu,Yes,107,65,W,0,Kentucky Home,SOURCE_PROGRAM_HOME,Memorial Coliseum,Memorial Coliseum,Lexington,KY,,,REGULAR_SEASON,,174,Jan. 14 * LSU 5/NR 107-65 W,resolved,,,,,,,
KYRAW-00970,kentucky,historical_record_book,1955-1956,1956,1956-01-21,Tennessee,Tennessee,tennessee,Yes,95,68,W,0,Opponent Home,OPPONENT_HOME,,,,,,,REGULAR_SEASON,,174,Jan. 21 * at Tennessee 4/NR 95-68 W,resolved,,,,,,,
KYRAW-00971,kentucky,historical_record_book,1955-1956,1956,1956-01-28,Vanderbilt,Vanderbilt,vanderbilt,Yes,73,81,L,0,Opponent Home,OPPONENT_HOME,,,,,,,REGULAR_SEASON,,174,Jan. 28 * at Vanderbilt 3/7 73-81 L,resolved,,,,,,,
KYRAW-00972,kentucky,historical_record_book,1955-1956,1956,1956-01-30,Georgia Tech,Georgia Tech,georgia-tech,Yes,84,62,W,0,Opponent Home,OPPONENT_HOME,,,,,,,REGULAR_SEASON,,174,Jan. 30 * at Georgia Tech 3/NR 84-62 W,resolved,,,,,,,
KYRAW-00973,kentucky,historical_record_book,1955-1956,1956,1956-02-01,Duke,Duke,duke,Yes,81,76,W,0,Kentucky Home,SOURCE_PROGRAM_HOME,Memorial Coliseum,Memorial Coliseum,Lexington,KY,,,REGULAR_SEASON,,174,Feb. 1 DUKE 8/10 81-76 W,resolved,,,,,,,
KYRAW-00974,kentucky,historical_record_book,1955-1956,1956,1956-02-04,Auburn,Auburn,auburn,Yes,82,81,W,0,Neutral,NEUTRAL,,,,,,,REGULAR_SEASON,,174,Feb. 4 2* vs. Auburn 8/NR 82-81 W,resolved,,,,,,,
KYRAW-00975,kentucky,historical_record_book,1955-1956,1956,1956-02-06,Florida,Florida,florida,Yes,81,70,W,0,Opponent Home,OPPONENT_HOME,,,,,,,REGULAR_SEASON,,174,Feb. 6 * at Florida 8/NR 81-70 W,resolved,,,,,,,
KYRAW-00976,kentucky,historical_record_book,1955-1956,1956,1956-02-11,Ole Miss,Ole Miss,ole-miss,Yes,88,49,W,0,Kentucky Home,SOURCE_PROGRAM_HOME,Memorial Coliseum,Memorial Coliseum,Lexington,KY,,,REGULAR_SEASON,,174,Feb. 11 * OLE MISS 7/NR 88-49 W,resolved,,,,,,,
KYRAW-00977,kentucky,historical_record_book,1955-1956,1956,1956-02-13,Mississippi State,Mississippi State,mississippi-state,Yes,86,65,W,0,Kentucky Home,SOURCE_PROGRAM_HOME,Memorial Coliseum,Memorial Coliseum,Lexington,KY,,,REGULAR_SEASON,,174,Feb. 13 * MISSISSIPPI STATE 7/NR 86-65 W,resolved,,,,,,,
KYRAW-00978,kentucky,historical_record_book,1955-1956,1956,1956-02-18,DePaul,DePaul,depaul,Yes,79,81,L,0,Opponent Home,OPPONENT_HOME,,,,,,,REGULAR_SEASON,,174,Feb. 18 at DePaul 7/NR 79-81 L,resolved,,,,,,,
KYRAW-00979,kentucky,historical_record_book,1955-1956,1956,1956-02-20,Vanderbilt,Vanderbilt,vanderbilt,Yes,76,55,W,0,Kentucky Home,SOURCE_PROGRAM_HOME,Memorial Coliseum,Memorial Coliseum,Lexington,KY,,,REGULAR_SEASON,,174,Feb. 20 * VANDERBILT 7/6 76-55 W,resolved,,,,,,,
KYRAW-00980,kentucky,historical_record_book,1955-1956,1956,1956-02-25,Alabama,Alabama,alabama,Yes,77,101,L,0,Neutral,NEUTRAL,,,,,,,REGULAR_SEASON,,174,Feb. 25 2* vs. Alabama 8/7 77-101 L,resolved,,,,,,,
KYRAW-00981,kentucky,historical_record_book,1955-1956,1956,1956-02-27,Georgia,Georgia,georgia,Yes,143,66,W,0,Neutral,NEUTRAL,,,,,,,REGULAR_SEASON,,174,Feb. 27 3* vs. Georgia 8/NR 143-66 W,resolved,,,,,,,
KYRAW-00982,kentucky,historical_record_book,1955-1956,1956,1956-03-03,Tennessee,Tennessee,tennessee,Yes,101,77,W,0,Kentucky Home,SOURCE_PROGRAM_HOME,Memorial Coliseum,Memorial Coliseum,Lexington,KY,,,REGULAR_SEASON,,174,Mar. 3 * TENNESSEE 12/NR 101-77 W,resolved,,,,,,,
KYRAW-00983,kentucky,historical_record_book,1955-1956,1956,1956-03-16,Wayne,Wayne,wayne,,84,64,W,0,Neutral,NEUTRAL,,,,,NCAA Tournament,,NCAA_TOURNAMENT,Sweet Sixteen,174,Mar. 16 3 vs. Wayne 9/NR 84-64 W,resolved,,,,,,,
KYRAW-00984,kentucky,historical_record_book,1955-1956,1956,1956-03-17,Iowa,Iowa,iowa,Yes,77,89,L,0,Opponent Home,OPPONENT_HOME,,,,,NCAA Tournament,,NCAA_TOURNAMENT,Elite Eight,174,Mar. 17 3 at Iowa 9/4 77-89 L,resolved,,,,,,,
KYRAW-00985,kentucky,historical_record_book,1956-1957,1957,1956-12-01,Washington & Lee,Washington & Lee,washington-lee,,94,66,W,0,Kentucky Home,SOURCE_PROGRAM_HOME,Memorial Coliseum,Memorial Coliseum,Lexington,KY,,,REGULAR_SEASON,,174,Dec. 1 WASHINGTON & LEE 94-66 W,resolved,,,,,,,
KYRAW-00986,kentucky,historical_record_book,1956-1957,1957,1956-12-03,Miami (Fla.),Miami,miami,Yes,114,75,W,0,Kentucky Home,SOURCE_PROGRAM_HOME,Memorial Coliseum,Memorial Coliseum,Lexington,KY,,,REGULAR_SEASON,,174,"Dec. 3 MIAMI, FLA. 114-75 W",resolved,,,,,,,
KYRAW-00987,kentucky,historical_record_book,1956-1957,1957,1956-12-08,Temple,Temple,temple,Yes,73,58,W,0,Opponent Home,OPPONENT_HOME,,,,,,,REGULAR_SEASON,,174,Dec. 8 at Temple 73-58 W,resolved,,,,,,,
KYRAW-00988,kentucky,historical_record_book,1956-1957,1957,1956-12-10,Saint Louis,Saint Louis,saint-louis,Yes,70,71,L,0,Kentucky Home,SOURCE_PROGRAM_HOME,Memorial Coliseum,Memorial Coliseum,Lexington,KY,,,REGULAR_SEASON,,175,Dec. 10 SAINT LOUIS 70-71 L 1,resolved,,,,,,,
KYRAW-00989,kentucky,historical_record_book,1956-1957,1957,1956-12-15,Maryland,Maryland,maryland,Yes,76,55,W,0,Kentucky Home,SOURCE_PROGRAM_HOME,Memorial Coliseum,Memorial Coliseum,Lexington,KY,,,REGULAR_SEASON,,175,Dec. 15 MARYLAND 3/NR 76-55 W 2,resolved,,,,,,,
KYRAW-00990,kentucky,historical_record_book,1956-1957,1957,1956-12-18,Duke,Duke,duke,Yes,84,85,L,0,Opponent Home,OPPONENT_HOME,,,,,,,REGULAR_SEASON,,175,Dec. 18 at Duke 7/13 84-85 L 3,resolved,,,,,,,
KYRAW-00991,kentucky,historical_record_book,1956-1957,1957,1956-12-21,SMU,SMU,smu,Yes,73,67,W,0,Kentucky Home,SOURCE_PROGRAM_HOME,Memorial Coliseum,Memorial Coliseum,Lexington,KY,,,REGULAR_SEASON,,175,Dec. 21 1 SMU 7/4 73-67 W 4,resolved,,,,,,,
KYRAW-00992,kentucky,historical_record_book,1956-1957,1957,1956-12-22,Illinois,Illinois,illinois,Yes,91,70,W,0,Kentucky Home,SOURCE_PROGRAM_HOME,Memorial Coliseum,Memorial Coliseum,Lexington,KY,,,REGULAR_SEASON,,175,Dec. 22 1 ILLINOIS 7/5 91-70 W 5,resolved,,,,,,,
KYRAW-00993,kentucky,historical_record_book,1956-1957,1957,1956-12-28,Virginia Tech,Virginia Tech,virginia-tech,Yes,56,55,W,0,Neutral,NEUTRAL,,,,,,,REGULAR_SEASON,,175,Dec. 28 2 vs. Virginia Tech 3/NR 56-55 W,resolved,,,,,,,
KYRAW-00994,kentucky,historical_record_book,1956-1957,1957,1956-12-29,Houston,Houston,houston,Yes,111,76,W,0,Neutral,NEUTRAL,,,,,,,REGULAR_SEASON,,175,Dec. 29 2 vs. Houston 3/NR 111-76 W,resolved,,,,,,,
KYRAW-00995,kentucky,historical_record_book,1956-1957,1957,1957-01-05,Georgia Tech,Georgia Tech,georgia-tech,Yes,95,72,W,0,Kentucky Home,SOURCE_PROGRAM_HOME,Memorial Coliseum,Memorial Coliseum,Lexington,KY,,,REGULAR_SEASON,,175,Jan. 5 * GEORGIA TECH 3/NR 95-72 W,resolved,,,,,,,
KYRAW-00996,kentucky,historical_record_book,1956-1957,1957,1957-01-07,Loyola (Ill.),Loyola (Ill.),loyola-ill,,81,62,W,0,Kentucky Home,SOURCE_PROGRAM_HOME,Memorial Coliseum,Memorial Coliseum,Lexington,KY,,,REGULAR_SEASON,,175,"Jan. 7 LOYOLA, CHICAGO 3/NR 81-62 W",resolved,,,,,,,
KYRAW-00997,kentucky,historical_record_book,1956-1957,1957,1957-01-12,LSU,LSU,lsu,Yes,51,46,W,0,Opponent Home,OPPONENT_HOME,,,,,,,REGULAR_SEASON,,175,Jan. 12 * at LSU 3/NR 51-46 W,resolved,,,,,,,
KYRAW-00998,kentucky,historical_record_book,1956-1957,1957,1957-01-14,Tulane,Tulane,tulane,Yes,60,68,L,0,Opponent Home,OPPONENT_HOME,,,,,,,REGULAR_SEASON,,175,Jan. 14 * at Tulane 3/NR 60-68 L,resolved,,,,,,,
KYRAW-00999,kentucky,historical_record_book,1956-1957,1957,1957-01-19,Tennessee,Tennessee,tennessee,Yes,97,72,W,0,Opponent Home,OPPONENT_HOME,,,,,,,REGULAR_SEASON,,175,Jan. 19 * at Tennessee 4/NR 97-72 W,resolved,,,,,,,
KYRAW-01000,kentucky,historical_record_book,1956-1957,1957,1957-01-26,Vanderbilt,Vanderbilt,vanderbilt,Yes,91,83,W,0,Opponent Home,OPPONENT_HOME,,,,,,,REGULAR_SEASON,,175,Jan. 26 * at Vanderbilt 5/13 91-83 W,resolved,,,,,,,
KYRAW-01001,kentucky,historical_record_book,1956-1957,1957,1957-01-28,Georgia Tech,Georgia Tech,georgia-tech,Yes,76,65,W,0,Opponent Home,OPPONENT_HOME,,,,,,,REGULAR_SEASON,,175,Jan. 28 * at Georgia Tech 5/NR 76-65 W,resolved,,,,,,,
KYRAW-01002,kentucky,historical_record_book,1956-1957,1957,1957-01-30,Georgia,Georgia,georgia,Yes,84,53,W,0,Kentucky Home,SOURCE_PROGRAM_HOME,Memorial Coliseum,Memorial Coliseum,Lexington,KY,,,REGULAR_SEASON,,175,Jan. 30 * GEORGIA 4/NR 84-53 W,resolved,,,,,,,
KYRAW-01003,kentucky,historical_record_book,1956-1957,1957,1957-02-02,Florida,Florida,florida,Yes,88,61,W,0,Kentucky Home,SOURCE_PROGRAM_HOME,Memorial Coliseum,Memorial Coliseum,Lexington,KY,,,REGULAR_SEASON,,175,Feb. 2 * FLORIDA 4/NR 88-61 W,resolved,,,,,,,
KYRAW-01004,kentucky,historical_record_book,1956-1957,1957,1957-02-08,Ole Miss,Ole Miss,ole-miss,Yes,75,69,W,0,Neutral,NEUTRAL,,,,,,,REGULAR_SEASON,,175,Feb. 8 3* vs. Ole Miss 3/NR 75-69 W,resolved,,,,,,,
KYRAW-01005,kentucky,historical_record_book,1956-1957,1957,1957-02-11,Mississippi State,Mississippi State,mississippi-state,Yes,81,89,L,0,Opponent Home,OPPONENT_HOME,,,,,,,REGULAR_SEASON,,175,Feb. 11 * at Mississippi State 3/NR 81-89 L,resolved,,,,,,,
KYRAW-01006,kentucky,historical_record_book,1956-1957,1957,1957-02-15,Loyola (Ill.),Loyola (Ill.),loyola-ill,,115,65,W,0,Opponent Home,OPPONENT_HOME,,,,,,,REGULAR_SEASON,,175,"Feb. 15 at Loyola, Chicago 3/NR 115-65 W",resolved,,,,,,,
KYRAW-01007,kentucky,historical_record_book,1956-1957,1957,1957-02-18,Vanderbilt,Vanderbilt,vanderbilt,Yes,80,78,W,0,Kentucky Home,SOURCE_PROGRAM_HOME,Memorial Coliseum,Memorial Coliseum,Lexington,KY,,,REGULAR_SEASON,,175,Feb. 18 * VANDERBILT 3/18 80-78 W,resolved,,,,,,,
KYRAW-01008,kentucky,historical_record_book,1956-1957,1957,1957-02-23,Alabama,Alabama,alabama,Yes,79,60,W,0,Kentucky Home,SOURCE_PROGRAM_HOME,Memorial Coliseum,Memorial Coliseum,Lexington,KY,,,REGULAR_SEASON,,175,Feb. 23 * ALABAMA 3/NR 79-60 W,resolved,,,,,,,
KYRAW-01009,kentucky,historical_record_book,1956-1957,1957,1957-02-25,Auburn,Auburn,auburn,Yes,103,85,W,0,Kentucky Home,SOURCE_PROGRAM_HOME,Memorial Coliseum,Memorial Coliseum,Lexington,KY,,,REGULAR_SEASON,,175,Feb. 25 * AUBURN 3/NR 103-85 W,resolved,,,,,,,
KYRAW-01010,kentucky,historical_record_book,1956-1957,1957,1957-03-02,Tennessee,Tennessee,tennessee,Yes,93,75,W,0,Kentucky Home,SOURCE_PROGRAM_HOME,Memorial Coliseum,Memorial Coliseum,Lexington,KY,,,REGULAR_SEASON,,175,Mar. 2 * TENNESSEE 3/NR 93-75 W,resolved,,,,,,,
KYRAW-01011,kentucky,historical_record_book,1956-1957,1957,1957-03-15,Pittsburgh,Pittsburgh,pittsburgh,Yes,98,92,W,0,Kentucky Home,SOURCE_PROGRAM_HOME,Memorial Coliseum,Memorial Coliseum,Lexington,KY,NCAA Tournament,,NCAA_TOURNAMENT,Sweet Sixteen,175,Mar. 15 PITTSBURGH 3/NR 98-92 W,resolved,,,,,,,
KYRAW-01012,kentucky,historical_record_book,1956-1957,1957,1957-03-16,Michigan State,Michigan State,michigan-state,Yes,68,80,L,0,Kentucky Home,SOURCE_PROGRAM_HOME,Memorial Coliseum,Memorial Coliseum,Lexington,KY,NCAA Tournament,,NCAA_TOURNAMENT,Elite Eight,175,Mar. 16 MICHIGAN STATE 3/11 68-80 L,resolved,,,,,,,
KYRAW-01013,kentucky,historical_record_book,1957-1958,1958,1957-12-02,Duke,Duke,duke,Yes,78,74,W,0,Kentucky Home,SOURCE_PROGRAM_HOME,Memorial Coliseum,Memorial Coliseum,Lexington,KY,,,REGULAR_SEASON,,175,Dec. 2 DUKE 78-74 W,resolved,,,,,,,
KYRAW-01014,kentucky,historical_record_book,1957-1958,1958,1957-12-04,Ohio State,Ohio State,ohio-state,Yes,61,54,W,0,Opponent Home,OPPONENT_HOME,,,,,,,REGULAR_SEASON,,175,Dec. 4 at Ohio State 61-54 W,resolved,,,,,,,
KYRAW-01015,kentucky,historical_record_book,1957-1958,1958,1957-12-07,Temple,Temple,temple,Yes,85,83,W,3,Kentucky Home,SOURCE_PROGRAM_HOME,Memorial Coliseum,Memorial Coliseum,Lexington,KY,,,REGULAR_SEASON,,175,Dec. 7 TEMPLE 85-83 W 3OT,resolved,,,,,,,
KYRAW-01016,kentucky,historical_record_book,1957-1958,1958,1957-12-09,Maryland,Maryland,maryland,Yes,62,71,L,0,Opponent Home,OPPONENT_HOME,,,,,,,REGULAR_SEASON,,175,Dec. 9 at Maryland 62-71 L,resolved,,,,,,,
KYRAW-01017,kentucky,historical_record_book,1957-1958,1958,1957-12-14,Saint Louis,Saint Louis,saint-louis,Yes,73,60,W,0,Opponent Home,OPPONENT_HOME,,,,,,,REGULAR_SEASON,,175,Dec. 14 at Saint Louis 3/9 73-60 W,resolved,,,,,,,
KYRAW-01018,kentucky,historical_record_book,1957-1958,1958,1957-12-16,SMU,SMU,smu,Yes,64,65,L,0,Opponent Home,OPPONENT_HOME,,,,,,,REGULAR_SEASON,,175,Dec. 16 at SMU 3/NR 64-65 L 1,resolved,,,,,,,
KYRAW-01019,kentucky,historical_record_book,1957-1958,1958,1957-12-20,West Virginia,West Virginia,west-virginia,Yes,70,77,L,0,Kentucky Home,SOURCE_PROGRAM_HOME,Memorial Coliseum,Memorial Coliseum,Lexington,KY,,,REGULAR_SEASON,,175,Dec. 20 1 WEST VIRGINIA 5/8 70-77 L 2,resolved,,,,,,,
KYRAW-01020,kentucky,historical_record_book,1957-1958,1958,1957-12-21,Minnesota,Minnesota,minnesota,Yes,78,58,W,0,Kentucky Home,SOURCE_PROGRAM_HOME,Memorial Coliseum,Memorial Coliseum,Lexington,KY,,,REGULAR_SEASON,,175,Dec. 21 1 MINNESOTA 5/10 78-58 W,resolved,,,,,,,
KYRAW-01021,kentucky,historical_record_book,1957-1958,1958,1957-12-23,Utah State,Utah State,utah-state,Yes,92,64,W,0,Kentucky Home,SOURCE_PROGRAM_HOME,Memorial Coliseum,Memorial Coliseum,Lexington,KY,,,REGULAR_SEASON,,175,Dec. 23 UTAH STATE 5/NR 92-64 W,resolved,,,,,,,
KYRAW-01022,kentucky,historical_record_book,1957-1958,1958,1957-12-30,Loyola (Ill.),Loyola (Ill.),loyola-ill,,75,42,W,0,Kentucky Home,SOURCE_PROGRAM_HOME,Memorial Coliseum,Memorial Coliseum,Lexington,KY,,,REGULAR_SEASON,,175,"Dec. 30 LOYOLA, CHICAGO 9/NR 75-42 W",resolved,,,,,,,
KYRAW-01023,kentucky,historical_record_book,1957-1958,1958,1958-01-04,Georgia Tech,Georgia Tech,georgia-tech,Yes,76,60,W,0,Kentucky Home,SOURCE_PROGRAM_HOME,Memorial Coliseum,Memorial Coliseum,Lexington,KY,,,REGULAR_SEASON,,175,Jan. 4 * GEORGIA TECH 10/NR 76-60 W,resolved,,,,,,,
KYRAW-01024,kentucky,historical_record_book,1957-1958,1958,1958-01-06,Vanderbilt,Vanderbilt,vanderbilt,Yes,86,81,W,0,Opponent Home,OPPONENT_HOME,,,,,,,REGULAR_SEASON,,175,Jan. 6 * at Vanderbilt 10/NR 86-81 W,resolved,,,,,,,
KYRAW-01025,kentucky,historical_record_book,1957-1958,1958,1958-01-11,LSU,LSU,lsu,Yes,97,52,W,0,Kentucky Home,SOURCE_PROGRAM_HOME,Memorial Coliseum,Memorial Coliseum,Lexington,KY,,,REGULAR_SEASON,,175,Jan. 11 * LSU 9/NR 97-52 W,resolved,,,,,,,
KYRAW-01026,kentucky,historical_record_book,1957-1958,1958,1958-01-13,Tulane,Tulane,tulane,Yes,86,50,W,0,Kentucky Home,SOURCE_PROGRAM_HOME,Memorial Coliseum,Memorial Coliseum,Lexington,KY,,,REGULAR_SEASON,,175,Jan. 13 * TULANE 9/NR 86-50 W,resolved,,,,,,,
KYRAW-01027,kentucky,historical_record_book,1957-1958,1958,1958-01-18,Tennessee,Tennessee,tennessee,Yes,77,68,W,0,Kentucky Home,SOURCE_PROGRAM_HOME,Memorial Coliseum,Memorial Coliseum,Lexington,KY,,,REGULAR_SEASON,,175,Jan. 18 * TENNESSEE 9/13 77-68 W,resolved,,,,,,,
KYRAW-01028,kentucky,historical_record_book,1957-1958,1958,1958-01-27,Georgia Tech,Georgia Tech,georgia-tech,Yes,52,71,L,0,Opponent Home,OPPONENT_HOME,,,,,,,REGULAR_SEASON,,175,Jan. 27 * at Georgia Tech 9/NR 52-71 L,resolved,,,,,,,
KYRAW-01029,kentucky,historical_record_book,1957-1958,1958,1958-01-29,Georgia,Georgia,georgia,Yes,74,55,W,0,Neutral,NEUTRAL,,,,,,,REGULAR_SEASON,,175,Jan. 29 2* vs. Georgia 8/NR 74-55 W,resolved,,,,,,,
KYRAW-01030,kentucky,historical_record_book,1957-1958,1958,1958-01-31,Florida,Florida,florida,Yes,78,56,W,0,Opponent Home,OPPONENT_HOME,,,,,,,REGULAR_SEASON,,175,Jan. 31 * at Florida 8/NR 78-56 W,resolved,,,,,,,
KYRAW-01031,kentucky,historical_record_book,1957-1958,1958,1958-02-08,Ole Miss,Ole Miss,ole-miss,Yes,96,65,W,0,Kentucky Home,SOURCE_PROGRAM_HOME,Memorial Coliseum,Memorial Coliseum,Lexington,KY,,,REGULAR_SEASON,,175,Feb. 8 * OLE MISS 12/NR 96-65 W,resolved,,,,,,,
KYRAW-01032,kentucky,historical_record_book,1957-1958,1958,1958-02-10,Mississippi State,Mississippi State,mississippi-state,Yes,72,62,W,0,Kentucky Home,SOURCE_PROGRAM_HOME,Memorial Coliseum,Memorial Coliseum,Lexington,KY,,,REGULAR_SEASON,,175,Feb. 10 * MISSISSIPPI STATE 12/17 72-62 W,resolved,,,,,,,
KYRAW-01033,kentucky,historical_record_book,1957-1958,1958,1958-02-15,Loyola (Ill.),Loyola (Ill.),loyola-ill,,56,57,L,0,Opponent Home,OPPONENT_HOME,,,,,,,REGULAR_SEASON,,175,"Feb. 15 at Loyola, Chicago 12/NR 56-57 L",resolved,,,,,,,
KYRAW-01034,kentucky,historical_record_book,1957-1958,1958,1958-02-17,Vanderbilt,Vanderbilt,vanderbilt,Yes,65,61,W,0,Kentucky Home,SOURCE_PROGRAM_HOME,Memorial Coliseum,Memorial Coliseum,Lexington,KY,,,REGULAR_SEASON,,175,Feb. 17 * VANDERBILT 12/NR 65-61 W,resolved,,,,,,,
KYRAW-01035,kentucky,historical_record_book,1957-1958,1958,1958-02-22,Alabama,Alabama,alabama,Yes,45,43,W,1,Neutral,NEUTRAL,,,,,,,REGULAR_SEASON,,175,Feb. 22 3* vs. Alabama 13/NR 45-43 W OT,resolved,,,,,,,
KYRAW-01036,kentucky,historical_record_book,1957-1958,1958,1958-02-24,Auburn,Auburn,auburn,Yes,63,64,L,0,Neutral,NEUTRAL,,,,,,,REGULAR_SEASON,,175,Feb. 24 4* vs. Auburn 13/NR 63-64 L,resolved,,,,,,,
KYRAW-01037,kentucky,historical_record_book,1957-1958,1958,1958-03-01,Tennessee,Tennessee,tennessee,Yes,77,66,W,0,Opponent Home,OPPONENT_HOME,,,,,,,REGULAR_SEASON,,175,Mar. 1 * at Tennessee 12/NR 77-66 W,resolved,,,,,,,
KYRAW-01038,kentucky,historical_record_book,1957-1958,1958,1958-03-14,Miami (Ohio),Miami University,miami-oh,Yes,94,70,W,0,Kentucky Home,SOURCE_PROGRAM_HOME,Memorial Coliseum,Memorial Coliseum,Lexington,KY,NCAA Tournament,,NCAA_TOURNAMENT,Sweet Sixteen,175,Mar. 14 MIAMI (OHIO) 9/NR 94-70 W,resolved,,,,,,,
KYRAW-01039,kentucky,historical_record_book,1957-1958,1958,1958-03-15,Notre Dame,Notre Dame,notre-dame,Yes,89,56,W,0,Kentucky Home,SOURCE_PROGRAM_HOME,Memorial Coliseum,Memorial Coliseum,Lexington,KY,NCAA Tournament,,NCAA_TOURNAMENT,Elite Eight,175,Mar. 15 NOTRE DAME 9/8 89-56 W,resolved,,,,,,,
KYRAW-01040,kentucky,historical_record_book,1957-1958,1958,1958-03-21,Temple,Temple,temple,Yes,61,60,W,0,Neutral,NEUTRAL,,,,,NCAA Tournament,,NCAA_TOURNAMENT,Final Four,175,Mar. 21 5 vs. Temple 9/5 61-60 W,resolved,,,,,,,
KYRAW-01041,kentucky,historical_record_book,1957-1958,1958,1958-03-22,Seattle,Seattle,seattle,,84,72,W,0,Neutral,NEUTRAL,,,,,NCAA Tournament,,NCAA_TOURNAMENT,Championship,175,Mar. 22 5 vs. Seattle 9/18 84-72 W,resolved,,,,,,,
KYRAW-01042,kentucky,historical_record_book,1958-1959,1959,1958-12-01,Florida State,Florida State,florida-state,Yes,91,68,W,0,Kentucky Home,SOURCE_PROGRAM_HOME,Memorial Coliseum,Memorial Coliseum,Lexington,KY,,,REGULAR_SEASON,,175,Dec. 1 FLORIDA STATE 91-68 W,resolved,,,,,,,
KYRAW-01043,kentucky,historical_record_book,1958-1959,1959,1958-12-06,Temple,Temple,temple,Yes,76,71,W,0,Opponent Home,OPPONENT_HOME,,,,,,,REGULAR_SEASON,,175,Dec. 6 at Temple 76-71 W,resolved,,,,,,,
KYRAW-01044,kentucky,historical_record_book,1958-1959,1959,1958-12-08,Duke,Duke,duke,Yes,78,64,W,0,Opponent Home,OPPONENT_HOME,,,,,,,REGULAR_SEASON,,175,Dec. 8 at Duke 78-64 W,resolved,,,,,,,
KYRAW-01045,kentucky,historical_record_book,1958-1959,1959,1958-12-11,SMU,SMU,smu,Yes,72,60,W,0,Kentucky Home,SOURCE_PROGRAM_HOME,Memorial Coliseum,Memorial Coliseum,Lexington,KY,,,REGULAR_SEASON,,175,Dec. 11 SMU 2/18 72-60 W,resolved,,,,,,,
KYRAW-01046,kentucky,historical_record_book,1958-1959,1959,1958-12-13,Saint Louis,Saint Louis,saint-louis,Yes,76,57,W,0,Kentucky Home,SOURCE_PROGRAM_HOME,Memorial Coliseum,Memorial Coliseum,Lexington,KY,,,REGULAR_SEASON,,175,Dec. 13 SAINT LOUIS 2/9 76-57 W,resolved,,,,,,,
KYRAW-01047,kentucky,historical_record_book,1958-1959,1959,1958-12-15,Maryland,Maryland,maryland,Yes,58,56,W,1,Kentucky Home,SOURCE_PROGRAM_HOME,Memorial Coliseum,Memorial Coliseum,Lexington,KY,,,REGULAR_SEASON,,175,Dec. 15 MARYLAND 2/NR 58-56 W OT,resolved,,,,,,,
KYRAW-01048,kentucky,historical_record_book,1958-1959,1959,1958-12-19,Ohio State,Ohio State,ohio-state,Yes,95,76,W,0,Kentucky Home,SOURCE_PROGRAM_HOME,Memorial Coliseum,Memorial Coliseum,Lexington,KY,,,REGULAR_SEASON,,175,Dec. 19 1 OHIO STATE 2/NR 95-76 W,resolved,,,,,,,
KYRAW-01049,kentucky,historical_record_book,1958-1959,1959,1958-12-20,West Virginia,West Virginia,west-virginia,Yes,97,91,W,0,Kentucky Home,SOURCE_PROGRAM_HOME,Memorial Coliseum,Memorial Coliseum,Lexington,KY,,,REGULAR_SEASON,,175,Dec. 20 1 WEST VIRGINIA 2/7 97-91 W,resolved,,,,,,,
KYRAW-01050,kentucky,historical_record_book,1958-1959,1959,1958-12-29,Navy,Navy,navy,Yes,82,69,W,0,Kentucky Home,SOURCE_PROGRAM_HOME,Memorial Coliseum,Memorial Coliseum,Lexington,KY,,,REGULAR_SEASON,,175,Dec. 29 NAVY 1/NR 82-69 W,resolved,,,,,,,
KYRAW-01051,kentucky,historical_record_book,1958-1959,1959,1958-12-30,Illinois,Illinois,illinois,Yes,76,75,W,0,Neutral,NEUTRAL,,,,,,,REGULAR_SEASON,,175,Dec. 30 2 vs. Illinois 1/NR 76-75 W,resolved,,,,,,,
KYRAW-01052,kentucky,historical_record_book,1958-1959,1959,1959-01-03,Georgia Tech,Georgia Tech,georgia-tech,Yes,72,62,W,0,Kentucky Home,SOURCE_PROGRAM_HOME,Memorial Coliseum,Memorial Coliseum,Lexington,KY,,,REGULAR_SEASON,,175,Jan. 3 * GEORGIA TECH 1/NR 72-62 W,resolved,,,,,,,
KYRAW-01053,kentucky,historical_record_book,1958-1959,1959,1959-01-06,Vanderbilt,Vanderbilt,vanderbilt,Yes,66,75,L,0,Opponent Home,OPPONENT_HOME,,,,,,,REGULAR_SEASON,,175,Jan. 6 * at Vanderbilt 1/NR 66-75 L,resolved,,,,,,,
KYRAW-01054,kentucky,historical_record_book,1958-1959,1959,1959-01-10,LSU,LSU,lsu,Yes,76,61,W,0,Opponent Home,OPPONENT_HOME,,,,,,,REGULAR_SEASON,,175,Jan. 10 * at LSU 1/NR 76-61 W,resolved,,,,,,,
KYRAW-01055,kentucky,historical_record_book,1958-1959,1959,1959-01-12,Tulane,Tulane,tulane,Yes,85,68,W,0,Opponent Home,OPPONENT_HOME,,,,,,,REGULAR_SEASON,,175,Jan. 12 * at Tulane 1/NR 85-68 W,resolved,,,,,,,
KYRAW-01056,kentucky,historical_record_book,1958-1959,1959,1959-01-17,Tennessee,Tennessee,tennessee,Yes,79,58,W,0,Kentucky Home,SOURCE_PROGRAM_HOME,Memorial Coliseum,Memorial Coliseum,Lexington,KY,,,REGULAR_SEASON,,175,Jan. 17 * TENNESSEE 2/NR 79-58 W,resolved,,,,,,,
KYRAW-01057,kentucky,historical_record_book,1958-1959,1959,1959-01-26,Georgia Tech,Georgia Tech,georgia-tech,Yes,94,70,W,0,Opponent Home,OPPONENT_HOME,,,,,,,REGULAR_SEASON,,175,Jan. 26 * at Georgia Tech 1/NR 94-70 W,resolved,,,,,,,
KYRAW-01058,kentucky,historical_record_book,1958-1959,1959,1959-01-29,Georgia,Georgia,georgia,Yes,108,55,W,0,Kentucky Home,SOURCE_PROGRAM_HOME,Memorial Coliseum,Memorial Coliseum,Lexington,KY,,,REGULAR_SEASON,,175,Jan. 29 * GEORGIA 1/NR 108-55 W,resolved,,,,,,,
KYRAW-01059,kentucky,historical_record_book,1958-1959,1959,1959-01-31,Florida,Florida,florida,Yes,94,51,W,0,Kentucky Home,SOURCE_PROGRAM_HOME,Memorial Coliseum,Memorial Coliseum,Lexington,KY,,,REGULAR_SEASON,,175,Jan. 31 * FLORIDA 1/NR 94-51 W,resolved,,,,,,,
KYRAW-01060,kentucky,historical_record_book,1958-1959,1959,1959-02-07,Ole Miss,Ole Miss,ole-miss,Yes,97,72,W,0,Neutral,NEUTRAL,,,,,,,REGULAR_SEASON,,175,Feb. 7 3* vs. Ole Miss 1/NR 97-72 W,resolved,,,,,,,
KYRAW-01061,kentucky,historical_record_book,1958-1959,1959,1959-02-09,Mississippi State,Mississippi State,mississippi-state,Yes,58,66,L,0,Opponent Home,OPPONENT_HOME,,,,,,,REGULAR_SEASON,,175,Feb. 9 * at Mississippi State 1/11 58-66 L,resolved,,,,,,,
KYRAW-01062,kentucky,historical_record_book,1958-1959,1959,1959-02-14,Notre Dame,Notre Dame,notre-dame,Yes,71,52,W,0,Neutral,NEUTRAL,,,,,,,REGULAR_SEASON,,175,Feb. 14 4 vs. Notre Dame 1/NR 71-52 W,resolved,,,,,,,
KYRAW-01063,kentucky,historical_record_book,1958-1959,1959,1959-02-18,Vanderbilt,Vanderbilt,vanderbilt,Yes,83,71,W,0,Kentucky Home,SOURCE_PROGRAM_HOME,Memorial Coliseum,Memorial Coliseum,Lexington,KY,,,REGULAR_SEASON,,175,Feb. 18 * VANDERBILT 3/NR 83-71 W,resolved,,,,,,,
KYRAW-01064,kentucky,historical_record_book,1958-1959,1959,1959-02-21,Auburn,Auburn,auburn,Yes,75,56,W,0,Kentucky Home,SOURCE_PROGRAM_HOME,Memorial Coliseum,Memorial Coliseum,Lexington,KY,,,REGULAR_SEASON,,175,Feb. 21 * AUBURN 3/2 75-56 W,resolved,,,,,,,
KYRAW-01065,kentucky,historical_record_book,1958-1959,1959,1959-02-23,Alabama,Alabama,alabama,Yes,39,32,W,0,Kentucky Home,SOURCE_PROGRAM_HOME,Memorial Coliseum,Memorial Coliseum,Lexington,KY,,,REGULAR_SEASON,,175,Feb. 23 * ALABAMA 3/NR 39-32 W,resolved,,,,,,,
KYRAW-01066,kentucky,historical_record_book,1958-1959,1959,1959-02-28,Tennessee,Tennessee,tennessee,Yes,69,56,W,0,Opponent Home,OPPONENT_HOME,,,,,,,REGULAR_SEASON,,175,Feb. 28 * at Tennessee 1/NR 69-56 W,resolved,,,,,,,
KYRAW-01067,kentucky,historical_record_book,1958-1959,1959,1959-03-13,Louisville,Louisville,louisville,Yes,61,76,L,0,Neutral,NEUTRAL,,,,,NCAA Tournament,,NCAA_TOURNAMENT,Sweet Sixteen,175,Mar. 13 5 vs. Louisville 2/NR 61-76 L,resolved,,,,,,,
KYRAW-01068,kentucky,historical_record_book,1958-1959,1959,1959-03-14,Marquette,Marquette,marquette,Yes,98,69,W,0,Neutral,NEUTRAL,,,,,NCAA Tournament,,NCAA_TOURNAMENT,,175,Mar. 14 5 vs. Marquette 2/20 98-69 W,resolved,,,,,,,
KYRAW-01069,kentucky,historical_record_book,1959-1960,1960,1959-12-01,Northern Colorado,Northern Colorado,northern-colorado,Yes,106,73,W,0,Kentucky Home,SOURCE_PROGRAM_HOME,Memorial Coliseum,Memorial Coliseum,Lexington,KY,,,REGULAR_SEASON,,175,Dec. 1 NORTHERN COLORADO 106-73 W,resolved,,,,,,,
KYRAW-01070,kentucky,historical_record_book,1959-1960,1960,1959-12-04,UCLA,UCLA,ucla,Yes,68,66,W,0,Kentucky Home,SOURCE_PROGRAM_HOME,Memorial Coliseum,Memorial Coliseum,Lexington,KY,,,REGULAR_SEASON,,175,Dec. 4 UCLA 68-66 W,resolved,,,,,,,
KYRAW-01071,kentucky,historical_record_book,1959-1960,1960,1959-12-05,Southern Cal,USC,usc,Yes,73,87,L,0,Opponent Home,OPPONENT_HOME,,,,,,,REGULAR_SEASON,,175,Dec. 5 at Southern Cal 73-87 L,resolved,,,,,,,
KYRAW-01072,kentucky,historical_record_book,1959-1960,1960,1959-12-12,Saint Louis,Saint Louis,saint-louis,Yes,61,73,L,0,Opponent Home,OPPONENT_HOME,,,,,,,REGULAR_SEASON,,175,Dec. 12 at Saint Louis 61-73 L,resolved,,,,,,,
KYRAW-01073,kentucky,historical_record_book,1959-1960,1960,1959-12-14,Kansas,kansas,kansas,Yes,77,72,W,1,Opponent Home,OPPONENT_HOME,,,,,,,REGULAR_SEASON,,175,Dec. 14 at Kansas 77-72 W OT,resolved,,,,,,,
KYRAW-01074,kentucky,historical_record_book,1959-1960,1960,1959-12-18,North Carolina,North Carolina,north-carolina,Yes,76,70,W,0,Kentucky Home,SOURCE_PROGRAM_HOME,Memorial Coliseum,Memorial Coliseum,Lexington,KY,,,REGULAR_SEASON,,175,Dec. 18 1 NORTH CAROLINA 76-70 W,resolved,,,,,,,
KYRAW-01075,kentucky,historical_record_book,1959-1960,1960,1959-12-19,West Virginia,West Virginia,west-virginia,Yes,70,79,L,0,Kentucky Home,SOURCE_PROGRAM_HOME,Memorial Coliseum,Memorial Coliseum,Lexington,KY,,,REGULAR_SEASON,,175,Dec. 19 1 WEST VIRGINIA 70-79 L,resolved,,,,,,,
KYRAW-01076,kentucky,historical_record_book,1959-1960,1960,1959-12-22,Temple,Temple,temple,Yes,97,92,W,0,Neutral,NEUTRAL,,,,,,,REGULAR_SEASON,,175,Dec. 22 2 vs. Temple 13/NR 97-92 W,resolved,,,,,,,
KYRAW-01077,kentucky,historical_record_book,1959-1960,1960,1959-12-28,Ohio State,Ohio State,ohio-state,Yes,96,93,W,0,Kentucky Home,SOURCE_PROGRAM_HOME,Memorial Coliseum,Memorial Coliseum,Lexington,KY,,,REGULAR_SEASON,,175,Dec. 28 OHIO STATE 13/3 96-93 W,resolved,,,,,,,
KYRAW-01078,kentucky,historical_record_book,1959-1960,1960,1960-01-02,Georgia Tech,Georgia Tech,georgia-tech,Yes,54,62,L,0,Kentucky Home,SOURCE_PROGRAM_HOME,Memorial Coliseum,Memorial Coliseum,Lexington,KY,,,REGULAR_SEASON,,175,Jan. 2 * GEORGIA TECH 13/10 54-62 L,resolved,,,,,,,
KYRAW-01079,kentucky,historical_record_book,1959-1960,1960,1960-01-05,Vanderbilt,Vanderbilt,vanderbilt,Yes,76,59,W,0,Opponent Home,OPPONENT_HOME,,,,,,,REGULAR_SEASON,,175,Jan. 5 * at Vanderbilt NR/NR 76-59 W,resolved,,,,,,,
KYRAW-01080,kentucky,historical_record_book,1959-1960,1960,1960-01-09,LSU,LSU,lsu,Yes,77,45,W,0,Kentucky Home,SOURCE_PROGRAM_HOME,Memorial Coliseum,Memorial Coliseum,Lexington,KY,,,REGULAR_SEASON,,175,Jan. 9 * LSU NR/NR 77-45 W,resolved,,,,,,,
KYRAW-01081,kentucky,historical_record_book,1959-1960,1960,1960-01-11,Tulane,Tulane,tulane,Yes,68,42,W,0,Kentucky Home,SOURCE_PROGRAM_HOME,Memorial Coliseum,Memorial Coliseum,Lexington,KY,,,REGULAR_SEASON,,176,Jan. 11 * TULANE NR/NR 68-42 W,resolved,,,,,,,
KYRAW-01082,kentucky,historical_record_book,1959-1960,1960,1960-01-16,Tennessee,Tennessee,tennessee,Yes,78,68,W,0,Opponent Home,OPPONENT_HOME,,,,,,,REGULAR_SEASON,,176,Jan. 16 * at Tennessee 17/NR 78-68 W,resolved,,,,,,,
KYRAW-01083,kentucky,historical_record_book,1959-1960,1960,1960-01-25,Georgia Tech,Georgia Tech,georgia-tech,Yes,44,65,L,0,Opponent Home,OPPONENT_HOME,,,,,,,REGULAR_SEASON,,176,Jan. 25 * at Georgia Tech 16/6 44-65 L,resolved,,,,,,,
KYRAW-01084,kentucky,historical_record_book,1959-1960,1960,1960-01-27,Georgia,Georgia,georgia,Yes,84,60,W,0,Neutral,NEUTRAL,,,,,,,REGULAR_SEASON,,176,Jan. 27 3* vs. Georgia 15/NR 84-60 W,resolved,,,,,,,
KYRAW-01085,kentucky,historical_record_book,1959-1960,1960,1960-01-29,Florida,Florida,florida,Yes,75,62,W,0,Opponent Home,OPPONENT_HOME,,,,,,,REGULAR_SEASON,,176,Jan. 29 * at Florida 15/NR 75-62 W,resolved,,,,,,,
KYRAW-01086,kentucky,historical_record_book,1959-1960,1960,1960-02-06,Ole Miss,Ole Miss,ole-miss,Yes,61,43,W,0,Kentucky Home,SOURCE_PROGRAM_HOME,Memorial Coliseum,Memorial Coliseum,Lexington,KY,,,REGULAR_SEASON,,176,Feb. 6 * OLE MISS NR/NR 61-43 W,resolved,,,,,,,
KYRAW-01087,kentucky,historical_record_book,1959-1960,1960,1960-02-08,Mississippi State,Mississippi State,mississippi-state,Yes,90,59,W,0,Kentucky Home,SOURCE_PROGRAM_HOME,Memorial Coliseum,Memorial Coliseum,Lexington,KY,,,REGULAR_SEASON,,176,Feb. 8 * MISSISSIPPI STATE NR/NR 90-59 W,resolved,,,,,,,
KYRAW-01088,kentucky,historical_record_book,1959-1960,1960,1960-02-13,Notre Dame,Notre Dame,notre-dame,Yes,68,65,W,0,Kentucky Home,SOURCE_PROGRAM_HOME,Memorial Coliseum,Memorial Coliseum,Lexington,KY,,,REGULAR_SEASON,,176,Feb. 13 NOTRE DAME NR/NR 68-65 W,resolved,,,,,,,
KYRAW-01089,kentucky,historical_record_book,1959-1960,1960,1960-02-16,Vanderbilt,Vanderbilt,vanderbilt,Yes,68,60,W,0,Kentucky Home,SOURCE_PROGRAM_HOME,Memorial Coliseum,Memorial Coliseum,Lexington,KY,,,REGULAR_SEASON,,176,Feb. 16 * VANDERBILT NR/NR 68-60 W,resolved,,,,,,,
KYRAW-01090,kentucky,historical_record_book,1959-1960,1960,1960-02-20,Auburn,Auburn,auburn,Yes,60,61,L,0,Opponent Home,OPPONENT_HOME,,,,,,,REGULAR_SEASON,,176,Feb. 20 * at Auburn NR/17 60-61 L,resolved,,,,,,,
KYRAW-01091,kentucky,historical_record_book,1959-1960,1960,1960-02-22,Alabama,Alabama,alabama,Yes,75,55,W,0,Neutral,NEUTRAL,,,,,,,REGULAR_SEASON,,176,Feb. 22 4* vs. Alabama NR/NR 75-55 W,resolved,,,,,,,
KYRAW-01092,kentucky,historical_record_book,1959-1960,1960,1960-02-27,Tennessee,Tennessee,tennessee,Yes,63,65,L,0,Kentucky Home,SOURCE_PROGRAM_HOME,Memorial Coliseum,Memorial Coliseum,Lexington,KY,,,REGULAR_SEASON,,176,Feb. 27 * TENNESSEE NR/NR 63-65 L,resolved,,,,,,,
KYRAW-01093,kentucky,historical_record_book,1959-1960,1960,1960-03-05,Pittsburgh,Pittsburgh,pittsburgh,Yes,73,66,W,0,Kentucky Home,SOURCE_PROGRAM_HOME,Memorial Coliseum,Memorial Coliseum,Lexington,KY,,,REGULAR_SEASON,,176,Mar. 5 PITTSBURGH NR/NR 73-66 W,resolved,,,,,,,
KYRAW-01094,kentucky,historical_record_book,1960-1961,1961,1960-12-01,VMI,VMI,vmi,Yes,72,56,W,0,Kentucky Home,SOURCE_PROGRAM_HOME,Memorial Coliseum,Memorial Coliseum,Lexington,KY,,,REGULAR_SEASON,,176,Dec. 1 VMI 72-56 W,resolved,,,,,,,
KYRAW-01095,kentucky,historical_record_book,1960-1961,1961,1960-12-03,Florida State,Florida State,florida-state,Yes,58,63,L,0,Kentucky Home,SOURCE_PROGRAM_HOME,Memorial Coliseum,Memorial Coliseum,Lexington,KY,,,REGULAR_SEASON,,176,Dec. 3 FLORIDA STATE 58-63 L,resolved,,,,,,,
KYRAW-01096,kentucky,historical_record_book,1960-1961,1961,1960-12-07,Notre Dame,Notre Dame,notre-dame,Yes,68,62,W,0,Neutral,NEUTRAL,,,,,,,REGULAR_SEASON,,176,Dec. 7 1 vs. Notre Dame 68-62 W,resolved,,,,,,,
KYRAW-01097,kentucky,historical_record_book,1960-1961,1961,1960-12-13,North Carolina,North Carolina,north-carolina,Yes,70,65,W,0,Neutral,NEUTRAL,,,,,,,REGULAR_SEASON,,176,Dec. 13 2 vs. North Carolina 20/5 70-65 W,resolved,,,,,,,
KYRAW-01098,kentucky,historical_record_book,1960-1961,1961,1960-12-17,Temple,Temple,temple,Yes,58,66,L,0,Opponent Home,OPPONENT_HOME,,,,,,,REGULAR_SEASON,,176,Dec. 17 at Temple 20/NR 58-66 L,resolved,,,,,,,
KYRAW-01099,kentucky,historical_record_book,1960-1961,1961,1960-12-21,Illinois,Illinois,illinois,Yes,83,78,W,0,Kentucky Home,SOURCE_PROGRAM_HOME,Memorial Coliseum,Memorial Coliseum,Lexington,KY,,,REGULAR_SEASON,,176,Dec. 21 3 ILLINOIS NR/NR 83-78 W,resolved,,,,,,,
KYRAW-01100,kentucky,historical_record_book,1960-1961,1961,1960-12-22,Saint Louis,Saint Louis,saint-louis,Yes,72,74,L,1,Kentucky Home,SOURCE_PROGRAM_HOME,Memorial Coliseum,Memorial Coliseum,Lexington,KY,,,REGULAR_SEASON,,176,Dec. 22 3 SAINT LOUIS NR/16 72-74 L OT,resolved,,,,,,,
KYRAW-01101,kentucky,historical_record_book,1960-1961,1961,1960-12-31,Missouri,Mizzou,missouri,Yes,81,69,W,0,Kentucky Home,SOURCE_PROGRAM_HOME,Memorial Coliseum,Memorial Coliseum,Lexington,KY,,,REGULAR_SEASON,,176,Dec. 31 MISSOURI 19/NR 81-69 W,resolved,,,,,,,
KYRAW-01102,kentucky,historical_record_book,1960-1961,1961,1961-01-02,Miami (Ohio),Miami University,miami-oh,Yes,70,58,W,0,Kentucky Home,SOURCE_PROGRAM_HOME,Memorial Coliseum,Memorial Coliseum,Lexington,KY,,,REGULAR_SEASON,,176,Jan. 2 MIAMI (OHIO) 19/NR 70-58 W,resolved,,,,,,,
KYRAW-01103,kentucky,historical_record_book,1960-1961,1961,1961-01-07,Georgia Tech,Georgia Tech,georgia-tech,Yes,89,79,W,0,Kentucky Home,SOURCE_PROGRAM_HOME,Memorial Coliseum,Memorial Coliseum,Lexington,KY,,,REGULAR_SEASON,,176,Jan. 7 * GEORGIA TECH NR/NR 89-79 W,resolved,,,,,,,
KYRAW-01104,kentucky,historical_record_book,1960-1961,1961,1961-01-09,Vanderbilt,Vanderbilt,vanderbilt,Yes,62,64,L,0,Opponent Home,OPPONENT_HOME,,,,,,,REGULAR_SEASON,,176,Jan. 9 * at Vanderbilt NR/NR 62-64 L,resolved,,,,,,,
KYRAW-01105,kentucky,historical_record_book,1960-1961,1961,1961-01-13,LSU,LSU,lsu,Yes,59,73,L,0,Opponent Home,OPPONENT_HOME,,,,,,,REGULAR_SEASON,,176,Jan. 13 * at LSU NR/NR 59-73 L,resolved,,,,,,,
KYRAW-01106,kentucky,historical_record_book,1960-1961,1961,1961-01-14,Tulane,Tulane,tulane,Yes,70,72,L,0,Opponent Home,OPPONENT_HOME,,,,,,,REGULAR_SEASON,,176,Jan. 14 * at Tulane NR/NR 70-72 L,resolved,,,,,,,
KYRAW-01107,kentucky,historical_record_book,1960-1961,1961,1961-01-21,Tennessee,Tennessee,tennessee,Yes,83,54,W,0,Kentucky Home,SOURCE_PROGRAM_HOME,Memorial Coliseum,Memorial Coliseum,Lexington,KY,,,REGULAR_SEASON,,176,Jan. 21 * TENNESSEE NR/NR 83-54 W,resolved,,,,,,,
KYRAW-01108,kentucky,historical_record_book,1960-1961,1961,1961-01-30,Georgia Tech,Georgia Tech,georgia-tech,Yes,60,62,L,0,Opponent Home,OPPONENT_HOME,,,,,,,REGULAR_SEASON,,176,Jan. 30 * at Georgia Tech NR/NR 60-62 L,resolved,,,,,,,
KYRAW-01109,kentucky,historical_record_book,1960-1961,1961,1961-02-04,Florida,Florida,florida,Yes,89,68,W,0,Kentucky Home,SOURCE_PROGRAM_HOME,Memorial Coliseum,Memorial Coliseum,Lexington,KY,,,REGULAR_SEASON,,176,Feb. 4 * FLORIDA NR/NR 89-68 W,resolved,,,,,,,
KYRAW-01110,kentucky,historical_record_book,1960-1961,1961,1961-02-07,Georgia,Georgia,georgia,Yes,74,67,W,0,Kentucky Home,SOURCE_PROGRAM_HOME,Memorial Coliseum,Memorial Coliseum,Lexington,KY,,,REGULAR_SEASON,,176,Feb. 7 * GEORGIA NR/NR 74-67 W,resolved,,,,,,,
KYRAW-01111,kentucky,historical_record_book,1960-1961,1961,1961-02-11,Ole Miss,Ole Miss,ole-miss,Yes,74,60,W,0,Neutral,NEUTRAL,,,,,,,REGULAR_SEASON,,176,Feb. 11 4* vs. Ole Miss NR/NR 74-60 W,resolved,,,,,,,
KYRAW-01112,kentucky,historical_record_book,1960-1961,1961,1961-02-13,Mississippi State,Mississippi State,mississippi-state,Yes,68,62,W,0,Opponent Home,OPPONENT_HOME,,,,,,,REGULAR_SEASON,,176,Feb. 13 * at Mississippi State NR/NR 68-62 W,resolved,,,,,,,
KYRAW-01113,kentucky,historical_record_book,1960-1961,1961,1961-02-17,UCLA,UCLA,ucla,Yes,77,76,W,0,Kentucky Home,SOURCE_PROGRAM_HOME,Memorial Coliseum,Memorial Coliseum,Lexington,KY,,,REGULAR_SEASON,,176,Feb. 17 UCLA NR/NR 77-76 W,resolved,,,,,,,
KYRAW-01114,kentucky,historical_record_book,1960-1961,1961,1961-02-21,Vanderbilt,Vanderbilt,vanderbilt,Yes,60,59,W,0,Kentucky Home,SOURCE_PROGRAM_HOME,Memorial Coliseum,Memorial Coliseum,Lexington,KY,,,REGULAR_SEASON,,176,Feb. 21 * VANDERBILT NR/NR 60-59 W,resolved,,,,,,,
KYRAW-01115,kentucky,historical_record_book,1960-1961,1961,1961-02-25,Alabama,Alabama,alabama,Yes,80,53,W,0,Kentucky Home,SOURCE_PROGRAM_HOME,Memorial Coliseum,Memorial Coliseum,Lexington,KY,,,REGULAR_SEASON,,176,Feb. 25 * ALABAMA NR/NR 80-53 W,resolved,,,,,,,
KYRAW-01116,kentucky,historical_record_book,1960-1961,1961,1961-02-27,Auburn,Auburn,auburn,Yes,77,51,W,0,Kentucky Home,SOURCE_PROGRAM_HOME,Memorial Coliseum,Memorial Coliseum,Lexington,KY,,,REGULAR_SEASON,,176,Feb. 27 * AUBURN NR/NR 77-51 W,resolved,,,,,,,
KYRAW-01117,kentucky,historical_record_book,1960-1961,1961,1961-03-04,Tennessee,Tennessee,tennessee,Yes,68,61,W,0,Opponent Home,OPPONENT_HOME,,,,,,,REGULAR_SEASON,,176,Mar. 4 * at Tennessee NR/NR 68-61 W,resolved,,,,,,,
KYRAW-01118,kentucky,historical_record_book,1960-1961,1961,1961-03-09,Vanderbilt,Vanderbilt,vanderbilt,Yes,88,67,W,0,Neutral,NEUTRAL,,,,,,,REGULAR_SEASON,,176,Mar. 9 5 vs. Vanderbilt NR/NR 88-67 W,resolved,,,,,,,
KYRAW-01119,kentucky,historical_record_book,1960-1961,1961,1961-03-11,Marquette,Marquette,marquette,Yes,72,88,L,0,Neutral,NEUTRAL,,,,,,,REGULAR_SEASON,,176,Mar. 11 6 vs. Marquette NR/NR 72-88 L,resolved,,,,,,,
KYRAW-01120,kentucky,historical_record_book,1960-1961,1961,1961-03-17,Morehead State,Morehead State,morehead-state,Yes,71,64,W,0,Kentucky Home,SOURCE_PROGRAM_HOME,Memorial Coliseum,Memorial Coliseum,Lexington,KY,NCAA Tournament,,NCAA_TOURNAMENT,Sweet Sixteen,176,Mar. 17 1 Morehead State NR/NR 71-64 W,resolved,,,,,,,
KYRAW-01121,kentucky,historical_record_book,1960-1961,1961,1961-03-18,Ohio State,Ohio State,ohio-state,Yes,74,87,L,0,Kentucky Home,SOURCE_PROGRAM_HOME,Memorial Coliseum,Memorial Coliseum,Lexington,KY,NCAA Tournament,,NCAA_TOURNAMENT,Elite Eight,176,Mar. 18 1 Ohio State NR/1 74-87 L,resolved,,,,,,,
KYRAW-01122,kentucky,historical_record_book,1961-1962,1962,1961-12-02,Miami (Ohio),Miami University,miami-oh,Yes,93,61,W,0,Kentucky Home,SOURCE_PROGRAM_HOME,Memorial Coliseum,Memorial Coliseum,Lexington,KY,,,REGULAR_SEASON,,176,Dec. 2 MIAMI (OHIO) NR/NR 93-61 W,resolved,,,,,,,
KYRAW-01123,kentucky,historical_record_book,1961-1962,1962,1961-12-04,Southern Cal,USC,usc,Yes,77,79,L,0,Kentucky Home,SOURCE_PROGRAM_HOME,Memorial Coliseum,Memorial Coliseum,Lexington,KY,,,REGULAR_SEASON,,176,Dec. 4 SOUTHERN CAL NR/4 77-79 L,resolved,,,,,,,
KYRAW-01124,kentucky,historical_record_book,1961-1962,1962,1961-12-11,Saint Louis,Saint Louis,saint-louis,Yes,86,77,W,0,Kentucky Home,SOURCE_PROGRAM_HOME,Memorial Coliseum,Memorial Coliseum,Lexington,KY,,,REGULAR_SEASON,,176,Dec. 11 SAINT LOUIS NR/NR 86-77 W,resolved,,,,,,,
KYRAW-01125,kentucky,historical_record_book,1961-1962,1962,1961-12-16,Baylor,Baylor,baylor,Yes,94,60,W,0,Kentucky Home,SOURCE_PROGRAM_HOME,Memorial Coliseum,Memorial Coliseum,Lexington,KY,,,REGULAR_SEASON,,176,Dec. 16 BAYLOR NR/NR 94-60 W,resolved,,,,,,,
KYRAW-01126,kentucky,historical_record_book,1961-1962,1962,1961-12-18,Temple,Temple,temple,Yes,78,55,W,0,Kentucky Home,SOURCE_PROGRAM_HOME,Memorial Coliseum,Memorial Coliseum,Lexington,KY,,,REGULAR_SEASON,,176,Dec. 18 TEMPLE NR/NR 78-55 W,resolved,,,,,,,
KYRAW-01127,kentucky,historical_record_book,1961-1962,1962,1961-12-22,Tennessee,Tennessee,tennessee,Yes,96,69,W,0,Kentucky Home,SOURCE_PROGRAM_HOME,Memorial Coliseum,Memorial Coliseum,Lexington,KY,,,REGULAR_SEASON,,176,Dec. 22 1 TENNESSEE NR/NR 96-69 W,resolved,,,,,,,
KYRAW-01128,kentucky,historical_record_book,1961-1962,1962,1961-12-23,Kansas State,Kansas State,kansas-state,Yes,80,67,W,0,Kentucky Home,SOURCE_PROGRAM_HOME,Memorial Coliseum,Memorial Coliseum,Lexington,KY,,,REGULAR_SEASON,,176,Dec. 23 1 KANSAS STATE NR/4 80-67 W,resolved,,,,,,,
KYRAW-01129,kentucky,historical_record_book,1961-1962,1962,1961-12-27,Yale,Yale,yale,Yes,79,58,W,0,Kentucky Home,SOURCE_PROGRAM_HOME,Memorial Coliseum,Memorial Coliseum,Lexington,KY,,,REGULAR_SEASON,,176,Dec. 27 YALE 6/NR 79-58 W,resolved,,,,,,,
KYRAW-01130,kentucky,historical_record_book,1961-1962,1962,1961-12-30,Notre Dame,Notre Dame,notre-dame,Yes,100,53,W,0,Neutral,NEUTRAL,,,,,,,REGULAR_SEASON,,176,Dec. 30 2 vs. Notre Dame 6/NR 100-53 W,resolved,,,,,,,
KYRAW-01131,kentucky,historical_record_book,1961-1962,1962,1962-01-02,Virginia,Virginia,virginia,Yes,93,73,W,0,Kentucky Home,SOURCE_PROGRAM_HOME,Memorial Coliseum,Memorial Coliseum,Lexington,KY,,,REGULAR_SEASON,,176,Jan. 2 VIRGINIA 3/NR 93-73 W,resolved,,,,,,,
KYRAW-01132,kentucky,historical_record_book,1961-1962,1962,1962-01-06,Georgia Tech,Georgia Tech,georgia-tech,Yes,89,70,W,0,Kentucky Home,SOURCE_PROGRAM_HOME,Memorial Coliseum,Memorial Coliseum,Lexington,KY,,,REGULAR_SEASON,,176,Jan. 6 * GEORGIA TECH 3/NR 89-70 W,resolved,,,,,,,
KYRAW-01133,kentucky,historical_record_book,1961-1962,1962,1962-01-08,Vanderbilt,Vanderbilt,vanderbilt,Yes,77,68,W,0,Opponent Home,OPPONENT_HOME,,,,,,,REGULAR_SEASON,,176,Jan. 8 * at Vanderbilt 3/NR 77-68 W,resolved,,,,,,,
KYRAW-01134,kentucky,historical_record_book,1961-1962,1962,1962-01-12,LSU,LSU,lsu,Yes,84,63,W,0,Kentucky Home,SOURCE_PROGRAM_HOME,Memorial Coliseum,Memorial Coliseum,Lexington,KY,,,REGULAR_SEASON,,176,Jan. 12 * LSU 3/NR 84-63 W,resolved,,,,,,,
KYRAW-01135,kentucky,historical_record_book,1961-1962,1962,1962-01-15,Tennessee,Tennessee,tennessee,Yes,95,82,W,0,Opponent Home,OPPONENT_HOME,,,,,,,REGULAR_SEASON,,176,Jan. 15 * at Tennessee 3/NR 95-82 W,resolved,,,,,,,
KYRAW-01136,kentucky,historical_record_book,1961-1962,1962,1962-01-29,Georgia Tech,Georgia Tech,georgia-tech,Yes,71,62,W,0,Opponent Home,OPPONENT_HOME,,,,,,,REGULAR_SEASON,,176,Jan. 29 * at Georgia Tech 2/NR 71-62 W,resolved,,,,,,,
KYRAW-01137,kentucky,historical_record_book,1961-1962,1962,1962-01-31,Georgia,Georgia,georgia,Yes,86,59,W,0,Neutral,NEUTRAL,,,,,,,REGULAR_SEASON,,176,Jan. 31 3* vs. Georgia 2/NR 86-59 W,resolved,,,,,,,
KYRAW-01138,kentucky,historical_record_book,1961-1962,1962,1962-02-02,Florida,Florida,florida,Yes,81,69,W,0,Opponent Home,OPPONENT_HOME,,,,,,,REGULAR_SEASON,,176,Feb. 2 * at Florida 2/NR 81-69 W,resolved,,,,,,,
KYRAW-01139,kentucky,historical_record_book,1961-1962,1962,1962-02-10,Ole Miss,Ole Miss,ole-miss,Yes,83,60,W,0,Kentucky Home,SOURCE_PROGRAM_HOME,Memorial Coliseum,Memorial Coliseum,Lexington,KY,,,REGULAR_SEASON,,176,Feb. 10 * OLE MISS 2/NR 83-60 W,resolved,,,,,,,
KYRAW-01140,kentucky,historical_record_book,1961-1962,1962,1962-02-12,Mississippi State,Mississippi State,mississippi-state,Yes,44,49,L,0,Kentucky Home,SOURCE_PROGRAM_HOME,Memorial Coliseum,Memorial Coliseum,Lexington,KY,,,REGULAR_SEASON,,176,Feb. 12 * MISSISSIPPI STATE 2/9 44-49 L,resolved,,,,,,,
KYRAW-01141,kentucky,historical_record_book,1961-1962,1962,1962-02-19,Vanderbilt,Vanderbilt,vanderbilt,Yes,87,80,W,0,Kentucky Home,SOURCE_PROGRAM_HOME,Memorial Coliseum,Memorial Coliseum,Lexington,KY,,,REGULAR_SEASON,,176,Feb. 19 * VANDERBILT 2/NR 87-80 W,resolved,,,,,,,
KYRAW-01142,kentucky,historical_record_book,1961-1962,1962,1962-02-24,Alabama,Alabama,alabama,Yes,73,65,W,0,Opponent Home,OPPONENT_HOME,,,,,,,REGULAR_SEASON,,176,Feb. 24 * at Alabama 3/NR 73-65 W,resolved,,,,,,,
KYRAW-01143,kentucky,historical_record_book,1961-1962,1962,1962-02-26,Auburn,Auburn,auburn,Yes,63,60,W,0,Opponent Home,OPPONENT_HOME,,,,,,,REGULAR_SEASON,,176,Feb. 26 * at Auburn 3/NR 63-60 W,resolved,,,,,,,
KYRAW-01144,kentucky,historical_record_book,1961-1962,1962,1962-03-05,Tulane,Tulane,tulane,Yes,97,72,W,0,Kentucky Home,SOURCE_PROGRAM_HOME,Memorial Coliseum,Memorial Coliseum,Lexington,KY,,,REGULAR_SEASON,,176,Mar. 5 * TULANE 4/NR 97-72 W,resolved,,,,,,,
KYRAW-01145,kentucky,historical_record_book,1961-1962,1962,1962-03-10,Tennessee,Tennessee,tennessee,Yes,90,59,W,0,Kentucky Home,SOURCE_PROGRAM_HOME,Memorial Coliseum,Memorial Coliseum,Lexington,KY,,,REGULAR_SEASON,,176,Mar. 10 * TENNESSEE 4/NR 90-59 W,resolved,,,,,,,
KYRAW-01146,kentucky,historical_record_book,1961-1962,1962,1962-03-16,Butler,Butler,butler,Yes,81,60,W,0,Neutral,NEUTRAL,,,,,NCAA Tournament,,NCAA_TOURNAMENT,Sweet Sixteen,176,Mar. 16 4 vs. Butler 3/NR 81-60 W,resolved,,,,,,,
KYRAW-01147,kentucky,historical_record_book,1961-1962,1962,1962-03-17,Ohio State,Ohio State,ohio-state,Yes,64,74,L,0,Neutral,NEUTRAL,,,,,NCAA Tournament,,NCAA_TOURNAMENT,Elite Eight,176,Mar. 17 4 vs. Ohio State 3/1 64-74 L,resolved,,,,,,,
KYRAW-01148,kentucky,historical_record_book,1962-1963,1963,1962-12-01,Virginia Tech,Virginia Tech,virginia-tech,Yes,77,80,L,0,Kentucky Home,SOURCE_PROGRAM_HOME,Memorial Coliseum,Memorial Coliseum,Lexington,KY,,,REGULAR_SEASON,,176,Dec. 1 VIRGINIA TECH 3/NR 77-80 L,resolved,,,,,,,
KYRAW-01149,kentucky,historical_record_book,1962-1963,1963,1962-12-08,Temple,Temple,temple,Yes,56,52,W,0,Opponent Home,OPPONENT_HOME,,,,,,,REGULAR_SEASON,,176,Dec. 8 at Temple 9/NR 56-52 W,resolved,,,,,,,
KYRAW-01150,kentucky,historical_record_book,1962-1963,1963,1962-12-12,Florida State,Florida State,florida-state,Yes,83,54,W,0,Kentucky Home,SOURCE_PROGRAM_HOME,Memorial Coliseum,Memorial Coliseum,Lexington,KY,,,REGULAR_SEASON,,176,Dec. 12 FLORIDA STATE NR/NR 83-54 W,resolved,,,,,,,
KYRAW-01151,kentucky,historical_record_book,1962-1963,1963,1962-12-15,Northwestern,Northwestern,northwestern,Yes,71,60,W,0,Kentucky Home,SOURCE_PROGRAM_HOME,Memorial Coliseum,Memorial Coliseum,Lexington,KY,,,REGULAR_SEASON,,176,Dec. 15 NORTHWESTERN NR/NR 71-60 W,resolved,,,,,,,
KYRAW-01152,kentucky,historical_record_book,1962-1963,1963,1962-12-17,North Carolina,North Carolina,north-carolina,Yes,66,68,L,0,Kentucky Home,SOURCE_PROGRAM_HOME,Memorial Coliseum,Memorial Coliseum,Lexington,KY,,,REGULAR_SEASON,,176,Dec. 17 NORTH CAROLINA NR/NR 66-68 L,resolved,,,,,,,
KYRAW-01153,kentucky,historical_record_book,1962-1963,1963,1962-12-21,Iowa,Iowa,iowa,Yes,94,69,W,0,Kentucky Home,SOURCE_PROGRAM_HOME,Memorial Coliseum,Memorial Coliseum,Lexington,KY,,,REGULAR_SEASON,,176,Dec. 21 1 IOWA 9/NR 94-69 W,resolved,,,,,,,
KYRAW-01154,kentucky,historical_record_book,1962-1963,1963,1962-12-22,West Virginia,West Virginia,west-virginia,Yes,79,75,W,0,Kentucky Home,SOURCE_PROGRAM_HOME,Memorial Coliseum,Memorial Coliseum,Lexington,KY,,,REGULAR_SEASON,,176,Dec. 22 1 WEST VIRGINIA 9/7 79-75 W,resolved,,,,,,,
KYRAW-01155,kentucky,historical_record_book,1962-1963,1963,1962-12-27,Dartmouth,Dartmouth,dartmouth,Yes,95,49,W,0,Kentucky Home,SOURCE_PROGRAM_HOME,Memorial Coliseum,Memorial Coliseum,Lexington,KY,,,REGULAR_SEASON,,176,Dec. 27 DARTMOUTH 5/NR 95-49 W,resolved,,,,,,,
KYRAW-01156,kentucky,historical_record_book,1962-1963,1963,1962-12-29,Notre Dame,Notre Dame,notre-dame,Yes,78,70,W,0,Neutral,NEUTRAL,,,,,,,REGULAR_SEASON,,176,Dec. 29 2 vs. Notre Dame 5/NR 78-70 W,resolved,,,,,,,
KYRAW-01157,kentucky,historical_record_book,1962-1963,1963,1962-12-31,Saint Louis,Saint Louis,saint-louis,Yes,63,87,L,0,Opponent Home,OPPONENT_HOME,,,,,,,REGULAR_SEASON,,176,Dec. 31 at Saint Louis 5/NR 63-87 L,resolved,,,,,,,
KYRAW-01158,kentucky,historical_record_book,1962-1963,1963,1963-01-05,Georgia Tech,Georgia Tech,georgia-tech,Yes,85,86,L,1,Kentucky Home,SOURCE_PROGRAM_HOME,Memorial Coliseum,Memorial Coliseum,Lexington,KY,,,REGULAR_SEASON,,176,Jan. 5 * GEORGIA TECH 6/NR 85-86 L OT,resolved,,,,,,,
KYRAW-01159,kentucky,historical_record_book,1962-1963,1963,1963-01-07,Vanderbilt,Vanderbilt,vanderbilt,Yes,106,82,W,0,Opponent Home,OPPONENT_HOME,,,,,,,REGULAR_SEASON,,176,Jan. 7 * at Vanderbilt 6/NR 106-82 W,resolved,,,,,,,
KYRAW-01160,kentucky,historical_record_book,1962-1963,1963,1963-01-11,LSU,LSU,lsu,Yes,63,56,W,0,Opponent Home,OPPONENT_HOME,,,,,,,REGULAR_SEASON,,176,Jan. 11 * at LSU NR/NR 63-56 W,resolved,,,,,,,
KYRAW-01161,kentucky,historical_record_book,1962-1963,1963,1963-01-12,Tulane,Tulane,tulane,Yes,81,72,W,0,Opponent Home,OPPONENT_HOME,,,,,,,REGULAR_SEASON,,176,Jan. 12 * at Tulane NR/NR 81-72 W,resolved,,,,,,,
KYRAW-01162,kentucky,historical_record_book,1962-1963,1963,1963-01-19,Tennessee,Tennessee,tennessee,Yes,69,78,L,1,Kentucky Home,SOURCE_PROGRAM_HOME,Memorial Coliseum,Memorial Coliseum,Lexington,KY,,,REGULAR_SEASON,,176,Jan. 19 * TENNESSEE NR/NR 69-78 L OT,resolved,,,,,,,
KYRAW-01163,kentucky,historical_record_book,1962-1963,1963,1963-01-26,Xavier,Xavier,xavier,Yes,90,76,W,0,Kentucky Home,SOURCE_PROGRAM_HOME,Memorial Coliseum,Memorial Coliseum,Lexington,KY,,,REGULAR_SEASON,,176,Jan. 26 XAVIER NR/NR 90-76 W,resolved,,,,,,,
KYRAW-01164,kentucky,historical_record_book,1962-1963,1963,1963-01-28,Georgia Tech,Georgia Tech,georgia-tech,Yes,62,66,L,0,Opponent Home,OPPONENT_HOME,,,,,,,REGULAR_SEASON,,176,Jan. 28 * at Georgia Tech NR/7 62-66 L,resolved,,,,,,,
KYRAW-01165,kentucky,historical_record_book,1962-1963,1963,1963-01-31,Georgia,Georgia,georgia,Yes,74,67,W,0,Kentucky Home,SOURCE_PROGRAM_HOME,Memorial Coliseum,Memorial Coliseum,Lexington,KY,,,REGULAR_SEASON,,176,Jan. 31 * GEORGIA NR/NR 74-67 W,resolved,,,,,,,
KYRAW-01166,kentucky,historical_record_book,1962-1963,1963,1963-02-02,Florida,Florida,florida,Yes,94,71,W,0,Kentucky Home,SOURCE_PROGRAM_HOME,Memorial Coliseum,Memorial Coliseum,Lexington,KY,,,REGULAR_SEASON,,176,Feb. 2 * FLORIDA NR/NR 94-71 W,resolved,,,,,,,
KYRAW-01167,kentucky,historical_record_book,1962-1963,1963,1963-02-09,Ole Miss,Ole Miss,ole-miss,Yes,75,69,W,0,Neutral,NEUTRAL,,,,,,,REGULAR_SEASON,,176,Feb. 9 3* vs. Ole Miss NR/NR 75-69 W,resolved,,,,,,,
KYRAW-01168,kentucky,historical_record_book,1962-1963,1963,1963-02-11,Mississippi State,Mississippi State,mississippi-state,Yes,52,56,L,0,Opponent Home,OPPONENT_HOME,,,,,,,REGULAR_SEASON,,176,Feb. 11 * at Mississippi State NR/8 52-56 L,resolved,,,,,,,
KYRAW-01169,kentucky,historical_record_book,1962-1963,1963,1963-02-18,Vanderbilt,Vanderbilt,vanderbilt,Yes,67,69,L,0,Kentucky Home,SOURCE_PROGRAM_HOME,Memorial Coliseum,Memorial Coliseum,Lexington,KY,,,REGULAR_SEASON,,176,Feb. 18 * VANDERBILT NR/NR 67-69 L,resolved,,,,,,,
KYRAW-01170,kentucky,historical_record_book,1962-1963,1963,1963-02-23,Auburn,Auburn,auburn,Yes,78,59,W,0,Kentucky Home,SOURCE_PROGRAM_HOME,Memorial Coliseum,Memorial Coliseum,Lexington,KY,,,REGULAR_SEASON,,176,Feb. 23 * AUBURN NR/9 78-59 W,resolved,,,,,,,
KYRAW-01171,kentucky,historical_record_book,1962-1963,1963,1963-02-25,Alabama,Alabama,alabama,Yes,80,63,W,0,Kentucky Home,SOURCE_PROGRAM_HOME,Memorial Coliseum,Memorial Coliseum,Lexington,KY,,,REGULAR_SEASON,,176,Feb. 25 * ALABAMA NR/NR 80-63 W,resolved,,,,,,,
KYRAW-01172,kentucky,historical_record_book,1962-1963,1963,1963-03-02,Tennessee,Tennessee,tennessee,Yes,55,63,L,0,Opponent Home,OPPONENT_HOME,,,,,,,REGULAR_SEASON,,176,Mar. 2 * at Tennessee NR/NR 55-63 L,resolved,,,,,,,
KYRAW-01173,kentucky,historical_record_book,1963-1964,1964,1963-11-30,Virginia,Virginia,virginia,Yes,75,64,W,0,Kentucky Home,SOURCE_PROGRAM_HOME,Memorial Coliseum,Memorial Coliseum,Lexington,KY,,,REGULAR_SEASON,,177,Nov. 30 VIRGINIA 9/NR 75-64 W,resolved,,,,,,,
KYRAW-01174,kentucky,historical_record_book,1963-1964,1964,1963-12-02,Texas Tech,Texas Tech,texas-tech,Yes,107,91,W,0,Kentucky Home,SOURCE_PROGRAM_HOME,Memorial Coliseum,Memorial Coliseum,Lexington,KY,,,REGULAR_SEASON,,177,Dec. 2 TEXAS TECH 9/NR 107-91 W,resolved,,,,,,,
KYRAW-01175,kentucky,historical_record_book,1963-1964,1964,1963-12-07,Northwestern,Northwestern,northwestern,Yes,95,63,W,0,Opponent Home,OPPONENT_HOME,,,,,,,REGULAR_SEASON,,177,Dec. 7 at Northwestern 9/NR 95-63 W,resolved,,,,,,,
KYRAW-01176,kentucky,historical_record_book,1963-1964,1964,1963-12-09,North Carolina,North Carolina,north-carolina,Yes,100,80,W,0,Kentucky Home,SOURCE_PROGRAM_HOME,Memorial Coliseum,Memorial Coliseum,Lexington,KY,,,REGULAR_SEASON,,177,Dec. 9 NORTH CAROLINA 9/NR 100-80 W,resolved,,,,,,,
KYRAW-01177,kentucky,historical_record_book,1963-1964,1964,1963-12-14,Baylor,Baylor,baylor,Yes,101,65,W,0,Kentucky Home,SOURCE_PROGRAM_HOME,Memorial Coliseum,Memorial Coliseum,Lexington,KY,,,REGULAR_SEASON,,177,Dec. 14 BAYLOR 5/NR 101-65 W,resolved,,,,,,,
KYRAW-01178,kentucky,historical_record_book,1963-1964,1964,1963-12-20,Wisconsin,Wisconsin,wisconsin,Yes,108,85,W,0,Kentucky Home,SOURCE_PROGRAM_HOME,Memorial Coliseum,Memorial Coliseum,Lexington,KY,,,REGULAR_SEASON,,177,Dec. 20 1 WISCONSIN 2/NR 108-85 W,resolved,,,,,,,
KYRAW-01179,kentucky,historical_record_book,1963-1964,1964,1963-12-21,Wake Forest,Wake Forest,wake-forest,Yes,98,75,W,0,Kentucky Home,SOURCE_PROGRAM_HOME,Memorial Coliseum,Memorial Coliseum,Lexington,KY,,,REGULAR_SEASON,,177,Dec. 21 1 WAKE FOREST (finals) 2/NR 98-75 W,resolved,,,,,,,
KYRAW-01180,kentucky,historical_record_book,1963-1964,1964,1963-12-28,Notre Dame,Notre Dame,notre-dame,Yes,101,81,W,0,Neutral,NEUTRAL,,,,,,,REGULAR_SEASON,,177,Dec. 28 2 vs. Notre Dame 2/NR 101-81 W,resolved,,,,,,,
KYRAW-01181,kentucky,historical_record_book,1963-1964,1964,1963-12-30,Loyola (La.),Loyola New Orleans,loyola-new-orleans,,86,64,W,0,Opponent Home,OPPONENT_HOME,,,,,,,REGULAR_SEASON,,177,"Dec. 30 3 at Loyola, La. 2/NR 86-64 W",resolved,,,,,,,
KYRAW-01182,kentucky,historical_record_book,1963-1964,1964,1963-12-31,Duke,Duke,duke,Yes,81,79,W,0,Neutral,NEUTRAL,,,,,,,REGULAR_SEASON,,177,Dec. 31 3 vs. Duke 1/9 81-79 W,resolved,,,,,,,
KYRAW-01183,kentucky,historical_record_book,1963-1964,1964,1964-01-04,Georgia Tech,Georgia Tech,georgia-tech,Yes,67,76,L,0,Opponent Home,OPPONENT_HOME,,,,,,,REGULAR_SEASON,,177,Jan. 4 * at Georgia Tech 1/NR 67-76 L,resolved,,,,,,,
KYRAW-01184,kentucky,historical_record_book,1963-1964,1964,1964-01-06,Vanderbilt,Vanderbilt,vanderbilt,Yes,83,85,L,0,Opponent Home,OPPONENT_HOME,,,,,,,REGULAR_SEASON,,177,Jan. 6 * at Vanderbilt 1/6 83-85 L,resolved,,,,,,,
KYRAW-01185,kentucky,historical_record_book,1963-1964,1964,1964-01-10,LSU,LSU,lsu,Yes,103,84,W,0,Kentucky Home,SOURCE_PROGRAM_HOME,Memorial Coliseum,Memorial Coliseum,Lexington,KY,,,REGULAR_SEASON,,177,Jan. 10 * LSU 2/NR 103-84 W,resolved,,,,,,,
KYRAW-01186,kentucky,historical_record_book,1963-1964,1964,1964-01-11,Tulane,Tulane,tulane,Yes,105,63,W,0,Kentucky Home,SOURCE_PROGRAM_HOME,Memorial Coliseum,Memorial Coliseum,Lexington,KY,,,REGULAR_SEASON,,177,Jan. 11 * TULANE 2/NR 105-63 W,resolved,,,,,,,
KYRAW-01187,kentucky,historical_record_book,1963-1964,1964,1964-01-18,Tennessee,Tennessee,tennessee,Yes,66,57,W,0,Kentucky Home,SOURCE_PROGRAM_HOME,Memorial Coliseum,Memorial Coliseum,Lexington,KY,,,REGULAR_SEASON,,177,Jan. 18 * TENNESSEE 4/NR 66-57 W,resolved,,,,,,,
KYRAW-01188,kentucky,historical_record_book,1963-1964,1964,1964-01-25,Georgia Tech,Georgia Tech,georgia-tech,Yes,79,62,W,0,Kentucky Home,SOURCE_PROGRAM_HOME,Memorial Coliseum,Memorial Coliseum,Lexington,KY,,,REGULAR_SEASON,,177,Jan. 25 * GEORGIA TECH 5/NR 79-62 W,resolved,,,,,,,
KYRAW-01189,kentucky,historical_record_book,1963-1964,1964,1964-02-01,Florida,Florida,florida,Yes,77,72,W,0,Opponent Home,OPPONENT_HOME,,,,,,,REGULAR_SEASON,,177,Feb. 1 * at Florida 4/NR 77-72 W,resolved,,,,,,,
KYRAW-01190,kentucky,historical_record_book,1963-1964,1964,1964-02-03,Georgia,Georgia,georgia,Yes,103,83,W,0,Opponent Home,OPPONENT_HOME,,,,,,,REGULAR_SEASON,,177,Feb. 3 * at Georgia 4/NR 103-83 W,resolved,,,,,,,
KYRAW-01191,kentucky,historical_record_book,1963-1964,1964,1964-02-08,Ole Miss,Ole Miss,ole-miss,Yes,102,59,W,0,Kentucky Home,SOURCE_PROGRAM_HOME,Memorial Coliseum,Memorial Coliseum,Lexington,KY,,,REGULAR_SEASON,,177,Feb. 8 * OLE MISS 3/NR 102-59 W,resolved,,,,,,,
KYRAW-01192,kentucky,historical_record_book,1963-1964,1964,1964-02-10,Mississippi State,Mississippi State,mississippi-state,Yes,65,59,W,0,Kentucky Home,SOURCE_PROGRAM_HOME,Memorial Coliseum,Memorial Coliseum,Lexington,KY,,,REGULAR_SEASON,,177,Feb. 10 * MISSISSIPPI STATE 3/NR 65-59 W,resolved,,,,,,,
KYRAW-01193,kentucky,historical_record_book,1963-1964,1964,1964-02-17,Vanderbilt,Vanderbilt,vanderbilt,Yes,104,73,W,0,Kentucky Home,SOURCE_PROGRAM_HOME,Memorial Coliseum,Memorial Coliseum,Lexington,KY,,,REGULAR_SEASON,,177,Feb. 17 * VANDERBILT 3/7 104-73 W,resolved,,,,,,,
KYRAW-01194,kentucky,historical_record_book,1963-1964,1964,1964-02-23,Auburn,Auburn,auburn,Yes,99,79,W,0,Neutral,NEUTRAL,,,,,,,REGULAR_SEASON,,177,Feb. 23 4* vs. Auburn 3/NR 99-79 W,resolved,,,,,,,
KYRAW-01195,kentucky,historical_record_book,1963-1964,1964,1964-02-24,Alabama,Alabama,alabama,Yes,59,65,L,0,Opponent Home,OPPONENT_HOME,,,,,,,REGULAR_SEASON,,177,Feb. 24 * at Alabama 3/NR 59-65 L,resolved,,,,,,,
KYRAW-01196,kentucky,historical_record_book,1963-1964,1964,1964-02-29,Tennessee,Tennessee,tennessee,Yes,42,38,W,0,Opponent Home,OPPONENT_HOME,,,,,,,REGULAR_SEASON,,177,Feb. 29 * at Tennessee 2/NR 42-38 W,resolved,,,,,,,
KYRAW-01197,kentucky,historical_record_book,1963-1964,1964,1964-03-02,Saint Louis,Saint Louis,saint-louis,Yes,60,67,L,0,Kentucky Home,SOURCE_PROGRAM_HOME,Memorial Coliseum,Memorial Coliseum,Lexington,KY,,,REGULAR_SEASON,,177,Mar. 2 SAINT LOUIS 2/NR 60-67 L,resolved,,,,,,,
KYRAW-01198,kentucky,historical_record_book,1963-1964,1964,1964-03-13,Ohio,Ohio,ohio,Yes,69,85,L,0,Neutral,NEUTRAL,,,,,NCAA Tournament,,NCAA_TOURNAMENT,Sweet Sixteen,177,Mar. 13 5 vs. Ohio University 4/NR 69-85 L,resolved,,,,,,,
KYRAW-01199,kentucky,historical_record_book,1963-1964,1964,1964-03-14,Loyola (Ill.),Loyola (Ill.),loyola-ill,,91,100,L,0,Neutral,NEUTRAL,,,,,NCAA Tournament,,NCAA_TOURNAMENT,,177,"Mar. 14 5 vs. Loyola, Chi. (consolation) 4/8 91-100 L",resolved,,,,,,,
KYRAW-01200,kentucky,historical_record_book,1964-1965,1965,1964-12-04,Iowa,Iowa,iowa,Yes,85,77,W,0,Kentucky Home,SOURCE_PROGRAM_HOME,Memorial Coliseum,Memorial Coliseum,Lexington,KY,,,REGULAR_SEASON,,177,Dec. 4 IOWA 11/NR 85-77 W,resolved,,,,,,,
KYRAW-01201,kentucky,historical_record_book,1964-1965,1965,1964-12-07,North Carolina,North Carolina,north-carolina,Yes,67,82,L,0,Neutral,NEUTRAL,,,,,,,REGULAR_SEASON,,177,Dec. 7 1 vs. North Carolina 11/13 67-82 L,resolved,,,,,,,
KYRAW-01202,kentucky,historical_record_book,1964-1965,1965,1964-12-09,Iowa State,Iowa State,iowa-state,Yes,100,74,W,0,Kentucky Home,SOURCE_PROGRAM_HOME,Memorial Coliseum,Memorial Coliseum,Lexington,KY,,,REGULAR_SEASON,,177,Dec. 9 IOWA STATE 9/NR 100-74 W,resolved,,,,,,,
KYRAW-01203,kentucky,historical_record_book,1964-1965,1965,1964-12-12,Syracuse,Syracuse,syracuse,Yes,110,77,W,0,Kentucky Home,SOURCE_PROGRAM_HOME,Memorial Coliseum,Memorial Coliseum,Lexington,KY,,,REGULAR_SEASON,,177,Dec. 12 SYRACUSE 9/NR 110-77 W,resolved,,,,,,,
KYRAW-01204,kentucky,historical_record_book,1964-1965,1965,1964-12-18,West Virginia,West Virginia,west-virginia,Yes,102,78,W,0,Kentucky Home,SOURCE_PROGRAM_HOME,Memorial Coliseum,Memorial Coliseum,Lexington,KY,,,REGULAR_SEASON,,177,Dec. 18 2 WEST VIRGINIA 8/NR 102-78 W,resolved,,,,,,,
KYRAW-01205,kentucky,historical_record_book,1964-1965,1965,1964-12-19,Illinois,Illinois,illinois,Yes,86,91,L,0,Kentucky Home,SOURCE_PROGRAM_HOME,Memorial Coliseum,Memorial Coliseum,Lexington,KY,,,REGULAR_SEASON,,177,Dec. 19 2 ILLINOIS 2/7 86-91 L,resolved,,,,,,,
KYRAW-01206,kentucky,historical_record_book,1964-1965,1965,1964-12-22,Saint Louis,Saint Louis,saint-louis,Yes,75,80,L,1,Opponent Home,OPPONENT_HOME,,,,,,,REGULAR_SEASON,,177,Dec. 22 at Saint Louis NR/9 75-80 L OT,resolved,,,,,,,
KYRAW-01207,kentucky,historical_record_book,1964-1965,1965,1964-12-29,Notre Dame,Notre Dame,notre-dame,Yes,97,111,L,0,Neutral,NEUTRAL,,,,,,,REGULAR_SEASON,,177,Dec. 29 3 vs. Notre Dame NR/NR 97-111 L,resolved,,,,,,,
KYRAW-01208,kentucky,historical_record_book,1964-1965,1965,1965-01-02,Dartmouth,Dartmouth,dartmouth,Yes,107,67,W,0,Kentucky Home,SOURCE_PROGRAM_HOME,Memorial Coliseum,Memorial Coliseum,Lexington,KY,,,REGULAR_SEASON,,177,Jan. 2 DARTMOUTH NR/NR 107-67 W,resolved,,,,,,,
KYRAW-01209,kentucky,historical_record_book,1964-1965,1965,1965-01-05,Vanderbilt,Vanderbilt,vanderbilt,Yes,79,97,L,0,Kentucky Home,SOURCE_PROGRAM_HOME,Memorial Coliseum,Memorial Coliseum,Lexington,KY,,,REGULAR_SEASON,,177,Jan. 5 * VANDERBILT NR/NR 79-97 L,resolved,,,,,,,
KYRAW-01210,kentucky,historical_record_book,1964-1965,1965,1965-01-09,LSU,LSU,lsu,Yes,79,66,W,0,Opponent Home,OPPONENT_HOME,,,,,,,REGULAR_SEASON,,177,Jan. 9 * at LSU NR/NR 79-66 W,resolved,,,,,,,
KYRAW-01211,kentucky,historical_record_book,1964-1965,1965,1965-01-11,Tulane,Tulane,tulane,Yes,102,72,W,0,Opponent Home,OPPONENT_HOME,,,,,,,REGULAR_SEASON,,177,Jan. 11 * at Tulane NR/NR 102-72 W,resolved,,,,,,,
KYRAW-01212,kentucky,historical_record_book,1964-1965,1965,1965-01-16,Tennessee,Tennessee,tennessee,Yes,58,77,L,0,Opponent Home,OPPONENT_HOME,,,,,,,REGULAR_SEASON,,177,Jan. 16 * at Tennessee NR/NR 58-77 L,resolved,,,,,,,
KYRAW-01213,kentucky,historical_record_book,1964-1965,1965,1965-01-18,Auburn,Auburn,auburn,Yes,73,67,W,0,Kentucky Home,SOURCE_PROGRAM_HOME,Memorial Coliseum,Memorial Coliseum,Lexington,KY,,,REGULAR_SEASON,,177,Jan. 18 * AUBURN NR/NR 73-67 W,resolved,,,,,,,
KYRAW-01214,kentucky,historical_record_book,1964-1965,1965,1965-01-23,Florida,Florida,florida,Yes,68,84,L,0,Opponent Home,OPPONENT_HOME,,,,,,,REGULAR_SEASON,,177,Jan. 23 * at Florida NR/NR 68-84 L,resolved,,,,,,,
KYRAW-01215,kentucky,historical_record_book,1964-1965,1965,1965-01-25,Georgia,Georgia,georgia,Yes,102,82,W,0,Opponent Home,OPPONENT_HOME,,,,,,,REGULAR_SEASON,,177,Jan. 25 * at Georgia NR/NR 102-82 W,resolved,,,,,,,
KYRAW-01216,kentucky,historical_record_book,1964-1965,1965,1965-01-30,Florida,Florida,florida,Yes,78,61,W,0,Kentucky Home,SOURCE_PROGRAM_HOME,Memorial Coliseum,Memorial Coliseum,Lexington,KY,,,REGULAR_SEASON,,177,Jan. 30 * FLORIDA NR/NR 78-61 W,resolved,,,,,,,
KYRAW-01217,kentucky,historical_record_book,1964-1965,1965,1965-02-01,Georgia,Georgia,georgia,Yes,96,64,W,0,Kentucky Home,SOURCE_PROGRAM_HOME,Memorial Coliseum,Memorial Coliseum,Lexington,KY,,,REGULAR_SEASON,,177,Feb. 1 * GEORGIA NR/NR 96-64 W,resolved,,,,,,,
KYRAW-01218,kentucky,historical_record_book,1964-1965,1965,1965-02-06,Ole Miss,Ole Miss,ole-miss,Yes,102,65,W,0,Kentucky Home,SOURCE_PROGRAM_HOME,Memorial Coliseum,Memorial Coliseum,Lexington,KY,,,REGULAR_SEASON,,177,Feb. 6 * OLE MISS NR/NR 102-65 W,resolved,,,,,,,
KYRAW-01219,kentucky,historical_record_book,1964-1965,1965,1965-02-08,Mississippi State,Mississippi State,mississippi-state,Yes,74,56,W,0,Kentucky Home,SOURCE_PROGRAM_HOME,Memorial Coliseum,Memorial Coliseum,Lexington,KY,,,REGULAR_SEASON,,177,Feb. 8 * MISSISSIPPI STATE NR/NR 74-56 W,resolved,,,,,,,
KYRAW-01220,kentucky,historical_record_book,1964-1965,1965,1965-02-16,Vanderbilt,Vanderbilt,vanderbilt,Yes,90,91,L,0,Opponent Home,OPPONENT_HOME,,,,,,,REGULAR_SEASON,,177,Feb. 16 * at Vanderbilt NR/NR 90-91 L,resolved,,,,,,,
KYRAW-01221,kentucky,historical_record_book,1964-1965,1965,1965-02-20,Auburn,Auburn,auburn,Yes,69,88,L,0,Opponent Home,OPPONENT_HOME,,,,,,,REGULAR_SEASON,,177,Feb. 20 * at Auburn NR/NR 69-88 L,resolved,,,,,,,
KYRAW-01222,kentucky,historical_record_book,1964-1965,1965,1965-02-22,Alabama,Alabama,alabama,Yes,71,75,L,0,Opponent Home,OPPONENT_HOME,,,,,,,REGULAR_SEASON,,177,Feb. 22 * at Alabama NR/NR 71-75 L,resolved,,,,,,,
KYRAW-01223,kentucky,historical_record_book,1964-1965,1965,1965-02-27,Tennessee,Tennessee,tennessee,Yes,61,60,W,0,Kentucky Home,SOURCE_PROGRAM_HOME,Memorial Coliseum,Memorial Coliseum,Lexington,KY,,,REGULAR_SEASON,,177,Feb. 27 * TENNESSEE NR/NR 61-60 W,resolved,,,,,,,
KYRAW-01224,kentucky,historical_record_book,1964-1965,1965,1965-03-01,Alabama,Alabama,alabama,Yes,78,72,W,0,Kentucky Home,SOURCE_PROGRAM_HOME,Memorial Coliseum,Memorial Coliseum,Lexington,KY,,,REGULAR_SEASON,,177,Mar. 1 * ALABAMA NR/NR 78-72 W,resolved,,,,,,,
KYRAW-01225,kentucky,historical_record_book,1965-1966,1966,1965-12-01,Hardin-Simmons,Hardin-Simmons,hardin-simmons,No,83,55,W,0,Kentucky Home,SOURCE_PROGRAM_HOME,Memorial Coliseum,Memorial Coliseum,Lexington,KY,,,REGULAR_SEASON,,177,Dec. 1 HARDIN-SIMMONS NR/NR 83-55 W,resolved,,,,,,,
KYRAW-01226,kentucky,historical_record_book,1965-1966,1966,1965-12-04,Virginia,Virginia,virginia,Yes,99,73,W,0,Opponent Home,OPPONENT_HOME,,,,,,,REGULAR_SEASON,,177,Dec. 4 at Virginia NR/NR 99-73 W,resolved,,,,,,,
KYRAW-01227,kentucky,historical_record_book,1965-1966,1966,1965-12-08,Illinois,Illinois,illinois,Yes,86,68,W,0,Opponent Home,OPPONENT_HOME,,,,,,,REGULAR_SEASON,,177,Dec. 8 at Illinois NR/NR 86-68 W,resolved,,,,,,,
KYRAW-01228,kentucky,historical_record_book,1965-1966,1966,1965-12-11,Northwestern,Northwestern,northwestern,Yes,86,75,W,0,Kentucky Home,SOURCE_PROGRAM_HOME,Memorial Coliseum,Memorial Coliseum,Lexington,KY,,,REGULAR_SEASON,,177,Dec. 11 NORTHWESTERN NR/NR 86-75 W,resolved,,,,,,,
KYRAW-01229,kentucky,historical_record_book,1965-1966,1966,1965-12-17,Air Force,Air Force,air-force,Yes,78,58,W,0,Kentucky Home,SOURCE_PROGRAM_HOME,Memorial Coliseum,Memorial Coliseum,Lexington,KY,,,REGULAR_SEASON,,177,Dec. 17 1 AIR FORCE NR/NR 78-58 W,resolved,,,,,,,
KYRAW-01230,kentucky,historical_record_book,1965-1966,1966,1965-12-18,Indiana,Indiana,indiana,Yes,91,56,W,0,Kentucky Home,SOURCE_PROGRAM_HOME,Memorial Coliseum,Memorial Coliseum,Lexington,KY,,,REGULAR_SEASON,,177,Dec. 18 1 INDIANA (finals) NR/NR 91-56 W,resolved,,,,,,,
KYRAW-01231,kentucky,historical_record_book,1965-1966,1966,1965-12-22,Texas Tech,Texas Tech,texas-tech,Yes,89,73,W,0,Opponent Home,OPPONENT_HOME,,,,,,,REGULAR_SEASON,,177,Dec. 22 at Texas Tech 10/NR 89-73 W,resolved,,,,,,,
KYRAW-01232,kentucky,historical_record_book,1965-1966,1966,1965-12-29,Notre Dame,Notre Dame,notre-dame,Yes,103,69,W,0,Neutral,NEUTRAL,,,,,,,REGULAR_SEASON,,177,Dec. 29 2 vs. Notre Dame 5/NR 103-69 W,resolved,,,,,,,
KYRAW-01233,kentucky,historical_record_book,1965-1966,1966,1966-01-03,Saint Louis,Saint Louis,saint-louis,Yes,80,70,W,0,Kentucky Home,SOURCE_PROGRAM_HOME,Memorial Coliseum,Memorial Coliseum,Lexington,KY,,,REGULAR_SEASON,,177,Jan. 3 SAINT LOUIS 5/NR 80-70 W,resolved,,,,,,,
KYRAW-01234,kentucky,historical_record_book,1965-1966,1966,1966-01-08,Florida,Florida,florida,Yes,78,64,W,0,Opponent Home,OPPONENT_HOME,,,,,,,REGULAR_SEASON,,177,Jan. 8 * at Florida 2/NR 78-64 W,resolved,,,,,,,
KYRAW-01235,kentucky,historical_record_book,1965-1966,1966,1966-01-10,Georgia,Georgia,georgia,Yes,69,65,W,2,Opponent Home,OPPONENT_HOME,,,,,,,REGULAR_SEASON,,177,Jan. 10 * at Georgia 2/NR 69-65 W 2OT,resolved,,,,,,,
KYRAW-01236,kentucky,historical_record_book,1965-1966,1966,1966-01-15,Vanderbilt,Vanderbilt,vanderbilt,Yes,96,83,W,0,Kentucky Home,SOURCE_PROGRAM_HOME,Memorial Coliseum,Memorial Coliseum,Lexington,KY,,,REGULAR_SEASON,,177,Jan. 15 * VANDERBILT 2/3 96-83 W,resolved,,,,,,,
KYRAW-01237,kentucky,historical_record_book,1965-1966,1966,1966-01-24,LSU,LSU,lsu,Yes,111,85,W,0,Kentucky Home,SOURCE_PROGRAM_HOME,Memorial Coliseum,Memorial Coliseum,Lexington,KY,,,REGULAR_SEASON,,177,Jan. 24 * LSU 2/NR 111-85 W,resolved,,,,,,,
KYRAW-01238,kentucky,historical_record_book,1965-1966,1966,1966-01-29,Auburn,Auburn,auburn,Yes,115,78,W,0,Kentucky Home,SOURCE_PROGRAM_HOME,Memorial Coliseum,Memorial Coliseum,Lexington,KY,,,REGULAR_SEASON,,177,Jan. 29 * AUBURN 2/NR 115-78 W,resolved,,,,,,,
KYRAW-01239,kentucky,historical_record_book,1965-1966,1966,1966-01-31,Alabama,Alabama,alabama,Yes,82,62,W,0,Kentucky Home,SOURCE_PROGRAM_HOME,Memorial Coliseum,Memorial Coliseum,Lexington,KY,,,REGULAR_SEASON,,177,Jan. 31 * ALABAMA 2/NR 82-62 W,resolved,,,,,,,
KYRAW-01240,kentucky,historical_record_book,1965-1966,1966,1966-02-02,Vanderbilt,Vanderbilt,vanderbilt,Yes,105,90,W,0,Opponent Home,OPPONENT_HOME,,,,,,,REGULAR_SEASON,,177,Feb. 2 * at Vanderbilt 2/3 105-90 W,resolved,,,,,,,
KYRAW-01241,kentucky,historical_record_book,1965-1966,1966,1966-02-05,Georgia,Georgia,georgia,Yes,74,50,W,0,Kentucky Home,SOURCE_PROGRAM_HOME,Memorial Coliseum,Memorial Coliseum,Lexington,KY,,,REGULAR_SEASON,,177,Feb. 5 * GEORGIA 2/NR 74-50 W,resolved,,,,,,,
KYRAW-01242,kentucky,historical_record_book,1965-1966,1966,1966-02-07,Florida,Florida,florida,Yes,85,75,W,0,Kentucky Home,SOURCE_PROGRAM_HOME,Memorial Coliseum,Memorial Coliseum,Lexington,KY,,,REGULAR_SEASON,,177,Feb. 7 * FLORIDA 2/NR 85-75 W,resolved,,,,,,,
KYRAW-01243,kentucky,historical_record_book,1965-1966,1966,1966-02-12,Auburn,Auburn,auburn,Yes,77,64,W,0,Opponent Home,OPPONENT_HOME,,,,,,,REGULAR_SEASON,,177,Feb. 12 * at Auburn 1/NR 77-64 W,resolved,,,,,,,
KYRAW-01244,kentucky,historical_record_book,1965-1966,1966,1966-02-14,Alabama,Alabama,alabama,Yes,90,67,W,0,Opponent Home,OPPONENT_HOME,,,,,,,REGULAR_SEASON,,177,Feb. 14 * at Alabama 1/NR 90-67 W,resolved,,,,,,,
KYRAW-01245,kentucky,historical_record_book,1965-1966,1966,1966-02-19,Mississippi State,Mississippi State,mississippi-state,Yes,73,69,W,0,Opponent Home,OPPONENT_HOME,,,,,,,REGULAR_SEASON,,177,Feb. 19 * at Mississippi State 1/NR 73-69 W,resolved,,,,,,,
KYRAW-01246,kentucky,historical_record_book,1965-1966,1966,1966-02-21,Ole Miss,Ole Miss,ole-miss,Yes,108,65,W,0,Opponent Home,OPPONENT_HOME,,,,,,,REGULAR_SEASON,,177,Feb. 21 * at Ole Miss 1/NR 108-65 W,resolved,,,,,,,
KYRAW-01247,kentucky,historical_record_book,1965-1966,1966,1966-02-26,Tennessee,Tennessee,tennessee,Yes,78,64,W,0,Kentucky Home,SOURCE_PROGRAM_HOME,Memorial Coliseum,Memorial Coliseum,Lexington,KY,,,REGULAR_SEASON,,177,Feb. 26 * TENNESSEE 1/NR 78-64 W,resolved,,,,,,,
KYRAW-01248,kentucky,historical_record_book,1965-1966,1966,1966-03-05,Tennessee,Tennessee,tennessee,Yes,62,69,L,0,Opponent Home,OPPONENT_HOME,,,,,,,REGULAR_SEASON,,177,Mar. 5 * at Tennessee 1/NR 62-69 L,resolved,,,,,,,
KYRAW-01249,kentucky,historical_record_book,1965-1966,1966,1966-03-07,Tulane,Tulane,tulane,Yes,103,74,W,0,Kentucky Home,SOURCE_PROGRAM_HOME,Memorial Coliseum,Memorial Coliseum,Lexington,KY,,,REGULAR_SEASON,,177,Mar. 7 * TULANE 1/NR 103-74 W,resolved,,,,,,,
KYRAW-01250,kentucky,historical_record_book,1965-1966,1966,1966-03-11,Dayton,Dayton,dayton,Yes,86,79,W,0,Neutral,NEUTRAL,,,,,NCAA Tournament,,NCAA_TOURNAMENT,Sweet Sixteen,177,Mar. 11 3 vs. Dayton# 1/NR 86-79 W,resolved,,,,,,,
KYRAW-01251,kentucky,historical_record_book,1965-1966,1966,1966-03-12,Michigan,Michigan,michigan,Yes,84,77,W,0,Neutral,NEUTRAL,,,,,NCAA Tournament,,NCAA_TOURNAMENT,Elite Eight,177,Mar. 12 3 vs. Michigan 1/9 84-77 W,resolved,,,,,,,
KYRAW-01252,kentucky,historical_record_book,1965-1966,1966,1966-03-18,Duke,Duke,duke,Yes,83,79,W,0,Neutral,NEUTRAL,,,,,NCAA Tournament,,NCAA_TOURNAMENT,Final Four,177,Mar. 18 4 vs. Duke 1/2 83-79 W,resolved,,,,,,,
KYRAW-01253,kentucky,historical_record_book,1965-1966,1966,1966-03-19,UTEP,UTEP,utep,Yes,65,72,L,0,Neutral,NEUTRAL,,,,,NCAA Tournament,,NCAA_TOURNAMENT,Championship,177,Mar. 19 4 vs. UTEP 1/3 65-72 L,resolved,,,,,,,
KYRAW-01254,kentucky,historical_record_book,1966-1967,1967,1966-12-03,Virginia,Virginia,virginia,Yes,104,84,W,0,Kentucky Home,SOURCE_PROGRAM_HOME,Memorial Coliseum,Memorial Coliseum,Lexington,KY,,,REGULAR_SEASON,,178,Dec. 3 VIRGINIA 3/NR 104-84 W,resolved,,,,,,,
KYRAW-01255,kentucky,historical_record_book,1966-1967,1967,1966-12-05,Illinois,Illinois,illinois,Yes,97,98,L,1,Kentucky Home,SOURCE_PROGRAM_HOME,Memorial Coliseum,Memorial Coliseum,Lexington,KY,,,REGULAR_SEASON,,178,Dec. 5 ILLINOIS 3/NR 97-98 L OT,resolved,,,,,,,
KYRAW-01256,kentucky,historical_record_book,1966-1967,1967,1966-12-10,Northwestern,Northwestern,northwestern,Yes,118,116,W,0,Opponent Home,OPPONENT_HOME,,,,,,,REGULAR_SEASON,,178,Dec. 10 at Northwestern 3/NR 118-116 W,resolved,,,,,,,
KYRAW-01257,kentucky,historical_record_book,1966-1967,1967,1966-12-13,North Carolina,North Carolina,north-carolina,Yes,55,64,L,0,Kentucky Home,SOURCE_PROGRAM_HOME,Memorial Coliseum,Memorial Coliseum,Lexington,KY,,,REGULAR_SEASON,,178,Dec. 13 NORTH CAROLINA 4/6 55-64 L,resolved,,,,,,,
KYRAW-01258,kentucky,historical_record_book,1966-1967,1967,1966-12-17,Florida,Florida,florida,Yes,75,78,L,0,Kentucky Home,SOURCE_PROGRAM_HOME,Memorial Coliseum,Memorial Coliseum,Lexington,KY,,,REGULAR_SEASON,,178,Dec. 17 * FLORIDA 4/NR 75-78 L,resolved,,,,,,,
KYRAW-01259,kentucky,historical_record_book,1966-1967,1967,1966-12-22,Oregon State,Oregon State,oregon-state,Yes,96,66,W,0,Kentucky Home,SOURCE_PROGRAM_HOME,Memorial Coliseum,Memorial Coliseum,Lexington,KY,,,REGULAR_SEASON,,178,Dec. 22 1 OREGON STATE NR/NR 96-66 W,resolved,,,,,,,
KYRAW-01260,kentucky,historical_record_book,1966-1967,1967,1966-12-23,Kansas State,Kansas State,kansas-state,Yes,83,79,W,0,Kentucky Home,SOURCE_PROGRAM_HOME,Memorial Coliseum,Memorial Coliseum,Lexington,KY,,,REGULAR_SEASON,,178,Dec. 23 1 KANSAS STATE NR/NR 83-79 W,resolved,,,,,,,
KYRAW-01261,kentucky,historical_record_book,1966-1967,1967,1966-12-28,Cornell,Cornell,cornell,Yes,77,92,L,0,Kentucky Home,SOURCE_PROGRAM_HOME,Memorial Coliseum,Memorial Coliseum,Lexington,KY,,,REGULAR_SEASON,,178,Dec. 28 CORNELL NR/NR 77-92 L,resolved,,,,,,,
KYRAW-01262,kentucky,historical_record_book,1966-1967,1967,1966-12-31,Notre Dame,Notre Dame,notre-dame,Yes,96,85,W,0,Neutral,NEUTRAL,,,,,,,REGULAR_SEASON,,178,Dec. 31 2 vs. Notre Dame NR/NR 96-85 W,resolved,,,,,,,
KYRAW-01263,kentucky,historical_record_book,1966-1967,1967,1967-01-05,Vanderbilt,Vanderbilt,vanderbilt,Yes,89,91,L,1,Kentucky Home,SOURCE_PROGRAM_HOME,Memorial Coliseum,Memorial Coliseum,Lexington,KY,,,REGULAR_SEASON,,178,Jan. 5 * VANDERBILT NR/NR 89-91 L OT,resolved,,,,,,,
KYRAW-01264,kentucky,historical_record_book,1966-1967,1967,1967-01-14,Florida,Florida,florida,Yes,72,89,L,0,Opponent Home,OPPONENT_HOME,,,,,,,REGULAR_SEASON,,178,Jan. 14 * at Florida NR/10 72-89 L,resolved,,,,,,,
KYRAW-01265,kentucky,historical_record_book,1966-1967,1967,1967-01-16,Georgia,Georgia,georgia,Yes,40,49,L,0,Opponent Home,OPPONENT_HOME,,,,,,,REGULAR_SEASON,,178,Jan. 16 * at Georgia NR/NR 40-49 L,resolved,,,,,,,
KYRAW-01266,kentucky,historical_record_book,1966-1967,1967,1967-01-21,Auburn,Auburn,auburn,Yes,60,58,W,0,Kentucky Home,SOURCE_PROGRAM_HOME,Memorial Coliseum,Memorial Coliseum,Lexington,KY,,,REGULAR_SEASON,,178,Jan. 21 * AUBURN NR/NR 60-58 W,resolved,,,,,,,
KYRAW-01267,kentucky,historical_record_book,1966-1967,1967,1967-01-23,Tennessee,Tennessee,tennessee,Yes,50,52,L,2,Kentucky Home,SOURCE_PROGRAM_HOME,Memorial Coliseum,Memorial Coliseum,Lexington,KY,,,REGULAR_SEASON,,178,Jan. 23 * TENNESSEE NR/NR 50-52 L 2OT,resolved,,,,,,,
KYRAW-01268,kentucky,historical_record_book,1966-1967,1967,1967-01-28,LSU,LSU,lsu,Yes,102,72,W,0,Kentucky Home,SOURCE_PROGRAM_HOME,Memorial Coliseum,Memorial Coliseum,Lexington,KY,,,REGULAR_SEASON,,178,Jan. 28 * LSU NR/NR 102-72 W,resolved,,,,,,,
KYRAW-01269,kentucky,historical_record_book,1966-1967,1967,1967-01-30,Ole Miss,Ole Miss,ole-miss,Yes,96,53,W,0,Kentucky Home,SOURCE_PROGRAM_HOME,Memorial Coliseum,Memorial Coliseum,Lexington,KY,,,REGULAR_SEASON,,178,Jan. 30 * OLE MISS NR/NR 96-53 W,resolved,,,,,,,
KYRAW-01270,kentucky,historical_record_book,1966-1967,1967,1967-02-04,LSU,LSU,lsu,Yes,105,84,W,0,Opponent Home,OPPONENT_HOME,,,,,,,REGULAR_SEASON,,178,Feb. 4 * at LSU NR/NR 105-84 W,resolved,,,,,,,
KYRAW-01271,kentucky,historical_record_book,1966-1967,1967,1967-02-06,Ole Miss,Ole Miss,ole-miss,Yes,79,70,W,0,Opponent Home,OPPONENT_HOME,,,,,,,REGULAR_SEASON,,178,Feb. 6 * at Ole Miss NR/NR 79-70 W,resolved,,,,,,,
KYRAW-01272,kentucky,historical_record_book,1966-1967,1967,1967-02-11,Mississippi State,Mississippi State,mississippi-state,Yes,72,77,L,1,Kentucky Home,SOURCE_PROGRAM_HOME,Memorial Coliseum,Memorial Coliseum,Lexington,KY,,,REGULAR_SEASON,,178,Feb. 11 * MISSISSIPPI STATE NR/NR 72-77 L OT,resolved,,,,,,,
KYRAW-01273,kentucky,historical_record_book,1966-1967,1967,1967-02-13,Tennessee,Tennessee,tennessee,Yes,57,76,L,0,Opponent Home,OPPONENT_HOME,,,,,,,REGULAR_SEASON,,178,Feb. 13 * at Tennessee NR/NR 57-76 L,resolved,,,,,,,
KYRAW-01274,kentucky,historical_record_book,1966-1967,1967,1967-02-18,Mississippi State,Mississippi State,mississippi-state,Yes,103,74,W,0,Opponent Home,OPPONENT_HOME,,,,,,,REGULAR_SEASON,,178,Feb. 18 * at Mississippi State# NR/NR 103-74 W,resolved,,,,,,,
KYRAW-01275,kentucky,historical_record_book,1966-1967,1967,1967-02-20,Georgia,Georgia,georgia,Yes,101,76,W,0,Kentucky Home,SOURCE_PROGRAM_HOME,Memorial Coliseum,Memorial Coliseum,Lexington,KY,,,REGULAR_SEASON,,178,Feb. 20 * GEORGIA NR/NR 101-76 W,resolved,,,,,,,
KYRAW-01276,kentucky,historical_record_book,1966-1967,1967,1967-02-25,Alabama,Alabama,alabama,Yes,71,81,L,0,Opponent Home,OPPONENT_HOME,,,,,,,REGULAR_SEASON,,178,Feb. 25 * at Alabama NR/NR 71-81 L,resolved,,,,,,,
KYRAW-01277,kentucky,historical_record_book,1966-1967,1967,1967-02-27,Auburn,Auburn,auburn,Yes,49,60,L,0,Opponent Home,OPPONENT_HOME,,,,,,,REGULAR_SEASON,,178,Feb. 27 * at Auburn NR/NR 49-60 L,resolved,,,,,,,
KYRAW-01278,kentucky,historical_record_book,1966-1967,1967,1967-03-04,Vanderbilt,Vanderbilt,vanderbilt,Yes,94,110,L,0,Opponent Home,OPPONENT_HOME,,,,,,,REGULAR_SEASON,,178,Mar. 4 * at Vanderbilt NR/NR 94-110 L,resolved,,,,,,,
KYRAW-01279,kentucky,historical_record_book,1966-1967,1967,1967-03-06,Alabama,Alabama,alabama,Yes,110,78,W,0,Kentucky Home,SOURCE_PROGRAM_HOME,Memorial Coliseum,Memorial Coliseum,Lexington,KY,,,REGULAR_SEASON,,178,Mar. 6 * ALABAMA NR/NR 110-78 W,resolved,,,,,,,
KYRAW-01280,kentucky,historical_record_book,1967-1968,1968,1967-12-02,Michigan,Michigan,michigan,Yes,96,79,W,0,Opponent Home,OPPONENT_HOME,,,,,,,REGULAR_SEASON,,178,Dec. 2 at Michigan NR/NR 96-79 W,resolved,,,,,,,
KYRAW-01281,kentucky,historical_record_book,1967-1968,1968,1967-12-04,Florida,Florida,florida,Yes,99,76,W,0,Kentucky Home,SOURCE_PROGRAM_HOME,Memorial Coliseum,Memorial Coliseum,Lexington,KY,,,REGULAR_SEASON,,178,Dec. 4 * FLORIDA NR/NR 99-76 W,resolved,,,,,,,
KYRAW-01282,kentucky,historical_record_book,1967-1968,1968,1967-12-06,Xavier,Xavier,xavier,Yes,111,76,W,0,Kentucky Home,SOURCE_PROGRAM_HOME,Memorial Coliseum,Memorial Coliseum,Lexington,KY,,,REGULAR_SEASON,,178,Dec. 6 XAVIER 9/NR 111-76 W,resolved,,,,,,,
KYRAW-01283,kentucky,historical_record_book,1967-1968,1968,1967-12-09,Pennsylvania,Penn,pennsylvania,Yes,64,49,W,0,Kentucky Home,SOURCE_PROGRAM_HOME,Memorial Coliseum,Memorial Coliseum,Lexington,KY,,,REGULAR_SEASON,,178,Dec. 9 PENNSYLVANIA 9/NR 64-49 W,resolved,,,,,,,
KYRAW-01284,kentucky,historical_record_book,1967-1968,1968,1967-12-12,North Carolina,North Carolina,north-carolina,Yes,77,84,L,0,Neutral,NEUTRAL,,,,,,,REGULAR_SEASON,,178,Dec. 12 1 vs. North Carolina 4/7 77-84 L,resolved,,,,,,,
KYRAW-01285,kentucky,historical_record_book,1967-1968,1968,1967-12-22,Dayton,Dayton,dayton,Yes,88,85,W,0,Kentucky Home,SOURCE_PROGRAM_HOME,Memorial Coliseum,Memorial Coliseum,Lexington,KY,,,REGULAR_SEASON,,178,Dec. 22 2 DAYTON 7/NR 88-85 W,resolved,,,,,,,
KYRAW-01286,kentucky,historical_record_book,1967-1968,1968,1967-12-23,South Carolina,South Carolina,south-carolina,Yes,76,66,W,0,Kentucky Home,SOURCE_PROGRAM_HOME,Memorial Coliseum,Memorial Coliseum,Lexington,KY,,,REGULAR_SEASON,,178,Dec. 23 2 SOUTH CAROLINA 7/NR 76-66 W,resolved,,,,,,,
KYRAW-01287,kentucky,historical_record_book,1967-1968,1968,1967-12-30,Notre Dame,Notre Dame,notre-dame,Yes,81,73,W,0,Neutral,NEUTRAL,,,,,,,REGULAR_SEASON,,178,Dec. 30 3 vs. Notre Dame 6/NR 81-73 W,resolved,,,,,,,
KYRAW-01288,kentucky,historical_record_book,1967-1968,1968,1968-01-06,Vanderbilt,Vanderbilt,vanderbilt,Yes,94,78,W,0,Opponent Home,OPPONENT_HOME,,,,,,,REGULAR_SEASON,,178,Jan. 6 * at Vanderbilt 5/4 94-78 W,resolved,,,,,,,
KYRAW-01289,kentucky,historical_record_book,1967-1968,1968,1968-01-08,Alabama,Alabama,alabama,Yes,84,76,W,0,Opponent Home,OPPONENT_HOME,,,,,,,REGULAR_SEASON,,178,Jan. 8 * at Alabama 5/NR 84-76 W,resolved,,,,,,,
KYRAW-01290,kentucky,historical_record_book,1967-1968,1968,1968-01-13,Florida,Florida,florida,Yes,78,96,L,0,Opponent Home,OPPONENT_HOME,,,,,,,REGULAR_SEASON,,178,Jan. 13 * at Florida 4/NR 78-96 L,resolved,,,,,,,
KYRAW-01291,kentucky,historical_record_book,1967-1968,1968,1968-01-15,Georgia,Georgia,georgia,Yes,104,73,W,0,Kentucky Home,SOURCE_PROGRAM_HOME,Memorial Coliseum,Memorial Coliseum,Lexington,KY,,,REGULAR_SEASON,,178,Jan. 15 * GEORGIA 4/NR 104-73 W,resolved,,,,,,,
KYRAW-01292,kentucky,historical_record_book,1967-1968,1968,1968-01-20,Auburn,Auburn,auburn,Yes,73,74,L,0,Opponent Home,OPPONENT_HOME,,,,,,,REGULAR_SEASON,,178,Jan. 20 * at Auburn 8/NR 73-74 L,resolved,,,,,,,
KYRAW-01293,kentucky,historical_record_book,1967-1968,1968,1968-01-22,Tennessee,Tennessee,tennessee,Yes,59,87,L,0,Opponent Home,OPPONENT_HOME,,,,,,,REGULAR_SEASON,,178,Jan. 22 * at Tennessee 8/4 59-87 L,resolved,,,,,,,
KYRAW-01294,kentucky,historical_record_book,1967-1968,1968,1968-01-27,LSU,LSU,lsu,Yes,121,95,W,0,Opponent Home,OPPONENT_HOME,,,,,,,REGULAR_SEASON,,178,Jan. 27 * at LSU 9/NR 121-95 W,resolved,,,,,,,
KYRAW-01295,kentucky,historical_record_book,1967-1968,1968,1968-01-29,Ole Miss,Ole Miss,ole-miss,Yes,85,76,W,0,Opponent Home,OPPONENT_HOME,,,,,,,REGULAR_SEASON,,178,Jan. 29 * at Ole Miss 9/NR 85-76 W,resolved,,,,,,,
KYRAW-01296,kentucky,historical_record_book,1967-1968,1968,1968-02-03,LSU,LSU,lsu,Yes,109,96,W,0,Kentucky Home,SOURCE_PROGRAM_HOME,Memorial Coliseum,Memorial Coliseum,Lexington,KY,,,REGULAR_SEASON,,178,Feb. 3 * LSU 10/NR 109-96 W,resolved,,,,,,,
KYRAW-01297,kentucky,historical_record_book,1967-1968,1968,1968-02-05,Ole Miss,Ole Miss,ole-miss,Yes,78,62,W,0,Kentucky Home,SOURCE_PROGRAM_HOME,Memorial Coliseum,Memorial Coliseum,Lexington,KY,,,REGULAR_SEASON,,178,Feb. 5 * OLE MISS 10/NR 78-62 W,resolved,,,,,,,
KYRAW-01298,kentucky,historical_record_book,1967-1968,1968,1968-02-10,Mississippi State,Mississippi State,mississippi-state,Yes,92,84,W,0,Opponent Home,OPPONENT_HOME,,,,,,,REGULAR_SEASON,,178,Feb. 10 * at Mississippi State 8/NR 92-84 W,resolved,,,,,,,
KYRAW-01299,kentucky,historical_record_book,1967-1968,1968,1968-02-12,Tennessee,Tennessee,tennessee,Yes,60,59,W,0,Kentucky Home,SOURCE_PROGRAM_HOME,Memorial Coliseum,Memorial Coliseum,Lexington,KY,,,REGULAR_SEASON,,178,Feb. 12 * TENNESSEE 8/5 60-59 W,resolved,,,,,,,
KYRAW-01300,kentucky,historical_record_book,1967-1968,1968,1968-02-17,Mississippi State,Mississippi State,mississippi-state,Yes,107,81,W,0,Kentucky Home,SOURCE_PROGRAM_HOME,Memorial Coliseum,Memorial Coliseum,Lexington,KY,,,REGULAR_SEASON,,178,Feb. 17 * MISSISSIPPI STATE 8/NR 107-81 W,resolved,,,,,,,
KYRAW-01301,kentucky,historical_record_book,1967-1968,1968,1968-02-19,Georgia,Georgia,georgia,Yes,106,87,W,0,Opponent Home,OPPONENT_HOME,,,,,,,REGULAR_SEASON,,178,Feb. 19 * at Georgia 8/NR 106-87 W,resolved,,,,,,,
KYRAW-01302,kentucky,historical_record_book,1967-1968,1968,1968-02-24,Alabama,Alabama,alabama,Yes,96,83,W,0,Kentucky Home,SOURCE_PROGRAM_HOME,Memorial Coliseum,Memorial Coliseum,Lexington,KY,,,REGULAR_SEASON,,178,Feb. 24 * ALABAMA 5/NR 96-83 W,resolved,,,,,,,
KYRAW-01303,kentucky,historical_record_book,1967-1968,1968,1968-02-26,Auburn,Auburn,auburn,Yes,89,57,W,0,Kentucky Home,SOURCE_PROGRAM_HOME,Memorial Coliseum,Memorial Coliseum,Lexington,KY,,,REGULAR_SEASON,,178,Feb. 26 * AUBURN 5/NR 89-57 W,resolved,,,,,,,
KYRAW-01304,kentucky,historical_record_book,1967-1968,1968,1968-03-02,Vanderbilt,Vanderbilt,vanderbilt,Yes,85,80,W,0,Kentucky Home,SOURCE_PROGRAM_HOME,Memorial Coliseum,Memorial Coliseum,Lexington,KY,,,REGULAR_SEASON,,178,Mar. 2 * VANDERBILT 5/NR 85-80 W,resolved,,,,,,,
KYRAW-01305,kentucky,historical_record_book,1967-1968,1968,1968-03-15,Marquette,Marquette,marquette,Yes,107,89,W,0,Kentucky Home,SOURCE_PROGRAM_HOME,Memorial Coliseum,Memorial Coliseum,Lexington,KY,NCAA Tournament,,NCAA_TOURNAMENT,Sweet Sixteen,178,Mar. 15 MARQUETTE 5/NR 107-89 W,resolved,,,,,,,
KYRAW-01306,kentucky,historical_record_book,1967-1968,1968,1968-03-16,Ohio State,Ohio State,ohio-state,Yes,81,82,L,0,Kentucky Home,SOURCE_PROGRAM_HOME,Memorial Coliseum,Memorial Coliseum,Lexington,KY,NCAA Tournament,,NCAA_TOURNAMENT,Elite Eight,178,Mar. 16 OHIO STATE 5/NR 81-82 L,resolved,,,,,,,
KYRAW-01307,kentucky,historical_record_book,1968-1969,1969,1968-11-30,Xavier,Xavier,xavier,Yes,115,77,W,0,Kentucky Home,SOURCE_PROGRAM_HOME,Memorial Coliseum,Memorial Coliseum,Lexington,KY,,,REGULAR_SEASON,,178,Nov. 30 XAVIER 3/NR 115-77 W,resolved,,,,,,,
KYRAW-01308,kentucky,historical_record_book,1968-1969,1969,1968-12-02,Miami (Ohio),Miami University,miami-oh,Yes,86,77,W,0,Opponent Home,OPPONENT_HOME,,,,,,,REGULAR_SEASON,,178,Dec. 2 at Miami (Ohio) 3/NR 86-77 W,resolved,,,,,,,
KYRAW-01309,kentucky,historical_record_book,1968-1969,1969,1968-12-07,North Carolina,North Carolina,north-carolina,Yes,77,87,L,0,Kentucky Home,SOURCE_PROGRAM_HOME,Memorial Coliseum,Memorial Coliseum,Lexington,KY,,,REGULAR_SEASON,,178,Dec. 7 NORTH CAROLINA 3/2 77-87 L,resolved,,,,,,,
KYRAW-01310,kentucky,historical_record_book,1968-1969,1969,1968-12-14,Pennsylvania,Penn,pennsylvania,Yes,102,78,W,0,Opponent Home,OPPONENT_HOME,,,,,,,REGULAR_SEASON,,178,Dec. 14 at Pennsylvania 4/NR 102-78 W,resolved,,,,,,,
KYRAW-01311,kentucky,historical_record_book,1968-1969,1969,1968-12-20,Michigan,Michigan,michigan,Yes,112,104,W,0,Kentucky Home,SOURCE_PROGRAM_HOME,Memorial Coliseum,Memorial Coliseum,Lexington,KY,,,REGULAR_SEASON,,178,Dec. 20 1 MICHIGAN 4/NR 112-104 W,resolved,,,,,,,
KYRAW-01312,kentucky,historical_record_book,1968-1969,1969,1968-12-21,Army,Army,army,Yes,80,65,W,0,Kentucky Home,SOURCE_PROGRAM_HOME,Memorial Coliseum,Memorial Coliseum,Lexington,KY,,,REGULAR_SEASON,,178,Dec. 21 1 ARMY 4/NR 80-65 W,resolved,,,,,,,
KYRAW-01313,kentucky,historical_record_book,1968-1969,1969,1968-12-28,Notre Dame,Notre Dame,notre-dame,Yes,110,90,W,0,Neutral,NEUTRAL,,,,,,,REGULAR_SEASON,,178,Dec. 28 2 vs. Notre Dame 4/7 110-90 W,resolved,,,,,,,
KYRAW-01314,kentucky,historical_record_book,1968-1969,1969,1968-12-31,Wisconsin,Wisconsin,wisconsin,Yes,65,69,L,0,Neutral,NEUTRAL,,,,,,,REGULAR_SEASON,,178,Dec. 31 3 vs. Wisconsin 4/NR 65-69 L,resolved,,,,,,,
KYRAW-01315,kentucky,historical_record_book,1968-1969,1969,1969-01-04,Ole Miss,Ole Miss,ole-miss,Yes,69,59,W,0,Opponent Home,OPPONENT_HOME,,,,,,,REGULAR_SEASON,,178,Jan. 4 * at Ole Miss 3/NR 69-59 W,resolved,,,,,,,
KYRAW-01316,kentucky,historical_record_book,1968-1969,1969,1969-01-06,Mississippi State,Mississippi State,mississippi-state,Yes,91,72,W,0,Opponent Home,OPPONENT_HOME,,,,,,,REGULAR_SEASON,,178,Jan. 6 * at Mississippi State 3/NR 91-72 W,resolved,,,,,,,
KYRAW-01317,kentucky,historical_record_book,1968-1969,1969,1969-01-11,Florida,Florida,florida,Yes,88,67,W,0,Kentucky Home,SOURCE_PROGRAM_HOME,Memorial Coliseum,Memorial Coliseum,Lexington,KY,,,REGULAR_SEASON,,178,Jan. 11 * FLORIDA 7/NR 88-67 W,resolved,,,,,,,
KYRAW-01318,kentucky,historical_record_book,1968-1969,1969,1969-01-13,Georgia,Georgia,georgia,Yes,88,68,W,0,Kentucky Home,SOURCE_PROGRAM_HOME,Memorial Coliseum,Memorial Coliseum,Lexington,KY,,,REGULAR_SEASON,,178,Jan. 13 * GEORGIA 7/NR 88-68 W,resolved,,,,,,,
KYRAW-01319,kentucky,historical_record_book,1968-1969,1969,1969-01-18,Tennessee,Tennessee,tennessee,Yes,69,66,W,0,Opponent Home,OPPONENT_HOME,,,,,,,REGULAR_SEASON,,178,Jan. 18 * at Tennessee 5/NR 69-66 W,resolved,,,,,,,
KYRAW-01320,kentucky,historical_record_book,1968-1969,1969,1969-01-25,LSU,LSU,lsu,Yes,108,96,W,0,Opponent Home,OPPONENT_HOME,,,,,,,REGULAR_SEASON,,178,Jan. 25 * at LSU 5/NR 108-96 W,resolved,,,,,,,
KYRAW-01321,kentucky,historical_record_book,1968-1969,1969,1969-01-27,Alabama,Alabama,alabama,Yes,83,70,W,1,Opponent Home,OPPONENT_HOME,,,,,,,REGULAR_SEASON,,178,Jan. 27 * at Alabama 5/NR 83-70 W OT,resolved,,,,,,,
KYRAW-01322,kentucky,historical_record_book,1968-1969,1969,1969-02-01,Vanderbilt,Vanderbilt,vanderbilt,Yes,103,89,W,0,Kentucky Home,SOURCE_PROGRAM_HOME,Memorial Coliseum,Memorial Coliseum,Lexington,KY,,,REGULAR_SEASON,,178,Feb. 1 * VANDERBILT 5/NR 103-89 W,resolved,,,,,,,
KYRAW-01323,kentucky,historical_record_book,1968-1969,1969,1969-02-03,Auburn,Auburn,auburn,Yes,105,93,W,0,Kentucky Home,SOURCE_PROGRAM_HOME,Memorial Coliseum,Memorial Coliseum,Lexington,KY,,,REGULAR_SEASON,,178,Feb. 3 * AUBURN 5/NR 105-93 W,resolved,,,,,,,
KYRAW-01324,kentucky,historical_record_book,1968-1969,1969,1969-02-08,Ole Miss,Ole Miss,ole-miss,Yes,104,68,W,0,Kentucky Home,SOURCE_PROGRAM_HOME,Memorial Coliseum,Memorial Coliseum,Lexington,KY,,,REGULAR_SEASON,,178,Feb. 8 * OLE MISS 4/NR 104-68 W,resolved,,,,,,,
KYRAW-01325,kentucky,historical_record_book,1968-1969,1969,1969-02-10,Mississippi State,Mississippi State,mississippi-state,Yes,91,69,W,0,Kentucky Home,SOURCE_PROGRAM_HOME,Memorial Coliseum,Memorial Coliseum,Lexington,KY,,,REGULAR_SEASON,,178,Feb. 10 * MISSISSIPPI STATE 4/NR 91-69 W,resolved,,,,,,,
KYRAW-01326,kentucky,historical_record_book,1968-1969,1969,1969-02-15,Florida,Florida,florida,Yes,81,82,L,0,Opponent Home,OPPONENT_HOME,,,,,,,REGULAR_SEASON,,178,Feb. 15 * at Florida 4/NR 81-82 L,resolved,,,,,,,
KYRAW-01327,kentucky,historical_record_book,1968-1969,1969,1969-02-17,Georgia,Georgia,georgia,Yes,85,77,W,0,Opponent Home,OPPONENT_HOME,,,,,,,REGULAR_SEASON,,178,Feb. 17 * at Georgia 4/NR 85-77 W,resolved,,,,,,,
KYRAW-01328,kentucky,historical_record_book,1968-1969,1969,1969-02-22,LSU,LSU,lsu,Yes,103,89,W,0,Kentucky Home,SOURCE_PROGRAM_HOME,Memorial Coliseum,Memorial Coliseum,Lexington,KY,,,REGULAR_SEASON,,178,Feb. 22 * LSU 6/NR 103-89 W,resolved,,,,,,,
KYRAW-01329,kentucky,historical_record_book,1968-1969,1969,1969-02-24,Alabama,Alabama,alabama,Yes,108,79,W,0,Kentucky Home,SOURCE_PROGRAM_HOME,Memorial Coliseum,Memorial Coliseum,Lexington,KY,,,REGULAR_SEASON,,178,Feb. 24 * ALABAMA 6/NR 108-79 W,resolved,,,,,,,
KYRAW-01330,kentucky,historical_record_book,1968-1969,1969,1969-03-01,Vanderbilt,Vanderbilt,vanderbilt,Yes,99,101,L,0,Opponent Home,OPPONENT_HOME,,,,,,,REGULAR_SEASON,,178,Mar. 1 * at Vanderbilt 6/NR 99-101 L,resolved,,,,,,,
KYRAW-01331,kentucky,historical_record_book,1968-1969,1969,1969-03-03,Auburn,Auburn,auburn,Yes,90,86,W,0,Opponent Home,OPPONENT_HOME,,,,,,,REGULAR_SEASON,,178,Mar. 3 * at Auburn 6/NR 90-86 W,resolved,,,,,,,
KYRAW-01332,kentucky,historical_record_book,1968-1969,1969,1969-03-08,Tennessee,Tennessee,tennessee,Yes,84,69,W,0,Kentucky Home,SOURCE_PROGRAM_HOME,Memorial Coliseum,Memorial Coliseum,Lexington,KY,,,REGULAR_SEASON,,178,Mar. 8 * TENNESSEE 7/NR 84-69 W,resolved,,,,,,,
KYRAW-01333,kentucky,historical_record_book,1968-1969,1969,1969-03-13,Marquette,Marquette,marquette,Yes,74,81,L,0,Neutral,NEUTRAL,,,,,NCAA Tournament,,NCAA_TOURNAMENT,Sweet Sixteen,178,Mar. 13 4 vs. Marquette 7/14 74-81 L,resolved,,,,,,,
KYRAW-01334,kentucky,historical_record_book,1968-1969,1969,1969-03-15,Miami (Ohio),Miami University,miami-oh,Yes,72,71,W,0,Neutral,NEUTRAL,,,,,NCAA Tournament,,NCAA_TOURNAMENT,,178,Mar. 15 4 vs. Miami (Ohio) (cons.) 7/NR 72-71 W,resolved,,,,,,,
KYRAW-01335,kentucky,historical_record_book,1969-1970,1970,1969-12-01,West Virginia,West Virginia,west-virginia,Yes,106,87,W,0,Kentucky Home,SOURCE_PROGRAM_HOME,Memorial Coliseum,Memorial Coliseum,Lexington,KY,,,REGULAR_SEASON,,178,Dec. 1 WEST VIRGINIA 2/NR 106-87 W,resolved,,,,,,,
KYRAW-01336,kentucky,historical_record_book,1969-1970,1970,1969-12-06,Kansas,kansas,kansas,Yes,115,85,W,0,Kentucky Home,SOURCE_PROGRAM_HOME,Memorial Coliseum,Memorial Coliseum,Lexington,KY,,,REGULAR_SEASON,,178,Dec. 6 KANSAS 2/NR 115-85 W,resolved,,,,,,,
KYRAW-01337,kentucky,historical_record_book,1969-1970,1970,1969-12-08,North Carolina,North Carolina,north-carolina,Yes,94,87,W,0,Neutral,NEUTRAL,,,,,,,REGULAR_SEASON,,178,Dec. 8 1 vs. North Carolina 2/7 94-87 W,resolved,,,,,,,
KYRAW-01338,kentucky,historical_record_book,1969-1970,1970,1969-12-13,Indiana,Indiana,indiana,Yes,109,92,W,0,Kentucky Home,SOURCE_PROGRAM_HOME,Memorial Coliseum,Memorial Coliseum,Lexington,KY,,,REGULAR_SEASON,,178,Dec. 13 INDIANA 1/NR 109-92 W,resolved,,,,,,,
KYRAW-01339,kentucky,historical_record_book,1969-1970,1970,1969-12-19,Navy,Navy,navy,Yes,73,59,W,0,Kentucky Home,SOURCE_PROGRAM_HOME,Memorial Coliseum,Memorial Coliseum,Lexington,KY,,,REGULAR_SEASON,,178,Dec. 19 2 NAVY 1/NR 73-59 W,resolved,,,,,,,
KYRAW-01340,kentucky,historical_record_book,1969-1970,1970,1969-12-20,Duke,Duke,duke,Yes,98,76,W,0,Kentucky Home,SOURCE_PROGRAM_HOME,Memorial Coliseum,Memorial Coliseum,Lexington,KY,,,REGULAR_SEASON,,178,Dec. 20 2 DUKE 1/NR 98-76 W,resolved,,,,,,,
KYRAW-01341,kentucky,historical_record_book,1969-1970,1970,1969-12-27,Notre Dame,Notre Dame,notre-dame,Yes,102,100,W,0,Neutral,NEUTRAL,,,,,,,REGULAR_SEASON,,178,Dec. 27 3 vs. Notre Dame 1/11 102-100 W,resolved,,,,,,,
KYRAW-01342,kentucky,historical_record_book,1969-1970,1970,1969-12-29,Miami (Ohio),Miami University,miami-oh,Yes,80,58,W,0,Kentucky Home,SOURCE_PROGRAM_HOME,Memorial Coliseum,Memorial Coliseum,Lexington,KY,,,REGULAR_SEASON,,179,Dec. 29 MIAMI (OHIO) 1/NR 80-58 W,resolved,,,,,,,
KYRAW-01343,kentucky,historical_record_book,1969-1970,1970,1970-01-03,Ole Miss,Ole Miss,ole-miss,Yes,95,73,W,0,Kentucky Home,SOURCE_PROGRAM_HOME,Memorial Coliseum,Memorial Coliseum,Lexington,KY,,,REGULAR_SEASON,,179,Jan. 3 * OLE MISS 1/NR 95-73 W,resolved,,,,,,,
KYRAW-01344,kentucky,historical_record_book,1969-1970,1970,1970-01-05,Mississippi State,Mississippi State,mississippi-state,Yes,111,76,W,0,Kentucky Home,SOURCE_PROGRAM_HOME,Memorial Coliseum,Memorial Coliseum,Lexington,KY,,,REGULAR_SEASON,,179,Jan. 5 * MISSISSIPPI STATE 1/NR 111-76 W,resolved,,,,,,,
KYRAW-01345,kentucky,historical_record_book,1969-1970,1970,1970-01-10,Florida,Florida,florida,Yes,88,69,W,0,Opponent Home,OPPONENT_HOME,,,,,,,REGULAR_SEASON,,179,Jan. 10 * at Florida 2/NR 88-69 W,resolved,,,,,,,
KYRAW-01346,kentucky,historical_record_book,1969-1970,1970,1970-01-12,Georgia,Georgia,georgia,Yes,72,71,W,0,Opponent Home,OPPONENT_HOME,,,,,,,REGULAR_SEASON,,179,Jan. 12 * at Georgia 2/NR 72-71 W,resolved,,,,,,,
KYRAW-01347,kentucky,historical_record_book,1969-1970,1970,1970-01-17,Tennessee,Tennessee,tennessee,Yes,68,52,W,0,Kentucky Home,SOURCE_PROGRAM_HOME,Memorial Coliseum,Memorial Coliseum,Lexington,KY,,,REGULAR_SEASON,,179,Jan. 17 * TENNESSEE 2/NR 68-52 W,resolved,,,,,,,
KYRAW-01348,kentucky,historical_record_book,1969-1970,1970,1970-01-24,LSU,LSU,lsu,Yes,109,96,W,0,Kentucky Home,SOURCE_PROGRAM_HOME,Memorial Coliseum,Memorial Coliseum,Lexington,KY,,,REGULAR_SEASON,,179,Jan. 24 * LSU 2/NR 109-96 W,resolved,,,,,,,
KYRAW-01349,kentucky,historical_record_book,1969-1970,1970,1970-01-26,Alabama,Alabama,alabama,Yes,86,71,W,0,Kentucky Home,SOURCE_PROGRAM_HOME,Memorial Coliseum,Memorial Coliseum,Lexington,KY,,,REGULAR_SEASON,,179,Jan. 26 * ALABAMA 2/NR 86-71 W,resolved,,,,,,,
KYRAW-01350,kentucky,historical_record_book,1969-1970,1970,1970-01-31,Vanderbilt,Vanderbilt,vanderbilt,Yes,81,89,L,0,Opponent Home,OPPONENT_HOME,,,,,,,REGULAR_SEASON,,179,Jan. 31 * at Vanderbilt 2/NR 81-89 L,resolved,,,,,,,
KYRAW-01351,kentucky,historical_record_book,1969-1970,1970,1970-02-02,Auburn,Auburn,auburn,Yes,84,83,W,0,Opponent Home,OPPONENT_HOME,,,,,,,REGULAR_SEASON,,179,Feb. 2 * at Auburn 2/NR 84-83 W,resolved,,,,,,,
KYRAW-01352,kentucky,historical_record_book,1969-1970,1970,1970-02-07,Ole Miss,Ole Miss,ole-miss,Yes,120,85,W,0,Opponent Home,OPPONENT_HOME,,,,,,,REGULAR_SEASON,,179,Feb. 7 * at Ole Miss 3/NR 120-85 W,resolved,,,,,,,
KYRAW-01353,kentucky,historical_record_book,1969-1970,1970,1970-02-09,Mississippi State,Mississippi State,mississippi-state,Yes,86,57,W,0,Opponent Home,OPPONENT_HOME,,,,,,,REGULAR_SEASON,,179,Feb. 9 * at Mississippi State 3/NR 86-57 W,resolved,,,,,,,
KYRAW-01354,kentucky,historical_record_book,1969-1970,1970,1970-02-14,Florida,Florida,florida,Yes,110,66,W,0,Kentucky Home,SOURCE_PROGRAM_HOME,Memorial Coliseum,Memorial Coliseum,Lexington,KY,,,REGULAR_SEASON,,179,Feb. 14 * FLORIDA 3/NR 110-66 W,resolved,,,,,,,
KYRAW-01355,kentucky,historical_record_book,1969-1970,1970,1970-02-16,Georgia,Georgia,georgia,Yes,116,86,W,0,Kentucky Home,SOURCE_PROGRAM_HOME,Memorial Coliseum,Memorial Coliseum,Lexington,KY,,,REGULAR_SEASON,,179,Feb. 16 * GEORGIA 3/20 116-86 W,resolved,,,,,,,
KYRAW-01356,kentucky,historical_record_book,1969-1970,1970,1970-02-21,LSU,LSU,lsu,Yes,121,105,W,0,Opponent Home,OPPONENT_HOME,,,,,,,REGULAR_SEASON,,179,Feb. 21 * at LSU 2/NR 121-105 W,resolved,,,,,,,
KYRAW-01357,kentucky,historical_record_book,1969-1970,1970,1970-02-23,Alabama,Alabama,alabama,Yes,98,89,W,0,Opponent Home,OPPONENT_HOME,,,,,,,REGULAR_SEASON,,179,Feb. 23 * at Alabama 2/NR 98-89 W,resolved,,,,,,,
KYRAW-01358,kentucky,historical_record_book,1969-1970,1970,1970-02-28,Vanderbilt,Vanderbilt,vanderbilt,Yes,90,86,W,0,Kentucky Home,SOURCE_PROGRAM_HOME,Memorial Coliseum,Memorial Coliseum,Lexington,KY,,,REGULAR_SEASON,,179,Feb. 28 * VANDERBILT 1/NR 90-86 W,resolved,,,,,,,
KYRAW-01359,kentucky,historical_record_book,1969-1970,1970,1970-03-02,Auburn,Auburn,auburn,Yes,102,81,W,0,Kentucky Home,SOURCE_PROGRAM_HOME,Memorial Coliseum,Memorial Coliseum,Lexington,KY,,,REGULAR_SEASON,,179,Mar. 2 * AUBURN 1/NR 102-81 W,resolved,,,,,,,
KYRAW-01360,kentucky,historical_record_book,1969-1970,1970,1970-03-07,Tennessee,Tennessee,tennessee,Yes,86,69,W,0,Opponent Home,OPPONENT_HOME,,,,,,,REGULAR_SEASON,,179,Mar. 7 * at Tennessee 2/NR 86-69 W,resolved,,,,,,,
KYRAW-01361,kentucky,historical_record_book,1969-1970,1970,1970-03-12,Notre Dame,Notre Dame,notre-dame,Yes,109,99,W,0,Neutral,NEUTRAL,,,,,NCAA Tournament,,NCAA_TOURNAMENT,Sweet Sixteen,179,Mar. 12 4 vs. Notre Dame 1/9 109-99 W,resolved,,,,,,,
KYRAW-01362,kentucky,historical_record_book,1969-1970,1970,1970-03-14,Jacksonville,Jacksonville,jacksonville,Yes,100,106,L,0,Neutral,NEUTRAL,,,,,NCAA Tournament,,NCAA_TOURNAMENT,Elite Eight,179,Mar. 14 4 vs. Jacksonville 1/4 100-106 L,resolved,,,,,,,
KYRAW-01363,kentucky,historical_record_book,1970-1971,1971,1970-12-01,Northwestern,Northwestern,northwestern,Yes,115,100,W,0,Opponent Home,OPPONENT_HOME,,,,,,,REGULAR_SEASON,,179,Dec. 1 at Northwestern 3/NR 115-100 W,resolved,,,,,,,
KYRAW-01364,kentucky,historical_record_book,1970-1971,1971,1970-12-05,Michigan,Michigan,michigan,Yes,104,93,W,0,Kentucky Home,SOURCE_PROGRAM_HOME,Memorial Coliseum,Memorial Coliseum,Lexington,KY,,,REGULAR_SEASON,,179,Dec. 5 MICHIGAN 3/NR 104-93 W,resolved,,,,,,,
KYRAW-01365,kentucky,historical_record_book,1970-1971,1971,1970-12-07,West Virginia,West Virginia,west-virginia,Yes,106,100,W,0,Opponent Home,OPPONENT_HOME,,,,,,,REGULAR_SEASON,,179,Dec. 7 at West Virginia 3/NR 106-100 W,resolved,,,,,,,
KYRAW-01366,kentucky,historical_record_book,1970-1971,1971,1970-12-12,Indiana,Indiana,indiana,Yes,95,93,W,1,Opponent Home,OPPONENT_HOME,,,,,,,REGULAR_SEASON,,179,Dec. 12 at Indiana 5/11 95-93 W OT,resolved,,,,,,,
KYRAW-01367,kentucky,historical_record_book,1970-1971,1971,1970-12-18,DePaul,DePaul,depaul,Yes,106,85,W,0,Kentucky Home,SOURCE_PROGRAM_HOME,Memorial Coliseum,Memorial Coliseum,Lexington,KY,,,REGULAR_SEASON,,179,Dec. 18 1 DePAUL 3/NR 106-85 W 1,resolved,,,,,,,
KYRAW-01368,kentucky,historical_record_book,1970-1971,1971,1970-12-19,Purdue,Purdue,purdue,Yes,83,89,L,0,Kentucky Home,SOURCE_PROGRAM_HOME,Memorial Coliseum,Memorial Coliseum,Lexington,KY,,,REGULAR_SEASON,,179,Dec. 19 1 PURDUE (finals) 3/NR 83-89 L 2,resolved,,,,,,,
KYRAW-01369,kentucky,historical_record_book,1970-1971,1971,1970-12-22,Oregon State,Oregon State,oregon-state,Yes,84,78,W,0,Kentucky Home,SOURCE_PROGRAM_HOME,Memorial Coliseum,Memorial Coliseum,Lexington,KY,,,REGULAR_SEASON,,179,Dec. 22 OREGON STATE 7/NR 84-78 W 3,resolved,,,,,,,
KYRAW-01370,kentucky,historical_record_book,1970-1971,1971,1970-12-29,Notre Dame,Notre Dame,notre-dame,Yes,92,99,L,0,Neutral,NEUTRAL,,,,,,,REGULAR_SEASON,,179,Dec. 29 2 vs. Notre Dame 8/NR 92-99 L,resolved,,,,,,,
KYRAW-01371,kentucky,historical_record_book,1970-1971,1971,1971-01-02,Ole Miss,Ole Miss,ole-miss,Yes,103,95,W,0,Opponent Home,OPPONENT_HOME,,,,,,,REGULAR_SEASON,,179,Jan. 2 * at Ole Miss 8/NR 103-95 W,resolved,,,,,,,
KYRAW-01372,kentucky,historical_record_book,1970-1971,1971,1971-01-04,Mississippi State,Mississippi State,mississippi-state,Yes,79,71,W,0,Opponent Home,OPPONENT_HOME,,,,,,,REGULAR_SEASON,,179,Jan. 4 * at Mississippi State 8/NR 79-71 W,resolved,,,,,,,
KYRAW-01373,kentucky,historical_record_book,1970-1971,1971,1971-01-09,Florida,Florida,florida,Yes,101,75,W,0,Kentucky Home,SOURCE_PROGRAM_HOME,Memorial Coliseum,Memorial Coliseum,Lexington,KY,,,REGULAR_SEASON,,179,Jan. 9 * FLORIDA 11/NR 101-75 W,resolved,,,,,,,
KYRAW-01374,kentucky,historical_record_book,1970-1971,1971,1971-01-11,Georgia,Georgia,georgia,Yes,79,66,W,0,Kentucky Home,SOURCE_PROGRAM_HOME,Memorial Coliseum,Memorial Coliseum,Lexington,KY,,,REGULAR_SEASON,,179,Jan. 11 * GEORGIA 11/NR 79-66 W,resolved,,,,,,,
KYRAW-01375,kentucky,historical_record_book,1970-1971,1971,1971-01-16,Tennessee,Tennessee,tennessee,Yes,71,75,L,0,Opponent Home,OPPONENT_HOME,,,,,,,REGULAR_SEASON,,179,Jan. 16 * at Tennessee 10/8 71-75 L,resolved,,,,,,,
KYRAW-01376,kentucky,historical_record_book,1970-1971,1971,1971-01-23,LSU,LSU,lsu,Yes,82,79,W,0,Opponent Home,OPPONENT_HOME,,,,,,,REGULAR_SEASON,,179,Jan. 23 * at LSU 12/NR 82-79 W,resolved,,,,,,,
KYRAW-01377,kentucky,historical_record_book,1970-1971,1971,1971-01-25,Alabama,Alabama,alabama,Yes,86,73,W,0,Opponent Home,OPPONENT_HOME,,,,,,,REGULAR_SEASON,,179,Jan. 25 * at Alabama 12/NR 86-73 W,resolved,,,,,,,
KYRAW-01378,kentucky,historical_record_book,1970-1971,1971,1971-01-30,Vanderbilt,Vanderbilt,vanderbilt,Yes,102,92,W,0,Kentucky Home,SOURCE_PROGRAM_HOME,Memorial Coliseum,Memorial Coliseum,Lexington,KY,,,REGULAR_SEASON,,179,Jan. 30 * VANDERBILT 11/NR 102-92 W,resolved,,,,,,,
KYRAW-01379,kentucky,historical_record_book,1970-1971,1971,1971-02-01,Auburn,Auburn,auburn,Yes,114,76,W,0,Kentucky Home,SOURCE_PROGRAM_HOME,Memorial Coliseum,Memorial Coliseum,Lexington,KY,,,REGULAR_SEASON,,179,Feb. 1 * AUBURN 11/NR 114-76 W,resolved,,,,,,,
KYRAW-01380,kentucky,historical_record_book,1970-1971,1971,1971-02-06,Ole Miss,Ole Miss,ole-miss,Yes,121,86,W,0,Kentucky Home,SOURCE_PROGRAM_HOME,Memorial Coliseum,Memorial Coliseum,Lexington,KY,,,REGULAR_SEASON,,179,Feb. 6 * OLE MISS 8/NR 121-86 W,resolved,,,,,,,
KYRAW-01381,kentucky,historical_record_book,1970-1971,1971,1971-02-08,Mississippi State,Mississippi State,mississippi-state,Yes,102,83,W,0,Kentucky Home,SOURCE_PROGRAM_HOME,Memorial Coliseum,Memorial Coliseum,Lexington,KY,,,REGULAR_SEASON,,179,Feb. 8 * MISSISSIPPI STATE 8/NR 102-83 W,resolved,,,,,,,
KYRAW-01382,kentucky,historical_record_book,1970-1971,1971,1971-02-13,Florida,Florida,florida,Yes,65,74,L,0,Opponent Home,OPPONENT_HOME,,,,,,,REGULAR_SEASON,,179,Feb. 13 * at Florida 8/NR 65-74 L,resolved,,,,,,,
KYRAW-01383,kentucky,historical_record_book,1970-1971,1971,1971-02-15,Georgia,Georgia,georgia,Yes,107,95,W,0,Opponent Home,OPPONENT_HOME,,,,,,,REGULAR_SEASON,,179,Feb. 15 * at Georgia 8/NR 107-95 W,resolved,,,,,,,
KYRAW-01384,kentucky,historical_record_book,1970-1971,1971,1971-02-20,LSU,LSU,lsu,Yes,110,73,W,0,Kentucky Home,SOURCE_PROGRAM_HOME,Memorial Coliseum,Memorial Coliseum,Lexington,KY,,,REGULAR_SEASON,,179,Feb. 20 * LSU 12/NR 110-73 W,resolved,,,,,,,
KYRAW-01385,kentucky,historical_record_book,1970-1971,1971,1971-02-22,Alabama,Alabama,alabama,Yes,101,74,W,0,Kentucky Home,SOURCE_PROGRAM_HOME,Memorial Coliseum,Memorial Coliseum,Lexington,KY,,,REGULAR_SEASON,,179,Feb. 22 * ALABAMA 12/NR 101-74 W,resolved,,,,,,,
KYRAW-01386,kentucky,historical_record_book,1970-1971,1971,1971-02-27,Vanderbilt,Vanderbilt,vanderbilt,Yes,119,90,W,0,Opponent Home,OPPONENT_HOME,,,,,,,REGULAR_SEASON,,179,Feb. 27 * at Vanderbilt 10/NR 119-90 W,resolved,,,,,,,
KYRAW-01387,kentucky,historical_record_book,1970-1971,1971,1971-03-01,Auburn,Auburn,auburn,Yes,102,83,W,0,Opponent Home,OPPONENT_HOME,,,,,,,REGULAR_SEASON,,179,Mar. 1 * at Auburn 10/NR 102-83 W,resolved,,,,,,,
KYRAW-01388,kentucky,historical_record_book,1970-1971,1971,1971-03-06,Tennessee,Tennessee,tennessee,Yes,84,78,W,0,Kentucky Home,SOURCE_PROGRAM_HOME,Memorial Coliseum,Memorial Coliseum,Lexington,KY,,,REGULAR_SEASON,,179,Mar. 6 * TENNESSEE 8/14 84-78 W,resolved,,,,,,,
KYRAW-01389,kentucky,historical_record_book,1970-1971,1971,1971-03-18,Western Kentucky,Western Kentucky,western-kentucky,Yes,83,107,L,0,Neutral,NEUTRAL,,,,,NCAA Tournament,,NCAA_TOURNAMENT,Sweet Sixteen,179,Mar. 18 3 vs. Western Kentucky 8/7 83-107 L,resolved,,,,,,,
KYRAW-01390,kentucky,historical_record_book,1970-1971,1971,1971-03-20,Marquette,Marquette,marquette,Yes,74,91,L,0,Neutral,NEUTRAL,,,,,NCAA Tournament,,NCAA_TOURNAMENT,,179,Mar. 20 3 vs. Marquette 8/2 74-91 L,resolved,,,,,,,
KYRAW-01391,kentucky,historical_record_book,1971-1972,1972,1971-12-01,Northwestern,Northwestern,northwestern,Yes,94,85,W,0,Kentucky Home,SOURCE_PROGRAM_HOME,Memorial Coliseum,Memorial Coliseum,Lexington,KY,,,REGULAR_SEASON,,179,Dec. 1 NORTHWESTERN 10/NR 94-85 W,resolved,,,,,,,
KYRAW-01392,kentucky,historical_record_book,1971-1972,1972,1971-12-04,Kansas,kansas,kansas,Yes,79,69,W,0,Opponent Home,OPPONENT_HOME,,,,,,,REGULAR_SEASON,,179,Dec. 4 at Kansas 10/14 79-69 W,resolved,,,,,,,
KYRAW-01393,kentucky,historical_record_book,1971-1972,1972,1971-12-06,Kansas State,Kansas State,kansas-state,Yes,71,64,W,0,Opponent Home,OPPONENT_HOME,,,,,,,REGULAR_SEASON,,179,Dec. 6 at Kansas State 10/NR 71-64 W,resolved,,,,,,,
KYRAW-01394,kentucky,historical_record_book,1971-1972,1972,1971-12-11,Indiana,Indiana,indiana,Yes,89,90,L,2,Neutral,NEUTRAL,,,,,,,REGULAR_SEASON,,179,Dec. 11 1 vs. Indiana 7/NR 89-90 L 2OT,resolved,,,,,,,
KYRAW-01395,kentucky,historical_record_book,1971-1972,1972,1971-12-13,Michigan State,Michigan State,michigan-state,Yes,85,91,L,0,Kentucky Home,SOURCE_PROGRAM_HOME,Memorial Coliseum,Memorial Coliseum,Lexington,KY,,,REGULAR_SEASON,,179,Dec. 13 MICHIGAN STATE 7/NR 85-91 L,resolved,,,,,,,
KYRAW-01396,kentucky,historical_record_book,1971-1972,1972,1971-12-17,Missouri,Mizzou,missouri,Yes,83,79,W,0,Kentucky Home,SOURCE_PROGRAM_HOME,Memorial Coliseum,Memorial Coliseum,Lexington,KY,,,REGULAR_SEASON,,179,Dec. 17 2 MISSOURI 7/NR 83-79 W,resolved,,,,,,,
KYRAW-01397,kentucky,historical_record_book,1971-1972,1972,1971-12-18,Princeton,Princeton,princeton,Yes,96,82,W,0,Kentucky Home,SOURCE_PROGRAM_HOME,Memorial Coliseum,Memorial Coliseum,Lexington,KY,,,REGULAR_SEASON,,179,Dec. 18 2 PRINCETON 7/18 96-82 W,resolved,,,,,,,
KYRAW-01398,kentucky,historical_record_book,1971-1972,1972,1971-12-28,Notre Dame,Notre Dame,notre-dame,Yes,83,67,W,0,Neutral,NEUTRAL,,,,,,,REGULAR_SEASON,,179,Dec. 28 1 vs. Notre Dame 12/NR 83-67 W,resolved,,,,,,,
KYRAW-01399,kentucky,historical_record_book,1971-1972,1972,1972-01-08,Ole Miss,Ole Miss,ole-miss,Yes,93,82,W,0,Kentucky Home,SOURCE_PROGRAM_HOME,Memorial Coliseum,Memorial Coliseum,Lexington,KY,,,REGULAR_SEASON,,179,Jan. 8 * OLE MISS 19/NR 93-82 W,resolved,,,,,,,
KYRAW-01400,kentucky,historical_record_book,1971-1972,1972,1972-01-10,Mississippi State,Mississippi State,mississippi-state,Yes,104,76,W,0,Kentucky Home,SOURCE_PROGRAM_HOME,Memorial Coliseum,Memorial Coliseum,Lexington,KY,,,REGULAR_SEASON,,179,Jan. 10 * MISSISSIPPI STATE 19/NR 104-76 W,resolved,,,,,,,
KYRAW-01401,kentucky,historical_record_book,1971-1972,1972,1972-01-15,Florida,Florida,florida,Yes,70,72,L,0,Opponent Home,OPPONENT_HOME,,,,,,,REGULAR_SEASON,,179,Jan. 15 * at Florida NR/NR 70-72 L,resolved,,,,,,,
KYRAW-01402,kentucky,historical_record_book,1971-1972,1972,1972-01-17,Georgia,Georgia,georgia,Yes,73,85,L,0,Opponent Home,OPPONENT_HOME,,,,,,,REGULAR_SEASON,,179,Jan. 17 * at Georgia NR/NR 73-85 L,resolved,,,,,,,
KYRAW-01403,kentucky,historical_record_book,1971-1972,1972,1972-01-22,Tennessee,Tennessee,tennessee,Yes,72,70,W,0,Kentucky Home,SOURCE_PROGRAM_HOME,Memorial Coliseum,Memorial Coliseum,Lexington,KY,,,REGULAR_SEASON,,179,Jan. 22 * TENNESSEE NR/19 72-70 W,resolved,,,,,,,
KYRAW-01404,kentucky,historical_record_book,1971-1972,1972,1972-01-24,Vanderbilt,Vanderbilt,vanderbilt,Yes,106,80,W,0,Kentucky Home,SOURCE_PROGRAM_HOME,Memorial Coliseum,Memorial Coliseum,Lexington,KY,,,REGULAR_SEASON,,179,Jan. 24 * VANDERBILT NR/NR 106-80 W,resolved,,,,,,,
KYRAW-01405,kentucky,historical_record_book,1971-1972,1972,1972-01-29,LSU,LSU,lsu,Yes,89,71,W,0,Kentucky Home,SOURCE_PROGRAM_HOME,Memorial Coliseum,Memorial Coliseum,Lexington,KY,,,REGULAR_SEASON,,179,Jan. 29 * LSU NR/NR 89-71 W,resolved,,,,,,,
KYRAW-01406,kentucky,historical_record_book,1971-1972,1972,1972-01-31,Alabama,Alabama,alabama,Yes,77,74,W,0,Kentucky Home,SOURCE_PROGRAM_HOME,Memorial Coliseum,Memorial Coliseum,Lexington,KY,,,REGULAR_SEASON,,179,Jan. 31 * ALABAMA NR/NR 77-74 W,resolved,,,,,,,
KYRAW-01407,kentucky,historical_record_book,1971-1972,1972,1972-02-05,Vanderbilt,Vanderbilt,vanderbilt,Yes,85,80,W,1,Opponent Home,OPPONENT_HOME,,,,,,,REGULAR_SEASON,,179,Feb. 5 * at Vanderbilt NR/NR 85-80 W OT,resolved,,,,,,,
KYRAW-01408,kentucky,historical_record_book,1971-1972,1972,1972-02-07,Auburn,Auburn,auburn,Yes,78,72,W,0,Opponent Home,OPPONENT_HOME,,,,,,,REGULAR_SEASON,,179,Feb. 7 * at Auburn NR/NR 78-72 W,resolved,,,,,,,
KYRAW-01409,kentucky,historical_record_book,1971-1972,1972,1972-02-12,Ole Miss,Ole Miss,ole-miss,Yes,90,82,W,0,Opponent Home,OPPONENT_HOME,,,,,,,REGULAR_SEASON,,179,Feb. 12 * at Ole Miss NR/NR 90-82 W,resolved,,,,,,,
KYRAW-01410,kentucky,historical_record_book,1971-1972,1972,1972-02-14,Mississippi State,Mississippi State,mississippi-state,Yes,63,55,W,0,Opponent Home,OPPONENT_HOME,,,,,,,REGULAR_SEASON,,179,Feb. 14 * at Mississippi State NR/NR 63-55 W,resolved,,,,,,,
KYRAW-01411,kentucky,historical_record_book,1971-1972,1972,1972-02-19,Florida,Florida,florida,Yes,95,68,W,0,Kentucky Home,SOURCE_PROGRAM_HOME,Memorial Coliseum,Memorial Coliseum,Lexington,KY,,,REGULAR_SEASON,,179,Feb. 19 * FLORIDA 17/NR 95-68 W,resolved,,,,,,,
KYRAW-01412,kentucky,historical_record_book,1971-1972,1972,1972-02-21,Georgia,Georgia,georgia,Yes,87,63,W,0,Kentucky Home,SOURCE_PROGRAM_HOME,Memorial Coliseum,Memorial Coliseum,Lexington,KY,,,REGULAR_SEASON,,179,Feb. 21 * GEORGIA 17/NR 87-63 W,resolved,,,,,,,
KYRAW-01413,kentucky,historical_record_book,1971-1972,1972,1972-02-26,LSU,LSU,lsu,Yes,71,88,L,0,Opponent Home,OPPONENT_HOME,,,,,,,REGULAR_SEASON,,179,Feb. 26 * at LSU 18/NR 71-88 L,resolved,,,,,,,
KYRAW-01414,kentucky,historical_record_book,1971-1972,1972,1972-02-28,Alabama,Alabama,alabama,Yes,70,73,L,0,Opponent Home,OPPONENT_HOME,,,,,,,REGULAR_SEASON,,179,Feb. 28 * at Alabama 18/NR 70-73 L,resolved,,,,,,,
KYRAW-01415,kentucky,historical_record_book,1971-1972,1972,1972-03-06,Auburn,Auburn,auburn,Yes,102,67,W,0,Kentucky Home,SOURCE_PROGRAM_HOME,Memorial Coliseum,Memorial Coliseum,Lexington,KY,,,REGULAR_SEASON,,179,Mar. 6 * AUBURN NR/NR 102-67 W,resolved,,,,,,,
KYRAW-01416,kentucky,historical_record_book,1971-1972,1972,1972-03-09,Tennessee,Tennessee,tennessee,Yes,67,66,W,0,Opponent Home,OPPONENT_HOME,,,,,,,REGULAR_SEASON,,179,Mar. 9 * at Tennessee NR/NR 67-66 W,resolved,,,,,,,
KYRAW-01417,kentucky,historical_record_book,1971-1972,1972,1972-03-16,Marquette,Marquette,marquette,Yes,85,69,W,0,Neutral,NEUTRAL,,,,,NCAA Tournament,,NCAA_TOURNAMENT,Sweet Sixteen,179,Mar. 16 3 vs. Marquette 18/7 85-69 W,resolved,,,,,,,
KYRAW-01418,kentucky,historical_record_book,1971-1972,1972,1972-03-18,Florida State,Florida State,florida-state,Yes,54,73,L,0,Neutral,NEUTRAL,,,,,NCAA Tournament,,NCAA_TOURNAMENT,Elite Eight,179,Mar. 18 3 vs. Florida State 18/10 54-73 L,resolved,,,,,,,
KYRAW-01419,kentucky,historical_record_book,1972-1973,1973,1972-12-02,Michigan State,Michigan State,michigan-state,Yes,75,66,W,0,Opponent Home,OPPONENT_HOME,,,,,,,REGULAR_SEASON,,179,Dec. 2 at Michigan State 13/NR 75-66 W,resolved,,,,,,,
KYRAW-01420,kentucky,historical_record_book,1972-1973,1973,1972-12-04,Iowa,Iowa,iowa,Yes,66,79,L,0,Kentucky Home,SOURCE_PROGRAM_HOME,Memorial Coliseum,Memorial Coliseum,Lexington,KY,,,REGULAR_SEASON,,179,Dec. 4 IOWA 13/NR 66-79 L,resolved,,,,,,,
KYRAW-01421,kentucky,historical_record_book,1972-1973,1973,1972-12-09,Indiana,Indiana,indiana,Yes,58,64,L,0,Opponent Home,OPPONENT_HOME,,,,,,,REGULAR_SEASON,,179,Dec. 9 at Indiana 8/NR 58-64 L,resolved,,,,,,,
KYRAW-01422,kentucky,historical_record_book,1972-1973,1973,1972-12-11,North Carolina,North Carolina,north-carolina,Yes,70,78,L,0,Neutral,NEUTRAL,,,,,,,REGULAR_SEASON,,179,Dec. 11 1 vs. North Carolina 8/13 70-78 L,resolved,,,,,,,
KYRAW-01423,kentucky,historical_record_book,1972-1973,1973,1972-12-15,Nebraska,Nebraska,nebraska,Yes,85,60,W,0,Kentucky Home,SOURCE_PROGRAM_HOME,Memorial Coliseum,Memorial Coliseum,Lexington,KY,,,REGULAR_SEASON,,179,Dec. 15 2 NEBRASKA NR/NR 85-60 W,resolved,,,,,,,
KYRAW-01424,kentucky,historical_record_book,1972-1973,1973,1972-12-16,Oregon,Oregon,oregon,Yes,95,68,W,0,Kentucky Home,SOURCE_PROGRAM_HOME,Memorial Coliseum,Memorial Coliseum,Lexington,KY,,,REGULAR_SEASON,,179,Dec. 16 2 OREGON NR/NR 95-68 W,resolved,,,,,,,
KYRAW-01425,kentucky,historical_record_book,1972-1973,1973,1972-12-23,Kansas,kansas,kansas,Yes,77,71,W,0,Kentucky Home,SOURCE_PROGRAM_HOME,Memorial Coliseum,Memorial Coliseum,Lexington,KY,,,REGULAR_SEASON,,179,Dec. 23 KANSAS NR/NR 77-71 W,resolved,,,,,,,
KYRAW-01426,kentucky,historical_record_book,1972-1973,1973,1972-12-30,Notre Dame,Notre Dame,notre-dame,Yes,65,63,W,0,Neutral,NEUTRAL,,,,,,,REGULAR_SEASON,,179,Dec. 30 1 vs. Notre Dame NR/NR 65-63 W,resolved,,,,,,,
KYRAW-01427,kentucky,historical_record_book,1972-1973,1973,1973-01-06,Ole Miss,Ole Miss,ole-miss,Yes,58,61,L,0,Opponent Home,OPPONENT_HOME,,,,,,,REGULAR_SEASON,,179,Jan. 6 * at Ole Miss NR/NR 58-61 L,resolved,,,,,,,
KYRAW-01428,kentucky,historical_record_book,1972-1973,1973,1973-01-08,Mississippi State,Mississippi State,mississippi-state,Yes,90,81,W,0,Opponent Home,OPPONENT_HOME,,,,,,,REGULAR_SEASON,,179,Jan. 8 * at Mississippi State NR/NR 90-81 W,resolved,,,,,,,
KYRAW-01429,kentucky,historical_record_book,1972-1973,1973,1973-01-13,Florida,Florida,florida,Yes,95,65,W,0,Kentucky Home,SOURCE_PROGRAM_HOME,Memorial Coliseum,Memorial Coliseum,Lexington,KY,,,REGULAR_SEASON,,179,Jan. 13 * FLORIDA NR/NR 95-65 W,resolved,,,,,,,
KYRAW-01430,kentucky,historical_record_book,1972-1973,1973,1973-01-15,Georgia,Georgia,georgia,Yes,89,68,W,0,Kentucky Home,SOURCE_PROGRAM_HOME,Memorial Coliseum,Memorial Coliseum,Lexington,KY,,,REGULAR_SEASON,,179,Jan. 15 * GEORGIA NR/NR 89-68 W,resolved,,,,,,,
KYRAW-01431,kentucky,historical_record_book,1972-1973,1973,1973-01-20,Tennessee,Tennessee,tennessee,Yes,64,65,L,0,Opponent Home,OPPONENT_HOME,,,,,,,REGULAR_SEASON,,179,Jan. 20 * at Tennessee NR/NR 64-65 L,resolved,,,,,,,
KYRAW-01432,kentucky,historical_record_book,1972-1973,1973,1973-01-22,Vanderbilt,Vanderbilt,vanderbilt,Yes,75,76,L,0,Opponent Home,OPPONENT_HOME,,,,,,,REGULAR_SEASON,,179,Jan. 22 * at Vanderbilt NR/18 75-76 L,resolved,,,,,,,
KYRAW-01433,kentucky,historical_record_book,1972-1973,1973,1973-01-27,LSU,LSU,lsu,Yes,86,71,W,0,Opponent Home,OPPONENT_HOME,,,,,,,REGULAR_SEASON,,179,Jan. 27 * at LSU NR/NR 86-71 W,resolved,,,,,,,
KYRAW-01434,kentucky,historical_record_book,1972-1973,1973,1973-01-29,Alabama,Alabama,alabama,Yes,95,93,W,0,Opponent Home,OPPONENT_HOME,,,,,,,REGULAR_SEASON,,179,Jan. 29 * at Alabama NR/9 95-93 W,resolved,,,,,,,
KYRAW-01435,kentucky,historical_record_book,1972-1973,1973,1973-02-03,Vanderbilt,Vanderbilt,vanderbilt,Yes,76,83,L,0,Kentucky Home,SOURCE_PROGRAM_HOME,Memorial Coliseum,Memorial Coliseum,Lexington,KY,,,REGULAR_SEASON,,180,Feb. 3 * VANDERBILT NR/NR 76-83 L,resolved,,,,,,,
KYRAW-01436,kentucky,historical_record_book,1972-1973,1973,1973-02-05,Auburn,Auburn,auburn,Yes,88,57,W,0,Kentucky Home,SOURCE_PROGRAM_HOME,Memorial Coliseum,Memorial Coliseum,Lexington,KY,,,REGULAR_SEASON,,180,Feb. 5 * AUBURN NR/NR 88-57 W,resolved,,,,,,,
KYRAW-01437,kentucky,historical_record_book,1972-1973,1973,1973-02-10,Ole Miss,Ole Miss,ole-miss,Yes,88,70,W,0,Kentucky Home,SOURCE_PROGRAM_HOME,Memorial Coliseum,Memorial Coliseum,Lexington,KY,,,REGULAR_SEASON,,180,Feb. 10 * OLE MISS NR/NR 88-70 W,resolved,,,,,,,
KYRAW-01438,kentucky,historical_record_book,1972-1973,1973,1973-02-12,Mississippi State,Mississippi State,mississippi-state,Yes,100,87,W,1,Kentucky Home,SOURCE_PROGRAM_HOME,Memorial Coliseum,Memorial Coliseum,Lexington,KY,,,REGULAR_SEASON,,180,Feb. 12 * MISSISSIPPI STATE NR/NR 100-87 W OT,resolved,,,,,,,
KYRAW-01439,kentucky,historical_record_book,1972-1973,1973,1973-02-17,Florida,Florida,florida,Yes,94,83,W,0,Opponent Home,OPPONENT_HOME,,,,,,,REGULAR_SEASON,,180,Feb. 17 * at Florida NR/NR 94-83 W,resolved,,,,,,,
KYRAW-01440,kentucky,historical_record_book,1972-1973,1973,1973-02-19,Georgia,Georgia,georgia,Yes,99,86,W,0,Opponent Home,OPPONENT_HOME,,,,,,,REGULAR_SEASON,,180,Feb. 19 * at Georgia NR/NR 99-86 W,resolved,,,,,,,
KYRAW-01441,kentucky,historical_record_book,1972-1973,1973,1973-02-24,LSU,LSU,lsu,Yes,94,76,W,0,Kentucky Home,SOURCE_PROGRAM_HOME,Memorial Coliseum,Memorial Coliseum,Lexington,KY,,,REGULAR_SEASON,,180,Feb. 24 * LSU NR/NR 94-76 W,resolved,,,,,,,
KYRAW-01442,kentucky,historical_record_book,1972-1973,1973,1973-02-26,Alabama,Alabama,alabama,Yes,111,95,W,0,Kentucky Home,SOURCE_PROGRAM_HOME,Memorial Coliseum,Memorial Coliseum,Lexington,KY,,,REGULAR_SEASON,,180,Feb. 26 * ALABAMA NR/18 111-95 W,resolved,,,,,,,
KYRAW-01443,kentucky,historical_record_book,1972-1973,1973,1973-03-03,Auburn,Auburn,auburn,Yes,91,79,W,0,Opponent Home,OPPONENT_HOME,,,,,,,REGULAR_SEASON,,180,Mar. 3 * at Auburn NR/NR 91-79 W,resolved,,,,,,,
KYRAW-01444,kentucky,historical_record_book,1972-1973,1973,1973-03-08,Tennessee,Tennessee,tennessee,Yes,86,81,W,0,Kentucky Home,SOURCE_PROGRAM_HOME,Memorial Coliseum,Memorial Coliseum,Lexington,KY,,,REGULAR_SEASON,,180,Mar. 8 * TENNESSEE 19/NR 86-81 W,resolved,,,,,,,
KYRAW-01445,kentucky,historical_record_book,1972-1973,1973,1973-03-15,Austin Peay,Austin Peay,austin-peay,Yes,106,100,W,1,Neutral,NEUTRAL,,,,,NCAA Tournament,,NCAA_TOURNAMENT,Sweet Sixteen,180,Mar. 15 3 vs. Austin Peay 17/19 106-100 W OT,resolved,,,,,,,
KYRAW-01446,kentucky,historical_record_book,1972-1973,1973,1973-03-17,Indiana,Indiana,indiana,Yes,65,72,L,0,Neutral,NEUTRAL,,,,,NCAA Tournament,,NCAA_TOURNAMENT,Elite Eight,180,Mar. 17 3 vs. Indiana 17/6 65-72 L,resolved,,,,,,,
KYRAW-01447,kentucky,historical_record_book,1973-1974,1974,1973-12-01,Miami (Ohio),Miami University,miami-oh,Yes,81,68,W,0,Kentucky Home,SOURCE_PROGRAM_HOME,Memorial Coliseum,Memorial Coliseum,Lexington,KY,,,REGULAR_SEASON,,180,Dec. 1 MIAMI (OHIO) 10/NR 81-68 W,resolved,,,,,,,
KYRAW-01448,kentucky,historical_record_book,1973-1974,1974,1973-12-03,Kansas,kansas,kansas,Yes,63,71,L,0,Opponent Home,OPPONENT_HOME,,,,,,,REGULAR_SEASON,,180,Dec. 3 at Kansas 10/13 63-71 L,resolved,,,,,,,
KYRAW-01449,kentucky,historical_record_book,1973-1974,1974,1973-12-08,Indiana,Indiana,indiana,Yes,68,77,L,0,Neutral,NEUTRAL,,,,,,,REGULAR_SEASON,,180,Dec. 8 1 vs. Indiana 10/3 68-77 L,resolved,,,,,,,
KYRAW-01450,kentucky,historical_record_book,1973-1974,1974,1973-12-10,North Carolina,North Carolina,north-carolina,Yes,84,101,L,0,Neutral,NEUTRAL,,,,,,,REGULAR_SEASON,,180,Dec. 10 2 vs. North Carolina 10/5 84-101 L,resolved,,,,,,,
KYRAW-01451,kentucky,historical_record_book,1973-1974,1974,1973-12-14,Iowa,Iowa,iowa,Yes,88,80,W,0,Opponent Home,OPPONENT_HOME,,,,,,,REGULAR_SEASON,,180,Dec. 14 at Iowa NR/NR 88-80 W,resolved,,,,,,,
KYRAW-01452,kentucky,historical_record_book,1973-1974,1974,1973-12-21,Dartmouth,Dartmouth,dartmouth,Yes,102,77,W,0,Kentucky Home,SOURCE_PROGRAM_HOME,Memorial Coliseum,Memorial Coliseum,Lexington,KY,,,REGULAR_SEASON,,180,Dec. 21 3 DARTMOUTH NR/NR 102-77 W,resolved,,,,,,,
KYRAW-01453,kentucky,historical_record_book,1973-1974,1974,1973-12-22,Stanford,Stanford,stanford,Yes,78,77,W,0,Kentucky Home,SOURCE_PROGRAM_HOME,Memorial Coliseum,Memorial Coliseum,Lexington,KY,,,REGULAR_SEASON,,180,Dec. 22 3 STANFORD NR/NR 78-77 W,resolved,,,,,,,
KYRAW-01454,kentucky,historical_record_book,1973-1974,1974,1973-12-29,Notre Dame,Notre Dame,notre-dame,Yes,79,94,L,0,Neutral,NEUTRAL,,,,,,,REGULAR_SEASON,,180,Dec. 29 1 vs. Notre Dame NR/3 79-94 L,resolved,,,,,,,
KYRAW-01455,kentucky,historical_record_book,1973-1974,1974,1974-01-05,LSU,LSU,lsu,Yes,84,95,L,0,Opponent Home,OPPONENT_HOME,,,,,,,REGULAR_SEASON,,180,Jan. 5 * at LSU NR/NR 84-95 L,resolved,,,,,,,
KYRAW-01456,kentucky,historical_record_book,1973-1974,1974,1974-01-07,Georgia,Georgia,georgia,Yes,80,74,W,0,Kentucky Home,SOURCE_PROGRAM_HOME,Memorial Coliseum,Memorial Coliseum,Lexington,KY,,,REGULAR_SEASON,,180,Jan. 7 * GEORGIA NR/NR 80-74 W,resolved,,,,,,,
KYRAW-01457,kentucky,historical_record_book,1973-1974,1974,1974-01-12,Auburn,Auburn,auburn,Yes,79,58,W,0,Kentucky Home,SOURCE_PROGRAM_HOME,Memorial Coliseum,Memorial Coliseum,Lexington,KY,,,REGULAR_SEASON,,180,Jan. 12 * AUBURN NR/NR 79-58 W,resolved,,,,,,,
KYRAW-01458,kentucky,historical_record_book,1973-1974,1974,1974-01-14,Tennessee,Tennessee,tennessee,Yes,54,67,L,0,Opponent Home,OPPONENT_HOME,,,,,,,REGULAR_SEASON,,180,Jan. 14 * at Tennessee NR/NR 54-67 L,resolved,,,,,,,
KYRAW-01459,kentucky,historical_record_book,1973-1974,1974,1974-01-19,Ole Miss,Ole Miss,ole-miss,Yes,93,64,W,0,Kentucky Home,SOURCE_PROGRAM_HOME,Memorial Coliseum,Memorial Coliseum,Lexington,KY,,,REGULAR_SEASON,,180,Jan. 19 * OLE MISS NR/NR 93-64 W,resolved,,,,,,,
KYRAW-01460,kentucky,historical_record_book,1973-1974,1974,1974-01-21,Alabama,Alabama,alabama,Yes,77,81,L,0,Opponent Home,OPPONENT_HOME,,,,,,,REGULAR_SEASON,,180,Jan. 21 * at Alabama NR/10 77-81 L,resolved,,,,,,,
KYRAW-01461,kentucky,historical_record_book,1973-1974,1974,1974-01-26,Florida,Florida,florida,Yes,91,82,W,0,Opponent Home,OPPONENT_HOME,,,,,,,REGULAR_SEASON,,180,Jan. 26 * at Florida NR/NR 91-82 W,resolved,,,,,,,
KYRAW-01462,kentucky,historical_record_book,1973-1974,1974,1974-01-28,Vanderbilt,Vanderbilt,vanderbilt,Yes,65,82,L,0,Kentucky Home,SOURCE_PROGRAM_HOME,Memorial Coliseum,Memorial Coliseum,Lexington,KY,,,REGULAR_SEASON,,180,Jan. 28 * VANDERBILT NR/7 65-82 L,resolved,,,,,,,
KYRAW-01463,kentucky,historical_record_book,1973-1974,1974,1974-02-02,Mississippi State,Mississippi State,mississippi-state,Yes,82,70,W,0,Opponent Home,OPPONENT_HOME,,,,,,,REGULAR_SEASON,,180,Feb. 2 * at Mississippi State NR/NR 82-70 W,resolved,,,,,,,
KYRAW-01464,kentucky,historical_record_book,1973-1974,1974,1974-02-04,LSU,LSU,lsu,Yes,73,70,W,0,Kentucky Home,SOURCE_PROGRAM_HOME,Memorial Coliseum,Memorial Coliseum,Lexington,KY,,,REGULAR_SEASON,,180,Feb. 4 * LSU NR/NR 73-70 W,resolved,,,,,,,
KYRAW-01465,kentucky,historical_record_book,1973-1974,1974,1974-02-09,Georgia,Georgia,georgia,Yes,86,72,W,0,Opponent Home,OPPONENT_HOME,,,,,,,REGULAR_SEASON,,180,Feb. 9 * at Georgia NR/NR 86-72 W,resolved,,,,,,,
KYRAW-01466,kentucky,historical_record_book,1973-1974,1974,1974-02-11,Auburn,Auburn,auburn,Yes,97,99,L,1,Opponent Home,OPPONENT_HOME,,,,,,,REGULAR_SEASON,,180,Feb. 11 * at Auburn NR/NR 97-99 L OT,resolved,,,,,,,
KYRAW-01467,kentucky,historical_record_book,1973-1974,1974,1974-02-16,Tennessee,Tennessee,tennessee,Yes,61,58,W,0,Kentucky Home,SOURCE_PROGRAM_HOME,Memorial Coliseum,Memorial Coliseum,Lexington,KY,,,REGULAR_SEASON,,180,Feb. 16 * TENNESSEE NR/NR 61-58 W,resolved,,,,,,,
KYRAW-01468,kentucky,historical_record_book,1973-1974,1974,1974-02-18,Ole Miss,Ole Miss,ole-miss,Yes,60,61,L,0,Opponent Home,OPPONENT_HOME,,,,,,,REGULAR_SEASON,,180,Feb. 18 * at Ole Miss NR/NR 60-61 L,resolved,,,,,,,
KYRAW-01469,kentucky,historical_record_book,1973-1974,1974,1974-02-23,Alabama,Alabama,alabama,Yes,71,94,L,0,Kentucky Home,SOURCE_PROGRAM_HOME,Memorial Coliseum,Memorial Coliseum,Lexington,KY,,,REGULAR_SEASON,,180,Feb. 23 * ALABAMA NR/8 71-94 L,resolved,,,,,,,
KYRAW-01470,kentucky,historical_record_book,1973-1974,1974,1974-02-25,Florida,Florida,florida,Yes,65,75,L,0,Kentucky Home,SOURCE_PROGRAM_HOME,Memorial Coliseum,Memorial Coliseum,Lexington,KY,,,REGULAR_SEASON,,180,Feb. 25 * FLORIDA NR/NR 65-75 L,resolved,,,,,,,
KYRAW-01471,kentucky,historical_record_book,1973-1974,1974,1974-03-02,Vanderbilt,Vanderbilt,vanderbilt,Yes,69,71,L,0,Opponent Home,OPPONENT_HOME,,,,,,,REGULAR_SEASON,,180,Mar. 2 * at Vanderbilt NR/6 69-71 L,resolved,,,,,,,
KYRAW-01472,kentucky,historical_record_book,1973-1974,1974,1974-03-04,Mississippi State,Mississippi State,mississippi-state,Yes,108,69,W,0,Kentucky Home,SOURCE_PROGRAM_HOME,Memorial Coliseum,Memorial Coliseum,Lexington,KY,,,REGULAR_SEASON,,180,Mar. 4 * MISSISSIPPI STATE NR/NR 108-69 W,resolved,,,,,,,
KYRAW-01473,kentucky,historical_record_book,1974-1975,1975,1974-11-30,Northwestern,Northwestern,northwestern,Yes,97,70,W,0,Kentucky Home,SOURCE_PROGRAM_HOME,Memorial Coliseum,Memorial Coliseum,Lexington,KY,,,REGULAR_SEASON,,180,Nov. 30 NORTHWESTERN 16/NR 97-70 W,resolved,,,,,,,
KYRAW-01474,kentucky,historical_record_book,1974-1975,1975,1974-12-02,Miami (Ohio),Miami University,miami-oh,Yes,80,73,W,0,Opponent Home,OPPONENT_HOME,,,,,,,REGULAR_SEASON,,180,Dec. 2 at Miami (Ohio) 16/NR 80-73 W,resolved,,,,,,,
KYRAW-01475,kentucky,historical_record_book,1974-1975,1975,1974-12-07,Indiana,Indiana,indiana,Yes,74,98,L,0,Opponent Home,OPPONENT_HOME,,,,,,,REGULAR_SEASON,,180,Dec. 7 at Indiana 15/3 74-98 L,resolved,,,,,,,
KYRAW-01476,kentucky,historical_record_book,1974-1975,1975,1974-12-09,North Carolina,North Carolina,north-carolina,Yes,90,78,W,0,Neutral,NEUTRAL,,,,,,,REGULAR_SEASON,,180,Dec. 9 1 vs. North Carolina 15/9 90-78 W,resolved,,,,,,,
KYRAW-01477,kentucky,historical_record_book,1974-1975,1975,1974-12-20,Washington State,Washington State,washington-state,Yes,97,75,W,0,Kentucky Home,SOURCE_PROGRAM_HOME,Memorial Coliseum,Memorial Coliseum,Lexington,KY,,,REGULAR_SEASON,,180,Dec. 20 2 WASHINGTON STATE 20/NR 97-75 W,resolved,,,,,,,
KYRAW-01478,kentucky,historical_record_book,1974-1975,1975,1974-12-21,Oklahoma State,Oklahoma State,oklahoma-state,Yes,90,65,W,0,Kentucky Home,SOURCE_PROGRAM_HOME,Memorial Coliseum,Memorial Coliseum,Lexington,KY,,,REGULAR_SEASON,,180,Dec. 21 2 OKLAHOMA STATE 20/NR 90-65 W,resolved,,,,,,,
KYRAW-01479,kentucky,historical_record_book,1974-1975,1975,1974-12-23,Kansas,kansas,kansas,Yes,100,63,W,0,Neutral,NEUTRAL,,,,,,,REGULAR_SEASON,,180,Dec. 23 1 vs. Kansas 20/18 100-63 W,resolved,,,,,,,
KYRAW-01480,kentucky,historical_record_book,1974-1975,1975,1974-12-28,Notre Dame,Notre Dame,notre-dame,Yes,113,96,W,0,Neutral,NEUTRAL,,,,,,,REGULAR_SEASON,,180,Dec. 28 1 vs. Notre Dame 17/13 113-96 W,resolved,,,,,,,
KYRAW-01481,kentucky,historical_record_book,1974-1975,1975,1975-01-04,LSU,LSU,lsu,Yes,115,80,W,0,Kentucky Home,SOURCE_PROGRAM_HOME,Memorial Coliseum,Memorial Coliseum,Lexington,KY,,,REGULAR_SEASON,,180,Jan. 4 * LSU 9/NR 115-80 W,resolved,,,,,,,
KYRAW-01482,kentucky,historical_record_book,1974-1975,1975,1975-01-06,Georgia,Georgia,georgia,Yes,96,77,W,0,Opponent Home,OPPONENT_HOME,,,,,,,REGULAR_SEASON,,180,Jan. 6 * at Georgia 9/NR 96-77 W,resolved,,,,,,,
KYRAW-01483,kentucky,historical_record_book,1974-1975,1975,1975-01-11,Auburn,Auburn,auburn,Yes,85,90,L,0,Opponent Home,OPPONENT_HOME,,,,,,,REGULAR_SEASON,,180,Jan. 11 * at Auburn 7/NR 85-90 L,resolved,,,,,,,
KYRAW-01484,kentucky,historical_record_book,1974-1975,1975,1975-01-13,Tennessee,Tennessee,tennessee,Yes,88,82,W,0,Kentucky Home,SOURCE_PROGRAM_HOME,Memorial Coliseum,Memorial Coliseum,Lexington,KY,,,REGULAR_SEASON,,180,Jan. 13 * TENNESSEE 7/18 88-82 W,resolved,,,,,,,
KYRAW-01485,kentucky,historical_record_book,1974-1975,1975,1975-01-18,Ole Miss,Ole Miss,ole-miss,Yes,85,82,W,0,Opponent Home,OPPONENT_HOME,,,,,,,REGULAR_SEASON,,180,Jan. 18 * at Ole Miss 10/NR 85-82 W,resolved,,,,,,,
KYRAW-01486,kentucky,historical_record_book,1974-1975,1975,1975-01-20,Alabama,Alabama,alabama,Yes,74,69,W,0,Kentucky Home,SOURCE_PROGRAM_HOME,Memorial Coliseum,Memorial Coliseum,Lexington,KY,,,REGULAR_SEASON,,180,Jan. 20 * ALABAMA 10/7 74-69 W,resolved,,,,,,,
KYRAW-01487,kentucky,historical_record_book,1974-1975,1975,1975-01-25,Florida,Florida,florida,Yes,87,65,W,0,Kentucky Home,SOURCE_PROGRAM_HOME,Memorial Coliseum,Memorial Coliseum,Lexington,KY,,,REGULAR_SEASON,,180,Jan. 25 * FLORIDA 11/NR 87-65 W,resolved,,,,,,,
KYRAW-01488,kentucky,historical_record_book,1974-1975,1975,1975-01-27,Vanderbilt,Vanderbilt,vanderbilt,Yes,91,90,W,0,Opponent Home,OPPONENT_HOME,,,,,,,REGULAR_SEASON,,180,Jan. 27 * at Vanderbilt 11/NR 91-90 W,resolved,,,,,,,
KYRAW-01489,kentucky,historical_record_book,1974-1975,1975,1975-02-01,Mississippi State,Mississippi State,mississippi-state,Yes,112,79,W,0,Kentucky Home,SOURCE_PROGRAM_HOME,Memorial Coliseum,Memorial Coliseum,Lexington,KY,,,REGULAR_SEASON,,180,Feb. 1 * MISSISSIPPI STATE 5/NR 112-79 W,resolved,,,,,,,
KYRAW-01490,kentucky,historical_record_book,1974-1975,1975,1975-02-03,LSU,LSU,lsu,Yes,77,76,W,0,Opponent Home,OPPONENT_HOME,,,,,,,REGULAR_SEASON,,180,Feb. 3 * at LSU 5/NR 77-76 W,resolved,,,,,,,
KYRAW-01491,kentucky,historical_record_book,1974-1975,1975,1975-02-08,Georgia,Georgia,georgia,Yes,75,61,W,0,Kentucky Home,SOURCE_PROGRAM_HOME,Memorial Coliseum,Memorial Coliseum,Lexington,KY,,,REGULAR_SEASON,,180,Feb. 8 * GEORGIA 5/NR 75-61 W,resolved,,,,,,,
KYRAW-01492,kentucky,historical_record_book,1974-1975,1975,1975-02-10,Auburn,Auburn,auburn,Yes,119,76,W,0,Kentucky Home,SOURCE_PROGRAM_HOME,Memorial Coliseum,Memorial Coliseum,Lexington,KY,,,REGULAR_SEASON,,180,Feb. 10 * AUBURN 5/NR 119-76 W,resolved,,,,,,,
KYRAW-01493,kentucky,historical_record_book,1974-1975,1975,1975-02-15,Tennessee,Tennessee,tennessee,Yes,98,103,L,0,Opponent Home,OPPONENT_HOME,,,,,,,REGULAR_SEASON,,180,Feb. 15 * at Tennessee 4/NR 98-103 L,resolved,,,,,,,
KYRAW-01494,kentucky,historical_record_book,1974-1975,1975,1975-02-17,Ole Miss,Ole Miss,ole-miss,Yes,108,89,W,0,Kentucky Home,SOURCE_PROGRAM_HOME,Memorial Coliseum,Memorial Coliseum,Lexington,KY,,,REGULAR_SEASON,,180,Feb. 17 * OLE MISS 4/NR 108-89 W,resolved,,,,,,,
KYRAW-01495,kentucky,historical_record_book,1974-1975,1975,1975-02-22,Alabama,Alabama,alabama,Yes,84,79,W,0,Opponent Home,OPPONENT_HOME,,,,,,,REGULAR_SEASON,,180,Feb. 22 * at Alabama 7/5 84-79 W,resolved,,,,,,,
KYRAW-01496,kentucky,historical_record_book,1974-1975,1975,1975-02-24,Florida,Florida,florida,Yes,58,66,L,0,Opponent Home,OPPONENT_HOME,,,,,,,REGULAR_SEASON,,180,Feb. 24 * at Florida 7/NR 58-66 L,resolved,,,,,,,
KYRAW-01497,kentucky,historical_record_book,1974-1975,1975,1975-03-01,Vanderbilt,Vanderbilt,vanderbilt,Yes,109,84,W,0,Kentucky Home,SOURCE_PROGRAM_HOME,Memorial Coliseum,Memorial Coliseum,Lexington,KY,,,REGULAR_SEASON,,180,Mar. 1 * VANDERBILT 4/NR 109-84 W,resolved,,,,,,,
KYRAW-01498,kentucky,historical_record_book,1974-1975,1975,1975-03-08,Mississippi State,Mississippi State,mississippi-state,Yes,118,80,W,0,Opponent Home,OPPONENT_HOME,,,,,,,REGULAR_SEASON,,180,Mar. 8 * at Mississippi State 6/NR 118-80 W,resolved,,,,,,,
KYRAW-01499,kentucky,historical_record_book,1974-1975,1975,1975-03-15,Marquette,Marquette,marquette,Yes,76,54,W,0,Neutral,NEUTRAL,,,,,NCAA Tournament,,NCAA_TOURNAMENT,R32,180,Mar. 15 3 vs. Marquette 6/5 76-54 W,resolved,,,,,,,
KYRAW-01500,kentucky,historical_record_book,1974-1975,1975,1975-03-20,Central Michigan,Central Michigan,central-michigan,Yes,90,73,W,0,Neutral,NEUTRAL,,,,,NCAA Tournament,,NCAA_TOURNAMENT,Sweet Sixteen,180,Mar. 20 4 vs. Central Michigan 5/NR 90-73 W,resolved,,,,,,,
KYRAW-01501,kentucky,historical_record_book,1974-1975,1975,1975-03-22,Indiana,Indiana,indiana,Yes,92,90,W,0,Neutral,NEUTRAL,,,,,NCAA Tournament,,NCAA_TOURNAMENT,Elite Eight,180,Mar. 22 4 vs. Indiana 5/1 92-90 W,resolved,,,,,,,
KYRAW-01502,kentucky,historical_record_book,1974-1975,1975,1975-03-29,Syracuse,Syracuse,syracuse,Yes,95,79,W,0,Neutral,NEUTRAL,,,,,NCAA Tournament,,NCAA_TOURNAMENT,Final Four,180,Mar. 29 5 vs. Syracuse 2/6 95-79 W,resolved,,,,,,,
KYRAW-01503,kentucky,historical_record_book,1974-1975,1975,1975-03-31,UCLA,UCLA,ucla,Yes,85,92,L,0,Neutral,NEUTRAL,,,,,NCAA Tournament,,NCAA_TOURNAMENT,Championship,180,Mar. 31 5 vs. UCLA 2/1 85-92 L,resolved,,,,,,,
KYRAW-01504,kentucky,historical_record_book,1975-1976,1976,1975-12-01,Northwestern,Northwestern,northwestern,Yes,77,89,L,0,Opponent Home,OPPONENT_HOME,,,,,,,REGULAR_SEASON,,180,Dec. 1 at Northwestern 6/NR 77-89 L,resolved,,,,,,,
KYRAW-01505,kentucky,historical_record_book,1975-1976,1976,1975-12-08,North Carolina,North Carolina,north-carolina,Yes,77,90,L,0,Neutral,NEUTRAL,,,,,,,REGULAR_SEASON,,180,Dec. 8 1 vs. North Carolina 7/4 77-90 L,resolved,,,,,,,
KYRAW-01506,kentucky,historical_record_book,1975-1976,1976,1975-12-10,Miami (Ohio),Miami University,miami-oh,Yes,91,69,W,0,Kentucky Home,SOURCE_PROGRAM_HOME,Memorial Coliseum,Memorial Coliseum,Lexington,KY,,,REGULAR_SEASON,,180,Dec. 10 MIAMI (OHIO) 14/NR 91-69 W,resolved,,,,,,,
KYRAW-01507,kentucky,historical_record_book,1975-1976,1976,1975-12-13,Kansas,kansas,kansas,Yes,54,48,W,0,Opponent Home,OPPONENT_HOME,,,,,,,REGULAR_SEASON,,180,Dec. 13 at Kansas 14/NR 54-48 W,resolved,,,,,,,
KYRAW-01508,kentucky,historical_record_book,1975-1976,1976,1975-12-15,Indiana,Indiana,indiana,Yes,68,77,L,1,Neutral,NEUTRAL,,,,,,,REGULAR_SEASON,,180,Dec. 15 2 vs. Indiana 14/1 68-77 L OT,resolved,,,,,,,
KYRAW-01509,kentucky,historical_record_book,1975-1976,1976,1975-12-19,Georgia Tech,Georgia Tech,georgia-tech,Yes,66,64,W,0,Kentucky Home,SOURCE_PROGRAM_HOME,Memorial Coliseum,Memorial Coliseum,Lexington,KY,,,REGULAR_SEASON,,181,Dec. 19 3 GEORGIA TECH 20/NR 66-64 W,resolved,,,,,,,
KYRAW-01510,kentucky,historical_record_book,1975-1976,1976,1975-12-20,Oregon State,Oregon State,oregon-state,Yes,82,74,W,0,Kentucky Home,SOURCE_PROGRAM_HOME,Memorial Coliseum,Memorial Coliseum,Lexington,KY,,,REGULAR_SEASON,,181,Dec. 20 3 OREGON STATE 20/NR 82-74 W,resolved,,,,,,,
KYRAW-01511,kentucky,historical_record_book,1975-1976,1976,1975-12-30,Notre Dame,Notre Dame,notre-dame,Yes,79,77,W,0,Neutral,NEUTRAL,,,,,,,REGULAR_SEASON,,181,Dec. 30 2 vs. Notre Dame NR/5 79-77 W,resolved,,,,,,,
KYRAW-01512,kentucky,historical_record_book,1975-1976,1976,1976-01-03,Mississippi State,Mississippi State,mississippi-state,Yes,73,77,L,0,Opponent Home,OPPONENT_HOME,,,,,,,REGULAR_SEASON,,181,Jan. 3 * at Mississippi State NR/NR 73-77 L,resolved,,,,,,,
KYRAW-01513,kentucky,historical_record_book,1975-1976,1976,1976-01-05,Alabama,Alabama,alabama,Yes,63,76,L,0,Opponent Home,OPPONENT_HOME,,,,,,,REGULAR_SEASON,,181,Jan. 5 * at Alabama NR/8 63-76 L,resolved,,,,,,,
KYRAW-01514,kentucky,historical_record_book,1975-1976,1976,1976-01-10,Tennessee,Tennessee,tennessee,Yes,88,90,L,1,Kentucky Home,SOURCE_PROGRAM_HOME,Memorial Coliseum,Memorial Coliseum,Lexington,KY,,,REGULAR_SEASON,,181,Jan. 10 * TENNESSEE NR/9 88-90 L OT,resolved,,,,,,,
KYRAW-01515,kentucky,historical_record_book,1975-1976,1976,1976-01-12,Georgia,Georgia,georgia,Yes,92,76,W,0,Kentucky Home,SOURCE_PROGRAM_HOME,Memorial Coliseum,Memorial Coliseum,Lexington,KY,,,REGULAR_SEASON,,181,Jan. 12 * GEORGIA NR/NR 92-76 W 1,resolved,,,,,,,
KYRAW-01516,kentucky,historical_record_book,1975-1976,1976,1976-01-17,Vanderbilt,Vanderbilt,vanderbilt,Yes,77,76,W,0,Kentucky Home,SOURCE_PROGRAM_HOME,Memorial Coliseum,Memorial Coliseum,Lexington,KY,,,REGULAR_SEASON,,181,Jan. 17 * VANDERBILT NR/NR 77-76 W 2,resolved,,,,,,,
KYRAW-01517,kentucky,historical_record_book,1975-1976,1976,1976-01-24,Florida,Florida,florida,Yes,89,82,W,0,Opponent Home,OPPONENT_HOME,,,,,,,REGULAR_SEASON,,181,Jan. 24 * at Florida NR/NR 89-82 W 3,resolved,,,,,,,
KYRAW-01518,kentucky,historical_record_book,1975-1976,1976,1976-01-26,Auburn,Auburn,auburn,Yes,84,91,L,0,Opponent Home,OPPONENT_HOME,,,,,,,REGULAR_SEASON,,181,Jan. 26 * at Auburn NR/NR 84-91 L OT 4,resolved,,,,,,,
KYRAW-01519,kentucky,historical_record_book,1975-1976,1976,1976-01-31,Ole Miss,Ole Miss,ole-miss,Yes,89,81,W,0,Kentucky Home,SOURCE_PROGRAM_HOME,Memorial Coliseum,Memorial Coliseum,Lexington,KY,,,REGULAR_SEASON,,181,Jan. 31 * OLE MISS NR/NR 89-81 W,resolved,,,,,,,
KYRAW-01520,kentucky,historical_record_book,1975-1976,1976,1976-02-02,LSU,LSU,lsu,Yes,85,71,W,0,Kentucky Home,SOURCE_PROGRAM_HOME,Memorial Coliseum,Memorial Coliseum,Lexington,KY,,,REGULAR_SEASON,,181,Feb. 2 * LSU NR/NR 85-71 W,resolved,,,,,,,
KYRAW-01521,kentucky,historical_record_book,1975-1976,1976,1976-02-07,Tennessee,Tennessee,tennessee,Yes,85,92,L,0,Opponent Home,OPPONENT_HOME,,,,,,,REGULAR_SEASON,,181,Feb. 7 * at Tennessee NR/8 85-92 L,resolved,,,,,,,
KYRAW-01522,kentucky,historical_record_book,1975-1976,1976,1976-02-09,Georgia,Georgia,georgia,Yes,81,86,L,0,Opponent Home,OPPONENT_HOME,,,,,,,REGULAR_SEASON,,181,Feb. 9 * at Georgia NR/NR 81-86 L,resolved,,,,,,,
KYRAW-01523,kentucky,historical_record_book,1975-1976,1976,1976-02-14,Vanderbilt,Vanderbilt,vanderbilt,Yes,65,69,L,0,Opponent Home,OPPONENT_HOME,,,,,,,REGULAR_SEASON,,181,Feb. 14 * at Vanderbilt NR/NR 65-69 L,resolved,,,,,,,
KYRAW-01524,kentucky,historical_record_book,1975-1976,1976,1976-02-21,Florida,Florida,florida,Yes,96,89,W,0,Kentucky Home,SOURCE_PROGRAM_HOME,Memorial Coliseum,Memorial Coliseum,Lexington,KY,,,REGULAR_SEASON,,181,Feb. 21 * FLORIDA NR/NR 96-89 W,resolved,,,,,,,
KYRAW-01525,kentucky,historical_record_book,1975-1976,1976,1976-02-23,Auburn,Auburn,auburn,Yes,93,82,W,0,Kentucky Home,SOURCE_PROGRAM_HOME,Memorial Coliseum,Memorial Coliseum,Lexington,KY,,,REGULAR_SEASON,,181,Feb. 23 * AUBURN NR/NR 93-82 W,resolved,,,,,,,
KYRAW-01526,kentucky,historical_record_book,1975-1976,1976,1976-02-28,Ole Miss,Ole Miss,ole-miss,Yes,94,87,W,0,Opponent Home,OPPONENT_HOME,,,,,,,REGULAR_SEASON,,181,Feb. 28 * at Ole Miss NR/NR 94-87 W,resolved,,,,,,,
KYRAW-01527,kentucky,historical_record_book,1975-1976,1976,1976-03-01,LSU,LSU,lsu,Yes,85,70,W,0,Opponent Home,OPPONENT_HOME,,,,,,,REGULAR_SEASON,,181,Mar. 1 * at LSU NR/NR 85-70 W,resolved,,,,,,,
KYRAW-01528,kentucky,historical_record_book,1975-1976,1976,1976-03-06,Alabama,Alabama,alabama,Yes,90,85,W,0,Kentucky Home,SOURCE_PROGRAM_HOME,Memorial Coliseum,Memorial Coliseum,Lexington,KY,,,REGULAR_SEASON,,181,Mar. 6 * ALABAMA NR/6 90-85 W,resolved,,,,,,,
KYRAW-01529,kentucky,historical_record_book,1975-1976,1976,1976-03-08,Mississippi State,Mississippi State,mississippi-state,Yes,94,83,W,1,Kentucky Home,SOURCE_PROGRAM_HOME,Memorial Coliseum,Memorial Coliseum,Lexington,KY,,,REGULAR_SEASON,,181,Mar. 8 * MISSISSIPPI STATE NR/NR 94-83 W OT,resolved,,,,,,,
KYRAW-01530,kentucky,historical_record_book,1975-1976,1976,1976-03-13,Niagara,Niagara,niagara,Yes,67,61,W,0,Neutral,NEUTRAL,,,,,NIT,,NIT,,181,Mar. 13 4 vs. Niagara NR/NR 67-61 W,resolved,,,,,,,
KYRAW-01531,kentucky,historical_record_book,1975-1976,1976,1976-03-16,Kansas State,Kansas State,kansas-state,Yes,81,78,W,0,Neutral,NEUTRAL,,,,,NIT,,NIT,,181,Mar. 16 4 vs. Kansas State NR/NR 81-78 W,resolved,,,,,,,
KYRAW-01532,kentucky,historical_record_book,1975-1976,1976,1976-03-18,Providence,Providence,providence,Yes,79,78,W,0,Neutral,NEUTRAL,,,,,NIT,,NIT,,181,Mar. 18 4 vs. Providence NR/NR 79-78 W,resolved,,,,,,,
KYRAW-01533,kentucky,historical_record_book,1975-1976,1976,1976-03-21,Charlotte,Charlotte,charlotte,Yes,71,67,W,0,Neutral,NEUTRAL,,,,,NIT,,NIT,Championship,181,Mar. 21 4 vs. Charlotte NR/NR 71-67 W,resolved,,,,,,,
KYRAW-01534,kentucky,historical_record_book,1976-1977,1977,1976-11-27,Wisconsin,Wisconsin,wisconsin,Yes,72,64,W,0,Kentucky Home,SOURCE_PROGRAM_HOME,Rupp Arena,Rupp Arena,Lexington,KY,,,REGULAR_SEASON,,181,Nov. 27 WISCONSIN 6/NR 72-64 W,resolved,,,,,,,
KYRAW-01535,kentucky,historical_record_book,1976-1977,1977,1976-12-02,TCU,TCU,tcu,Yes,103,53,W,0,Kentucky Home,SOURCE_PROGRAM_HOME,Rupp Arena,Rupp Arena,Lexington,KY,,,REGULAR_SEASON,,181,Dec. 2 TCU 5/NR 103-53 W,resolved,,,,,,,
KYRAW-01536,kentucky,historical_record_book,1976-1977,1977,1976-12-06,Indiana,Indiana,indiana,Yes,66,51,W,0,Opponent Home,OPPONENT_HOME,,,,,,,REGULAR_SEASON,,181,Dec. 6 at Indiana 5/4 66-51 W,resolved,,,,,,,
KYRAW-01537,kentucky,historical_record_book,1976-1977,1977,1976-12-11,Kansas,kansas,kansas,Yes,90,63,W,0,Kentucky Home,SOURCE_PROGRAM_HOME,Rupp Arena,Rupp Arena,Lexington,KY,,,REGULAR_SEASON,,181,Dec. 11 KANSAS 4/NR 90-63 W,resolved,,,,,,,
KYRAW-01538,kentucky,historical_record_book,1976-1977,1977,1976-12-13,South Carolina,South Carolina,south-carolina,Yes,98,67,W,0,Opponent Home,OPPONENT_HOME,,,,,,,REGULAR_SEASON,,181,Dec. 13 at South Carolina 4/NR 98-67 W,resolved,,,,,,,
KYRAW-01539,kentucky,historical_record_book,1976-1977,1977,1976-12-17,Bowling Green,Bowling Green,bowling-green,Yes,77,59,W,0,Kentucky Home,SOURCE_PROGRAM_HOME,Rupp Arena,Rupp Arena,Lexington,KY,,,REGULAR_SEASON,,181,Dec. 17 1 BOWLING GREEN 3/NR 77-59 W,resolved,,,,,,,
KYRAW-01540,kentucky,historical_record_book,1976-1977,1977,1976-12-18,Utah,Utah,utah,Yes,68,70,L,0,Kentucky Home,SOURCE_PROGRAM_HOME,Rupp Arena,Rupp Arena,Lexington,KY,,,REGULAR_SEASON,,181,Dec. 18 1 UTAH 3/NR 68-70 L,resolved,,,,,,,
KYRAW-01541,kentucky,historical_record_book,1976-1977,1977,1976-12-30,Notre Dame,Notre Dame,notre-dame,Yes,102,78,W,0,Neutral,NEUTRAL,,,,,,,REGULAR_SEASON,,181,Dec. 30 2 vs. Notre Dame 6/2 102-78 W,resolved,,,,,,,
KYRAW-01542,kentucky,historical_record_book,1976-1977,1977,1977-01-03,Georgia,Georgia,georgia,Yes,64,59,W,1,Kentucky Home,SOURCE_PROGRAM_HOME,Rupp Arena,Rupp Arena,Lexington,KY,,,REGULAR_SEASON,,181,Jan. 3 * GEORGIA 6/NR 64-59 W OT,resolved,,,,,,,
KYRAW-01543,kentucky,historical_record_book,1976-1977,1977,1977-01-08,Vanderbilt,Vanderbilt,vanderbilt,Yes,64,62,W,0,Opponent Home,OPPONENT_HOME,,,,,,,REGULAR_SEASON,,181,Jan. 8 * at Vanderbilt 3/NR 64-62 W,resolved,,,,,,,
KYRAW-01544,kentucky,historical_record_book,1976-1977,1977,1977-01-12,Tennessee,Tennessee,tennessee,Yes,67,71,L,1,Kentucky Home,SOURCE_PROGRAM_HOME,Rupp Arena,Rupp Arena,Lexington,KY,,,REGULAR_SEASON,,181,Jan. 12 * TENNESSEE 2/NR 67-71 L OT,resolved,,,,,,,
KYRAW-01545,kentucky,historical_record_book,1976-1977,1977,1977-01-15,Auburn,Auburn,auburn,Yes,75,68,W,0,Opponent Home,OPPONENT_HOME,,,,,,,REGULAR_SEASON,,181,Jan. 15 * at Auburn 2/NR 75-68 W,resolved,,,,,,,
KYRAW-01546,kentucky,historical_record_book,1976-1977,1977,1977-01-17,Florida,Florida,florida,Yes,73,71,W,0,Opponent Home,OPPONENT_HOME,,,,,,,REGULAR_SEASON,,181,Jan. 17 * at Florida 2/NR 73-71 W,resolved,,,,,,,
KYRAW-01547,kentucky,historical_record_book,1976-1977,1977,1977-01-22,LSU,LSU,lsu,Yes,87,72,W,0,Kentucky Home,SOURCE_PROGRAM_HOME,Rupp Arena,Rupp Arena,Lexington,KY,,,REGULAR_SEASON,,181,Jan. 22 * LSU 6/NR 87-72 W,resolved,,,,,,,
KYRAW-01548,kentucky,historical_record_book,1976-1977,1977,1977-01-24,Ole Miss,Ole Miss,ole-miss,Yes,100,73,W,0,Kentucky Home,SOURCE_PROGRAM_HOME,Rupp Arena,Rupp Arena,Lexington,KY,,,REGULAR_SEASON,,181,Jan. 24 * OLE MISS 6/NR 100-73 W,resolved,,,,,,,
KYRAW-01549,kentucky,historical_record_book,1976-1977,1977,1977-01-29,Alabama,Alabama,alabama,Yes,87,85,W,0,Opponent Home,OPPONENT_HOME,,,,,,,REGULAR_SEASON,,181,Jan. 29 * at Alabama 6/3 87-85 W,resolved,,,,,,,
KYRAW-01550,kentucky,historical_record_book,1976-1977,1977,1977-01-31,Mississippi State,Mississippi State,mississippi-state,Yes,92,85,W,0,Opponent Home,OPPONENT_HOME,,,,,,,REGULAR_SEASON,,181,Jan. 31 * at Mississippi State 6/NR 92-85 W,resolved,,,,,,,
KYRAW-01551,kentucky,historical_record_book,1976-1977,1977,1977-02-05,Vanderbilt,Vanderbilt,vanderbilt,Yes,113,73,W,0,Kentucky Home,SOURCE_PROGRAM_HOME,Rupp Arena,Rupp Arena,Lexington,KY,,,REGULAR_SEASON,,181,Feb. 5 * VANDERBILT 3/NR 113-73 W,resolved,,,,,,,
KYRAW-01552,kentucky,historical_record_book,1976-1977,1977,1977-02-07,Florida State,Florida State,florida-state,Yes,97,57,W,0,Neutral,NEUTRAL,,,,,,,REGULAR_SEASON,,181,Feb. 7 2 vs. Florida State 3/NR 97-57 W,resolved,,,,,,,
KYRAW-01553,kentucky,historical_record_book,1976-1977,1977,1977-02-12,Auburn,Auburn,auburn,Yes,89,82,W,0,Kentucky Home,SOURCE_PROGRAM_HOME,Rupp Arena,Rupp Arena,Lexington,KY,,,REGULAR_SEASON,,181,Feb. 12 * AUBURN 3/NR 89-82 W,resolved,,,,,,,
KYRAW-01554,kentucky,historical_record_book,1976-1977,1977,1977-02-14,Florida,Florida,florida,Yes,104,78,W,0,Kentucky Home,SOURCE_PROGRAM_HOME,Rupp Arena,Rupp Arena,Lexington,KY,,,REGULAR_SEASON,,181,Feb. 14 * FLORIDA 3/NR 104-78 W,resolved,,,,,,,
KYRAW-01555,kentucky,historical_record_book,1976-1977,1977,1977-02-19,LSU,LSU,lsu,Yes,90,76,W,0,Opponent Home,OPPONENT_HOME,,,,,,,REGULAR_SEASON,,181,Feb. 19 * at LSU 2/NR 90-76 W,resolved,,,,,,,
KYRAW-01556,kentucky,historical_record_book,1976-1977,1977,1977-02-21,Ole Miss,Ole Miss,ole-miss,Yes,81,69,W,0,Opponent Home,OPPONENT_HOME,,,,,,,REGULAR_SEASON,,181,Feb. 21 * at Ole Miss 2/NR 81-69 W,resolved,,,,,,,
KYRAW-01557,kentucky,historical_record_book,1976-1977,1977,1977-02-26,Alabama,Alabama,alabama,Yes,85,70,W,0,Kentucky Home,SOURCE_PROGRAM_HOME,Rupp Arena,Rupp Arena,Lexington,KY,,,REGULAR_SEASON,,181,Feb. 26 * ALABAMA 2/8 85-70 W,resolved,,,,,,,
KYRAW-01558,kentucky,historical_record_book,1976-1977,1977,1977-02-28,Mississippi State,Mississippi State,mississippi-state,Yes,77,64,W,0,Kentucky Home,SOURCE_PROGRAM_HOME,Rupp Arena,Rupp Arena,Lexington,KY,,,REGULAR_SEASON,,181,Feb. 28 * MISSISSIPPI STATE 2/NR 77-64 W,resolved,,,,,,,
KYRAW-01559,kentucky,historical_record_book,1976-1977,1977,1977-03-05,Tennessee,Tennessee,tennessee,Yes,79,81,L,0,Opponent Home,OPPONENT_HOME,,,,,,,REGULAR_SEASON,,181,Mar. 5 * at Tennessee 2/11 79-81 L,resolved,,,,,,,
KYRAW-01560,kentucky,historical_record_book,1976-1977,1977,1977-03-07,Georgia,Georgia,georgia,Yes,72,54,W,0,Opponent Home,OPPONENT_HOME,,,,,,,REGULAR_SEASON,,181,Mar. 7 * at Georgia 2/NR 72-54 W,resolved,,,,,,,
KYRAW-01561,kentucky,historical_record_book,1976-1977,1977,1977-03-12,Princeton,Princeton,princeton,Yes,72,58,W,0,Neutral,NEUTRAL,,,,,NCAA Tournament,,NCAA_TOURNAMENT,R32,181,Mar. 12 3 vs. Princeton 6/NR 72-58 W,resolved,,,,,,,
KYRAW-01562,kentucky,historical_record_book,1976-1977,1977,1977-03-17,VMI,VMI,vmi,Yes,93,78,W,0,Neutral,NEUTRAL,,,,,NCAA Tournament,,NCAA_TOURNAMENT,Sweet Sixteen,181,Mar. 17 4 vs. VMI 3/20 93-78 W,resolved,,,,,,,
KYRAW-01563,kentucky,historical_record_book,1976-1977,1977,1977-03-19,North Carolina,North Carolina,north-carolina,Yes,72,79,L,0,Neutral,NEUTRAL,,,,,NCAA Tournament,,NCAA_TOURNAMENT,Elite Eight,181,Mar. 19 4 vs. North Carolina 3/5 72-79 L,resolved,,,,,,,
KYRAW-01564,kentucky,historical_record_book,1977-1978,1978,1977-11-26,SMU,SMU,smu,Yes,110,86,W,0,Kentucky Home,SOURCE_PROGRAM_HOME,Rupp Arena,Rupp Arena,Lexington,KY,,,REGULAR_SEASON,,181,Nov. 26 SMU 2/NR 110-86 W,resolved,,,,,,,
KYRAW-01565,kentucky,historical_record_book,1977-1978,1978,1977-12-05,Indiana,Indiana,indiana,Yes,78,64,W,0,Kentucky Home,SOURCE_PROGRAM_HOME,Rupp Arena,Rupp Arena,Lexington,KY,,,REGULAR_SEASON,,181,Dec. 5 INDIANA 1/NR 78-64 W,resolved,,,,,,,
KYRAW-01566,kentucky,historical_record_book,1977-1978,1978,1977-12-10,Kansas,kansas,kansas,Yes,73,66,W,0,Opponent Home,OPPONENT_HOME,,,,,,,REGULAR_SEASON,,181,Dec. 10 at Kansas 1/19 73-66 W,resolved,,,,,,,
KYRAW-01567,kentucky,historical_record_book,1977-1978,1978,1977-12-12,South Carolina,South Carolina,south-carolina,Yes,84,65,W,0,Kentucky Home,SOURCE_PROGRAM_HOME,Rupp Arena,Rupp Arena,Lexington,KY,,,REGULAR_SEASON,,181,Dec. 12 SOUTH CAROLINA 1/NR 84-65 W,resolved,,,,,,,
KYRAW-01568,kentucky,historical_record_book,1977-1978,1978,1977-12-16,Portland State,Portland State,portland-state,Yes,114,88,W,0,Kentucky Home,SOURCE_PROGRAM_HOME,Rupp Arena,Rupp Arena,Lexington,KY,,,REGULAR_SEASON,,181,Dec. 16 1 PORTLAND STATE 1/NR 114-88 W,resolved,,,,,,,
KYRAW-01569,kentucky,historical_record_book,1977-1978,1978,1977-12-17,St. John’s,St. John's,st-john-s,Yes,102,72,W,0,Kentucky Home,SOURCE_PROGRAM_HOME,Rupp Arena,Rupp Arena,Lexington,KY,,,REGULAR_SEASON,,181,Dec. 17 1 ST. JOHN’S 1/NR 102-72 W,resolved,,,,,,,
KYRAW-01570,kentucky,historical_record_book,1977-1978,1978,1977-12-23,Iona,Iona,iona,Yes,104,65,W,0,Kentucky Home,SOURCE_PROGRAM_HOME,Rupp Arena,Rupp Arena,Lexington,KY,,,REGULAR_SEASON,,181,Dec. 23 IONA 1/NR 104-65 W,resolved,,,,,,,
KYRAW-01571,kentucky,historical_record_book,1977-1978,1978,1977-12-31,Notre Dame,Notre Dame,notre-dame,Yes,73,68,W,0,Neutral,NEUTRAL,,,,,,,REGULAR_SEASON,,181,Dec. 31 2 vs. Notre Dame 1/4 73-68 W,resolved,,,,,,,
KYRAW-01572,kentucky,historical_record_book,1977-1978,1978,1978-01-02,Vanderbilt,Vanderbilt,vanderbilt,Yes,72,59,W,0,Kentucky Home,SOURCE_PROGRAM_HOME,Rupp Arena,Rupp Arena,Lexington,KY,,,REGULAR_SEASON,,181,Jan. 2 * VANDERBILT 1/NR 72-59 W,resolved,,,,,,,
KYRAW-01573,kentucky,historical_record_book,1977-1978,1978,1978-01-07,Florida,Florida,florida,Yes,86,67,W,0,Opponent Home,OPPONENT_HOME,,,,,,,REGULAR_SEASON,,181,Jan. 7 * at Florida 1/NR 86-67 W,resolved,,,,,,,
KYRAW-01574,kentucky,historical_record_book,1977-1978,1978,1978-01-09,Auburn,Auburn,auburn,Yes,101,77,W,0,Opponent Home,OPPONENT_HOME,,,,,,,REGULAR_SEASON,,181,Jan. 9 * at Auburn 1/NR 101-77 W,resolved,,,,,,,
KYRAW-01575,kentucky,historical_record_book,1977-1978,1978,1978-01-14,LSU,LSU,lsu,Yes,96,76,W,0,Kentucky Home,SOURCE_PROGRAM_HOME,Rupp Arena,Rupp Arena,Lexington,KY,,,REGULAR_SEASON,,181,Jan. 14 * LSU 1/NR 96-76 W,resolved,,,,,,,
KYRAW-01576,kentucky,historical_record_book,1977-1978,1978,1978-01-16,Ole Miss,Ole Miss,ole-miss,Yes,76,56,W,0,Kentucky Home,SOURCE_PROGRAM_HOME,Rupp Arena,Rupp Arena,Lexington,KY,,,REGULAR_SEASON,,181,Jan. 16 * OLE MISS 1/NR 76-56 W,resolved,,,,,,,
KYRAW-01577,kentucky,historical_record_book,1977-1978,1978,1978-01-21,Mississippi State,Mississippi State,mississippi-state,Yes,75,65,W,0,Opponent Home,OPPONENT_HOME,,,,,,,REGULAR_SEASON,,181,Jan. 21 * at Mississippi State 1/NR 75-65 W,resolved,,,,,,,
KYRAW-01578,kentucky,historical_record_book,1977-1978,1978,1978-01-23,Alabama,Alabama,alabama,Yes,62,78,L,0,Opponent Home,OPPONENT_HOME,,,,,,,REGULAR_SEASON,,181,Jan. 23 * at Alabama 1/NR 62-78 L,resolved,,,,,,,
KYRAW-01579,kentucky,historical_record_book,1977-1978,1978,1978-01-30,Georgia,Georgia,georgia,Yes,90,73,W,0,Kentucky Home,SOURCE_PROGRAM_HOME,Rupp Arena,Rupp Arena,Lexington,KY,,,REGULAR_SEASON,,181,Jan. 30 * GEORGIA 1/NR 90-73 W,resolved,,,,,,,
KYRAW-01580,kentucky,historical_record_book,1977-1978,1978,1978-02-04,Florida,Florida,florida,Yes,88,61,W,0,Kentucky Home,SOURCE_PROGRAM_HOME,Rupp Arena,Rupp Arena,Lexington,KY,,,REGULAR_SEASON,,181,Feb. 4 * FLORIDA 1/NR 88-61 W,resolved,,,,,,,
KYRAW-01581,kentucky,historical_record_book,1977-1978,1978,1978-02-06,Auburn,Auburn,auburn,Yes,104,81,W,0,Kentucky Home,SOURCE_PROGRAM_HOME,Rupp Arena,Rupp Arena,Lexington,KY,,,REGULAR_SEASON,,181,Feb. 6 * AUBURN 1/NR 104-81 W,resolved,,,,,,,
KYRAW-01582,kentucky,historical_record_book,1977-1978,1978,1978-02-11,LSU,LSU,lsu,Yes,94,95,L,1,Opponent Home,OPPONENT_HOME,,,,,,,REGULAR_SEASON,,181,Feb. 11 * at LSU 1/NR 94-95 L OT,resolved,,,,,,,
KYRAW-01583,kentucky,historical_record_book,1977-1978,1978,1978-02-13,Ole Miss,Ole Miss,ole-miss,Yes,64,52,W,0,Opponent Home,OPPONENT_HOME,,,,,,,REGULAR_SEASON,,181,Feb. 13 * at Ole Miss 1/NR 64-52 W,resolved,,,,,,,
KYRAW-01584,kentucky,historical_record_book,1977-1978,1978,1978-02-15,Tennessee,Tennessee,tennessee,Yes,90,77,W,0,Kentucky Home,SOURCE_PROGRAM_HOME,Rupp Arena,Rupp Arena,Lexington,KY,,,REGULAR_SEASON,,181,Feb. 15 * TENNESSEE 3/NR 90-77 W,resolved,,,,,,,
KYRAW-01585,kentucky,historical_record_book,1977-1978,1978,1978-02-18,Mississippi State,Mississippi State,mississippi-state,Yes,58,56,W,0,Kentucky Home,SOURCE_PROGRAM_HOME,Rupp Arena,Rupp Arena,Lexington,KY,,,REGULAR_SEASON,,181,Feb. 18 * MISSISSIPPI STATE 3/NR 58-56 W,resolved,,,,,,,
KYRAW-01586,kentucky,historical_record_book,1977-1978,1978,1978-02-20,Alabama,Alabama,alabama,Yes,97,84,W,0,Kentucky Home,SOURCE_PROGRAM_HOME,Rupp Arena,Rupp Arena,Lexington,KY,,,REGULAR_SEASON,,181,Feb. 20 * ALABAMA 3/NR 97-84 W,resolved,,,,,,,
KYRAW-01587,kentucky,historical_record_book,1977-1978,1978,1978-02-25,Tennessee,Tennessee,tennessee,Yes,68,57,W,0,Opponent Home,OPPONENT_HOME,,,,,,,REGULAR_SEASON,,181,Feb. 25 * at Tennessee 2/NR 68-57 W,resolved,,,,,,,
KYRAW-01588,kentucky,historical_record_book,1977-1978,1978,1978-02-27,Georgia,Georgia,georgia,Yes,78,67,W,0,Opponent Home,OPPONENT_HOME,,,,,,,REGULAR_SEASON,,181,Feb. 27 * at Georgia 2/NR 78-67 W,resolved,,,,,,,
KYRAW-01589,kentucky,historical_record_book,1977-1978,1978,1978-03-04,UNLV,UNLV,unlv,Yes,92,70,W,0,Kentucky Home,SOURCE_PROGRAM_HOME,Rupp Arena,Rupp Arena,Lexington,KY,,,REGULAR_SEASON,,181,Mar. 4 UNLV 1/NR 92-70 W,resolved,,,,,,,
KYRAW-01590,kentucky,historical_record_book,1977-1978,1978,1978-03-06,Vanderbilt,Vanderbilt,vanderbilt,Yes,78,68,W,0,Opponent Home,OPPONENT_HOME,,,,,,,REGULAR_SEASON,,181,Mar. 6 * at Vanderbilt 1/NR 78-68 W,resolved,,,,,,,
KYRAW-01591,kentucky,historical_record_book,1977-1978,1978,1978-03-11,Florida State,Florida State,florida-state,Yes,85,76,W,0,Neutral,NEUTRAL,,,,,NCAA Tournament,,NCAA_TOURNAMENT,R32,181,Mar. 11 3 vs. Florida State 1/13 85-76 W,resolved,,,,,,,
KYRAW-01592,kentucky,historical_record_book,1977-1978,1978,1978-03-16,Miami (Ohio),Miami University,miami-oh,Yes,91,69,W,0,Neutral,NEUTRAL,,,,,NCAA Tournament,,NCAA_TOURNAMENT,Sweet Sixteen,181,Mar. 16 4 vs. Miami (Ohio) 1/19 91-69 W,resolved,,,,,,,
KYRAW-01593,kentucky,historical_record_book,1977-1978,1978,1978-03-18,Michigan State,Michigan State,michigan-state,Yes,52,49,W,0,Neutral,NEUTRAL,,,,,NCAA Tournament,,NCAA_TOURNAMENT,Elite Eight,181,Mar. 18 4 vs. Michigan State 1/4 52-49 W,resolved,,,,,,,
KYRAW-01594,kentucky,historical_record_book,1977-1978,1978,1978-03-25,Arkansas,Arkansas,arkansas,Yes,64,59,W,0,Neutral,NEUTRAL,,,,,NCAA Tournament,,NCAA_TOURNAMENT,Final Four,181,Mar. 25 5 vs. Arkansas 1/5 64-59 W,resolved,,,,,,,
KYRAW-01595,kentucky,historical_record_book,1977-1978,1978,1978-03-27,Duke,Duke,duke,Yes,94,88,W,0,Neutral,NEUTRAL,,,,,NCAA Tournament,,NCAA_TOURNAMENT,Championship,181,Mar. 27 5 vs. Duke 1/7 94-88 W,resolved,,,,,,,
KYRAW-01596,kentucky,historical_record_book,1978-1979,1979,1978-12-02,LaSalle,La Salle,la-salle,Yes,109,77,W,0,Kentucky Home,SOURCE_PROGRAM_HOME,Rupp Arena,Rupp Arena,Lexington,KY,,,REGULAR_SEASON,,182,Dec. 2 LASALLE 10/NR 109-77 W,resolved,,,,,,,
KYRAW-01597,kentucky,historical_record_book,1978-1979,1979,1978-12-04,West Texas State,West Texas A&M,west-texas-a-m,No,121,67,W,0,Kentucky Home,SOURCE_PROGRAM_HOME,Rupp Arena,Rupp Arena,Lexington,KY,,,REGULAR_SEASON,,182,Dec. 4 WEST TEXAS 10/NR 121-67 W,resolved,,,,,,,
KYRAW-01598,kentucky,historical_record_book,1978-1979,1979,1978-12-09,Kansas,kansas,kansas,Yes,67,66,W,1,Kentucky Home,SOURCE_PROGRAM_HOME,Rupp Arena,Rupp Arena,Lexington,KY,,,REGULAR_SEASON,,182,Dec. 9 KANSAS 10/5 67-66 W OT,resolved,,,,,,,
KYRAW-01599,kentucky,historical_record_book,1978-1979,1979,1978-12-16,Indiana,Indiana,indiana,Yes,67,68,L,1,Opponent Home,OPPONENT_HOME,,,,,,,REGULAR_SEASON,,182,Dec. 16 at Indiana 6/NR 67-68 L OT,resolved,,,,,,,
KYRAW-01600,kentucky,historical_record_book,1978-1979,1979,1978-12-22,Texas A&M,Texas A&M,texas-a-m,Yes,69,73,L,0,Kentucky Home,SOURCE_PROGRAM_HOME,Rupp Arena,Rupp Arena,Lexington,KY,,,REGULAR_SEASON,,182,Dec. 22 1 TEXAS A&M 11/17 69-73 L,resolved,,,,,,,
KYRAW-01601,kentucky,historical_record_book,1978-1979,1979,1978-12-23,Syracuse,Syracuse,syracuse,Yes,94,87,W,0,Kentucky Home,SOURCE_PROGRAM_HOME,Rupp Arena,Rupp Arena,Lexington,KY,,,REGULAR_SEASON,,182,Dec. 23 1 SYRACUSE 11/8 94-87 W,resolved,,,,,,,
KYRAW-01602,kentucky,historical_record_book,1978-1979,1979,1978-12-30,Notre Dame,Notre Dame,notre-dame,Yes,81,76,W,0,Neutral,NEUTRAL,,,,,,,REGULAR_SEASON,,182,Dec. 30 2 vs. Notre Dame 13/2 81-76 W,resolved,,,,,,,
KYRAW-01603,kentucky,historical_record_book,1978-1979,1979,1979-01-03,Florida,Florida,florida,Yes,65,76,L,0,Opponent Home,OPPONENT_HOME,,,,,,,REGULAR_SEASON,,182,Jan. 3 * at Florida 9/NR 65-76 L,resolved,,,,,,,
KYRAW-01604,kentucky,historical_record_book,1978-1979,1979,1979-01-06,LSU,LSU,lsu,Yes,89,93,L,0,Kentucky Home,SOURCE_PROGRAM_HOME,Rupp Arena,Rupp Arena,Lexington,KY,,,REGULAR_SEASON,,182,Jan. 6 * LSU 9/7 89-93 L,resolved,,,,,,,
KYRAW-01605,kentucky,historical_record_book,1978-1979,1979,1979-01-08,Ole Miss,Ole Miss,ole-miss,Yes,90,64,W,0,Kentucky Home,SOURCE_PROGRAM_HOME,Rupp Arena,Rupp Arena,Lexington,KY,,,REGULAR_SEASON,,182,Jan. 8 * OLE MISS 9/NR 90-64 W,resolved,,,,,,,
KYRAW-01606,kentucky,historical_record_book,1978-1979,1979,1979-01-13,Alabama,Alabama,alabama,Yes,52,55,L,0,Opponent Home,OPPONENT_HOME,,,,,,,REGULAR_SEASON,,182,Jan. 13 * at Alabama 17/NR 52-55 L,resolved,,,,,,,
KYRAW-01607,kentucky,historical_record_book,1978-1979,1979,1979-01-15,Mississippi State,Mississippi State,mississippi-state,Yes,61,63,L,0,Opponent Home,OPPONENT_HOME,,,,,,,REGULAR_SEASON,,182,Jan. 15 * at Mississippi State 17/NR 61-63 L,resolved,,,,,,,
KYRAW-01608,kentucky,historical_record_book,1978-1979,1979,1979-01-20,Tennessee,Tennessee,tennessee,Yes,55,66,L,0,Kentucky Home,SOURCE_PROGRAM_HOME,Rupp Arena,Rupp Arena,Lexington,KY,,,REGULAR_SEASON,,182,Jan. 20 * TENNESSEE NR/NR 55-66 L,resolved,,,,,,,
KYRAW-01609,kentucky,historical_record_book,1978-1979,1979,1979-01-22,Georgia,Georgia,georgia,Yes,73,64,W,0,Kentucky Home,SOURCE_PROGRAM_HOME,Rupp Arena,Rupp Arena,Lexington,KY,,,REGULAR_SEASON,,182,Jan. 22 * GEORGIA NR/NR 73-64 W,resolved,,,,,,,
KYRAW-01610,kentucky,historical_record_book,1978-1979,1979,1979-01-25,Auburn,Auburn,auburn,Yes,86,83,W,1,Opponent Home,OPPONENT_HOME,,,,,,,REGULAR_SEASON,,182,Jan. 25 * at Auburn NR/NR 86-83 W OT,resolved,,,,,,,
KYRAW-01611,kentucky,historical_record_book,1978-1979,1979,1979-01-27,Florida,Florida,florida,Yes,87,81,W,0,Kentucky Home,SOURCE_PROGRAM_HOME,Rupp Arena,Rupp Arena,Lexington,KY,,,REGULAR_SEASON,,182,Jan. 27 * FLORIDA NR/NR 87-81 W,resolved,,,,,,,
KYRAW-01612,kentucky,historical_record_book,1978-1979,1979,1979-01-29,Auburn,Auburn,auburn,Yes,66,59,W,0,Kentucky Home,SOURCE_PROGRAM_HOME,Rupp Arena,Rupp Arena,Lexington,KY,,,REGULAR_SEASON,,182,Jan. 29 * AUBURN NR/NR 66-59 W,resolved,,,,,,,
KYRAW-01613,kentucky,historical_record_book,1978-1979,1979,1979-02-03,LSU,LSU,lsu,Yes,61,70,L,0,Opponent Home,OPPONENT_HOME,,,,,,,REGULAR_SEASON,,182,Feb. 3 * at LSU NR/9 61-70 L,resolved,,,,,,,
KYRAW-01614,kentucky,historical_record_book,1978-1979,1979,1979-02-05,Ole Miss,Ole Miss,ole-miss,Yes,87,82,W,0,Opponent Home,OPPONENT_HOME,,,,,,,REGULAR_SEASON,,182,Feb. 5 * at Ole Miss NR/NR 87-82 W,resolved,,,,,,,
KYRAW-01615,kentucky,historical_record_book,1978-1979,1979,1979-02-07,Vanderbilt,Vanderbilt,vanderbilt,Yes,58,68,L,0,Opponent Home,OPPONENT_HOME,,,,,,,REGULAR_SEASON,,182,Feb. 7 * at Vanderbilt NR/17 58-68 L,resolved,,,,,,,
KYRAW-01616,kentucky,historical_record_book,1978-1979,1979,1979-02-10,Alabama,Alabama,alabama,Yes,80,71,W,0,Kentucky Home,SOURCE_PROGRAM_HOME,Rupp Arena,Rupp Arena,Lexington,KY,,,REGULAR_SEASON,,182,Feb. 10 * ALABAMA NR/16 80-71 W,resolved,,,,,,,
KYRAW-01617,kentucky,historical_record_book,1978-1979,1979,1979-02-12,Mississippi State,Mississippi State,mississippi-state,Yes,80,65,W,0,Kentucky Home,SOURCE_PROGRAM_HOME,Rupp Arena,Rupp Arena,Lexington,KY,,,REGULAR_SEASON,,182,Feb. 12 * MISSISSIPPI STATE NR/NR 80-65 W,resolved,,,,,,,
KYRAW-01618,kentucky,historical_record_book,1978-1979,1979,1979-02-17,Tennessee,Tennessee,tennessee,Yes,84,101,L,0,Opponent Home,OPPONENT_HOME,,,,,,,REGULAR_SEASON,,182,Feb. 17 * at Tennessee NR/NR 84-101 L,resolved,,,,,,,
KYRAW-01619,kentucky,historical_record_book,1978-1979,1979,1979-02-19,Georgia,Georgia,georgia,Yes,90,74,W,0,Opponent Home,OPPONENT_HOME,,,,,,,REGULAR_SEASON,,182,Feb. 19 * at Georgia NR/NR 90-74 W,resolved,,,,,,,
KYRAW-01620,kentucky,historical_record_book,1978-1979,1979,1979-02-23,Vanderbilt,Vanderbilt,vanderbilt,Yes,96,70,W,0,Kentucky Home,SOURCE_PROGRAM_HOME,Rupp Arena,Rupp Arena,Lexington,KY,,,REGULAR_SEASON,,182,Feb. 23 * VANDERBILT NR/19 96-70 W,resolved,,,,,,,
KYRAW-01621,kentucky,historical_record_book,1978-1979,1979,1979-02-25,South Carolina,South Carolina,south-carolina,Yes,79,74,W,0,Opponent Home,OPPONENT_HOME,,,,,,,REGULAR_SEASON,,182,Feb. 25 at South Carolina NR/NR 79-74 W,resolved,,,,,,,
KYRAW-01622,kentucky,historical_record_book,1978-1979,1979,1979-02-28,Ole Miss,Ole Miss,ole-miss,Yes,82,77,W,0,Neutral,NEUTRAL,,,,,SEC Tournament,,CONFERENCE_TOURNAMENT,,182,Feb. 28 3 vs. Ole Miss NR/NR 82-77 W,resolved,,,,,,,
KYRAW-01623,kentucky,historical_record_book,1978-1979,1979,1979-03-01,Alabama,Alabama,alabama,Yes,101,100,W,0,Neutral,NEUTRAL,,,,,SEC Tournament,,CONFERENCE_TOURNAMENT,,182,Mar. 1 3 vs. Alabama NR/NR 101-100 W,resolved,,,,,,,
KYRAW-01624,kentucky,historical_record_book,1978-1979,1979,1979-03-02,LSU,LSU,lsu,Yes,80,67,W,0,Neutral,NEUTRAL,,,,,SEC Tournament,,CONFERENCE_TOURNAMENT,,182,Mar. 2 3 vs. LSU NR/8 80-67 W,resolved,,,,,,,
KYRAW-01625,kentucky,historical_record_book,1978-1979,1979,1979-03-03,Tennessee,Tennessee,tennessee,Yes,69,75,L,1,Neutral,NEUTRAL,,,,,SEC Tournament,,CONFERENCE_TOURNAMENT,Championship,182,Mar. 3 3 vs. Tennessee NR/NR 69-75 L OT,resolved,,,,,,,
KYRAW-01626,kentucky,historical_record_book,1978-1979,1979,1979-03-07,Clemson,Clemson,clemson,Yes,67,68,L,1,Kentucky Home,SOURCE_PROGRAM_HOME,Rupp Arena,Rupp Arena,Lexington,KY,NIT,,NIT,,182,Mar. 7 CLEMSON NR/NR 67-68 L OT,resolved,,,,,,,
KYRAW-01627,kentucky,historical_record_book,1979-1980,1980,1979-11-17,Duke,Duke,duke,Yes,76,82,L,1,Neutral,NEUTRAL,,,,,,,REGULAR_SEASON,,182,Nov. 17 1 vs. Duke 2/3 76-82 L OT,resolved,,,,,,,
KYRAW-01628,kentucky,historical_record_book,1979-1980,1980,1979-11-30,Bradley,Bradley,bradley,Yes,79,58,W,0,Neutral,NEUTRAL,,,,,,,REGULAR_SEASON,,182,Nov. 30 2 vs. Bradley 2/NR 79-58 W,resolved,,,,,,,
KYRAW-01629,kentucky,historical_record_book,1979-1980,1980,1979-12-01,Alaska Anchorage,Alaska Anchorage,alaska-anchorage,No,97,68,W,0,Neutral,NEUTRAL,,,,,,,REGULAR_SEASON,,182,Dec. 1 2 vs. Alaska 2/NR 97-68 W,resolved,,,,,,,
KYRAW-01630,kentucky,historical_record_book,1979-1980,1980,1979-12-02,Iona,Iona,iona,Yes,57,50,W,0,Neutral,NEUTRAL,,,,,,,REGULAR_SEASON,,182,Dec. 2 2 vs. Iona 2/NR 57-50 W,resolved,,,,,,,
KYRAW-01631,kentucky,historical_record_book,1979-1980,1980,1979-12-08,Baylor,Baylor,baylor,Yes,80,46,W,0,Kentucky Home,SOURCE_PROGRAM_HOME,Rupp Arena,Rupp Arena,Lexington,KY,,,REGULAR_SEASON,,182,Dec. 8 BAYLOR 5/NR 80-46 W,resolved,,,,,,,
KYRAW-01632,kentucky,historical_record_book,1979-1980,1980,1979-12-10,South Carolina,South Carolina,south-carolina,Yes,126,81,W,0,Kentucky Home,SOURCE_PROGRAM_HOME,Rupp Arena,Rupp Arena,Lexington,KY,,,REGULAR_SEASON,,182,Dec. 10 SOUTH CAROLINA 5/NR 126-81 W,resolved,,,,,,,
KYRAW-01633,kentucky,historical_record_book,1979-1980,1980,1979-12-12,Kansas,kansas,kansas,Yes,57,56,W,0,Opponent Home,OPPONENT_HOME,,,,,,,REGULAR_SEASON,,182,Dec. 12 at Kansas 5/NR 57-56 W,resolved,,,,,,,
KYRAW-01634,kentucky,historical_record_book,1979-1980,1980,1979-12-15,Indiana,Indiana,indiana,Yes,69,58,W,0,Kentucky Home,SOURCE_PROGRAM_HOME,Rupp Arena,Rupp Arena,Lexington,KY,,,REGULAR_SEASON,,182,Dec. 15 INDIANA 5/1 69-58 W,resolved,,,,,,,
KYRAW-01635,kentucky,historical_record_book,1979-1980,1980,1979-12-17,Georgia,Georgia,georgia,Yes,95,69,W,0,Neutral,NEUTRAL,,,,,,,REGULAR_SEASON,,182,Dec. 17 3* vs. Georgia 5/NR 95-69 W,resolved,,,,,,,
KYRAW-01636,kentucky,historical_record_book,1979-1980,1980,1979-12-21,California,California,california,Yes,78,52,W,0,Kentucky Home,SOURCE_PROGRAM_HOME,Rupp Arena,Rupp Arena,Lexington,KY,,,REGULAR_SEASON,,182,Dec. 21 4 CALIFORNIA 3/NR 78-52 W,resolved,,,,,,,
KYRAW-01637,kentucky,historical_record_book,1979-1980,1980,1979-12-22,Purdue,Purdue,purdue,Yes,61,60,W,0,Kentucky Home,SOURCE_PROGRAM_HOME,Rupp Arena,Rupp Arena,Lexington,KY,,,REGULAR_SEASON,,182,Dec. 22 4 PURDUE 3/9 61-60 W,resolved,,,,,,,
KYRAW-01638,kentucky,historical_record_book,1979-1980,1980,1979-12-29,Notre Dame,Notre Dame,notre-dame,Yes,86,80,W,0,Neutral,NEUTRAL,,,,,,,REGULAR_SEASON,,182,Dec. 29 5 vs. Notre Dame 2/3 86-80 W,resolved,,,,,,,
KYRAW-01639,kentucky,historical_record_book,1979-1980,1980,1980-01-02,Auburn,Auburn,auburn,Yes,67,65,W,0,Kentucky Home,SOURCE_PROGRAM_HOME,Rupp Arena,Rupp Arena,Lexington,KY,,,REGULAR_SEASON,,182,Jan. 2 * AUBURN 2/NR 67-65 W,resolved,,,,,,,
KYRAW-01640,kentucky,historical_record_book,1979-1980,1980,1980-01-05,Tennessee,Tennessee,tennessee,Yes,47,49,L,0,Opponent Home,OPPONENT_HOME,,,,,,,REGULAR_SEASON,,182,Jan. 5 * at Tennessee 2/NR 47-49 L,resolved,,,,,,,
KYRAW-01641,kentucky,historical_record_book,1979-1980,1980,1980-01-09,Ole Miss,Ole Miss,ole-miss,Yes,79,73,W,0,Opponent Home,OPPONENT_HOME,,,,,,,REGULAR_SEASON,,182,Jan. 9 * at Ole Miss 4/NR 79-73 W,resolved,,,,,,,
KYRAW-01642,kentucky,historical_record_book,1979-1980,1980,1980-01-12,Alabama,Alabama,alabama,Yes,64,78,L,0,Kentucky Home,SOURCE_PROGRAM_HOME,Rupp Arena,Rupp Arena,Lexington,KY,,,REGULAR_SEASON,,182,Jan. 12 * ALABAMA 4/NR 64-78 L,resolved,,,,,,,
KYRAW-01643,kentucky,historical_record_book,1979-1980,1980,1980-01-17,Florida,Florida,florida,Yes,76,63,W,0,Opponent Home,OPPONENT_HOME,,,,,,,REGULAR_SEASON,,182,Jan. 17 * at Florida 6/NR 76-63 W,resolved,,,,,,,
KYRAW-01644,kentucky,historical_record_book,1979-1980,1980,1980-01-19,Vanderbilt,Vanderbilt,vanderbilt,Yes,106,90,W,0,Kentucky Home,SOURCE_PROGRAM_HOME,Rupp Arena,Rupp Arena,Lexington,KY,,,REGULAR_SEASON,,182,Jan. 19 * VANDERBILT 6/NR 106-90 W,resolved,,,,,,,
KYRAW-01645,kentucky,historical_record_book,1979-1980,1980,1980-01-23,Mississippi State,Mississippi State,mississippi-state,Yes,89,67,W,0,Opponent Home,OPPONENT_HOME,,,,,,,REGULAR_SEASON,,182,Jan. 23 * at Mississippi State 5/NR 89-67 W,resolved,,,,,,,
KYRAW-01646,kentucky,historical_record_book,1979-1980,1980,1980-01-26,Georgia,Georgia,georgia,Yes,56,49,W,0,Kentucky Home,SOURCE_PROGRAM_HOME,Rupp Arena,Rupp Arena,Lexington,KY,,,REGULAR_SEASON,,182,Jan. 26 * GEORGIA 5/NR 56-49 W,resolved,,,,,,,
KYRAW-01647,kentucky,historical_record_book,1979-1980,1980,1980-01-28,LSU,LSU,lsu,Yes,60,65,L,0,Kentucky Home,SOURCE_PROGRAM_HOME,Rupp Arena,Rupp Arena,Lexington,KY,,,REGULAR_SEASON,,182,Jan. 28 * LSU 5/11 60-65 L,resolved,,,,,,,
KYRAW-01648,kentucky,historical_record_book,1979-1980,1980,1980-01-30,Auburn,Auburn,auburn,Yes,64,62,W,0,Opponent Home,OPPONENT_HOME,,,,,,,REGULAR_SEASON,,182,Jan. 30 * at Auburn 3/NR 64-62 W,resolved,,,,,,,
KYRAW-01649,kentucky,historical_record_book,1979-1980,1980,1980-02-02,Tennessee,Tennessee,tennessee,Yes,83,75,W,0,Kentucky Home,SOURCE_PROGRAM_HOME,Rupp Arena,Rupp Arena,Lexington,KY,,,REGULAR_SEASON,,182,Feb. 2 * TENNESSEE 3/NR 83-75 W,resolved,,,,,,,
KYRAW-01650,kentucky,historical_record_book,1979-1980,1980,1980-02-06,Ole Miss,Ole Miss,ole-miss,Yes,86,72,W,0,Kentucky Home,SOURCE_PROGRAM_HOME,Rupp Arena,Rupp Arena,Lexington,KY,,,REGULAR_SEASON,,182,Feb. 6 * OLE MISS 6/NR 86-72 W,resolved,,,,,,,
KYRAW-01651,kentucky,historical_record_book,1979-1980,1980,1980-02-09,Alabama,Alabama,alabama,Yes,72,63,W,0,Opponent Home,OPPONENT_HOME,,,,,,,REGULAR_SEASON,,182,Feb. 9 * at Alabama 6/NR 72-63 W,resolved,,,,,,,
KYRAW-01652,kentucky,historical_record_book,1979-1980,1980,1980-02-13,Florida,Florida,florida,Yes,95,70,W,0,Kentucky Home,SOURCE_PROGRAM_HOME,Rupp Arena,Rupp Arena,Lexington,KY,,,REGULAR_SEASON,,182,Feb. 13 * FLORIDA 5/NR 95-70 W,resolved,,,,,,,
KYRAW-01653,kentucky,historical_record_book,1979-1980,1980,1980-02-15,Vanderbilt,Vanderbilt,vanderbilt,Yes,91,73,W,0,Opponent Home,OPPONENT_HOME,,,,,,,REGULAR_SEASON,,182,Feb. 15 * at Vanderbilt 5/NR 91-73 W,resolved,,,,,,,
KYRAW-01654,kentucky,historical_record_book,1979-1980,1980,1980-02-17,UNLV,UNLV,unlv,Yes,74,69,W,0,Opponent Home,OPPONENT_HOME,,,,,,,REGULAR_SEASON,,182,Feb. 17 at UNLV 5/NR 74-69 W,resolved,,,,,,,
KYRAW-01655,kentucky,historical_record_book,1979-1980,1980,1980-02-20,Mississippi State,Mississippi State,mississippi-state,Yes,71,65,W,0,Kentucky Home,SOURCE_PROGRAM_HOME,Rupp Arena,Rupp Arena,Lexington,KY,,,REGULAR_SEASON,,182,Feb. 20 * MISSISSIPPI STATE 3/NR 71-65 W,resolved,,,,,,,
KYRAW-01656,kentucky,historical_record_book,1979-1980,1980,1980-02-20,LSU,LSU,lsu,Yes,76,74,W,1,Opponent Home,OPPONENT_HOME,,,,,,,REGULAR_SEASON,,182,Feb. 20 * at LSU 3/5 76-74 W OT,resolved,,,,,,,
KYRAW-01657,kentucky,historical_record_book,1979-1980,1980,1980-02-28,Auburn,Auburn,auburn,Yes,69,61,W,0,Neutral,NEUTRAL,,,,,SEC Tournament,,CONFERENCE_TOURNAMENT,,182,Feb. 28 6 vs. Auburn 2/NR 69-61 W,resolved,,,,,,,
KYRAW-01658,kentucky,historical_record_book,1979-1980,1980,1980-02-29,Ole Miss,Ole Miss,ole-miss,Yes,70,67,W,0,Neutral,NEUTRAL,,,,,SEC Tournament,,CONFERENCE_TOURNAMENT,,182,Feb. 29 6 vs. Ole Miss 2/NR 70-67 W,resolved,,,,,,,
KYRAW-01659,kentucky,historical_record_book,1979-1980,1980,1980-03-01,LSU,LSU,lsu,Yes,78,80,L,0,Neutral,NEUTRAL,,,,,SEC Tournament,,CONFERENCE_TOURNAMENT,Championship,182,Mar. 1 6 vs. LSU 2/5 78-80 L,resolved,,,,,,,
KYRAW-01660,kentucky,historical_record_book,1979-1980,1980,1980-03-08,Florida State,Florida State,florida-state,Yes,97,78,W,0,Neutral,NEUTRAL,,,,,NCAA Tournament,,NCAA_TOURNAMENT,R32,182,Mar. 8 7 vs. Florida State 4/NR 97-78 W,resolved,,,,,,,
KYRAW-01661,kentucky,historical_record_book,1979-1980,1980,1980-03-13,Duke,Duke,duke,Yes,54,55,L,0,Neutral,NEUTRAL,,,,,NCAA Tournament,,NCAA_TOURNAMENT,Sweet Sixteen,182,Mar. 13 vs. Duke 4/14 54-55 L,resolved,,,,,,,
KYRAW-01662,kentucky,historical_record_book,1980-1981,1981,1980-11-29,East Tennessee State,East Tennessee State,east-tennessee-state,Yes,62,57,W,0,Kentucky Home,SOURCE_PROGRAM_HOME,Rupp Arena,Rupp Arena,Lexington,KY,,,REGULAR_SEASON,,182,Nov. 29 ETSU 1/NR 62-57 W,resolved,,,,,,,
KYRAW-01663,kentucky,historical_record_book,1980-1981,1981,1980-12-03,Ohio State,Ohio State,ohio-state,Yes,70,64,W,0,Kentucky Home,SOURCE_PROGRAM_HOME,Rupp Arena,Rupp Arena,Lexington,KY,,,REGULAR_SEASON,,182,Dec. 3 OHIO STATE 2/9 70-64 W,resolved,,,,,,,
KYRAW-01664,kentucky,historical_record_book,1980-1981,1981,1980-12-06,Indiana,Indiana,indiana,Yes,68,66,W,0,Opponent Home,OPPONENT_HOME,,,,,,,REGULAR_SEASON,,182,Dec. 6 at Indiana 2/5 68-66 W,resolved,,,,,,,
KYRAW-01665,kentucky,historical_record_book,1980-1981,1981,1980-12-13,Kansas,kansas,kansas,Yes,87,73,W,0,Kentucky Home,SOURCE_PROGRAM_HOME,Rupp Arena,Rupp Arena,Lexington,KY,,,REGULAR_SEASON,,182,Dec. 13 KANSAS 2/NR 87-73 W,resolved,,,,,,,
KYRAW-01666,kentucky,historical_record_book,1980-1981,1981,1980-12-19,Alaska Anchorage,Alaska Anchorage,alaska-anchorage,No,91,56,W,0,Kentucky Home,SOURCE_PROGRAM_HOME,Rupp Arena,Rupp Arena,Lexington,KY,,,REGULAR_SEASON,,182,Dec. 19 1 ALASKA 2/NR 91-56 W,resolved,,,,,,,
KYRAW-01667,kentucky,historical_record_book,1980-1981,1981,1980-12-20,UAB,UAB,uab,Yes,61,53,W,0,Kentucky Home,SOURCE_PROGRAM_HOME,Rupp Arena,Rupp Arena,Lexington,KY,,,REGULAR_SEASON,,182,Dec. 20 1 UAB (finals) 2/NR 61-53 W,resolved,,,,,,,
KYRAW-01668,kentucky,historical_record_book,1980-1981,1981,1980-12-27,Notre Dame,Notre Dame,notre-dame,Yes,61,67,L,0,Neutral,NEUTRAL,,,,,,,REGULAR_SEASON,,182,Dec. 27 2 vs. Notre Dame 2/8 61-67 L,resolved,,,,,,,
KYRAW-01669,kentucky,historical_record_book,1980-1981,1981,1980-12-30,Maine,Maine,maine,Yes,100,54,W,0,Kentucky Home,SOURCE_PROGRAM_HOME,Rupp Arena,Rupp Arena,Lexington,KY,,,REGULAR_SEASON,,182,Dec. 30 MAINE 5/NR 100-54 W,resolved,,,,,,,
KYRAW-01670,kentucky,historical_record_book,1980-1981,1981,1981-01-03,Georgia,Georgia,georgia,Yes,76,62,W,0,Kentucky Home,SOURCE_PROGRAM_HOME,Rupp Arena,Rupp Arena,Lexington,KY,,,REGULAR_SEASON,,182,Jan. 3 * GEORGIA 5/NR 76-62 W,resolved,,,,,,,
KYRAW-01671,kentucky,historical_record_book,1980-1981,1981,1981-01-07,Auburn,Auburn,auburn,Yes,79,66,W,0,Opponent Home,OPPONENT_HOME,,,,,,,REGULAR_SEASON,,182,Jan. 7 * at Auburn 4/NR 79-66 W,resolved,,,,,,,
KYRAW-01672,kentucky,historical_record_book,1980-1981,1981,1981-01-10,Tennessee,Tennessee,tennessee,Yes,48,47,W,0,Kentucky Home,SOURCE_PROGRAM_HOME,Rupp Arena,Rupp Arena,Lexington,KY,,,REGULAR_SEASON,,182,Jan. 10 * TENNESSEE 4/13 48-47 W,resolved,,,,,,,
KYRAW-01673,kentucky,historical_record_book,1980-1981,1981,1981-01-14,Ole Miss,Ole Miss,ole-miss,Yes,64,55,W,0,Kentucky Home,SOURCE_PROGRAM_HOME,Rupp Arena,Rupp Arena,Lexington,KY,,,REGULAR_SEASON,,182,Jan. 14 * OLE MISS 3/NR 64-55 W,resolved,,,,,,,
KYRAW-01674,kentucky,historical_record_book,1980-1981,1981,1981-01-17,Alabama,Alabama,alabama,Yes,55,59,L,0,Opponent Home,OPPONENT_HOME,,,,,,,REGULAR_SEASON,,182,Jan. 17 * at Alabama 3/NR 55-59 L,resolved,,,,,,,
KYRAW-01675,kentucky,historical_record_book,1980-1981,1981,1981-01-19,LSU,LSU,lsu,Yes,67,81,L,0,Opponent Home,OPPONENT_HOME,,,,,,,REGULAR_SEASON,,182,Jan. 19 * at LSU 3/6 67-81 L,resolved,,,,,,,
KYRAW-01676,kentucky,historical_record_book,1980-1981,1981,1981-01-21,Florida,Florida,florida,Yes,102,48,W,0,Kentucky Home,SOURCE_PROGRAM_HOME,Rupp Arena,Rupp Arena,Lexington,KY,,,REGULAR_SEASON,,182,Jan. 21 * FLORIDA 6/NR 102-48 W,resolved,,,,,,,
KYRAW-01677,kentucky,historical_record_book,1980-1981,1981,1981-01-24,Vanderbilt,Vanderbilt,vanderbilt,Yes,78,64,W,0,Opponent Home,OPPONENT_HOME,,,,,,,REGULAR_SEASON,,182,Jan. 24 * at Vanderbilt 6/NR 78-64 W,resolved,,,,,,,
KYRAW-01678,kentucky,historical_record_book,1980-1981,1981,1981-01-28,Mississippi State,Mississippi State,mississippi-state,Yes,71,64,W,0,Kentucky Home,SOURCE_PROGRAM_HOME,Rupp Arena,Rupp Arena,Lexington,KY,,,REGULAR_SEASON,,182,Jan. 28 * MISSISSIPPI STATE 7/NR 71-64 W,resolved,,,,,,,
KYRAW-01679,kentucky,historical_record_book,1980-1981,1981,1981-01-31,Georgia,Georgia,georgia,Yes,71,68,W,2,Opponent Home,OPPONENT_HOME,,,,,,,REGULAR_SEASON,,182,Jan. 31 * at Georgia 7/NR 71-68 W 2ot,resolved,,,,,,,
KYRAW-01680,kentucky,historical_record_book,1980-1981,1981,1981-02-04,Auburn,Auburn,auburn,Yes,102,74,W,0,Kentucky Home,SOURCE_PROGRAM_HOME,Rupp Arena,Rupp Arena,Lexington,KY,,,REGULAR_SEASON,,182,Feb. 4 * AUBURN 6/NR 102-74 W,resolved,,,,,,,
KYRAW-01681,kentucky,historical_record_book,1980-1981,1981,1981-02-07,Tennessee,Tennessee,tennessee,Yes,71,87,L,0,Opponent Home,OPPONENT_HOME,,,,,,,REGULAR_SEASON,,182,Feb. 7 * at Tennessee 6/10 71-87 L,resolved,,,,,,,
KYRAW-01682,kentucky,historical_record_book,1980-1981,1981,1981-02-11,Ole Miss,Ole Miss,ole-miss,Yes,62,55,W,0,Opponent Home,OPPONENT_HOME,,,,,,,REGULAR_SEASON,,182,Feb. 11 * at Ole Miss 11/NR 62-55 W,resolved,,,,,,,
KYRAW-01683,kentucky,historical_record_book,1980-1981,1981,1981-02-14,Alabama,Alabama,alabama,Yes,77,62,W,0,Kentucky Home,SOURCE_PROGRAM_HOME,Rupp Arena,Rupp Arena,Lexington,KY,,,REGULAR_SEASON,,182,Feb. 14 * ALABAMA 11/NR 77-62 W,resolved,,,,,,,
KYRAW-01684,kentucky,historical_record_book,1980-1981,1981,1981-02-18,Florida,Florida,florida,Yes,69,56,W,0,Opponent Home,OPPONENT_HOME,,,,,,,REGULAR_SEASON,,182,Feb. 18 * at Florida 10/NR 69-56 W,resolved,,,,,,,
KYRAW-01685,kentucky,historical_record_book,1980-1981,1981,1981-02-21,Vanderbilt,Vanderbilt,vanderbilt,Yes,80,48,W,0,Kentucky Home,SOURCE_PROGRAM_HOME,Rupp Arena,Rupp Arena,Lexington,KY,,,REGULAR_SEASON,,182,Feb. 21 * VANDERBILT 10/NR 80-48 W,resolved,,,,,,,
KYRAW-01686,kentucky,historical_record_book,1980-1981,1981,1981-02-25,Mississippi State,Mississippi State,mississippi-state,Yes,78,74,W,0,Opponent Home,OPPONENT_HOME,,,,,,,REGULAR_SEASON,,182,Feb. 25 * at Mississippi State 9/NR 78-74 W,resolved,,,,,,,
KYRAW-01687,kentucky,historical_record_book,1980-1981,1981,1981-03-01,LSU,LSU,lsu,Yes,73,71,W,0,Kentucky Home,SOURCE_PROGRAM_HOME,Rupp Arena,Rupp Arena,Lexington,KY,,,REGULAR_SEASON,,182,Mar. 1 * LSU 9/2 73-71 W,resolved,,,,,,,
KYRAW-01688,kentucky,historical_record_book,1980-1981,1981,1981-03-05,Vanderbilt,Vanderbilt,vanderbilt,Yes,55,60,L,0,Neutral,NEUTRAL,,,,,SEC Tournament,,CONFERENCE_TOURNAMENT,,183,Mar. 5 3 vs. Vanderbilt 7/NR 55-60 L,resolved,,,,,,,
KYRAW-01689,kentucky,historical_record_book,1980-1981,1981,1981-03-15,UAB,UAB,uab,Yes,62,69,L,0,Neutral,NEUTRAL,,,,,NCAA Tournament,,NCAA_TOURNAMENT,R32,183,Mar. 15 4 vs. UAB 8/NR 62-69 L,resolved,,,,,,,
KYRAW-01690,kentucky,historical_record_book,1981-1982,1982,1981-11-28,Akron,Akron,akron,Yes,83,64,W,0,Kentucky Home,SOURCE_PROGRAM_HOME,Rupp Arena,Rupp Arena,Lexington,KY,,,REGULAR_SEASON,,183,Nov. 28 AKRON 3/NR 83-64 W,resolved,,,,,,,
KYRAW-01691,kentucky,historical_record_book,1981-1982,1982,1981-12-05,Ohio State,Ohio State,ohio-state,Yes,78,62,W,0,Opponent Home,OPPONENT_HOME,,,,,,,REGULAR_SEASON,,183,Dec. 5 at Ohio State 2/NR 78-62 W,resolved,,,,,,,
KYRAW-01692,kentucky,historical_record_book,1981-1982,1982,1981-12-08,Indiana,Indiana,indiana,Yes,85,69,W,0,Kentucky Home,SOURCE_PROGRAM_HOME,Rupp Arena,Rupp Arena,Lexington,KY,,,REGULAR_SEASON,,183,Dec. 8 INDIANA 2/10 85-69 W,resolved,,,,,,,
KYRAW-01693,kentucky,historical_record_book,1981-1982,1982,1981-12-12,Kansas,kansas,kansas,Yes,77,74,W,1,Opponent Home,OPPONENT_HOME,,,,,,,REGULAR_SEASON,,183,Dec. 12 at Kansas 2/NR 77-74 W OT,resolved,,,,,,,
KYRAW-01694,kentucky,historical_record_book,1981-1982,1982,1981-12-18,Jacksonville,Jacksonville,jacksonville,Yes,107,91,W,0,Kentucky Home,SOURCE_PROGRAM_HOME,Rupp Arena,Rupp Arena,Lexington,KY,,,REGULAR_SEASON,,183,Dec. 18 1 JACKSONVILLE 2/NR 107-91 W,resolved,,,,,,,
KYRAW-01695,kentucky,historical_record_book,1981-1982,1982,1981-12-19,Seton Hall,Seton Hall,seton-hall,Yes,98,74,W,0,Kentucky Home,SOURCE_PROGRAM_HOME,Rupp Arena,Rupp Arena,Lexington,KY,,,REGULAR_SEASON,,183,Dec. 19 1 SETON HALL 2/NR 98-74 W,resolved,,,,,,,
KYRAW-01696,kentucky,historical_record_book,1981-1982,1982,1981-12-26,North Carolina,North Carolina,north-carolina,Yes,69,82,L,0,Neutral,NEUTRAL,,,,,,,REGULAR_SEASON,,183,Dec. 26 2 vs. North Carolina 2/1 69-82 L,resolved,,,,,,,
KYRAW-01697,kentucky,historical_record_book,1981-1982,1982,1981-12-29,Notre Dame,Notre Dame,notre-dame,Yes,34,28,W,1,Neutral,NEUTRAL,,,,,,,REGULAR_SEASON,,183,Dec. 29 3 vs. Notre Dame 4/NR 34-28 W OT,resolved,,,,,,,
KYRAW-01698,kentucky,historical_record_book,1981-1982,1982,1982-01-02,Georgia,Georgia,georgia,Yes,68,66,W,0,Opponent Home,OPPONENT_HOME,,,,,,,REGULAR_SEASON,,183,Jan. 2 * at Georgia 4/NR 68-66 W,resolved,,,,,,,
KYRAW-01699,kentucky,historical_record_book,1981-1982,1982,1982-01-06,Auburn,Auburn,auburn,Yes,83,71,W,0,Kentucky Home,SOURCE_PROGRAM_HOME,Rupp Arena,Rupp Arena,Lexington,KY,,,REGULAR_SEASON,,183,Jan. 6 * AUBURN 3/NR 83-71 W,resolved,,,,,,,
KYRAW-01700,kentucky,historical_record_book,1981-1982,1982,1982-01-09,Tennessee,Tennessee,tennessee,Yes,66,70,L,0,Opponent Home,OPPONENT_HOME,,,,,,,REGULAR_SEASON,,183,Jan. 9 * at Tennessee 3/NR 66-70 L,resolved,,,,,,,
KYRAW-01701,kentucky,historical_record_book,1981-1982,1982,1982-01-13,Ole Miss,Ole Miss,ole-miss,Yes,65,67,L,0,Opponent Home,OPPONENT_HOME,,,,,,,REGULAR_SEASON,,183,Jan. 13 * at Ole Miss 6/NR 65-67 L,resolved,,,,,,,
KYRAW-01702,kentucky,historical_record_book,1981-1982,1982,1982-01-16,Alabama,Alabama,alabama,Yes,86,69,W,0,Kentucky Home,SOURCE_PROGRAM_HOME,Rupp Arena,Rupp Arena,Lexington,KY,,,REGULAR_SEASON,,183,Jan. 16 * ALABAMA 6/13 86-69 W,resolved,,,,,,,
KYRAW-01703,kentucky,historical_record_book,1981-1982,1982,1982-01-20,Florida,Florida,florida,Yes,91,76,W,0,Opponent Home,OPPONENT_HOME,,,,,,,REGULAR_SEASON,,183,Jan. 20 * at Florida 9/NR 91-76 W,resolved,,,,,,,
KYRAW-01704,kentucky,historical_record_book,1981-1982,1982,1982-01-23,Vanderbilt,Vanderbilt,vanderbilt,Yes,67,58,W,0,Kentucky Home,SOURCE_PROGRAM_HOME,Rupp Arena,Rupp Arena,Lexington,KY,,,REGULAR_SEASON,,183,Jan. 23 * VANDERBILT 9/NR 67-58 W,resolved,,,,,,,
KYRAW-01705,kentucky,historical_record_book,1981-1982,1982,1982-01-25,LSU,LSU,lsu,Yes,76,65,W,0,Kentucky Home,SOURCE_PROGRAM_HOME,Rupp Arena,Rupp Arena,Lexington,KY,,,REGULAR_SEASON,,183,Jan. 25 * LSU 9/NR 76-65 W,resolved,,,,,,,
KYRAW-01706,kentucky,historical_record_book,1981-1982,1982,1982-01-27,Mississippi State,Mississippi State,mississippi-state,Yes,51,56,L,0,Opponent Home,OPPONENT_HOME,,,,,,,REGULAR_SEASON,,183,Jan. 27 * at Mississippi State 7/NR 51-56 L,resolved,,,,,,,
KYRAW-01707,kentucky,historical_record_book,1981-1982,1982,1982-01-30,Georgia,Georgia,georgia,Yes,82,73,W,0,Kentucky Home,SOURCE_PROGRAM_HOME,Rupp Arena,Rupp Arena,Lexington,KY,,,REGULAR_SEASON,,183,Jan. 30 * GEORGIA 7/NR 82-73 W,resolved,,,,,,,
KYRAW-01708,kentucky,historical_record_book,1981-1982,1982,1982-02-03,Auburn,Auburn,auburn,Yes,81,83,L,1,Opponent Home,OPPONENT_HOME,,,,,,,REGULAR_SEASON,,183,Feb. 3 * at Auburn 9/NR 81-83 L OT,resolved,,,,,,,
KYRAW-01709,kentucky,historical_record_book,1981-1982,1982,1982-02-06,Tennessee,Tennessee,tennessee,Yes,77,67,W,0,Kentucky Home,SOURCE_PROGRAM_HOME,Rupp Arena,Rupp Arena,Lexington,KY,,,REGULAR_SEASON,,183,Feb. 6 * TENNESSEE 9/16 77-67 W,resolved,,,,,,,
KYRAW-01710,kentucky,historical_record_book,1981-1982,1982,1982-02-10,Ole Miss,Ole Miss,ole-miss,Yes,56,49,W,0,Kentucky Home,SOURCE_PROGRAM_HOME,Rupp Arena,Rupp Arena,Lexington,KY,,,REGULAR_SEASON,,183,Feb. 10 * OLE MISS 12/NR 56-49 W,resolved,,,,,,,
KYRAW-01711,kentucky,historical_record_book,1981-1982,1982,1982-02-13,Alabama,Alabama,alabama,Yes,72,62,W,0,Opponent Home,OPPONENT_HOME,,,,,,,REGULAR_SEASON,,183,Feb. 13 * at Alabama 12/10 72-62 W,resolved,,,,,,,
KYRAW-01712,kentucky,historical_record_book,1981-1982,1982,1982-02-17,Florida,Florida,florida,Yes,84,78,W,0,Kentucky Home,SOURCE_PROGRAM_HOME,Rupp Arena,Rupp Arena,Lexington,KY,,,REGULAR_SEASON,,183,Feb. 17 * FLORIDA 10/NR 84-78 W 1,resolved,,,,,,,
KYRAW-01713,kentucky,historical_record_book,1981-1982,1982,1982-02-20,Vanderbilt,Vanderbilt,vanderbilt,Yes,73,69,W,0,Opponent Home,OPPONENT_HOME,,,,,,,REGULAR_SEASON,,183,Feb. 20 * at Vanderbilt 10/NR 73-69 W 2,resolved,,,,,,,
KYRAW-01714,kentucky,historical_record_book,1981-1982,1982,1982-02-24,Mississippi State,Mississippi State,mississippi-state,Yes,71,54,W,0,Kentucky Home,SOURCE_PROGRAM_HOME,Rupp Arena,Rupp Arena,Lexington,KY,,,REGULAR_SEASON,,183,Feb. 24 * MISSISSIPPI STATE 7/NR 71-54 W 3,resolved,,,,,,,
KYRAW-01715,kentucky,historical_record_book,1981-1982,1982,1982-02-27,LSU,LSU,lsu,Yes,78,94,L,0,Opponent Home,OPPONENT_HOME,,,,,,,REGULAR_SEASON,,183,Feb. 27 * at LSU 7/NR 78-94 L 4,resolved,,,,,,,
KYRAW-01716,kentucky,historical_record_book,1981-1982,1982,1982-03-04,Auburn,Auburn,auburn,Yes,89,66,W,0,Kentucky Home,SOURCE_PROGRAM_HOME,Rupp Arena,Rupp Arena,Lexington,KY,SEC Tournament,,CONFERENCE_TOURNAMENT,,183,Mar. 4 AUBURN 15/NR 89-66 W,resolved,,,,,,,
KYRAW-01717,kentucky,historical_record_book,1981-1982,1982,1982-03-05,Ole Miss,Ole Miss,ole-miss,Yes,62,58,W,0,Kentucky Home,SOURCE_PROGRAM_HOME,Rupp Arena,Rupp Arena,Lexington,KY,SEC Tournament,,CONFERENCE_TOURNAMENT,,183,Mar. 5 OLE MISS 15/NR 62-58 W,resolved,,,,,,,
KYRAW-01718,kentucky,historical_record_book,1981-1982,1982,1982-03-06,Alabama,Alabama,alabama,Yes,46,48,L,0,Kentucky Home,SOURCE_PROGRAM_HOME,Rupp Arena,Rupp Arena,Lexington,KY,SEC Tournament,,CONFERENCE_TOURNAMENT,Championship,183,Mar. 6 ALABAMA 15/18 46-48 L,resolved,,,,,,,
KYRAW-01719,kentucky,historical_record_book,1981-1982,1982,1982-03-11,Middle Tennessee,Middle Tennessee,middle-tennessee,Yes,44,50,L,0,Neutral,NEUTRAL,,,,,NCAA Tournament,,NCAA_TOURNAMENT,R64,183,Mar. 11 vs. Middle Tennessee 15/NR 44-50 L,resolved,,,,,,,
KYRAW-01720,kentucky,historical_record_book,1982-1983,1983,1982-11-27,Butler,Butler,butler,Yes,90,53,W,0,Kentucky Home,SOURCE_PROGRAM_HOME,Rupp Arena,Rupp Arena,Lexington,KY,,,REGULAR_SEASON,,183,Nov. 27 BUTLER 4/NR 90-53 W,resolved,,,,,,,
KYRAW-01721,kentucky,historical_record_book,1982-1983,1983,1982-12-01,Notre Dame,Notre Dame,notre-dame,Yes,58,45,W,0,Opponent Home,OPPONENT_HOME,,,,,,,REGULAR_SEASON,,183,Dec. 1 at Notre Dame 3/NR 58-45 W,resolved,,,,,,,
KYRAW-01722,kentucky,historical_record_book,1982-1983,1983,1982-12-04,Villanova,Villanova,villanova,Yes,93,79,W,0,Kentucky Home,SOURCE_PROGRAM_HOME,Rupp Arena,Rupp Arena,Lexington,KY,,,REGULAR_SEASON,,183,Dec. 4 VILLANOVA 3/4 93-79 W,resolved,,,,,,,
KYRAW-01723,kentucky,historical_record_book,1982-1983,1983,1982-12-07,Detroit Mercy,Detroit Mercy,detroit-mercy,Yes,83,46,W,0,Kentucky Home,SOURCE_PROGRAM_HOME,Rupp Arena,Rupp Arena,Lexington,KY,,,REGULAR_SEASON,,183,Dec. 7 DETROIT 3/NR 83-46 W,resolved,,,,,,,
KYRAW-01724,kentucky,historical_record_book,1982-1983,1983,1982-12-11,Illinois,Illinois,illinois,Yes,76,57,W,0,Kentucky Home,SOURCE_PROGRAM_HOME,Rupp Arena,Rupp Arena,Lexington,KY,,,REGULAR_SEASON,,183,Dec. 11 ILLINOIS 3/NR 76-57 W,resolved,,,,,,,
KYRAW-01725,kentucky,historical_record_book,1982-1983,1983,1982-12-17,Duquesne,Duquesne,duquesne,Yes,55,42,W,0,Kentucky Home,SOURCE_PROGRAM_HOME,Rupp Arena,Rupp Arena,Lexington,KY,,,REGULAR_SEASON,,183,Dec. 17 1 DUQUESNE 2/NR 55-42 W,resolved,,,,,,,
KYRAW-01726,kentucky,historical_record_book,1982-1983,1983,1982-12-18,Tulane,Tulane,tulane,Yes,80,61,W,0,Kentucky Home,SOURCE_PROGRAM_HOME,Rupp Arena,Rupp Arena,Lexington,KY,,,REGULAR_SEASON,,183,Dec. 18 1 TULANE 2/NR 80-61 W,resolved,,,,,,,
KYRAW-01727,kentucky,historical_record_book,1982-1983,1983,1982-12-22,Indiana,Indiana,indiana,Yes,59,62,L,0,Opponent Home,OPPONENT_HOME,,,,,,,REGULAR_SEASON,,183,Dec. 22 at Indiana 2/5 59-62 L,resolved,,,,,,,
KYRAW-01728,kentucky,historical_record_book,1982-1983,1983,1982-12-29,Kansas,kansas,kansas,Yes,83,62,W,0,Neutral,NEUTRAL,,,,,,,REGULAR_SEASON,,183,Dec. 29 2 vs. Kansas 2/NR 83-62 W,resolved,,,,,,,
KYRAW-01729,kentucky,historical_record_book,1982-1983,1983,1983-01-03,Ole Miss,Ole Miss,ole-miss,Yes,72,60,W,0,Kentucky Home,SOURCE_PROGRAM_HOME,Rupp Arena,Rupp Arena,Lexington,KY,,,REGULAR_SEASON,,183,Jan. 3 * OLE MISS 2/NR 72-60 W,resolved,,,,,,,
KYRAW-01730,kentucky,historical_record_book,1982-1983,1983,1983-01-05,LSU,LSU,lsu,Yes,52,50,W,0,Kentucky Home,SOURCE_PROGRAM_HOME,Rupp Arena,Rupp Arena,Lexington,KY,,,REGULAR_SEASON,,183,Jan. 5 * LSU 3/NR 52-50 W,resolved,,,,,,,
KYRAW-01731,kentucky,historical_record_book,1982-1983,1983,1983-01-08,Alabama,Alabama,alabama,Yes,67,74,L,0,Opponent Home,OPPONENT_HOME,,,,,,,REGULAR_SEASON,,183,Jan. 8 * at Alabama 3/6 67-74 L,resolved,,,,,,,
KYRAW-01732,kentucky,historical_record_book,1982-1983,1983,1983-01-10,Mississippi State,Mississippi State,mississippi-state,Yes,59,53,W,1,Opponent Home,OPPONENT_HOME,,,,,,,REGULAR_SEASON,,183,Jan. 10 * at Mississippi State 3/NR 59-53 W OT,resolved,,,,,,,
KYRAW-01733,kentucky,historical_record_book,1982-1983,1983,1983-01-15,Auburn,Auburn,auburn,Yes,67,75,L,0,Kentucky Home,SOURCE_PROGRAM_HOME,Rupp Arena,Rupp Arena,Lexington,KY,,,REGULAR_SEASON,,183,Jan. 15 * AUBURN 3/NR 67-75 L,resolved,,,,,,,
KYRAW-01734,kentucky,historical_record_book,1982-1983,1983,1983-01-17,Florida,Florida,florida,Yes,70,63,W,0,Kentucky Home,SOURCE_PROGRAM_HOME,Rupp Arena,Rupp Arena,Lexington,KY,,,REGULAR_SEASON,,183,Jan. 17 * FLORIDA 3/NR 70-63 W,resolved,,,,,,,
KYRAW-01735,kentucky,historical_record_book,1982-1983,1983,1983-01-22,Vanderbilt,Vanderbilt,vanderbilt,Yes,82,77,W,1,Opponent Home,OPPONENT_HOME,,,,,,,REGULAR_SEASON,,183,Jan. 22 * at Vanderbilt 6/NR 82-77 W OT,resolved,,,,,,,
KYRAW-01736,kentucky,historical_record_book,1982-1983,1983,1983-01-29,Georgia,Georgia,georgia,Yes,63,70,L,0,Opponent Home,OPPONENT_HOME,,,,,,,REGULAR_SEASON,,183,Jan. 29 * at Georgia 11/NR 63-70 L,resolved,,,,,,,
KYRAW-01737,kentucky,historical_record_book,1982-1983,1983,1983-01-31,Tennessee,Tennessee,tennessee,Yes,63,65,L,0,Opponent Home,OPPONENT_HOME,,,,,,,REGULAR_SEASON,,183,Jan. 31 * at Tennessee 11/NR 63-65 L,resolved,,,,,,,
KYRAW-01738,kentucky,historical_record_book,1982-1983,1983,1983-02-05,Alabama,Alabama,alabama,Yes,76,70,W,0,Kentucky Home,SOURCE_PROGRAM_HOME,Rupp Arena,Rupp Arena,Lexington,KY,,,REGULAR_SEASON,,183,Feb. 5 * ALABAMA 10/NR 76-70 W,resolved,,,,,,,
KYRAW-01739,kentucky,historical_record_book,1982-1983,1983,1983-02-08,Mississippi State,Mississippi State,mississippi-state,Yes,88,67,W,0,Kentucky Home,SOURCE_PROGRAM_HOME,Rupp Arena,Rupp Arena,Lexington,KY,,,REGULAR_SEASON,,183,Feb. 8 * MISSISSIPPI STATE 15/NR 88-67 W,resolved,,,,,,,
KYRAW-01740,kentucky,historical_record_book,1982-1983,1983,1983-02-12,Auburn,Auburn,auburn,Yes,71,69,W,0,Opponent Home,OPPONENT_HOME,,,,,,,REGULAR_SEASON,,183,Feb. 12 * at Auburn 15/NR 71-69 W,resolved,,,,,,,
KYRAW-01741,kentucky,historical_record_book,1982-1983,1983,1983-02-14,Florida,Florida,florida,Yes,73,61,W,0,Opponent Home,OPPONENT_HOME,,,,,,,REGULAR_SEASON,,183,Feb. 14 * at Florida 15/NR 73-61 W,resolved,,,,,,,
KYRAW-01742,kentucky,historical_record_book,1982-1983,1983,1983-02-19,Vanderbilt,Vanderbilt,vanderbilt,Yes,82,63,W,0,Kentucky Home,SOURCE_PROGRAM_HOME,Rupp Arena,Rupp Arena,Lexington,KY,,,REGULAR_SEASON,,183,Feb. 19 * VANDERBILT 13/NR 82-63 W,resolved,,,,,,,
KYRAW-01743,kentucky,historical_record_book,1982-1983,1983,1983-02-26,Georgia,Georgia,georgia,Yes,81,72,W,0,Kentucky Home,SOURCE_PROGRAM_HOME,Rupp Arena,Rupp Arena,Lexington,KY,,,REGULAR_SEASON,,183,Feb. 26 * GEORGIA 11/NR 81-72 W,resolved,,,,,,,
KYRAW-01744,kentucky,historical_record_book,1982-1983,1983,1983-02-27,Tennessee,Tennessee,tennessee,Yes,69,61,W,0,Kentucky Home,SOURCE_PROGRAM_HOME,Rupp Arena,Rupp Arena,Lexington,KY,,,REGULAR_SEASON,,183,Feb. 27 * TENNESSEE 11/NR 69-61 W,resolved,,,,,,,
KYRAW-01745,kentucky,historical_record_book,1982-1983,1983,1983-03-03,Ole Miss,Ole Miss,ole-miss,Yes,61,58,W,0,Opponent Home,OPPONENT_HOME,,,,,,,REGULAR_SEASON,,183,Mar. 3 * at Ole Miss 10/NR 61-58 W,resolved,,,,,,,
KYRAW-01746,kentucky,historical_record_book,1982-1983,1983,1983-03-05,LSU,LSU,lsu,Yes,60,74,L,0,Opponent Home,OPPONENT_HOME,,,,,,,REGULAR_SEASON,,183,Mar. 5 * at LSU 10/NR 60-74 L,resolved,,,,,,,
KYRAW-01747,kentucky,historical_record_book,1982-1983,1983,1983-03-11,Alabama,Alabama,alabama,Yes,64,69,L,0,Neutral,NEUTRAL,,,,,SEC Tournament,,CONFERENCE_TOURNAMENT,,183,Mar. 11 3 vs. Alabama 7/NR 64-69 L,resolved,,,,,,,
KYRAW-01748,kentucky,historical_record_book,1982-1983,1983,1983-03-19,Ohio,Ohio,ohio,Yes,57,40,W,0,Neutral,NEUTRAL,,,,,NCAA Tournament,,NCAA_TOURNAMENT,R32,183,Mar. 19 4 vs. Ohio 10/NR 57-40 W,resolved,,,,,,,
KYRAW-01749,kentucky,historical_record_book,1982-1983,1983,1983-03-24,Indiana,Indiana,indiana,Yes,64,59,W,0,Neutral,NEUTRAL,,,,,NCAA Tournament,,NCAA_TOURNAMENT,Sweet Sixteen,183,Mar. 24 5 vs. Indiana 12/5 64-59 W,resolved,,,,,,,
KYRAW-01750,kentucky,historical_record_book,1982-1983,1983,1983-03-26,Louisville,Louisville,louisville,Yes,68,80,L,1,Neutral,NEUTRAL,,,,,NCAA Tournament,,NCAA_TOURNAMENT,Elite Eight,183,Mar. 26 5 vs. Louisville 12/2 68-80 L OT,resolved,,,,,,,
KYRAW-01751,kentucky,historical_record_book,1983-1984,1984,1983-11-26,Louisville,Louisville,louisville,Yes,65,44,W,0,Kentucky Home,SOURCE_PROGRAM_HOME,Rupp Arena,Rupp Arena,Lexington,KY,,,REGULAR_SEASON,,183,Nov. 26 LOUISVILLE 2/6 65-44 W,resolved,,,,,,,
KYRAW-01752,kentucky,historical_record_book,1983-1984,1984,1983-12-03,Indiana,Indiana,indiana,Yes,59,54,W,0,Kentucky Home,SOURCE_PROGRAM_HOME,Rupp Arena,Rupp Arena,Lexington,KY,,,REGULAR_SEASON,,183,Dec. 3 INDIANA 1/NR 59-54 W,resolved,,,,,,,
KYRAW-01753,kentucky,historical_record_book,1983-1984,1984,1983-12-10,Kansas,kansas,kansas,Yes,72,50,W,0,Opponent Home,OPPONENT_HOME,,,,,,,REGULAR_SEASON,,183,Dec. 10 at Kansas 2/NR 72-50 W,resolved,,,,,,,
KYRAW-01754,kentucky,historical_record_book,1983-1984,1984,1983-12-16,Wyoming,Wyoming,wyoming,Yes,66,40,W,0,Kentucky Home,SOURCE_PROGRAM_HOME,Rupp Arena,Rupp Arena,Lexington,KY,,,REGULAR_SEASON,,183,Dec. 16 1 WYOMING 2/NR 66-40 W,resolved,,,,,,,
KYRAW-01755,kentucky,historical_record_book,1983-1984,1984,1983-12-17,BYU,BYU,byu,Yes,93,59,W,0,Kentucky Home,SOURCE_PROGRAM_HOME,Rupp Arena,Rupp Arena,Lexington,KY,,,REGULAR_SEASON,,183,Dec. 17 1 BYU 2/NR 93-59 W,resolved,,,,,,,
KYRAW-01756,kentucky,historical_record_book,1983-1984,1984,1983-12-20,Cincinnati,Cincinnati,cincinnati,Yes,24,11,W,0,Opponent Home,OPPONENT_HOME,,,,,,,REGULAR_SEASON,,183,Dec. 20 at Cincinnati 2/NR 24-11 W,resolved,,,,,,,
KYRAW-01757,kentucky,historical_record_book,1983-1984,1984,1983-12-24,Illinois,Illinois,illinois,Yes,56,54,W,0,Opponent Home,OPPONENT_HOME,,,,,,,REGULAR_SEASON,,183,Dec. 24 at Illinois 2/NR 56-54 W,resolved,,,,,,,
KYRAW-01758,kentucky,historical_record_book,1983-1984,1984,1983-12-28,Purdue,Purdue,purdue,Yes,86,67,W,0,Neutral,NEUTRAL,,,,,,,REGULAR_SEASON,,183,Dec. 28 2 vs. Purdue 2/18 86-67 W,resolved,,,,,,,
KYRAW-01759,kentucky,historical_record_book,1983-1984,1984,1984-01-02,Ole Miss,Ole Miss,ole-miss,Yes,68,55,W,0,Opponent Home,OPPONENT_HOME,,,,,,,REGULAR_SEASON,,183,Jan. 2 * at Ole Miss 2/NR 68-55 W,resolved,,,,,,,
KYRAW-01760,kentucky,historical_record_book,1983-1984,1984,1984-01-07,LSU,LSU,lsu,Yes,96,80,W,0,Opponent Home,OPPONENT_HOME,,,,,,,REGULAR_SEASON,,183,Jan. 7 * at LSU 2/9 96-80 W,resolved,,,,,,,
KYRAW-01761,kentucky,historical_record_book,1983-1984,1984,1984-01-09,Alabama,Alabama,alabama,Yes,76,66,W,0,Kentucky Home,SOURCE_PROGRAM_HOME,Rupp Arena,Rupp Arena,Lexington,KY,,,REGULAR_SEASON,,183,Jan. 9 * ALABAMA 2/NR 76-66 W,resolved,,,,,,,
KYRAW-01762,kentucky,historical_record_book,1983-1984,1984,1984-01-11,Mississippi State,Mississippi State,mississippi-state,Yes,51,42,W,0,Kentucky Home,SOURCE_PROGRAM_HOME,Rupp Arena,Rupp Arena,Lexington,KY,,,REGULAR_SEASON,,183,Jan. 11 * MISSISSIPPI STATE 2/NR 51-42 W,resolved,,,,,,,
KYRAW-01763,kentucky,historical_record_book,1983-1984,1984,1984-01-13,Auburn,Auburn,auburn,Yes,63,82,L,0,Opponent Home,OPPONENT_HOME,,,,,,,REGULAR_SEASON,,183,Jan. 13 * at Auburn 2/NR 63-82 L,resolved,,,,,,,
KYRAW-01764,kentucky,historical_record_book,1983-1984,1984,1984-01-17,Florida,Florida,florida,Yes,57,69,L,0,Opponent Home,OPPONENT_HOME,,,,,,,REGULAR_SEASON,,183,Jan. 17 * at Florida 3/NR 57-69 L,resolved,,,,,,,
KYRAW-01765,kentucky,historical_record_book,1983-1984,1984,1984-01-20,Vanderbilt,Vanderbilt,vanderbilt,Yes,67,46,W,0,Kentucky Home,SOURCE_PROGRAM_HOME,Rupp Arena,Rupp Arena,Lexington,KY,,,REGULAR_SEASON,,183,Jan. 20 * VANDERBILT 3/NR 67-46 W,resolved,,,,,,,
KYRAW-01766,kentucky,historical_record_book,1983-1984,1984,1984-01-22,Houston,Houston,houston,Yes,74,67,W,0,Kentucky Home,SOURCE_PROGRAM_HOME,Rupp Arena,Rupp Arena,Lexington,KY,,,REGULAR_SEASON,,183,Jan. 22 HOUSTON 3/4 74-67 W,resolved,,,,,,,
KYRAW-01767,kentucky,historical_record_book,1983-1984,1984,1984-01-28,Georgia,Georgia,georgia,Yes,64,40,W,0,Kentucky Home,SOURCE_PROGRAM_HOME,Rupp Arena,Rupp Arena,Lexington,KY,,,REGULAR_SEASON,,184,Jan. 28 * GEORGIA 3/18 64-40 W,resolved,,,,,,,
KYRAW-01768,kentucky,historical_record_book,1983-1984,1984,1984-01-30,Tennessee,Tennessee,tennessee,Yes,93,74,W,0,Kentucky Home,SOURCE_PROGRAM_HOME,Rupp Arena,Rupp Arena,Lexington,KY,,,REGULAR_SEASON,,184,Jan. 30 * TENNESSEE 3/NR 93-74 W,resolved,,,,,,,
KYRAW-01769,kentucky,historical_record_book,1983-1984,1984,1984-02-04,Alabama,Alabama,alabama,Yes,62,69,L,0,Opponent Home,OPPONENT_HOME,,,,,,,REGULAR_SEASON,,184,Feb. 4 * at Alabama 3/NR 62-69 L,resolved,,,,,,,
KYRAW-01770,kentucky,historical_record_book,1983-1984,1984,1984-02-06,Mississippi State,Mississippi State,mississippi-state,Yes,77,58,W,0,Opponent Home,OPPONENT_HOME,,,,,,,REGULAR_SEASON,,184,Feb. 6 * at Mississippi State 3/NR 77-58 W,resolved,,,,,,,
KYRAW-01771,kentucky,historical_record_book,1983-1984,1984,1984-02-11,Auburn,Auburn,auburn,Yes,84,64,W,0,Kentucky Home,SOURCE_PROGRAM_HOME,Rupp Arena,Rupp Arena,Lexington,KY,,,REGULAR_SEASON,,184,Feb. 11 * AUBURN 6/16 84-64 W,resolved,,,,,,,
KYRAW-01772,kentucky,historical_record_book,1983-1984,1984,1984-02-13,Florida,Florida,florida,Yes,67,65,W,0,Kentucky Home,SOURCE_PROGRAM_HOME,Rupp Arena,Rupp Arena,Lexington,KY,,,REGULAR_SEASON,,184,Feb. 13 * FLORIDA 6/NR 67-65 W,resolved,,,,,,,
KYRAW-01773,kentucky,historical_record_book,1983-1984,1984,1984-02-19,Vanderbilt,Vanderbilt,vanderbilt,Yes,58,54,W,0,Opponent Home,OPPONENT_HOME,,,,,,,REGULAR_SEASON,,184,Feb. 19 * at Vanderbilt 6/NR 58-54 W,resolved,,,,,,,
KYRAW-01774,kentucky,historical_record_book,1983-1984,1984,1984-02-25,Georgia,Georgia,georgia,Yes,66,64,W,0,Opponent Home,OPPONENT_HOME,,,,,,,REGULAR_SEASON,,184,Feb. 25 * at Georgia 4/NR 66-64 W,resolved,,,,,,,
KYRAW-01775,kentucky,historical_record_book,1983-1984,1984,1984-02-27,Tennessee,Tennessee,tennessee,Yes,58,63,L,0,Opponent Home,OPPONENT_HOME,,,,,,,REGULAR_SEASON,,184,Feb. 27 * at Tennessee 4/NR 58-63 L,resolved,,,,,,,
KYRAW-01776,kentucky,historical_record_book,1983-1984,1984,1984-03-01,Ole Miss,Ole Miss,ole-miss,Yes,76,57,W,0,Kentucky Home,SOURCE_PROGRAM_HOME,Rupp Arena,Rupp Arena,Lexington,KY,,,REGULAR_SEASON,,184,Mar. 1 * OLE MISS 3/NR 76-57 W,resolved,,,,,,,
KYRAW-01777,kentucky,historical_record_book,1983-1984,1984,1984-03-03,LSU,LSU,lsu,Yes,90,68,W,0,Kentucky Home,SOURCE_PROGRAM_HOME,Rupp Arena,Rupp Arena,Lexington,KY,,,REGULAR_SEASON,,184,Mar. 3 * LSU 3/NR 90-68 W,resolved,,,,,,,
KYRAW-01778,kentucky,historical_record_book,1983-1984,1984,1984-03-08,Georgia,Georgia,georgia,Yes,92,79,W,0,Neutral,NEUTRAL,,,,,SEC Tournament,,CONFERENCE_TOURNAMENT,,184,Mar. 8 3 vs. Georgia 3/NR 92-79 W,resolved,,,,,,,
KYRAW-01779,kentucky,historical_record_book,1983-1984,1984,1984-03-09,Alabama,Alabama,alabama,Yes,48,46,W,0,Neutral,NEUTRAL,,,,,SEC Tournament,,CONFERENCE_TOURNAMENT,,184,Mar. 9 3 vs. Alabama 3/NR 48-46 W,resolved,,,,,,,
KYRAW-01780,kentucky,historical_record_book,1983-1984,1984,1984-03-10,Auburn,Auburn,auburn,Yes,51,49,W,0,Neutral,NEUTRAL,,,,,SEC Tournament,,CONFERENCE_TOURNAMENT,Championship,184,Mar. 10 3 vs. Auburn 3/NR 51-49 W,resolved,,,,,,,
KYRAW-01781,kentucky,historical_record_book,1983-1984,1984,1984-03-17,BYU,BYU,byu,Yes,93,68,W,0,Neutral,NEUTRAL,,,,,NCAA Tournament,,NCAA_TOURNAMENT,R32,184,Mar. 17 4 vs. BYU 3/NR 93-68 W,resolved,,,,,,,
KYRAW-01782,kentucky,historical_record_book,1983-1984,1984,1984-03-22,Louisville,Louisville,louisville,Yes,72,67,W,0,Kentucky Home,SOURCE_PROGRAM_HOME,Rupp Arena,Rupp Arena,Lexington,KY,NCAA Tournament,,NCAA_TOURNAMENT,Sweet Sixteen,184,Mar. 22 5 LOUISVILLE 3/NR 72-67 W,resolved,,,,,,,
KYRAW-01783,kentucky,historical_record_book,1983-1984,1984,1984-03-24,Illinois,Illinois,illinois,Yes,54,51,W,0,Kentucky Home,SOURCE_PROGRAM_HOME,Rupp Arena,Rupp Arena,Lexington,KY,NCAA Tournament,,NCAA_TOURNAMENT,Elite Eight,184,Mar. 24 5 ILLINOIS 3/6 54-51 W,resolved,,,,,,,
KYRAW-01784,kentucky,historical_record_book,1983-1984,1984,1984-03-31,Georgetown,Georgetown,georgetown,Yes,40,53,L,0,Neutral,NEUTRAL,,,,,NCAA Tournament,,NCAA_TOURNAMENT,Final Four,184,Mar. 31 6 vs. Georgetown 3/2 40-53 L,resolved,,,,,,,
KYRAW-01785,kentucky,historical_record_book,1984-1985,1985,1984-11-27,Toledo,Toledo,toledo,Yes,63,54,W,0,Kentucky Home,SOURCE_PROGRAM_HOME,Rupp Arena,Rupp Arena,Lexington,KY,,,REGULAR_SEASON,,184,Nov. 27 TOLEDO NR/NR 63-54 W,resolved,,,,,,,
KYRAW-01786,kentucky,historical_record_book,1984-1985,1985,1984-12-01,Purdue,Purdue,purdue,Yes,56,66,L,0,Opponent Home,OPPONENT_HOME,,,,,,,REGULAR_SEASON,,184,Dec. 1 at Purdue NR/NR 56-66 L,resolved,,,,,,,
KYRAW-01787,kentucky,historical_record_book,1984-1985,1985,1984-12-04,SMU,SMU,smu,Yes,54,56,L,0,Kentucky Home,SOURCE_PROGRAM_HOME,Rupp Arena,Rupp Arena,Lexington,KY,,,REGULAR_SEASON,,184,Dec. 4 SMU NR/8 54-56 L,resolved,,,,,,,
KYRAW-01788,kentucky,historical_record_book,1984-1985,1985,1984-12-08,Indiana,Indiana,indiana,Yes,68,81,L,0,Opponent Home,OPPONENT_HOME,,,,,,,REGULAR_SEASON,,184,Dec. 8 at Indiana NR/11 68-81 L,resolved,,,,,,,
KYRAW-01789,kentucky,historical_record_book,1984-1985,1985,1984-12-15,Louisville,Louisville,louisville,Yes,64,71,L,0,Opponent Home,OPPONENT_HOME,,,,,,,REGULAR_SEASON,,184,Dec. 15 at Louisville NR/14 64-71 L,resolved,,,,,,,
KYRAW-01790,kentucky,historical_record_book,1984-1985,1985,1984-12-21,East Tennessee State,East Tennessee State,east-tennessee-state,Yes,69,54,W,0,Kentucky Home,SOURCE_PROGRAM_HOME,Rupp Arena,Rupp Arena,Lexington,KY,,,REGULAR_SEASON,,184,Dec. 21 1 EAST TENNESSEE STATE NR/NR 69-54 W,resolved,,,,,,,
KYRAW-01791,kentucky,historical_record_book,1984-1985,1985,1984-12-22,Cincinnati,Cincinnati,cincinnati,Yes,66,55,W,0,Kentucky Home,SOURCE_PROGRAM_HOME,Rupp Arena,Rupp Arena,Lexington,KY,,,REGULAR_SEASON,,184,Dec. 22 1 CINCINNATI NR/NR 66-55 W,resolved,,,,,,,
KYRAW-01792,kentucky,historical_record_book,1984-1985,1985,1984-12-31,Kansas,kansas,kansas,Yes,92,89,W,0,Neutral,NEUTRAL,,,,,,,REGULAR_SEASON,,184,Dec. 31 2 vs. Kansas NR/12 92-89 W,resolved,,,,,,,
KYRAW-01793,kentucky,historical_record_book,1984-1985,1985,1985-01-02,Auburn,Auburn,auburn,Yes,68,61,W,0,Kentucky Home,SOURCE_PROGRAM_HOME,Rupp Arena,Rupp Arena,Lexington,KY,,,REGULAR_SEASON,,184,Jan. 2 * AUBURN NR/NR 68-61 W,resolved,,,,,,,
KYRAW-01794,kentucky,historical_record_book,1984-1985,1985,1985-01-05,NC State,NC State,nc-state,Yes,78,62,W,0,Kentucky Home,SOURCE_PROGRAM_HOME,Rupp Arena,Rupp Arena,Lexington,KY,,,REGULAR_SEASON,,184,Jan. 5 NC STATE NR/17 78-62 W,resolved,,,,,,,
KYRAW-01795,kentucky,historical_record_book,1984-1985,1985,1985-01-07,Vanderbilt,Vanderbilt,vanderbilt,Yes,75,58,W,0,Kentucky Home,SOURCE_PROGRAM_HOME,Rupp Arena,Rupp Arena,Lexington,KY,,,REGULAR_SEASON,,184,Jan. 7 * VANDERBILT NR/NR 75-58 W,resolved,,,,,,,
KYRAW-01796,kentucky,historical_record_book,1984-1985,1985,1985-01-09,Ole Miss,Ole Miss,ole-miss,Yes,57,45,W,0,Opponent Home,OPPONENT_HOME,,,,,,,REGULAR_SEASON,,184,Jan. 9 * at Ole Miss NR/NR 57-45 W,resolved,,,,,,,
KYRAW-01797,kentucky,historical_record_book,1984-1985,1985,1985-01-12,Alabama,Alabama,alabama,Yes,58,60,L,0,Opponent Home,OPPONENT_HOME,,,,,,,REGULAR_SEASON,,184,Jan. 12 * at Alabama NR/NR 58-60 L,resolved,,,,,,,
KYRAW-01798,kentucky,historical_record_book,1984-1985,1985,1985-01-16,Mississippi State,Mississippi State,mississippi-state,Yes,58,57,W,0,Kentucky Home,SOURCE_PROGRAM_HOME,Rupp Arena,Rupp Arena,Lexington,KY,,,REGULAR_SEASON,,184,Jan. 16 * MISSISSIPPI STATE NR/NR 58-57 W,resolved,,,,,,,
KYRAW-01799,kentucky,historical_record_book,1984-1985,1985,1985-01-19,Florida,Florida,florida,Yes,55,67,L,0,Kentucky Home,SOURCE_PROGRAM_HOME,Rupp Arena,Rupp Arena,Lexington,KY,,,REGULAR_SEASON,,184,Jan. 19 * FLORIDA NR/NR 55-67 L,resolved,,,,,,,
KYRAW-01800,kentucky,historical_record_book,1984-1985,1985,1985-01-23,Georgia,Georgia,georgia,Yes,73,81,L,0,Opponent Home,OPPONENT_HOME,,,,,,,REGULAR_SEASON,,184,Jan. 23 * at Georgia NR/NR 73-81 L,resolved,,,,,,,
KYRAW-01801,kentucky,historical_record_book,1984-1985,1985,1985-01-27,Tennessee,Tennessee,tennessee,Yes,65,81,L,0,Opponent Home,OPPONENT_HOME,,,,,,,REGULAR_SEASON,,184,Jan. 27 * at Tennessee NR/NR 65-81 L,resolved,,,,,,,
KYRAW-01802,kentucky,historical_record_book,1984-1985,1985,1985-01-31,LSU,LSU,lsu,Yes,53,43,W,0,Kentucky Home,SOURCE_PROGRAM_HOME,Rupp Arena,Rupp Arena,Lexington,KY,,,REGULAR_SEASON,,184,Jan. 31 * LSU NR/NR 53-43 W,resolved,,,,,,,
KYRAW-01803,kentucky,historical_record_book,1984-1985,1985,1985-02-02,Auburn,Auburn,auburn,Yes,49,47,W,1,Opponent Home,OPPONENT_HOME,,,,,,,REGULAR_SEASON,,184,Feb. 2 * at Auburn NR/NR 49-47 W OT,resolved,,,,,,,
KYRAW-01804,kentucky,historical_record_book,1984-1985,1985,1985-02-07,Vanderbilt,Vanderbilt,vanderbilt,Yes,68,62,W,0,Opponent Home,OPPONENT_HOME,,,,,,,REGULAR_SEASON,,184,Feb. 7 * at Vanderbilt NR/NR 68-62 W,resolved,,,,,,,
KYRAW-01805,kentucky,historical_record_book,1984-1985,1985,1985-02-09,Ole Miss,Ole Miss,ole-miss,Yes,67,52,W,0,Kentucky Home,SOURCE_PROGRAM_HOME,Rupp Arena,Rupp Arena,Lexington,KY,,,REGULAR_SEASON,,184,Feb. 9 * OLE MISS NR/NR 67-52 W,resolved,,,,,,,
KYRAW-01806,kentucky,historical_record_book,1984-1985,1985,1985-02-13,Alabama,Alabama,alabama,Yes,51,48,W,0,Kentucky Home,SOURCE_PROGRAM_HOME,Rupp Arena,Rupp Arena,Lexington,KY,,,REGULAR_SEASON,,184,Feb. 13 * ALABAMA NR/NR 51-48 W,resolved,,,,,,,
KYRAW-01807,kentucky,historical_record_book,1984-1985,1985,1985-02-16,Mississippi State,Mississippi State,mississippi-state,Yes,69,82,L,0,Opponent Home,OPPONENT_HOME,,,,,,,REGULAR_SEASON,,184,Feb. 16 * at Mississippi State NR/NR 69-82 L,resolved,,,,,,,
KYRAW-01808,kentucky,historical_record_book,1984-1985,1985,1985-02-20,Florida,Florida,florida,Yes,76,68,W,0,Opponent Home,OPPONENT_HOME,,,,,,,REGULAR_SEASON,,184,Feb. 20 * at Florida NR/NR 76-68 W,resolved,,,,,,,
KYRAW-01809,kentucky,historical_record_book,1984-1985,1985,1985-02-24,Georgia,Georgia,georgia,Yes,77,79,L,0,Kentucky Home,SOURCE_PROGRAM_HOME,Rupp Arena,Rupp Arena,Lexington,KY,,,REGULAR_SEASON,,184,Feb. 24 * GEORGIA NR/18 77-79 L,resolved,,,,,,,
KYRAW-01810,kentucky,historical_record_book,1984-1985,1985,1985-02-28,Tennessee,Tennessee,tennessee,Yes,92,67,W,0,Kentucky Home,SOURCE_PROGRAM_HOME,Rupp Arena,Rupp Arena,Lexington,KY,,,REGULAR_SEASON,,184,Feb. 28 * TENNESSEE NR/NR 92-67 W,resolved,,,,,,,
KYRAW-01811,kentucky,historical_record_book,1984-1985,1985,1985-03-02,LSU,LSU,lsu,Yes,61,67,L,0,Opponent Home,OPPONENT_HOME,,,,,,,REGULAR_SEASON,,184,Mar. 2 * at LSU NR/NR 61-67 L,resolved,,,,,,,
KYRAW-01812,kentucky,historical_record_book,1984-1985,1985,1985-03-07,Florida,Florida,florida,Yes,55,58,L,0,Neutral,NEUTRAL,,,,,SEC Tournament,,CONFERENCE_TOURNAMENT,,184,Mar. 7 3 vs. Florida NR/NR 55-58 L,resolved,,,,,,,
KYRAW-01813,kentucky,historical_record_book,1984-1985,1985,1985-03-14,Washington,Washington,washington,Yes,66,58,W,0,Neutral,NEUTRAL,,,,,NCAA Tournament,,NCAA_TOURNAMENT,R64,184,Mar. 14 4 vs. Washington NR/NR 66-58 W,resolved,,,,,,,
KYRAW-01814,kentucky,historical_record_book,1984-1985,1985,1985-03-16,UNLV,UNLV,unlv,Yes,64,61,W,0,Neutral,NEUTRAL,,,,,NCAA Tournament,,NCAA_TOURNAMENT,R32,184,Mar. 16 4 vs. UNLV NR/9 64-61 W,resolved,,,,,,,
KYRAW-01815,kentucky,historical_record_book,1984-1985,1985,1985-03-22,St. John’s,St. John's,st-john-s,Yes,70,86,L,0,Neutral,NEUTRAL,,,,,NCAA Tournament,,NCAA_TOURNAMENT,Sweet Sixteen,184,Mar. 22 5 vs. St. John’s NR/3 70-86 L,resolved,,,,,,,
KYRAW-01816,kentucky,historical_record_book,1985-1986,1986,1985-11-22,Northwestern State,Northwestern State,northwestern-state,Yes,77,58,W,0,Kentucky Home,SOURCE_PROGRAM_HOME,Rupp Arena,Rupp Arena,Lexington,KY,,,REGULAR_SEASON,,184,Nov. 22 NORTHWESTERN STATE 11/NR 77-58 W,resolved,,,,,,,
KYRAW-01817,kentucky,historical_record_book,1985-1986,1986,1985-11-26,Chaminade,Chaminade,chaminade,No,89,57,W,0,Opponent Home,OPPONENT_HOME,,,,,,,REGULAR_SEASON,,184,Nov. 26 at Chaminade 10/NR 89-57 W,resolved,,,,,,,
KYRAW-01818,kentucky,historical_record_book,1985-1986,1986,1985-11-27,Hawaii,Hawaii,hawaii,No,98,65,W,0,Opponent Home,OPPONENT_HOME,,,,,,,REGULAR_SEASON,,184,Nov. 27 at Hawaii 10/NR 98-65 W,resolved,,,,,,,
KYRAW-01819,kentucky,historical_record_book,1985-1986,1986,1985-12-03,Cincinnati,Cincinnati,cincinnati,Yes,84,54,W,0,Kentucky Home,SOURCE_PROGRAM_HOME,Rupp Arena,Rupp Arena,Lexington,KY,,,REGULAR_SEASON,,184,Dec. 3 Cincinnati 9/NR 84-54 W,resolved,,,,,,,
KYRAW-01820,kentucky,historical_record_book,1985-1986,1986,1985-12-07,Indiana,Indiana,indiana,Yes,63,58,W,0,Kentucky Home,SOURCE_PROGRAM_HOME,Rupp Arena,Rupp Arena,Lexington,KY,,,REGULAR_SEASON,,184,Dec. 7 Indiana 9/19 63-58 W,resolved,,,,,,,
KYRAW-01821,kentucky,historical_record_book,1985-1986,1986,1985-12-14,Kansas,kansas,kansas,Yes,66,83,L,0,Opponent Home,OPPONENT_HOME,,,,,,,REGULAR_SEASON,,184,Dec. 14 at Kansas 9/7 66-83 L,resolved,,,,,,,
KYRAW-01822,kentucky,historical_record_book,1985-1986,1986,1985-12-20,East Carolina,East Carolina,east-carolina,Yes,86,52,W,0,Kentucky Home,SOURCE_PROGRAM_HOME,Rupp Arena,Rupp Arena,Lexington,KY,,,REGULAR_SEASON,,184,Dec. 20 1 EAST CAROLINA 13/NR 86-52 W,resolved,,,,,,,
KYRAW-01823,kentucky,historical_record_book,1985-1986,1986,1985-12-21,Pepperdine,Pepperdine,pepperdine,Yes,88,56,W,0,Kentucky Home,SOURCE_PROGRAM_HOME,Rupp Arena,Rupp Arena,Lexington,KY,,,REGULAR_SEASON,,184,Dec. 21 1 PEPPERDINE 13/NR 88-56 W,resolved,,,,,,,
KYRAW-01824,kentucky,historical_record_book,1985-1986,1986,1985-12-28,Louisville,Louisville,louisville,Yes,69,64,W,0,Kentucky Home,SOURCE_PROGRAM_HOME,Rupp Arena,Rupp Arena,Lexington,KY,,,REGULAR_SEASON,,184,Dec. 28 LOUISVILLE 13/15 69-64 W,resolved,,,,,,,
KYRAW-01825,kentucky,historical_record_book,1985-1986,1986,1985-12-30,VMI,VMI,vmi,Yes,93,55,W,0,Neutral,NEUTRAL,,,,,,,REGULAR_SEASON,,184,Dec. 30 2 vs. VMI 13/NR 93-55 W,resolved,,,,,,,
KYRAW-01826,kentucky,historical_record_book,1985-1986,1986,1986-01-04,Vanderbilt,Vanderbilt,vanderbilt,Yes,80,71,W,0,Opponent Home,OPPONENT_HOME,,,,,,,REGULAR_SEASON,,184,Jan. 4 * at Vanderbilt 12/NR 80-71 W,resolved,,,,,,,
KYRAW-01827,kentucky,historical_record_book,1985-1986,1986,1986-01-06,Auburn,Auburn,auburn,Yes,56,60,L,0,Opponent Home,OPPONENT_HOME,,,,,,,REGULAR_SEASON,,184,Jan. 6 * at Auburn 12/NR 56-60 L,resolved,,,,,,,
KYRAW-01828,kentucky,historical_record_book,1985-1986,1986,1986-01-08,Ole Miss,Ole Miss,ole-miss,Yes,75,58,W,0,Kentucky Home,SOURCE_PROGRAM_HOME,Rupp Arena,Rupp Arena,Lexington,KY,,,REGULAR_SEASON,,184,Jan. 8 * OLE MISS 11/NR 75-58 W,resolved,,,,,,,
KYRAW-01829,kentucky,historical_record_book,1985-1986,1986,1986-01-11,Alabama,Alabama,alabama,Yes,76,52,W,0,Kentucky Home,SOURCE_PROGRAM_HOME,Rupp Arena,Rupp Arena,Lexington,KY,,,REGULAR_SEASON,,184,Jan. 11 * ALABAMA 11/NR 76-52 W,resolved,,,,,,,
KYRAW-01830,kentucky,historical_record_book,1985-1986,1986,1986-01-15,Mississippi State,Mississippi State,mississippi-state,Yes,64,52,W,0,Opponent Home,OPPONENT_HOME,,,,,,,REGULAR_SEASON,,184,Jan. 15 * at Mississippi State 11/NR 64-52 W,resolved,,,,,,,
KYRAW-01831,kentucky,historical_record_book,1985-1986,1986,1986-01-18,Florida,Florida,florida,Yes,72,55,W,0,Opponent Home,OPPONENT_HOME,,,,,,,REGULAR_SEASON,,184,Jan. 18 * at Florida 11/NR 72-55 W,resolved,,,,,,,
KYRAW-01832,kentucky,historical_record_book,1985-1986,1986,1986-01-23,Georgia,Georgia,georgia,Yes,74,69,W,0,Kentucky Home,SOURCE_PROGRAM_HOME,Rupp Arena,Rupp Arena,Lexington,KY,,,REGULAR_SEASON,,184,Jan. 23 * GEORGIA 11/NR 74-69 W,resolved,,,,,,,
KYRAW-01833,kentucky,historical_record_book,1985-1986,1986,1986-01-25,Tennessee,Tennessee,tennessee,Yes,74,57,W,0,Kentucky Home,SOURCE_PROGRAM_HOME,Rupp Arena,Rupp Arena,Lexington,KY,,,REGULAR_SEASON,,184,Jan. 25 * TENNESSEE 11/NR 74-57 W,resolved,,,,,,,
KYRAW-01834,kentucky,historical_record_book,1985-1986,1986,1986-01-29,LSU,LSU,lsu,Yes,54,52,W,0,Opponent Home,OPPONENT_HOME,,,,,,,REGULAR_SEASON,,184,Jan. 29 * at LSU 8/17 54-52 W,resolved,,,,,,,
KYRAW-01835,kentucky,historical_record_book,1985-1986,1986,1986-01-31,Auburn,Auburn,auburn,Yes,81,71,W,0,Kentucky Home,SOURCE_PROGRAM_HOME,Rupp Arena,Rupp Arena,Lexington,KY,,,REGULAR_SEASON,,184,Jan. 31 * AUBURN 8/NR 81-71 W,resolved,,,,,,,
KYRAW-01836,kentucky,historical_record_book,1985-1986,1986,1986-02-02,NC State,NC State,nc-state,Yes,51,54,L,0,Opponent Home,OPPONENT_HOME,,,,,,,REGULAR_SEASON,,184,Feb. 2 at NC State 8/NR 51-54 L,resolved,,,,,,,
KYRAW-01837,kentucky,historical_record_book,1985-1986,1986,1986-02-05,Vanderbilt,Vanderbilt,vanderbilt,Yes,73,65,W,0,Kentucky Home,SOURCE_PROGRAM_HOME,Rupp Arena,Rupp Arena,Lexington,KY,,,REGULAR_SEASON,,184,Feb. 5 * VANDERBILT 12/NR 73-65 W,resolved,,,,,,,
KYRAW-01838,kentucky,historical_record_book,1985-1986,1986,1986-02-08,Ole Miss,Ole Miss,ole-miss,Yes,62,58,W,0,Opponent Home,OPPONENT_HOME,,,,,,,REGULAR_SEASON,,184,Feb. 8 * at Ole Miss 12/NR 62-58 W,resolved,,,,,,,
KYRAW-01839,kentucky,historical_record_book,1985-1986,1986,1986-02-13,Alabama,Alabama,alabama,Yes,73,71,W,0,Opponent Home,OPPONENT_HOME,,,,,,,REGULAR_SEASON,,184,Feb. 13 * at Alabama 11/18 73-71 W,resolved,,,,,,,
KYRAW-01840,kentucky,historical_record_book,1985-1986,1986,1986-02-15,Mississippi State,Mississippi State,mississippi-state,Yes,88,62,W,0,Kentucky Home,SOURCE_PROGRAM_HOME,Rupp Arena,Rupp Arena,Lexington,KY,,,REGULAR_SEASON,,184,Feb. 15 * MISSISSIPPI STATE 11/NR 88-62 W,resolved,,,,,,,
KYRAW-01841,kentucky,historical_record_book,1985-1986,1986,1986-02-19,Florida,Florida,florida,Yes,80,69,W,0,Kentucky Home,SOURCE_PROGRAM_HOME,Rupp Arena,Rupp Arena,Lexington,KY,,,REGULAR_SEASON,,184,Feb. 19 * FLORIDA 8/NR 80-69 W,resolved,,,,,,,
KYRAW-01842,kentucky,historical_record_book,1985-1986,1986,1986-02-22,Georgia,Georgia,georgia,Yes,80,75,W,0,Opponent Home,OPPONENT_HOME,,,,,,,REGULAR_SEASON,,184,Feb. 22 * at Georgia 8/NR 80-75 W,resolved,,,,,,,
KYRAW-01843,kentucky,historical_record_book,1985-1986,1986,1986-02-27,Tennessee,Tennessee,tennessee,Yes,62,60,W,0,Opponent Home,OPPONENT_HOME,,,,,,,REGULAR_SEASON,,184,Feb. 27 * at Tennessee 5/NR 62-60 W,resolved,,,,,,,
KYRAW-01844,kentucky,historical_record_book,1985-1986,1986,1986-03-01,LSU,LSU,lsu,Yes,68,57,W,0,Kentucky Home,SOURCE_PROGRAM_HOME,Rupp Arena,Rupp Arena,Lexington,KY,,,REGULAR_SEASON,,184,Mar. 1 * LSU 5/NR 68-57 W,resolved,,,,,,,
KYRAW-01845,kentucky,historical_record_book,1985-1986,1986,1986-03-06,Ole Miss,Ole Miss,ole-miss,Yes,95,69,W,0,Kentucky Home,SOURCE_PROGRAM_HOME,Rupp Arena,Rupp Arena,Lexington,KY,SEC Tournament,,CONFERENCE_TOURNAMENT,,184,Mar. 6 3 OLE MISS 3/NR 95-69 W,resolved,,,,,,,
KYRAW-01846,kentucky,historical_record_book,1985-1986,1986,1986-03-07,LSU,LSU,lsu,Yes,61,58,W,0,Kentucky Home,SOURCE_PROGRAM_HOME,Rupp Arena,Rupp Arena,Lexington,KY,SEC Tournament,,CONFERENCE_TOURNAMENT,,184,Mar. 7 3 LSU 3/NR 61-58 W,resolved,,,,,,,
KYRAW-01847,kentucky,historical_record_book,1985-1986,1986,1986-03-08,Alabama,Alabama,alabama,Yes,83,72,W,0,Kentucky Home,SOURCE_PROGRAM_HOME,Rupp Arena,Rupp Arena,Lexington,KY,SEC Tournament,,CONFERENCE_TOURNAMENT,Championship,184,Mar. 8 3 ALABAMA 3/NR 83-72 W,resolved,,,,,,,
KYRAW-01848,kentucky,historical_record_book,1985-1986,1986,1986-03-14,Davidson,Davidson,davidson,Yes,75,55,W,0,Neutral,NEUTRAL,,,,,NCAA Tournament,,NCAA_TOURNAMENT,R64,184,Mar. 14 4 vs. Davidson 3/NR 75-55 W,resolved,,,,,,,
KYRAW-01849,kentucky,historical_record_book,1985-1986,1986,1986-03-16,Western Kentucky,Western Kentucky,western-kentucky,Yes,71,64,W,0,Neutral,NEUTRAL,,,,,NCAA Tournament,,NCAA_TOURNAMENT,R32,184,Mar. 16 4 vs. Western Kentucky 3/NR 71-64 W,resolved,,,,,,,
KYRAW-01850,kentucky,historical_record_book,1985-1986,1986,1986-03-20,Alabama,Alabama,alabama,Yes,68,63,W,0,Neutral,NEUTRAL,,,,,NCAA Tournament,,NCAA_TOURNAMENT,Sweet Sixteen,184,Mar. 20 5 vs. Alabama 3/NR 68-63 W,resolved,,,,,,,
KYRAW-01851,kentucky,historical_record_book,1985-1986,1986,1986-03-22,LSU,LSU,lsu,Yes,57,59,L,0,Neutral,NEUTRAL,,,,,NCAA Tournament,,NCAA_TOURNAMENT,Elite Eight,184,Mar. 22 5 vs. LSU 3/NR 57-59 L,resolved,,,,,,,
KYRAW-01852,kentucky,historical_record_book,1986-1987,1987,1986-11-29,Austin Peay,Austin Peay,austin-peay,Yes,71,69,W,0,Kentucky Home,SOURCE_PROGRAM_HOME,Rupp Arena,Rupp Arena,Lexington,KY,,,REGULAR_SEASON,,185,Nov. 29 AUSTIN PEAY 11/NR 71-69 W,resolved,,,,,,,
KYRAW-01853,kentucky,historical_record_book,1986-1987,1987,1986-12-02,Texas Tech,Texas Tech,texas-tech,Yes,66,60,W,0,Kentucky Home,SOURCE_PROGRAM_HOME,Rupp Arena,Rupp Arena,Lexington,KY,,,REGULAR_SEASON,,185,Dec. 2 TEXAS TECH 13/NR 66-60 W,resolved,,,,,,,
KYRAW-01854,kentucky,historical_record_book,1986-1987,1987,1986-12-06,Indiana,Indiana,indiana,Yes,66,71,L,0,Opponent Home,OPPONENT_HOME,,,,,,,REGULAR_SEASON,,185,Dec. 6 at Indiana 13/3 66-71 L,resolved,,,,,,,
KYRAW-01855,kentucky,historical_record_book,1986-1987,1987,1986-12-13,Lamar,Lamar,lamar,Yes,71,56,W,0,Kentucky Home,SOURCE_PROGRAM_HOME,Rupp Arena,Rupp Arena,Lexington,KY,,,REGULAR_SEASON,,185,Dec. 13 LAMAR 19/NR 71-56 W,resolved,,,,,,,
KYRAW-01856,kentucky,historical_record_book,1986-1987,1987,1986-12-19,Iona,Iona,iona,Yes,75,59,W,0,Kentucky Home,SOURCE_PROGRAM_HOME,Rupp Arena,Rupp Arena,Lexington,KY,,,REGULAR_SEASON,,185,Dec. 19 1 IONA 18/NR 75-59 W,resolved,,,,,,,
KYRAW-01857,kentucky,historical_record_book,1986-1987,1987,1986-12-20,Boston University,Boston University,boston-university,Yes,81,69,W,0,Kentucky Home,SOURCE_PROGRAM_HOME,Rupp Arena,Rupp Arena,Lexington,KY,,,REGULAR_SEASON,,185,Dec. 20 1 BOSTON U. 18/NR 81-69 W 1,resolved,,,,,,,
KYRAW-01858,kentucky,historical_record_book,1986-1987,1987,1986-12-27,Louisville,Louisville,louisville,Yes,85,51,W,0,Opponent Home,OPPONENT_HOME,,,,,,,REGULAR_SEASON,,185,Dec. 27 at Louisville 18/NR 85-51 W 2,resolved,,,,,,,
KYRAW-01859,kentucky,historical_record_book,1986-1987,1987,1986-12-30,Georgia,Georgia,georgia,Yes,65,69,L,0,Neutral,NEUTRAL,,,,,,,REGULAR_SEASON,,185,Dec. 30 2* vs. Georgia 11/NR 65-69 L 3,resolved,,,,,,,
KYRAW-01860,kentucky,historical_record_book,1986-1987,1987,1987-01-03,Auburn,Auburn,auburn,Yes,63,60,W,0,Opponent Home,OPPONENT_HOME,,,,,,,REGULAR_SEASON,,185,Jan. 3 * at Auburn 11/5 63-60 W 4,resolved,,,,,,,
KYRAW-01861,kentucky,historical_record_book,1986-1987,1987,1987-01-07,Alabama,Alabama,alabama,Yes,55,69,L,0,Kentucky Home,SOURCE_PROGRAM_HOME,Rupp Arena,Rupp Arena,Lexington,KY,,,REGULAR_SEASON,,185,Jan. 7 * ALABAMA 9/NR 55-69 L,resolved,,,,,,,
KYRAW-01862,kentucky,historical_record_book,1986-1987,1987,1987-01-10,Tennessee,Tennessee,tennessee,Yes,68,75,L,0,Opponent Home,OPPONENT_HOME,,,,,,,REGULAR_SEASON,,185,Jan. 10 * at Tennessee 9/NR 68-75 L,resolved,,,,,,,
KYRAW-01863,kentucky,historical_record_book,1986-1987,1987,1987-01-12,Mississippi State,Mississippi State,mississippi-state,Yes,57,49,W,0,Opponent Home,OPPONENT_HOME,,,,,,,REGULAR_SEASON,,185,Jan. 12 * at Mississippi State 9/NR 57-49 W,resolved,,,,,,,
KYRAW-01864,kentucky,historical_record_book,1986-1987,1987,1987-01-14,Florida,Florida,florida,Yes,67,62,W,0,Kentucky Home,SOURCE_PROGRAM_HOME,Rupp Arena,Rupp Arena,Lexington,KY,,,REGULAR_SEASON,,185,Jan. 14 * FLORIDA NR/NR 67-62 W,resolved,,,,,,,
KYRAW-01865,kentucky,historical_record_book,1986-1987,1987,1987-01-18,LSU,LSU,lsu,Yes,41,76,L,0,Kentucky Home,SOURCE_PROGRAM_HOME,Rupp Arena,Rupp Arena,Lexington,KY,,,REGULAR_SEASON,,185,Jan. 18 * LSU NR/NR 41-76 L,resolved,,,,,,,
KYRAW-01866,kentucky,historical_record_book,1986-1987,1987,1987-01-21,Vanderbilt,Vanderbilt,vanderbilt,Yes,71,65,W,0,Opponent Home,OPPONENT_HOME,,,,,,,REGULAR_SEASON,,185,Jan. 21 * at Vanderbilt NR/NR 71-65 W,resolved,,,,,,,
KYRAW-01867,kentucky,historical_record_book,1986-1987,1987,1987-01-25,Navy,Navy,navy,Yes,80,69,W,0,Kentucky Home,SOURCE_PROGRAM_HOME,Rupp Arena,Rupp Arena,Lexington,KY,,,REGULAR_SEASON,,185,Jan. 25 NAVY NR/18 80-69 W *,resolved,,,,,,,
KYRAW-01868,kentucky,historical_record_book,1986-1987,1987,1987-01-29,Ole Miss,Ole Miss,ole-miss,Yes,65,76,L,0,Opponent Home,OPPONENT_HOME,,,,,,,REGULAR_SEASON,,185,Jan. 29 * at Ole Miss NR/NR 65-76 L,resolved,,,,,,,
KYRAW-01869,kentucky,historical_record_book,1986-1987,1987,1987-01-31,Mississippi State,Mississippi State,mississippi-state,Yes,50,36,W,0,Kentucky Home,SOURCE_PROGRAM_HOME,Rupp Arena,Rupp Arena,Lexington,KY,,,REGULAR_SEASON,,185,Jan. 31 * MISSISSIPPI STATE NR/NR 50-36 W,resolved,,,,,,,
KYRAW-01870,kentucky,historical_record_book,1986-1987,1987,1987-02-04,Auburn,Auburn,auburn,Yes,75,71,W,0,Kentucky Home,SOURCE_PROGRAM_HOME,Rupp Arena,Rupp Arena,Lexington,KY,,,REGULAR_SEASON,,185,Feb. 4 * AUBURN NR/20 75-71 W,resolved,,,,,,,
KYRAW-01871,kentucky,historical_record_book,1986-1987,1987,1987-02-07,Alabama,Alabama,alabama,Yes,70,69,W,0,Opponent Home,OPPONENT_HOME,,,,,,,REGULAR_SEASON,,185,Feb. 7 * at Alabama NR/9 70-69 W,resolved,,,,,,,
KYRAW-01872,kentucky,historical_record_book,1986-1987,1987,1987-02-11,Tennessee,Tennessee,tennessee,Yes,91,84,W,1,Kentucky Home,SOURCE_PROGRAM_HOME,Rupp Arena,Rupp Arena,Lexington,KY,,,REGULAR_SEASON,,185,Feb. 11 * TENNESSEE NR/NR 91-84 W OT,resolved,,,,,,,
KYRAW-01873,kentucky,historical_record_book,1986-1987,1987,1987-02-14,Florida,Florida,florida,Yes,56,74,L,0,Opponent Home,OPPONENT_HOME,,,,,,,REGULAR_SEASON,,185,Feb. 14 * at Florida NR/19 56-74 L,resolved,,,,,,,
KYRAW-01874,kentucky,historical_record_book,1986-1987,1987,1987-02-19,Vanderbilt,Vanderbilt,vanderbilt,Yes,65,54,W,0,Kentucky Home,SOURCE_PROGRAM_HOME,Rupp Arena,Rupp Arena,Lexington,KY,,,REGULAR_SEASON,,185,Feb. 19 * VANDERBILT NR/NR 65-54 W,resolved,,,,,,,
KYRAW-01875,kentucky,historical_record_book,1986-1987,1987,1987-02-21,LSU,LSU,lsu,Yes,52,65,L,1,Opponent Home,OPPONENT_HOME,,,,,,,REGULAR_SEASON,,185,Feb. 21 * at LSU NR/NR 52-65 L to,resolved,,,,,,,
KYRAW-01876,kentucky,historical_record_book,1986-1987,1987,1987-02-25,Georgia,Georgia,georgia,Yes,71,79,L,0,Opponent Home,OPPONENT_HOME,,,,,,,REGULAR_SEASON,,185,Feb. 25 * at Georgia NR/NR 71-79 L,resolved,,,,,,,
KYRAW-01877,kentucky,historical_record_book,1986-1987,1987,1987-02-28,Ole Miss,Ole Miss,ole-miss,Yes,64,63,W,0,Kentucky Home,SOURCE_PROGRAM_HOME,Rupp Arena,Rupp Arena,Lexington,KY,,,REGULAR_SEASON,,185,Feb. 28 * OLE MISS NR/NR 64-63 W,resolved,,,,,,,
KYRAW-01878,kentucky,historical_record_book,1986-1987,1987,1987-03-01,Oklahoma,Oklahoma,oklahoma,Yes,75,74,W,0,Kentucky Home,SOURCE_PROGRAM_HOME,Rupp Arena,Rupp Arena,Lexington,KY,,,REGULAR_SEASON,,185,Mar. 1 OKLAHOMA NR/12 75-74 W,resolved,,,,,,,
KYRAW-01879,kentucky,historical_record_book,1986-1987,1987,1987-03-06,Auburn,Auburn,auburn,Yes,72,79,L,0,Neutral,NEUTRAL,,,,,SEC Tournament,,CONFERENCE_TOURNAMENT,,185,Mar. 6 3 vs. Auburn NR/NR 72-79 L,resolved,,,,,,,
KYRAW-01880,kentucky,historical_record_book,1986-1987,1987,1987-03-13,Ohio State,Ohio State,ohio-state,Yes,77,91,L,0,Neutral,NEUTRAL,,,,,NCAA Tournament,,NCAA_TOURNAMENT,R64,185,Mar. 13 3 vs. Ohio State NR/NR 77-91 L,resolved,,,,,,,
KYRAW-01881,kentucky,historical_record_book,1987-1988,1988,1987-11-28,Hawaii,Hawaii,hawaii,No,86,59,W,0,Kentucky Home,SOURCE_PROGRAM_HOME,Rupp Arena,Rupp Arena,Lexington,KY,,,REGULAR_SEASON,,185,Nov. 28 HAWAII 5/NR 86-59 W,resolved,,,,,,,
KYRAW-01882,kentucky,historical_record_book,1987-1988,1988,1987-12-01,Cincinnati,Cincinnati,cincinnati,Yes,101,77,W,0,Kentucky Home,SOURCE_PROGRAM_HOME,Rupp Arena,Rupp Arena,Lexington,KY,,,REGULAR_SEASON,,185,Dec. 1 CINCINNATI 2/NR 101-77 W,resolved,,,,,,,
KYRAW-01883,kentucky,historical_record_book,1987-1988,1988,1987-12-05,Indiana,Indiana,indiana,Yes,82,76,W,1,Neutral,NEUTRAL,,,,,,,REGULAR_SEASON,,185,Dec. 5 1 vs. Indiana 2/5 82-76 W OT,resolved,,,,,,,
KYRAW-01884,kentucky,historical_record_book,1987-1988,1988,1987-12-12,Louisville,Louisville,louisville,Yes,76,75,W,0,Kentucky Home,SOURCE_PROGRAM_HOME,Rupp Arena,Rupp Arena,Lexington,KY,,,REGULAR_SEASON,,185,Dec. 12 LOUISVILLE 1/NR 76-75 W,resolved,,,,,,,
KYRAW-01885,kentucky,historical_record_book,1987-1988,1988,1987-12-18,Miami (Ohio),Miami University,miami-oh,Yes,85,71,W,0,Kentucky Home,SOURCE_PROGRAM_HOME,Rupp Arena,Rupp Arena,Lexington,KY,,,REGULAR_SEASON,,185,Dec. 18 2 MIAMI (OHIO) 1/NR 85-71 W,resolved,,,,,,,
KYRAW-01886,kentucky,historical_record_book,1987-1988,1988,1987-12-19,Charlotte,Charlotte,charlotte,Yes,84,81,W,0,Kentucky Home,SOURCE_PROGRAM_HOME,Rupp Arena,Rupp Arena,Lexington,KY,,,REGULAR_SEASON,,185,Dec. 19 2 CHARLOTTE 1/NR 84-81 W,resolved,,,,,,,
KYRAW-01887,kentucky,historical_record_book,1987-1988,1988,1987-12-28,Alaska Anchorage,Alaska Anchorage,alaska-anchorage,No,100,58,W,0,Kentucky Home,SOURCE_PROGRAM_HOME,Rupp Arena,Rupp Arena,Lexington,KY,,,REGULAR_SEASON,,185,Dec. 28 ALASKA 2/NR 100-58 W,resolved,,,,,,,
KYRAW-01888,kentucky,historical_record_book,1987-1988,1988,1987-12-31,Vanderbilt,Vanderbilt,vanderbilt,Yes,81,74,W,0,Kentucky Home,SOURCE_PROGRAM_HOME,Rupp Arena,Rupp Arena,Lexington,KY,,,REGULAR_SEASON,,185,Dec. 31 * VANDERBILT 2/NR 81-74 W,resolved,,,,,,,
KYRAW-01889,kentucky,historical_record_book,1987-1988,1988,1988-01-02,Georgia,Georgia,georgia,Yes,84,77,W,0,Opponent Home,OPPONENT_HOME,,,,,,,REGULAR_SEASON,,185,Jan. 2 * at Georgia 2/NR 84-77 W,resolved,,,,,,,
KYRAW-01890,kentucky,historical_record_book,1987-1988,1988,1988-01-06,Mississippi State,Mississippi State,mississippi-state,Yes,93,52,W,0,Kentucky Home,SOURCE_PROGRAM_HOME,Rupp Arena,Rupp Arena,Lexington,KY,,,REGULAR_SEASON,,185,Jan. 6 * MISSISSIPPI STATE 1/NR 93-52 W,resolved,,,,,,,
KYRAW-01891,kentucky,historical_record_book,1987-1988,1988,1988-01-09,Auburn,Auburn,auburn,Yes,52,53,L,0,Kentucky Home,SOURCE_PROGRAM_HOME,Rupp Arena,Rupp Arena,Lexington,KY,,,REGULAR_SEASON,,185,Jan. 9 * AUBURN 1/NR 52-53 L,resolved,,,,,,,
KYRAW-01892,kentucky,historical_record_book,1987-1988,1988,1988-01-13,Alabama,Alabama,alabama,Yes,63,55,W,0,Opponent Home,OPPONENT_HOME,,,,,,,REGULAR_SEASON,,185,Jan. 13 * at Alabama 5/NR 63-55 W,resolved,,,,,,,
KYRAW-01893,kentucky,historical_record_book,1987-1988,1988,1988-01-16,Tennessee,Tennessee,tennessee,Yes,83,65,W,0,Kentucky Home,SOURCE_PROGRAM_HOME,Rupp Arena,Rupp Arena,Lexington,KY,,,REGULAR_SEASON,,185,Jan. 16 * TENNESSEE 5/NR 83-65 W,resolved,,,,,,,
KYRAW-01894,kentucky,historical_record_book,1987-1988,1988,1988-01-20,Florida,Florida,florida,Yes,56,58,L,0,Kentucky Home,SOURCE_PROGRAM_HOME,Rupp Arena,Rupp Arena,Lexington,KY,,,REGULAR_SEASON,,185,Jan. 20 * FLORIDA 4/NR 56-58 L,resolved,,,,,,,
KYRAW-01895,kentucky,historical_record_book,1987-1988,1988,1988-01-23,LSU,LSU,lsu,Yes,76,61,W,0,Opponent Home,OPPONENT_HOME,,,,,,,REGULAR_SEASON,,185,Jan. 23 * at LSU 4/NR 76-61 W,resolved,,,,,,,
KYRAW-01896,kentucky,historical_record_book,1987-1988,1988,1988-01-27,Vanderbilt,Vanderbilt,vanderbilt,Yes,66,83,L,0,Opponent Home,OPPONENT_HOME,,,,,,,REGULAR_SEASON,,185,Jan. 27 * at Vanderbilt 9/NR 66-83 L,resolved,,,,,,,
KYRAW-01897,kentucky,historical_record_book,1987-1988,1988,1988-01-31,Notre Dame,Notre Dame,notre-dame,Yes,78,69,W,0,Neutral,NEUTRAL,,,,,,,REGULAR_SEASON,,185,Jan. 31 3 vs. Notre Dame 9/NR 78-69 W,resolved,,,,,,,
KYRAW-01898,kentucky,historical_record_book,1987-1988,1988,1988-02-03,Ole Miss,Ole Miss,ole-miss,Yes,94,65,W,0,Kentucky Home,SOURCE_PROGRAM_HOME,Rupp Arena,Rupp Arena,Lexington,KY,,,REGULAR_SEASON,,185,Feb. 3 * OLE MISS 10/NR 94-65 W,resolved,,,,,,,
KYRAW-01899,kentucky,historical_record_book,1987-1988,1988,1988-02-06,Mississippi State,Mississippi State,mississippi-state,Yes,83,59,W,0,Opponent Home,OPPONENT_HOME,,,,,,,REGULAR_SEASON,,185,Feb. 6 * at Mississippi State 10/NR 83-59 W,resolved,,,,,,,
KYRAW-01900,kentucky,historical_record_book,1987-1988,1988,1988-02-10,Auburn,Auburn,auburn,Yes,69,62,W,0,Opponent Home,OPPONENT_HOME,,,,,,,REGULAR_SEASON,,185,Feb. 10 * at Auburn 10/NR 69-62 W,resolved,,,,,,,
KYRAW-01901,kentucky,historical_record_book,1987-1988,1988,1988-02-13,Alabama,Alabama,alabama,Yes,82,68,W,0,Kentucky Home,SOURCE_PROGRAM_HOME,Rupp Arena,Rupp Arena,Lexington,KY,,,REGULAR_SEASON,,185,Feb. 13 * ALABAMA 10/NR 82-68 W,resolved,,,,,,,
KYRAW-01902,kentucky,historical_record_book,1987-1988,1988,1988-02-17,Tennessee,Tennessee,tennessee,Yes,70,72,L,0,Opponent Home,OPPONENT_HOME,,,,,,,REGULAR_SEASON,,185,Feb. 17 * at Tennessee 9/NR 70-72 L,resolved,,,,,,,
KYRAW-01903,kentucky,historical_record_book,1987-1988,1988,1988-02-20,Florida,Florida,florida,Yes,76,83,L,0,Opponent Home,OPPONENT_HOME,,,,,,,REGULAR_SEASON,,185,Feb. 20 * at Florida 9/NR 76-83 L,resolved,,,,,,,
KYRAW-01904,kentucky,historical_record_book,1987-1988,1988,1988-02-24,LSU,LSU,lsu,Yes,95,69,W,0,Kentucky Home,SOURCE_PROGRAM_HOME,Rupp Arena,Rupp Arena,Lexington,KY,,,REGULAR_SEASON,,185,Feb. 24 * LSU 12/NR 95-69 W,resolved,,,,,,,
KYRAW-01905,kentucky,historical_record_book,1987-1988,1988,1988-02-28,Syracuse,Syracuse,syracuse,Yes,62,58,W,0,Kentucky Home,SOURCE_PROGRAM_HOME,Rupp Arena,Rupp Arena,Lexington,KY,,,REGULAR_SEASON,,185,Feb. 28 SYRACUSE 12/10 62-58 W,resolved,,,,,,,
KYRAW-01906,kentucky,historical_record_book,1987-1988,1988,1988-03-02,Georgia,Georgia,georgia,Yes,80,72,W,0,Kentucky Home,SOURCE_PROGRAM_HOME,Rupp Arena,Rupp Arena,Lexington,KY,,,REGULAR_SEASON,,185,Mar. 2 * GEORGIA 8/NR 80-72 W,resolved,,,,,,,
KYRAW-01907,kentucky,historical_record_book,1987-1988,1988,1988-03-05,Ole Miss,Ole Miss,ole-miss,Yes,78,71,W,0,Opponent Home,OPPONENT_HOME,,,,,,,REGULAR_SEASON,,185,Mar. 5 * at Ole Miss 8/NR 78-71 W,resolved,,,,,,,
KYRAW-01908,kentucky,historical_record_book,1987-1988,1988,1988-03-11,Ole Miss,Ole Miss,ole-miss,Yes,82,64,W,0,Neutral,NEUTRAL,,,,,SEC Tournament,,CONFERENCE_TOURNAMENT,,185,Mar. 11 4 vs. Ole Miss 6/NR 82-64 W,resolved,,,,,,,Kentucky later had its 1987-88 SEC regular-season and tournament championships stripped; the games themselves were not forfeited.
KYRAW-01909,kentucky,historical_record_book,1987-1988,1988,1988-03-12,LSU,LSU,lsu,Yes,86,80,W,0,Neutral,NEUTRAL,,,,,SEC Tournament,,CONFERENCE_TOURNAMENT,,185,Mar. 12 4 vs. LSU 6/NR 86-80 W,resolved,,,,,,,Kentucky later had its 1987-88 SEC regular-season and tournament championships stripped; the games themselves were not forfeited.
KYRAW-01910,kentucky,historical_record_book,1987-1988,1988,1988-03-13,Georgia,Georgia,georgia,Yes,62,57,W,0,Neutral,NEUTRAL,,,,,SEC Tournament,,CONFERENCE_TOURNAMENT,Championship,185,Mar. 13 4 vs. Georgia 6/NR 62-57 W,resolved,,,,,,,Kentucky later had its 1987-88 SEC regular-season and tournament championships stripped; the games themselves were not forfeited.
KYRAW-01911,kentucky,historical_record_book,1988-1989,1989,1988-11-19,Duke,Duke,duke,Yes,55,80,L,0,Neutral,NEUTRAL,,,,,,,REGULAR_SEASON,,185,Nov. 19 1 vs. Duke NR/1 55-80 L,resolved,,,,,,,
KYRAW-01912,kentucky,historical_record_book,1988-1989,1989,1988-11-25,Iona,Iona,iona,Yes,56,54,W,0,Neutral,NEUTRAL,,,,,,,REGULAR_SEASON,,185,Nov. 25 2 vs. Iona NR/NR 56-54 W,resolved,,,,,,,
KYRAW-01913,kentucky,historical_record_book,1988-1989,1989,1988-11-26,Seton Hall,Seton Hall,seton-hall,Yes,60,63,L,0,Neutral,NEUTRAL,,,,,,,REGULAR_SEASON,,185,Nov. 26 2 vs. Seton Hall NR/NR 60-63 L,resolved,,,,,,,
KYRAW-01914,kentucky,historical_record_book,1988-1989,1989,1988-11-28,California,California,california,Yes,89,71,W,0,Neutral,NEUTRAL,,,,,,,REGULAR_SEASON,,185,Nov. 28 2 vs. California NR/NR 89-71 W,resolved,,,,,,,
KYRAW-01915,kentucky,historical_record_book,1988-1989,1989,1988-12-03,Notre Dame,Notre Dame,notre-dame,Yes,65,81,L,0,Neutral,NEUTRAL,,,,,,,REGULAR_SEASON,,185,Dec. 3 3 vs. Notre Dame NR/NR 65-81 L,resolved,,,,,,,
KYRAW-01916,kentucky,historical_record_book,1988-1989,1989,1988-12-07,Northwestern State,Northwestern State,northwestern-state,Yes,82,85,L,0,Kentucky Home,SOURCE_PROGRAM_HOME,Rupp Arena,Rupp Arena,Lexington,KY,,,REGULAR_SEASON,,185,Dec. 7 NORTHWESTERN STATE NR/NR 82-85 L,resolved,,,,,,,
KYRAW-01917,kentucky,historical_record_book,1988-1989,1989,1988-12-10,Western Carolina,Western Carolina,western-carolina,Yes,78,60,W,0,Kentucky Home,SOURCE_PROGRAM_HOME,Rupp Arena,Rupp Arena,Lexington,KY,,,REGULAR_SEASON,,185,Dec. 10 WESTERN CAROLINA NR/NR 78-60 W,resolved,,,,,,,
KYRAW-01918,kentucky,historical_record_book,1988-1989,1989,1988-12-16,Bowling Green,Bowling Green,bowling-green,Yes,54,56,L,0,Kentucky Home,SOURCE_PROGRAM_HOME,Rupp Arena,Rupp Arena,Lexington,KY,,,REGULAR_SEASON,,185,Dec. 16 4 BOWLING GREEN NR/NR 54-56 L,resolved,,,,,,,
KYRAW-01919,kentucky,historical_record_book,1988-1989,1989,1988-12-17,Marshall,Marshall,marshall,Yes,91,78,W,0,Kentucky Home,SOURCE_PROGRAM_HOME,Rupp Arena,Rupp Arena,Lexington,KY,,,REGULAR_SEASON,,185,Dec. 17 4 MARSHALL NR/NR 91-78 W,resolved,,,,,,,
KYRAW-01920,kentucky,historical_record_book,1988-1989,1989,1988-12-20,Indiana,Indiana,indiana,Yes,52,75,L,0,Kentucky Home,SOURCE_PROGRAM_HOME,Rupp Arena,Rupp Arena,Lexington,KY,,,REGULAR_SEASON,,185,Dec. 20 INDIANA NR/NR 52-75 L,resolved,,,,,,,
KYRAW-01921,kentucky,historical_record_book,1988-1989,1989,1988-12-27,Austin Peay,Austin Peay,austin-peay,Yes,85,77,W,0,Neutral,NEUTRAL,,,,,,,REGULAR_SEASON,,185,Dec. 27 5 vs. Austin Peay NR/NR 85-77 W,resolved,,,,,,,
KYRAW-01922,kentucky,historical_record_book,1988-1989,1989,1988-12-31,Louisville,Louisville,louisville,Yes,75,97,L,0,Opponent Home,OPPONENT_HOME,,,,,,,REGULAR_SEASON,,185,Dec. 31 at Louisville NR/14 75-97 L,resolved,,,,,,,
KYRAW-01923,kentucky,historical_record_book,1988-1989,1989,1989-01-04,Georgia,Georgia,georgia,Yes,76,65,W,0,Kentucky Home,SOURCE_PROGRAM_HOME,Rupp Arena,Rupp Arena,Lexington,KY,,,REGULAR_SEASON,,185,Jan. 4 * GEORGIA NR/20 76-65 W,resolved,,,,,,,
KYRAW-01924,kentucky,historical_record_book,1988-1989,1989,1989-01-07,Vanderbilt,Vanderbilt,vanderbilt,Yes,70,61,W,0,Kentucky Home,SOURCE_PROGRAM_HOME,Rupp Arena,Rupp Arena,Lexington,KY,,,REGULAR_SEASON,,185,Jan. 7 * VANDERBILT NR/NR 70-61 W,resolved,,,,,,,
KYRAW-01925,kentucky,historical_record_book,1988-1989,1989,1989-01-12,Florida,Florida,florida,Yes,69,56,W,0,Opponent Home,OPPONENT_HOME,,,,,,,REGULAR_SEASON,,185,Jan. 12 * at Florida NR/NR 69-56 W,resolved,,,,,,,
KYRAW-01926,kentucky,historical_record_book,1988-1989,1989,1989-01-14,LSU,LSU,lsu,Yes,62,64,L,0,Kentucky Home,SOURCE_PROGRAM_HOME,Rupp Arena,Rupp Arena,Lexington,KY,,,REGULAR_SEASON,,185,Jan. 14 * LSU NR/NR 62-64 L,resolved,,,,,,,
KYRAW-01927,kentucky,historical_record_book,1988-1989,1989,1989-01-18,Alabama,Alabama,alabama,Yes,64,76,L,0,Opponent Home,OPPONENT_HOME,,,,,,,REGULAR_SEASON,,185,Jan. 18 * at Alabama NR/NR 64-76 L,resolved,,,,,,,
KYRAW-01928,kentucky,historical_record_book,1988-1989,1989,1989-01-21,Tennessee,Tennessee,tennessee,Yes,66,65,W,0,Opponent Home,OPPONENT_HOME,,,,,,,REGULAR_SEASON,,185,Jan. 21 * at Tennessee NR/18 66-65 W,resolved,,,,,,,
KYRAW-01929,kentucky,historical_record_book,1988-1989,1989,1989-01-25,Auburn,Auburn,auburn,Yes,86,76,W,0,Kentucky Home,SOURCE_PROGRAM_HOME,Rupp Arena,Rupp Arena,Lexington,KY,,,REGULAR_SEASON,,185,Jan. 25 * AUBURN NR/NR 86-76 W,resolved,,,,,,,
KYRAW-01930,kentucky,historical_record_book,1988-1989,1989,1989-01-28,Ole Miss,Ole Miss,ole-miss,Yes,65,70,L,0,Opponent Home,OPPONENT_HOME,,,,,,,REGULAR_SEASON,,185,Jan. 28 * at Ole Miss NR/NR 65-70 L,resolved,,,,,,,
KYRAW-01931,kentucky,historical_record_book,1988-1989,1989,1989-02-01,Mississippi State,Mississippi State,mississippi-state,Yes,73,61,W,0,Kentucky Home,SOURCE_PROGRAM_HOME,Rupp Arena,Rupp Arena,Lexington,KY,,,REGULAR_SEASON,,185,Feb. 1 * MISSISSIPPI STATE NR/NR 73-61 W,resolved,,,,,,,
KYRAW-01932,kentucky,historical_record_book,1988-1989,1989,1989-02-05,Georgia,Georgia,georgia,Yes,72,84,L,0,Opponent Home,OPPONENT_HOME,,,,,,,REGULAR_SEASON,,185,Feb. 5 * at Georgia NR/NR 72-84 L,resolved,,,,,,,
KYRAW-01933,kentucky,historical_record_book,1988-1989,1989,1989-02-08,Vanderbilt,Vanderbilt,vanderbilt,Yes,51,81,L,0,Opponent Home,OPPONENT_HOME,,,,,,,REGULAR_SEASON,,186,Feb. 8 * at Vanderbilt NR/NR 51-81 L,resolved,,,,,,,
KYRAW-01934,kentucky,historical_record_book,1988-1989,1989,1989-02-11,Florida,Florida,florida,Yes,53,59,L,0,Kentucky Home,SOURCE_PROGRAM_HOME,Rupp Arena,Rupp Arena,Lexington,KY,,,REGULAR_SEASON,,186,Feb. 11 * FLORIDA NR/NR 53-59 L,resolved,,,,,,,
KYRAW-01935,kentucky,historical_record_book,1988-1989,1989,1989-02-15,LSU,LSU,lsu,Yes,80,99,L,0,Opponent Home,OPPONENT_HOME,,,,,,,REGULAR_SEASON,,186,Feb. 15 * at LSU NR/20 80-99 L,resolved,,,,,,,
KYRAW-01936,kentucky,historical_record_book,1988-1989,1989,1989-02-18,Alabama,Alabama,alabama,Yes,67,71,L,0,Kentucky Home,SOURCE_PROGRAM_HOME,Rupp Arena,Rupp Arena,Lexington,KY,,,REGULAR_SEASON,,186,Feb. 18 * ALABAMA NR/NR 67-71 L,resolved,,,,,,,
KYRAW-01937,kentucky,historical_record_book,1988-1989,1989,1989-02-20,Auburn,Auburn,auburn,Yes,75,77,L,0,Opponent Home,OPPONENT_HOME,,,,,,,REGULAR_SEASON,,186,Feb. 20 * at Auburn NR/NR 75-77 L,resolved,,,,,,,
KYRAW-01938,kentucky,historical_record_book,1988-1989,1989,1989-02-22,Tennessee,Tennessee,tennessee,Yes,76,71,W,0,Kentucky Home,SOURCE_PROGRAM_HOME,Rupp Arena,Rupp Arena,Lexington,KY,,,REGULAR_SEASON,,186,Feb. 22 * TENNESSEE NR/NR 76-71 W,resolved,,,,,,,
KYRAW-01939,kentucky,historical_record_book,1988-1989,1989,1989-02-26,Syracuse,Syracuse,syracuse,Yes,73,89,L,0,Opponent Home,OPPONENT_HOME,,,,,,,REGULAR_SEASON,,186,Feb. 26 at Syracuse NR/6 73-89 L,resolved,,,,,,,
KYRAW-01940,kentucky,historical_record_book,1988-1989,1989,1989-03-01,Ole Miss,Ole Miss,ole-miss,Yes,70,69,W,0,Kentucky Home,SOURCE_PROGRAM_HOME,Rupp Arena,Rupp Arena,Lexington,KY,,,REGULAR_SEASON,,186,Mar. 1 * OLE MISS NR/NR 70-69 W,resolved,,,,,,,
KYRAW-01941,kentucky,historical_record_book,1988-1989,1989,1989-03-04,Mississippi State,Mississippi State,mississippi-state,Yes,67,68,L,0,Opponent Home,OPPONENT_HOME,,,,,,,REGULAR_SEASON,,186,Mar. 4 * at Mississippi State NR/NR 67-68 L,resolved,,,,,,,
KYRAW-01942,kentucky,historical_record_book,1988-1989,1989,1989-03-10,Vanderbilt,Vanderbilt,vanderbilt,Yes,63,77,L,0,Neutral,NEUTRAL,,,,,SEC Tournament,,CONFERENCE_TOURNAMENT,,186,Mar. 10 6 vs. Vanderbilt NR/NR 63-77 L,resolved,,,,,,,
KYRAW-01943,kentucky,historical_record_book,1989-1990,1990,1989-11-28,Ohio,Ohio,ohio,Yes,76,73,W,0,Kentucky Home,SOURCE_PROGRAM_HOME,Rupp Arena,Rupp Arena,Lexington,KY,,,REGULAR_SEASON,,186,Nov. 28 OHIO NR/NR 76-73 W,resolved,,,,,,,
KYRAW-01944,kentucky,historical_record_book,1989-1990,1990,1989-12-02,Indiana,Indiana,indiana,Yes,69,71,L,0,Neutral,NEUTRAL,,,,,,,REGULAR_SEASON,,186,Dec. 2 1 vs. Indiana NR/14 69-71 L,resolved,,,,,,,
KYRAW-01945,kentucky,historical_record_book,1989-1990,1990,1989-12-04,Mississippi State,Mississippi State,mississippi-state,Yes,102,97,W,0,Kentucky Home,SOURCE_PROGRAM_HOME,Rupp Arena,Rupp Arena,Lexington,KY,,,REGULAR_SEASON,,186,Dec. 4 * MISSISSIPPI STATE NR/NR 102-97 W,resolved,,,,,,,
KYRAW-01946,kentucky,historical_record_book,1989-1990,1990,1989-12-06,Tennessee Tech,Tennessee Tech,tennessee-tech,Yes,111,75,W,0,Kentucky Home,SOURCE_PROGRAM_HOME,Rupp Arena,Rupp Arena,Lexington,KY,,,REGULAR_SEASON,,186,Dec. 6 TENNESSEE TECH NR/NR 111-75 W,resolved,,,,,,,
KYRAW-01947,kentucky,historical_record_book,1989-1990,1990,1989-12-09,Kansas,kansas,kansas,Yes,95,150,L,0,Opponent Home,OPPONENT_HOME,,,,,,,REGULAR_SEASON,,186,Dec. 9 at Kansas NR/2 95-150 L,resolved,,,,,,,
KYRAW-01948,kentucky,historical_record_book,1989-1990,1990,1989-12-19,Furman,Furman,furman,Yes,104,73,W,0,Kentucky Home,SOURCE_PROGRAM_HOME,Rupp Arena,Rupp Arena,Lexington,KY,,,REGULAR_SEASON,,186,Dec. 19 FURMAN NR/NR 104-73 W,resolved,,,,,,,
KYRAW-01949,kentucky,historical_record_book,1989-1990,1990,1989-12-22,Portland,Portland,portland,Yes,88,71,W,0,Kentucky Home,SOURCE_PROGRAM_HOME,Rupp Arena,Rupp Arena,Lexington,KY,,,REGULAR_SEASON,,186,Dec. 22 2 PORTLAND NR/NR 88-71 W,resolved,,,,,,,
KYRAW-01950,kentucky,historical_record_book,1989-1990,1990,1989-12-23,Louisiana,Louisiana,louisiana,Yes,113,116,L,1,Kentucky Home,SOURCE_PROGRAM_HOME,Rupp Arena,Rupp Arena,Lexington,KY,,,REGULAR_SEASON,,186,Dec. 23 2 UL LAFAYETTE NR/NR 113-116 L OT,resolved,,,,,,,
KYRAW-01951,kentucky,historical_record_book,1989-1990,1990,1989-12-27,North Carolina,North Carolina,north-carolina,Yes,110,121,L,0,Kentucky Home,SOURCE_PROGRAM_HOME,Rupp Arena,Rupp Arena,Lexington,KY,,,REGULAR_SEASON,,186,Dec. 27 3 North Carolina NR/24 110-121 L,resolved,,,,,,,
KYRAW-01952,kentucky,historical_record_book,1989-1990,1990,1989-12-30,Louisville,Louisville,louisville,Yes,79,86,L,0,Kentucky Home,SOURCE_PROGRAM_HOME,Rupp Arena,Rupp Arena,Lexington,KY,,,REGULAR_SEASON,,186,Dec. 30 LOUISVILLE NR/8 79-86 L,resolved,,,,,,,
KYRAW-01953,kentucky,historical_record_book,1989-1990,1990,1990-01-03,Georgia,Georgia,georgia,Yes,91,106,L,0,Opponent Home,OPPONENT_HOME,,,,,,,REGULAR_SEASON,,186,Jan. 3 * at Georgia NR/NR 91-106 L,resolved,,,,,,,
KYRAW-01954,kentucky,historical_record_book,1989-1990,1990,1990-01-06,Vanderbilt,Vanderbilt,vanderbilt,Yes,85,92,L,0,Opponent Home,OPPONENT_HOME,,,,,,,REGULAR_SEASON,,186,Jan. 6 * at Vanderbilt NR/NR 85-92 L,resolved,,,,,,,
KYRAW-01955,kentucky,historical_record_book,1989-1990,1990,1990-01-10,Florida,Florida,florida,Yes,89,81,W,0,Kentucky Home,SOURCE_PROGRAM_HOME,Rupp Arena,Rupp Arena,Lexington,KY,,,REGULAR_SEASON,,186,Jan. 10 * FLORIDA NR/NR 89-81 W,resolved,,,,,,,
KYRAW-01956,kentucky,historical_record_book,1989-1990,1990,1990-01-13,LSU,LSU,lsu,Yes,81,94,L,0,Opponent Home,OPPONENT_HOME,,,,,,,REGULAR_SEASON,,186,Jan. 13 * at LSU NR/14 81-94 L,resolved,,,,,,,
KYRAW-01957,kentucky,historical_record_book,1989-1990,1990,1990-01-17,Alabama,Alabama,alabama,Yes,82,65,W,0,Kentucky Home,SOURCE_PROGRAM_HOME,Rupp Arena,Rupp Arena,Lexington,KY,,,REGULAR_SEASON,,186,Jan. 17 * ALABAMA NR/25 82-65 W,resolved,,,,,,,
KYRAW-01958,kentucky,historical_record_book,1989-1990,1990,1990-01-20,Tennessee,Tennessee,tennessee,Yes,95,83,W,0,Kentucky Home,SOURCE_PROGRAM_HOME,Rupp Arena,Rupp Arena,Lexington,KY,,,REGULAR_SEASON,,186,Jan. 20 * TENNESSEE NR/NR 95-83 W,resolved,,,,,,,
KYRAW-01959,kentucky,historical_record_book,1989-1990,1990,1990-01-24,Auburn,Auburn,auburn,Yes,70,74,L,0,Opponent Home,OPPONENT_HOME,,,,,,,REGULAR_SEASON,,186,Jan. 24 * at Auburn NR/NR 70-74 L,resolved,,,,,,,
KYRAW-01960,kentucky,historical_record_book,1989-1990,1990,1990-01-27,Ole Miss,Ole Miss,ole-miss,Yes,98,79,W,0,Kentucky Home,SOURCE_PROGRAM_HOME,Rupp Arena,Rupp Arena,Lexington,KY,,,REGULAR_SEASON,,186,Jan. 27 * OLE MISS NR/NR 98-79 W,resolved,,,,,,,
KYRAW-01961,kentucky,historical_record_book,1989-1990,1990,1990-01-31,Mississippi State,Mississippi State,mississippi-state,Yes,86,87,L,1,Opponent Home,OPPONENT_HOME,,,,,,,REGULAR_SEASON,,186,Jan. 31 * at Mississippi State NR/NR 86-87 L OT,resolved,,,,,,,
KYRAW-01962,kentucky,historical_record_book,1989-1990,1990,1990-02-03,Georgia,Georgia,georgia,Yes,88,77,W,0,Kentucky Home,SOURCE_PROGRAM_HOME,Rupp Arena,Rupp Arena,Lexington,KY,,,REGULAR_SEASON,,186,Feb. 3 * GEORGIA NR/NR 88-77 W,resolved,,,,,,,
KYRAW-01963,kentucky,historical_record_book,1989-1990,1990,1990-02-07,Vanderbilt,Vanderbilt,vanderbilt,Yes,100,73,W,0,Kentucky Home,SOURCE_PROGRAM_HOME,Rupp Arena,Rupp Arena,Lexington,KY,,,REGULAR_SEASON,,186,Feb. 7 * VANDERBILT NR/NR 100-73 W,resolved,,,,,,,
KYRAW-01964,kentucky,historical_record_book,1989-1990,1990,1990-02-12,Florida,Florida,florida,Yes,78,74,W,0,Opponent Home,OPPONENT_HOME,,,,,,,REGULAR_SEASON,,186,Feb. 12 * at Florida NR/NR 78-74 W,resolved,,,,,,,
KYRAW-01965,kentucky,historical_record_book,1989-1990,1990,1990-02-15,LSU,LSU,lsu,Yes,100,95,W,0,Kentucky Home,SOURCE_PROGRAM_HOME,Rupp Arena,Rupp Arena,Lexington,KY,,,REGULAR_SEASON,,186,Feb. 15 * LSU NR/9 100-95 W,resolved,,,,,,,
KYRAW-01966,kentucky,historical_record_book,1989-1990,1990,1990-02-17,Alabama,Alabama,alabama,Yes,58,83,L,0,Opponent Home,OPPONENT_HOME,,,,,,,REGULAR_SEASON,,186,Feb. 17 * at Alabama NR/NR 58-83 L,resolved,,,,,,,
KYRAW-01967,kentucky,historical_record_book,1989-1990,1990,1990-02-21,Tennessee,Tennessee,tennessee,Yes,100,102,L,0,Opponent Home,OPPONENT_HOME,,,,,,,REGULAR_SEASON,,186,Feb. 21 * at Tennessee NR/NR 100-102 L,resolved,,,,,,,
KYRAW-01968,kentucky,historical_record_book,1989-1990,1990,1990-02-24,Auburn,Auburn,auburn,Yes,98,95,W,0,Kentucky Home,SOURCE_PROGRAM_HOME,Rupp Arena,Rupp Arena,Lexington,KY,,,REGULAR_SEASON,,186,Feb. 24 * AUBURN NR/NR 98-95 W,resolved,,,,,,,
KYRAW-01969,kentucky,historical_record_book,1989-1990,1990,1990-02-28,Ole Miss,Ole Miss,ole-miss,Yes,74,88,L,0,Opponent Home,OPPONENT_HOME,,,,,,,REGULAR_SEASON,,186,Feb. 28 * at Ole Miss NR/NR 74-88 L,resolved,,,,,,,
KYRAW-01970,kentucky,historical_record_book,1989-1990,1990,1990-03-05,Notre Dame,Notre Dame,notre-dame,Yes,67,80,L,0,Opponent Home,OPPONENT_HOME,,,,,,,REGULAR_SEASON,,186,Mar. 5 at Notre Dame NR/NR 67-80 L,resolved,,,,,,,
KYRAW-01971,kentucky,historical_record_book,1990-1991,1991,1990-11-24,Pennsylvania,Penn,pennsylvania,Yes,85,62,W,0,Kentucky Home,SOURCE_PROGRAM_HOME,Rupp Arena,Rupp Arena,Lexington,KY,,,REGULAR_SEASON,,186,Nov. 24 PENNSYLVANIA NR/NR 85-62 W,resolved,,,,,,,
KYRAW-01972,kentucky,historical_record_book,1990-1991,1991,1990-11-28,Cincinnati,Cincinnati,cincinnati,Yes,75,71,W,0,Opponent Home,OPPONENT_HOME,,,,,,,REGULAR_SEASON,,186,Nov. 28 at Cincinnati NR/NR 75-71 W,resolved,,,,,,,
KYRAW-01973,kentucky,historical_record_book,1990-1991,1991,1990-12-01,Notre Dame,Notre Dame,notre-dame,Yes,98,90,W,0,Neutral,NEUTRAL,,,,,,,REGULAR_SEASON,,186,Dec. 1 1 vs. Notre Dame NR/NR 98-90 W,resolved,,,,,,,
KYRAW-01974,kentucky,historical_record_book,1990-1991,1991,1990-12-08,Kansas,kansas,kansas,Yes,88,71,W,0,Kentucky Home,SOURCE_PROGRAM_HOME,Rupp Arena,Rupp Arena,Lexington,KY,,,REGULAR_SEASON,,186,Dec. 8 KANSAS 25/NR 88-71 W,resolved,,,,,,,
KYRAW-01975,kentucky,historical_record_book,1990-1991,1991,1990-12-10,North Carolina,North Carolina,north-carolina,Yes,81,84,L,0,Opponent Home,OPPONENT_HOME,,,,,,,REGULAR_SEASON,,186,Dec. 10 at North Carolina 25/10 81-84 L,resolved,,,,,,,
KYRAW-01976,kentucky,historical_record_book,1990-1991,1991,1990-12-15,Chattanooga,Chattanooga,chattanooga,Yes,86,70,W,0,Kentucky Home,SOURCE_PROGRAM_HOME,Rupp Arena,Rupp Arena,Lexington,KY,,,REGULAR_SEASON,,186,Dec. 15 CHATTANOOGA 18/NR 86-70 W,resolved,,,,,,,
KYRAW-01977,kentucky,historical_record_book,1990-1991,1991,1990-12-18,Indiana,Indiana,indiana,Yes,84,87,L,0,Opponent Home,OPPONENT_HOME,,,,,,,REGULAR_SEASON,,186,Dec. 18 at Indiana 18/6 84-87 L,resolved,,,,,,,
KYRAW-01978,kentucky,historical_record_book,1990-1991,1991,1990-12-21,Western Kentucky,Western Kentucky,western-kentucky,Yes,84,70,W,0,Neutral,NEUTRAL,,,,,,,REGULAR_SEASON,,186,Dec. 21 2 vs. Western Kentucky 18/NR 84-70 W,resolved,,,,,,,
KYRAW-01979,kentucky,historical_record_book,1990-1991,1991,1990-12-27,Eastern Kentucky,Eastern Kentucky,eastern-kentucky,Yes,74,60,W,0,Kentucky Home,SOURCE_PROGRAM_HOME,Rupp Arena,Rupp Arena,Lexington,KY,,,REGULAR_SEASON,,186,Dec. 27 EASTERN KENTUCKY 18/NR 74-60 W,resolved,,,,,,,
KYRAW-01980,kentucky,historical_record_book,1990-1991,1991,1990-12-29,Louisville,Louisville,louisville,Yes,93,85,W,0,Opponent Home,OPPONENT_HOME,,,,,,,REGULAR_SEASON,,186,Dec. 29 at Louisville 18/NR 93-85 W,resolved,,,,,,,
KYRAW-01981,kentucky,historical_record_book,1990-1991,1991,1991-01-02,Georgia,Georgia,georgia,Yes,81,80,W,0,Opponent Home,OPPONENT_HOME,,,,,,,REGULAR_SEASON,,186,Jan. 2 * at Georgia 16/NR 81-80 W,resolved,,,,,,,
KYRAW-01982,kentucky,historical_record_book,1990-1991,1991,1991-01-05,LSU,LSU,lsu,Yes,93,80,W,0,Kentucky Home,SOURCE_PROGRAM_HOME,Rupp Arena,Rupp Arena,Lexington,KY,,,REGULAR_SEASON,,186,Jan. 5 * LSU 16/14 93-80 W,resolved,,,,,,,
KYRAW-01983,kentucky,historical_record_book,1990-1991,1991,1991-01-09,Mississippi State,Mississippi State,mississippi-state,Yes,89,70,W,0,Kentucky Home,SOURCE_PROGRAM_HOME,Rupp Arena,Rupp Arena,Lexington,KY,,,REGULAR_SEASON,,186,Jan. 9 * MISSISSIPPI STATE 11/NR 89-70 W,resolved,,,,,,,
KYRAW-01984,kentucky,historical_record_book,1990-1991,1991,1991-01-12,Tennessee,Tennessee,tennessee,Yes,78,74,W,0,Opponent Home,OPPONENT_HOME,,,,,,,REGULAR_SEASON,,186,Jan. 12 * at Tennessee 11/NR 78-74 W,resolved,,,,,,,
KYRAW-01985,kentucky,historical_record_book,1990-1991,1991,1991-01-16,Ole Miss,Ole Miss,ole-miss,Yes,95,85,W,0,Opponent Home,OPPONENT_HOME,,,,,,,REGULAR_SEASON,,186,Jan. 16 * at Ole Miss 9/NR 95-85 W,resolved,,,,,,,
KYRAW-01986,kentucky,historical_record_book,1990-1991,1991,1991-01-19,Vanderbilt,Vanderbilt,vanderbilt,Yes,58,50,W,0,Kentucky Home,SOURCE_PROGRAM_HOME,Rupp Arena,Rupp Arena,Lexington,KY,,,REGULAR_SEASON,,186,Jan. 19 * VANDERBILT 9/NR 58-50 W,resolved,,,,,,,
KYRAW-01987,kentucky,historical_record_book,1990-1991,1991,1991-01-23,Florida,Florida,florida,Yes,81,65,W,0,Kentucky Home,SOURCE_PROGRAM_HOME,Rupp Arena,Rupp Arena,Lexington,KY,,,REGULAR_SEASON,,186,Jan. 23 * FLORIDA 8/NR 81-65 W,resolved,,,,,,,
KYRAW-01988,kentucky,historical_record_book,1990-1991,1991,1991-01-26,Alabama,Alabama,alabama,Yes,83,88,L,0,Opponent Home,OPPONENT_HOME,,,,,,,REGULAR_SEASON,,186,Jan. 26 * at Alabama 8/NR 83-88 L,resolved,,,,,,,
KYRAW-01989,kentucky,historical_record_book,1990-1991,1991,1991-01-29,Auburn,Auburn,auburn,Yes,89,81,W,0,Opponent Home,OPPONENT_HOME,,,,,,,REGULAR_SEASON,,186,Jan. 29 * at Auburn 10/NR 89-81 W,resolved,,,,,,,
KYRAW-01990,kentucky,historical_record_book,1990-1991,1991,1991-02-03,Georgia,Georgia,georgia,Yes,96,84,W,0,Kentucky Home,SOURCE_PROGRAM_HOME,Rupp Arena,Rupp Arena,Lexington,KY,,,REGULAR_SEASON,,186,Feb. 3 * GEORGIA 10/NR 96-84 W,resolved,,,,,,,
KYRAW-01991,kentucky,historical_record_book,1990-1991,1991,1991-02-05,LSU,LSU,lsu,Yes,88,107,L,0,Opponent Home,OPPONENT_HOME,,,,,,,REGULAR_SEASON,,186,Feb. 5 * at LSU 10/19 88-107 L,resolved,,,,,,,
KYRAW-01992,kentucky,historical_record_book,1990-1991,1991,1991-02-09,Mississippi State,Mississippi State,mississippi-state,Yes,82,83,L,0,Opponent Home,OPPONENT_HOME,,,,,,,REGULAR_SEASON,,186,Feb. 9 * at Mississippi State 10/NR 82-83 L,resolved,,,,,,,
KYRAW-01993,kentucky,historical_record_book,1990-1991,1991,1991-02-13,Tennessee,Tennessee,tennessee,Yes,85,74,W,0,Kentucky Home,SOURCE_PROGRAM_HOME,Rupp Arena,Rupp Arena,Lexington,KY,,,REGULAR_SEASON,,186,Feb. 13 * TENNESSEE 16/NR 85-74 W,resolved,,,,,,,
KYRAW-01994,kentucky,historical_record_book,1990-1991,1991,1991-02-16,Ole Miss,Ole Miss,ole-miss,Yes,89,77,W,0,Kentucky Home,SOURCE_PROGRAM_HOME,Rupp Arena,Rupp Arena,Lexington,KY,,,REGULAR_SEASON,,186,Feb. 16 * OLE MISS 16/NR 89-77 W,resolved,,,,,,,
KYRAW-01995,kentucky,historical_record_book,1990-1991,1991,1991-02-20,Vanderbilt,Vanderbilt,vanderbilt,Yes,87,98,L,0,Opponent Home,OPPONENT_HOME,,,,,,,REGULAR_SEASON,,186,Feb. 20 * at Vanderbilt 12/NR 87-98 L,resolved,,,,,,,
KYRAW-01996,kentucky,historical_record_book,1990-1991,1991,1991-02-23,Florida,Florida,florida,Yes,90,74,W,0,Opponent Home,OPPONENT_HOME,,,,,,,REGULAR_SEASON,,186,Feb. 23 * at Florida 12/NR 90-74 W,resolved,,,,,,,
KYRAW-01997,kentucky,historical_record_book,1990-1991,1991,1991-02-26,Alabama,Alabama,alabama,Yes,79,73,W,0,Kentucky Home,SOURCE_PROGRAM_HOME,Rupp Arena,Rupp Arena,Lexington,KY,,,REGULAR_SEASON,,186,Feb. 26 * ALABAMA 13/24 79-73 W,resolved,,,,,,,
KYRAW-01998,kentucky,historical_record_book,1990-1991,1991,1991-03-02,Auburn,Auburn,auburn,Yes,114,93,W,0,Kentucky Home,SOURCE_PROGRAM_HOME,Rupp Arena,Rupp Arena,Lexington,KY,,,REGULAR_SEASON,,186,Mar. 2 * AUBURN 13/NR 114-93 W,resolved,,,,,,,
KYRAW-01999,kentucky,historical_record_book,1991-1992,1992,1991-11-20,West Virginia,West Virginia,west-virginia,Yes,106,80,W,0,Kentucky Home,SOURCE_PROGRAM_HOME,Rupp Arena,Rupp Arena,Lexington,KY,,,REGULAR_SEASON,,186,Nov. 20 1 WEST VIRGINIA 4/NR 106-80 W,resolved,,,,,,,
KYRAW-02000,kentucky,historical_record_book,1991-1992,1992,1991-11-22,Pittsburgh,Pittsburgh,pittsburgh,Yes,67,85,L,0,Kentucky Home,SOURCE_PROGRAM_HOME,Rupp Arena,Rupp Arena,Lexington,KY,,,REGULAR_SEASON,,186,Nov. 22 1 PITTSBURGH 4/NR 67-85 L,resolved,,,,,,,
KYRAW-02001,kentucky,historical_record_book,1991-1992,1992,1991-12-04,UMass,UMass,umass,No,90,69,W,0,Kentucky Home,SOURCE_PROGRAM_HOME,Rupp Arena,Rupp Arena,Lexington,KY,,,REGULAR_SEASON,,186,Dec. 4 UMASS 14/NR 90-69 W,resolved,,,,,,,
KYRAW-02002,kentucky,historical_record_book,1991-1992,1992,1991-12-07,Indiana,Indiana,indiana,Yes,76,74,W,0,Neutral,NEUTRAL,,,,,,,REGULAR_SEASON,,186,Dec. 7 2 vs. Indiana 14/9 76-74 W,resolved,,,,,,,
KYRAW-02003,kentucky,historical_record_book,1991-1992,1992,1991-12-10,Texas State,Texas State,texas-state,Yes,82,36,W,0,Kentucky Home,SOURCE_PROGRAM_HOME,Rupp Arena,Rupp Arena,Lexington,KY,,,REGULAR_SEASON,,186,Dec. 10 TEXAS STATE 9/NR 82-36 W,resolved,,,,,,,
KYRAW-02004,kentucky,historical_record_book,1991-1992,1992,1991-12-12,Morehead State,Morehead State,morehead-state,Yes,101,84,W,0,Neutral,NEUTRAL,,,,,,,REGULAR_SEASON,,186,Dec. 12 3 vs. Morehead State 9/NR 101-84 W,resolved,,,,,,,
KYRAW-02005,kentucky,historical_record_book,1991-1992,1992,1991-12-14,Arizona State,Arizona State,arizona-state,Yes,94,68,W,0,Kentucky Home,SOURCE_PROGRAM_HOME,Rupp Arena,Rupp Arena,Lexington,KY,,,REGULAR_SEASON,,186,Dec. 14 ARIZONA STATE 9/NR 94-68 W,resolved,,,,,,,
KYRAW-02006,kentucky,historical_record_book,1991-1992,1992,1991-12-21,Georgia Tech,Georgia Tech,georgia-tech,Yes,80,81,L,0,Opponent Home,OPPONENT_HOME,,,,,,,REGULAR_SEASON,,186,Dec. 21 at Georgia Tech 8/13 80-81 L,resolved,,,,,,,
KYRAW-02007,kentucky,historical_record_book,1991-1992,1992,1991-12-23,Ohio,Ohio,ohio,Yes,73,63,W,0,Neutral,NEUTRAL,,,,,,,REGULAR_SEASON,,186,Dec. 23 4 vs. Ohio 17/NR 73-63 W,resolved,,,,,,,
KYRAW-02008,kentucky,historical_record_book,1991-1992,1992,1991-12-28,Louisville,Louisville,louisville,Yes,103,89,W,0,Kentucky Home,SOURCE_PROGRAM_HOME,Rupp Arena,Rupp Arena,Lexington,KY,,,REGULAR_SEASON,,186,Dec. 28 LOUISVILLE 17/21 103-89 W,resolved,,,,,,,
KYRAW-02009,kentucky,historical_record_book,1991-1992,1992,1992-01-02,Notre Dame,Notre Dame,notre-dame,Yes,91,70,W,0,Kentucky Home,SOURCE_PROGRAM_HOME,Rupp Arena,Rupp Arena,Lexington,KY,,,REGULAR_SEASON,,186,Jan. 2 NOTRE DAME 17/NR 91-70 W,resolved,,,,,,,
KYRAW-02010,kentucky,historical_record_book,1991-1992,1992,1992-01-04,South Carolina,South Carolina,south-carolina,Yes,80,63,W,0,Opponent Home,OPPONENT_HOME,,,,,,,REGULAR_SEASON,,186,Jan. 4 * at South Carolina 17/NR 80-63 W,resolved,,,,,,,
KYRAW-02011,kentucky,historical_record_book,1991-1992,1992,1992-01-07,Georgia,Georgia,georgia,Yes,78,66,W,0,Kentucky Home,SOURCE_PROGRAM_HOME,Rupp Arena,Rupp Arena,Lexington,KY,,,REGULAR_SEASON,,186,Jan. 7 * GEORGIA 15/NR 78-66 W,resolved,,,,,,,
KYRAW-02012,kentucky,historical_record_book,1991-1992,1992,1992-01-11,Florida,Florida,florida,Yes,81,60,W,0,Kentucky Home,SOURCE_PROGRAM_HOME,Rupp Arena,Rupp Arena,Lexington,KY,,,REGULAR_SEASON,,186,Jan. 11 * FLORIDA 15/NR 81-60 W,resolved,,,,,,,
KYRAW-02013,kentucky,historical_record_book,1991-1992,1992,1992-01-15,Vanderbilt,Vanderbilt,vanderbilt,Yes,84,71,W,0,Opponent Home,OPPONENT_HOME,,,,,,,REGULAR_SEASON,,186,Jan. 15 * at Vanderbilt 10/NR 84-71 W,resolved,,,,,,,
KYRAW-02014,kentucky,historical_record_book,1991-1992,1992,1992-01-18,Eastern Kentucky,Eastern Kentucky,eastern-kentucky,Yes,85,55,W,0,Kentucky Home,SOURCE_PROGRAM_HOME,Rupp Arena,Rupp Arena,Lexington,KY,,,REGULAR_SEASON,,186,Jan. 18 EASTERN KENTUCKY 10/NR 85-55 W,resolved,,,,,,,
KYRAW-02015,kentucky,historical_record_book,1991-1992,1992,1992-01-21,Tennessee,Tennessee,tennessee,Yes,85,107,L,0,Opponent Home,OPPONENT_HOME,,,,,,,REGULAR_SEASON,,186,Jan. 21 * at Tennessee 8/NR 85-107 L,resolved,,,,,,,
KYRAW-02016,kentucky,historical_record_book,1991-1992,1992,1992-01-25,Arkansas,Arkansas,arkansas,Yes,88,105,L,0,Kentucky Home,SOURCE_PROGRAM_HOME,Rupp Arena,Rupp Arena,Lexington,KY,,,REGULAR_SEASON,,186,Jan. 25 * ARKANSAS 8/9 88-105 L,resolved,,,,,,,
KYRAW-02017,kentucky,historical_record_book,1991-1992,1992,1992-01-29,Ole Miss,Ole Miss,ole-miss,Yes,96,78,W,0,Kentucky Home,SOURCE_PROGRAM_HOME,Rupp Arena,Rupp Arena,Lexington,KY,,,REGULAR_SEASON,,186,Jan. 29 * OLE MISS 14/NR 96-78 W,resolved,,,,,,,
KYRAW-02018,kentucky,historical_record_book,1991-1992,1992,1992-02-02,LSU,LSU,lsu,Yes,53,74,L,0,Opponent Home,OPPONENT_HOME,,,,,,,REGULAR_SEASON,,186,Feb. 2 * at LSU 14/NR 53-74 L,resolved,,,,,,,
KYRAW-02019,kentucky,historical_record_book,1991-1992,1992,1992-02-08,Auburn,Auburn,auburn,Yes,85,67,W,0,Opponent Home,OPPONENT_HOME,,,,,,,REGULAR_SEASON,,186,Feb. 8 * at Auburn 19/NR 85-67 W,resolved,,,,,,,
KYRAW-02020,kentucky,historical_record_book,1991-1992,1992,1992-02-12,Alabama,Alabama,alabama,Yes,107,83,W,0,Kentucky Home,SOURCE_PROGRAM_HOME,Rupp Arena,Rupp Arena,Lexington,KY,,,REGULAR_SEASON,,186,Feb. 12 * ALABAMA 19/16 107-83 W,resolved,,,,,,,
KYRAW-02021,kentucky,historical_record_book,1991-1992,1992,1992-02-15,Western Kentucky,Western Kentucky,western-kentucky,Yes,93,83,W,0,Kentucky Home,SOURCE_PROGRAM_HOME,Rupp Arena,Rupp Arena,Lexington,KY,,,REGULAR_SEASON,,186,Feb. 15 WESTERN KENTUCKY 19/NR 93-83 W,resolved,,,,,,,
KYRAW-02022,kentucky,historical_record_book,1991-1992,1992,1992-02-19,Mississippi State,Mississippi State,mississippi-state,Yes,89,84,W,0,Opponent Home,OPPONENT_HOME,,,,,,,REGULAR_SEASON,,186,Feb. 19 * at Mississippi State 13/NR 89-84 W,resolved,,,,,,,
KYRAW-02023,kentucky,historical_record_book,1991-1992,1992,1992-02-23,Georgia,Georgia,georgia,Yes,84,73,W,0,Opponent Home,OPPONENT_HOME,,,,,,,REGULAR_SEASON,,186,Feb. 23 * at Georgia 13/NR 84-73 W,resolved,,,,,,,
KYRAW-02024,kentucky,historical_record_book,1991-1992,1992,1992-02-26,South Carolina,South Carolina,south-carolina,Yes,74,56,W,0,Kentucky Home,SOURCE_PROGRAM_HOME,Rupp Arena,Rupp Arena,Lexington,KY,,,REGULAR_SEASON,,187,Feb. 26 * SOUTH CAROLINA 11/NR 74-56 W 1,resolved,,,,,,,
KYRAW-02025,kentucky,historical_record_book,1991-1992,1992,1992-03-01,Vanderbilt,Vanderbilt,vanderbilt,Yes,80,56,W,0,Kentucky Home,SOURCE_PROGRAM_HOME,Rupp Arena,Rupp Arena,Lexington,KY,,,REGULAR_SEASON,,187,Mar. 1 * VANDERBILT 11/NR 80-56 W 2,resolved,,,,,,,
KYRAW-02026,kentucky,historical_record_book,1991-1992,1992,1992-03-04,Florida,Florida,florida,Yes,62,79,L,0,Opponent Home,OPPONENT_HOME,,,,,,,REGULAR_SEASON,,187,Mar. 4 * at Florida 10/NR 62-79 L 3,resolved,,,,,,,
KYRAW-02027,kentucky,historical_record_book,1991-1992,1992,1992-03-07,Tennessee,Tennessee,tennessee,Yes,99,88,W,0,Kentucky Home,SOURCE_PROGRAM_HOME,Rupp Arena,Rupp Arena,Lexington,KY,,,REGULAR_SEASON,,187,Mar. 7 * TENNESSEE 10/NR 99-88 W 4,resolved,,,,,,,
KYRAW-02028,kentucky,historical_record_book,1991-1992,1992,1992-03-13,Vanderbilt,Vanderbilt,vanderbilt,Yes,76,57,W,0,Neutral,NEUTRAL,,,,,SEC Tournament,,CONFERENCE_TOURNAMENT,,187,Mar. 13 5 vs. Vanderbilt 9/NR 76-57 W 6,resolved,,,,,,,
KYRAW-02029,kentucky,historical_record_book,1991-1992,1992,1992-03-14,LSU,LSU,lsu,Yes,80,74,W,0,Neutral,NEUTRAL,,,,,SEC Tournament,,CONFERENCE_TOURNAMENT,,187,Mar. 14 5 vs. LSU 9/23 80-74 W,resolved,,,,,,,
KYRAW-02030,kentucky,historical_record_book,1991-1992,1992,1992-03-15,Alabama,Alabama,alabama,Yes,80,54,W,0,Neutral,NEUTRAL,,,,,SEC Tournament,,CONFERENCE_TOURNAMENT,Championship,187,Mar. 15 5 vs. Alabama 9/17 80-54 W,resolved,,,,,,,
KYRAW-02031,kentucky,historical_record_book,1991-1992,1992,1992-03-20,Old Dominion,Old Dominion,old-dominion,Yes,88,69,W,0,Neutral,NEUTRAL,,,,,NCAA Tournament,,NCAA_TOURNAMENT,R64,187,Mar. 20 6 vs. Old Dominion 6/NR 88-69 W,resolved,,,,,,,
KYRAW-02032,kentucky,historical_record_book,1991-1992,1992,1992-03-22,Iowa State,Iowa State,iowa-state,Yes,106,98,W,0,Neutral,NEUTRAL,,,,,NCAA Tournament,,NCAA_TOURNAMENT,R32,187,Mar. 22 6 vs. Iowa State 6/NR 106-98 W,resolved,,,,,,,
KYRAW-02033,kentucky,historical_record_book,1991-1992,1992,1992-03-26,UMass,UMass,umass,No,87,77,W,0,Neutral,NEUTRAL,,,,,NCAA Tournament,,NCAA_TOURNAMENT,Sweet Sixteen,187,Mar. 26 7 vs. UMass 6/17 87-77 W,resolved,,,,,,,
KYRAW-02034,kentucky,historical_record_book,1991-1992,1992,1992-03-28,Duke,Duke,duke,Yes,103,104,L,1,Neutral,NEUTRAL,,,,,NCAA Tournament,,NCAA_TOURNAMENT,Elite Eight,187,Mar. 28 7 vs. Duke 6/1 103-104 L OT,resolved,,,,,,,
KYRAW-02035,kentucky,historical_record_book,1992-1993,1993,1992-12-02,Wright State,Wright State,wright-state,Yes,81,65,W,0,Kentucky Home,SOURCE_PROGRAM_HOME,Rupp Arena,Rupp Arena,Lexington,KY,,,REGULAR_SEASON,,187,Dec. 2 WRIGHT STATE 5/NR 81-65 W,resolved,,,,,,,
KYRAW-02036,kentucky,historical_record_book,1992-1993,1993,1992-12-05,Georgia Tech,Georgia Tech,georgia-tech,Yes,96,87,W,0,Kentucky Home,SOURCE_PROGRAM_HOME,Rupp Arena,Rupp Arena,Lexington,KY,,,REGULAR_SEASON,,187,Dec. 5 GEORGIA TECH 5/13 96-87 W,resolved,,,,,,,
KYRAW-02037,kentucky,historical_record_book,1992-1993,1993,1992-12-08,Eastern Kentucky,Eastern Kentucky,eastern-kentucky,Yes,82,73,W,0,Kentucky Home,SOURCE_PROGRAM_HOME,Rupp Arena,Rupp Arena,Lexington,KY,,,REGULAR_SEASON,,187,Dec. 8 EASTERN KENTUCKY 3/NR 82-73 W,resolved,,,,,,,
KYRAW-02038,kentucky,historical_record_book,1992-1993,1993,1992-12-12,Louisville,Louisville,louisville,Yes,88,68,W,0,Opponent Home,OPPONENT_HOME,,,,,,,REGULAR_SEASON,,187,Dec. 12 at Louisville 3/9 88-68 W,resolved,,,,,,,
KYRAW-02039,kentucky,historical_record_book,1992-1993,1993,1992-12-19,Morehead State,Morehead State,morehead-state,Yes,108,65,W,0,Kentucky Home,SOURCE_PROGRAM_HOME,Rupp Arena,Rupp Arena,Lexington,KY,,,REGULAR_SEASON,,187,Dec. 19 MOREHEAD STATE 3/NR 108-65 W,resolved,,,,,,,
KYRAW-02040,kentucky,historical_record_book,1992-1993,1993,1992-12-22,Miami (Ohio),Miami University,miami-oh,Yes,65,49,W,0,Kentucky Home,SOURCE_PROGRAM_HOME,Rupp Arena,Rupp Arena,Lexington,KY,,,REGULAR_SEASON,,187,Dec. 22 MIAMI (OHIO) 3/NR 65-49 W,resolved,,,,,,,
KYRAW-02041,kentucky,historical_record_book,1992-1993,1993,1992-12-28,Rutgers,Rutgers,rutgers,Yes,89,67,W,0,Neutral,NEUTRAL,,,,,,,REGULAR_SEASON,,187,Dec. 28 1 vs. Rutgers 3/NR 89-67 W,resolved,,,,,,,
KYRAW-02042,kentucky,historical_record_book,1992-1993,1993,1992-12-30,St. John’s,St. John's,st-john-s,Yes,86,77,W,0,Neutral,NEUTRAL,,,,,,,REGULAR_SEASON,,187,Dec. 30 1 vs. St. John’s (finals) 3/NR 86-77 W,resolved,,,,,,,
KYRAW-02043,kentucky,historical_record_book,1992-1993,1993,1993-01-03,Indiana,Indiana,indiana,Yes,81,78,W,0,Neutral,NEUTRAL,,,,,,,REGULAR_SEASON,,187,Jan. 3 2 vs. Indiana 3/4 81-78 W,resolved,,,,,,,
KYRAW-02044,kentucky,historical_record_book,1992-1993,1993,1993-01-05,Georgia,Georgia,georgia,Yes,74,59,W,0,Opponent Home,OPPONENT_HOME,,,,,,,REGULAR_SEASON,,187,Jan. 5 * at Georgia 2/NR 74-59 W,resolved,,,,,,,
KYRAW-02045,kentucky,historical_record_book,1992-1993,1993,1993-01-09,Tennessee,Tennessee,tennessee,Yes,84,70,W,0,Kentucky Home,SOURCE_PROGRAM_HOME,Rupp Arena,Rupp Arena,Lexington,KY,,,REGULAR_SEASON,,187,Jan. 9 * TENNESSEE 2/NR 84-70 W,resolved,,,,,,,
KYRAW-02046,kentucky,historical_record_book,1992-1993,1993,1993-01-13,Vanderbilt,Vanderbilt,vanderbilt,Yes,86,101,L,0,Opponent Home,OPPONENT_HOME,,,,,,,REGULAR_SEASON,,187,Jan. 13 * at Vanderbilt 1/NR 86-101 L,resolved,,,,,,,
KYRAW-02047,kentucky,historical_record_book,1992-1993,1993,1993-01-19,Alabama,Alabama,alabama,Yes,73,59,W,0,Opponent Home,OPPONENT_HOME,,,,,,,REGULAR_SEASON,,187,Jan. 19 * at Alabama 4/NR 73-59 W,resolved,,,,,,,
KYRAW-02048,kentucky,historical_record_book,1992-1993,1993,1993-01-23,South Carolina,South Carolina,south-carolina,Yes,108,82,W,0,Opponent Home,OPPONENT_HOME,,,,,,,REGULAR_SEASON,,187,Jan. 23 * at South Carolina 4/NR 108-82 W,resolved,,,,,,,
KYRAW-02049,kentucky,historical_record_book,1992-1993,1993,1993-01-26,LSU,LSU,lsu,Yes,105,67,W,0,Kentucky Home,SOURCE_PROGRAM_HOME,Rupp Arena,Rupp Arena,Lexington,KY,,,REGULAR_SEASON,,187,Jan. 26 * LSU 4/NR 105-67 W,resolved,,,,,,,
KYRAW-02050,kentucky,historical_record_book,1992-1993,1993,1993-01-30,Florida,Florida,florida,Yes,71,48,W,0,Kentucky Home,SOURCE_PROGRAM_HOME,Rupp Arena,Rupp Arena,Lexington,KY,,,REGULAR_SEASON,,187,Jan. 30 * FLORIDA 4/NR 71-48 W,resolved,,,,,,,
KYRAW-02051,kentucky,historical_record_book,1992-1993,1993,1993-02-03,Mississippi State,Mississippi State,mississippi-state,Yes,87,63,W,0,Kentucky Home,SOURCE_PROGRAM_HOME,Rupp Arena,Rupp Arena,Lexington,KY,,,REGULAR_SEASON,,187,Feb. 3 * MISSISSIPPI STATE 2/NR 87-63 W,resolved,,,,,,,
KYRAW-02052,kentucky,historical_record_book,1992-1993,1993,1993-02-06,Vanderbilt,Vanderbilt,vanderbilt,Yes,82,67,W,0,Kentucky Home,SOURCE_PROGRAM_HOME,Rupp Arena,Rupp Arena,Lexington,KY,,,REGULAR_SEASON,,187,Feb. 6 * VANDERBILT 2/11 82-67 W,resolved,,,,,,,
KYRAW-02053,kentucky,historical_record_book,1992-1993,1993,1993-02-10,Arkansas,Arkansas,arkansas,Yes,94,101,L,0,Opponent Home,OPPONENT_HOME,,,,,,,REGULAR_SEASON,,187,Feb. 10 * at Arkansas 2/14 94-101 L,resolved,,,,,,,
KYRAW-02054,kentucky,historical_record_book,1992-1993,1993,1993-02-13,Notre Dame,Notre Dame,notre-dame,Yes,81,62,W,0,Opponent Home,OPPONENT_HOME,,,,,,,REGULAR_SEASON,,187,Feb. 13 at Notre Dame 2/NR 81-62 W,resolved,,,,,,,
KYRAW-02055,kentucky,historical_record_book,1992-1993,1993,1993-02-17,South Carolina,South Carolina,south-carolina,Yes,87,66,W,0,Kentucky Home,SOURCE_PROGRAM_HOME,Rupp Arena,Rupp Arena,Lexington,KY,,,REGULAR_SEASON,,187,Feb. 17 * SOUTH CAROLINA 2/NR 87-66 W,resolved,,,,,,,
KYRAW-02056,kentucky,historical_record_book,1992-1993,1993,1993-02-20,Georgia,Georgia,georgia,Yes,86,70,W,0,Kentucky Home,SOURCE_PROGRAM_HOME,Rupp Arena,Rupp Arena,Lexington,KY,,,REGULAR_SEASON,,187,Feb. 20 * GEORGIA 2/NR 86-70 W,resolved,,,,,,,
KYRAW-02057,kentucky,historical_record_book,1992-1993,1993,1993-02-24,Tennessee,Tennessee,tennessee,Yes,77,78,L,0,Opponent Home,OPPONENT_HOME,,,,,,,REGULAR_SEASON,,187,Feb. 24 * at Tennessee 2/NR 77-78 L 1,resolved,,,,,,,
KYRAW-02058,kentucky,historical_record_book,1992-1993,1993,1993-02-27,Auburn,Auburn,auburn,Yes,80,78,W,0,Kentucky Home,SOURCE_PROGRAM_HOME,Rupp Arena,Rupp Arena,Lexington,KY,,,REGULAR_SEASON,,187,Feb. 27 * AUBURN 2/NR 80-78 W 2,resolved,,,,,,,
KYRAW-02059,kentucky,historical_record_book,1992-1993,1993,1993-03-03,Ole Miss,Ole Miss,ole-miss,Yes,98,66,W,0,Opponent Home,OPPONENT_HOME,,,,,,,REGULAR_SEASON,,187,Mar. 3 * at Ole Miss 5/NR 98-66 W 3,resolved,,,,,,,
KYRAW-02060,kentucky,historical_record_book,1992-1993,1993,1993-03-07,Florida,Florida,florida,Yes,85,77,W,0,Opponent Home,OPPONENT_HOME,,,,,,,REGULAR_SEASON,,187,Mar. 7 * at Florida 5/NR 85-77 W 4,resolved,,,,,,,
KYRAW-02061,kentucky,historical_record_book,1992-1993,1993,1993-03-12,Tennessee,Tennessee,tennessee,Yes,101,40,W,0,Kentucky Home,SOURCE_PROGRAM_HOME,Rupp Arena,Rupp Arena,Lexington,KY,SEC Tournament,,CONFERENCE_TOURNAMENT,,187,Mar. 12 3 TENNESSEE 4/NR 101-40 W 6,resolved,,,,,,,
KYRAW-02062,kentucky,historical_record_book,1992-1993,1993,1993-03-13,Arkansas,Arkansas,arkansas,Yes,92,81,W,0,Kentucky Home,SOURCE_PROGRAM_HOME,Rupp Arena,Rupp Arena,Lexington,KY,SEC Tournament,,CONFERENCE_TOURNAMENT,,187,Mar. 13 3 ARKANSAS 4/14 92-81 W,resolved,,,,,,,
KYRAW-02063,kentucky,historical_record_book,1992-1993,1993,1993-03-14,LSU,LSU,lsu,Yes,82,65,W,0,Kentucky Home,SOURCE_PROGRAM_HOME,Rupp Arena,Rupp Arena,Lexington,KY,SEC Tournament,,CONFERENCE_TOURNAMENT,Championship,187,Mar. 14 3 LSU 4/NR 82-65 W,resolved,,,,,,,
KYRAW-02064,kentucky,historical_record_book,1992-1993,1993,1993-03-19,Rider,Rider,rider,Yes,96,52,W,0,Kentucky Home,SOURCE_PROGRAM_HOME,Rupp Arena,Rupp Arena,Lexington,KY,NCAA Tournament,,NCAA_TOURNAMENT,R64,187,Mar. 19 4 Rider 2/NR 96-52 W,resolved,,,,,,,
KYRAW-02065,kentucky,historical_record_book,1992-1993,1993,1993-03-21,Utah,Utah,utah,Yes,83,62,W,0,Kentucky Home,SOURCE_PROGRAM_HOME,Rupp Arena,Rupp Arena,Lexington,KY,NCAA Tournament,,NCAA_TOURNAMENT,R32,187,Mar. 21 4 Utah 2/19 83-62 W,resolved,,,,,,,
KYRAW-02066,kentucky,historical_record_book,1992-1993,1993,1993-03-25,Wake Forest,Wake Forest,wake-forest,Yes,103,69,W,0,Kentucky Home,SOURCE_PROGRAM_HOME,Rupp Arena,Rupp Arena,Lexington,KY,NCAA Tournament,,NCAA_TOURNAMENT,Sweet Sixteen,187,Mar. 25 5 Wake Forest 2/16 103-69 W,resolved,,,,,,,
KYRAW-02067,kentucky,historical_record_book,1992-1993,1993,1993-03-27,Florida State,Florida State,florida-state,Yes,106,81,W,0,Kentucky Home,SOURCE_PROGRAM_HOME,Rupp Arena,Rupp Arena,Lexington,KY,NCAA Tournament,,NCAA_TOURNAMENT,Elite Eight,187,Mar. 27 5 Florida State 2/11 106-81 W,resolved,,,,,,,
KYRAW-02068,kentucky,historical_record_book,1992-1993,1993,1993-04-03,Michigan,Michigan,michigan,Yes,78,81,L,1,Kentucky Home,SOURCE_PROGRAM_HOME,Rupp Arena,Rupp Arena,Lexington,KY,NCAA Tournament,,NCAA_TOURNAMENT,Final Four,187,A.3 6 Michigan 2/3 78-81 L OT,resolved,,,,,,,
KYRAW-02069,kentucky,historical_record_book,1993-1994,1994,1993-11-27,Louisville,Louisville,louisville,Yes,78,70,W,0,Kentucky Home,SOURCE_PROGRAM_HOME,Rupp Arena,Rupp Arena,Lexington,KY,,,REGULAR_SEASON,,187,Nov. 27 LOUISVILLE 2/7 78-70 W,resolved,,,,,,,
KYRAW-02070,kentucky,historical_record_book,1993-1994,1994,1993-12-01,Tennessee Tech,Tennessee Tech,tennessee-tech,Yes,115,77,W,0,Kentucky Home,SOURCE_PROGRAM_HOME,Rupp Arena,Rupp Arena,Lexington,KY,,,REGULAR_SEASON,,187,Dec. 1 TENNESSEE TECH 1/NR 115-77 W,resolved,,,,,,,
KYRAW-02071,kentucky,historical_record_book,1993-1994,1994,1993-12-04,Indiana,Indiana,indiana,Yes,84,96,L,0,Neutral,NEUTRAL,,,,,,,REGULAR_SEASON,,187,Dec. 4 1 vs. Indiana 1/21 84-96 L,resolved,,,,,,,
KYRAW-02072,kentucky,historical_record_book,1993-1994,1994,1993-12-08,Eastern Kentucky,Eastern Kentucky,eastern-kentucky,Yes,107,78,W,0,Kentucky Home,SOURCE_PROGRAM_HOME,Rupp Arena,Rupp Arena,Lexington,KY,,,REGULAR_SEASON,,187,Dec. 8 EASTERN KENTUCKY 6/NR 107-78 W,resolved,,,,,,,
KYRAW-02073,kentucky,historical_record_book,1993-1994,1994,1993-12-17,Morehead State,Morehead State,morehead-state,Yes,97,61,W,0,Kentucky Home,SOURCE_PROGRAM_HOME,Rupp Arena,Rupp Arena,Lexington,KY,,,REGULAR_SEASON,,187,Dec. 17 MOREHEAD STATE 5/NR 97-61 W,resolved,,,,,,,
KYRAW-02074,kentucky,historical_record_book,1993-1994,1994,1993-12-21,Texas,Texas,texas,Yes,86,61,W,0,Neutral,NEUTRAL,,,,,,,REGULAR_SEASON,,187,Dec. 21 2 vs. Texas 5/NR 86-61 W,resolved,,,,,,,
KYRAW-02075,kentucky,historical_record_book,1993-1994,1994,1993-12-22,Ohio State,Ohio State,ohio-state,Yes,100,88,W,0,Neutral,NEUTRAL,,,,,,,REGULAR_SEASON,,187,Dec. 22 2 vs. Ohio State 5/NR 100-88 W,resolved,,,,,,,
KYRAW-02076,kentucky,historical_record_book,1993-1994,1994,1993-12-23,Arizona,Arizona,arizona,Yes,93,92,W,0,Neutral,NEUTRAL,,,,,,,REGULAR_SEASON,,187,Dec. 23 2 vs. Arizona 5/13 93-92 W,resolved,,,,,,,
KYRAW-02077,kentucky,historical_record_book,1993-1994,1994,1993-12-28,San Francisco,San Francisco,san-francisco,Yes,110,83,W,0,Kentucky Home,SOURCE_PROGRAM_HOME,Rupp Arena,Rupp Arena,Lexington,KY,,,REGULAR_SEASON,,187,Dec. 28 SAN FRANCISCO 5/NR 110-83 W,resolved,,,,,,,
KYRAW-02078,kentucky,historical_record_book,1993-1994,1994,1993-12-30,Robert Morris,Robert Morris,robert-morris,Yes,92,67,W,0,Kentucky Home,SOURCE_PROGRAM_HOME,Rupp Arena,Rupp Arena,Lexington,KY,,,REGULAR_SEASON,,187,Dec. 30 ROBERT MORRIS 5/NR 92-67 W,resolved,,,,,,,
KYRAW-02079,kentucky,historical_record_book,1993-1994,1994,1994-01-04,Vanderbilt,Vanderbilt,vanderbilt,Yes,107,82,W,0,Kentucky Home,SOURCE_PROGRAM_HOME,Rupp Arena,Rupp Arena,Lexington,KY,,,REGULAR_SEASON,,187,Jan. 4 * VANDERBILT 4/22 107-82 W,resolved,,,,,,,
KYRAW-02080,kentucky,historical_record_book,1993-1994,1994,1994-01-06,Notre Dame,Notre Dame,notre-dame,Yes,84,59,W,0,Kentucky Home,SOURCE_PROGRAM_HOME,Rupp Arena,Rupp Arena,Lexington,KY,,,REGULAR_SEASON,,187,Jan. 6 NOTRE DAME 4/NR 84-59 W,resolved,,,,,,,
KYRAW-02081,kentucky,historical_record_book,1993-1994,1994,1994-01-08,Georgia,Georgia,georgia,Yes,90,94,L,1,Opponent Home,OPPONENT_HOME,,,,,,,REGULAR_SEASON,,187,Jan. 8 * at Georgia 4/NR 90-94 L OT,resolved,,,,,,,
KYRAW-02082,kentucky,historical_record_book,1993-1994,1994,1994-01-12,Ole Miss,Ole Miss,ole-miss,Yes,98,64,W,0,Kentucky Home,SOURCE_PROGRAM_HOME,Rupp Arena,Rupp Arena,Lexington,KY,,,REGULAR_SEASON,,187,Jan. 12 3* Ole Miss 8/NR 98-64 W,resolved,,,,,,,
KYRAW-02083,kentucky,historical_record_book,1993-1994,1994,1994-01-15,Tennessee,Tennessee,tennessee,Yes,93,74,W,0,Kentucky Home,SOURCE_PROGRAM_HOME,Rupp Arena,Rupp Arena,Lexington,KY,,,REGULAR_SEASON,,187,Jan. 15 * TENNESSEE 8/NR 93-74 W,resolved,,,,,,,
KYRAW-02084,kentucky,historical_record_book,1993-1994,1994,1994-01-18,Florida,Florida,florida,Yes,57,59,L,0,Opponent Home,OPPONENT_HOME,,,,,,,REGULAR_SEASON,,187,Jan. 18 * at Florida 7/NR 57-59 L,resolved,,,,,,,
KYRAW-02085,kentucky,historical_record_book,1993-1994,1994,1994-01-22,Mississippi State,Mississippi State,mississippi-state,Yes,86,70,W,0,Opponent Home,OPPONENT_HOME,,,,,,,REGULAR_SEASON,,187,Jan. 22 * at Mississippi State 7/NR 86-70 W,resolved,,,,,,,
KYRAW-02086,kentucky,historical_record_book,1993-1994,1994,1994-01-26,South Carolina,South Carolina,south-carolina,Yes,79,67,W,0,Kentucky Home,SOURCE_PROGRAM_HOME,Rupp Arena,Rupp Arena,Lexington,KY,,,REGULAR_SEASON,,187,Jan. 26 * SOUTH CAROLINA 9/NR 79-67 W,resolved,,,,,,,
KYRAW-02087,kentucky,historical_record_book,1993-1994,1994,1994-01-30,Auburn,Auburn,auburn,Yes,91,74,W,0,Opponent Home,OPPONENT_HOME,,,,,,,REGULAR_SEASON,,187,Jan. 30 * at Auburn 9/NR 91-74 W,resolved,,,,,,,
KYRAW-02088,kentucky,historical_record_book,1993-1994,1994,1994-02-02,Alabama,Alabama,alabama,Yes,82,67,W,0,Kentucky Home,SOURCE_PROGRAM_HOME,Rupp Arena,Rupp Arena,Lexington,KY,,,REGULAR_SEASON,,187,Feb. 2 * ALABAMA 7/NR 82-67 W,resolved,,,,,,,
KYRAW-02089,kentucky,historical_record_book,1993-1994,1994,1994-02-06,UMass,UMass,umass,No,67,64,W,0,Neutral,NEUTRAL,,,,,,,REGULAR_SEASON,,187,Feb. 6 4 vs. UMass 7/11 67-64 W,resolved,,,,,,,
KYRAW-02090,kentucky,historical_record_book,1993-1994,1994,1994-02-09,Arkansas,Arkansas,arkansas,Yes,82,90,L,0,Kentucky Home,SOURCE_PROGRAM_HOME,Rupp Arena,Rupp Arena,Lexington,KY,,,REGULAR_SEASON,,187,Feb. 9 * ARKANSAS 4/3 82-90 L,resolved,,,,,,,
KYRAW-02091,kentucky,historical_record_book,1993-1994,1994,1994-02-12,Syracuse,Syracuse,syracuse,Yes,85,93,L,0,Opponent Home,OPPONENT_HOME,,,,,,,REGULAR_SEASON,,187,Feb. 12 at Syracuse 4/14 85-93 L,resolved,,,,,,,
KYRAW-02092,kentucky,historical_record_book,1993-1994,1994,1994-02-15,LSU,LSU,lsu,Yes,99,95,W,0,Opponent Home,OPPONENT_HOME,,,,,,,REGULAR_SEASON,,187,Feb. 15 * at LSU 11/NR 99-95 W,resolved,,,,,,,
KYRAW-02093,kentucky,historical_record_book,1993-1994,1994,1994-02-19,Vanderbilt,Vanderbilt,vanderbilt,Yes,77,69,W,0,Opponent Home,OPPONENT_HOME,,,,,,,REGULAR_SEASON,,187,Feb. 19 * at Vanderbilt 11/NR 77-69 W,resolved,,,,,,,
KYRAW-02094,kentucky,historical_record_book,1993-1994,1994,1994-02-23,Tennessee,Tennessee,tennessee,Yes,77,73,W,0,Opponent Home,OPPONENT_HOME,,,,,,,REGULAR_SEASON,,187,Feb. 23 * at Tennessee 7/NR 77-73 W,resolved,,,,,,,
KYRAW-02095,kentucky,historical_record_book,1993-1994,1994,1994-02-27,Georgia,Georgia,georgia,Yes,80,59,W,0,Kentucky Home,SOURCE_PROGRAM_HOME,Rupp Arena,Rupp Arena,Lexington,KY,,,REGULAR_SEASON,,187,Feb. 27 * GEORGIA 7/NR 80-59 W,resolved,,,,,,,
KYRAW-02096,kentucky,historical_record_book,1993-1994,1994,1994-03-02,Florida,Florida,florida,Yes,80,77,W,0,Kentucky Home,SOURCE_PROGRAM_HOME,Rupp Arena,Rupp Arena,Lexington,KY,,,REGULAR_SEASON,,187,Mar. 2 * FLORIDA 7/19 80-77 W,resolved,,,,,,,
KYRAW-02097,kentucky,historical_record_book,1993-1994,1994,1994-03-05,South Carolina,South Carolina,south-carolina,Yes,74,75,L,0,Opponent Home,OPPONENT_HOME,,,,,,,REGULAR_SEASON,,187,Mar. 5 * at South Carolina 7/NR 74-75 L,resolved,,,,,,,
KYRAW-02098,kentucky,historical_record_book,1993-1994,1994,1994-03-11,Mississippi State,Mississippi State,mississippi-state,Yes,95,76,W,0,Neutral,NEUTRAL,,,,,SEC Tournament,,CONFERENCE_TOURNAMENT,,187,Mar. 11 5 vs. Mississippi State 10/NR 95-76 W,resolved,,,,,,,
KYRAW-02099,kentucky,historical_record_book,1993-1994,1994,1994-03-12,Arkansas,Arkansas,arkansas,Yes,90,78,W,0,Neutral,NEUTRAL,,,,,SEC Tournament,,CONFERENCE_TOURNAMENT,,187,Mar. 12 5 vs. Arkansas 10/1 90-78 W,resolved,,,,,,,
KYRAW-02100,kentucky,historical_record_book,1993-1994,1994,1994-03-13,Florida,Florida,florida,Yes,73,60,W,0,Neutral,NEUTRAL,,,,,SEC Tournament,,CONFERENCE_TOURNAMENT,Championship,187,Mar. 13 5 vs. Florida 10/17 73-60 W,resolved,,,,,,,
KYRAW-02101,kentucky,historical_record_book,1993-1994,1994,1994-03-18,Tennessee State,Tennessee State,tennessee-state,Yes,83,70,W,0,Neutral,NEUTRAL,,,,,NCAA Tournament,,NCAA_TOURNAMENT,R64,187,Mar. 18 6 vs. Tennessee State 7/NR 83-70 W,resolved,,,,,,,
KYRAW-02102,kentucky,historical_record_book,1993-1994,1994,1994-03-20,Marquette,Marquette,marquette,Yes,63,75,L,0,Neutral,NEUTRAL,,,,,NCAA Tournament,,NCAA_TOURNAMENT,R32,187,Mar. 20 6 vs. Marquette 7/21 63-75 L,resolved,,,,,,,
KYRAW-02103,kentucky,historical_record_book,1994-1995,1995,1994-11-26,UT Martin,UT Martin,ut-martin,Yes,124,50,W,0,Kentucky Home,SOURCE_PROGRAM_HOME,Rupp Arena,Rupp Arena,Lexington,KY,,,REGULAR_SEASON,,188,Nov. 26 UT MARTIN 4/NR 124-50 W,resolved,,,,,,,
KYRAW-02104,kentucky,historical_record_book,1994-1995,1995,1994-11-30,Ohio,Ohio,ohio,Yes,79,74,W,0,Kentucky Home,SOURCE_PROGRAM_HOME,Rupp Arena,Rupp Arena,Lexington,KY,,,REGULAR_SEASON,,188,Nov. 30 OHIO 3/14 79-74 W,resolved,,,,,,,
KYRAW-02105,kentucky,historical_record_book,1994-1995,1995,1994-12-03,UCLA,UCLA,ucla,Yes,81,82,L,0,Neutral,NEUTRAL,,,,,,,REGULAR_SEASON,,188,Dec. 3 1 vs. UCLA 3/5 81-82 L,resolved,,,,,,,
KYRAW-02106,kentucky,historical_record_book,1994-1995,1995,1994-12-07,Indiana,Indiana,indiana,Yes,73,70,W,0,Neutral,NEUTRAL,,,,,,,REGULAR_SEASON,,188,Dec. 7 2 vs. Indiana 7/NR 73-70 W,resolved,,,,,,,
KYRAW-02107,kentucky,historical_record_book,1994-1995,1995,1994-12-10,Boston University,Boston University,boston-university,Yes,90,49,W,0,Kentucky Home,SOURCE_PROGRAM_HOME,Rupp Arena,Rupp Arena,Lexington,KY,,,REGULAR_SEASON,,188,Dec. 10 BOSTON U. 7/NR 90-49 W,resolved,,,,,,,
KYRAW-02108,kentucky,historical_record_book,1994-1995,1995,1994-12-17,Texas Tech,Texas Tech,texas-tech,Yes,83,68,W,0,Neutral,NEUTRAL,,,,,,,REGULAR_SEASON,,188,Dec. 17 3 vs. Texas Tech 6/NR 83-68 W,resolved,,,,,,,
KYRAW-02109,kentucky,historical_record_book,1994-1995,1995,1994-12-27,Marshall,Marshall,marshall,Yes,116,75,W,0,Kentucky Home,SOURCE_PROGRAM_HOME,Rupp Arena,Rupp Arena,Lexington,KY,,,REGULAR_SEASON,,188,Dec. 27 MARSHALL 5/NR 116-75 W,resolved,,,,,,,
KYRAW-02110,kentucky,historical_record_book,1994-1995,1995,1995-01-01,Louisville,Louisville,louisville,Yes,86,88,L,0,Opponent Home,OPPONENT_HOME,,,,,,,REGULAR_SEASON,,188,Jan. 1 at Louisville 5/NR 86-88 L,resolved,,,,,,,
KYRAW-02111,kentucky,historical_record_book,1994-1995,1995,1995-01-04,Auburn,Auburn,auburn,Yes,98,64,W,0,Kentucky Home,SOURCE_PROGRAM_HOME,Rupp Arena,Rupp Arena,Lexington,KY,,,REGULAR_SEASON,,188,Jan. 4 * AUBURN 8/NR 98-64 W,resolved,,,,,,,
KYRAW-02112,kentucky,historical_record_book,1994-1995,1995,1995-01-07,South Carolina,South Carolina,south-carolina,Yes,80,55,W,0,Opponent Home,OPPONENT_HOME,,,,,,,REGULAR_SEASON,,188,Jan. 7 * at South Carolina 8/NR 80-55 W,resolved,,,,,,,
KYRAW-02113,kentucky,historical_record_book,1994-1995,1995,1995-01-10,Florida,Florida,florida,Yes,83,67,W,0,Opponent Home,OPPONENT_HOME,,,,,,,REGULAR_SEASON,,188,Jan. 10 * at Florida 7/15 83-67 W,resolved,,,,,,,
KYRAW-02114,kentucky,historical_record_book,1994-1995,1995,1995-01-14,Georgia,Georgia,georgia,Yes,83,71,W,0,Kentucky Home,SOURCE_PROGRAM_HOME,Rupp Arena,Rupp Arena,Lexington,KY,,,REGULAR_SEASON,,188,Jan. 14 * GEORGIA 7/NR 83-71 W,resolved,,,,,,,
KYRAW-02115,kentucky,historical_record_book,1994-1995,1995,1995-01-18,Ole Miss,Ole Miss,ole-miss,Yes,82,65,W,0,Neutral,NEUTRAL,,,,,,,REGULAR_SEASON,,188,Jan. 18 4* vs. Ole Miss 5/NR 82-65 W,resolved,,,,,,,
KYRAW-02116,kentucky,historical_record_book,1994-1995,1995,1995-01-21,Vanderbilt,Vanderbilt,vanderbilt,Yes,81,68,W,0,Kentucky Home,SOURCE_PROGRAM_HOME,Rupp Arena,Rupp Arena,Lexington,KY,,,REGULAR_SEASON,,188,Jan. 21 * VANDERBILT 5/NR 81-68 W,resolved,,,,,,,
KYRAW-02117,kentucky,historical_record_book,1994-1995,1995,1995-01-25,Tennessee,Tennessee,tennessee,Yes,69,50,W,0,Kentucky Home,SOURCE_PROGRAM_HOME,Rupp Arena,Rupp Arena,Lexington,KY,,,REGULAR_SEASON,,188,Jan. 25 * TENNESSEE 5/NR 69-50 W,resolved,,,,,,,
KYRAW-02118,kentucky,historical_record_book,1994-1995,1995,1995-01-29,Arkansas,Arkansas,arkansas,Yes,92,94,L,0,Opponent Home,OPPONENT_HOME,,,,,,,REGULAR_SEASON,,188,Jan. 29 * at Arkansas 5/9 92-94 L,resolved,,,,,,,
KYRAW-02119,kentucky,historical_record_book,1994-1995,1995,1995-02-01,South Carolina,South Carolina,south-carolina,Yes,90,72,W,0,Kentucky Home,SOURCE_PROGRAM_HOME,Rupp Arena,Rupp Arena,Lexington,KY,,,REGULAR_SEASON,,188,Feb. 1 * SOUTH CAROLINA 6/NR 90-72 W,resolved,,,,,,,
KYRAW-02120,kentucky,historical_record_book,1994-1995,1995,1995-02-05,Syracuse,Syracuse,syracuse,Yes,77,71,W,0,Kentucky Home,SOURCE_PROGRAM_HOME,Rupp Arena,Rupp Arena,Lexington,KY,,,REGULAR_SEASON,,188,Feb. 5 SYRACUSE 6/10 77-71 W,resolved,,,,,,,
KYRAW-02121,kentucky,historical_record_book,1994-1995,1995,1995-02-08,Tennessee,Tennessee,tennessee,Yes,68,48,W,0,Opponent Home,OPPONENT_HOME,,,,,,,REGULAR_SEASON,,188,Feb. 8 * at Tennessee 5/NR 68-48 W,resolved,,,,,,,
KYRAW-02122,kentucky,historical_record_book,1994-1995,1995,1995-02-12,Notre Dame,Notre Dame,notre-dame,Yes,97,58,W,0,Opponent Home,OPPONENT_HOME,,,,,,,REGULAR_SEASON,,188,Feb. 12 at Notre Dame 5/NR 97-58 W,resolved,,,,,,,
KYRAW-02123,kentucky,historical_record_book,1994-1995,1995,1995-02-14,Mississippi State,Mississippi State,mississippi-state,Yes,71,76,L,0,Kentucky Home,SOURCE_PROGRAM_HOME,Rupp Arena,Rupp Arena,Lexington,KY,,,REGULAR_SEASON,,188,Feb. 14 * MISSISSIPPI STATE 4/23 71-76 L,resolved,,,,,,,
KYRAW-02124,kentucky,historical_record_book,1994-1995,1995,1995-02-18,Florida,Florida,florida,Yes,87,77,W,0,Kentucky Home,SOURCE_PROGRAM_HOME,Rupp Arena,Rupp Arena,Lexington,KY,,,REGULAR_SEASON,,188,Feb. 18 * FLORIDA 4/NR 87-77 W,resolved,,,,,,,
KYRAW-02125,kentucky,historical_record_book,1994-1995,1995,1995-02-21,Alabama,Alabama,alabama,Yes,72,52,W,0,Opponent Home,OPPONENT_HOME,,,,,,,REGULAR_SEASON,,188,Feb. 21 * at Alabama 6/20 72-52 W,resolved,,,,,,,
KYRAW-02126,kentucky,historical_record_book,1994-1995,1995,1995-02-25,Vanderbilt,Vanderbilt,vanderbilt,Yes,71,60,W,0,Opponent Home,OPPONENT_HOME,,,,,,,REGULAR_SEASON,,188,Feb. 25 * at Vanderbilt 6/NR 71-60 W,resolved,,,,,,,
KYRAW-02127,kentucky,historical_record_book,1994-1995,1995,1995-03-01,Georgia,Georgia,georgia,Yes,97,74,W,0,Opponent Home,OPPONENT_HOME,,,,,,,REGULAR_SEASON,,188,Mar. 1 * at Georgia 5/NR 97-74 W,resolved,,,,,,,
KYRAW-02128,kentucky,historical_record_book,1994-1995,1995,1995-03-04,LSU,LSU,lsu,Yes,127,80,W,0,Kentucky Home,SOURCE_PROGRAM_HOME,Rupp Arena,Rupp Arena,Lexington,KY,,,REGULAR_SEASON,,188,Mar. 4 * LSU 5/NR 127-80 W,resolved,,,,,,,
KYRAW-02129,kentucky,historical_record_book,1994-1995,1995,1995-03-10,Auburn,Auburn,auburn,Yes,93,81,W,0,Neutral,NEUTRAL,,,,,SEC Tournament,,CONFERENCE_TOURNAMENT,,188,Mar. 10 5 vs. Auburn 3/NR 93-81 W,resolved,,,,,,,
KYRAW-02130,kentucky,historical_record_book,1994-1995,1995,1995-03-11,Florida,Florida,florida,Yes,86,72,W,0,Neutral,NEUTRAL,,,,,SEC Tournament,,CONFERENCE_TOURNAMENT,,188,Mar. 11 5 vs. Florida 3/NR 86-72 W,resolved,,,,,,,
KYRAW-02131,kentucky,historical_record_book,1994-1995,1995,1995-03-12,Arkansas,Arkansas,arkansas,Yes,95,93,W,1,Neutral,NEUTRAL,,,,,SEC Tournament,,CONFERENCE_TOURNAMENT,Championship,188,Mar. 12 5 vs. Arkansas 3/5 95-93 W OT,resolved,,,,,,,
KYRAW-02132,kentucky,historical_record_book,1994-1995,1995,1995-03-16,Mount St. Mary’s,Mount St. Mary's,mount-st-mary-s,Yes,113,67,W,0,Neutral,NEUTRAL,,,,,NCAA Tournament,,NCAA_TOURNAMENT,R64,188,Mar. 16 6 vs. Mount St. Mary’s 2/NR 113-67 W,resolved,,,,,,,
KYRAW-02133,kentucky,historical_record_book,1994-1995,1995,1995-03-18,Tulane,Tulane,tulane,Yes,82,60,W,0,Neutral,NEUTRAL,,,,,NCAA Tournament,,NCAA_TOURNAMENT,R32,188,Mar. 18 6 vs. Tulane 2/NR 82-60 W,resolved,,,,,,,
KYRAW-02134,kentucky,historical_record_book,1994-1995,1995,1995-03-23,Arizona State,Arizona State,arizona-state,Yes,97,73,W,0,Neutral,NEUTRAL,,,,,NCAA Tournament,,NCAA_TOURNAMENT,Sweet Sixteen,188,Mar. 23 7 vs. Arizona State 2/16 97-73 W,resolved,,,,,,,
KYRAW-02135,kentucky,historical_record_book,1994-1995,1995,1995-03-25,North Carolina,North Carolina,north-carolina,Yes,61,74,L,0,Neutral,NEUTRAL,,,,,NCAA Tournament,,NCAA_TOURNAMENT,Elite Eight,188,Mar. 25 7 vs. North Carolina 2/4 61-74 L,resolved,,,,,,,
KYRAW-02136,kentucky,historical_record_book,1995-1996,1996,1995-11-24,Maryland,Maryland,maryland,Yes,96,84,W,0,Neutral,NEUTRAL,,,,,,,REGULAR_SEASON,,188,Nov. 24 1 vs. Maryland 1/14 96-84 W,resolved,,,,,,,
KYRAW-02137,kentucky,historical_record_book,1995-1996,1996,1995-11-28,UMass,UMass,umass,No,82,92,L,0,Neutral,NEUTRAL,,,,,,,REGULAR_SEASON,,188,Nov. 28 2 vs. UMass 1/5 82-92 L,resolved,,,,,,,
KYRAW-02138,kentucky,historical_record_book,1995-1996,1996,1995-12-02,Indiana,Indiana,indiana,Yes,89,82,W,0,Neutral,NEUTRAL,,,,,,,REGULAR_SEASON,,188,Dec. 2 3 vs. Indiana 1/NR 89-82 W,resolved,,,,,,,
KYRAW-02139,kentucky,historical_record_book,1995-1996,1996,1995-12-06,Wisconsin-Green Bay,Green Bay,green-bay,Yes,74,62,W,0,Kentucky Home,SOURCE_PROGRAM_HOME,Rupp Arena,Rupp Arena,Lexington,KY,,,REGULAR_SEASON,,188,Dec. 6 WISCONSIN-GREEN BAY 5/NR 74-62 W,resolved,,,,,,,
KYRAW-02140,kentucky,historical_record_book,1995-1996,1996,1995-12-09,Georgia Tech,Georgia Tech,georgia-tech,Yes,83,60,W,0,Kentucky Home,SOURCE_PROGRAM_HOME,Rupp Arena,Rupp Arena,Lexington,KY,,,REGULAR_SEASON,,188,Dec. 9 GEORGIA TECH 5/16 83-60 W,resolved,,,,,,,
KYRAW-02141,kentucky,historical_record_book,1995-1996,1996,1995-12-16,Morehead State,Morehead State,morehead-state,Yes,96,32,W,0,Kentucky Home,SOURCE_PROGRAM_HOME,Rupp Arena,Rupp Arena,Lexington,KY,,,REGULAR_SEASON,,188,Dec. 16 MOREHEAD STATE 5/NR 96-32 W,resolved,,,,,,,
KYRAW-02142,kentucky,historical_record_book,1995-1996,1996,1995-12-19,Marshall,Marshall,marshall,Yes,118,99,W,0,Neutral,NEUTRAL,,,,,,,REGULAR_SEASON,,188,Dec. 19 4 vs. Marshall 4/NR 118-99 W,resolved,,,,,,,
KYRAW-02143,kentucky,historical_record_book,1995-1996,1996,1995-12-23,Louisville,Louisville,louisville,Yes,89,66,W,0,Kentucky Home,SOURCE_PROGRAM_HOME,Rupp Arena,Rupp Arena,Lexington,KY,,,REGULAR_SEASON,,188,Dec. 23 LOUISVILLE 4/25 89-66 W,resolved,,,,,,,
KYRAW-02144,kentucky,historical_record_book,1995-1996,1996,1995-12-27,Rider,Rider,rider,Yes,90,65,W,0,Neutral,NEUTRAL,,,,,,,REGULAR_SEASON,,188,Dec. 27 5 vs. Rider 2/NR 90-65 W,resolved,,,,,,,
KYRAW-02145,kentucky,historical_record_book,1995-1996,1996,1995-12-29,Iona,Iona,iona,Yes,106,79,W,0,Neutral,NEUTRAL,,,,,,,REGULAR_SEASON,,188,Dec. 29 5 vs. Iona 2/NR 106-79 W,resolved,,,,,,,
KYRAW-02146,kentucky,historical_record_book,1995-1996,1996,1996-01-03,South Carolina,South Carolina,south-carolina,Yes,89,60,W,0,Opponent Home,OPPONENT_HOME,,,,,,,REGULAR_SEASON,,188,Jan. 3 * at South Carolina 2/NR 89-60 W,resolved,,,,,,,
KYRAW-02147,kentucky,historical_record_book,1995-1996,1996,1996-01-06,Ole Miss,Ole Miss,ole-miss,Yes,90,60,W,0,Kentucky Home,SOURCE_PROGRAM_HOME,Rupp Arena,Rupp Arena,Lexington,KY,,,REGULAR_SEASON,,188,Jan. 6 * OLE MISS 2/NR 90-60 W,resolved,,,,,,,
KYRAW-02148,kentucky,historical_record_book,1995-1996,1996,1996-01-09,Mississippi State,Mississippi State,mississippi-state,Yes,74,56,W,0,Opponent Home,OPPONENT_HOME,,,,,,,REGULAR_SEASON,,188,Jan. 9 * at Mississippi State 2/12 74-56 W,resolved,,,,,,,
KYRAW-02149,kentucky,historical_record_book,1995-1996,1996,1996-01-13,Tennessee,Tennessee,tennessee,Yes,61,44,W,0,Kentucky Home,SOURCE_PROGRAM_HOME,Rupp Arena,Rupp Arena,Lexington,KY,,,REGULAR_SEASON,,188,Jan. 13 * TENNESSEE 2/NR 61-44 W,resolved,,,,,,,
KYRAW-02150,kentucky,historical_record_book,1995-1996,1996,1996-01-16,LSU,LSU,lsu,Yes,129,97,W,0,Opponent Home,OPPONENT_HOME,,,,,,,REGULAR_SEASON,,188,Jan. 16 * at LSU 2/NR 129-97 W,resolved,,,,,,,
KYRAW-02151,kentucky,historical_record_book,1995-1996,1996,1996-01-20,TCU,TCU,tcu,Yes,124,80,W,0,Kentucky Home,SOURCE_PROGRAM_HOME,Rupp Arena,Rupp Arena,Lexington,KY,,,REGULAR_SEASON,,188,Jan. 20 TCU 2/NR 124-80 W,resolved,,,,,,,
KYRAW-02152,kentucky,historical_record_book,1995-1996,1996,1996-01-24,Georgia,Georgia,georgia,Yes,82,77,W,0,Opponent Home,OPPONENT_HOME,,,,,,,REGULAR_SEASON,,188,Jan. 24 * at Georgia 2/NR 82-77 W,resolved,,,,,,,
KYRAW-02153,kentucky,historical_record_book,1995-1996,1996,1996-01-27,South Carolina,South Carolina,south-carolina,Yes,89,57,W,0,Kentucky Home,SOURCE_PROGRAM_HOME,Rupp Arena,Rupp Arena,Lexington,KY,,,REGULAR_SEASON,,188,Jan. 27 * SOUTH CAROLINA 2/NR 89-57 W,resolved,,,,,,,
KYRAW-02154,kentucky,historical_record_book,1995-1996,1996,1996-02-03,Florida,Florida,florida,Yes,77,63,W,0,Kentucky Home,SOURCE_PROGRAM_HOME,Rupp Arena,Rupp Arena,Lexington,KY,,,REGULAR_SEASON,,188,Feb. 3 * FLORIDA 2/NR 77-63 W,resolved,,,,,,,
KYRAW-02155,kentucky,historical_record_book,1995-1996,1996,1996-02-07,Vanderbilt,Vanderbilt,vanderbilt,Yes,120,81,W,0,Opponent Home,OPPONENT_HOME,,,,,,,REGULAR_SEASON,,188,Feb. 7 * at Vanderbilt 2/NR 120-81 W,resolved,,,,,,,
KYRAW-02156,kentucky,historical_record_book,1995-1996,1996,1996-02-11,Arkansas,Arkansas,arkansas,Yes,88,73,W,0,Kentucky Home,SOURCE_PROGRAM_HOME,Rupp Arena,Rupp Arena,Lexington,KY,,,REGULAR_SEASON,,188,Feb. 11 * ARKANSAS 2/NR 88-73 W,resolved,,,,,,,
KYRAW-02157,kentucky,historical_record_book,1995-1996,1996,1996-02-14,Georgia,Georgia,georgia,Yes,86,73,W,0,Kentucky Home,SOURCE_PROGRAM_HOME,Rupp Arena,Rupp Arena,Lexington,KY,,,REGULAR_SEASON,,188,Feb. 14 * GEORGIA 2/NR 86-73 W,resolved,,,,,,,
KYRAW-02158,kentucky,historical_record_book,1995-1996,1996,1996-02-17,Tennessee,Tennessee,tennessee,Yes,90,50,W,0,Opponent Home,OPPONENT_HOME,,,,,,,REGULAR_SEASON,,188,Feb. 17 * at Tennessee 2/NR 90-50 W,resolved,,,,,,,
KYRAW-02159,kentucky,historical_record_book,1995-1996,1996,1996-02-20,Alabama,Alabama,alabama,Yes,84,65,W,0,Kentucky Home,SOURCE_PROGRAM_HOME,Rupp Arena,Rupp Arena,Lexington,KY,,,REGULAR_SEASON,,188,Feb. 20 * ALABAMA 2/NR 84-65 W,resolved,,,,,,,
KYRAW-02160,kentucky,historical_record_book,1995-1996,1996,1996-02-24,Florida,Florida,florida,Yes,94,63,W,0,Opponent Home,OPPONENT_HOME,,,,,,,REGULAR_SEASON,,188,Feb. 24 * at Florida 2/NR 94-63 W,resolved,,,,,,,
KYRAW-02161,kentucky,historical_record_book,1995-1996,1996,1996-02-27,Auburn,Auburn,auburn,Yes,88,73,W,0,Opponent Home,OPPONENT_HOME,,,,,,,REGULAR_SEASON,,188,Feb. 27 * at Auburn 1/NR 88-73 W,resolved,,,,,,,
KYRAW-02162,kentucky,historical_record_book,1995-1996,1996,1996-03-02,Vanderbilt,Vanderbilt,vanderbilt,Yes,101,63,W,0,Kentucky Home,SOURCE_PROGRAM_HOME,Rupp Arena,Rupp Arena,Lexington,KY,,,REGULAR_SEASON,,188,Mar. 2 * VANDERBILT 1/NR 101-63 W,resolved,,,,,,,
KYRAW-02163,kentucky,historical_record_book,1995-1996,1996,1996-03-08,Florida,Florida,florida,Yes,100,76,W,0,Neutral,NEUTRAL,,,,,SEC Tournament,,CONFERENCE_TOURNAMENT,,188,Mar. 8 6 vs. Florida 1/NR 100-76 W,resolved,,,,,,,
KYRAW-02164,kentucky,historical_record_book,1995-1996,1996,1996-03-09,Arkansas,Arkansas,arkansas,Yes,95,75,W,0,Neutral,NEUTRAL,,,,,SEC Tournament,,CONFERENCE_TOURNAMENT,,188,Mar. 9 6 vs. Arkansas 1/NR 95-75 W,resolved,,,,,,,
KYRAW-02165,kentucky,historical_record_book,1995-1996,1996,1996-03-10,Mississippi State,Mississippi State,mississippi-state,Yes,73,84,L,0,Neutral,NEUTRAL,,,,,SEC Tournament,,CONFERENCE_TOURNAMENT,Championship,188,Mar. 10 6 vs. Mississippi State 1/25 73-84 L,resolved,,,,,,,
KYRAW-02166,kentucky,historical_record_book,1995-1996,1996,1996-03-14,San Jose State,San Jose State,san-jose-state,Yes,110,72,W,0,Neutral,NEUTRAL,,,,,NCAA Tournament,,NCAA_TOURNAMENT,R64,188,Mar. 14 7 vs. San Jose State 2/NR 110-72 W,resolved,,,,,,,
KYRAW-02167,kentucky,historical_record_book,1995-1996,1996,1996-03-16,Virginia Tech,Virginia Tech,virginia-tech,Yes,84,60,W,0,Neutral,NEUTRAL,,,,,NCAA Tournament,,NCAA_TOURNAMENT,R32,188,Mar. 16 7 vs. Virginia Tech 2/22 84-60 W,resolved,,,,,,,
KYRAW-02168,kentucky,historical_record_book,1995-1996,1996,1996-03-21,Utah,Utah,utah,Yes,101,70,W,0,Neutral,NEUTRAL,,,,,NCAA Tournament,,NCAA_TOURNAMENT,Sweet Sixteen,188,Mar. 21 8 vs. Utah 2/12 101-70 W,resolved,,,,,,,
KYRAW-02169,kentucky,historical_record_book,1995-1996,1996,1996-03-23,Wake Forest,Wake Forest,wake-forest,Yes,83,63,W,0,Neutral,NEUTRAL,,,,,NCAA Tournament,,NCAA_TOURNAMENT,Elite Eight,188,Mar. 23 8 vs. Wake Forest 2/9 83-63 W,resolved,,,,,,,
KYRAW-02170,kentucky,historical_record_book,1995-1996,1996,1996-03-30,UMass,UMass,umass,No,81,74,W,0,Neutral,NEUTRAL,,,,,NCAA Tournament,,NCAA_TOURNAMENT,Final Four,188,Mar. 30 9 vs. UMass 2/1 81-74 W,resolved,,,,,,,
KYRAW-02171,kentucky,historical_record_book,1995-1996,1996,1996-04-01,Syracuse,Syracuse,syracuse,Yes,76,67,W,0,Neutral,NEUTRAL,,,,,NCAA Tournament,,NCAA_TOURNAMENT,Championship,188,A.1 9 vs. Syracuse 2/15 76-67 W,resolved,,,,,,,
KYRAW-02172,kentucky,historical_record_book,1996-1997,1997,1996-11-15,Clemson,Clemson,clemson,Yes,71,79,L,1,Neutral,NEUTRAL,,,,,,,REGULAR_SEASON,,188,Nov. 15 1 vs. Clemson 3/20 71-79 L OT,resolved,,,,,,,
KYRAW-02173,kentucky,historical_record_book,1996-1997,1997,1996-11-28,Syracuse,Syracuse,syracuse,Yes,87,53,W,0,Neutral,NEUTRAL,,,,,,,REGULAR_SEASON,,188,Nov. 28 2 vs. Syracuse 8/12 87-53 W,resolved,,,,,,,
KYRAW-02174,kentucky,historical_record_book,1996-1997,1997,1996-11-29,Alaska Anchorage,Alaska Anchorage,alaska-anchorage,No,104,72,W,0,Neutral,NEUTRAL,,,,,,,REGULAR_SEASON,,188,Nov. 29 2 vs. Alaska Anchorage 8/NR 104-72 W,resolved,,,,,,,
KYRAW-02175,kentucky,historical_record_book,1996-1997,1997,1996-11-30,College of Charleston,College of Charleston,college-of-charleston,No,92,65,W,0,Neutral,NEUTRAL,,,,,,,REGULAR_SEASON,,188,Nov. 30 2 vs. College of Charleston 8/NR 92-65 W,resolved,,,,,,,
KYRAW-02176,kentucky,historical_record_book,1996-1997,1997,1996-12-03,Purdue,Purdue,purdue,Yes,101,87,W,0,Neutral,NEUTRAL,,,,,,,REGULAR_SEASON,,188,Dec. 3 3 vs. Purdue 6/NR 101-87 W,resolved,,,,,,,
KYRAW-02177,kentucky,historical_record_book,1996-1997,1997,1996-12-07,Indiana,Indiana,indiana,Yes,99,65,W,0,Neutral,NEUTRAL,,,,,,,REGULAR_SEASON,,188,Dec. 7 4 vs. Indiana 6/8 99-65 W,resolved,,,,,,,
KYRAW-02178,kentucky,historical_record_book,1996-1997,1997,1996-12-09,Wright State,Wright State,wright-state,Yes,90,62,W,0,Kentucky Home,SOURCE_PROGRAM_HOME,Rupp Arena,Rupp Arena,Lexington,KY,,,REGULAR_SEASON,,188,Dec. 9 WRIGHT STATE 6/NR 90-62 W,resolved,,,,,,,
KYRAW-02179,kentucky,historical_record_book,1996-1997,1997,1996-12-14,Notre Dame,Notre Dame,notre-dame,Yes,80,56,W,0,Kentucky Home,SOURCE_PROGRAM_HOME,Rupp Arena,Rupp Arena,Lexington,KY,,,REGULAR_SEASON,,188,Dec. 14 NOTRE DAME 3/NR 80-56 W,resolved,,,,,,,
KYRAW-02180,kentucky,historical_record_book,1996-1997,1997,1996-12-21,Georgia Tech,Georgia Tech,georgia-tech,Yes,88,59,W,0,Neutral,NEUTRAL,,,,,,,REGULAR_SEASON,,188,Dec. 21 5 vs. Georgia Tech 3/NR 88-59 W,resolved,,,,,,,
KYRAW-02181,kentucky,historical_record_book,1996-1997,1997,1996-12-23,UNC Asheville,UNC Asheville,unc-asheville,Yes,105,51,W,0,Kentucky Home,SOURCE_PROGRAM_HOME,Rupp Arena,Rupp Arena,Lexington,KY,,,REGULAR_SEASON,,188,Dec. 23 UNC ASHEVILLE 3/NR 105-51 W,resolved,,,,,,,
KYRAW-02182,kentucky,historical_record_book,1996-1997,1997,1996-12-28,Ohio State,Ohio State,ohio-state,Yes,81,65,W,0,Neutral,NEUTRAL,,,,,,,REGULAR_SEASON,,188,Dec. 28 6 vs. Ohio State 3/NR 81-65 W,resolved,,,,,,,
KYRAW-02183,kentucky,historical_record_book,1996-1997,1997,1996-12-31,Louisville,Louisville,louisville,Yes,74,54,W,0,Opponent Home,OPPONENT_HOME,,,,,,,REGULAR_SEASON,,189,Dec. 31 at Louisville 3/14 74-54 W,resolved,,,,,,,
KYRAW-02184,kentucky,historical_record_book,1996-1997,1997,1997-01-04,Tennessee,Tennessee,tennessee,Yes,74,40,W,0,Kentucky Home,SOURCE_PROGRAM_HOME,Rupp Arena,Rupp Arena,Lexington,KY,,,REGULAR_SEASON,,189,Jan. 4 * TENNESSEE 3/NR 74-40 W,resolved,,,,,,,
KYRAW-02185,kentucky,historical_record_book,1996-1997,1997,1997-01-07,Mississippi State,Mississippi State,mississippi-state,Yes,90,61,W,0,Kentucky Home,SOURCE_PROGRAM_HOME,Rupp Arena,Rupp Arena,Lexington,KY,,,REGULAR_SEASON,,189,Jan. 7 * MISSISSIPPI STATE 3/NR 90-61 W,resolved,,,,,,,
KYRAW-02186,kentucky,historical_record_book,1996-1997,1997,1997-01-09,Canisius,Canisius,canisius,Yes,68,45,W,0,Kentucky Home,SOURCE_PROGRAM_HOME,Rupp Arena,Rupp Arena,Lexington,KY,,,REGULAR_SEASON,,189,Jan. 9 CANISIUS 3/NR 68-45 W,resolved,,,,,,,
KYRAW-02187,kentucky,historical_record_book,1996-1997,1997,1997-01-11,Ole Miss,Ole Miss,ole-miss,Yes,69,73,L,0,Opponent Home,OPPONENT_HOME,,,,,,,REGULAR_SEASON,,189,Jan. 11 * at Ole Miss 3/NR 69-73 L,resolved,,,,,,,
KYRAW-02188,kentucky,historical_record_book,1996-1997,1997,1997-01-14,Georgia,Georgia,georgia,Yes,86,65,W,0,Opponent Home,OPPONENT_HOME,,,,,,,REGULAR_SEASON,,189,Jan. 14 * at Georgia 5/21 86-65 W,resolved,,,,,,,
KYRAW-02189,kentucky,historical_record_book,1996-1997,1997,1997-01-18,Auburn,Auburn,auburn,Yes,77,53,W,0,Kentucky Home,SOURCE_PROGRAM_HOME,Rupp Arena,Rupp Arena,Lexington,KY,,,REGULAR_SEASON,,189,Jan. 18 * AUBURN 5/NR 77-53 W,resolved,,,,,,,
KYRAW-02190,kentucky,historical_record_book,1996-1997,1997,1997-01-22,Vanderbilt,Vanderbilt,vanderbilt,Yes,58,46,W,0,Neutral,NEUTRAL,,,,,,,REGULAR_SEASON,,189,Jan. 22 7* vs. Vanderbilt 3/NR 58-46 W,resolved,,,,,,,
KYRAW-02191,kentucky,historical_record_book,1996-1997,1997,1997-01-26,Arkansas,Arkansas,arkansas,Yes,83,73,W,0,Opponent Home,OPPONENT_HOME,,,,,,,REGULAR_SEASON,,189,Jan. 26 * at Arkansas 3/NR 83-73 W,resolved,,,,,,,
KYRAW-02192,kentucky,historical_record_book,1996-1997,1997,1997-01-29,Florida,Florida,florida,Yes,92,65,W,0,Opponent Home,OPPONENT_HOME,,,,,,,REGULAR_SEASON,,189,Jan. 29 * at Florida 3/NR 92-65 W,resolved,,,,,,,
KYRAW-02193,kentucky,historical_record_book,1996-1997,1997,1997-02-01,Georgia,Georgia,georgia,Yes,82,57,W,0,Kentucky Home,SOURCE_PROGRAM_HOME,Rupp Arena,Rupp Arena,Lexington,KY,,,REGULAR_SEASON,,189,Feb. 1 * GEORGIA 3/NR 82-57 W,resolved,,,,,,,
KYRAW-02194,kentucky,historical_record_book,1996-1997,1997,1997-02-04,South Carolina,South Carolina,south-carolina,Yes,79,84,L,1,Opponent Home,OPPONENT_HOME,,,,,,,REGULAR_SEASON,,189,Feb. 4 * at South Carolina 3/19 79-84 L OT,resolved,,,,,,,
KYRAW-02195,kentucky,historical_record_book,1996-1997,1997,1997-02-06,Western Carolina,Western Carolina,western-carolina,Yes,82,55,W,0,Kentucky Home,SOURCE_PROGRAM_HOME,Rupp Arena,Rupp Arena,Lexington,KY,,,REGULAR_SEASON,,189,Feb. 6 WESTERN CAROLINA 3/NR 82-55 W,resolved,,,,,,,
KYRAW-02196,kentucky,historical_record_book,1996-1997,1997,1997-02-09,Villanova,Villanova,villanova,Yes,93,56,W,0,Kentucky Home,SOURCE_PROGRAM_HOME,Rupp Arena,Rupp Arena,Lexington,KY,,,REGULAR_SEASON,,189,Feb. 9 VILLANOVA 3/16 93-56 W,resolved,,,,,,,
KYRAW-02197,kentucky,historical_record_book,1996-1997,1997,1997-02-12,LSU,LSU,lsu,Yes,84,48,W,0,Kentucky Home,SOURCE_PROGRAM_HOME,Rupp Arena,Rupp Arena,Lexington,KY,,,REGULAR_SEASON,,189,Feb. 12 * LSU 4/NR 84-48 W,resolved,,,,,,,
KYRAW-02198,kentucky,historical_record_book,1996-1997,1997,1997-02-15,Florida,Florida,florida,Yes,85,56,W,0,Kentucky Home,SOURCE_PROGRAM_HOME,Rupp Arena,Rupp Arena,Lexington,KY,,,REGULAR_SEASON,,189,Feb. 15 * FLORIDA 4/NR 85-56 W,resolved,,,,,,,
KYRAW-02199,kentucky,historical_record_book,1996-1997,1997,1997-02-19,Alabama,Alabama,alabama,Yes,75,61,W,0,Opponent Home,OPPONENT_HOME,,,,,,,REGULAR_SEASON,,189,Feb. 19 * at Alabama 3/NR 75-61 W,resolved,,,,,,,
KYRAW-02200,kentucky,historical_record_book,1996-1997,1997,1997-02-22,Vanderbilt,Vanderbilt,vanderbilt,Yes,82,79,W,0,Opponent Home,OPPONENT_HOME,,,,,,,REGULAR_SEASON,,189,Feb. 22 * at Vanderbilt 3/NR 82-79 W,resolved,,,,,,,
KYRAW-02201,kentucky,historical_record_book,1996-1997,1997,1997-02-25,Tennessee,Tennessee,tennessee,Yes,74,64,W,0,Opponent Home,OPPONENT_HOME,,,,,,,REGULAR_SEASON,,189,Feb. 25 * at Tennessee 3/NR 74-64 W,resolved,,,,,,,
KYRAW-02202,kentucky,historical_record_book,1996-1997,1997,1997-03-02,South Carolina,South Carolina,south-carolina,Yes,66,72,L,0,Kentucky Home,SOURCE_PROGRAM_HOME,Rupp Arena,Rupp Arena,Lexington,KY,,,REGULAR_SEASON,,189,Mar. 2 * SOUTH CAROLINA 3/6 66-72 L,resolved,,,,,,,
KYRAW-02203,kentucky,historical_record_book,1996-1997,1997,1997-03-07,Auburn,Auburn,auburn,Yes,92,50,W,0,Neutral,NEUTRAL,,,,,SEC Tournament,,CONFERENCE_TOURNAMENT,,189,Mar. 7 8 vs. Auburn 6/NR 92-50 W,resolved,,,,,,,
KYRAW-02204,kentucky,historical_record_book,1996-1997,1997,1997-03-08,Ole Miss,Ole Miss,ole-miss,Yes,88,70,W,0,Neutral,NEUTRAL,,,,,SEC Tournament,,CONFERENCE_TOURNAMENT,,189,Mar. 8 8 vs. Ole Miss 6/NR 88-70 W,resolved,,,,,,,
KYRAW-02205,kentucky,historical_record_book,1996-1997,1997,1997-03-09,Georgia,Georgia,georgia,Yes,95,68,W,0,Neutral,NEUTRAL,,,,,SEC Tournament,,CONFERENCE_TOURNAMENT,Championship,189,Mar. 9 8 vs. Georgia 6/24 95-68 W,resolved,,,,,,,
KYRAW-02206,kentucky,historical_record_book,1996-1997,1997,1997-03-13,Montana,Montana,montana,Yes,92,54,W,0,Neutral,NEUTRAL,,,,,NCAA Tournament,,NCAA_TOURNAMENT,R64,189,Mar. 13 9 vs. Montana 5/NR 92-54 W,resolved,,,,,,,
KYRAW-02207,kentucky,historical_record_book,1996-1997,1997,1997-03-15,Iowa,Iowa,iowa,Yes,75,69,W,0,Neutral,NEUTRAL,,,,,NCAA Tournament,,NCAA_TOURNAMENT,R32,189,Mar. 15 9 vs. Iowa 5/NR 75-69 W,resolved,,,,,,,
KYRAW-02208,kentucky,historical_record_book,1996-1997,1997,1997-03-20,Saint Joseph’s,Saint Joseph's,saint-joseph-s,Yes,83,68,W,0,Neutral,NEUTRAL,,,,,NCAA Tournament,,NCAA_TOURNAMENT,Sweet Sixteen,189,Mar. 20 10 vs. St. Joseph’s 5/12 83-68 W,resolved,,,,,,,
KYRAW-02209,kentucky,historical_record_book,1996-1997,1997,1997-03-22,Utah,Utah,utah,Yes,72,59,W,0,Neutral,NEUTRAL,,,,,NCAA Tournament,,NCAA_TOURNAMENT,Elite Eight,189,Mar. 22 10 vs. Utah 5/2 72-59 W,resolved,,,,,,,
KYRAW-02210,kentucky,historical_record_book,1996-1997,1997,1997-03-29,Minnesota,Minnesota,minnesota,Yes,78,69,W,0,Neutral,NEUTRAL,,,,,NCAA Tournament,,NCAA_TOURNAMENT,Final Four,189,Mar. 29 1 vs. Minnesota 5/3 78-69 W 1,resolved,,,,,,,
KYRAW-02211,kentucky,historical_record_book,1996-1997,1997,1997-03-31,Arizona,Arizona,arizona,Yes,79,84,L,0,Neutral,NEUTRAL,,,,,NCAA Tournament,,NCAA_TOURNAMENT,Championship,189,Mar. 31 1 vs. Arizona 5/15 79-84 L OT 2,resolved,,,,,,,
KYRAW-02212,kentucky,historical_record_book,1997-1998,1998,1997-11-20,Morehead State,Morehead State,morehead-state,Yes,88,49,W,0,Kentucky Home,SOURCE_PROGRAM_HOME,Rupp Arena,Rupp Arena,Lexington,KY,,,REGULAR_SEASON,,189,Nov. 20 MOREHEAD STATE 9/NR 88-49 W,resolved,,,,,,,
KYRAW-02213,kentucky,historical_record_book,1997-1998,1998,1997-11-24,George Washington,George Washington,george-washington,Yes,70,55,W,0,Neutral,NEUTRAL,,,,,,,REGULAR_SEASON,,189,Nov. 24 1 vs. George Washington 9/NR 70-55 W,resolved,,,,,,,
KYRAW-02214,kentucky,historical_record_book,1997-1998,1998,1997-11-25,Arizona,Arizona,arizona,Yes,74,89,L,0,Neutral,NEUTRAL,,,,,,,REGULAR_SEASON,,189,Nov. 25 1 vs. Arizona 8/1 74-89 L,resolved,,,,,,,
KYRAW-02215,kentucky,historical_record_book,1997-1998,1998,1997-11-26,Missouri,Mizzou,missouri,Yes,77,55,W,0,Neutral,NEUTRAL,,,,,,,REGULAR_SEASON,,189,Nov. 26 1 vs. Missouri 8/NR 77-55 W,resolved,,,,,,,
KYRAW-02216,kentucky,historical_record_book,1997-1998,1998,1997-11-29,Clemson,Clemson,clemson,Yes,76,61,W,0,Neutral,NEUTRAL,,,,,,,REGULAR_SEASON,,189,Nov. 29 2 vs. Clemson 8/13 76-61 W,resolved,,,,,,,
KYRAW-02217,kentucky,historical_record_book,1997-1998,1998,1997-12-03,Purdue,Purdue,purdue,Yes,89,75,W,0,Neutral,NEUTRAL,,,,,,,REGULAR_SEASON,,189,Dec. 3 3 vs. Purdue 7/6 89-75 W,resolved,,,,,,,
KYRAW-02218,kentucky,historical_record_book,1997-1998,1998,1997-12-06,Indiana,Indiana,indiana,Yes,75,72,W,0,Neutral,NEUTRAL,,,,,,,REGULAR_SEASON,,189,Dec. 6 4 vs. Indiana 7/NR 75-72 W,resolved,,,,,,,
KYRAW-02219,kentucky,historical_record_book,1997-1998,1998,1997-12-10,Canisius,Canisius,canisius,Yes,81,54,W,0,Opponent Home,OPPONENT_HOME,,,,,,,REGULAR_SEASON,,189,Dec. 10 at Canisius 4/NR 81-54 W,resolved,,,,,,,
KYRAW-02220,kentucky,historical_record_book,1997-1998,1998,1997-12-13,Georgia Tech,Georgia Tech,georgia-tech,Yes,85,71,W,0,Kentucky Home,SOURCE_PROGRAM_HOME,Rupp Arena,Rupp Arena,Lexington,KY,,,REGULAR_SEASON,,189,Dec. 13 GEORGIA TECH 4/24 85-71 W,resolved,,,,,,,
KYRAW-02221,kentucky,historical_record_book,1997-1998,1998,1997-12-20,Tulsa,Tulsa,tulsa,Yes,74,53,W,0,Kentucky Home,SOURCE_PROGRAM_HOME,Rupp Arena,Rupp Arena,Lexington,KY,,,REGULAR_SEASON,,189,Dec. 20 TULSA 4/NR 74-53 W,resolved,,,,,,,
KYRAW-02222,kentucky,historical_record_book,1997-1998,1998,1997-12-23,American,American,american-university,Yes,75,52,W,0,Kentucky Home,SOURCE_PROGRAM_HOME,Rupp Arena,Rupp Arena,Lexington,KY,,,REGULAR_SEASON,,189,Dec. 23 AMERICAN 4/NR 75-52 W,resolved,,,,,,,
KYRAW-02223,kentucky,historical_record_book,1997-1998,1998,1997-12-27,Louisville,Louisville,louisville,Yes,76,79,L,0,Kentucky Home,SOURCE_PROGRAM_HOME,Rupp Arena,Rupp Arena,Lexington,KY,,,REGULAR_SEASON,,189,Dec. 27 LOUISVILLE 4/NR 76-79 L,resolved,,,,,,,
KYRAW-02224,kentucky,historical_record_book,1997-1998,1998,1997-12-30,Ohio,Ohio,ohio,Yes,95,58,W,0,Opponent Home,OPPONENT_HOME,,,,,,,REGULAR_SEASON,,189,Dec. 30 at Ohio 6/NR 95-58 W,resolved,,,,,,,
KYRAW-02225,kentucky,historical_record_book,1997-1998,1998,1998-01-03,Vanderbilt,Vanderbilt,vanderbilt,Yes,71,62,W,0,Kentucky Home,SOURCE_PROGRAM_HOME,Rupp Arena,Rupp Arena,Lexington,KY,,,REGULAR_SEASON,,189,Jan. 3 * VANDERBILT 6/NR 71-62 W,resolved,,,,,,,
KYRAW-02226,kentucky,historical_record_book,1997-1998,1998,1998-01-06,Georgia,Georgia,georgia,Yes,90,79,W,0,Opponent Home,OPPONENT_HOME,,,,,,,REGULAR_SEASON,,189,Jan. 6 * at Georgia 6/NR 90-79 W,resolved,,,,,,,
KYRAW-02227,kentucky,historical_record_book,1997-1998,1998,1998-01-10,Mississippi State,Mississippi State,mississippi-state,Yes,77,71,W,0,Opponent Home,OPPONENT_HOME,,,,,,,REGULAR_SEASON,,189,Jan. 10 * at Mississippi State 6/NR 77-71 W,resolved,,,,,,,
KYRAW-02228,kentucky,historical_record_book,1997-1998,1998,1998-01-13,South Carolina,South Carolina,south-carolina,Yes,91,70,W,0,Kentucky Home,SOURCE_PROGRAM_HOME,Rupp Arena,Rupp Arena,Lexington,KY,,,REGULAR_SEASON,,189,Jan. 13 * SOUTH CAROLINA 6/14 91-70 W,resolved,,,,,,,
KYRAW-02229,kentucky,historical_record_book,1997-1998,1998,1998-01-17,Arkansas,Arkansas,arkansas,Yes,80,77,W,1,Kentucky Home,SOURCE_PROGRAM_HOME,Rupp Arena,Rupp Arena,Lexington,KY,,,REGULAR_SEASON,,189,Jan. 17 * ARKANSAS 6/22 80-77 W OT,resolved,,,,,,,
KYRAW-02230,kentucky,historical_record_book,1997-1998,1998,1998-01-21,Alabama,Alabama,alabama,Yes,70,67,W,0,Neutral,NEUTRAL,,,,,,,REGULAR_SEASON,,189,Jan. 21 5* vs. Alabama 7/NR 70-67 W,resolved,,,,,,,
KYRAW-02231,kentucky,historical_record_book,1997-1998,1998,1998-01-24,Tennessee,Tennessee,tennessee,Yes,85,67,W,0,Opponent Home,OPPONENT_HOME,,,,,,,REGULAR_SEASON,,189,Jan. 24 * at Tennessee 7/NR 85-67 W,resolved,,,,,,,
KYRAW-02232,kentucky,historical_record_book,1997-1998,1998,1998-01-27,Vanderbilt,Vanderbilt,vanderbilt,Yes,63,61,W,0,Opponent Home,OPPONENT_HOME,,,,,,,REGULAR_SEASON,,189,Jan. 27 * at Vanderbilt 7/NR 63-61 W,resolved,,,,,,,
KYRAW-02233,kentucky,historical_record_book,1997-1998,1998,1998-02-01,Florida,Florida,florida,Yes,78,86,L,0,Kentucky Home,SOURCE_PROGRAM_HOME,Rupp Arena,Rupp Arena,Lexington,KY,,,REGULAR_SEASON,,189,Feb. 1 * FLORIDA 7/NR 78-86 L,resolved,,,,,,,
KYRAW-02234,kentucky,historical_record_book,1997-1998,1998,1998-02-04,LSU,LSU,lsu,Yes,63,61,W,0,Opponent Home,OPPONENT_HOME,,,,,,,REGULAR_SEASON,,189,Feb. 4 * at LSU 8/NR 63-61 W,resolved,,,,,,,
KYRAW-02235,kentucky,historical_record_book,1997-1998,1998,1998-02-08,Villanova,Villanova,villanova,Yes,79,63,W,0,Opponent Home,OPPONENT_HOME,,,,,,,REGULAR_SEASON,,189,Feb. 8 at Villanova 8/NR 79-63 W,resolved,,,,,,,
KYRAW-02236,kentucky,historical_record_book,1997-1998,1998,1998-02-11,Tennessee,Tennessee,tennessee,Yes,80,74,W,0,Kentucky Home,SOURCE_PROGRAM_HOME,Rupp Arena,Rupp Arena,Lexington,KY,,,REGULAR_SEASON,,189,Feb. 11 * TENNESSEE 7/NR 80-74 W,resolved,,,,,,,
KYRAW-02237,kentucky,historical_record_book,1997-1998,1998,1998-02-14,Ole Miss,Ole Miss,ole-miss,Yes,64,73,L,0,Kentucky Home,SOURCE_PROGRAM_HOME,Rupp Arena,Rupp Arena,Lexington,KY,,,REGULAR_SEASON,,189,Feb. 14 * OLE MISS 7/18 64-73 L,resolved,,,,,,,
KYRAW-02238,kentucky,historical_record_book,1997-1998,1998,1998-02-18,Florida,Florida,florida,Yes,79,54,W,0,Opponent Home,OPPONENT_HOME,,,,,,,REGULAR_SEASON,,189,Feb. 18 * at Florida 8/NR 79-54 W,resolved,,,,,,,
KYRAW-02239,kentucky,historical_record_book,1997-1998,1998,1998-02-22,Georgia,Georgia,georgia,Yes,85,74,W,0,Kentucky Home,SOURCE_PROGRAM_HOME,Rupp Arena,Rupp Arena,Lexington,KY,,,REGULAR_SEASON,,189,Feb. 22 * GEORGIA 8/NR 85-74 W,resolved,,,,,,,
KYRAW-02240,kentucky,historical_record_book,1997-1998,1998,1998-02-25,Auburn,Auburn,auburn,Yes,83,58,W,0,Opponent Home,OPPONENT_HOME,,,,,,,REGULAR_SEASON,,189,Feb. 25 * at Auburn 7/NR 83-58 W,resolved,,,,,,,
KYRAW-02241,kentucky,historical_record_book,1997-1998,1998,1998-02-28,South Carolina,South Carolina,south-carolina,Yes,69,57,W,0,Opponent Home,OPPONENT_HOME,,,,,,,REGULAR_SEASON,,189,Feb. 28 * at South Carolina 7/14 69-57 W,resolved,,,,,,,
KYRAW-02242,kentucky,historical_record_book,1997-1998,1998,1998-03-06,Alabama,Alabama,alabama,Yes,82,71,W,0,Neutral,NEUTRAL,,,,,SEC Tournament,,CONFERENCE_TOURNAMENT,,189,Mar. 6 6 vs. Alabama 7/NR 82-71 W,resolved,,,,,,,
KYRAW-02243,kentucky,historical_record_book,1997-1998,1998,1998-03-07,Arkansas,Arkansas,arkansas,Yes,99,74,W,0,Neutral,NEUTRAL,,,,,SEC Tournament,,CONFERENCE_TOURNAMENT,,189,Mar. 7 6 vs. Arkansas 7/16 99-74 W,resolved,,,,,,,
KYRAW-02244,kentucky,historical_record_book,1997-1998,1998,1998-03-08,South Carolina,South Carolina,south-carolina,Yes,86,56,W,0,Neutral,NEUTRAL,,,,,SEC Tournament,,CONFERENCE_TOURNAMENT,Championship,189,Mar. 8 6 vs. South Carolina 7/15 86-56 W,resolved,,,,,,,
KYRAW-02245,kentucky,historical_record_book,1997-1998,1998,1998-03-13,South Carolina State,South Carolina State,south-carolina-state,Yes,82,67,W,0,Neutral,NEUTRAL,,,,,NCAA Tournament,,NCAA_TOURNAMENT,R64,189,Mar. 13 6 vs. South Carolina State 5/NR 82-67 W,resolved,,,,,,,
KYRAW-02246,kentucky,historical_record_book,1997-1998,1998,1998-03-15,Saint Louis,Saint Louis,saint-louis,Yes,88,61,W,0,Neutral,NEUTRAL,,,,,NCAA Tournament,,NCAA_TOURNAMENT,R32,189,Mar. 15 6 vs. Saint Louis 5/NR 88-61 W,resolved,,,,,,,
KYRAW-02247,kentucky,historical_record_book,1997-1998,1998,1998-03-20,UCLA,UCLA,ucla,Yes,94,68,W,0,Neutral,NEUTRAL,,,,,NCAA Tournament,,NCAA_TOURNAMENT,Sweet Sixteen,189,Mar. 20 7 vs. UCLA 5/19 94-68 W,resolved,,,,,,,
KYRAW-02248,kentucky,historical_record_book,1997-1998,1998,1998-03-22,Duke,Duke,duke,Yes,86,84,W,0,Neutral,NEUTRAL,,,,,NCAA Tournament,,NCAA_TOURNAMENT,Elite Eight,189,Mar. 22 7 vs. Duke 5/3 86-84 W,resolved,,,,,,,
KYRAW-02249,kentucky,historical_record_book,1997-1998,1998,1998-03-28,Stanford,Stanford,stanford,Yes,86,85,W,1,Neutral,NEUTRAL,,,,,NCAA Tournament,,NCAA_TOURNAMENT,Final Four,189,Mar. 28 8 vs. Stanford 5/10 86-85 W OT,resolved,,,,,,,
KYRAW-02250,kentucky,historical_record_book,1997-1998,1998,1998-03-30,Utah,Utah,utah,Yes,78,69,W,0,Neutral,NEUTRAL,,,,,NCAA Tournament,,NCAA_TOURNAMENT,Championship,189,Mar. 30 8 vs. Utah 5/7 78-69 W,resolved,,,,,,,
KYRAW-02251,kentucky,historical_record_book,1998-1999,1999,1998-11-17,Eastern Kentucky,Eastern Kentucky,eastern-kentucky,Yes,99,64,W,0,Kentucky Home,SOURCE_PROGRAM_HOME,Rupp Arena,Rupp Arena,Lexington,KY,,,REGULAR_SEASON,,189,Nov. 17 EASTERN KENTUCKY 4/NR 99-64 W,resolved,,,,,,,
KYRAW-02252,kentucky,historical_record_book,1998-1999,1999,1998-11-19,Mercer,Mercer,mercer,Yes,82,51,W,0,Kentucky Home,SOURCE_PROGRAM_HOME,Rupp Arena,Rupp Arena,Lexington,KY,,,REGULAR_SEASON,,189,Nov. 19 MERCER 4/NR 82-51 W,resolved,,,,,,,
KYRAW-02253,kentucky,historical_record_book,1998-1999,1999,1998-11-23,Wright State,Wright State,wright-state,Yes,97,75,W,0,Neutral,NEUTRAL,,,,,,,REGULAR_SEASON,,189,Nov. 23 1 vs. Wright State 4/NR 97-75 W,resolved,,,,,,,
KYRAW-02254,kentucky,historical_record_book,1998-1999,1999,1998-11-26,Colorado,Colorado,colorado,Yes,64,52,W,0,Neutral,NEUTRAL,,,,,,,REGULAR_SEASON,,189,Nov. 26 2 vs. Colorado 4/NR 64-52 W,resolved,,,,,,,
KYRAW-02255,kentucky,historical_record_book,1998-1999,1999,1998-11-27,Pittsburgh,Pittsburgh,pittsburgh,Yes,56,68,L,0,Neutral,NEUTRAL,,,,,,,REGULAR_SEASON,,189,Nov. 27 2 vs. Pittsburgh 4/NR 56-68 L,resolved,,,,,,,
KYRAW-02256,kentucky,historical_record_book,1998-1999,1999,1998-11-28,UCLA,UCLA,ucla,Yes,66,62,W,0,Neutral,NEUTRAL,,,,,,,REGULAR_SEASON,,189,Nov. 28 2 vs. UCLA 4/10 66-62 W,resolved,,,,,,,
KYRAW-02257,kentucky,historical_record_book,1998-1999,1999,1998-12-01,Kansas,kansas,kansas,Yes,63,45,W,0,Neutral,NEUTRAL,,,,,,,REGULAR_SEASON,,189,Dec. 1 3 vs. Kansas 8/7 63-45 W,resolved,,,,,,,
KYRAW-02258,kentucky,historical_record_book,1998-1999,1999,1998-12-05,Miami (Fla.),Miami,miami,Yes,74,65,W,0,Kentucky Home,SOURCE_PROGRAM_HOME,Rupp Arena,Rupp Arena,Lexington,KY,,,REGULAR_SEASON,,189,Dec. 5 MIAMI (FLA.) 8/NR 74-65 W,resolved,,,,,,,
KYRAW-02259,kentucky,historical_record_book,1998-1999,1999,1998-12-08,Indiana,Indiana,indiana,Yes,70,61,W,1,Neutral,NEUTRAL,,,,,,,REGULAR_SEASON,,189,Dec. 8 4 vs. Indiana 5/11 70-61 W OT,resolved,,,,,,,
KYRAW-02260,kentucky,historical_record_book,1998-1999,1999,1998-12-12,Maryland,Maryland,maryland,Yes,103,91,W,0,Kentucky Home,SOURCE_PROGRAM_HOME,Rupp Arena,Rupp Arena,Lexington,KY,,,REGULAR_SEASON,,189,Dec. 12 MARYLAND 5/2 103-91 W,resolved,,,,,,,
KYRAW-02261,kentucky,historical_record_book,1998-1999,1999,1998-12-19,Georgia Tech,Georgia Tech,georgia-tech,Yes,80,39,W,0,Neutral,NEUTRAL,,,,,,,REGULAR_SEASON,,189,Dec. 19 5 vs. Georgia Tech 3/NR 80-39 W,resolved,,,,,,,
KYRAW-02262,kentucky,historical_record_book,1998-1999,1999,1998-12-22,Duke,Duke,duke,Yes,60,71,L,0,Neutral,NEUTRAL,,,,,,,REGULAR_SEASON,,189,Dec. 22 6 vs. Duke 3/2 60-71 L,resolved,,,,,,,
KYRAW-02263,kentucky,historical_record_book,1998-1999,1999,1998-12-26,Louisville,Louisville,louisville,Yes,74,83,L,0,Opponent Home,OPPONENT_HOME,,,,,,,REGULAR_SEASON,,189,Dec. 26 at Louisville 3/NR 74-83 L,resolved,,,,,,,
KYRAW-02264,kentucky,historical_record_book,1998-1999,1999,1998-12-29,Tennessee State,Tennessee State,tennessee-state,Yes,97,47,W,0,Kentucky Home,SOURCE_PROGRAM_HOME,Rupp Arena,Rupp Arena,Lexington,KY,,,REGULAR_SEASON,,189,Dec. 29 TENNESSEE STATE 7/NR 97-47 W,resolved,,,,,,,
KYRAW-02265,kentucky,historical_record_book,1998-1999,1999,1999-01-02,Florida,Florida,florida,Yes,93,58,W,0,Kentucky Home,SOURCE_PROGRAM_HOME,Rupp Arena,Rupp Arena,Lexington,KY,,,REGULAR_SEASON,,189,Jan. 2 * FLORIDA 7/NR 93-58 W,resolved,,,,,,,
KYRAW-02266,kentucky,historical_record_book,1998-1999,1999,1999-01-05,South Carolina,South Carolina,south-carolina,Yes,68,61,W,0,Opponent Home,OPPONENT_HOME,,,,,,,REGULAR_SEASON,,189,Jan. 5 * at South Carolina 5/NR 68-61 W,resolved,,,,,,,
KYRAW-02267,kentucky,historical_record_book,1998-1999,1999,1999-01-09,Vanderbilt,Vanderbilt,vanderbilt,Yes,73,57,W,0,Opponent Home,OPPONENT_HOME,,,,,,,REGULAR_SEASON,,189,Jan. 9 * at Vanderbilt 5/NR 73-57 W,resolved,,,,,,,
KYRAW-02268,kentucky,historical_record_book,1998-1999,1999,1999-01-12,Tennessee,Tennessee,tennessee,Yes,46,47,L,0,Kentucky Home,SOURCE_PROGRAM_HOME,Rupp Arena,Rupp Arena,Lexington,KY,,,REGULAR_SEASON,,189,Jan. 12 * TENNESSEE 6/NR 46-47 L,resolved,,,,,,,
KYRAW-02269,kentucky,historical_record_book,1998-1999,1999,1999-01-16,Ole Miss,Ole Miss,ole-miss,Yes,63,57,W,0,Opponent Home,OPPONENT_HOME,,,,,,,REGULAR_SEASON,,189,Jan. 16 * at Ole Miss 6/NR 63-57 W,resolved,,,,,,,
KYRAW-02270,kentucky,historical_record_book,1998-1999,1999,1999-01-20,Auburn,Auburn,auburn,Yes,72,62,W,0,Kentucky Home,SOURCE_PROGRAM_HOME,Rupp Arena,Rupp Arena,Lexington,KY,,,REGULAR_SEASON,,189,Jan. 20 * AUBURN 7/6 72-62 W,resolved,,,,,,,
KYRAW-02271,kentucky,historical_record_book,1998-1999,1999,1999-01-23,Mississippi State,Mississippi State,mississippi-state,Yes,76,49,W,0,Kentucky Home,SOURCE_PROGRAM_HOME,Rupp Arena,Rupp Arena,Lexington,KY,,,REGULAR_SEASON,,189,Jan. 23 * MISSISSIPPI STATE 7/NR 76-49 W,resolved,,,,,,,
KYRAW-02272,kentucky,historical_record_book,1998-1999,1999,1999-01-26,Georgia,Georgia,georgia,Yes,91,83,W,1,Opponent Home,OPPONENT_HOME,,,,,,,REGULAR_SEASON,,189,Jan. 26 * at Georgia 6/NR 91-83 W OT,resolved,,,,,,,
KYRAW-02273,kentucky,historical_record_book,1998-1999,1999,1999-01-30,LSU,LSU,lsu,Yes,86,62,W,0,Kentucky Home,SOURCE_PROGRAM_HOME,Rupp Arena,Rupp Arena,Lexington,KY,,,REGULAR_SEASON,,190,Jan. 30 * LSU 6/NR 86-62 W,resolved,,,,,,,
KYRAW-02274,kentucky,historical_record_book,1998-1999,1999,1999-02-04,Florida,Florida,florida,Yes,68,75,L,0,Opponent Home,OPPONENT_HOME,,,,,,,REGULAR_SEASON,,190,Feb. 4 * at Florida 5/NR 68-75 L,resolved,,,,,,,
KYRAW-02275,kentucky,historical_record_book,1998-1999,1999,1999-02-06,Alabama,Alabama,alabama,Yes,58,62,L,0,Opponent Home,OPPONENT_HOME,,,,,,,REGULAR_SEASON,,190,Feb. 6 * at Alabama 5/NR 58-62 L,resolved,,,,,,,
KYRAW-02276,kentucky,historical_record_book,1998-1999,1999,1999-02-13,South Carolina,South Carolina,south-carolina,Yes,74,40,W,0,Kentucky Home,SOURCE_PROGRAM_HOME,Rupp Arena,Rupp Arena,Lexington,KY,,,REGULAR_SEASON,,190,Feb. 13 * SOUTH CAROLINA 8/NR 74-40 W,resolved,,,,,,,
KYRAW-02277,kentucky,historical_record_book,1998-1999,1999,1999-02-17,Georgia,Georgia,georgia,Yes,92,71,W,0,Kentucky Home,SOURCE_PROGRAM_HOME,Rupp Arena,Rupp Arena,Lexington,KY,,,REGULAR_SEASON,,190,Feb. 17 * GEORGIA 6/NR 92-71 W,resolved,,,,,,,
KYRAW-02278,kentucky,historical_record_book,1998-1999,1999,1999-02-20,Arkansas,Arkansas,arkansas,Yes,70,74,L,0,Opponent Home,OPPONENT_HOME,,,,,,,REGULAR_SEASON,,190,Feb. 20 * at Arkansas 6/NR 70-74 L,resolved,,,,,,,
KYRAW-02279,kentucky,historical_record_book,1998-1999,1999,1999-02-24,Vanderbilt,Vanderbilt,vanderbilt,Yes,88,63,W,0,Kentucky Home,SOURCE_PROGRAM_HOME,Rupp Arena,Rupp Arena,Lexington,KY,,,REGULAR_SEASON,,190,Feb. 24 * VANDERBILT 13/NR 88-63 W,resolved,,,,,,,
KYRAW-02280,kentucky,historical_record_book,1998-1999,1999,1999-02-28,Tennessee,Tennessee,tennessee,Yes,61,68,L,0,Opponent Home,OPPONENT_HOME,,,,,,,REGULAR_SEASON,,190,Feb. 28 * at Tennessee 13/NR 61-68 L,resolved,,,,,,,
KYRAW-02281,kentucky,historical_record_book,1998-1999,1999,1999-03-05,Ole Miss,Ole Miss,ole-miss,Yes,83,73,W,0,Neutral,NEUTRAL,,,,,SEC Tournament,,CONFERENCE_TOURNAMENT,,190,Mar. 5 5 vs. Ole Miss 14/NR 83-73 W,resolved,,,,,,,
KYRAW-02282,kentucky,historical_record_book,1998-1999,1999,1999-03-06,Auburn,Auburn,auburn,Yes,69,57,W,0,Neutral,NEUTRAL,,,,,SEC Tournament,,CONFERENCE_TOURNAMENT,,190,Mar. 6 5 vs. Auburn 14/4 69-57 W,resolved,,,,,,,
KYRAW-02283,kentucky,historical_record_book,1998-1999,1999,1999-03-07,Arkansas,Arkansas,arkansas,Yes,76,63,W,0,Neutral,NEUTRAL,,,,,SEC Tournament,,CONFERENCE_TOURNAMENT,Championship,190,Mar. 7 5 vs. Arkansas 14/22 76-63 W,resolved,,,,,,,
KYRAW-02284,kentucky,historical_record_book,1998-1999,1999,1999-03-12,New Mexico State,New Mexico State,new-mexico-state,Yes,82,60,W,0,Neutral,NEUTRAL,,,,,NCAA Tournament,,NCAA_TOURNAMENT,R64,190,Mar. 12 7 vs. New Mexico State 8/25 82-60 W,resolved,,,,,,,
KYRAW-02285,kentucky,historical_record_book,1998-1999,1999,1999-03-14,Kansas,kansas,kansas,Yes,92,88,W,1,Neutral,NEUTRAL,,,,,NCAA Tournament,,NCAA_TOURNAMENT,R32,190,Mar. 14 7 vs. Kansas 8/22 92-88 W OT,resolved,,,,,,,
KYRAW-02286,kentucky,historical_record_book,1998-1999,1999,1999-03-19,Miami (Ohio),Miami University,miami-oh,Yes,58,43,W,0,Neutral,NEUTRAL,,,,,NCAA Tournament,,NCAA_TOURNAMENT,Sweet Sixteen,190,Mar. 19 8 vs. Miami (Ohio) 8/NR 58-43 W,resolved,,,,,,,
KYRAW-02287,kentucky,historical_record_book,1998-1999,1999,1999-03-21,Michigan State,Michigan State,michigan-state,Yes,66,73,L,0,Neutral,NEUTRAL,,,,,NCAA Tournament,,NCAA_TOURNAMENT,Elite Eight,190,Mar. 21 8 vs. Michigan State 8/2 66-73 L,resolved,,,,,,,
KYRAW-02288,kentucky,historical_record_book,1999-2000,2000,1999-11-17,Pennsylvania,Penn,pennsylvania,Yes,67,50,W,0,Kentucky Home,SOURCE_PROGRAM_HOME,Rupp Arena,Rupp Arena,Lexington,KY,,,REGULAR_SEASON,,190,Nov. 17 1 PENNSYLVANIA 14/NR 67-50 W,resolved,,,,,,,
KYRAW-02289,kentucky,historical_record_book,1999-2000,2000,1999-11-19,Utah,Utah,utah,Yes,56,48,W,0,Kentucky Home,SOURCE_PROGRAM_HOME,Rupp Arena,Rupp Arena,Lexington,KY,,,REGULAR_SEASON,,190,Nov. 19 1 UTAH 14/16 56-48 W,resolved,,,,,,,
KYRAW-02290,kentucky,historical_record_book,1999-2000,2000,1999-11-24,Maryland,Maryland,maryland,Yes,61,58,W,0,Neutral,NEUTRAL,,,,,,,REGULAR_SEASON,,190,Nov. 24 2 vs. Maryland 11/24 61-58 W,resolved,,,,,,,
KYRAW-02291,kentucky,historical_record_book,1999-2000,2000,1999-11-26,Arizona,Arizona,arizona,Yes,51,63,L,0,Neutral,NEUTRAL,,,,,,,REGULAR_SEASON,,190,Nov. 26 2 vs. Arizona 11/8 51-63 L,resolved,,,,,,,
KYRAW-02292,kentucky,historical_record_book,1999-2000,2000,1999-11-29,Dayton,Dayton,dayton,Yes,66,68,L,0,Neutral,NEUTRAL,,,,,,,REGULAR_SEASON,,190,Nov. 29 3 vs. Dayton 11/NR 66-68 L,resolved,,,,,,,
KYRAW-02293,kentucky,historical_record_book,1999-2000,2000,1999-12-04,Indiana,Indiana,indiana,Yes,75,83,L,0,Neutral,NEUTRAL,,,,,,,REGULAR_SEASON,,190,Dec. 4 4 vs. Indiana 13/23 75-83 L,resolved,,,,,,,
KYRAW-02294,kentucky,historical_record_book,1999-2000,2000,1999-12-07,UNC Asheville,UNC Asheville,unc-asheville,Yes,86,41,W,0,Kentucky Home,SOURCE_PROGRAM_HOME,Rupp Arena,Rupp Arena,Lexington,KY,,,REGULAR_SEASON,,190,Dec. 7 UNC ASHEVILLE 23/NR 86-41 W,resolved,,,,,,,
KYRAW-02295,kentucky,historical_record_book,1999-2000,2000,1999-12-11,Maryland,Maryland,maryland,Yes,66,72,L,0,Opponent Home,OPPONENT_HOME,,,,,,,REGULAR_SEASON,,190,Dec. 11 at Maryland 23/21 66-72 L,resolved,,,,,,,
KYRAW-02296,kentucky,historical_record_book,1999-2000,2000,1999-12-18,Louisville,Louisville,louisville,Yes,76,46,W,0,Kentucky Home,SOURCE_PROGRAM_HOME,Rupp Arena,Rupp Arena,Lexington,KY,,,REGULAR_SEASON,,190,Dec. 18 LOUISVILLE NR/NR 76-46 W,resolved,,,,,,,
KYRAW-02297,kentucky,historical_record_book,1999-2000,2000,1999-12-23,Michigan State,Michigan State,michigan-state,Yes,60,58,W,0,Kentucky Home,SOURCE_PROGRAM_HOME,Rupp Arena,Rupp Arena,Lexington,KY,,,REGULAR_SEASON,,190,Dec. 23 MICHIGAN STATE NR/5 60-58 W,resolved,,,,,,,
KYRAW-02298,kentucky,historical_record_book,1999-2000,2000,1999-12-27,Alaska Anchorage,Alaska Anchorage,alaska-anchorage,No,62,42,W,0,Kentucky Home,SOURCE_PROGRAM_HOME,Rupp Arena,Rupp Arena,Lexington,KY,,,REGULAR_SEASON,,190,Dec. 27 ALASKA ANCHORAGE NR/NR 62-42 W,resolved,,,,,,,
KYRAW-02299,kentucky,historical_record_book,1999-2000,2000,1999-12-30,Missouri,Mizzou,missouri,Yes,70,53,W,0,Neutral,NEUTRAL,,,,,,,REGULAR_SEASON,,190,Dec. 30 5 vs. Missouri NR/NR 70-53 W,resolved,,,,,,,
KYRAW-02300,kentucky,historical_record_book,1999-2000,2000,2000-01-05,Georgia Tech,Georgia Tech,georgia-tech,Yes,80,71,W,0,Neutral,NEUTRAL,,,,,,,REGULAR_SEASON,,190,Jan. 5 6 vs. Georgia Tech 25/NR 80-71 W,resolved,,,,,,,
KYRAW-02301,kentucky,historical_record_book,1999-2000,2000,2000-01-08,Vanderbilt,Vanderbilt,vanderbilt,Yes,72,52,W,0,Kentucky Home,SOURCE_PROGRAM_HOME,Rupp Arena,Rupp Arena,Lexington,KY,,,REGULAR_SEASON,,190,Jan. 8 * VANDERBILT 25/NR 72-52 W,resolved,,,,,,,
KYRAW-02302,kentucky,historical_record_book,1999-2000,2000,2000-01-11,Auburn,Auburn,auburn,Yes,63,66,L,0,Opponent Home,OPPONENT_HOME,,,,,,,REGULAR_SEASON,,190,Jan. 11 * at Auburn 20/4 63-66 L,resolved,,,,,,,
KYRAW-02303,kentucky,historical_record_book,1999-2000,2000,2000-01-15,South Carolina,South Carolina,south-carolina,Yes,64,48,W,0,Opponent Home,OPPONENT_HOME,,,,,,,REGULAR_SEASON,,190,Jan. 15 * at South Carolina 20/NR 64-48 W,resolved,,,,,,,
KYRAW-02304,kentucky,historical_record_book,1999-2000,2000,2000-01-19,Ole Miss,Ole Miss,ole-miss,Yes,74,69,W,0,Kentucky Home,SOURCE_PROGRAM_HOME,Rupp Arena,Rupp Arena,Lexington,KY,,,REGULAR_SEASON,,190,Jan. 19 * OLE MISS 18/NR 74-69 W,resolved,,,,,,,
KYRAW-02305,kentucky,historical_record_book,1999-2000,2000,2000-01-22,Vanderbilt,Vanderbilt,vanderbilt,Yes,81,73,W,1,Opponent Home,OPPONENT_HOME,,,,,,,REGULAR_SEASON,,190,Jan. 22 * at Vanderbilt 18/20 81-73 W OT,resolved,,,,,,,
KYRAW-02306,kentucky,historical_record_book,1999-2000,2000,2000-01-26,Georgia,Georgia,georgia,Yes,75,69,W,0,Opponent Home,OPPONENT_HOME,,,,,,,REGULAR_SEASON,,190,Jan. 26 * at Georgia 16/NR 75-69 W,resolved,,,,,,,
KYRAW-02307,kentucky,historical_record_book,1999-2000,2000,2000-01-29,Miami (Fla.),Miami,miami,Yes,60,57,W,0,Opponent Home,OPPONENT_HOME,,,,,,,REGULAR_SEASON,,190,Jan. 29 at Miami (Fla.) 16/NR 60-57 W,resolved,,,,,,,
KYRAW-02308,kentucky,historical_record_book,1999-2000,2000,2000-02-01,Tennessee,Tennessee,tennessee,Yes,81,68,W,0,Kentucky Home,SOURCE_PROGRAM_HOME,Rupp Arena,Rupp Arena,Lexington,KY,,,REGULAR_SEASON,,190,Feb. 1 * TENNESSEE 14/6 81-68 W,resolved,,,,,,,
KYRAW-02309,kentucky,historical_record_book,1999-2000,2000,2000-02-05,South Carolina,South Carolina,south-carolina,Yes,76,63,W,0,Kentucky Home,SOURCE_PROGRAM_HOME,Rupp Arena,Rupp Arena,Lexington,KY,,,REGULAR_SEASON,,190,Feb. 5 * SOUTH CAROLINA 14/NR 76-63 W,resolved,,,,,,,
KYRAW-02310,kentucky,historical_record_book,1999-2000,2000,2000-02-08,Florida,Florida,florida,Yes,73,90,L,0,Opponent Home,OPPONENT_HOME,,,,,,,REGULAR_SEASON,,190,Feb. 8 * at Florida 11/12 73-90 L,resolved,,,,,,,
KYRAW-02311,kentucky,historical_record_book,1999-2000,2000,2000-02-13,LSU,LSU,lsu,Yes,57,70,L,0,Opponent Home,OPPONENT_HOME,,,,,,,REGULAR_SEASON,,190,Feb. 13 * at LSU 11/25 57-70 L,resolved,,,,,,,
KYRAW-02312,kentucky,historical_record_book,1999-2000,2000,2000-02-16,Alabama,Alabama,alabama,Yes,66,54,W,0,Kentucky Home,SOURCE_PROGRAM_HOME,Rupp Arena,Rupp Arena,Lexington,KY,,,REGULAR_SEASON,,190,Feb. 16 * ALABAMA 19/NR 66-54 W,resolved,,,,,,,
KYRAW-02313,kentucky,historical_record_book,1999-2000,2000,2000-02-19,Georgia,Georgia,georgia,Yes,70,64,W,0,Kentucky Home,SOURCE_PROGRAM_HOME,Rupp Arena,Rupp Arena,Lexington,KY,,,REGULAR_SEASON,,190,Feb. 19 * GEORGIA 19/NR 70-64 W,resolved,,,,,,,
KYRAW-02314,kentucky,historical_record_book,1999-2000,2000,2000-02-23,Tennessee,Tennessee,tennessee,Yes,67,74,L,0,Opponent Home,OPPONENT_HOME,,,,,,,REGULAR_SEASON,,190,Feb. 23 * at Tennessee 18/7 67-74 L,resolved,,,,,,,
KYRAW-02315,kentucky,historical_record_book,1999-2000,2000,2000-02-26,Arkansas,Arkansas,arkansas,Yes,60,55,W,0,Kentucky Home,SOURCE_PROGRAM_HOME,Rupp Arena,Rupp Arena,Lexington,KY,,,REGULAR_SEASON,,190,Feb. 26 * ARKANSAS 18/NR 60-55 W,resolved,,,,,,,
KYRAW-02316,kentucky,historical_record_book,1999-2000,2000,2000-02-29,Mississippi State,Mississippi State,mississippi-state,Yes,73,61,W,0,Opponent Home,OPPONENT_HOME,,,,,,,REGULAR_SEASON,,190,Feb. 29 * at Mississippi State 22/NR 73-61 W,resolved,,,,,,,
KYRAW-02317,kentucky,historical_record_book,1999-2000,2000,2000-03-04,Florida,Florida,florida,Yes,85,70,W,0,Kentucky Home,SOURCE_PROGRAM_HOME,Rupp Arena,Rupp Arena,Lexington,KY,,,REGULAR_SEASON,,190,Mar. 4 * FLORIDA 22/8 85-70 W,resolved,,,,,,,
KYRAW-02318,kentucky,historical_record_book,1999-2000,2000,2000-03-10,Arkansas,Arkansas,arkansas,Yes,72,86,L,0,Neutral,NEUTRAL,,,,,SEC Tournament,,CONFERENCE_TOURNAMENT,,190,Mar. 10 7 vs. Arkansas 16/NR 72-86 L,resolved,,,,,,,
KYRAW-02319,kentucky,historical_record_book,1999-2000,2000,2000-03-16,St. Bonaventure,St. Bonaventure,st-bonaventure,Yes,85,80,W,2,Neutral,NEUTRAL,,,,,NCAA Tournament,,NCAA_TOURNAMENT,R64,190,Mar. 16 8 vs. St. Bonaventure 19/NR 85-80 W 2OT,resolved,,,,,,,
KYRAW-02320,kentucky,historical_record_book,1999-2000,2000,2000-03-18,Syracuse,Syracuse,syracuse,Yes,50,52,L,0,Neutral,NEUTRAL,,,,,NCAA Tournament,,NCAA_TOURNAMENT,R32,190,Mar. 18 8 vs. Syracuse 19/16 50-52 L,resolved,,,,,,,
KYRAW-02321,kentucky,historical_record_book,2000-2001,2001,2000-11-09,St. John’s,St. John's,st-john-s,Yes,61,62,L,0,Neutral,NEUTRAL,,,,,,,REGULAR_SEASON,,190,Nov. 9 1 vs. St. John’s 12/24 61-62 L,resolved,,,,,,,
KYRAW-02322,kentucky,historical_record_book,2000-2001,2001,2000-11-10,UCLA,UCLA,ucla,Yes,92,97,L,1,Neutral,NEUTRAL,,,,,,,REGULAR_SEASON,,190,Nov. 10 1 vs. UCLA 12/17 92-97 L OT,resolved,,,,,,,
KYRAW-02323,kentucky,historical_record_book,2000-2001,2001,2000-11-21,Jacksonville State,Jacksonville State,jacksonville-state,Yes,91,48,W,0,Neutral,NEUTRAL,,,,,,,REGULAR_SEASON,,190,Nov. 21 2 vs. Jacksonville State 20/NR 91-48 W,resolved,,,,,,,
KYRAW-02324,kentucky,historical_record_book,2000-2001,2001,2000-11-25,Penn State,Penn State,penn-state,Yes,68,73,L,0,Kentucky Home,SOURCE_PROGRAM_HOME,Rupp Arena,Rupp Arena,Lexington,KY,,,REGULAR_SEASON,,190,Nov. 25 PENN STATE 22/NR 68-73 L,resolved,,,,,,,
KYRAW-02325,kentucky,historical_record_book,2000-2001,2001,2000-12-02,North Carolina,North Carolina,north-carolina,Yes,93,76,W,0,Opponent Home,OPPONENT_HOME,,,,,,,REGULAR_SEASON,,190,Dec. 2 at North Carolina NR/6 93-76 W,resolved,,,,,,,
KYRAW-02326,kentucky,historical_record_book,2000-2001,2001,2000-12-05,Eastern Kentucky,Eastern Kentucky,eastern-kentucky,Yes,94,79,W,0,Kentucky Home,SOURCE_PROGRAM_HOME,Rupp Arena,Rupp Arena,Lexington,KY,,,REGULAR_SEASON,,190,Dec. 5 EASTERN KENTUCKY NR/NR 94-79 W,resolved,,,,,,,
KYRAW-02327,kentucky,historical_record_book,2000-2001,2001,2000-12-09,Georgia Tech,Georgia Tech,georgia-tech,Yes,84,86,L,0,Neutral,NEUTRAL,,,,,,,REGULAR_SEASON,,190,Dec. 9 3 vs. Georgia Tech NR/NR 84-86 L,resolved,,,,,,,
KYRAW-02328,kentucky,historical_record_book,2000-2001,2001,2000-12-16,Michigan State,Michigan State,michigan-state,Yes,45,46,L,0,Opponent Home,OPPONENT_HOME,,,,,,,REGULAR_SEASON,,190,Dec. 16 at Michigan State NR/2 45-46 L,resolved,,,,,,,
KYRAW-02329,kentucky,historical_record_book,2000-2001,2001,2000-12-22,Indiana,Indiana,indiana,Yes,88,74,W,0,Neutral,NEUTRAL,,,,,,,REGULAR_SEASON,,190,Dec. 22 4 vs. Indiana NR/NR 88-74 W,resolved,,,,,,,
KYRAW-02330,kentucky,historical_record_book,2000-2001,2001,2000-12-27,High Point,High Point,high-point,Yes,102,49,W,0,Kentucky Home,SOURCE_PROGRAM_HOME,Rupp Arena,Rupp Arena,Lexington,KY,,,REGULAR_SEASON,,190,Dec. 27 HIGH POINT NR/NR 102-49 W,resolved,,,,,,,
KYRAW-02331,kentucky,historical_record_book,2000-2001,2001,2001-01-02,Louisville,Louisville,louisville,Yes,64,62,W,0,Opponent Home,OPPONENT_HOME,,,,,,,REGULAR_SEASON,,190,Jan. 2 at Louisville NR/NR 64-62 W,resolved,,,,,,,
KYRAW-02332,kentucky,historical_record_book,2000-2001,2001,2001-01-06,Georgia,Georgia,georgia,Yes,67,63,W,0,Kentucky Home,SOURCE_PROGRAM_HOME,Rupp Arena,Rupp Arena,Lexington,KY,,,REGULAR_SEASON,,190,Jan. 6 * GEORGIA NR/NR 67-63 W,resolved,,,,,,,
KYRAW-02333,kentucky,historical_record_book,2000-2001,2001,2001-01-10,South Carolina,South Carolina,south-carolina,Yes,69,63,W,0,Kentucky Home,SOURCE_PROGRAM_HOME,Rupp Arena,Rupp Arena,Lexington,KY,,,REGULAR_SEASON,,190,Jan. 10 * SOUTH CAROLINA NR/NR 69-63 W,resolved,,,,,,,
KYRAW-02334,kentucky,historical_record_book,2000-2001,2001,2001-01-13,Notre Dame,Notre Dame,notre-dame,Yes,82,71,W,0,Kentucky Home,SOURCE_PROGRAM_HOME,Rupp Arena,Rupp Arena,Lexington,KY,,,REGULAR_SEASON,,190,Jan. 13 NOTRE DAME NR/25 82-71 W,resolved,,,,,,,
KYRAW-02335,kentucky,historical_record_book,2000-2001,2001,2001-01-16,Tennessee,Tennessee,tennessee,Yes,84,74,W,0,Kentucky Home,SOURCE_PROGRAM_HOME,Rupp Arena,Rupp Arena,Lexington,KY,,,REGULAR_SEASON,,190,Jan. 16 * TENNESSEE NR/4 84-74 W,resolved,,,,,,,
KYRAW-02336,kentucky,historical_record_book,2000-2001,2001,2001-01-20,Ole Miss,Ole Miss,ole-miss,Yes,55,65,L,0,Opponent Home,OPPONENT_HOME,,,,,,,REGULAR_SEASON,,190,Jan. 20 * at Ole Miss NR/21 55-65 L,resolved,,,,,,,
KYRAW-02337,kentucky,historical_record_book,2000-2001,2001,2001-01-23,Alabama,Alabama,alabama,Yes,60,70,L,0,Opponent Home,OPPONENT_HOME,,,,,,,REGULAR_SEASON,,190,Jan. 23 * at Alabama NR/18 60-70 L,resolved,,,,,,,
KYRAW-02338,kentucky,historical_record_book,2000-2001,2001,2001-01-27,Vanderbilt,Vanderbilt,vanderbilt,Yes,86,75,W,0,Kentucky Home,SOURCE_PROGRAM_HOME,Rupp Arena,Rupp Arena,Lexington,KY,,,REGULAR_SEASON,,190,Jan. 27 * VANDERBILT NR/NR 86-75 W,resolved,,,,,,,
KYRAW-02339,kentucky,historical_record_book,2000-2001,2001,2001-01-31,Georgia,Georgia,georgia,Yes,85,70,W,0,Opponent Home,OPPONENT_HOME,,,,,,,REGULAR_SEASON,,190,Jan. 31 * at Georgia NR/25 85-70 W,resolved,,,,,,,
KYRAW-02340,kentucky,historical_record_book,2000-2001,2001,2001-02-03,South Carolina,South Carolina,south-carolina,Yes,94,61,W,0,Opponent Home,OPPONENT_HOME,,,,,,,REGULAR_SEASON,,190,Feb. 3 * at South Carolina NR/NR 94-61 W,resolved,,,,,,,
KYRAW-02341,kentucky,historical_record_book,2000-2001,2001,2001-02-06,Florida,Florida,florida,Yes,71,70,W,0,Kentucky Home,SOURCE_PROGRAM_HOME,Rupp Arena,Rupp Arena,Lexington,KY,,,REGULAR_SEASON,,190,Feb. 6 * FLORIDA NR/8 71-70 W,resolved,,,,,,,
KYRAW-02342,kentucky,historical_record_book,2000-2001,2001,2001-02-10,Mississippi State,Mississippi State,mississippi-state,Yes,76,57,W,0,Kentucky Home,SOURCE_PROGRAM_HOME,Rupp Arena,Rupp Arena,Lexington,KY,,,REGULAR_SEASON,,190,Feb. 10 * MISSISSIPPI STATE NR/NR 76-57 W,resolved,,,,,,,
KYRAW-02343,kentucky,historical_record_book,2000-2001,2001,2001-02-14,Tennessee,Tennessee,tennessee,Yes,103,95,W,0,Opponent Home,OPPONENT_HOME,,,,,,,REGULAR_SEASON,,190,Feb. 14 * at Tennessee 22/15 103-95 W,resolved,,,,,,,
KYRAW-02344,kentucky,historical_record_book,2000-2001,2001,2001-02-17,Vanderbilt,Vanderbilt,vanderbilt,Yes,79,74,W,0,Opponent Home,OPPONENT_HOME,,,,,,,REGULAR_SEASON,,190,Feb. 17 * at Vanderbilt 22/NR 79-74 W,resolved,,,,,,,
KYRAW-02345,kentucky,historical_record_book,2000-2001,2001,2001-02-21,LSU,LSU,lsu,Yes,84,61,W,0,Kentucky Home,SOURCE_PROGRAM_HOME,Rupp Arena,Rupp Arena,Lexington,KY,,,REGULAR_SEASON,,190,Feb. 21 * LSU 13/NR 84-61 W,resolved,,,,,,,
KYRAW-02346,kentucky,historical_record_book,2000-2001,2001,2001-02-25,Arkansas,Arkansas,arkansas,Yes,78,82,L,0,Opponent Home,OPPONENT_HOME,,,,,,,REGULAR_SEASON,,190,Feb. 25 * at Arkansas 13/NR 78-82 L,resolved,,,,,,,
KYRAW-02347,kentucky,historical_record_book,2000-2001,2001,2001-02-28,Auburn,Auburn,auburn,Yes,90,78,W,0,Kentucky Home,SOURCE_PROGRAM_HOME,Rupp Arena,Rupp Arena,Lexington,KY,,,REGULAR_SEASON,,190,Feb. 28 * AUBURN 15/NR 90-78 W,resolved,,,,,,,
KYRAW-02348,kentucky,historical_record_book,2000-2001,2001,2001-03-04,Florida,Florida,florida,Yes,86,94,L,0,Opponent Home,OPPONENT_HOME,,,,,,,REGULAR_SEASON,,190,Mar. 4 * at Florida 15/6 86-94 L,resolved,,,,,,,
KYRAW-02349,kentucky,historical_record_book,2000-2001,2001,2001-03-09,South Carolina,South Carolina,south-carolina,Yes,78,65,W,0,Neutral,NEUTRAL,,,,,SEC Tournament,,CONFERENCE_TOURNAMENT,,190,Mar. 9 5 vs. South Carolina 15/NR 78-65 W,resolved,,,,,,,
KYRAW-02350,kentucky,historical_record_book,2000-2001,2001,2001-03-10,Arkansas,Arkansas,arkansas,Yes,87,78,W,0,Neutral,NEUTRAL,,,,,SEC Tournament,,CONFERENCE_TOURNAMENT,,190,Mar. 10 5 vs. Arkansas 15/NR 87-78 W,resolved,,,,,,,
KYRAW-02351,kentucky,historical_record_book,2000-2001,2001,2001-03-11,Ole Miss,Ole Miss,ole-miss,Yes,77,55,W,0,Neutral,NEUTRAL,,,,,SEC Tournament,,CONFERENCE_TOURNAMENT,Championship,190,Mar. 11 5 vs. Ole Miss 15/14 77-55 W,resolved,,,,,,,
KYRAW-02352,kentucky,historical_record_book,2000-2001,2001,2001-03-15,Holy Cross,Holy Cross,holy-cross,Yes,72,68,W,0,Neutral,NEUTRAL,,,,,NCAA Tournament,,NCAA_TOURNAMENT,R64,190,Mar. 15 6 vs. Holy Cross 9/NR 72-68 W,resolved,,,,,,,
KYRAW-02353,kentucky,historical_record_book,2000-2001,2001,2001-03-17,Iowa,Iowa,iowa,Yes,92,79,W,0,Neutral,NEUTRAL,,,,,NCAA Tournament,,NCAA_TOURNAMENT,R32,190,Mar. 17 6 vs. Iowa 9/24 92-79 W,resolved,,,,,,,
KYRAW-02354,kentucky,historical_record_book,2000-2001,2001,2001-03-22,Southern Cal,USC,usc,Yes,76,80,L,0,Kentucky Home,SOURCE_PROGRAM_HOME,Rupp Arena,Rupp Arena,Lexington,KY,NCAA Tournament,,NCAA_TOURNAMENT,Sweet Sixteen,190,Mar. 22 7 Southern Cal 9/NR 76-80 L,resolved,,,,,,,
KYRAW-02355,kentucky,historical_record_book,2001-2002,2002,2001-11-15,Western Kentucky,Western Kentucky,western-kentucky,Yes,52,64,L,0,Kentucky Home,SOURCE_PROGRAM_HOME,Rupp Arena,Rupp Arena,Lexington,KY,,,REGULAR_SEASON,,191,Nov. 15 1 WESTERN KENTUCKY 4/NR 52-64 L,resolved,,,,,,,
KYRAW-02356,kentucky,historical_record_book,2001-2002,2002,2001-11-16,Marshall,Marshall,marshall,Yes,90,73,W,0,Kentucky Home,SOURCE_PROGRAM_HOME,Rupp Arena,Rupp Arena,Lexington,KY,,,REGULAR_SEASON,,191,Nov. 16 1 MARSHALL 4/NR 90-73 W,resolved,,,,,,,
KYRAW-02357,kentucky,historical_record_book,2001-2002,2002,2001-11-24,Morehead State,Morehead State,morehead-state,Yes,94,75,W,0,Kentucky Home,SOURCE_PROGRAM_HOME,Rupp Arena,Rupp Arena,Lexington,KY,,,REGULAR_SEASON,,191,Nov. 24 MOREHEAD STATE 10/NR 94-75 W,resolved,,,,,,,
KYRAW-02358,kentucky,historical_record_book,2001-2002,2002,2001-11-28,Kent State,Kent State,kent-state,Yes,82,68,W,0,Neutral,NEUTRAL,,,,,,,REGULAR_SEASON,,191,Nov. 28 2 vs. Kent State 13/NR 82-68 W,resolved,,,,,,,
KYRAW-02359,kentucky,historical_record_book,2001-2002,2002,2001-12-05,VMI,VMI,vmi,Yes,99,57,W,0,Kentucky Home,SOURCE_PROGRAM_HOME,Rupp Arena,Rupp Arena,Lexington,KY,,,REGULAR_SEASON,,191,Dec. 5 VMI 11/NR 99-57 W,resolved,,,,,,,
KYRAW-02360,kentucky,historical_record_book,2001-2002,2002,2001-12-08,North Carolina,North Carolina,north-carolina,Yes,79,59,W,0,Kentucky Home,SOURCE_PROGRAM_HOME,Rupp Arena,Rupp Arena,Lexington,KY,,,REGULAR_SEASON,,191,Dec. 8 NORTH CAROLINA 11/NR 79-59 W,resolved,,,,,,,
KYRAW-02361,kentucky,historical_record_book,2001-2002,2002,2001-12-15,Kentucky State,Kentucky State,kentucky-state,No,118,63,W,0,Kentucky Home,SOURCE_PROGRAM_HOME,Rupp Arena,Rupp Arena,Lexington,KY,,,REGULAR_SEASON,,191,Dec. 15 KENTUCKY STATE 9/NR 118-63 W,resolved,,,,,,,
KYRAW-02362,kentucky,historical_record_book,2001-2002,2002,2001-12-18,Duke,Duke,duke,Yes,92,95,L,1,Neutral,NEUTRAL,,,,,,,REGULAR_SEASON,,191,Dec. 18 3 vs. Duke 7/1 92-95 L OT,resolved,,,,,,,
KYRAW-02363,kentucky,historical_record_book,2001-2002,2002,2001-12-22,Indiana,Indiana,indiana,Yes,66,52,W,0,Neutral,NEUTRAL,,,,,,,REGULAR_SEASON,,191,Dec. 22 4 vs. Indiana 7/NR 66-52 W,resolved,,,,,,,
KYRAW-02364,kentucky,historical_record_book,2001-2002,2002,2001-12-29,Louisville,Louisville,louisville,Yes,82,62,W,0,Kentucky Home,SOURCE_PROGRAM_HOME,Rupp Arena,Rupp Arena,Lexington,KY,,,REGULAR_SEASON,,191,Dec. 29 LOUISVILLE 6/NR 82-62 W,resolved,,,,,,,
KYRAW-02365,kentucky,historical_record_book,2001-2002,2002,2002-01-02,Tulane,Tulane,tulane,Yes,101,67,W,0,Neutral,NEUTRAL,,,,,,,REGULAR_SEASON,,191,Jan. 2 5 vs. Tulane 6/NR 101-67 W,resolved,,,,,,,
KYRAW-02366,kentucky,historical_record_book,2001-2002,2002,2002-01-05,Mississippi State,Mississippi State,mississippi-state,Yes,69,74,L,1,Opponent Home,OPPONENT_HOME,,,,,,,REGULAR_SEASON,,191,Jan. 5 * at Mississippi State 6/NR 69-74 L OT,resolved,,,,,,,
KYRAW-02367,kentucky,historical_record_book,2001-2002,2002,2002-01-09,Georgia,Georgia,georgia,Yes,84,88,L,0,Kentucky Home,SOURCE_PROGRAM_HOME,Rupp Arena,Rupp Arena,Lexington,KY,,,REGULAR_SEASON,,191,Jan. 9 * GEORGIA 8/NR 84-88 L,resolved,,,,,,,
KYRAW-02368,kentucky,historical_record_book,2001-2002,2002,2002-01-12,South Carolina,South Carolina,south-carolina,Yes,51,50,W,0,Opponent Home,OPPONENT_HOME,,,,,,,REGULAR_SEASON,,191,Jan. 12 * at South Carolina 8/NR 51-50 W,resolved,,,,,,,
KYRAW-02369,kentucky,historical_record_book,2001-2002,2002,2002-01-15,Ole Miss,Ole Miss,ole-miss,Yes,87,64,W,0,Kentucky Home,SOURCE_PROGRAM_HOME,Rupp Arena,Rupp Arena,Lexington,KY,,,REGULAR_SEASON,,191,Jan. 15 * OLE MISS 12/NR 87-64 W,resolved,,,,,,,
KYRAW-02370,kentucky,historical_record_book,2001-2002,2002,2002-01-19,Notre Dame,Notre Dame,notre-dame,Yes,72,65,W,0,Opponent Home,OPPONENT_HOME,,,,,,,REGULAR_SEASON,,191,Jan. 19 at Notre Dame 12/NR 72-65 W,resolved,,,,,,,
KYRAW-02371,kentucky,historical_record_book,2001-2002,2002,2002-01-22,Auburn,Auburn,auburn,Yes,69,62,W,0,Opponent Home,OPPONENT_HOME,,,,,,,REGULAR_SEASON,,191,Jan. 22 * at Auburn 8/NR 69-62 W,resolved,,,,,,,
KYRAW-02372,kentucky,historical_record_book,2001-2002,2002,2002-01-26,Alabama,Alabama,alabama,Yes,61,64,L,0,Kentucky Home,SOURCE_PROGRAM_HOME,Rupp Arena,Rupp Arena,Lexington,KY,,,REGULAR_SEASON,,191,Jan. 26 * ALABAMA 8/14 61-64 L,resolved,,,,,,,
KYRAW-02373,kentucky,historical_record_book,2001-2002,2002,2002-01-29,Florida,Florida,florida,Yes,70,68,W,0,Opponent Home,OPPONENT_HOME,,,,,,,REGULAR_SEASON,,191,Jan. 29 * at Florida 10/5 70-68 W,resolved,,,,,,,
KYRAW-02374,kentucky,historical_record_book,2001-2002,2002,2002-02-02,South Carolina,South Carolina,south-carolina,Yes,91,74,W,0,Kentucky Home,SOURCE_PROGRAM_HOME,Rupp Arena,Rupp Arena,Lexington,KY,,,REGULAR_SEASON,,191,Feb. 2 * SOUTH CAROLINA 10/NR 91-74 W,resolved,,,,,,,
KYRAW-02375,kentucky,historical_record_book,2001-2002,2002,2002-02-06,Tennessee,Tennessee,tennessee,Yes,74,76,L,1,Opponent Home,OPPONENT_HOME,,,,,,,REGULAR_SEASON,,191,Feb. 6 * at Tennessee 7/NR 74-76 L OT,resolved,,,,,,,
KYRAW-02376,kentucky,historical_record_book,2001-2002,2002,2002-02-09,LSU,LSU,lsu,Yes,68,56,W,0,Opponent Home,OPPONENT_HOME,,,,,,,REGULAR_SEASON,,191,Feb. 9 * at LSU 7/NR 68-56 W,resolved,,,,,,,
KYRAW-02377,kentucky,historical_record_book,2001-2002,2002,2002-02-13,Vanderbilt,Vanderbilt,vanderbilt,Yes,67,59,W,0,Kentucky Home,SOURCE_PROGRAM_HOME,Rupp Arena,Rupp Arena,Lexington,KY,,,REGULAR_SEASON,,191,Feb. 13 * VANDERBILT 10/NR 67-59 W,resolved,,,,,,,
KYRAW-02378,kentucky,historical_record_book,2001-2002,2002,2002-02-16,Georgia,Georgia,georgia,Yes,69,78,L,0,Opponent Home,OPPONENT_HOME,,,,,,,REGULAR_SEASON,,191,Feb. 16 * at Georgia 10/21 69-78 L,resolved,,,,,,,
KYRAW-02379,kentucky,historical_record_book,2001-2002,2002,2002-02-19,Tennessee,Tennessee,tennessee,Yes,64,61,W,0,Kentucky Home,SOURCE_PROGRAM_HOME,Rupp Arena,Rupp Arena,Lexington,KY,,,REGULAR_SEASON,,191,Feb. 19 * TENNESSEE 12/NR 64-61 W,resolved,,,,,,,
KYRAW-02380,kentucky,historical_record_book,2001-2002,2002,2002-02-23,Arkansas,Arkansas,arkansas,Yes,71,58,W,0,Kentucky Home,SOURCE_PROGRAM_HOME,Rupp Arena,Rupp Arena,Lexington,KY,,,REGULAR_SEASON,,191,Feb. 23 * ARKANSAS 12/NR 71-58 W,resolved,,,,,,,
KYRAW-02381,kentucky,historical_record_book,2001-2002,2002,2002-02-27,Vanderbilt,Vanderbilt,vanderbilt,Yes,73,86,L,0,Opponent Home,OPPONENT_HOME,,,,,,,REGULAR_SEASON,,191,Feb. 27 * at Vanderbilt 11/NR 73-86 L,resolved,,,,,,,
KYRAW-02382,kentucky,historical_record_book,2001-2002,2002,2002-03-02,Florida,Florida,florida,Yes,70,67,W,0,Kentucky Home,SOURCE_PROGRAM_HOME,Rupp Arena,Rupp Arena,Lexington,KY,,,REGULAR_SEASON,,191,Mar. 2 * FLORIDA 11/8 70-67 W,resolved,,,,,,,
KYRAW-02383,kentucky,historical_record_book,2001-2002,2002,2002-03-08,South Carolina,South Carolina,south-carolina,Yes,57,70,L,0,Neutral,NEUTRAL,,,,,SEC Tournament,,CONFERENCE_TOURNAMENT,,191,Mar. 8 6 vs. South Carolina 12/NR 57-70 L,resolved,,,,,,,
KYRAW-02384,kentucky,historical_record_book,2001-2002,2002,2002-03-14,Valparaiso,Valparaiso,valparaiso,Yes,83,68,W,0,Neutral,NEUTRAL,,,,,NCAA Tournament,,NCAA_TOURNAMENT,R64,191,Mar. 14 7 vs. Valparaiso 16/NR 83-68 W,resolved,,,,,,,
KYRAW-02385,kentucky,historical_record_book,2001-2002,2002,2002-03-16,Tulsa,Tulsa,tulsa,Yes,87,82,W,0,Neutral,NEUTRAL,,,,,NCAA Tournament,,NCAA_TOURNAMENT,R32,191,Mar. 16 7 vs. Tulsa 16/NR 87-82 W,resolved,,,,,,,
KYRAW-02386,kentucky,historical_record_book,2001-2002,2002,2002-03-22,Maryland,Maryland,maryland,Yes,68,78,L,0,Neutral,NEUTRAL,,,,,NCAA Tournament,,NCAA_TOURNAMENT,Sweet Sixteen,191,Mar. 22 8 vs. Maryland 16/4 68-78 L,resolved,,,,,,,
KYRAW-02387,kentucky,historical_record_book,2002-2003,2003,2002-11-25,Arizona State,Arizona State,arizona-state,Yes,82,65,W,0,Neutral,NEUTRAL,,,,,,,REGULAR_SEASON,,191,Nov. 25 1 vs. Arizona State 17/NR 82-65 W,resolved,,,,,,,
KYRAW-02388,kentucky,historical_record_book,2002-2003,2003,2002-11-26,Virginia,Virginia,virginia,Yes,61,75,L,0,Neutral,NEUTRAL,,,,,,,REGULAR_SEASON,,191,Nov. 26 1 vs. Virginia 15/NR 61-75 L,resolved,,,,,,,
KYRAW-02389,kentucky,historical_record_book,2002-2003,2003,2002-11-27,Gonzaga,Gonzaga,gonzaga,Yes,80,72,W,0,Neutral,NEUTRAL,,,,,,,REGULAR_SEASON,,191,Nov. 27 1 vs. Gonzaga 15/20 80-72 W,resolved,,,,,,,
KYRAW-02390,kentucky,historical_record_book,2002-2003,2003,2002-12-03,High Point,High Point,high-point,Yes,84,64,W,0,Kentucky Home,SOURCE_PROGRAM_HOME,Rupp Arena,Rupp Arena,Lexington,KY,,,REGULAR_SEASON,,191,Dec. 3 HIGH POINT 18/NR 84-64 W,resolved,,,,,,,
KYRAW-02391,kentucky,historical_record_book,2002-2003,2003,2002-12-07,North Carolina,North Carolina,north-carolina,Yes,98,81,W,0,Opponent Home,OPPONENT_HOME,,,,,,,REGULAR_SEASON,,191,Dec. 7 at North Carolina 18/12 98-81 W,resolved,,,,,,,
KYRAW-02392,kentucky,historical_record_book,2002-2003,2003,2002-12-10,Tulane,Tulane,tulane,Yes,76,60,W,0,Opponent Home,OPPONENT_HOME,,,,,,,REGULAR_SEASON,,191,Dec. 10 at Tulane 12/NR 76-60 W,resolved,,,,,,,
KYRAW-02393,kentucky,historical_record_book,2002-2003,2003,2002-12-14,Michigan State,Michigan State,michigan-state,Yes,67,71,L,0,Kentucky Home,SOURCE_PROGRAM_HOME,Rupp Arena,Rupp Arena,Lexington,KY,,,REGULAR_SEASON,,191,Dec. 14 MICHIGAN STATE 12/21 67-71 L,resolved,,,,,,,
KYRAW-02394,kentucky,historical_record_book,2002-2003,2003,2002-12-21,Indiana,Indiana,indiana,Yes,70,64,W,0,Neutral,NEUTRAL,,,,,,,REGULAR_SEASON,,191,Dec. 21 2 vs. Indiana 18/6 70-64 W,resolved,,,,,,,
KYRAW-02395,kentucky,historical_record_book,2002-2003,2003,2002-12-28,Louisville,Louisville,louisville,Yes,63,81,L,0,Opponent Home,OPPONENT_HOME,,,,,,,REGULAR_SEASON,,191,Dec. 28 at Louisville 14/NR 63-81 L,resolved,,,,,,,
KYRAW-02396,kentucky,historical_record_book,2002-2003,2003,2002-12-30,Tennessee State,Tennessee State,tennessee-state,Yes,115,87,W,0,Kentucky Home,SOURCE_PROGRAM_HOME,Rupp Arena,Rupp Arena,Lexington,KY,,,REGULAR_SEASON,,191,Dec. 30 TENNESSEE STATE 20/NR 115-87 W,resolved,,,,,,,
KYRAW-02397,kentucky,historical_record_book,2002-2003,2003,2003-01-02,Alcorn State,Alcorn State,alcorn-state,Yes,94,63,W,0,Kentucky Home,SOURCE_PROGRAM_HOME,Rupp Arena,Rupp Arena,Lexington,KY,,,REGULAR_SEASON,,191,Jan. 2 ALCORN STATE 20/NR 94-63 W,resolved,,,,,,,
KYRAW-02398,kentucky,historical_record_book,2002-2003,2003,2003-01-04,Ohio,Ohio,ohio,Yes,83,75,W,0,Neutral,NEUTRAL,,,,,,,REGULAR_SEASON,,191,Jan. 4 3 vs. Ohio 20/NR 83-75 W,resolved,,,,,,,
KYRAW-02399,kentucky,historical_record_book,2002-2003,2003,2003-01-08,Tennessee,Tennessee,tennessee,Yes,74,71,W,0,Opponent Home,OPPONENT_HOME,,,,,,,REGULAR_SEASON,,191,Jan. 8 * at Tennessee 18/NR 74-71 W,resolved,,,,,,,
KYRAW-02400,kentucky,historical_record_book,2002-2003,2003,2003-01-11,South Carolina,South Carolina,south-carolina,Yes,62,55,W,0,Kentucky Home,SOURCE_PROGRAM_HOME,Rupp Arena,Rupp Arena,Lexington,KY,,,REGULAR_SEASON,,191,Jan. 11 * SOUTH CAROLINA 18/NR 62-55 W,resolved,,,,,,,
KYRAW-02401,kentucky,historical_record_book,2002-2003,2003,2003-01-14,Vanderbilt,Vanderbilt,vanderbilt,Yes,74,52,W,0,Opponent Home,OPPONENT_HOME,,,,,,,REGULAR_SEASON,,191,Jan. 14 * at Vanderbilt 16/NR 74-52 W,resolved,,,,,,,
KYRAW-02402,kentucky,historical_record_book,2002-2003,2003,2003-01-18,Notre Dame,Notre Dame,notre-dame,Yes,88,73,W,0,Kentucky Home,SOURCE_PROGRAM_HOME,Rupp Arena,Rupp Arena,Lexington,KY,,,REGULAR_SEASON,,191,Jan. 18 NOTRE DAME 16/10 88-73 W,resolved,,,,,,,
KYRAW-02403,kentucky,historical_record_book,2002-2003,2003,2003-01-22,Auburn,Auburn,auburn,Yes,67,51,W,0,Kentucky Home,SOURCE_PROGRAM_HOME,Rupp Arena,Rupp Arena,Lexington,KY,,,REGULAR_SEASON,,191,Jan. 22 * AUBURN 8/24 67-51 W,resolved,,,,,,,
KYRAW-02404,kentucky,historical_record_book,2002-2003,2003,2003-01-25,Alabama,Alabama,alabama,Yes,63,46,W,0,Opponent Home,OPPONENT_HOME,,,,,,,REGULAR_SEASON,,191,Jan. 25 * at Alabama 8/15 63-46 W,resolved,,,,,,,
KYRAW-02405,kentucky,historical_record_book,2002-2003,2003,2003-02-01,South Carolina,South Carolina,south-carolina,Yes,87,69,W,0,Opponent Home,OPPONENT_HOME,,,,,,,REGULAR_SEASON,,191,Feb. 1 * at South Carolina 7/NR 87-69 W,resolved,,,,,,,
KYRAW-02406,kentucky,historical_record_book,2002-2003,2003,2003-02-04,Florida,Florida,florida,Yes,70,55,W,0,Kentucky Home,SOURCE_PROGRAM_HOME,Rupp Arena,Rupp Arena,Lexington,KY,,,REGULAR_SEASON,,191,Feb. 4 * FLORIDA 6/1 70-55 W,resolved,,,,,,,
KYRAW-02407,kentucky,historical_record_book,2002-2003,2003,2003-02-08,Ole Miss,Ole Miss,ole-miss,Yes,80,62,W,0,Opponent Home,OPPONENT_HOME,,,,,,,REGULAR_SEASON,,191,Feb. 8 * at Ole Miss 6/NR 80-62 W,resolved,,,,,,,
KYRAW-02408,kentucky,historical_record_book,2002-2003,2003,2003-02-11,Georgia,Georgia,georgia,Yes,87,67,W,0,Kentucky Home,SOURCE_PROGRAM_HOME,Rupp Arena,Rupp Arena,Lexington,KY,,,REGULAR_SEASON,,191,Feb. 11 * GEORGIA 3/20 87-67 W,resolved,,,,,,,
KYRAW-02409,kentucky,historical_record_book,2002-2003,2003,2003-02-15,LSU,LSU,lsu,Yes,68,57,W,0,Kentucky Home,SOURCE_PROGRAM_HOME,Rupp Arena,Rupp Arena,Lexington,KY,,,REGULAR_SEASON,,191,Feb. 15 * LSU 3/NR 68-57 W,resolved,,,,,,,
KYRAW-02410,kentucky,historical_record_book,2002-2003,2003,2003-02-19,Arkansas,Arkansas,arkansas,Yes,66,50,W,0,Opponent Home,OPPONENT_HOME,,,,,,,REGULAR_SEASON,,191,Feb. 19 * at Arkansas 2/NR 66-50 W,resolved,,,,,,,
KYRAW-02411,kentucky,historical_record_book,2002-2003,2003,2003-02-23,Mississippi State,Mississippi State,mississippi-state,Yes,70,62,W,0,Kentucky Home,SOURCE_PROGRAM_HOME,Rupp Arena,Rupp Arena,Lexington,KY,,,REGULAR_SEASON,,191,Feb. 23 * MISSISSIPPI STATE 2/19 70-62 W,resolved,,,,,,,
KYRAW-02412,kentucky,historical_record_book,2002-2003,2003,2003-02-26,Tennessee,Tennessee,tennessee,Yes,80,68,W,0,Kentucky Home,SOURCE_PROGRAM_HOME,Rupp Arena,Rupp Arena,Lexington,KY,,,REGULAR_SEASON,,191,Feb. 26 * TENNESSEE 2/NR 80-68 W,resolved,,,,,,,
KYRAW-02413,kentucky,historical_record_book,2002-2003,2003,2003-03-02,Georgia,Georgia,georgia,Yes,74,66,W,0,Opponent Home,OPPONENT_HOME,,,,,,,REGULAR_SEASON,,191,Mar. 2 * at Georgia 2/21 74-66 W,resolved,,,,,,,
KYRAW-02414,kentucky,historical_record_book,2002-2003,2003,2003-03-05,Vanderbilt,Vanderbilt,vanderbilt,Yes,106,44,W,0,Kentucky Home,SOURCE_PROGRAM_HOME,Rupp Arena,Rupp Arena,Lexington,KY,,,REGULAR_SEASON,,191,Mar. 5 * VANDERBILT 2/NR 106-44 W,resolved,,,,,,,
KYRAW-02415,kentucky,historical_record_book,2002-2003,2003,2003-03-08,Florida,Florida,florida,Yes,69,67,W,0,Opponent Home,OPPONENT_HOME,,,,,,,REGULAR_SEASON,,191,Mar. 8 * at Florida 2/3 69-67 W,resolved,,,,,,,
KYRAW-02416,kentucky,historical_record_book,2002-2003,2003,2003-03-14,Vanderbilt,Vanderbilt,vanderbilt,Yes,81,63,W,0,Neutral,NEUTRAL,,,,,SEC Tournament,,CONFERENCE_TOURNAMENT,,191,Mar. 14 4 vs. Vanderbilt 2/NR 81-63 W,resolved,,,,,,,
KYRAW-02417,kentucky,historical_record_book,2002-2003,2003,2003-03-15,Auburn,Auburn,auburn,Yes,78,58,W,0,Neutral,NEUTRAL,,,,,SEC Tournament,,CONFERENCE_TOURNAMENT,,191,Mar. 15 4 vs. Auburn 2/NR 78-58 W,resolved,,,,,,,
KYRAW-02418,kentucky,historical_record_book,2002-2003,2003,2003-03-16,Mississippi State,Mississippi State,mississippi-state,Yes,64,57,W,0,Neutral,NEUTRAL,,,,,SEC Tournament,,CONFERENCE_TOURNAMENT,Championship,191,Mar. 16 4 vs. Mississippi State 2/NR 64-57 W,resolved,,,,,,,
KYRAW-02419,kentucky,historical_record_book,2002-2003,2003,2003-03-21,IUPUI,IU Indy,iu-indianapolis,Yes,95,64,W,0,Neutral,NEUTRAL,,,,,NCAA Tournament,,NCAA_TOURNAMENT,R64,191,Mar. 21 5 vs. IUPUI 1/NR 95-64 W,resolved,,,,,,,
KYRAW-02420,kentucky,historical_record_book,2002-2003,2003,2003-03-23,Utah,Utah,utah,Yes,74,54,W,0,Neutral,NEUTRAL,,,,,NCAA Tournament,,NCAA_TOURNAMENT,R32,191,Mar. 23 5 vs. Utah 1/NR 74-54 W,resolved,,,,,,,
KYRAW-02421,kentucky,historical_record_book,2002-2003,2003,2003-03-27,Wisconsin,Wisconsin,wisconsin,Yes,63,57,W,0,Neutral,NEUTRAL,,,,,NCAA Tournament,,NCAA_TOURNAMENT,Sweet Sixteen,191,Mar. 27 6 vs. Wisconsin 1/21 63-57 W,resolved,,,,,,,
KYRAW-02422,kentucky,historical_record_book,2002-2003,2003,2003-03-29,Marquette,Marquette,marquette,Yes,69,83,L,0,Neutral,NEUTRAL,,,,,NCAA Tournament,,NCAA_TOURNAMENT,Elite Eight,191,Mar. 29 6 vs. Marquette 1/9 69-83 L,resolved,,,,,,,
KYRAW-02423,kentucky,historical_record_book,2003-2004,2004,2003-11-21,Winthrop,Winthrop,winthrop,Yes,65,44,W,0,Kentucky Home,SOURCE_PROGRAM_HOME,Rupp Arena,Rupp Arena,Lexington,KY,,,REGULAR_SEASON,,191,Nov. 21 WINTHROP 11/NR 65-44 W,resolved,,,,,,,
KYRAW-02424,kentucky,historical_record_book,2003-2004,2004,2003-11-28,Tennessee Tech,Tennessee Tech,tennessee-tech,Yes,108,81,W,0,Kentucky Home,SOURCE_PROGRAM_HOME,Rupp Arena,Rupp Arena,Lexington,KY,,,REGULAR_SEASON,,191,Nov. 28 TENNESSEE TECH 10/NR 108-81 W,resolved,,,,,,,
KYRAW-02425,kentucky,historical_record_book,2003-2004,2004,2003-12-01,Marshall,Marshall,marshall,Yes,89,76,W,0,Neutral,NEUTRAL,,,,,,,REGULAR_SEASON,,191,Dec. 1 1 vs. Marshall 9/NR 89-76 W,resolved,,,,,,,
KYRAW-02426,kentucky,historical_record_book,2003-2004,2004,2003-12-06,UCLA,UCLA,ucla,Yes,52,50,W,0,Neutral,NEUTRAL,,,,,,,REGULAR_SEASON,,191,Dec. 6 2 vs. UCLA 9/NR 52-50 W,resolved,,,,,,,
KYRAW-02427,kentucky,historical_record_book,2003-2004,2004,2003-12-13,Michigan State,Michigan State,michigan-state,Yes,79,74,W,0,Neutral,NEUTRAL,,,,,,,REGULAR_SEASON,,191,Dec. 13 3 vs. Michigan State 8/21 79-74 W,resolved,,,,,,,
KYRAW-02428,kentucky,historical_record_book,2003-2004,2004,2003-12-20,Indiana,Indiana,indiana,Yes,80,41,W,0,Neutral,NEUTRAL,,,,,,,REGULAR_SEASON,,191,Dec. 20 4 vs. Indiana 2/NR 80-41 W,resolved,,,,,,,
KYRAW-02429,kentucky,historical_record_book,2003-2004,2004,2003-12-23,Eastern Kentucky,Eastern Kentucky,eastern-kentucky,Yes,101,72,W,0,Kentucky Home,SOURCE_PROGRAM_HOME,Rupp Arena,Rupp Arena,Lexington,KY,,,REGULAR_SEASON,,191,Dec. 23 EASTERN KENTUCKY 2/NR 101-72 W,resolved,,,,,,,
KYRAW-02430,kentucky,historical_record_book,2003-2004,2004,2003-12-27,Louisville,Louisville,louisville,Yes,56,65,L,0,Kentucky Home,SOURCE_PROGRAM_HOME,Rupp Arena,Rupp Arena,Lexington,KY,,,REGULAR_SEASON,,191,Dec. 27 LOUISVILLE 2/20 56-65 L,resolved,,,,,,,
KYRAW-02431,kentucky,historical_record_book,2003-2004,2004,2003-12-31,Austin Peay,Austin Peay,austin-peay,Yes,61,53,W,0,Neutral,NEUTRAL,,,,,,,REGULAR_SEASON,,191,Dec. 31 5 vs. Austin Peay 8/NR 61-53 W,resolved,,,,,,,
KYRAW-02432,kentucky,historical_record_book,2003-2004,2004,2004-01-03,North Carolina,North Carolina,north-carolina,Yes,61,56,W,0,Kentucky Home,SOURCE_PROGRAM_HOME,Rupp Arena,Rupp Arena,Lexington,KY,,,REGULAR_SEASON,,191,Jan. 3 NORTH CAROLINA 8/12 61-56 W,resolved,,,,,,,
KYRAW-02433,kentucky,historical_record_book,2003-2004,2004,2004-01-10,Vanderbilt,Vanderbilt,vanderbilt,Yes,75,63,W,0,Kentucky Home,SOURCE_PROGRAM_HOME,Rupp Arena,Rupp Arena,Lexington,KY,,,REGULAR_SEASON,,191,Jan. 10 * VANDERBILT 7/20 75-63 W,resolved,,,,,,,
KYRAW-02434,kentucky,historical_record_book,2003-2004,2004,2004-01-13,Mississippi State,Mississippi State,mississippi-state,Yes,67,66,W,0,Opponent Home,OPPONENT_HOME,,,,,,,REGULAR_SEASON,,191,Jan. 13 * at Mississippi State 5/20 67-66 W,resolved,,,,,,,
KYRAW-02435,kentucky,historical_record_book,2003-2004,2004,2004-01-17,Georgia,Georgia,georgia,Yes,57,65,L,0,Kentucky Home,SOURCE_PROGRAM_HOME,Rupp Arena,Rupp Arena,Lexington,KY,,,REGULAR_SEASON,,191,Jan. 17 * GEORGIA 5/NR 57-65 L,resolved,,,,,,,
KYRAW-02436,kentucky,historical_record_book,2003-2004,2004,2004-01-20,Tennessee,Tennessee,tennessee,Yes,69,68,W,1,Opponent Home,OPPONENT_HOME,,,,,,,REGULAR_SEASON,,191,Jan. 20 * at Tennessee 9/NR 69-68 W OT,resolved,,,,,,,
KYRAW-02437,kentucky,historical_record_book,2003-2004,2004,2004-01-25,Notre Dame,Notre Dame,notre-dame,Yes,71,63,W,0,Opponent Home,OPPONENT_HOME,,,,,,,REGULAR_SEASON,,191,Jan. 25 at Notre Dame 9/NR 71-63 W,resolved,,,,,,,
KYRAW-02438,kentucky,historical_record_book,2003-2004,2004,2004-01-28,Ole Miss,Ole Miss,ole-miss,Yes,71,61,W,0,Kentucky Home,SOURCE_PROGRAM_HOME,Rupp Arena,Rupp Arena,Lexington,KY,,,REGULAR_SEASON,,191,Jan. 28 * OLE MISS 5/NR 71-61 W,resolved,,,,,,,
KYRAW-02439,kentucky,historical_record_book,2003-2004,2004,2004-01-31,Vanderbilt,Vanderbilt,vanderbilt,Yes,60,66,L,0,Opponent Home,OPPONENT_HOME,,,,,,,REGULAR_SEASON,,191,Jan. 31 * at Vanderbilt 5/NR 60-66 L,resolved,,,,,,,
KYRAW-02440,kentucky,historical_record_book,2003-2004,2004,2004-02-03,Florida,Florida,florida,Yes,68,65,W,0,Opponent Home,OPPONENT_HOME,,,,,,,REGULAR_SEASON,,191,Feb. 3 * at Florida 9/21 68-65 W,resolved,,,,,,,
KYRAW-02441,kentucky,historical_record_book,2003-2004,2004,2004-02-07,South Carolina,South Carolina,south-carolina,Yes,65,64,W,0,Kentucky Home,SOURCE_PROGRAM_HOME,Rupp Arena,Rupp Arena,Lexington,KY,,,REGULAR_SEASON,,191,Feb. 7 * SOUTH CAROLINA 9/25 65-64 W,resolved,,,,,,,
KYRAW-02442,kentucky,historical_record_book,2003-2004,2004,2004-02-10,Alabama,Alabama,alabama,Yes,66,55,W,0,Kentucky Home,SOURCE_PROGRAM_HOME,Rupp Arena,Rupp Arena,Lexington,KY,,,REGULAR_SEASON,,191,Feb. 10 * ALABAMA 8/NR 66-55 W,resolved,,,,,,,
KYRAW-02443,kentucky,historical_record_book,2003-2004,2004,2004-02-14,Georgia,Georgia,georgia,Yes,68,74,L,0,Opponent Home,OPPONENT_HOME,,,,,,,REGULAR_SEASON,,191,Feb. 14 * at Georgia 8/NR 68-74 L,resolved,,,,,,,
KYRAW-02444,kentucky,historical_record_book,2003-2004,2004,2004-02-18,Arkansas,Arkansas,arkansas,Yes,73,56,W,0,Kentucky Home,SOURCE_PROGRAM_HOME,Rupp Arena,Rupp Arena,Lexington,KY,,,REGULAR_SEASON,,191,Feb. 18 * ARKANSAS 9/NR 73-56 W,resolved,,,,,,,
KYRAW-02445,kentucky,historical_record_book,2003-2004,2004,2004-02-21,Auburn,Auburn,auburn,Yes,68,59,W,0,Opponent Home,OPPONENT_HOME,,,,,,,REGULAR_SEASON,,191,Feb. 21 * at Auburn 9/NR 68-59 W,resolved,,,,,,,
KYRAW-02446,kentucky,historical_record_book,2003-2004,2004,2004-02-25,Tennessee,Tennessee,tennessee,Yes,92,60,W,0,Kentucky Home,SOURCE_PROGRAM_HOME,Rupp Arena,Rupp Arena,Lexington,KY,,,REGULAR_SEASON,,191,Feb. 25 * TENNESSEE 9/NR 92-60 W,resolved,,,,,,,
KYRAW-02447,kentucky,historical_record_book,2003-2004,2004,2004-02-29,LSU,LSU,lsu,Yes,70,64,W,0,Opponent Home,OPPONENT_HOME,,,,,,,REGULAR_SEASON,,191,Feb. 29 * at LSU 9/NR 70-64 W,resolved,,,,,,,
KYRAW-02448,kentucky,historical_record_book,2003-2004,2004,2004-03-03,South Carolina,South Carolina,south-carolina,Yes,84,65,W,0,Opponent Home,OPPONENT_HOME,,,,,,,REGULAR_SEASON,,191,Mar. 3 * at South Carolina 9/NR 84-65 W,resolved,,,,,,,
KYRAW-02449,kentucky,historical_record_book,2003-2004,2004,2004-03-07,Florida,Florida,florida,Yes,82,62,W,0,Kentucky Home,SOURCE_PROGRAM_HOME,Rupp Arena,Rupp Arena,Lexington,KY,,,REGULAR_SEASON,,191,Mar. 7 * FLORIDA 9/NR 82-62 W,resolved,,,,,,,
KYRAW-02450,kentucky,historical_record_book,2003-2004,2004,2004-03-12,Georgia,Georgia,georgia,Yes,69,60,W,0,Neutral,NEUTRAL,,,,,SEC Tournament,,CONFERENCE_TOURNAMENT,,192,Mar. 12 6 vs. Georgia 8/NR 69-60 W,resolved,,,,,,,
KYRAW-02451,kentucky,historical_record_book,2003-2004,2004,2004-03-13,South Carolina,South Carolina,south-carolina,Yes,78,63,W,0,Neutral,NEUTRAL,,,,,SEC Tournament,,CONFERENCE_TOURNAMENT,,192,Mar. 13 6 vs. South Carolina 8/23 78-63 W,resolved,,,,,,,
KYRAW-02452,kentucky,historical_record_book,2003-2004,2004,2004-03-14,Florida,Florida,florida,Yes,89,73,W,0,Neutral,NEUTRAL,,,,,SEC Tournament,,CONFERENCE_TOURNAMENT,Championship,192,Mar. 14 6 vs. Florida 8/NR 89-73 W,resolved,,,,,,,
KYRAW-02453,kentucky,historical_record_book,2003-2004,2004,2004-03-19,Florida A&M,Florida A&M,florida-a-m,Yes,96,76,W,0,Neutral,NEUTRAL,,,,,NCAA Tournament,,NCAA_TOURNAMENT,R64,192,Mar. 19 7 vs. Florida A&M 2/NR 96-76 W,resolved,,,,,,,
KYRAW-02454,kentucky,historical_record_book,2003-2004,2004,2004-03-21,UAB,UAB,uab,Yes,75,76,L,0,Neutral,NEUTRAL,,,,,NCAA Tournament,,NCAA_TOURNAMENT,R32,192,Mar. 21 7 vs. UAB 2/NR 75-76 L,resolved,,,,,,,
KYRAW-02455,kentucky,historical_record_book,2004-2005,2005,2004-11-20,Coppin State,Coppin State,coppin-state,Yes,77,46,W,0,Kentucky Home,SOURCE_PROGRAM_HOME,Rupp Arena,Rupp Arena,Lexington,KY,,,REGULAR_SEASON,,192,Nov. 20 COPPIN STATE 9/NR 77-46 W,resolved,,,,,,,
KYRAW-02456,kentucky,historical_record_book,2004-2005,2005,2004-11-23,Ball State,Ball State,ball-state,Yes,73,53,W,0,Neutral,NEUTRAL,,,,,,,REGULAR_SEASON,,192,Nov. 23 1 vs. Ball State 8/NR 73-53 W,resolved,,,,,,,
KYRAW-02457,kentucky,historical_record_book,2004-2005,2005,2004-11-26,Georgia State,Georgia State,georgia-state,Yes,77,59,W,0,Kentucky Home,SOURCE_PROGRAM_HOME,Rupp Arena,Rupp Arena,Lexington,KY,,,REGULAR_SEASON,,192,Nov. 26 GEORGIA STATE 8/NR 77-59 W,resolved,,,,,,,
KYRAW-02458,kentucky,historical_record_book,2004-2005,2005,2004-11-30,Tennessee Tech,Tennessee Tech,tennessee-tech,Yes,92,63,W,0,Kentucky Home,SOURCE_PROGRAM_HOME,Rupp Arena,Rupp Arena,Lexington,KY,,,REGULAR_SEASON,,192,Nov. 30 TENNESSEE TECH 8/NR 92-63 W,resolved,,,,,,,
KYRAW-02459,kentucky,historical_record_book,2004-2005,2005,2004-12-04,North Carolina,North Carolina,north-carolina,Yes,78,91,L,0,Opponent Home,OPPONENT_HOME,,,,,,,REGULAR_SEASON,,192,Dec. 4 at North Carolina 8/9 78-91 L,resolved,,,,,,,
KYRAW-02460,kentucky,historical_record_book,2004-2005,2005,2004-12-08,Morehead State,Morehead State,morehead-state,Yes,71,40,W,0,Kentucky Home,SOURCE_PROGRAM_HOME,Rupp Arena,Rupp Arena,Lexington,KY,,,REGULAR_SEASON,,192,Dec. 8 MOREHEAD STATE 10/NR 71-40 W,resolved,,,,,,,
KYRAW-02461,kentucky,historical_record_book,2004-2005,2005,2004-12-11,Indiana,Indiana,indiana,Yes,73,58,W,0,Neutral,NEUTRAL,,,,,,,REGULAR_SEASON,,192,Dec. 11 2 vs. Indiana 10/NR 73-58 W,resolved,,,,,,,
KYRAW-02462,kentucky,historical_record_book,2004-2005,2005,2004-12-18,Louisville,Louisville,louisville,Yes,60,58,W,0,Opponent Home,OPPONENT_HOME,,,,,,,REGULAR_SEASON,,192,Dec. 18 at Louisville 9/13 60-58 W,resolved,,,,,,,
KYRAW-02463,kentucky,historical_record_book,2004-2005,2005,2004-12-22,William & Mary,William & Mary,william-mary,,92,47,W,0,Kentucky Home,SOURCE_PROGRAM_HOME,Rupp Arena,Rupp Arena,Lexington,KY,,,REGULAR_SEASON,,192,Dec. 22 WILLIAM & MARY 8/NR 92-47 W,resolved,,,,,,,
KYRAW-02464,kentucky,historical_record_book,2004-2005,2005,2004-12-29,Campbell,Campbell,campbell,Yes,82,50,W,0,Kentucky Home,SOURCE_PROGRAM_HOME,Rupp Arena,Rupp Arena,Lexington,KY,,,REGULAR_SEASON,,192,Dec. 29 CAMPBELL 8/NR 82-50 W,resolved,,,,,,,
KYRAW-02465,kentucky,historical_record_book,2004-2005,2005,2005-01-05,South Carolina,South Carolina,south-carolina,Yes,79,75,W,0,Kentucky Home,SOURCE_PROGRAM_HOME,Rupp Arena,Rupp Arena,Lexington,KY,,,REGULAR_SEASON,,192,Jan. 5 * SOUTH CAROLINA 8/NR 79-75 W,resolved,,,,,,,
KYRAW-02466,kentucky,historical_record_book,2004-2005,2005,2005-01-09,Kansas,kansas,kansas,Yes,59,65,L,0,Kentucky Home,SOURCE_PROGRAM_HOME,Rupp Arena,Rupp Arena,Lexington,KY,,,REGULAR_SEASON,,192,Jan. 9 KANSAS 8/2 59-65 L,resolved,,,,,,,
KYRAW-02467,kentucky,historical_record_book,2004-2005,2005,2005-01-12,Vanderbilt,Vanderbilt,vanderbilt,Yes,69,54,W,0,Kentucky Home,SOURCE_PROGRAM_HOME,Rupp Arena,Rupp Arena,Lexington,KY,,,REGULAR_SEASON,,192,Jan. 12 * VANDERBILT 9/NR 69-54 W,resolved,,,,,,,
KYRAW-02468,kentucky,historical_record_book,2004-2005,2005,2005-01-15,Georgia,Georgia,georgia,Yes,76,55,W,0,Opponent Home,OPPONENT_HOME,,,,,,,REGULAR_SEASON,,192,Jan. 15 * at Georgia 9/NR 76-55 W,resolved,,,,,,,
KYRAW-02469,kentucky,historical_record_book,2004-2005,2005,2005-01-19,Ole Miss,Ole Miss,ole-miss,Yes,53,50,W,0,Opponent Home,OPPONENT_HOME,,,,,,,REGULAR_SEASON,,192,Jan. 19 * at Ole Miss 8/NR 53-50 W,resolved,,,,,,,
KYRAW-02470,kentucky,historical_record_book,2004-2005,2005,2005-01-22,LSU,LSU,lsu,Yes,89,58,W,0,Kentucky Home,SOURCE_PROGRAM_HOME,Rupp Arena,Rupp Arena,Lexington,KY,,,REGULAR_SEASON,,192,Jan. 22 * LSU 8/NR 89-58 W,resolved,,,,,,,
KYRAW-02471,kentucky,historical_record_book,2004-2005,2005,2005-01-25,Tennessee,Tennessee,tennessee,Yes,84,62,W,0,Opponent Home,OPPONENT_HOME,,,,,,,REGULAR_SEASON,,192,Jan. 25 * at Tennessee 7/NR 84-62 W,resolved,,,,,,,
KYRAW-02472,kentucky,historical_record_book,2004-2005,2005,2005-01-29,Arkansas,Arkansas,arkansas,Yes,68,67,W,0,Opponent Home,OPPONENT_HOME,,,,,,,REGULAR_SEASON,,192,Jan. 29 * at Arkansas 7/NR 68-67 W,resolved,,,,,,,
KYRAW-02473,kentucky,historical_record_book,2004-2005,2005,2005-02-05,Vanderbilt,Vanderbilt,vanderbilt,Yes,84,70,W,0,Opponent Home,OPPONENT_HOME,,,,,,,REGULAR_SEASON,,192,Feb. 5 * at Vanderbilt 6/NR 84-70 W,resolved,,,,,,,
KYRAW-02474,kentucky,historical_record_book,2004-2005,2005,2005-02-08,Florida,Florida,florida,Yes,69,66,W,0,Kentucky Home,SOURCE_PROGRAM_HOME,Rupp Arena,Rupp Arena,Lexington,KY,,,REGULAR_SEASON,,192,Feb. 8 * FLORIDA 5/NR 69-66 W,resolved,,,,,,,
KYRAW-02475,kentucky,historical_record_book,2004-2005,2005,2005-02-12,Georgia,Georgia,georgia,Yes,60,51,W,0,Kentucky Home,SOURCE_PROGRAM_HOME,Rupp Arena,Rupp Arena,Lexington,KY,,,REGULAR_SEASON,,192,Feb. 12 * GEORGIA 5/NR 60-51 W,resolved,,,,,,,
KYRAW-02476,kentucky,historical_record_book,2004-2005,2005,2005-02-15,South Carolina,South Carolina,south-carolina,Yes,61,73,L,0,Opponent Home,OPPONENT_HOME,,,,,,,REGULAR_SEASON,,192,Feb. 15 * at South Carolina 3/NR 61-73 L,resolved,,,,,,,
KYRAW-02477,kentucky,historical_record_book,2004-2005,2005,2005-02-19,Mississippi State,Mississippi State,mississippi-state,Yes,94,78,W,0,Kentucky Home,SOURCE_PROGRAM_HOME,Rupp Arena,Rupp Arena,Lexington,KY,,,REGULAR_SEASON,,192,Feb. 19 * MISSISSIPPI STATE 3/NR 94-78 W,resolved,,,,,,,
KYRAW-02478,kentucky,historical_record_book,2004-2005,2005,2005-02-23,Auburn,Auburn,auburn,Yes,81,73,W,0,Kentucky Home,SOURCE_PROGRAM_HOME,Rupp Arena,Rupp Arena,Lexington,KY,,,REGULAR_SEASON,,192,Feb. 23 * AUBURN 5/NR 81-73 W,resolved,,,,,,,
KYRAW-02479,kentucky,historical_record_book,2004-2005,2005,2005-02-26,Alabama,Alabama,alabama,Yes,78,71,W,0,Opponent Home,OPPONENT_HOME,,,,,,,REGULAR_SEASON,,192,Feb. 26 * at Alabama 5/16 78-71 W,resolved,,,,,,,
KYRAW-02480,kentucky,historical_record_book,2004-2005,2005,2005-03-02,Tennessee,Tennessee,tennessee,Yes,73,61,W,0,Kentucky Home,SOURCE_PROGRAM_HOME,Rupp Arena,Rupp Arena,Lexington,KY,,,REGULAR_SEASON,,192,Mar. 2 * TENNESSEE 3/NR 73-61 W,resolved,,,,,,,
KYRAW-02481,kentucky,historical_record_book,2004-2005,2005,2005-03-06,Florida,Florida,florida,Yes,52,53,L,0,Opponent Home,OPPONENT_HOME,,,,,,,REGULAR_SEASON,,192,Mar. 6 * at Florida 3/NR 52-53 L,resolved,,,,,,,
KYRAW-02482,kentucky,historical_record_book,2004-2005,2005,2005-03-11,Tennessee,Tennessee,tennessee,Yes,86,62,W,0,Neutral,NEUTRAL,,,,,SEC Tournament,,CONFERENCE_TOURNAMENT,,192,Mar. 11 3 vs. Tennessee 4/NR 86-62 W,resolved,,,,,,,
KYRAW-02483,kentucky,historical_record_book,2004-2005,2005,2005-03-12,LSU,LSU,lsu,Yes,79,78,W,1,Neutral,NEUTRAL,,,,,SEC Tournament,,CONFERENCE_TOURNAMENT,,192,Mar. 12 3 vs. LSU 4/NR 79-78 W OT,resolved,,,,,,,
KYRAW-02484,kentucky,historical_record_book,2004-2005,2005,2005-03-13,Florida,Florida,florida,Yes,53,70,L,0,Neutral,NEUTRAL,,,,,SEC Tournament,,CONFERENCE_TOURNAMENT,Championship,192,Mar. 13 3 vs. Florida 4/NR 53-70 L,resolved,,,,,,,
KYRAW-02485,kentucky,historical_record_book,2004-2005,2005,2005-03-17,Eastern Kentucky,Eastern Kentucky,eastern-kentucky,Yes,72,64,W,0,Neutral,NEUTRAL,,,,,NCAA Tournament,,NCAA_TOURNAMENT,R64,192,Mar. 17 4 vs. Eastern Kentucky 7/NR 72-64 W,resolved,,,,,,,
KYRAW-02486,kentucky,historical_record_book,2004-2005,2005,2005-03-19,Cincinnati,Cincinnati,cincinnati,Yes,69,60,W,0,Neutral,NEUTRAL,,,,,NCAA Tournament,,NCAA_TOURNAMENT,R32,192,Mar. 19 4 vs. Cincinnati 7/23 69-60 W,resolved,,,,,,,
KYRAW-02487,kentucky,historical_record_book,2004-2005,2005,2005-03-25,Utah,Utah,utah,Yes,62,52,W,0,Neutral,NEUTRAL,,,,,NCAA Tournament,,NCAA_TOURNAMENT,Sweet Sixteen,192,Mar. 25 5 vs. Utah 7/18 62-52 W,resolved,,,,,,,
KYRAW-02488,kentucky,historical_record_book,2004-2005,2005,2005-03-27,Michigan State,Michigan State,michigan-state,Yes,88,94,L,2,Neutral,NEUTRAL,,,,,NCAA Tournament,,NCAA_TOURNAMENT,Elite Eight,192,Mar. 27 5 vs. Michigan State 7/15 88-94 L 2OT,resolved,,,,,,,
KYRAW-02489,kentucky,historical_record_book,2005-2006,2006,2005-11-13,South Dakota State,South Dakota State,south-dakota-state,Yes,71,54,W,0,Kentucky Home,SOURCE_PROGRAM_HOME,Rupp Arena,Rupp Arena,Lexington,KY,,,REGULAR_SEASON,,192,Nov. 13 1 SOUTH DAKOTA STATE 9/NR 71-54 W,resolved,,,,,,,
KYRAW-02490,kentucky,historical_record_book,2005-2006,2006,2005-11-14,Lipscomb,Lipscomb,lipscomb,Yes,67,49,W,0,Kentucky Home,SOURCE_PROGRAM_HOME,Rupp Arena,Rupp Arena,Lexington,KY,,,REGULAR_SEASON,,192,Nov. 14 1 LIPSCOMB 8/NR 67-49 W,resolved,,,,,,,
KYRAW-02491,kentucky,historical_record_book,2005-2006,2006,2005-11-21,Iowa,Iowa,iowa,Yes,63,67,L,0,Neutral,NEUTRAL,,,,,,,REGULAR_SEASON,,192,Nov. 21 2 vs. Iowa 7/20 63-67 L,resolved,,,,,,,
KYRAW-02492,kentucky,historical_record_book,2005-2006,2006,2005-11-22,West Virginia,West Virginia,west-virginia,Yes,80,66,W,0,Neutral,NEUTRAL,,,,,,,REGULAR_SEASON,,192,Nov. 22 2 vs. West Virginia 7/13 80-66 W,resolved,,,,,,,
KYRAW-02493,kentucky,historical_record_book,2005-2006,2006,2005-11-25,Liberty,Liberty,liberty,Yes,81,51,W,0,Kentucky Home,SOURCE_PROGRAM_HOME,Rupp Arena,Rupp Arena,Lexington,KY,,,REGULAR_SEASON,,192,Nov. 25 LIBERTY 7/NR 81-51 W,resolved,,,,,,,
KYRAW-02494,kentucky,historical_record_book,2005-2006,2006,2005-11-29,High Point,High Point,high-point,Yes,75,55,W,0,Kentucky Home,SOURCE_PROGRAM_HOME,Rupp Arena,Rupp Arena,Lexington,KY,,,REGULAR_SEASON,,192,Nov. 29 HIGH POINT 10/NR 75-55 W,resolved,,,,,,,
KYRAW-02495,kentucky,historical_record_book,2005-2006,2006,2005-12-03,North Carolina,North Carolina,north-carolina,Yes,79,83,L,0,Kentucky Home,SOURCE_PROGRAM_HOME,Rupp Arena,Rupp Arena,Lexington,KY,,,REGULAR_SEASON,,192,Dec. 3 NORTH CAROLINA 10/NR 79-83 L,resolved,,,,,,,
KYRAW-02496,kentucky,historical_record_book,2005-2006,2006,2005-12-06,Georgia State,Georgia State,georgia-state,Yes,73,46,W,0,Opponent Home,OPPONENT_HOME,,,,,,,REGULAR_SEASON,,192,Dec. 6 3 at Georgia State 15/NR 73-46 W,resolved,,,,,,,
KYRAW-02497,kentucky,historical_record_book,2005-2006,2006,2005-12-10,Indiana,Indiana,indiana,Yes,53,79,L,0,Neutral,NEUTRAL,,,,,,,REGULAR_SEASON,,192,Dec. 10 4 vs. Indiana 15/18 53-79 L,resolved,,,,,,,
KYRAW-02498,kentucky,historical_record_book,2005-2006,2006,2005-12-17,Louisville,Louisville,louisville,Yes,73,61,W,0,Kentucky Home,SOURCE_PROGRAM_HOME,Rupp Arena,Rupp Arena,Lexington,KY,,,REGULAR_SEASON,,192,Dec. 17 LOUISVILLE 23/4 73-61 W,resolved,,,,,,,
KYRAW-02499,kentucky,historical_record_book,2005-2006,2006,2005-12-23,Iona,Iona,iona,Yes,73,67,W,0,Neutral,NEUTRAL,,,,,,,REGULAR_SEASON,,192,Dec. 23 5 vs. Iona 19/NR 73-67 W,resolved,,,,,,,
KYRAW-02500,kentucky,historical_record_book,2005-2006,2006,2005-12-30,Ohio,Ohio,ohio,Yes,71,63,W,0,Neutral,NEUTRAL,,,,,,,REGULAR_SEASON,,192,Dec. 30 6 vs. Ohio 18/NR 71-63 W,resolved,,,,,,,
KYRAW-02501,kentucky,historical_record_book,2005-2006,2006,2006-01-03,UCF,UCF,ucf,Yes,59,57,W,0,Kentucky Home,SOURCE_PROGRAM_HOME,Rupp Arena,Rupp Arena,Lexington,KY,,,REGULAR_SEASON,,192,Jan. 3 UCF 19/NR 59-57 W,resolved,,,,,,,
KYRAW-02502,kentucky,historical_record_book,2005-2006,2006,2006-01-07,Kansas,kansas,kansas,Yes,46,73,L,0,Opponent Home,OPPONENT_HOME,,,,,,,REGULAR_SEASON,,192,Jan. 7 at Kansas 19/NR 46-73 L,resolved,,,,,,,
KYRAW-02503,kentucky,historical_record_book,2005-2006,2006,2006-01-10,Vanderbilt,Vanderbilt,vanderbilt,Yes,51,57,L,0,Kentucky Home,SOURCE_PROGRAM_HOME,Rupp Arena,Rupp Arena,Lexington,KY,,,REGULAR_SEASON,,192,Jan. 10 * VANDERBILT NR/NR 51-57 L,resolved,,,,,,,
KYRAW-02504,kentucky,historical_record_book,2005-2006,2006,2006-01-14,Alabama,Alabama,alabama,Yes,64,68,L,0,Kentucky Home,SOURCE_PROGRAM_HOME,Rupp Arena,Rupp Arena,Lexington,KY,,,REGULAR_SEASON,,192,Jan. 14 * ALABAMA NR/NR 64-68 L,resolved,,,,,,,
KYRAW-02505,kentucky,historical_record_book,2005-2006,2006,2006-01-17,Georgia,Georgia,georgia,Yes,69,55,W,0,Opponent Home,OPPONENT_HOME,,,,,,,REGULAR_SEASON,,192,Jan. 17 * at Georgia NR/NR 69-55 W,resolved,,,,,,,
KYRAW-02506,kentucky,historical_record_book,2005-2006,2006,2006-01-21,South Carolina,South Carolina,south-carolina,Yes,80,78,W,0,Kentucky Home,SOURCE_PROGRAM_HOME,Rupp Arena,Rupp Arena,Lexington,KY,,,REGULAR_SEASON,,192,Jan. 21 * SOUTH CAROLINA NR/NR 80-78 W,resolved,,,,,,,
KYRAW-02507,kentucky,historical_record_book,2005-2006,2006,2006-01-24,Auburn,Auburn,auburn,Yes,71,62,W,0,Opponent Home,OPPONENT_HOME,,,,,,,REGULAR_SEASON,,192,Jan. 24 * at Auburn NR/NR 71-62 W,resolved,,,,,,,
KYRAW-02508,kentucky,historical_record_book,2005-2006,2006,2006-01-29,Arkansas,Arkansas,arkansas,Yes,78,76,W,0,Kentucky Home,SOURCE_PROGRAM_HOME,Rupp Arena,Rupp Arena,Lexington,KY,,,REGULAR_SEASON,,192,Jan. 29 * ARKANSAS NR/NR 78-76 W,resolved,,,,,,,
KYRAW-02509,kentucky,historical_record_book,2005-2006,2006,2006-02-01,Mississippi State,Mississippi State,mississippi-state,Yes,81,66,W,0,Opponent Home,OPPONENT_HOME,,,,,,,REGULAR_SEASON,,192,Feb. 1 * at Mississippi State NR/NR 81-66 W,resolved,,,,,,,
KYRAW-02510,kentucky,historical_record_book,2005-2006,2006,2006-02-04,Florida,Florida,florida,Yes,80,95,L,0,Opponent Home,OPPONENT_HOME,,,,,,,REGULAR_SEASON,,192,Feb. 4 * at Florida NR/8 80-95 L,resolved,,,,,,,
KYRAW-02511,kentucky,historical_record_book,2005-2006,2006,2006-02-07,Tennessee,Tennessee,tennessee,Yes,67,75,L,0,Kentucky Home,SOURCE_PROGRAM_HOME,Rupp Arena,Rupp Arena,Lexington,KY,,,REGULAR_SEASON,,192,Feb. 7 * TENNESSEE NR/11 67-75 L,resolved,,,,,,,
KYRAW-02512,kentucky,historical_record_book,2005-2006,2006,2006-02-11,Vanderbilt,Vanderbilt,vanderbilt,Yes,81,84,L,0,Opponent Home,OPPONENT_HOME,,,,,,,REGULAR_SEASON,,192,Feb. 11 * at Vanderbilt NR/NR 81-84 L,resolved,,,,,,,
KYRAW-02513,kentucky,historical_record_book,2005-2006,2006,2006-02-15,Georgia,Georgia,georgia,Yes,68,61,W,0,Kentucky Home,SOURCE_PROGRAM_HOME,Rupp Arena,Rupp Arena,Lexington,KY,,,REGULAR_SEASON,,192,Feb. 15 * GEORGIA NR/NR 68-61 W,resolved,,,,,,,
KYRAW-02514,kentucky,historical_record_book,2005-2006,2006,2006-02-18,South Carolina,South Carolina,south-carolina,Yes,79,66,W,0,Opponent Home,OPPONENT_HOME,,,,,,,REGULAR_SEASON,,192,Feb. 18 * at South Carolina NR/NR 79-66 W,resolved,,,,,,,
KYRAW-02515,kentucky,historical_record_book,2005-2006,2006,2006-02-22,Ole Miss,Ole Miss,ole-miss,Yes,80,40,W,0,Kentucky Home,SOURCE_PROGRAM_HOME,Rupp Arena,Rupp Arena,Lexington,KY,,,REGULAR_SEASON,,192,Feb. 22 * OLE MISS NR/NR 80-40 W,resolved,,,,,,,
KYRAW-02516,kentucky,historical_record_book,2005-2006,2006,2006-02-25,LSU,LSU,lsu,Yes,67,71,L,0,Opponent Home,OPPONENT_HOME,,,,,,,REGULAR_SEASON,,192,Feb. 25 * at LSU NR/24 67-71 L,resolved,,,,,,,
KYRAW-02517,kentucky,historical_record_book,2005-2006,2006,2006-03-01,Tennessee,Tennessee,tennessee,Yes,80,78,W,0,Opponent Home,OPPONENT_HOME,,,,,,,REGULAR_SEASON,,192,Mar. 1 * at Tennessee NR/11 80-78 W,resolved,,,,,,,
KYRAW-02518,kentucky,historical_record_book,2005-2006,2006,2006-03-05,Florida,Florida,florida,Yes,64,79,L,0,Kentucky Home,SOURCE_PROGRAM_HOME,Rupp Arena,Rupp Arena,Lexington,KY,,,REGULAR_SEASON,,192,Mar. 5 * FLORIDA NR/17 64-79 L,resolved,,,,,,,
KYRAW-02519,kentucky,historical_record_book,2005-2006,2006,2006-03-09,Ole Miss,Ole Miss,ole-miss,Yes,71,57,W,0,Neutral,NEUTRAL,,,,,SEC Tournament,,CONFERENCE_TOURNAMENT,,192,Mar. 9 7 vs. Ole Miss NR/NR 71-57 W,resolved,,,,,,,
KYRAW-02520,kentucky,historical_record_book,2005-2006,2006,2006-03-10,Alabama,Alabama,alabama,Yes,68,61,W,0,Neutral,NEUTRAL,,,,,SEC Tournament,,CONFERENCE_TOURNAMENT,,192,Mar. 10 7 vs. Alabama NR/NR 68-61 W,resolved,,,,,,,
KYRAW-02521,kentucky,historical_record_book,2005-2006,2006,2006-03-11,South Carolina,South Carolina,south-carolina,Yes,61,65,L,0,Neutral,NEUTRAL,,,,,SEC Tournament,,CONFERENCE_TOURNAMENT,,192,Mar. 11 7 vs. South Carolina NR/NR 61-65 L,resolved,,,,,,,
KYRAW-02522,kentucky,historical_record_book,2005-2006,2006,2006-03-17,UAB,UAB,uab,Yes,69,64,W,0,Neutral,NEUTRAL,,,,,NCAA Tournament,,NCAA_TOURNAMENT,R64,192,Mar. 17 8 vs. UAB NR/25 69-64 W,resolved,,,,,,,
KYRAW-02523,kentucky,historical_record_book,2005-2006,2006,2006-03-19,UConn,Connecticut,uconn,Yes,83,87,L,0,Neutral,NEUTRAL,,,,,NCAA Tournament,,NCAA_TOURNAMENT,R32,192,Mar. 19 8 vs. UConn NR/2 83-87 L,resolved,,,,,,,
KYRAW-02524,kentucky,historical_record_book,2006-2007,2007,2006-11-15,Miami (Ohio),Miami University,miami-oh,Yes,57,46,W,0,Kentucky Home,SOURCE_PROGRAM_HOME,Rupp Arena,Rupp Arena,Lexington,KY,,,REGULAR_SEASON,,192,Nov. 15 MIAMI (OHIO) 22/NR 57-46 W,resolved,,,,,,,
KYRAW-02525,kentucky,historical_record_book,2006-2007,2007,2006-11-17,Mississippi Valley State,Mississippi Valley State,mississippi-valley-state,Yes,79,56,W,0,Kentucky Home,SOURCE_PROGRAM_HOME,Rupp Arena,Rupp Arena,Lexington,KY,,,REGULAR_SEASON,,192,Nov. 17 MISSISSIPPI VALLEY STATE 22/NR 79-56 W,resolved,,,,,,,
KYRAW-02526,kentucky,historical_record_book,2006-2007,2007,2006-11-20,DePaul,DePaul,depaul,Yes,87,81,W,0,Neutral,NEUTRAL,,,,,,,REGULAR_SEASON,,192,Nov. 20 1 vs. DePaul 22/NR 87-81 W,resolved,,,,,,,
KYRAW-02527,kentucky,historical_record_book,2006-2007,2007,2006-11-21,UCLA,UCLA,ucla,Yes,68,73,L,0,Neutral,NEUTRAL,,,,,,,REGULAR_SEASON,,192,Nov. 21 1 vs. UCLA 20/5 68-73 L,resolved,,,,,,,
KYRAW-02528,kentucky,historical_record_book,2006-2007,2007,2006-11-22,Memphis,Memphis,memphis,Yes,63,80,L,0,Neutral,NEUTRAL,,,,,,,REGULAR_SEASON,,192,Nov. 22 1 vs. Memphis 20/12 63-80 L,resolved,,,,,,,
KYRAW-02529,kentucky,historical_record_book,2006-2007,2007,2006-11-28,College of Charleston,College of Charleston,college-of-charleston,No,77,61,W,0,Kentucky Home,SOURCE_PROGRAM_HOME,Rupp Arena,Rupp Arena,Lexington,KY,,,REGULAR_SEASON,,192,Nov. 28 COLLEGE of CHARLESTON NR/NR 77-61 W,resolved,,,,,,,
KYRAW-02530,kentucky,historical_record_book,2006-2007,2007,2006-12-02,North Carolina,North Carolina,north-carolina,Yes,63,75,L,0,Opponent Home,OPPONENT_HOME,,,,,,,REGULAR_SEASON,,192,Dec. 2 at North Carolina NR/7 63-75 L,resolved,,,,,,,
KYRAW-02531,kentucky,historical_record_book,2006-2007,2007,2006-12-05,Chattanooga,Chattanooga,chattanooga,Yes,79,63,W,0,Neutral,NEUTRAL,,,,,,,REGULAR_SEASON,,192,Dec. 5 2 vs. Chattanooga NR/NR 79-63 W,resolved,,,,,,,
KYRAW-02532,kentucky,historical_record_book,2006-2007,2007,2006-12-09,Indiana,Indiana,indiana,Yes,59,54,W,0,Kentucky Home,SOURCE_PROGRAM_HOME,Rupp Arena,Rupp Arena,Lexington,KY,,,REGULAR_SEASON,,192,Dec. 9 INDIANA NR/NR 59-54 W,resolved,,,,,,,
KYRAW-02533,kentucky,historical_record_book,2006-2007,2007,2006-12-16,Louisville,Louisville,louisville,Yes,61,49,W,0,Opponent Home,OPPONENT_HOME,,,,,,,REGULAR_SEASON,,192,Dec. 16 at Louisville NR/NR 61-49 W,resolved,,,,,,,
KYRAW-02534,kentucky,historical_record_book,2006-2007,2007,2006-12-19,Santa Clara,Santa Clara,santa-clara,Yes,74,60,W,0,Kentucky Home,SOURCE_PROGRAM_HOME,Rupp Arena,Rupp Arena,Lexington,KY,,,REGULAR_SEASON,,193,Dec. 19 SANTA CLARA NR/NR 74-60 W,resolved,,,,,,,
KYRAW-02535,kentucky,historical_record_book,2006-2007,2007,2006-12-22,UMass,UMass,umass,No,82,68,W,0,Kentucky Home,SOURCE_PROGRAM_HOME,Rupp Arena,Rupp Arena,Lexington,KY,,,REGULAR_SEASON,,193,Dec. 22 UMASS NR/NR 82-68 W,resolved,,,,,,,
KYRAW-02536,kentucky,historical_record_book,2006-2007,2007,2006-12-29,Eastern Kentucky,Eastern Kentucky,eastern-kentucky,Yes,78,65,W,0,Kentucky Home,SOURCE_PROGRAM_HOME,Rupp Arena,Rupp Arena,Lexington,KY,,,REGULAR_SEASON,,193,Dec. 29 EASTERN KENTUCKY NR/NR 78-65 W,resolved,,,,,,,
KYRAW-02537,kentucky,historical_record_book,2006-2007,2007,2007-01-03,Houston,Houston,houston,Yes,77,70,W,0,Kentucky Home,SOURCE_PROGRAM_HOME,Rupp Arena,Rupp Arena,Lexington,KY,,,REGULAR_SEASON,,193,Jan. 3 HOUSTON NR/NR 77-70 W,resolved,,,,,,,
KYRAW-02538,kentucky,historical_record_book,2006-2007,2007,2007-01-06,Ole Miss,Ole Miss,ole-miss,Yes,68,58,W,0,Opponent Home,OPPONENT_HOME,,,,,,,REGULAR_SEASON,,193,Jan. 6 * at Ole Miss NR/NR 68-58 W,resolved,,,,,,,
KYRAW-02539,kentucky,historical_record_book,2006-2007,2007,2007-01-10,Auburn,Auburn,auburn,Yes,84,57,W,0,Kentucky Home,SOURCE_PROGRAM_HOME,Rupp Arena,Rupp Arena,Lexington,KY,,,REGULAR_SEASON,,193,Jan. 10 * AUBURN NR/NR 84-57 W 1,resolved,,,,,,,
KYRAW-02540,kentucky,historical_record_book,2006-2007,2007,2007-01-13,Mississippi State,Mississippi State,mississippi-state,Yes,64,60,W,0,Kentucky Home,SOURCE_PROGRAM_HOME,Rupp Arena,Rupp Arena,Lexington,KY,,,REGULAR_SEASON,,193,Jan. 13 * MISSISSIPPI STATE NR/NR 64-60 W 2,resolved,,,,,,,
KYRAW-02541,kentucky,historical_record_book,2006-2007,2007,2007-01-16,South Carolina,South Carolina,south-carolina,Yes,87,49,W,0,Opponent Home,OPPONENT_HOME,,,,,,,REGULAR_SEASON,,193,Jan. 16 * at South Carolina 25/NR 87-49 W 3,resolved,,,,,,,
KYRAW-02542,kentucky,historical_record_book,2006-2007,2007,2007-01-20,Vanderbilt,Vanderbilt,vanderbilt,Yes,67,72,L,0,Kentucky Home,SOURCE_PROGRAM_HOME,Rupp Arena,Rupp Arena,Lexington,KY,,,REGULAR_SEASON,,193,Jan. 20 * VANDERBILT 25/NR 67-72 L 4,resolved,,,,,,,
KYRAW-02543,kentucky,historical_record_book,2006-2007,2007,2007-01-24,Georgia,Georgia,georgia,Yes,69,78,L,1,Opponent Home,OPPONENT_HOME,,,,,,,REGULAR_SEASON,,193,Jan. 24 * at Georgia NR/NR 69-78 L OT,resolved,,,,,,,
KYRAW-02544,kentucky,historical_record_book,2006-2007,2007,2007-01-28,Tennessee,Tennessee,tennessee,Yes,76,57,W,0,Kentucky Home,SOURCE_PROGRAM_HOME,Rupp Arena,Rupp Arena,Lexington,KY,,,REGULAR_SEASON,,193,Jan. 28 * TENNESSEE NR/NR 76-57 W,resolved,,,,,,,
KYRAW-02545,kentucky,historical_record_book,2006-2007,2007,2007-02-03,Arkansas,Arkansas,arkansas,Yes,82,74,W,0,Opponent Home,OPPONENT_HOME,,,,,,,REGULAR_SEASON,,193,Feb. 3 * at Arkansas NR/NR 82-74 W,resolved,,,,,,,
KYRAW-02546,kentucky,historical_record_book,2006-2007,2007,2007-02-07,South Carolina,South Carolina,south-carolina,Yes,95,89,W,0,Kentucky Home,SOURCE_PROGRAM_HOME,Rupp Arena,Rupp Arena,Lexington,KY,,,REGULAR_SEASON,,193,Feb. 7 * SOUTH CAROLINA 20/NR 95-89 W,resolved,,,,,,,
KYRAW-02547,kentucky,historical_record_book,2006-2007,2007,2007-02-10,Florida,Florida,florida,Yes,61,64,L,0,Kentucky Home,SOURCE_PROGRAM_HOME,Rupp Arena,Rupp Arena,Lexington,KY,,,REGULAR_SEASON,,193,Feb. 10 * FLORIDA 20/1 61-64 L,resolved,,,,,,,
KYRAW-02548,kentucky,historical_record_book,2006-2007,2007,2007-02-13,Tennessee,Tennessee,tennessee,Yes,85,89,L,0,Opponent Home,OPPONENT_HOME,,,,,,,REGULAR_SEASON,,193,Feb. 13 * at Tennessee 20/NR 85-89 L,resolved,,,,,,,
KYRAW-02549,kentucky,historical_record_book,2006-2007,2007,2007-02-17,Alabama,Alabama,alabama,Yes,61,72,L,0,Opponent Home,OPPONENT_HOME,,,,,,,REGULAR_SEASON,,193,Feb. 17 * at Alabama 20/25 61-72 L,resolved,,,,,,,
KYRAW-02550,kentucky,historical_record_book,2006-2007,2007,2007-02-20,LSU,LSU,lsu,Yes,70,63,W,0,Kentucky Home,SOURCE_PROGRAM_HOME,Rupp Arena,Rupp Arena,Lexington,KY,,,REGULAR_SEASON,,193,Feb. 20 * LSU NR/NR 70-63 W,resolved,,,,,,,
KYRAW-02551,kentucky,historical_record_book,2006-2007,2007,2007-02-25,Vanderbilt,Vanderbilt,vanderbilt,Yes,65,67,L,0,Opponent Home,OPPONENT_HOME,,,,,,,REGULAR_SEASON,,193,Feb. 25 * at Vanderbilt NR/17 65-67 L,resolved,,,,,,,
KYRAW-02552,kentucky,historical_record_book,2006-2007,2007,2007-02-28,Georgia,Georgia,georgia,Yes,82,70,W,0,Kentucky Home,SOURCE_PROGRAM_HOME,Rupp Arena,Rupp Arena,Lexington,KY,,,REGULAR_SEASON,,193,Feb. 28 * GEORGIA NR/NR 82-70 W,resolved,,,,,,,
KYRAW-02553,kentucky,historical_record_book,2006-2007,2007,2007-03-04,Florida,Florida,florida,Yes,72,85,L,0,Opponent Home,OPPONENT_HOME,,,,,,,REGULAR_SEASON,,193,Mar. 4 * at Florida NR/5 72-85 L,resolved,,,,,,,
KYRAW-02554,kentucky,historical_record_book,2006-2007,2007,2007-03-08,Alabama,Alabama,alabama,Yes,79,67,W,0,Neutral,NEUTRAL,,,,,SEC Tournament,,CONFERENCE_TOURNAMENT,,193,Mar. 8 3 vs. Alabama NR/NR 79-67 W,resolved,,,,,,,
KYRAW-02555,kentucky,historical_record_book,2006-2007,2007,2007-03-09,Mississippi State,Mississippi State,mississippi-state,Yes,82,84,L,1,Neutral,NEUTRAL,,,,,SEC Tournament,,CONFERENCE_TOURNAMENT,,193,Mar. 9 3 vs. Mississippi State NR/NR 82-84 L OT,resolved,,,,,,,
KYRAW-02556,kentucky,historical_record_book,2006-2007,2007,2007-03-16,Villanova,Villanova,villanova,Yes,67,58,W,0,Neutral,NEUTRAL,,,,,NCAA Tournament,,NCAA_TOURNAMENT,R64,193,Mar. 16 4 vs. Villanova NR/NR 67-58 W,resolved,,,,,,,
KYRAW-02557,kentucky,historical_record_book,2006-2007,2007,2007-03-18,Kansas,kansas,kansas,Yes,76,88,L,0,Neutral,NEUTRAL,,,,,NCAA Tournament,,NCAA_TOURNAMENT,R32,193,Mar. 18 4 vs. Kansas NR/2 76-88 L,resolved,,,,,,,
KYRAW-02558,kentucky,historical_record_book,2007-2008,2008,2007-11-06,Central Arkansas,Central Arkansas,central-arkansas,Yes,67,40,W,0,Kentucky Home,SOURCE_PROGRAM_HOME,Rupp Arena,Rupp Arena,Lexington,KY,,,REGULAR_SEASON,,193,Nov. 6 1 CENTRAL ARKANSAS 20/NR 67-40 W,resolved,,,,,,,
KYRAW-02559,kentucky,historical_record_book,2007-2008,2008,2007-11-07,Gardner-Webb,Gardner-Webb,gardner-webb,Yes,68,84,L,0,Kentucky Home,SOURCE_PROGRAM_HOME,Rupp Arena,Rupp Arena,Lexington,KY,,,REGULAR_SEASON,,193,Nov. 7 1 GARDNER-WEBB 20/NR 68-84 L,resolved,,,,,,,
KYRAW-02560,kentucky,historical_record_book,2007-2008,2008,2007-11-21,Liberty,Liberty,liberty,Yes,80,54,W,0,Kentucky Home,SOURCE_PROGRAM_HOME,Rupp Arena,Rupp Arena,Lexington,KY,,,REGULAR_SEASON,,193,Nov. 21 LIBERTY NR/NR 80-54 W,resolved,,,,,,,
KYRAW-02561,kentucky,historical_record_book,2007-2008,2008,2007-11-24,Texas Southern,Texas Southern,texas-southern,Yes,83,35,W,0,Kentucky Home,SOURCE_PROGRAM_HOME,Rupp Arena,Rupp Arena,Lexington,KY,,,REGULAR_SEASON,,193,Nov. 24 TEXAS SOUTHERN NR/NR 83-35 W,resolved,,,,,,,
KYRAW-02562,kentucky,historical_record_book,2007-2008,2008,2007-11-27,Stony Brook,Stony Brook,stony-brook,Yes,62,52,W,0,Kentucky Home,SOURCE_PROGRAM_HOME,Rupp Arena,Rupp Arena,Lexington,KY,,,REGULAR_SEASON,,193,Nov. 27 STONY BROOK NR/NR 62-52 W,resolved,,,,,,,
KYRAW-02563,kentucky,historical_record_book,2007-2008,2008,2007-12-01,North Carolina,North Carolina,north-carolina,Yes,77,86,L,0,Kentucky Home,SOURCE_PROGRAM_HOME,Rupp Arena,Rupp Arena,Lexington,KY,,,REGULAR_SEASON,,193,Dec. 1 NORTH CAROLINA NR/1 77-86 L,resolved,,,,,,,
KYRAW-02564,kentucky,historical_record_book,2007-2008,2008,2007-12-08,Indiana,Indiana,indiana,Yes,51,70,L,0,Opponent Home,OPPONENT_HOME,,,,,,,REGULAR_SEASON,,193,Dec. 8 at Indiana NR/15 51-70 L,resolved,,,,,,,
KYRAW-02565,kentucky,historical_record_book,2007-2008,2008,2007-12-15,UAB,UAB,uab,Yes,76,79,L,0,Neutral,NEUTRAL,,,,,,,REGULAR_SEASON,,193,Dec. 15 2 vs. UAB NR/NR 76-79 L,resolved,,,,,,,
KYRAW-02566,kentucky,historical_record_book,2007-2008,2008,2007-12-18,Houston,Houston,houston,Yes,69,83,L,0,Opponent Home,OPPONENT_HOME,,,,,,,REGULAR_SEASON,,193,Dec. 18 at Houston NR/NR 69-83 L,resolved,,,,,,,
KYRAW-02567,kentucky,historical_record_book,2007-2008,2008,2007-12-22,Tennessee Tech,Tennessee Tech,tennessee-tech,Yes,69,47,W,0,Kentucky Home,SOURCE_PROGRAM_HOME,Rupp Arena,Rupp Arena,Lexington,KY,,,REGULAR_SEASON,,193,Dec. 22 TENNESSEE TECH NR/NR 69-47 W,resolved,,,,,,,
KYRAW-02568,kentucky,historical_record_book,2007-2008,2008,2007-12-29,San Diego,San Diego,san-diego,Yes,72,81,L,0,Kentucky Home,SOURCE_PROGRAM_HOME,Rupp Arena,Rupp Arena,Lexington,KY,,,REGULAR_SEASON,,193,Dec. 29 SAN DIEGO NR/NR 72-81 L,resolved,,,,,,,
KYRAW-02569,kentucky,historical_record_book,2007-2008,2008,2007-12-31,FIU,FIU,florida-international,Yes,92,49,W,0,Kentucky Home,SOURCE_PROGRAM_HOME,Rupp Arena,Rupp Arena,Lexington,KY,,,REGULAR_SEASON,,193,Dec. 31 FLORIDA INTERNATIONAL NR/NR 92-49 W,resolved,,,,,,,
KYRAW-02570,kentucky,historical_record_book,2007-2008,2008,2008-01-05,Louisville,Louisville,louisville,Yes,75,89,L,0,Kentucky Home,SOURCE_PROGRAM_HOME,Rupp Arena,Rupp Arena,Lexington,KY,,,REGULAR_SEASON,,193,Jan. 5 LOUISVILLE NR/NR 75-89 L,resolved,,,,,,,
KYRAW-02571,kentucky,historical_record_book,2007-2008,2008,2008-01-12,Vanderbilt,Vanderbilt,vanderbilt,Yes,79,73,W,1,Kentucky Home,SOURCE_PROGRAM_HOME,Rupp Arena,Rupp Arena,Lexington,KY,,,REGULAR_SEASON,,193,Jan. 12 * VANDERBILT NR/13 79-73 W OT,resolved,,,,,,,
KYRAW-02572,kentucky,historical_record_book,2007-2008,2008,2008-01-15,Mississippi State,Mississippi State,mississippi-state,Yes,64,69,L,0,Opponent Home,OPPONENT_HOME,,,,,,,REGULAR_SEASON,,193,Jan. 15 * at Mississippi State NR/NR 69-64 L 1,resolved,,,,,,,
KYRAW-02573,kentucky,historical_record_book,2007-2008,2008,2008-01-19,Florida,Florida,florida,Yes,70,81,L,0,Opponent Home,OPPONENT_HOME,,,,,,,REGULAR_SEASON,,193,Jan. 19 * at Florida NR/NR 70-81 L OT 2,resolved,,,,,,,
KYRAW-02574,kentucky,historical_record_book,2007-2008,2008,2008-01-22,Tennessee,Tennessee,tennessee,Yes,72,66,W,0,Kentucky Home,SOURCE_PROGRAM_HOME,Rupp Arena,Rupp Arena,Lexington,KY,,,REGULAR_SEASON,,193,Jan. 22 * TENNESSEE NR/3 72-66 W,resolved,,,,,,,
KYRAW-02575,kentucky,historical_record_book,2007-2008,2008,2008-01-26,South Carolina,South Carolina,south-carolina,Yes,78,70,W,0,Kentucky Home,SOURCE_PROGRAM_HOME,Rupp Arena,Rupp Arena,Lexington,KY,,,REGULAR_SEASON,,193,Jan. 26 * SOUTH CAROLINA NR/NR 78-70 W,resolved,,,,,,,
KYRAW-02576,kentucky,historical_record_book,2007-2008,2008,2008-02-02,Georgia,Georgia,georgia,Yes,63,58,W,0,Opponent Home,OPPONENT_HOME,,,,,,,REGULAR_SEASON,,193,Feb. 2 * at Georgia NR/NR 63-58 W,resolved,,,,,,,
KYRAW-02577,kentucky,historical_record_book,2007-2008,2008,2008-02-06,Auburn,Auburn,auburn,Yes,66,63,W,0,Opponent Home,OPPONENT_HOME,,,,,,,REGULAR_SEASON,,193,Feb. 6 * at Auburn NR/NR 66-63 W,resolved,,,,,,,
KYRAW-02578,kentucky,historical_record_book,2007-2008,2008,2008-02-09,Alabama,Alabama,alabama,Yes,62,52,W,0,Kentucky Home,SOURCE_PROGRAM_HOME,Rupp Arena,Rupp Arena,Lexington,KY,,,REGULAR_SEASON,,193,Feb. 9 * ALABAMA NR/NR 62-52 W,resolved,,,,,,,
KYRAW-02579,kentucky,historical_record_book,2007-2008,2008,2008-02-12,Vanderbilt,Vanderbilt,vanderbilt,Yes,52,93,L,0,Opponent Home,OPPONENT_HOME,,,,,,,REGULAR_SEASON,,193,Feb. 12 * at Vanderbilt NR/24 52-93 L,resolved,,,,,,,
KYRAW-02580,kentucky,historical_record_book,2007-2008,2008,2008-02-16,LSU,LSU,lsu,Yes,67,63,W,0,Opponent Home,OPPONENT_HOME,,,,,,,REGULAR_SEASON,,193,Feb. 16 * at LSU NR/NR 67-63 W,resolved,,,,,,,
KYRAW-02581,kentucky,historical_record_book,2007-2008,2008,2008-02-19,Georgia,Georgia,georgia,Yes,61,55,W,0,Kentucky Home,SOURCE_PROGRAM_HOME,Rupp Arena,Rupp Arena,Lexington,KY,,,REGULAR_SEASON,,193,Feb. 19 * GEORGIA NR/NR 61-55 W,resolved,,,,,,,
KYRAW-02582,kentucky,historical_record_book,2007-2008,2008,2008-02-23,Arkansas,Arkansas,arkansas,Yes,63,58,W,0,Kentucky Home,SOURCE_PROGRAM_HOME,Rupp Arena,Rupp Arena,Lexington,KY,,,REGULAR_SEASON,,193,Feb. 23 * ARKANSAS NR/NR 63-58 W,resolved,,,,,,,
KYRAW-02583,kentucky,historical_record_book,2007-2008,2008,2008-02-27,Ole Miss,Ole Miss,ole-miss,Yes,58,54,W,0,Kentucky Home,SOURCE_PROGRAM_HOME,Rupp Arena,Rupp Arena,Lexington,KY,,,REGULAR_SEASON,,193,Feb. 27 * OLE MISS NR/NR 58-54 W,resolved,,,,,,,
KYRAW-02584,kentucky,historical_record_book,2007-2008,2008,2008-03-02,Tennessee,Tennessee,tennessee,Yes,60,63,L,0,Opponent Home,OPPONENT_HOME,,,,,,,REGULAR_SEASON,,193,Mar. 2 * at Tennessee NR/1 60-63 L,resolved,,,,,,,
KYRAW-02585,kentucky,historical_record_book,2007-2008,2008,2008-03-05,South Carolina,South Carolina,south-carolina,Yes,71,63,W,0,Opponent Home,OPPONENT_HOME,,,,,,,REGULAR_SEASON,,193,Mar. 5 * at South Carolina NR/NR 71-63 W,resolved,,,,,,,
KYRAW-02586,kentucky,historical_record_book,2007-2008,2008,2008-03-09,Florida,Florida,florida,Yes,75,70,W,0,Kentucky Home,SOURCE_PROGRAM_HOME,Rupp Arena,Rupp Arena,Lexington,KY,,,REGULAR_SEASON,,193,Mar. 9 * FLORIDA NR/NR 75-70 W,resolved,,,,,,,
KYRAW-02587,kentucky,historical_record_book,2007-2008,2008,2008-03-15,Georgia,Georgia,georgia,Yes,56,60,L,1,Neutral,NEUTRAL,,,,,SEC Tournament,,CONFERENCE_TOURNAMENT,,193,Mar. 15 3 vs. Georgia NR/NR 56-60 L OT,resolved,,,,,,,
KYRAW-02588,kentucky,historical_record_book,2007-2008,2008,2008-03-20,Marquette,Marquette,marquette,Yes,66,74,L,0,Neutral,NEUTRAL,,,,,NCAA Tournament,,NCAA_TOURNAMENT,R64,193,Mar. 20 4 vs. Marquette NR/25 66-74 L,resolved,,,,,,,
KYRAW-02589,kentucky,historical_record_book,2008-2009,2009,2008-11-14,VMI,VMI,vmi,Yes,103,111,L,0,Kentucky Home,SOURCE_PROGRAM_HOME,Rupp Arena,Rupp Arena,Lexington,KY,,,REGULAR_SEASON,,193,Nov. 14 VMI NR/NR 103-111 L,resolved,,,,,,,
KYRAW-02590,kentucky,historical_record_book,2008-2009,2009,2008-11-18,North Carolina,North Carolina,north-carolina,Yes,58,77,L,0,Opponent Home,OPPONENT_HOME,,,,,,,REGULAR_SEASON,,193,Nov. 18 at North Carolina NR/1 58-77 L,resolved,,,,,,,
KYRAW-02591,kentucky,historical_record_book,2008-2009,2009,2008-11-22,Delaware State,Delaware State,delaware-state,Yes,71,42,W,0,Kentucky Home,SOURCE_PROGRAM_HOME,Rupp Arena,Rupp Arena,Lexington,KY,,,REGULAR_SEASON,,193,Nov. 22 1 DELAWARE STATE NR/NR 71-42 W,resolved,,,,,,,
KYRAW-02592,kentucky,historical_record_book,2008-2009,2009,2008-11-24,Longwood,Longwood,longwood,Yes,91,57,W,0,Kentucky Home,SOURCE_PROGRAM_HOME,Rupp Arena,Rupp Arena,Lexington,KY,,,REGULAR_SEASON,,193,Nov. 24 1 LONGWOOD NR/NR 91-57 W,resolved,,,,,,,
KYRAW-02593,kentucky,historical_record_book,2008-2009,2009,2008-11-28,Kansas State,Kansas State,kansas-state,Yes,74,72,W,0,Neutral,NEUTRAL,,,,,,,REGULAR_SEASON,,193,Nov. 28 2 vs. Kansas State NR/NR 74-72 W,resolved,,,,,,,
KYRAW-02594,kentucky,historical_record_book,2008-2009,2009,2008-11-29,West Virginia,West Virginia,west-virginia,Yes,54,43,W,0,Neutral,NEUTRAL,,,,,,,REGULAR_SEASON,,193,Nov. 29 2 vs. West Virginia NR/NR 54-43 W,resolved,,,,,,,
KYRAW-02595,kentucky,historical_record_book,2008-2009,2009,2008-12-03,Lamar,Lamar,lamar,Yes,103,61,W,0,Kentucky Home,SOURCE_PROGRAM_HOME,Rupp Arena,Rupp Arena,Lexington,KY,,,REGULAR_SEASON,,193,Dec. 3 LAMAR NR/NR 103-61 W,resolved,,,,,,,
KYRAW-02596,kentucky,historical_record_book,2008-2009,2009,2008-12-06,Miami (Fla.),Miami,miami,Yes,67,73,L,0,Kentucky Home,SOURCE_PROGRAM_HOME,Rupp Arena,Rupp Arena,Lexington,KY,,,REGULAR_SEASON,,193,Dec. 6 MIAMI (FLA.) NR/21 67-73 L,resolved,,,,,,,
KYRAW-02597,kentucky,historical_record_book,2008-2009,2009,2008-12-07,Mississippi Valley State,Mississippi Valley State,mississippi-valley-state,Yes,88,65,W,0,Kentucky Home,SOURCE_PROGRAM_HOME,Rupp Arena,Rupp Arena,Lexington,KY,,,REGULAR_SEASON,,193,Dec. 7 MISSISSIPPI VALLEY STATE NR/NR 88-65 W,resolved,,,,,,,
KYRAW-02598,kentucky,historical_record_book,2008-2009,2009,2008-12-13,Indiana,Indiana,indiana,Yes,72,54,W,0,Kentucky Home,SOURCE_PROGRAM_HOME,Rupp Arena,Rupp Arena,Lexington,KY,,,REGULAR_SEASON,,193,Dec. 13 INDIANA NR/NR 72-54 W,resolved,,,,,,,
KYRAW-02599,kentucky,historical_record_book,2008-2009,2009,2008-12-20,Appalachian State,Appalachian State,app-state,Yes,93,69,W,0,Neutral,NEUTRAL,,,,,,,REGULAR_SEASON,,193,Dec. 20 3 vs. Appalachian State NR/NR 93-69 W,resolved,,,,,,,
KYRAW-02600,kentucky,historical_record_book,2008-2009,2009,2008-12-22,Tennessee State,Tennessee State,tennessee-state,Yes,102,58,W,0,Kentucky Home,SOURCE_PROGRAM_HOME,Rupp Arena,Rupp Arena,Lexington,KY,,,REGULAR_SEASON,,193,Dec. 22 TENNESSEE STATE NR/NR 102-58 W,resolved,,,,,,,
KYRAW-02601,kentucky,historical_record_book,2008-2009,2009,2008-12-27,Florida Atlantic,FAU,florida-atlantic,Yes,76,69,W,0,Kentucky Home,SOURCE_PROGRAM_HOME,Rupp Arena,Rupp Arena,Lexington,KY,,,REGULAR_SEASON,,193,Dec. 27 FLORIA ATLANTIC NR/NR 76-69 W,resolved,,,,,,,
KYRAW-02602,kentucky,historical_record_book,2008-2009,2009,2008-12-29,Central Michigan,Central Michigan,central-michigan,Yes,84,52,W,0,Kentucky Home,SOURCE_PROGRAM_HOME,Rupp Arena,Rupp Arena,Lexington,KY,,,REGULAR_SEASON,,193,Dec. 29 CENTRAL MICHIGAN NR/NR 84-52 W,resolved,,,,,,,
KYRAW-02603,kentucky,historical_record_book,2008-2009,2009,2009-01-04,Louisville,Louisville,louisville,Yes,71,74,L,0,Opponent Home,OPPONENT_HOME,,,,,,,REGULAR_SEASON,,193,Jan. 4 at Louisville NR/18 71-74 L,resolved,,,,,,,
KYRAW-02604,kentucky,historical_record_book,2008-2009,2009,2009-01-10,Vanderbilt,Vanderbilt,vanderbilt,Yes,70,60,W,0,Kentucky Home,SOURCE_PROGRAM_HOME,Rupp Arena,Rupp Arena,Lexington,KY,,,REGULAR_SEASON,,193,Jan. 10 * VANDERBILT NR/NR 70-60 W,resolved,,,,,,,
KYRAW-02605,kentucky,historical_record_book,2008-2009,2009,2009-01-13,Tennessee,Tennessee,tennessee,Yes,90,72,W,0,Opponent Home,OPPONENT_HOME,,,,,,,REGULAR_SEASON,,193,Jan. 13 * at Tennessee NR/24 90-72 W,resolved,,,,,,,
KYRAW-02606,kentucky,historical_record_book,2008-2009,2009,2009-01-18,Georgia,Georgia,georgia,Yes,68,45,W,0,Opponent Home,OPPONENT_HOME,,,,,,,REGULAR_SEASON,,193,Jan. 18 * at Georgia NR/NR 68-45 W,resolved,,,,,,,
KYRAW-02607,kentucky,historical_record_book,2008-2009,2009,2009-01-21,Auburn,Auburn,auburn,Yes,73,64,W,0,Kentucky Home,SOURCE_PROGRAM_HOME,Rupp Arena,Rupp Arena,Lexington,KY,,,REGULAR_SEASON,,193,Jan. 21 * AUBURN NR/NR 73-64 W,resolved,,,,,,,
KYRAW-02608,kentucky,historical_record_book,2008-2009,2009,2009-01-24,Alabama,Alabama,alabama,Yes,61,51,W,0,Opponent Home,OPPONENT_HOME,,,,,,,REGULAR_SEASON,,193,Jan. 24 * at Alabama NR/NR 61-51 W,resolved,,,,,,,
KYRAW-02609,kentucky,historical_record_book,2008-2009,2009,2009-01-27,Ole Miss,Ole Miss,ole-miss,Yes,80,85,L,0,Opponent Home,OPPONENT_HOME,,,,,,,REGULAR_SEASON,,193,Jan. 27 * at Ole Miss 24/NR 80-85 L,resolved,,,,,,,
KYRAW-02610,kentucky,historical_record_book,2008-2009,2009,2009-01-31,South Carolina,South Carolina,south-carolina,Yes,77,78,L,0,Kentucky Home,SOURCE_PROGRAM_HOME,Rupp Arena,Rupp Arena,Lexington,KY,,,REGULAR_SEASON,,193,Jan. 31 * SOUTH CAROLINA 24/NR 77-78 L,resolved,,,,,,,
KYRAW-02611,kentucky,historical_record_book,2008-2009,2009,2009-02-03,Mississippi State,Mississippi State,mississippi-state,Yes,57,66,L,0,Kentucky Home,SOURCE_PROGRAM_HOME,Rupp Arena,Rupp Arena,Lexington,KY,,,REGULAR_SEASON,,193,Feb. 3 * MISSISSIPPI STATE NR/NR 57-66 L,resolved,,,,,,,
KYRAW-02612,kentucky,historical_record_book,2008-2009,2009,2009-02-10,Florida,Florida,florida,Yes,68,65,W,0,Kentucky Home,SOURCE_PROGRAM_HOME,Rupp Arena,Rupp Arena,Lexington,KY,,,REGULAR_SEASON,,193,Feb. 10 * FLORIDA NR/NR 68-65 W,resolved,,,,,,,
KYRAW-02613,kentucky,historical_record_book,2008-2009,2009,2009-02-14,Arkansas,Arkansas,arkansas,Yes,79,63,W,0,Opponent Home,OPPONENT_HOME,,,,,,,REGULAR_SEASON,,193,Feb. 14 * at Arkansas NR/NR 79-63 W,resolved,,,,,,,
KYRAW-02614,kentucky,historical_record_book,2008-2009,2009,2009-02-17,Vanderbilt,Vanderbilt,vanderbilt,Yes,64,77,L,0,Opponent Home,OPPONENT_HOME,,,,,,,REGULAR_SEASON,,193,Feb. 17 * at Vanderbilt NR/NR 64-77 L,resolved,,,,,,,
KYRAW-02615,kentucky,historical_record_book,2008-2009,2009,2009-02-21,Tennessee,Tennessee,tennessee,Yes,77,58,W,0,Kentucky Home,SOURCE_PROGRAM_HOME,Rupp Arena,Rupp Arena,Lexington,KY,,,REGULAR_SEASON,,193,Feb. 21 * TENNESSEE NR/NR 77-58 W,resolved,,,,,,,
KYRAW-02616,kentucky,historical_record_book,2008-2009,2009,2009-02-25,South Carolina,South Carolina,south-carolina,Yes,59,77,L,0,Opponent Home,OPPONENT_HOME,,,,,,,REGULAR_SEASON,,193,Feb. 25 * at South Carolina NR/NR 59-77 L,resolved,,,,,,,
KYRAW-02617,kentucky,historical_record_book,2008-2009,2009,2009-02-28,LSU,LSU,lsu,Yes,70,73,L,0,Kentucky Home,SOURCE_PROGRAM_HOME,Rupp Arena,Rupp Arena,Lexington,KY,,,REGULAR_SEASON,,193,Feb. 28 * LSU NR/18 70-73 L,resolved,,,,,,,
KYRAW-02618,kentucky,historical_record_book,2008-2009,2009,2009-03-04,Georgia,Georgia,georgia,Yes,85,90,L,0,Kentucky Home,SOURCE_PROGRAM_HOME,Rupp Arena,Rupp Arena,Lexington,KY,,,REGULAR_SEASON,,193,Mar. 4 * GEORGIA NR/NR 85-90 L,resolved,,,,,,,
KYRAW-02619,kentucky,historical_record_book,2008-2009,2009,2009-03-07,Florida,Florida,florida,Yes,53,60,L,0,Opponent Home,OPPONENT_HOME,,,,,,,REGULAR_SEASON,,193,Mar. 7 * at Florida NR/NR 53-60 L,resolved,,,,,,,
KYRAW-02620,kentucky,historical_record_book,2008-2009,2009,2009-03-12,Ole Miss,Ole Miss,ole-miss,Yes,71,58,W,0,Neutral,NEUTRAL,,,,,SEC Tournament,,CONFERENCE_TOURNAMENT,,193,Mar. 12 4 vs. Ole Miss NR/NR 71-58 W,resolved,,,,,,,
KYRAW-02621,kentucky,historical_record_book,2008-2009,2009,2009-03-13,LSU,LSU,lsu,Yes,58,67,L,0,Neutral,NEUTRAL,,,,,SEC Tournament,,CONFERENCE_TOURNAMENT,,193,Mar. 13 4 vs. LSU NR/20 58-67 L,resolved,,,,,,,
KYRAW-02622,kentucky,historical_record_book,2008-2009,2009,2009-03-17,UNLV,UNLV,unlv,Yes,70,60,W,0,Kentucky Home,SOURCE_PROGRAM_HOME,Memorial Coliseum,Memorial Coliseum,Lexington,KY,NIT,,NIT,,193,Mar. 17 5 UNLV NR/NR 70-60 W,resolved,,,,,,,
KYRAW-02623,kentucky,historical_record_book,2008-2009,2009,2009-03-23,Creighton,Creighton,creighton,Yes,65,63,W,0,Opponent Home,OPPONENT_HOME,,,,,NIT,,NIT,,193,Mar. 23 6 at Creighton NR/NR 65-63 W,resolved,,,,,,,
KYRAW-02624,kentucky,historical_record_book,2008-2009,2009,2009-03-25,Notre Dame,Notre Dame,notre-dame,Yes,67,77,L,0,Opponent Home,OPPONENT_HOME,,,,,NIT,,NIT,,193,Mar. 25 7 at Notre Dame NR/NR 67-77 L,resolved,,,,,,,
KYRAW-02625,kentucky,historical_record_book,2009-2010,2010,2009-11-13,Morehead State,Morehead State,morehead-state,Yes,75,59,W,0,Kentucky Home,SOURCE_PROGRAM_HOME,Rupp Arena,Rupp Arena,Lexington,KY,,,REGULAR_SEASON,,194,Nov. 13 MOREHEAD STATE 4/NR 75-59 W,resolved,,,,,,,
KYRAW-02626,kentucky,historical_record_book,2009-2010,2010,2009-11-16,Miami (Ohio),Miami University,miami-oh,Yes,72,70,W,0,Kentucky Home,SOURCE_PROGRAM_HOME,Rupp Arena,Rupp Arena,Lexington,KY,,,REGULAR_SEASON,,194,Nov. 16 MIAMI (OHIO) 4/NR 72-70 W,resolved,,,,,,,
KYRAW-02627,kentucky,historical_record_book,2009-2010,2010,2009-11-19,Sam Houston State,Sam Houston,sam-houston,Yes,102,92,W,0,Kentucky Home,SOURCE_PROGRAM_HOME,Rupp Arena,Rupp Arena,Lexington,KY,,,REGULAR_SEASON,,194,Nov. 19 1 SAM HOUSTON STATE 4/NR 102-92 W,resolved,,,,,,,
KYRAW-02628,kentucky,historical_record_book,2009-2010,2010,2009-11-21,Rider,Rider,rider,Yes,92,63,W,0,Kentucky Home,SOURCE_PROGRAM_HOME,Rupp Arena,Rupp Arena,Lexington,KY,,,REGULAR_SEASON,,194,Nov. 21 1 RIDER 4/NR 92-63 W,resolved,,,,,,,
KYRAW-02629,kentucky,historical_record_book,2009-2010,2010,2009-11-24,Cleveland State,Cleveland State,cleveland-state,Yes,73,49,W,0,Neutral,NEUTRAL,,,,,,,REGULAR_SEASON,,194,Nov. 24 2 vs. Cleveland State 5/NR 73-49 W,resolved,,,,,,,
KYRAW-02630,kentucky,historical_record_book,2009-2010,2010,2009-11-25,Stanford,Stanford,stanford,Yes,73,65,W,1,Neutral,NEUTRAL,,,,,,,REGULAR_SEASON,,194,Nov. 25 2 vs. Stanford 5/NR 73-65 W OT,resolved,,,,,,,
KYRAW-02631,kentucky,historical_record_book,2009-2010,2010,2009-11-30,UNC Asheville,UNC Asheville,unc-asheville,Yes,94,57,W,0,Neutral,NEUTRAL,,,,,,,REGULAR_SEASON,,194,Nov. 30 3 vs. UNC Asheville 5/NR 94-57 W,resolved,,,,,,,
KYRAW-02632,kentucky,historical_record_book,2009-2010,2010,2009-12-05,North Carolina,North Carolina,north-carolina,Yes,68,66,W,0,Kentucky Home,SOURCE_PROGRAM_HOME,Rupp Arena,Rupp Arena,Lexington,KY,,,REGULAR_SEASON,,194,Dec. 5 NORTH CAROLINA 5/10 68-66 W,resolved,,,,,,,
KYRAW-02633,kentucky,historical_record_book,2009-2010,2010,2009-12-09,UConn,Connecticut,uconn,Yes,64,61,W,0,Neutral,NEUTRAL,,,,,,,REGULAR_SEASON,,194,Dec. 9 4 vs. UConn 4/14 64-61 W,resolved,,,,,,,
KYRAW-02634,kentucky,historical_record_book,2009-2010,2010,2009-12-12,Indiana,Indiana,indiana,Yes,90,73,W,0,Opponent Home,OPPONENT_HOME,,,,,,,REGULAR_SEASON,,194,Dec. 12 at Indiana 4/NR 90-73 W,resolved,,,,,,,
KYRAW-02635,kentucky,historical_record_book,2009-2010,2010,2009-12-19,Austin Peay,Austin Peay,austin-peay,Yes,90,69,W,0,Kentucky Home,SOURCE_PROGRAM_HOME,Rupp Arena,Rupp Arena,Lexington,KY,,,REGULAR_SEASON,,194,Dec. 19 AUSTIN PEAY 3/NR 90-69 W,resolved,,,,,,,
KYRAW-02636,kentucky,historical_record_book,2009-2010,2010,2009-12-21,Drexel,Drexel,drexel,Yes,88,44,W,0,Kentucky Home,SOURCE_PROGRAM_HOME,Rupp Arena,Rupp Arena,Lexington,KY,,,REGULAR_SEASON,,194,Dec. 21 DREXEL 3/NR 88-44 W,resolved,,,,,,,
KYRAW-02637,kentucky,historical_record_book,2009-2010,2010,2009-12-23,Long Beach State,Long Beach State,long-beach-state,Yes,86,73,W,0,Kentucky Home,SOURCE_PROGRAM_HOME,Rupp Arena,Rupp Arena,Lexington,KY,,,REGULAR_SEASON,,194,Dec. 23 LONG BEACH STATE 3/NR 86-73 W,resolved,,,,,,,
KYRAW-02638,kentucky,historical_record_book,2009-2010,2010,2009-12-29,Hartford,Hartford,hartford,No,104,61,W,0,Kentucky Home,SOURCE_PROGRAM_HOME,Rupp Arena,Rupp Arena,Lexington,KY,,,REGULAR_SEASON,,194,Dec. 29 HARTFORD 3/NR 104-61 W,resolved,,,,,,,
KYRAW-02639,kentucky,historical_record_book,2009-2010,2010,2010-01-02,Louisville,Louisville,louisville,Yes,71,62,W,0,Kentucky Home,SOURCE_PROGRAM_HOME,Rupp Arena,Rupp Arena,Lexington,KY,,,REGULAR_SEASON,,194,Jan. 2 LOUISVILLE 3/NR 71-62 W,resolved,,,,,,,
KYRAW-02640,kentucky,historical_record_book,2009-2010,2010,2010-01-09,Georgia,Georgia,georgia,Yes,76,68,W,0,Kentucky Home,SOURCE_PROGRAM_HOME,Rupp Arena,Rupp Arena,Lexington,KY,,,REGULAR_SEASON,,194,Jan. 9 * GEORGIA 3/NR 76-68 W,resolved,,,,,,,
KYRAW-02641,kentucky,historical_record_book,2009-2010,2010,2010-01-12,Florida,Florida,florida,Yes,89,77,W,0,Opponent Home,OPPONENT_HOME,,,,,,,REGULAR_SEASON,,194,Jan. 12 * at Florida 2/NR 89-77 W,resolved,,,,,,,
KYRAW-02642,kentucky,historical_record_book,2009-2010,2010,2010-01-16,Auburn,Auburn,auburn,Yes,72,67,W,0,Opponent Home,OPPONENT_HOME,,,,,,,REGULAR_SEASON,,194,Jan. 16 * at Auburn 2/NR 72-67 W,resolved,,,,,,,
KYRAW-02643,kentucky,historical_record_book,2009-2010,2010,2010-01-23,Arkansas,Arkansas,arkansas,Yes,101,70,W,0,Kentucky Home,SOURCE_PROGRAM_HOME,Rupp Arena,Rupp Arena,Lexington,KY,,,REGULAR_SEASON,,194,Jan. 23 * ARKANSAS 2/NR 101-70 W,resolved,,,,,,,
KYRAW-02644,kentucky,historical_record_book,2009-2010,2010,2010-01-26,South Carolina,South Carolina,south-carolina,Yes,62,68,L,0,Opponent Home,OPPONENT_HOME,,,,,,,REGULAR_SEASON,,194,Jan. 26 * at South Carolina 1/NR 62-68 L,resolved,,,,,,,
KYRAW-02645,kentucky,historical_record_book,2009-2010,2010,2010-01-30,Vanderbilt,Vanderbilt,vanderbilt,Yes,85,72,W,0,Kentucky Home,SOURCE_PROGRAM_HOME,Rupp Arena,Rupp Arena,Lexington,KY,,,REGULAR_SEASON,,194,Jan. 30 * VANDERBILT 1/21 85-72 W,resolved,,,,,,,
KYRAW-02646,kentucky,historical_record_book,2009-2010,2010,2010-02-02,Ole Miss,Ole Miss,ole-miss,Yes,85,75,W,0,Kentucky Home,SOURCE_PROGRAM_HOME,Rupp Arena,Rupp Arena,Lexington,KY,,,REGULAR_SEASON,,194,Feb. 2 * OLE MISS 4/25 85-75 W,resolved,,,,,,,
KYRAW-02647,kentucky,historical_record_book,2009-2010,2010,2010-02-06,LSU,LSU,lsu,Yes,81,55,W,0,Opponent Home,OPPONENT_HOME,,,,,,,REGULAR_SEASON,,194,Feb. 6 * at LSU 4/NR 81-55 W,resolved,,,,,,,
KYRAW-02648,kentucky,historical_record_book,2009-2010,2010,2010-02-09,Alabama,Alabama,alabama,Yes,66,55,W,0,Kentucky Home,SOURCE_PROGRAM_HOME,Rupp Arena,Rupp Arena,Lexington,KY,,,REGULAR_SEASON,,194,Feb. 9 * ALABAMA 3/NR 66-55 W,resolved,,,,,,,
KYRAW-02649,kentucky,historical_record_book,2009-2010,2010,2010-02-13,Tennessee,Tennessee,tennessee,Yes,73,62,W,0,Kentucky Home,SOURCE_PROGRAM_HOME,Rupp Arena,Rupp Arena,Lexington,KY,,,REGULAR_SEASON,,194,Feb. 13 * TENNESSEE 3/12 73-62 W,resolved,,,,,,,
KYRAW-02650,kentucky,historical_record_book,2009-2010,2010,2010-02-16,Mississippi State,Mississippi State,mississippi-state,Yes,81,75,W,1,Opponent Home,OPPONENT_HOME,,,,,,,REGULAR_SEASON,,194,Feb. 16 * at Mississippi State 3/NR 81-75 W OT,resolved,,,,,,,
KYRAW-02651,kentucky,historical_record_book,2009-2010,2010,2010-02-20,Vanderbilt,Vanderbilt,vanderbilt,Yes,58,56,W,0,Opponent Home,OPPONENT_HOME,,,,,,,REGULAR_SEASON,,194,Feb. 20 * at Vanderbilt 2/17 58-56 W,resolved,,,,,,,
KYRAW-02652,kentucky,historical_record_book,2009-2010,2010,2010-02-25,South Carolina,South Carolina,south-carolina,Yes,82,61,W,0,Kentucky Home,SOURCE_PROGRAM_HOME,Rupp Arena,Rupp Arena,Lexington,KY,,,REGULAR_SEASON,,194,Feb. 25 * SOUTH CAROLINA 2/NR 82-61 W,resolved,,,,,,,
KYRAW-02653,kentucky,historical_record_book,2009-2010,2010,2010-02-27,Tennessee,Tennessee,tennessee,Yes,65,74,L,0,Opponent Home,OPPONENT_HOME,,,,,,,REGULAR_SEASON,,194,Feb. 27 * at Tennessee 2/19 65-74 L,resolved,,,,,,,
KYRAW-02654,kentucky,historical_record_book,2009-2010,2010,2010-03-03,Georgia,Georgia,georgia,Yes,80,69,W,0,Opponent Home,OPPONENT_HOME,,,,,,,REGULAR_SEASON,,194,Mar. 3 * at Georgia 3/NR 80-69 W,resolved,,,,,,,
KYRAW-02655,kentucky,historical_record_book,2009-2010,2010,2010-03-07,Florida,Florida,florida,Yes,74,66,W,0,Kentucky Home,SOURCE_PROGRAM_HOME,Rupp Arena,Rupp Arena,Lexington,KY,,,REGULAR_SEASON,,194,Mar. 7 * FLORIDA 3/NR 74-66 W,resolved,,,,,,,
KYRAW-02656,kentucky,historical_record_book,2009-2010,2010,2010-03-12,Alabama,Alabama,alabama,Yes,73,67,W,0,Neutral,NEUTRAL,,,,,SEC Tournament,,CONFERENCE_TOURNAMENT,,194,Mar. 12 5 vs. Alabama 2/NR 73-67 W,resolved,,,,,,,
KYRAW-02657,kentucky,historical_record_book,2009-2010,2010,2010-03-13,Tennessee,Tennessee,tennessee,Yes,74,45,W,0,Neutral,NEUTRAL,,,,,SEC Tournament,,CONFERENCE_TOURNAMENT,,194,Mar. 13 5 vs. Tennessee 2/15 74-45 W,resolved,,,,,,,
KYRAW-02658,kentucky,historical_record_book,2009-2010,2010,2010-03-14,Mississippi State,Mississippi State,mississippi-state,Yes,75,74,W,1,Neutral,NEUTRAL,,,,,SEC Tournament,,CONFERENCE_TOURNAMENT,Championship,194,Mar. 14 5 vs. Mississippi State 2/NR 75-74 W OT,resolved,,,,,,,
KYRAW-02659,kentucky,historical_record_book,2009-2010,2010,2010-03-18,East Tennessee State,East Tennessee State,east-tennessee-state,Yes,100,71,W,0,Neutral,NEUTRAL,,,,,NCAA Tournament,,NCAA_TOURNAMENT,R64,194,Mar. 18 6 vs. ETSU 2/NR 100-71 W,resolved,,,,,,,
KYRAW-02660,kentucky,historical_record_book,2009-2010,2010,2010-03-20,Wake Forest,Wake Forest,wake-forest,Yes,90,60,W,0,Neutral,NEUTRAL,,,,,NCAA Tournament,,NCAA_TOURNAMENT,R32,194,Mar. 20 6 vs. Wake Forest 2/NR 90-60 W,resolved,,,,,,,
KYRAW-02661,kentucky,historical_record_book,2009-2010,2010,2010-03-25,Cornell,Cornell,cornell,Yes,62,45,W,0,Neutral,NEUTRAL,,,,,NCAA Tournament,,NCAA_TOURNAMENT,Sweet Sixteen,194,Mar. 25 7 vs. Cornell 2/NR 62-45 W,resolved,,,,,,,
KYRAW-02662,kentucky,historical_record_book,2009-2010,2010,2010-03-27,West Virginia,West Virginia,west-virginia,Yes,66,73,L,0,Neutral,NEUTRAL,,,,,NCAA Tournament,,NCAA_TOURNAMENT,Elite Eight,194,Mar. 27 7 vs. West Virginia 2/6 66-73 L,resolved,,,,,,,
KYRAW-02663,kentucky,historical_record_book,2010-2011,2011,2010-11-12,East Tennessee State,East Tennessee State,east-tennessee-state,Yes,88,65,W,0,Kentucky Home,SOURCE_PROGRAM_HOME,Rupp Arena,Rupp Arena,Lexington,KY,,,REGULAR_SEASON,,194,Nov. 12 ETSU 11/NR 88-65 W,resolved,,,,,,,
KYRAW-02664,kentucky,historical_record_book,2010-2011,2011,2010-11-19,Portland,Portland,portland,Yes,79,48,W,0,Neutral,NEUTRAL,,,,,,,REGULAR_SEASON,,194,Nov. 19 1 vs. Portland 12/NR 79-48 W,resolved,,,,,,,
KYRAW-02665,kentucky,historical_record_book,2010-2011,2011,2010-11-22,Oklahoma,Oklahoma,oklahoma,Yes,76,64,W,0,Neutral,NEUTRAL,,,,,,,REGULAR_SEASON,,194,Nov. 22 2 vs. Oklahoma 8/NR 76-64 W,resolved,,,,,,,
KYRAW-02666,kentucky,historical_record_book,2010-2011,2011,2010-11-23,Washington,Washington,washington,Yes,74,67,W,0,Neutral,NEUTRAL,,,,,,,REGULAR_SEASON,,194,Nov. 23 2 vs. Washington 8/13 74-67 W,resolved,,,,,,,
KYRAW-02667,kentucky,historical_record_book,2010-2011,2011,2010-11-24,UConn,Connecticut,uconn,Yes,67,84,L,0,Neutral,NEUTRAL,,,,,,,REGULAR_SEASON,,194,Nov. 24 2 vs. UConn 8/NR 67-84 L,resolved,,,,,,,
KYRAW-02668,kentucky,historical_record_book,2010-2011,2011,2010-11-30,Boston University,Boston University,boston-university,Yes,91,57,W,0,Kentucky Home,SOURCE_PROGRAM_HOME,Rupp Arena,Rupp Arena,Lexington,KY,,,REGULAR_SEASON,,194,Nov. 30 BOSTON U. 10/NR 91-57 W,resolved,,,,,,,
KYRAW-02669,kentucky,historical_record_book,2010-2011,2011,2010-12-04,North Carolina,North Carolina,north-carolina,Yes,73,75,L,0,Opponent Home,OPPONENT_HOME,,,,,,,REGULAR_SEASON,,194,Dec. 4 at North Carolina 10/NR 73-75 L,resolved,,,,,,,
KYRAW-02670,kentucky,historical_record_book,2010-2011,2011,2010-12-08,Notre Dame,Notre Dame,notre-dame,Yes,72,58,W,0,Neutral,NEUTRAL,,,,,,,REGULAR_SEASON,,194,Dec. 8 3 vs. Notre Dame 17/23 72-58 W,resolved,,,,,,,
KYRAW-02671,kentucky,historical_record_book,2010-2011,2011,2010-12-11,Indiana,Indiana,indiana,Yes,81,62,W,0,Kentucky Home,SOURCE_PROGRAM_HOME,Rupp Arena,Rupp Arena,Lexington,KY,,,REGULAR_SEASON,,194,Dec. 11 INDIANA 17/NR 81-62 W,resolved,,,,,,,
KYRAW-02672,kentucky,historical_record_book,2010-2011,2011,2010-12-18,Mississippi Valley State,Mississippi Valley State,mississippi-valley-state,Yes,85,60,W,0,Kentucky Home,SOURCE_PROGRAM_HOME,Rupp Arena,Rupp Arena,Lexington,KY,,,REGULAR_SEASON,,194,Dec. 18 MISSISSIPPI VALLEY STATE 17/NR 85-60 W,resolved,,,,,,,
KYRAW-02673,kentucky,historical_record_book,2010-2011,2011,2010-12-22,Winthrop,Winthrop,winthrop,Yes,89,52,W,0,Kentucky Home,SOURCE_PROGRAM_HOME,Rupp Arena,Rupp Arena,Lexington,KY,,,REGULAR_SEASON,,194,Dec. 22 WINTHROP 13/NR 89-52 W,resolved,,,,,,,
KYRAW-02674,kentucky,historical_record_book,2010-2011,2011,2010-12-28,Coppin State,Coppin State,coppin-state,Yes,91,61,W,0,Kentucky Home,SOURCE_PROGRAM_HOME,Rupp Arena,Rupp Arena,Lexington,KY,,,REGULAR_SEASON,,194,Dec. 28 COPPIN STATE 11/NR 91-61 W,resolved,,,,,,,
KYRAW-02675,kentucky,historical_record_book,2010-2011,2011,2010-12-31,Louisville,Louisville,louisville,Yes,78,63,W,0,Opponent Home,OPPONENT_HOME,,,,,,,REGULAR_SEASON,,194,Dec. 31 at Louisville 11/22 78-63 W,resolved,,,,,,,
KYRAW-02676,kentucky,historical_record_book,2010-2011,2011,2011-01-03,Pennsylvania,Penn,pennsylvania,Yes,86,62,W,0,Kentucky Home,SOURCE_PROGRAM_HOME,Rupp Arena,Rupp Arena,Lexington,KY,,,REGULAR_SEASON,,194,Jan. 3 PENN 10/NR 86-62 W,resolved,,,,,,,
KYRAW-02677,kentucky,historical_record_book,2010-2011,2011,2011-01-08,Georgia,Georgia,georgia,Yes,70,77,L,0,Opponent Home,OPPONENT_HOME,,,,,,,REGULAR_SEASON,,194,Jan. 8 * at Georgia 10/NR 70-77 L,resolved,,,,,,,
KYRAW-02678,kentucky,historical_record_book,2010-2011,2011,2011-01-11,Auburn,Auburn,auburn,Yes,78,54,W,0,Kentucky Home,SOURCE_PROGRAM_HOME,Rupp Arena,Rupp Arena,Lexington,KY,,,REGULAR_SEASON,,194,Jan. 11 * AUBURN 13/NR 78-54 W,resolved,,,,,,,
KYRAW-02679,kentucky,historical_record_book,2010-2011,2011,2011-01-15,LSU,LSU,lsu,Yes,82,44,W,0,Kentucky Home,SOURCE_PROGRAM_HOME,Rupp Arena,Rupp Arena,Lexington,KY,,,REGULAR_SEASON,,194,Jan. 15 * LSU 13/NR 82-44 W,resolved,,,,,,,
KYRAW-02680,kentucky,historical_record_book,2010-2011,2011,2011-01-18,Alabama,Alabama,alabama,Yes,66,68,L,0,Opponent Home,OPPONENT_HOME,,,,,,,REGULAR_SEASON,,194,Jan. 18 * at Alabama 12/NR 66-68 L,resolved,,,,,,,
KYRAW-02681,kentucky,historical_record_book,2010-2011,2011,2011-01-22,South Carolina,South Carolina,south-carolina,Yes,67,58,W,0,Opponent Home,OPPONENT_HOME,,,,,,,REGULAR_SEASON,,194,Jan. 22 * at South Carolina 12/NR 67-58 W,resolved,,,,,,,
KYRAW-02682,kentucky,historical_record_book,2010-2011,2011,2011-01-29,Georgia,Georgia,georgia,Yes,66,60,W,0,Kentucky Home,SOURCE_PROGRAM_HOME,Rupp Arena,Rupp Arena,Lexington,KY,,,REGULAR_SEASON,,194,Jan. 29 * GEORGIA 14/NR 66-60 W,resolved,,,,,,,
KYRAW-02683,kentucky,historical_record_book,2010-2011,2011,2011-02-01,Ole Miss,Ole Miss,ole-miss,Yes,69,71,L,0,Opponent Home,OPPONENT_HOME,,,,,,,REGULAR_SEASON,,194,Feb. 1 * at Ole Miss 10/NR 69-71 L,resolved,,,,,,,
KYRAW-02684,kentucky,historical_record_book,2010-2011,2011,2011-02-05,Florida,Florida,florida,Yes,68,70,L,0,Opponent Home,OPPONENT_HOME,,,,,,,REGULAR_SEASON,,194,Feb. 5 * at Florida 10/NR 68-70 L,resolved,,,,,,,
KYRAW-02685,kentucky,historical_record_book,2010-2011,2011,2011-02-08,Tennessee,Tennessee,tennessee,Yes,73,61,W,0,Kentucky Home,SOURCE_PROGRAM_HOME,Rupp Arena,Rupp Arena,Lexington,KY,,,REGULAR_SEASON,,194,Feb. 8 * TENNESSEE 18/NR 73-61 W,resolved,,,,,,,
KYRAW-02686,kentucky,historical_record_book,2010-2011,2011,2011-02-12,Vanderbilt,Vanderbilt,vanderbilt,Yes,77,81,L,0,Opponent Home,OPPONENT_HOME,,,,,,,REGULAR_SEASON,,194,Feb. 12 * at Vanderbilt 18/23 77-81 L,resolved,,,,,,,
KYRAW-02687,kentucky,historical_record_book,2010-2011,2011,2011-02-15,Mississippi State,Mississippi State,mississippi-state,Yes,85,79,W,0,Kentucky Home,SOURCE_PROGRAM_HOME,Rupp Arena,Rupp Arena,Lexington,KY,,,REGULAR_SEASON,,194,Feb. 15 * MISSISSIPPI STATE 22/NR 85-79 W,resolved,,,,,,,
KYRAW-02688,kentucky,historical_record_book,2010-2011,2011,2011-02-19,South Carolina,South Carolina,south-carolina,Yes,90,59,W,0,Kentucky Home,SOURCE_PROGRAM_HOME,Rupp Arena,Rupp Arena,Lexington,KY,,,REGULAR_SEASON,,194,Feb. 19 * SOUTH CAROLINA 22/NR 90-59 W,resolved,,,,,,,
KYRAW-02689,kentucky,historical_record_book,2010-2011,2011,2011-02-23,Arkansas,Arkansas,arkansas,Yes,76,77,L,1,Opponent Home,OPPONENT_HOME,,,,,,,REGULAR_SEASON,,194,Feb. 23 * at Arkansas 22/NR 76-77 L OT,resolved,,,,,,,
KYRAW-02690,kentucky,historical_record_book,2010-2011,2011,2011-02-26,Florida,Florida,florida,Yes,76,68,W,0,Kentucky Home,SOURCE_PROGRAM_HOME,Rupp Arena,Rupp Arena,Lexington,KY,,,REGULAR_SEASON,,194,Feb. 26 * FLORIDA 22/13 76-68 W,resolved,,,,,,,
KYRAW-02691,kentucky,historical_record_book,2010-2011,2011,2011-03-01,Vanderbilt,Vanderbilt,vanderbilt,Yes,68,66,W,0,Kentucky Home,SOURCE_PROGRAM_HOME,Rupp Arena,Rupp Arena,Lexington,KY,,,REGULAR_SEASON,,194,Mar. 1 * VANDERBILT 20/21 68-66 W,resolved,,,,,,,
KYRAW-02692,kentucky,historical_record_book,2010-2011,2011,2011-03-06,Tennessee,Tennessee,tennessee,Yes,64,58,W,0,Opponent Home,OPPONENT_HOME,,,,,,,REGULAR_SEASON,,194,Mar. 6 * at Tennessee 20/NR 64-58 W,resolved,,,,,,,
KYRAW-02693,kentucky,historical_record_book,2010-2011,2011,2011-03-11,Ole Miss,Ole Miss,ole-miss,Yes,75,66,W,0,Neutral,NEUTRAL,,,,,SEC Tournament,,CONFERENCE_TOURNAMENT,,194,Mar. 11 4 vs. Ole Miss 15/NR 75-66 W,resolved,,,,,,,
KYRAW-02694,kentucky,historical_record_book,2010-2011,2011,2011-03-12,Alabama,Alabama,alabama,Yes,72,58,W,0,Neutral,NEUTRAL,,,,,SEC Tournament,,CONFERENCE_TOURNAMENT,,194,Mar. 12 4 vs. Alabama 15/NR 72-58 W,resolved,,,,,,,
KYRAW-02695,kentucky,historical_record_book,2010-2011,2011,2011-03-13,Florida,Florida,florida,Yes,70,54,W,0,Neutral,NEUTRAL,,,,,SEC Tournament,,CONFERENCE_TOURNAMENT,Championship,194,Mar. 13 4 vs. Florida 15/12 70-54 W,resolved,,,,,,,
KYRAW-02696,kentucky,historical_record_book,2010-2011,2011,2011-03-17,Princeton,Princeton,princeton,Yes,59,57,W,0,Neutral,NEUTRAL,,,,,NCAA Tournament,,NCAA_TOURNAMENT,R64,194,Mar. 17 5 vs. Princeton 11/NR 59-57 W,resolved,,,,,,,
KYRAW-02697,kentucky,historical_record_book,2010-2011,2011,2011-03-19,West Virginia,West Virginia,west-virginia,Yes,71,63,W,0,Neutral,NEUTRAL,,,,,NCAA Tournament,,NCAA_TOURNAMENT,R32,194,Mar. 19 5 vs. West Virginia 11/22 71-63 W,resolved,,,,,,,
KYRAW-02698,kentucky,historical_record_book,2010-2011,2011,2011-03-25,Ohio State,Ohio State,ohio-state,Yes,62,60,W,0,Neutral,NEUTRAL,,,,,NCAA Tournament,,NCAA_TOURNAMENT,Sweet Sixteen,194,Mar. 25 6 vs. Ohio State 11/1 62-60 W,resolved,,,,,,,
KYRAW-02699,kentucky,historical_record_book,2010-2011,2011,2011-03-27,North Carolina,North Carolina,north-carolina,Yes,76,69,W,0,Neutral,NEUTRAL,,,,,NCAA Tournament,,NCAA_TOURNAMENT,Elite Eight,194,Mar. 27 6 vs. North Carolina 11/7 76-69 W,resolved,,,,,,,
KYRAW-02700,kentucky,historical_record_book,2010-2011,2011,2011-04-02,UConn,Connecticut,uconn,Yes,55,56,L,0,Neutral,NEUTRAL,,,,,NCAA Tournament,,NCAA_TOURNAMENT,Final Four,194,April 2 7 vs. UConn 11/9 55-56 L,resolved,,,,,,,
KYRAW-02701,kentucky,historical_record_book,2011-2012,2012,2011-11-11,Marist,Marist,marist,Yes,108,58,W,0,Kentucky Home,SOURCE_PROGRAM_HOME,Rupp Arena,Rupp Arena,Lexington,KY,,,REGULAR_SEASON,,194,Nov. 11 MARIST 2/NR 108-58 W,resolved,,,,,,,
KYRAW-02702,kentucky,historical_record_book,2011-2012,2012,2011-11-15,Kansas,kansas,kansas,Yes,75,65,W,0,Neutral,NEUTRAL,,,,,,,REGULAR_SEASON,,194,Nov. 15 1 vs. Kansas 2/12 75-65 W,resolved,,,,,,,
KYRAW-02703,kentucky,historical_record_book,2011-2012,2012,2011-11-19,Penn State,Penn State,penn-state,Yes,85,47,W,0,Neutral,NEUTRAL,,,,,,,REGULAR_SEASON,,194,Nov. 19 2 vs. Penn State 2/NR 85-47 W,resolved,,,,,,,
KYRAW-02704,kentucky,historical_record_book,2011-2012,2012,2011-11-20,Old Dominion,Old Dominion,old-dominion,Yes,62,52,W,0,Neutral,NEUTRAL,,,,,,,REGULAR_SEASON,,194,Nov. 20 2 vs. Old Dominion 2/NR 62-52 W,resolved,,,,,,,
KYRAW-02705,kentucky,historical_record_book,2011-2012,2012,2011-11-23,Radford,Radford,radford,Yes,88,40,W,0,Kentucky Home,SOURCE_PROGRAM_HOME,Rupp Arena,Rupp Arena,Lexington,KY,,,REGULAR_SEASON,,194,Nov. 23 RADFORD 2/NR 88-40 W,resolved,,,,,,,
KYRAW-02706,kentucky,historical_record_book,2011-2012,2012,2011-11-26,Portland,Portland,portland,Yes,87,63,W,0,Kentucky Home,SOURCE_PROGRAM_HOME,Rupp Arena,Rupp Arena,Lexington,KY,,,REGULAR_SEASON,,194,Nov. 26 PORTLAND 2/NR 87-63 W,resolved,,,,,,,
KYRAW-02707,kentucky,historical_record_book,2011-2012,2012,2011-12-01,St. John’s,St. John's,st-john-s,Yes,81,59,W,0,Kentucky Home,SOURCE_PROGRAM_HOME,Rupp Arena,Rupp Arena,Lexington,KY,,,REGULAR_SEASON,,194,Dec. 1 ST. JOHN’S 1/NR 81-59 W,resolved,,,,,,,
KYRAW-02708,kentucky,historical_record_book,2011-2012,2012,2011-12-03,North Carolina,North Carolina,north-carolina,Yes,73,72,W,0,Kentucky Home,SOURCE_PROGRAM_HOME,Rupp Arena,Rupp Arena,Lexington,KY,,,REGULAR_SEASON,,194,Dec. 3 NORTH CAROLINA 1/5 73-72 W,resolved,,,,,,,
KYRAW-02709,kentucky,historical_record_book,2011-2012,2012,2011-12-10,Indiana,Indiana,indiana,Yes,72,73,L,0,Opponent Home,OPPONENT_HOME,,,,,,,REGULAR_SEASON,,194,Dec. 10 at Indiana 1/NR 72-73 L,resolved,,,,,,,
KYRAW-02710,kentucky,historical_record_book,2011-2012,2012,2011-12-17,Chattanooga,Chattanooga,chattanooga,Yes,87,62,W,0,Kentucky Home,SOURCE_PROGRAM_HOME,Rupp Arena,Rupp Arena,Lexington,KY,,,REGULAR_SEASON,,194,Dec. 17 CHATTANOOGA 3/NR 87-62 W,resolved,,,,,,,
KYRAW-02711,kentucky,historical_record_book,2011-2012,2012,2011-12-20,Samford,Samford,samford,Yes,82,50,W,0,Kentucky Home,SOURCE_PROGRAM_HOME,Rupp Arena,Rupp Arena,Lexington,KY,,,REGULAR_SEASON,,194,Dec. 20 SAMFORD 3/NR 82-50 W,resolved,,,,,,,
KYRAW-02712,kentucky,historical_record_book,2011-2012,2012,2011-12-22,Loyola (Md.),Loyola (Md.),loyola-md,,87,63,W,0,Kentucky Home,SOURCE_PROGRAM_HOME,Rupp Arena,Rupp Arena,Lexington,KY,,,REGULAR_SEASON,,194,Dec. 22 LOYOLA 3/NR 87-63 W,resolved,,,,,,,
KYRAW-02713,kentucky,historical_record_book,2011-2012,2012,2011-12-28,Lamar,Lamar,lamar,Yes,86,64,W,0,Kentucky Home,SOURCE_PROGRAM_HOME,Rupp Arena,Rupp Arena,Lexington,KY,,,REGULAR_SEASON,,195,Dec. 28 LAMAR 3/NR 86-64 W,resolved,,,,,,,
KYRAW-02714,kentucky,historical_record_book,2011-2012,2012,2011-12-31,Louisville,Louisville,louisville,Yes,69,62,W,0,Kentucky Home,SOURCE_PROGRAM_HOME,Rupp Arena,Rupp Arena,Lexington,KY,,,REGULAR_SEASON,,195,Dec. 31 LOUISVILLE 3/4 69-62 W,resolved,,,,,,,
KYRAW-02715,kentucky,historical_record_book,2011-2012,2012,2012-01-03,Arkansas-Little Rock,Little Rock,little-rock,Yes,73,51,W,0,Neutral,NEUTRAL,,,,,,,REGULAR_SEASON,,195,Jan. 3 3 vs. Arkansas Little Rock 2/NR 73-51 W,resolved,,,,,,,
KYRAW-02716,kentucky,historical_record_book,2011-2012,2012,2012-01-07,South Carolina,South Carolina,south-carolina,Yes,79,64,W,0,Kentucky Home,SOURCE_PROGRAM_HOME,Rupp Arena,Rupp Arena,Lexington,KY,,,REGULAR_SEASON,,195,Jan. 7 * SOUTH CAROLINA 2/NR 79-64 W,resolved,,,,,,,
KYRAW-02717,kentucky,historical_record_book,2011-2012,2012,2012-01-11,Auburn,Auburn,auburn,Yes,68,53,W,0,Opponent Home,OPPONENT_HOME,,,,,,,REGULAR_SEASON,,195,Jan. 11 * at Auburn 2/NR 68-53 W,resolved,,,,,,,
KYRAW-02718,kentucky,historical_record_book,2011-2012,2012,2012-01-14,Tennessee,Tennessee,tennessee,Yes,65,62,W,0,Opponent Home,OPPONENT_HOME,,,,,,,REGULAR_SEASON,,195,Jan. 14 * at Tennessee 2/NR 65-62 W,resolved,,,,,,,
KYRAW-02719,kentucky,historical_record_book,2011-2012,2012,2012-01-17,Arkansas,Arkansas,arkansas,Yes,86,63,W,0,Kentucky Home,SOURCE_PROGRAM_HOME,Rupp Arena,Rupp Arena,Lexington,KY,,,REGULAR_SEASON,,195,Jan. 17 * ARKANSAS 2/NR 86-63 W,resolved,,,,,,,
KYRAW-02720,kentucky,historical_record_book,2011-2012,2012,2012-01-21,Alabama,Alabama,alabama,Yes,77,71,W,0,Kentucky Home,SOURCE_PROGRAM_HOME,Rupp Arena,Rupp Arena,Lexington,KY,,,REGULAR_SEASON,,195,Jan. 21 * ALABAMA 2/NR 77-71 W,resolved,,,,,,,
KYRAW-02721,kentucky,historical_record_book,2011-2012,2012,2012-01-24,Georgia,Georgia,georgia,Yes,57,44,W,0,Opponent Home,OPPONENT_HOME,,,,,,,REGULAR_SEASON,,195,Jan. 24 * at Georgia 1/NR 57-44 W,resolved,,,,,,,
KYRAW-02722,kentucky,historical_record_book,2011-2012,2012,2012-01-28,LSU,LSU,lsu,Yes,74,50,W,0,Opponent Home,OPPONENT_HOME,,,,,,,REGULAR_SEASON,,195,Jan. 28 * at LSU 1/NR 74-50 W,resolved,,,,,,,
KYRAW-02723,kentucky,historical_record_book,2011-2012,2012,2012-01-31,Tennessee,Tennessee,tennessee,Yes,69,44,W,0,Kentucky Home,SOURCE_PROGRAM_HOME,Rupp Arena,Rupp Arena,Lexington,KY,,,REGULAR_SEASON,,195,Jan. 31 * TENNESSEE 1/NR 69-44 W,resolved,,,,,,,
KYRAW-02724,kentucky,historical_record_book,2011-2012,2012,2012-02-04,South Carolina,South Carolina,south-carolina,Yes,86,52,W,0,Opponent Home,OPPONENT_HOME,,,,,,,REGULAR_SEASON,,195,Feb. 4 * at South Carolina 1/NR 86-52 W,resolved,,,,,,,
KYRAW-02725,kentucky,historical_record_book,2011-2012,2012,2012-02-07,Florida,Florida,florida,Yes,78,58,W,0,Kentucky Home,SOURCE_PROGRAM_HOME,Rupp Arena,Rupp Arena,Lexington,KY,,,REGULAR_SEASON,,195,Feb. 7 * FLORIDA 1/8 78-58 W 1,resolved,,,,,,,
KYRAW-02726,kentucky,historical_record_book,2011-2012,2012,2012-02-11,Vanderbilt,Vanderbilt,vanderbilt,Yes,69,63,W,0,Opponent Home,OPPONENT_HOME,,,,,,,REGULAR_SEASON,,195,Feb. 11 * at Vanderbilt 1/NR 69-63 W 2,resolved,,,,,,,
KYRAW-02727,kentucky,historical_record_book,2011-2012,2012,2012-02-18,Ole Miss,Ole Miss,ole-miss,Yes,77,62,W,0,Kentucky Home,SOURCE_PROGRAM_HOME,Rupp Arena,Rupp Arena,Lexington,KY,,,REGULAR_SEASON,,195,Feb. 18 * OLE MISS 1/NR 77-62 W 3,resolved,,,,,,,
KYRAW-02728,kentucky,historical_record_book,2011-2012,2012,2012-02-21,Mississippi State,Mississippi State,mississippi-state,Yes,73,64,W,0,Opponent Home,OPPONENT_HOME,,,,,,,REGULAR_SEASON,,195,Feb. 21 * at Mississippi State 1/NR 73-64 W 4,resolved,,,,,,,
KYRAW-02729,kentucky,historical_record_book,2011-2012,2012,2012-02-25,Vanderbilt,Vanderbilt,vanderbilt,Yes,83,74,W,0,Kentucky Home,SOURCE_PROGRAM_HOME,Rupp Arena,Rupp Arena,Lexington,KY,,,REGULAR_SEASON,,195,Feb. 25 * VANDERBILT 1/NR 83-74 W 5,resolved,,,,,,,
KYRAW-02730,kentucky,historical_record_book,2011-2012,2012,2012-03-01,Georgia,Georgia,georgia,Yes,79,49,W,0,Kentucky Home,SOURCE_PROGRAM_HOME,Rupp Arena,Rupp Arena,Lexington,KY,,,REGULAR_SEASON,,195,Mar. 1 * GEORGIA 1/NR 79-49 W 6,resolved,,,,,,,
KYRAW-02731,kentucky,historical_record_book,2011-2012,2012,2012-03-04,Florida,Florida,florida,Yes,74,59,W,0,Opponent Home,OPPONENT_HOME,,,,,,,REGULAR_SEASON,,195,Mar. 4 * at Florida 1/16 74-59 W,resolved,,,,,,,
KYRAW-02732,kentucky,historical_record_book,2011-2012,2012,2012-03-09,LSU,LSU,lsu,Yes,60,51,W,0,Neutral,NEUTRAL,,,,,SEC Tournament,,CONFERENCE_TOURNAMENT,,195,Mar. 9 4 vs. LSU 1/NR 60-51 W,resolved,,,,,,,
KYRAW-02733,kentucky,historical_record_book,2011-2012,2012,2012-03-10,Florida,Florida,florida,Yes,74,71,W,0,Neutral,NEUTRAL,,,,,SEC Tournament,,CONFERENCE_TOURNAMENT,,195,Mar. 10 4 vs. Florida 1/22 74-71 W,resolved,,,,,,,
KYRAW-02734,kentucky,historical_record_book,2011-2012,2012,2012-03-11,Vanderbilt,Vanderbilt,vanderbilt,Yes,64,71,L,0,Neutral,NEUTRAL,,,,,SEC Tournament,,CONFERENCE_TOURNAMENT,Championship,195,Mar. 11 4 vs. Vanderbilt 1/NR 64-71 L,resolved,,,,,,,
KYRAW-02735,kentucky,historical_record_book,2011-2012,2012,2012-03-15,Western Kentucky,Western Kentucky,western-kentucky,Yes,81,66,W,0,Neutral,NEUTRAL,,,,,NCAA Tournament,,NCAA_TOURNAMENT,R64,195,Mar. 15 5 vs. Western Kentucky 1/NR 81-66 W,resolved,,,,,,,
KYRAW-02736,kentucky,historical_record_book,2011-2012,2012,2012-03-17,Iowa State,Iowa State,iowa-state,Yes,87,71,W,0,Neutral,NEUTRAL,,,,,NCAA Tournament,,NCAA_TOURNAMENT,R32,195,Mar. 17 5 vs. Iowa State 1/NR 87-71 W,resolved,,,,,,,
KYRAW-02737,kentucky,historical_record_book,2011-2012,2012,2012-03-23,Indiana,Indiana,indiana,Yes,102,90,W,0,Neutral,NEUTRAL,,,,,NCAA Tournament,,NCAA_TOURNAMENT,Sweet Sixteen,195,Mar. 23 6 vs. Indiana 1/16 102-90 W,resolved,,,,,,,
KYRAW-02738,kentucky,historical_record_book,2011-2012,2012,2012-03-25,Baylor,Baylor,baylor,Yes,82,70,W,0,Neutral,NEUTRAL,,,,,NCAA Tournament,,NCAA_TOURNAMENT,Elite Eight,195,Mar. 25 6 vs. Baylor 1/9 82-70 W,resolved,,,,,,,
KYRAW-02739,kentucky,historical_record_book,2011-2012,2012,2012-03-31,Louisville,Louisville,louisville,Yes,69,61,W,0,Neutral,NEUTRAL,,,,,NCAA Tournament,,NCAA_TOURNAMENT,Final Four,195,Mar. 31 7 vs. Louisville 1/17 69-61 W,resolved,,,,,,,
KYRAW-02740,kentucky,historical_record_book,2011-2012,2012,2012-04-02,Kansas,kansas,kansas,Yes,67,59,W,0,Neutral,NEUTRAL,,,,,NCAA Tournament,,NCAA_TOURNAMENT,Championship,195,April 2 7 vs. Kansas 1/6 67-59 W,resolved,,,,,,,
KYRAW-02741,kentucky,historical_record_book,2012-2013,2013,2012-11-09,Maryland,Maryland,maryland,Yes,72,69,W,0,Neutral,NEUTRAL,,,,,,,REGULAR_SEASON,,195,Nov. 9 1 vs. Maryland 3/NR 72-69 W,resolved,,,,,,,
KYRAW-02742,kentucky,historical_record_book,2012-2013,2013,2012-11-13,Duke,Duke,duke,Yes,68,75,L,0,Neutral,NEUTRAL,,,,,,,REGULAR_SEASON,,195,Nov. 13 2 vs. Duke 3/9 68-75 L,resolved,,,,,,,
KYRAW-02743,kentucky,historical_record_book,2012-2013,2013,2012-11-16,Lafayette,Lafayette,lafayette,Yes,101,49,W,0,Kentucky Home,SOURCE_PROGRAM_HOME,Rupp Arena,Rupp Arena,Lexington,KY,,,REGULAR_SEASON,,195,Nov. 16 3 LAFAYETTE 3/NR 101-49 W,resolved,,,,,,,
KYRAW-02744,kentucky,historical_record_book,2012-2013,2013,2012-11-21,Morehead State,Morehead State,morehead-state,Yes,81,70,W,0,Kentucky Home,SOURCE_PROGRAM_HOME,Rupp Arena,Rupp Arena,Lexington,KY,,,REGULAR_SEASON,,195,Nov. 21 3 MOREHEAD STATE 8/NR 81-70 W,resolved,,,,,,,
KYRAW-02745,kentucky,historical_record_book,2012-2013,2013,2012-11-23,LIU Brooklyn,LIU,long-island-university,Yes,104,75,W,0,Kentucky Home,SOURCE_PROGRAM_HOME,Rupp Arena,Rupp Arena,Lexington,KY,,,REGULAR_SEASON,,195,Nov. 23 3 LIU-BROOKLYN 8/NR 104-75 W,resolved,,,,,,,
KYRAW-02746,kentucky,historical_record_book,2012-2013,2013,2012-11-29,Notre Dame,Notre Dame,notre-dame,Yes,50,64,L,0,Opponent Home,OPPONENT_HOME,,,,,,,REGULAR_SEASON,,195,Nov. 29 4 at Notre Dame 8/NR 50-64 L,resolved,,,,,,,
KYRAW-02747,kentucky,historical_record_book,2012-2013,2013,2012-12-01,Baylor,Baylor,baylor,Yes,55,64,L,0,Kentucky Home,SOURCE_PROGRAM_HOME,Rupp Arena,Rupp Arena,Lexington,KY,,,REGULAR_SEASON,,195,Dec. 1 BAYLOR 8/NR 55-64 L,resolved,,,,,,,
KYRAW-02748,kentucky,historical_record_book,2012-2013,2013,2012-12-04,Samford,Samford,samford,Yes,88,56,W,0,Kentucky Home,SOURCE_PROGRAM_HOME,Rupp Arena,Rupp Arena,Lexington,KY,,,REGULAR_SEASON,,195,Dec. 4 SAMFORD NR/NR 88-56 W,resolved,,,,,,,
KYRAW-02749,kentucky,historical_record_book,2012-2013,2013,2012-12-08,Portland,Portland,portland,Yes,74,46,W,0,Kentucky Home,SOURCE_PROGRAM_HOME,Rupp Arena,Rupp Arena,Lexington,KY,,,REGULAR_SEASON,,195,Dec. 8 PORTLAND NR/NR 74-46 W,resolved,,,,,,,
KYRAW-02750,kentucky,historical_record_book,2012-2013,2013,2012-12-15,Lipscomb,Lipscomb,lipscomb,Yes,88,50,W,0,Kentucky Home,SOURCE_PROGRAM_HOME,Rupp Arena,Rupp Arena,Lexington,KY,,,REGULAR_SEASON,,195,Dec. 15 LIPSCOMB NR/NR 88-50 W,resolved,,,,,,,
KYRAW-02751,kentucky,historical_record_book,2012-2013,2013,2012-12-22,Marshall,Marshall,marshall,Yes,82,54,W,0,Kentucky Home,SOURCE_PROGRAM_HOME,Rupp Arena,Rupp Arena,Lexington,KY,,,REGULAR_SEASON,,195,Dec. 22 MARSHALL NR/NR 82-54 W,resolved,,,,,,,
KYRAW-02752,kentucky,historical_record_book,2012-2013,2013,2012-12-29,Louisville,Louisville,louisville,Yes,77,80,L,0,Opponent Home,OPPONENT_HOME,,,,,,,REGULAR_SEASON,,195,Dec. 29 at Louisville NR/4 77-80 L,resolved,,,,,,,
KYRAW-02753,kentucky,historical_record_book,2012-2013,2013,2013-01-02,Eastern Michigan,Eastern Michigan,eastern-michigan,Yes,90,38,W,0,Kentucky Home,SOURCE_PROGRAM_HOME,Rupp Arena,Rupp Arena,Lexington,KY,,,REGULAR_SEASON,,195,Jan. 2 EASTERN MICHIGAN NR/NR 90-38 W,resolved,,,,,,,
KYRAW-02754,kentucky,historical_record_book,2012-2013,2013,2013-01-10,Vanderbilt,Vanderbilt,vanderbilt,Yes,60,58,W,0,Opponent Home,OPPONENT_HOME,,,,,,,REGULAR_SEASON,,195,Jan. 10 * at Vanderbilt NR/NR 60-58 W,resolved,,,,,,,
KYRAW-02755,kentucky,historical_record_book,2012-2013,2013,2013-01-12,Texas A&M,Texas A&M,texas-a-m,Yes,71,83,L,0,Kentucky Home,SOURCE_PROGRAM_HOME,Rupp Arena,Rupp Arena,Lexington,KY,,,REGULAR_SEASON,,195,Jan. 12 * TEXAS A&M NR/NR 71-83 L,resolved,,,,,,,
KYRAW-02756,kentucky,historical_record_book,2012-2013,2013,2013-01-15,Tennessee,Tennessee,tennessee,Yes,75,65,W,0,Kentucky Home,SOURCE_PROGRAM_HOME,Rupp Arena,Rupp Arena,Lexington,KY,,,REGULAR_SEASON,,195,Jan. 15 * TENNESSEE NR/NR 75-65 W,resolved,,,,,,,
KYRAW-02757,kentucky,historical_record_book,2012-2013,2013,2013-01-19,Auburn,Auburn,auburn,Yes,75,53,W,0,Opponent Home,OPPONENT_HOME,,,,,,,REGULAR_SEASON,,195,Jan. 19 * at Auburn NR/NR 75-53 W,resolved,,,,,,,
KYRAW-02758,kentucky,historical_record_book,2012-2013,2013,2013-01-22,Alabama,Alabama,alabama,Yes,55,59,L,0,Opponent Home,OPPONENT_HOME,,,,,,,REGULAR_SEASON,,195,Jan. 22 * at Alabama NR/NR 55-59 L,resolved,,,,,,,
KYRAW-02759,kentucky,historical_record_book,2012-2013,2013,2013-01-26,LSU,LSU,lsu,Yes,75,70,W,0,Kentucky Home,SOURCE_PROGRAM_HOME,Rupp Arena,Rupp Arena,Lexington,KY,,,REGULAR_SEASON,,195,Jan. 26 * LSU NR/NR 75-70 W,resolved,,,,,,,
KYRAW-02760,kentucky,historical_record_book,2012-2013,2013,2013-01-29,Ole Miss,Ole Miss,ole-miss,Yes,87,74,W,0,Opponent Home,OPPONENT_HOME,,,,,,,REGULAR_SEASON,,195,Jan. 29 * at Ole Miss NR/16 87-74 W,resolved,,,,,,,
KYRAW-02761,kentucky,historical_record_book,2012-2013,2013,2013-02-02,Texas A&M,Texas A&M,texas-a-m,Yes,72,68,W,1,Opponent Home,OPPONENT_HOME,,,,,,,REGULAR_SEASON,,195,Feb. 2 * at Texas A&M NR/NR 72-68 W OT,resolved,,,,,,,
KYRAW-02762,kentucky,historical_record_book,2012-2013,2013,2013-02-05,South Carolina,South Carolina,south-carolina,Yes,77,55,W,0,Kentucky Home,SOURCE_PROGRAM_HOME,Rupp Arena,Rupp Arena,Lexington,KY,,,REGULAR_SEASON,,195,Feb. 5 * SOUTH CAROLINA NR/NR 77-55 W,resolved,,,,,,,
KYRAW-02763,kentucky,historical_record_book,2012-2013,2013,2013-02-09,Auburn,Auburn,auburn,Yes,72,62,W,0,Kentucky Home,SOURCE_PROGRAM_HOME,Rupp Arena,Rupp Arena,Lexington,KY,,,REGULAR_SEASON,,195,Feb. 9 * AUBURN NR/NR 72-62 W,resolved,,,,,,,
KYRAW-02764,kentucky,historical_record_book,2012-2013,2013,2013-02-12,Florida,Florida,florida,Yes,52,69,L,0,Opponent Home,OPPONENT_HOME,,,,,,,REGULAR_SEASON,,195,Feb. 12 * at Florida 25/7 52-69 L,resolved,,,,,,,
KYRAW-02765,kentucky,historical_record_book,2012-2013,2013,2013-02-16,Tennessee,Tennessee,tennessee,Yes,58,88,L,0,Opponent Home,OPPONENT_HOME,,,,,,,REGULAR_SEASON,,195,Feb. 16 * at Tennessee 25/NR 58-88 L,resolved,,,,,,,
KYRAW-02766,kentucky,historical_record_book,2012-2013,2013,2013-02-20,Vanderbilt,Vanderbilt,vanderbilt,Yes,74,70,W,0,Kentucky Home,SOURCE_PROGRAM_HOME,Rupp Arena,Rupp Arena,Lexington,KY,,,REGULAR_SEASON,,195,Feb. 20 * VANDERBILT NR/NR 74-70 W,resolved,,,,,,,
KYRAW-02767,kentucky,historical_record_book,2012-2013,2013,2013-02-23,Missouri,Mizzou,missouri,Yes,90,83,W,1,Kentucky Home,SOURCE_PROGRAM_HOME,Rupp Arena,Rupp Arena,Lexington,KY,,,REGULAR_SEASON,,195,Feb. 23 * MISSOURI NR/NR 90-83 W OT,resolved,,,,,,,
KYRAW-02768,kentucky,historical_record_book,2012-2013,2013,2013-02-27,Mississippi State,Mississippi State,mississippi-state,Yes,85,55,W,0,Kentucky Home,SOURCE_PROGRAM_HOME,Rupp Arena,Rupp Arena,Lexington,KY,,,REGULAR_SEASON,,195,Feb. 27 * MISSISSIPPI STATE NR/NR 85-55 W,resolved,,,,,,,
KYRAW-02769,kentucky,historical_record_book,2012-2013,2013,2013-03-02,Arkansas,Arkansas,arkansas,Yes,60,73,L,0,Opponent Home,OPPONENT_HOME,,,,,,,REGULAR_SEASON,,195,Mar. 2 * at Arkansas NR/NR 60-73 L,resolved,,,,,,,
KYRAW-02770,kentucky,historical_record_book,2012-2013,2013,2013-03-07,Georgia,Georgia,georgia,Yes,62,72,L,0,Opponent Home,OPPONENT_HOME,,,,,,,REGULAR_SEASON,,195,Mar. 7 * at Georgia NR/NR 62-72 L,resolved,,,,,,,
KYRAW-02771,kentucky,historical_record_book,2012-2013,2013,2013-03-09,Florida,Florida,florida,Yes,61,57,W,0,Kentucky Home,SOURCE_PROGRAM_HOME,Rupp Arena,Rupp Arena,Lexington,KY,,,REGULAR_SEASON,,195,Mar. 9 * FLORIDA NR/11 61-57 W,resolved,,,,,,,
KYRAW-02772,kentucky,historical_record_book,2012-2013,2013,2013-03-15,Vanderbilt,Vanderbilt,vanderbilt,Yes,48,64,L,0,Neutral,NEUTRAL,,,,,SEC Tournament,,CONFERENCE_TOURNAMENT,,195,Mar. 15 5 vs. Vanderbilt NR/NR 48-64 L,resolved,,,,,,,
KYRAW-02773,kentucky,historical_record_book,2012-2013,2013,2013-03-19,Robert Morris,Robert Morris,robert-morris,Yes,57,59,L,0,Opponent Home,OPPONENT_HOME,,,,,NIT,,NIT,,195,Mar. 19 6 at Robert Morris NR/NR 57-59 L,resolved,,,,,,,
KYRAW-02774,kentucky,historical_record_book,2013-2014,2014,2013-11-08,UNC Asheville,UNC Asheville,unc-asheville,Yes,89,57,W,0,Kentucky Home,SOURCE_PROGRAM_HOME,Rupp Arena,Rupp Arena,Lexington,KY,,,REGULAR_SEASON,,195,Nov. 8 UNC ASHEVILLE 1/NR 89-57 W,resolved,,,,,,,
KYRAW-02775,kentucky,historical_record_book,2013-2014,2014,2013-11-10,Northern Kentucky,Northern Kentucky,northern-kentucky,Yes,93,63,W,0,Kentucky Home,SOURCE_PROGRAM_HOME,Rupp Arena,Rupp Arena,Lexington,KY,,,REGULAR_SEASON,,195,Nov. 10 NORTHERN KENTUCKY 1/NR 93-63 W,resolved,,,,,,,
KYRAW-02776,kentucky,historical_record_book,2013-2014,2014,2013-11-12,Michigan State,Michigan State,michigan-state,Yes,74,78,L,0,Neutral,NEUTRAL,,,,,,,REGULAR_SEASON,,195,Nov. 12 1 vs. Michigan State 1/2 74-78 L,resolved,,,,,,,
KYRAW-02777,kentucky,historical_record_book,2013-2014,2014,2013-11-17,Robert Morris,Robert Morris,robert-morris,Yes,87,49,W,0,Kentucky Home,SOURCE_PROGRAM_HOME,Rupp Arena,Rupp Arena,Lexington,KY,,,REGULAR_SEASON,,195,Nov. 17 2 ROBERT MORRIS 1/NR 87-49 W,resolved,,,,,,,
KYRAW-02778,kentucky,historical_record_book,2013-2014,2014,2013-11-19,UT Arlington,UT Arlington,ut-arlington,Yes,105,76,W,0,Kentucky Home,SOURCE_PROGRAM_HOME,Rupp Arena,Rupp Arena,Lexington,KY,,,REGULAR_SEASON,,195,Nov. 19 2 UT ARLINGTON 4/NR 105-76 W,resolved,,,,,,,
KYRAW-02779,kentucky,historical_record_book,2013-2014,2014,2013-11-25,Cleveland State,Cleveland State,cleveland-state,Yes,68,61,W,0,Kentucky Home,SOURCE_PROGRAM_HOME,Rupp Arena,Rupp Arena,Lexington,KY,,,REGULAR_SEASON,,195,Nov. 25 2 CLEVELAND STATE 3/NR 68-61 W,resolved,,,,,,,
KYRAW-02780,kentucky,historical_record_book,2013-2014,2014,2013-11-27,Eastern Michigan,Eastern Michigan,eastern-michigan,Yes,81,63,W,0,Kentucky Home,SOURCE_PROGRAM_HOME,Rupp Arena,Rupp Arena,Lexington,KY,,,REGULAR_SEASON,,195,Nov. 27 2 EASTERN MICHIGAN 3/NR 81-63 W,resolved,,,,,,,
KYRAW-02781,kentucky,historical_record_book,2013-2014,2014,2013-12-01,Providence,Providence,providence,Yes,79,65,W,0,Neutral,NEUTRAL,,,,,,,REGULAR_SEASON,,195,Dec. 1 3 vs. Providence 3/NR 79-65 W,resolved,,,,,,,
KYRAW-02782,kentucky,historical_record_book,2013-2014,2014,2013-12-06,Baylor,Baylor,baylor,Yes,62,67,L,0,Neutral,NEUTRAL,,,,,,,REGULAR_SEASON,,195,Dec. 6 4 vs. Baylor 3/20 62-67 L,resolved,,,,,,,
KYRAW-02783,kentucky,historical_record_book,2013-2014,2014,2013-12-10,Boise State,Boise State,boise-state,Yes,70,55,W,0,Kentucky Home,SOURCE_PROGRAM_HOME,Rupp Arena,Rupp Arena,Lexington,KY,,,REGULAR_SEASON,,195,Dec. 10 BOISE STATE 11/NR 70-55 W,resolved,,,,,,,
KYRAW-02784,kentucky,historical_record_book,2013-2014,2014,2013-12-14,North Carolina,North Carolina,north-carolina,Yes,77,82,L,0,Opponent Home,OPPONENT_HOME,,,,,,,REGULAR_SEASON,,195,Dec. 14 at North Carolina 11/18 77-82 L,resolved,,,,,,,
KYRAW-02785,kentucky,historical_record_book,2013-2014,2014,2013-12-21,Belmont,Belmont,belmont,Yes,93,80,W,0,Kentucky Home,SOURCE_PROGRAM_HOME,Rupp Arena,Rupp Arena,Lexington,KY,,,REGULAR_SEASON,,195,Dec. 21 BELMONT 19/NR 93-80 W,resolved,,,,,,,
KYRAW-02786,kentucky,historical_record_book,2013-2014,2014,2013-12-28,Louisville,Louisville,louisville,Yes,73,66,W,0,Kentucky Home,SOURCE_PROGRAM_HOME,Rupp Arena,Rupp Arena,Lexington,KY,,,REGULAR_SEASON,,195,Dec. 28 LOUISVILLE 18/6 73-66 W,resolved,,,,,,,
KYRAW-02787,kentucky,historical_record_book,2013-2014,2014,2014-01-08,Mississippi State,Mississippi State,mississippi-state,Yes,85,63,W,0,Kentucky Home,SOURCE_PROGRAM_HOME,Rupp Arena,Rupp Arena,Lexington,KY,,,REGULAR_SEASON,,195,Jan. 8 * MISSISSIPPI STATE 14/NR 85-63 W,resolved,,,,,,,
KYRAW-02788,kentucky,historical_record_book,2013-2014,2014,2014-01-11,Vanderbilt,Vanderbilt,vanderbilt,Yes,71,62,W,0,Opponent Home,OPPONENT_HOME,,,,,,,REGULAR_SEASON,,195,Jan. 11 * at Vanderbilt 14/NR 71-62 W,resolved,,,,,,,
KYRAW-02789,kentucky,historical_record_book,2013-2014,2014,2014-01-14,Arkansas,Arkansas,arkansas,Yes,85,87,L,1,Opponent Home,OPPONENT_HOME,,,,,,,REGULAR_SEASON,,195,Jan. 14 * at Arkansas 13/NR 85-87 L OT,resolved,,,,,,,
KYRAW-02790,kentucky,historical_record_book,2013-2014,2014,2014-01-18,Tennessee,Tennessee,tennessee,Yes,74,66,W,0,Kentucky Home,SOURCE_PROGRAM_HOME,Rupp Arena,Rupp Arena,Lexington,KY,,,REGULAR_SEASON,,195,Jan. 18 * TENNESSEE 13/NR 74-66 W,resolved,,,,,,,
KYRAW-02791,kentucky,historical_record_book,2013-2014,2014,2014-01-21,Texas A&M,Texas A&M,texas-a-m,Yes,68,51,W,0,Kentucky Home,SOURCE_PROGRAM_HOME,Rupp Arena,Rupp Arena,Lexington,KY,,,REGULAR_SEASON,,195,Jan. 21 * TEXAS A&M 14/NR 68-51 W,resolved,,,,,,,
KYRAW-02792,kentucky,historical_record_book,2013-2014,2014,2014-01-25,Georgia,Georgia,georgia,Yes,79,54,W,0,Kentucky Home,SOURCE_PROGRAM_HOME,Rupp Arena,Rupp Arena,Lexington,KY,,,REGULAR_SEASON,,195,Jan. 25 * GEORGIA 14/NR 79-54 W,resolved,,,,,,,
KYRAW-02793,kentucky,historical_record_book,2013-2014,2014,2014-01-28,LSU,LSU,lsu,Yes,82,87,L,0,Opponent Home,OPPONENT_HOME,,,,,,,REGULAR_SEASON,,195,Jan. 28 * at LSU 11/NR 82-87 L,resolved,,,,,,,
KYRAW-02794,kentucky,historical_record_book,2013-2014,2014,2014-02-01,Missouri,Mizzou,missouri,Yes,84,79,W,0,Opponent Home,OPPONENT_HOME,,,,,,,REGULAR_SEASON,,195,Feb. 1 * at Missouri 11/NR 84-79 W,resolved,,,,,,,
KYRAW-02795,kentucky,historical_record_book,2013-2014,2014,2014-02-04,Ole Miss,Ole Miss,ole-miss,Yes,80,64,W,0,Kentucky Home,SOURCE_PROGRAM_HOME,Rupp Arena,Rupp Arena,Lexington,KY,,,REGULAR_SEASON,,195,Feb. 4 * OLE MISS 18/NR 80-64 W,resolved,,,,,,,
KYRAW-02796,kentucky,historical_record_book,2013-2014,2014,2014-02-08,Mississippi State,Mississippi State,mississippi-state,Yes,69,59,W,0,Opponent Home,OPPONENT_HOME,,,,,,,REGULAR_SEASON,,195,Feb. 8 * at Mississippi State 18/NR 69-59 W,resolved,,,,,,,
KYRAW-02797,kentucky,historical_record_book,2013-2014,2014,2014-02-12,Auburn,Auburn,auburn,Yes,64,56,W,0,Opponent Home,OPPONENT_HOME,,,,,,,REGULAR_SEASON,,195,Feb. 12 * at Auburn 14/NR 64-56 W,resolved,,,,,,,
KYRAW-02798,kentucky,historical_record_book,2013-2014,2014,2014-02-15,Florida,Florida,florida,Yes,59,69,L,0,Kentucky Home,SOURCE_PROGRAM_HOME,Rupp Arena,Rupp Arena,Lexington,KY,,,REGULAR_SEASON,,195,Feb. 15 * FLORIDA 14/3 59-69 L,resolved,,,,,,,
KYRAW-02799,kentucky,historical_record_book,2013-2014,2014,2014-02-18,Ole Miss,Ole Miss,ole-miss,Yes,84,70,W,0,Opponent Home,OPPONENT_HOME,,,,,,,REGULAR_SEASON,,195,Feb. 18 * at Ole Miss 18/NR 84-70 W,resolved,,,,,,,
KYRAW-02800,kentucky,historical_record_book,2013-2014,2014,2014-02-22,LSU,LSU,lsu,Yes,77,76,W,1,Kentucky Home,SOURCE_PROGRAM_HOME,Rupp Arena,Rupp Arena,Lexington,KY,,,REGULAR_SEASON,,195,Feb. 22 * LSU 18/NR 77-76 W OT,resolved,,,,,,,
KYRAW-02801,kentucky,historical_record_book,2013-2014,2014,2014-02-27,Arkansas,Arkansas,arkansas,Yes,67,71,L,1,Kentucky Home,SOURCE_PROGRAM_HOME,Rupp Arena,Rupp Arena,Lexington,KY,,,REGULAR_SEASON,,195,Feb. 27 * ARKANSAS 17/NR 67-71 L OT,resolved,,,,,,,
KYRAW-02802,kentucky,historical_record_book,2013-2014,2014,2014-03-01,South Carolina,South Carolina,south-carolina,Yes,67,72,L,0,Opponent Home,OPPONENT_HOME,,,,,,,REGULAR_SEASON,,195,Mar. 1 * at South Carolina 17/NR 67-72 L,resolved,,,,,,,
KYRAW-02803,kentucky,historical_record_book,2013-2014,2014,2014-03-04,Alabama,Alabama,alabama,Yes,55,48,W,0,Kentucky Home,SOURCE_PROGRAM_HOME,Rupp Arena,Rupp Arena,Lexington,KY,,,REGULAR_SEASON,,195,Mar. 4 * ALABAMA 25/NR 55-48 W,resolved,,,,,,,
KYRAW-02804,kentucky,historical_record_book,2013-2014,2014,2014-03-08,Florida,Florida,florida,Yes,65,84,L,0,Opponent Home,OPPONENT_HOME,,,,,,,REGULAR_SEASON,,195,Mar. 8 * at Florida 25/1 65-84 L,resolved,,,,,,,
KYRAW-02805,kentucky,historical_record_book,2013-2014,2014,2014-03-14,LSU,LSU,lsu,Yes,85,67,W,0,Neutral,NEUTRAL,,,,,SEC Tournament,,CONFERENCE_TOURNAMENT,,195,Mar. 14 5 vs. LSU RV/NR 85-67 W,resolved,,,,,,,
KYRAW-02806,kentucky,historical_record_book,2013-2014,2014,2014-03-15,Georgia,Georgia,georgia,Yes,70,58,W,0,Neutral,NEUTRAL,,,,,SEC Tournament,,CONFERENCE_TOURNAMENT,,195,Mar. 15 5 vs. Georgia RV/NR 70-58 W,resolved,,,,,,,
KYRAW-02807,kentucky,historical_record_book,2013-2014,2014,2014-03-16,Florida,Florida,florida,Yes,60,61,L,0,Neutral,NEUTRAL,,,,,SEC Tournament,,CONFERENCE_TOURNAMENT,Championship,195,Mar. 16 5 vs. Florida RV/1 60-61 L,resolved,,,,,,,
KYRAW-02808,kentucky,historical_record_book,2013-2014,2014,2014-03-21,Kansas State,Kansas State,kansas-state,Yes,56,49,W,0,Neutral,NEUTRAL,,,,,NCAA Tournament,,NCAA_TOURNAMENT,R64,195,Mar. 21 6 vs. Kansas State RV/NR 56-49 W,resolved,,,,,,,
KYRAW-02809,kentucky,historical_record_book,2013-2014,2014,2014-03-23,Wichita State,Wichita State,wichita-state,Yes,78,76,W,0,Neutral,NEUTRAL,,,,,NCAA Tournament,,NCAA_TOURNAMENT,R32,195,Mar. 23 6 vs. Wichita State RV/2 78-76 W,resolved,,,,,,,
KYRAW-02810,kentucky,historical_record_book,2013-2014,2014,2014-03-28,Louisville,Louisville,louisville,Yes,74,69,W,0,Neutral,NEUTRAL,,,,,NCAA Tournament,,NCAA_TOURNAMENT,Sweet Sixteen,195,Mar. 28 7 vs. Louisville RV/5 74-69 W,resolved,,,,,,,
KYRAW-02811,kentucky,historical_record_book,2013-2014,2014,2014-03-30,Michigan,Michigan,michigan,Yes,75,72,W,0,Neutral,NEUTRAL,,,,,NCAA Tournament,,NCAA_TOURNAMENT,Elite Eight,195,Mar. 30 7 vs. Michigan RV/7 75-72 W,resolved,,,,,,,
KYRAW-02812,kentucky,historical_record_book,2013-2014,2014,2014-04-05,Wisconsin,Wisconsin,wisconsin,Yes,74,73,W,0,Neutral,NEUTRAL,,,,,NCAA Tournament,,NCAA_TOURNAMENT,Final Four,195,April 5 8 vs. Wisconsin RV/12 74-73 W,resolved,,,,,,,
KYRAW-02813,kentucky,historical_record_book,2013-2014,2014,2014-04-07,UConn,Connecticut,uconn,Yes,54,60,L,0,Neutral,NEUTRAL,,,,,NCAA Tournament,,NCAA_TOURNAMENT,Championship,195,April 7 8 vs. UConn RV/18 54-60 L,resolved,,,,,,,
KYRAW-02814,kentucky,historical_record_book,2014-2015,2015,2014-11-14,Grand Canyon,Grand Canyon,grand-canyon,Yes,85,45,W,0,Kentucky Home,SOURCE_PROGRAM_HOME,Rupp Arena,Rupp Arena,Lexington,KY,,,REGULAR_SEASON,,196,Nov. 14 1 GRAND CANYON 1/NR 85-45 W,resolved,,,,,,,
KYRAW-02815,kentucky,historical_record_book,2014-2015,2015,2014-11-16,Buffalo,Buffalo,buffalo,Yes,71,52,W,0,Kentucky Home,SOURCE_PROGRAM_HOME,Rupp Arena,Rupp Arena,Lexington,KY,,,REGULAR_SEASON,,196,Nov. 16 1 BUFFALO 1/NR 71-52 W,resolved,,,,,,,
KYRAW-02816,kentucky,historical_record_book,2014-2015,2015,2014-11-18,Kansas,kansas,kansas,Yes,72,40,W,0,Neutral,NEUTRAL,,,,,,,REGULAR_SEASON,,196,Nov. 18 2 vs. Kansas 1/5 72-40 W,resolved,,,,,,,
KYRAW-02817,kentucky,historical_record_book,2014-2015,2015,2014-11-21,Boston University,Boston University,boston-university,Yes,89,65,W,0,Kentucky Home,SOURCE_PROGRAM_HOME,Rupp Arena,Rupp Arena,Lexington,KY,,,REGULAR_SEASON,,196,Nov. 21 BOSTON 1/NR 89-65 W,resolved,,,,,,,
KYRAW-02818,kentucky,historical_record_book,2014-2015,2015,2014-11-23,Montana State,Montana State,montana-state,Yes,86,28,W,0,Kentucky Home,SOURCE_PROGRAM_HOME,Rupp Arena,Rupp Arena,Lexington,KY,,,REGULAR_SEASON,,196,Nov. 23 1 MONTANA STATE 1/NR 86-28 W,resolved,,,,,,,
KYRAW-02819,kentucky,historical_record_book,2014-2015,2015,2014-11-25,UT Arlington,UT Arlington,ut-arlington,Yes,92,44,W,0,Kentucky Home,SOURCE_PROGRAM_HOME,Rupp Arena,Rupp Arena,Lexington,KY,,,REGULAR_SEASON,,196,Nov. 25 1 UT ARLINGTON 1/NR 92-44 W,resolved,,,,,,,
KYRAW-02820,kentucky,historical_record_book,2014-2015,2015,2014-11-30,Providence,Providence,providence,Yes,58,38,W,0,Kentucky Home,SOURCE_PROGRAM_HOME,Rupp Arena,Rupp Arena,Lexington,KY,,,REGULAR_SEASON,,196,Nov. 30 PROVIDENCE 1/RV 58-38 W,resolved,,,,,,,
KYRAW-02821,kentucky,historical_record_book,2014-2015,2015,2014-12-05,Texas,Texas,texas,Yes,63,51,W,0,Kentucky Home,SOURCE_PROGRAM_HOME,Rupp Arena,Rupp Arena,Lexington,KY,,,REGULAR_SEASON,,196,Dec. 5 3 TEXAS 1/6 63-51 W,resolved,,,,,,,
KYRAW-02822,kentucky,historical_record_book,2014-2015,2015,2014-12-07,Eastern Kentucky,Eastern Kentucky,eastern-kentucky,Yes,82,49,W,0,Kentucky Home,SOURCE_PROGRAM_HOME,Rupp Arena,Rupp Arena,Lexington,KY,,,REGULAR_SEASON,,196,Dec. 7 EASTERN KENTUCKY 1/NR 82-49 W,resolved,,,,,,,
KYRAW-02823,kentucky,historical_record_book,2014-2015,2015,2014-12-10,Columbia,Columbia,columbia,Yes,56,46,W,0,Kentucky Home,SOURCE_PROGRAM_HOME,Rupp Arena,Rupp Arena,Lexington,KY,,,REGULAR_SEASON,,196,Dec. 10 COLUMBIA 1/NR 56-46 W,resolved,,,,,,,
KYRAW-02824,kentucky,historical_record_book,2014-2015,2015,2014-12-13,North Carolina,North Carolina,north-carolina,Yes,84,70,W,0,Kentucky Home,SOURCE_PROGRAM_HOME,Rupp Arena,Rupp Arena,Lexington,KY,,,REGULAR_SEASON,,196,Dec. 13 NORTH CAROLINA 1/21 84-70 W,resolved,,,,,,,
KYRAW-02825,kentucky,historical_record_book,2014-2015,2015,2014-12-20,UCLA,UCLA,ucla,Yes,83,44,W,0,Neutral,NEUTRAL,,,,,,,REGULAR_SEASON,,196,Dec. 20 4 vs. UCLA 1/NR 83-44 W,resolved,,,,,,,
KYRAW-02826,kentucky,historical_record_book,2014-2015,2015,2014-12-27,Louisville,Louisville,louisville,Yes,58,50,W,0,Opponent Home,OPPONENT_HOME,,,,,,,REGULAR_SEASON,,196,Dec. 27 at Louisville 1/4 58-50 W,resolved,,,,,,,
KYRAW-02827,kentucky,historical_record_book,2014-2015,2015,2015-01-06,Ole Miss,Ole Miss,ole-miss,Yes,89,86,W,1,Kentucky Home,SOURCE_PROGRAM_HOME,Rupp Arena,Rupp Arena,Lexington,KY,,,REGULAR_SEASON,,196,Jan. 6 * OLE MISS 1/NR 89-86 W OT,resolved,,,,,,,
KYRAW-02828,kentucky,historical_record_book,2014-2015,2015,2015-01-10,Texas A&M,Texas A&M,texas-a-m,Yes,70,64,W,2,Opponent Home,OPPONENT_HOME,,,,,,,REGULAR_SEASON,,196,Jan. 10 * at Texas A&M 1/NR 70-64 W 2OT,resolved,,,,,,,
KYRAW-02829,kentucky,historical_record_book,2014-2015,2015,2015-01-13,Missouri,Mizzou,missouri,Yes,86,37,W,0,Kentucky Home,SOURCE_PROGRAM_HOME,Rupp Arena,Rupp Arena,Lexington,KY,,,REGULAR_SEASON,,196,Jan. 13 * MISSOURI 1/NR 86-37 W,resolved,,,,,,,
KYRAW-02830,kentucky,historical_record_book,2014-2015,2015,2015-01-17,Alabama,Alabama,alabama,Yes,70,48,W,0,Opponent Home,OPPONENT_HOME,,,,,,,REGULAR_SEASON,,196,Jan. 17 * at Alabama 1/NR 70-48 W,resolved,,,,,,,
KYRAW-02831,kentucky,historical_record_book,2014-2015,2015,2015-01-20,Vanderbilt,Vanderbilt,vanderbilt,Yes,65,57,W,0,Kentucky Home,SOURCE_PROGRAM_HOME,Rupp Arena,Rupp Arena,Lexington,KY,,,REGULAR_SEASON,,196,Jan. 20 * VANDERBILT 1/NR 65-57 W,resolved,,,,,,,
KYRAW-02832,kentucky,historical_record_book,2014-2015,2015,2015-01-24,South Carolina,South Carolina,south-carolina,Yes,58,43,W,0,Opponent Home,OPPONENT_HOME,,,,,,,REGULAR_SEASON,,196,Jan. 24 * at South Carolina 1/NR 58-43 W,resolved,,,,,,,
KYRAW-02833,kentucky,historical_record_book,2014-2015,2015,2015-01-29,Missouri,Mizzou,missouri,Yes,69,53,W,0,Opponent Home,OPPONENT_HOME,,,,,,,REGULAR_SEASON,,196,Jan. 29 * at Missouri 1/NR 69-53 W,resolved,,,,,,,
KYRAW-02834,kentucky,historical_record_book,2014-2015,2015,2015-01-31,Alabama,Alabama,alabama,Yes,70,55,W,0,Kentucky Home,SOURCE_PROGRAM_HOME,Rupp Arena,Rupp Arena,Lexington,KY,,,REGULAR_SEASON,,196,Jan. 31 * ALABAMA 1/NR 70-55 W,resolved,,,,,,,
KYRAW-02835,kentucky,historical_record_book,2014-2015,2015,2015-02-03,Georgia,Georgia,georgia,Yes,69,58,W,0,Kentucky Home,SOURCE_PROGRAM_HOME,Rupp Arena,Rupp Arena,Lexington,KY,,,REGULAR_SEASON,,196,Feb. 3 * GEORGIA 1/NR 69-58 W,resolved,,,,,,,
KYRAW-02836,kentucky,historical_record_book,2014-2015,2015,2015-02-07,Florida,Florida,florida,Yes,68,61,W,0,Opponent Home,OPPONENT_HOME,,,,,,,REGULAR_SEASON,,196,Feb. 7 * at Florida 1/NR 68-61 W,resolved,,,,,,,
KYRAW-02837,kentucky,historical_record_book,2014-2015,2015,2015-02-10,LSU,LSU,lsu,Yes,71,69,W,0,Opponent Home,OPPONENT_HOME,,,,,,,REGULAR_SEASON,,196,Feb. 10 * at LSU 1/NR 71-69 W,resolved,,,,,,,
KYRAW-02838,kentucky,historical_record_book,2014-2015,2015,2015-02-14,South Carolina,South Carolina,south-carolina,Yes,77,43,W,0,Kentucky Home,SOURCE_PROGRAM_HOME,Rupp Arena,Rupp Arena,Lexington,KY,,,REGULAR_SEASON,,196,Feb. 14 * SOUTH CAROLINA 1/NR 77-43 W,resolved,,,,,,,
KYRAW-02839,kentucky,historical_record_book,2014-2015,2015,2015-02-17,Tennessee,Tennessee,tennessee,Yes,66,48,W,0,Opponent Home,OPPONENT_HOME,,,,,,,REGULAR_SEASON,,196,Feb. 17 * at Tennessee 1/NR 66-48 W,resolved,,,,,,,
KYRAW-02840,kentucky,historical_record_book,2014-2015,2015,2015-02-21,Auburn,Auburn,auburn,Yes,110,75,W,0,Kentucky Home,SOURCE_PROGRAM_HOME,Rupp Arena,Rupp Arena,Lexington,KY,,,REGULAR_SEASON,,196,Feb. 21 * AUBURN 1/NR 110-75 W,resolved,,,,,,,
KYRAW-02841,kentucky,historical_record_book,2014-2015,2015,2015-02-25,Mississippi State,Mississippi State,mississippi-state,Yes,74,56,W,0,Opponent Home,OPPONENT_HOME,,,,,,,REGULAR_SEASON,,196,Feb. 25 * at Mississippi State 1/NR 74-56 W,resolved,,,,,,,
KYRAW-02842,kentucky,historical_record_book,2014-2015,2015,2015-02-28,Arkansas,Arkansas,arkansas,Yes,84,67,W,0,Kentucky Home,SOURCE_PROGRAM_HOME,Rupp Arena,Rupp Arena,Lexington,KY,,,REGULAR_SEASON,,196,Feb. 28 * ARKANSAS 1/18 84-67 W,resolved,,,,,,,
KYRAW-02843,kentucky,historical_record_book,2014-2015,2015,2015-03-03,Georgia,Georgia,georgia,Yes,72,64,W,0,Opponent Home,OPPONENT_HOME,,,,,,,REGULAR_SEASON,,196,Mar. 3 * at Georgia 1/NR 72-64 W,resolved,,,,,,,
KYRAW-02844,kentucky,historical_record_book,2014-2015,2015,2015-03-07,Florida,Florida,florida,Yes,67,50,W,0,Kentucky Home,SOURCE_PROGRAM_HOME,Rupp Arena,Rupp Arena,Lexington,KY,,,REGULAR_SEASON,,196,Mar. 7 * FLORIDA 1/NR 67-50 W,resolved,,,,,,,
KYRAW-02845,kentucky,historical_record_book,2014-2015,2015,2015-03-13,Florida,Florida,florida,Yes,64,49,W,0,Neutral,NEUTRAL,,,,,SEC Tournament,,CONFERENCE_TOURNAMENT,,196,Mar. 13 5 vs. Florida 1/NR 64-49 W,resolved,,,,,,,
KYRAW-02846,kentucky,historical_record_book,2014-2015,2015,2015-03-14,Auburn,Auburn,auburn,Yes,91,67,W,0,Neutral,NEUTRAL,,,,,SEC Tournament,,CONFERENCE_TOURNAMENT,,196,Mar. 14 5 vs. Auburn 1/NR 91-67 W,resolved,,,,,,,
KYRAW-02847,kentucky,historical_record_book,2014-2015,2015,2015-03-15,Arkansas,Arkansas,arkansas,Yes,78,63,W,0,Neutral,NEUTRAL,,,,,SEC Tournament,,CONFERENCE_TOURNAMENT,Championship,196,Mar. 15 5 vs. Arkansas 1/21 78-63 W,resolved,,,,,,,
KYRAW-02848,kentucky,historical_record_book,2014-2015,2015,2015-03-19,Hampton,Hampton,hampton,Yes,79,56,W,0,Neutral,NEUTRAL,,,,,NCAA Tournament,,NCAA_TOURNAMENT,R64,196,Mar. 19 6 vs. Hampton 1/NR 79-56 W,resolved,,,,,,,
KYRAW-02849,kentucky,historical_record_book,2014-2015,2015,2015-03-21,Cincinnati,Cincinnati,cincinnati,Yes,64,51,W,0,Neutral,NEUTRAL,,,,,NCAA Tournament,,NCAA_TOURNAMENT,R32,196,Mar. 21 6 vs. Cincinnati 1/NR 64-51 W,resolved,,,,,,,
KYRAW-02850,kentucky,historical_record_book,2014-2015,2015,2015-03-26,West Virginia,West Virginia,west-virginia,Yes,78,39,W,0,Neutral,NEUTRAL,,,,,NCAA Tournament,,NCAA_TOURNAMENT,Sweet Sixteen,196,Mar. 26 7 vs. West Virginia 1/20 78-39 W,resolved,,,,,,,
KYRAW-02851,kentucky,historical_record_book,2014-2015,2015,2015-03-28,Notre Dame,Notre Dame,notre-dame,Yes,68,66,W,0,Neutral,NEUTRAL,,,,,NCAA Tournament,,NCAA_TOURNAMENT,Elite Eight,196,Mar. 28 7 vs. Notre Dame 1/8 68-66 W,resolved,,,,,,,
KYRAW-02852,kentucky,historical_record_book,2014-2015,2015,2015-04-04,Wisconsin,Wisconsin,wisconsin,Yes,64,71,L,0,Neutral,NEUTRAL,,,,,NCAA Tournament,,NCAA_TOURNAMENT,Final Four,196,April 4 8 vs. Wisconsin 1/3 64-71 L,resolved,,,,,,,
KYRAW-02853,kentucky,historical_record_book,2015-2016,2016,2015-11-13,Albany,Albany,ualbany,Yes,78,65,W,0,Kentucky Home,SOURCE_PROGRAM_HOME,Rupp Arena,Rupp Arena,Lexington,KY,,,REGULAR_SEASON,,196,Nov. 13 1 ALBANY 2/NR 78-65 W,resolved,,,,,,,
KYRAW-02854,kentucky,historical_record_book,2015-2016,2016,2015-11-14,NJIT,NJIT,njit,Yes,87,57,W,0,Kentucky Home,SOURCE_PROGRAM_HOME,Rupp Arena,Rupp Arena,Lexington,KY,,,REGULAR_SEASON,,196,Nov. 14 1 NJIT 2/NR 87-57 W,resolved,,,,,,,
KYRAW-02855,kentucky,historical_record_book,2015-2016,2016,2015-11-17,Duke,Duke,duke,Yes,74,63,W,0,Neutral,NEUTRAL,,,,,,,REGULAR_SEASON,,196,Nov. 17 2 vs. Duke 2/5 74-63 W,resolved,,,,,,,
KYRAW-02856,kentucky,historical_record_book,2015-2016,2016,2015-11-20,Wright State,Wright State,wright-state,Yes,78,63,W,0,Kentucky Home,SOURCE_PROGRAM_HOME,Rupp Arena,Rupp Arena,Lexington,KY,,,REGULAR_SEASON,,196,Nov. 20 WRIGHT STATE 2/NR 78-63 W,resolved,,,,,,,
KYRAW-02857,kentucky,historical_record_book,2015-2016,2016,2015-11-24,Boston University,Boston University,boston-university,Yes,82,62,W,0,Kentucky Home,SOURCE_PROGRAM_HOME,Rupp Arena,Rupp Arena,Lexington,KY,,,REGULAR_SEASON,,196,Nov. 24 1 BOSTON U. 1/NR 82-62 W,resolved,,,,,,,
KYRAW-02858,kentucky,historical_record_book,2015-2016,2016,2015-11-27,South Florida,South Florida,south-florida,Yes,84,63,W,0,Neutral,NEUTRAL,,,,,,,REGULAR_SEASON,,196,Nov. 27 3 vs. South Florida 1/NR 84-63 W,resolved,,,,,,,
KYRAW-02859,kentucky,historical_record_book,2015-2016,2016,2015-11-30,Illinois State,Illinois State,illinois-state,Yes,75,63,W,0,Kentucky Home,SOURCE_PROGRAM_HOME,Rupp Arena,Rupp Arena,Lexington,KY,,,REGULAR_SEASON,,196,Nov. 30 ILLINOIS STATE 1/NR 75-63 W,resolved,,,,,,,
KYRAW-02860,kentucky,historical_record_book,2015-2016,2016,2015-12-03,UCLA,UCLA,ucla,Yes,77,87,L,0,Opponent Home,OPPONENT_HOME,,,,,,,REGULAR_SEASON,,196,Dec. 3 at UCLA 1/NR 77-87 L,resolved,,,,,,,
KYRAW-02861,kentucky,historical_record_book,2015-2016,2016,2015-12-09,Eastern Kentucky,Eastern Kentucky,eastern-kentucky,Yes,88,67,W,0,Kentucky Home,SOURCE_PROGRAM_HOME,Rupp Arena,Rupp Arena,Lexington,KY,,,REGULAR_SEASON,,196,Dec. 9 EASTERN KENTUCKY 5/NR 88-67 W,resolved,,,,,,,
KYRAW-02862,kentucky,historical_record_book,2015-2016,2016,2015-12-12,Arizona State,Arizona State,arizona-state,Yes,72,58,W,0,Kentucky Home,SOURCE_PROGRAM_HOME,Rupp Arena,Rupp Arena,Lexington,KY,,,REGULAR_SEASON,,196,Dec. 12 ARIZONA STATE 5/NR 72-58 W,resolved,,,,,,,
KYRAW-02863,kentucky,historical_record_book,2015-2016,2016,2015-12-19,Ohio State,Ohio State,ohio-state,Yes,67,74,L,0,Neutral,NEUTRAL,,,,,,,REGULAR_SEASON,,196,Dec. 19 4 vs. Ohio State 4/NR 67-74 L,resolved,,,,,,,
KYRAW-02864,kentucky,historical_record_book,2015-2016,2016,2015-12-26,Louisville,Louisville,louisville,Yes,75,73,W,0,Kentucky Home,SOURCE_PROGRAM_HOME,Rupp Arena,Rupp Arena,Lexington,KY,,,REGULAR_SEASON,,196,Dec. 26 LOUISVILLE 12/16 75-73 W,resolved,,,,,,,
KYRAW-02865,kentucky,historical_record_book,2015-2016,2016,2016-01-02,Ole Miss,Ole Miss,ole-miss,Yes,83,61,W,0,Kentucky Home,SOURCE_PROGRAM_HOME,Rupp Arena,Rupp Arena,Lexington,KY,,,REGULAR_SEASON,,196,Jan. 2 * OLE MISS 10/NR 83-61 W,resolved,,,,,,,
KYRAW-02866,kentucky,historical_record_book,2015-2016,2016,2016-01-05,LSU,LSU,lsu,Yes,67,85,L,0,Opponent Home,OPPONENT_HOME,,,,,,,REGULAR_SEASON,,196,Jan. 5 * at LSU 9/NR 67-85 L,resolved,,,,,,,
KYRAW-02867,kentucky,historical_record_book,2015-2016,2016,2016-01-09,Alabama,Alabama,alabama,Yes,77,61,W,0,Opponent Home,OPPONENT_HOME,,,,,,,REGULAR_SEASON,,196,Jan. 9 * at Alabama 9/NR 77-61 W,resolved,,,,,,,
KYRAW-02868,kentucky,historical_record_book,2015-2016,2016,2016-01-12,Mississippi State,Mississippi State,mississippi-state,Yes,80,74,W,0,Kentucky Home,SOURCE_PROGRAM_HOME,Rupp Arena,Rupp Arena,Lexington,KY,,,REGULAR_SEASON,,196,Jan. 12 * MISSISSIPPI STATE 14/NR 80-74 W,resolved,,,,,,,
KYRAW-02869,kentucky,historical_record_book,2015-2016,2016,2016-01-16,Auburn,Auburn,auburn,Yes,70,75,L,0,Opponent Home,OPPONENT_HOME,,,,,,,REGULAR_SEASON,,196,Jan. 16 * at Auburn 14/NR 70-75 L,resolved,,,,,,,
KYRAW-02870,kentucky,historical_record_book,2015-2016,2016,2016-01-21,Arkansas,Arkansas,arkansas,Yes,80,66,W,0,Opponent Home,OPPONENT_HOME,,,,,,,REGULAR_SEASON,,196,Jan. 21 * at Arkansas 23/NR 80-66 W,resolved,,,,,,,
KYRAW-02871,kentucky,historical_record_book,2015-2016,2016,2016-01-23,Vanderbilt,Vanderbilt,vanderbilt,Yes,76,57,W,0,Kentucky Home,SOURCE_PROGRAM_HOME,Rupp Arena,Rupp Arena,Lexington,KY,,,REGULAR_SEASON,,196,Jan. 23 * VANDERBILT 23/NR 76-57 W,resolved,,,,,,,
KYRAW-02872,kentucky,historical_record_book,2015-2016,2016,2016-01-27,Missouri,Mizzou,missouri,Yes,88,54,W,0,Kentucky Home,SOURCE_PROGRAM_HOME,Rupp Arena,Rupp Arena,Lexington,KY,,,REGULAR_SEASON,,196,Jan. 27 * MISSOURI 20/NR 88-54 W,resolved,,,,,,,
KYRAW-02873,kentucky,historical_record_book,2015-2016,2016,2016-01-30,Kansas,kansas,kansas,Yes,84,90,L,1,Opponent Home,OPPONENT_HOME,,,,,,,REGULAR_SEASON,,196,Jan. 30 5 at Kansas 20/4 84-90 L OT,resolved,,,,,,,
KYRAW-02874,kentucky,historical_record_book,2015-2016,2016,2016-02-02,Tennessee,Tennessee,tennessee,Yes,77,84,L,0,Opponent Home,OPPONENT_HOME,,,,,,,REGULAR_SEASON,,196,Feb. 2 * at Tennessee 20/NR 77-84 L,resolved,,,,,,,
KYRAW-02875,kentucky,historical_record_book,2015-2016,2016,2016-02-06,Florida,Florida,florida,Yes,80,61,W,0,Kentucky Home,SOURCE_PROGRAM_HOME,Rupp Arena,Rupp Arena,Lexington,KY,,,REGULAR_SEASON,,196,Feb. 6 * FLORIDA 20/RV 80-61 W,resolved,,,,,,,
KYRAW-02876,kentucky,historical_record_book,2015-2016,2016,2016-02-09,Georgia,Georgia,georgia,Yes,82,48,W,0,Kentucky Home,SOURCE_PROGRAM_HOME,Rupp Arena,Rupp Arena,Lexington,KY,,,REGULAR_SEASON,,196,Feb. 9 * GEORGIA 22/NR 82-48 W,resolved,,,,,,,
KYRAW-02877,kentucky,historical_record_book,2015-2016,2016,2016-02-13,South Carolina,South Carolina,south-carolina,Yes,89,62,W,0,Opponent Home,OPPONENT_HOME,,,,,,,REGULAR_SEASON,,196,Feb. 13 * at South Carolina 22/RV 89-62 W,resolved,,,,,,,
KYRAW-02878,kentucky,historical_record_book,2015-2016,2016,2016-02-18,Tennessee,Tennessee,tennessee,Yes,80,70,W,0,Kentucky Home,SOURCE_PROGRAM_HOME,Rupp Arena,Rupp Arena,Lexington,KY,,,REGULAR_SEASON,,196,Feb. 18 * TENNESSEE 14/NR 80-70 W,resolved,,,,,,,
KYRAW-02879,kentucky,historical_record_book,2015-2016,2016,2016-02-20,Texas A&M,Texas A&M,texas-a-m,Yes,77,79,L,1,Opponent Home,OPPONENT_HOME,,,,,,,REGULAR_SEASON,,196,Feb. 20 * at Texas A&M 14/RV 77-79 L OT,resolved,,,,,,,
KYRAW-02880,kentucky,historical_record_book,2015-2016,2016,2016-02-23,Alabama,Alabama,alabama,Yes,78,53,W,0,Kentucky Home,SOURCE_PROGRAM_HOME,Rupp Arena,Rupp Arena,Lexington,KY,,,REGULAR_SEASON,,196,Feb. 23 * ALABAMA 16/NR 78-53 W,resolved,,,,,,,
KYRAW-02881,kentucky,historical_record_book,2015-2016,2016,2016-02-27,Vanderbilt,Vanderbilt,vanderbilt,Yes,62,74,L,0,Opponent Home,OPPONENT_HOME,,,,,,,REGULAR_SEASON,,196,Feb. 27 * at Vanderbilt 16/NR 62-74 L,resolved,,,,,,,
KYRAW-02882,kentucky,historical_record_book,2015-2016,2016,2016-03-01,Florida,Florida,florida,Yes,88,79,W,0,Opponent Home,OPPONENT_HOME,,,,,,,REGULAR_SEASON,,196,Mar. 1 * at Florida 22/NR 88-79 W,resolved,,,,,,,
KYRAW-02883,kentucky,historical_record_book,2015-2016,2016,2016-03-05,LSU,LSU,lsu,Yes,94,77,W,0,Kentucky Home,SOURCE_PROGRAM_HOME,Rupp Arena,Rupp Arena,Lexington,KY,,,REGULAR_SEASON,,196,Mar. 5 * LSU 22/NR 94-77 W,resolved,,,,,,,
KYRAW-02884,kentucky,historical_record_book,2015-2016,2016,2016-03-11,Alabama,Alabama,alabama,Yes,85,59,W,0,Neutral,NEUTRAL,,,,,SEC Tournament,,CONFERENCE_TOURNAMENT,,196,Mar. 11 6 vs. Alabama 16/NR 85-59 W,resolved,,,,,,,
KYRAW-02885,kentucky,historical_record_book,2015-2016,2016,2016-03-12,Georgia,Georgia,georgia,Yes,93,80,W,0,Neutral,NEUTRAL,,,,,SEC Tournament,,CONFERENCE_TOURNAMENT,,196,Mar. 12 6 vs. Georgia 16/NR 93-80 W,resolved,,,,,,,
KYRAW-02886,kentucky,historical_record_book,2015-2016,2016,2016-03-13,Texas A&M,Texas A&M,texas-a-m,Yes,82,77,W,1,Neutral,NEUTRAL,,,,,SEC Tournament,,CONFERENCE_TOURNAMENT,Championship,196,Mar. 13 6 vs. Texas A&M 16/17 82-77 W OT,resolved,,,,,,,
KYRAW-02887,kentucky,historical_record_book,2015-2016,2016,2016-03-17,Stony Brook,Stony Brook,stony-brook,Yes,85,57,W,0,Neutral,NEUTRAL,,,,,NCAA Tournament,,NCAA_TOURNAMENT,R64,196,Mar. 17 7 vs. Stony Brook 10/NR 85-57 W,resolved,,,,,,,
KYRAW-02888,kentucky,historical_record_book,2015-2016,2016,2016-03-19,Indiana,Indiana,indiana,Yes,67,73,L,0,Neutral,NEUTRAL,,,,,NCAA Tournament,,NCAA_TOURNAMENT,R32,196,Mar. 19 7 vs. Indiana 10/14 67-73 L,resolved,,,,,,,
KYRAW-02889,kentucky,historical_record_book,2016-2017,2017,2016-11-11,Stephen F. Austin,Stephen F. Austin,stephen-f-austin,Yes,87,64,W,0,Kentucky Home,SOURCE_PROGRAM_HOME,Rupp Arena,Rupp Arena,Lexington,KY,,,REGULAR_SEASON,,197,Nov. 11 STEPHEN F. AUSTIN 2/NR 87-64 W,resolved,,,,,,,
KYRAW-02890,kentucky,historical_record_book,2016-2017,2017,2016-11-13,Canisius,Canisius,canisius,Yes,93,69,W,0,Kentucky Home,SOURCE_PROGRAM_HOME,Rupp Arena,Rupp Arena,Lexington,KY,,,REGULAR_SEASON,,197,Nov. 13 1 CANISIUS 2/NR 93-69 W,resolved,,,,,,,
KYRAW-02891,kentucky,historical_record_book,2016-2017,2017,2016-11-15,Michigan State,Michigan State,michigan-state,Yes,69,48,W,0,Neutral,NEUTRAL,,,,,,,REGULAR_SEASON,,197,Nov. 15 2 vs. Michigan State 2/13 69-48 W,resolved,,,,,,,
KYRAW-02892,kentucky,historical_record_book,2016-2017,2017,2016-11-20,Duquesne,Duquesne,duquesne,Yes,93,59,W,0,Kentucky Home,SOURCE_PROGRAM_HOME,Rupp Arena,Rupp Arena,Lexington,KY,,,REGULAR_SEASON,,197,Nov. 20 1 DUQUESNE 2/NR 93-59 W,resolved,,,,,,,
KYRAW-02893,kentucky,historical_record_book,2016-2017,2017,2016-11-23,Cleveland State,Cleveland State,cleveland-state,Yes,101,70,W,0,Kentucky Home,SOURCE_PROGRAM_HOME,Rupp Arena,Rupp Arena,Lexington,KY,,,REGULAR_SEASON,,197,Nov. 23 1 CLEVELAND STATE 1/NR 101-70 W,resolved,,,,,,,
KYRAW-02894,kentucky,historical_record_book,2016-2017,2017,2016-11-25,UT Martin,UT Martin,ut-martin,Yes,111,76,W,0,Kentucky Home,SOURCE_PROGRAM_HOME,Rupp Arena,Rupp Arena,Lexington,KY,,,REGULAR_SEASON,,197,Nov. 25 1 UT MARTIN 1/NR 111-76 W,resolved,,,,,,,
KYRAW-02895,kentucky,historical_record_book,2016-2017,2017,2016-11-28,Arizona State,Arizona State,arizona-state,Yes,115,69,W,0,Neutral,NEUTRAL,,,,,,,REGULAR_SEASON,,197,Nov. 28 3 vs. Arizona State 1/NR 115-69 W,resolved,,,,,,,
KYRAW-02896,kentucky,historical_record_book,2016-2017,2017,2016-12-03,UCLA,UCLA,ucla,Yes,92,97,L,0,Kentucky Home,SOURCE_PROGRAM_HOME,Rupp Arena,Rupp Arena,Lexington,KY,,,REGULAR_SEASON,,197,Dec. 3 UCLA 1/11 92-97 L,resolved,,,,,,,
KYRAW-02897,kentucky,historical_record_book,2016-2017,2017,2016-12-07,Valparaiso,Valparaiso,valparaiso,Yes,87,63,W,0,Kentucky Home,SOURCE_PROGRAM_HOME,Rupp Arena,Rupp Arena,Lexington,KY,,,REGULAR_SEASON,,197,Dec. 7 VALPARAISO 6/RV 87-63 W,resolved,,,,,,,
KYRAW-02898,kentucky,historical_record_book,2016-2017,2017,2016-12-11,Hofstra,Hofstra,hofstra,Yes,96,73,W,0,Neutral,NEUTRAL,,,,,,,REGULAR_SEASON,,197,Dec. 11 4 vs. Hofstra 6/NR 96-73 W,resolved,,,,,,,
KYRAW-02899,kentucky,historical_record_book,2016-2017,2017,2016-12-17,North Carolina,North Carolina,north-carolina,Yes,103,100,W,0,Neutral,NEUTRAL,,,,,,,REGULAR_SEASON,,197,Dec. 17 5 vs. North Carolina 6/7 103-100 W,resolved,,,,,,,
KYRAW-02900,kentucky,historical_record_book,2016-2017,2017,2016-12-21,Louisville,Louisville,louisville,Yes,70,73,L,0,Opponent Home,OPPONENT_HOME,,,,,,,REGULAR_SEASON,,197,Dec. 21 at Louisville 6/10 70-73 L,resolved,,,,,,,
KYRAW-02901,kentucky,historical_record_book,2016-2017,2017,2016-12-29,Ole Miss,Ole Miss,ole-miss,Yes,99,76,W,0,Opponent Home,OPPONENT_HOME,,,,,,,REGULAR_SEASON,,197,Dec. 29 * at Ole Miss 8/NR 99-76 W,resolved,,,,,,,
KYRAW-02902,kentucky,historical_record_book,2016-2017,2017,2017-01-03,Texas A&M,Texas A&M,texas-a-m,Yes,100,58,W,0,Kentucky Home,SOURCE_PROGRAM_HOME,Rupp Arena,Rupp Arena,Lexington,KY,,,REGULAR_SEASON,,197,Jan. 3 * TEXAS A&M 6/NR 100-58 W,resolved,,,,,,,
KYRAW-02903,kentucky,historical_record_book,2016-2017,2017,2017-01-07,Arkansas,Arkansas,arkansas,Yes,97,71,W,0,Kentucky Home,SOURCE_PROGRAM_HOME,Rupp Arena,Rupp Arena,Lexington,KY,,,REGULAR_SEASON,,197,Jan. 7 * ARKANSAS 6/NR 97-71 W,resolved,,,,,,,
KYRAW-02904,kentucky,historical_record_book,2016-2017,2017,2017-01-10,Vanderbilt,Vanderbilt,vanderbilt,Yes,87,81,W,0,Opponent Home,OPPONENT_HOME,,,,,,,REGULAR_SEASON,,197,Jan. 10 * at Vanderbilt 6/NR 87-81 W,resolved,,,,,,,
KYRAW-02905,kentucky,historical_record_book,2016-2017,2017,2017-01-14,Auburn,Auburn,auburn,Yes,92,72,W,0,Kentucky Home,SOURCE_PROGRAM_HOME,Rupp Arena,Rupp Arena,Lexington,KY,,,REGULAR_SEASON,,197,Jan. 14 * AUBURN 6/NR 92-72 W,resolved,,,,,,,
KYRAW-02906,kentucky,historical_record_book,2016-2017,2017,2017-01-17,Mississippi State,Mississippi State,mississippi-state,Yes,88,81,W,0,Opponent Home,OPPONENT_HOME,,,,,,,REGULAR_SEASON,,197,Jan. 17 * at Mississippi State 5/NR 88-81 W,resolved,,,,,,,
KYRAW-02907,kentucky,historical_record_book,2016-2017,2017,2017-01-21,South Carolina,South Carolina,south-carolina,Yes,85,69,W,0,Kentucky Home,SOURCE_PROGRAM_HOME,Rupp Arena,Rupp Arena,Lexington,KY,,,REGULAR_SEASON,,197,Jan. 21 * SOUTH CAROLINA 5/24 85-69 W,resolved,,,,,,,
KYRAW-02908,kentucky,historical_record_book,2016-2017,2017,2017-01-24,Tennessee,Tennessee,tennessee,Yes,80,82,L,0,Opponent Home,OPPONENT_HOME,,,,,,,REGULAR_SEASON,,197,Jan. 24 * at Tennessee 4/NR 80-82 L,resolved,,,,,,,
KYRAW-02909,kentucky,historical_record_book,2016-2017,2017,2017-01-28,Kansas,kansas,kansas,Yes,73,79,L,0,Kentucky Home,SOURCE_PROGRAM_HOME,Rupp Arena,Rupp Arena,Lexington,KY,,,REGULAR_SEASON,,197,Jan. 28 6 KANSAS 4/2 73-79 L,resolved,,,,,,,
KYRAW-02910,kentucky,historical_record_book,2016-2017,2017,2017-01-31,Georgia,Georgia,georgia,Yes,90,81,W,1,Kentucky Home,SOURCE_PROGRAM_HOME,Rupp Arena,Rupp Arena,Lexington,KY,,,REGULAR_SEASON,,197,Jan. 31 * GEORGIA 8/NR 90-81 W OT,resolved,,,,,,,
KYRAW-02911,kentucky,historical_record_book,2016-2017,2017,2017-02-04,Florida,Florida,florida,Yes,66,88,L,0,Opponent Home,OPPONENT_HOME,,,,,,,REGULAR_SEASON,,197,Feb. 4 * at Florida 8/24 66-88 L,resolved,,,,,,,
KYRAW-02912,kentucky,historical_record_book,2016-2017,2017,2017-02-07,LSU,LSU,lsu,Yes,92,85,W,0,Kentucky Home,SOURCE_PROGRAM_HOME,Rupp Arena,Rupp Arena,Lexington,KY,,,REGULAR_SEASON,,197,Feb. 7 * LSU 15/NR 92-85 W,resolved,,,,,,,
KYRAW-02913,kentucky,historical_record_book,2016-2017,2017,2017-02-11,Alabama,Alabama,alabama,Yes,67,58,W,0,Opponent Home,OPPONENT_HOME,,,,,,,REGULAR_SEASON,,197,Feb. 11 * at Alabama 15/NR 67-58 W,resolved,,,,,,,
KYRAW-02914,kentucky,historical_record_book,2016-2017,2017,2017-02-14,Tennessee,Tennessee,tennessee,Yes,83,58,W,0,Kentucky Home,SOURCE_PROGRAM_HOME,Rupp Arena,Rupp Arena,Lexington,KY,,,REGULAR_SEASON,,197,Feb. 14 * TENNESSEE 13/NR 83-58 W,resolved,,,,,,,
KYRAW-02915,kentucky,historical_record_book,2016-2017,2017,2017-02-18,Georgia,Georgia,georgia,Yes,82,77,W,0,Opponent Home,OPPONENT_HOME,,,,,,,REGULAR_SEASON,,197,Feb. 18 * at Georgia 13/NR 82-77 W,resolved,,,,,,,
KYRAW-02916,kentucky,historical_record_book,2016-2017,2017,2017-02-21,Missouri,Mizzou,missouri,Yes,72,62,W,0,Opponent Home,OPPONENT_HOME,,,,,,,REGULAR_SEASON,,197,Feb. 21 * at Missouri 11/NR 72-62 W,resolved,,,,,,,
KYRAW-02917,kentucky,historical_record_book,2016-2017,2017,2017-02-25,Florida,Florida,florida,Yes,76,66,W,0,Kentucky Home,SOURCE_PROGRAM_HOME,Rupp Arena,Rupp Arena,Lexington,KY,,,REGULAR_SEASON,,197,Feb. 25 * FLORIDA 11/13 76-66 W,resolved,,,,,,,
KYRAW-02918,kentucky,historical_record_book,2016-2017,2017,2017-02-28,Vanderbilt,Vanderbilt,vanderbilt,Yes,73,67,W,0,Kentucky Home,SOURCE_PROGRAM_HOME,Rupp Arena,Rupp Arena,Lexington,KY,,,REGULAR_SEASON,,197,Feb. 28 * VANDERBILT 9/NR 73-67 W,resolved,,,,,,,
KYRAW-02919,kentucky,historical_record_book,2016-2017,2017,2017-03-04,Texas A&M,Texas A&M,texas-a-m,Yes,71,63,W,0,Opponent Home,OPPONENT_HOME,,,,,,,REGULAR_SEASON,,197,Mar. 4 * at Texas A&M 9/NR 71-63 W,resolved,,,,,,,
KYRAW-02920,kentucky,historical_record_book,2016-2017,2017,2017-03-10,Georgia,Georgia,georgia,Yes,71,60,W,0,Neutral,NEUTRAL,,,,,SEC Tournament,,CONFERENCE_TOURNAMENT,,197,Mar. 10 7 vs. Georgia 8/NR 71-60 W,resolved,,,,,,,
KYRAW-02921,kentucky,historical_record_book,2016-2017,2017,2017-03-11,Alabama,Alabama,alabama,Yes,79,74,W,0,Neutral,NEUTRAL,,,,,SEC Tournament,,CONFERENCE_TOURNAMENT,,197,Mar. 11 7 vs. Alabama 8/NR 79-74 W,resolved,,,,,,,
KYRAW-02922,kentucky,historical_record_book,2016-2017,2017,2017-03-12,Arkansas,Arkansas,arkansas,Yes,82,65,W,0,Neutral,NEUTRAL,,,,,SEC Tournament,,CONFERENCE_TOURNAMENT,Championship,197,Mar. 12 7 vs. Arkansas 8/RV 82-65 W,resolved,,,,,,,
KYRAW-02923,kentucky,historical_record_book,2016-2017,2017,2017-03-17,Northern Kentucky,Northern Kentucky,northern-kentucky,Yes,79,70,W,0,Neutral,NEUTRAL,,,,,NCAA Tournament,,NCAA_TOURNAMENT,R64,197,Mar. 17 8 vs. Northern Kentucky 5/NR 79-70 W,resolved,,,,,,,
KYRAW-02924,kentucky,historical_record_book,2016-2017,2017,2017-03-19,Wichita State,Wichita State,wichita-state,Yes,65,62,W,0,Neutral,NEUTRAL,,,,,NCAA Tournament,,NCAA_TOURNAMENT,R32,197,Mar. 19 8 vs. Wichita State 5/19 65-62 W 7,resolved,,,,,,,
KYRAW-02925,kentucky,historical_record_book,2016-2017,2017,2017-03-24,UCLA,UCLA,ucla,Yes,86,75,W,0,Neutral,NEUTRAL,,,,,NCAA Tournament,,NCAA_TOURNAMENT,Sweet Sixteen,197,Mar. 24 9 vs. UCLA 5/8 86-75 W,resolved,,,,,,,
KYRAW-02926,kentucky,historical_record_book,2016-2017,2017,2017-03-26,North Carolina,North Carolina,north-carolina,Yes,62,65,L,0,Neutral,NEUTRAL,,,,,NCAA Tournament,,NCAA_TOURNAMENT,Elite Eight,197,Mar. 26 9 vs. North Carolina 5/6 62-65 L,resolved,,,,,,,
KYRAW-02927,kentucky,historical_record_book,2017-2018,2018,2017-11-10,Utah Valley,Utah Valley,utah-valley,Yes,73,63,W,0,Kentucky Home,SOURCE_PROGRAM_HOME,Rupp Arena,Rupp Arena,Lexington,KY,,,REGULAR_SEASON,,197,Nov. 10 UTAH VALLEY 5/NR 73-63 W,resolved,,,,,,,
KYRAW-02928,kentucky,historical_record_book,2017-2018,2018,2017-11-12,Vermont,Vermont,vermont,Yes,73,69,W,0,Kentucky Home,SOURCE_PROGRAM_HOME,Rupp Arena,Rupp Arena,Lexington,KY,,,REGULAR_SEASON,,197,Nov. 12 VERMONT 5/NR 73-69 W,resolved,,,,,,,
KYRAW-02929,kentucky,historical_record_book,2017-2018,2018,2017-11-14,Kansas,kansas,kansas,Yes,61,65,L,0,Neutral,NEUTRAL,,,,,,,REGULAR_SEASON,,197,Nov. 14 1 vs. Kansas 7/4 61-65 L,resolved,,,,,,,
KYRAW-02930,kentucky,historical_record_book,2017-2018,2018,2017-11-17,East Tennessee State,East Tennessee State,east-tennessee-state,Yes,78,61,W,0,Kentucky Home,SOURCE_PROGRAM_HOME,Rupp Arena,Rupp Arena,Lexington,KY,,,REGULAR_SEASON,,197,Nov. 17 2 ETSU 7/NR 78-61 W,resolved,,,,,,,
KYRAW-02931,kentucky,historical_record_book,2017-2018,2018,2017-11-20,Troy,Troy,troy,Yes,70,62,W,0,Kentucky Home,SOURCE_PROGRAM_HOME,Rupp Arena,Rupp Arena,Lexington,KY,,,REGULAR_SEASON,,197,Nov. 20 2 TROY 8/NR 70-62 W,resolved,,,,,,,
KYRAW-02932,kentucky,historical_record_book,2017-2018,2018,2017-11-22,Fort Wayne,Purdue Fort Wayne,purdue-fort-wayne,Yes,86,67,W,0,Kentucky Home,SOURCE_PROGRAM_HOME,Rupp Arena,Rupp Arena,Lexington,KY,,,REGULAR_SEASON,,197,Nov. 22 2 FORT WAYNE 8/NR 86-67 W,resolved,,,,,,,
KYRAW-02933,kentucky,historical_record_book,2017-2018,2018,2017-11-26,UIC,UIC,uic,Yes,107,73,W,0,Kentucky Home,SOURCE_PROGRAM_HOME,Rupp Arena,Rupp Arena,Lexington,KY,,,REGULAR_SEASON,,197,Nov. 26 2 UIC 8/NR 107-73 W,resolved,,,,,,,
KYRAW-02934,kentucky,historical_record_book,2017-2018,2018,2017-12-02,Harvard,Harvard,harvard,Yes,79,70,W,0,Kentucky Home,SOURCE_PROGRAM_HOME,Rupp Arena,Rupp Arena,Lexington,KY,,,REGULAR_SEASON,,197,Dec. 2 HARVARD 7/NR 79-70 W,resolved,,,,,,,
KYRAW-02935,kentucky,historical_record_book,2017-2018,2018,2017-12-09,Monmouth,Monmouth,monmouth,Yes,93,76,W,0,Neutral,NEUTRAL,,,,,,,REGULAR_SEASON,,197,Dec. 9 3 vs. Monmouth 8/NR 93-76 W,resolved,,,,,,,
KYRAW-02936,kentucky,historical_record_book,2017-2018,2018,2017-12-16,Virginia Tech,Virginia Tech,virginia-tech,Yes,93,86,W,0,Kentucky Home,SOURCE_PROGRAM_HOME,Rupp Arena,Rupp Arena,Lexington,KY,,,REGULAR_SEASON,,197,Dec. 16 VIRGINIA TECH 8/RV 93-86 W,resolved,,,,,,,
KYRAW-02937,kentucky,historical_record_book,2017-2018,2018,2017-12-23,UCLA,UCLA,ucla,Yes,75,83,L,0,Neutral,NEUTRAL,,,,,,,REGULAR_SEASON,,197,Dec. 23 4 vs. UCLA 7/NR 75-83 L,resolved,,,,,,,
KYRAW-02938,kentucky,historical_record_book,2017-2018,2018,2017-12-29,Louisville,Louisville,louisville,Yes,90,61,W,0,Kentucky Home,SOURCE_PROGRAM_HOME,Rupp Arena,Rupp Arena,Lexington,KY,,,REGULAR_SEASON,,197,Dec. 29 LOUISVILLE 16/RV 90-61 W,resolved,,,,,,,
KYRAW-02939,kentucky,historical_record_book,2017-2018,2018,2017-12-31,Georgia,Georgia,georgia,Yes,66,61,W,0,Kentucky Home,SOURCE_PROGRAM_HOME,Rupp Arena,Rupp Arena,Lexington,KY,,,REGULAR_SEASON,,197,Dec. 31 * GEORGIA 16/NR 66-61 W,resolved,,,,,,,
KYRAW-02940,kentucky,historical_record_book,2017-2018,2018,2018-01-03,LSU,LSU,lsu,Yes,74,71,W,0,Opponent Home,OPPONENT_HOME,,,,,,,REGULAR_SEASON,,197,Jan. 3 * at LSU 17/NR 74-71 W,resolved,,,,,,,
KYRAW-02941,kentucky,historical_record_book,2017-2018,2018,2018-01-06,Tennessee,Tennessee,tennessee,Yes,65,76,L,0,Opponent Home,OPPONENT_HOME,,,,,,,REGULAR_SEASON,,197,Jan. 6 * at Tennessee 17/23 65-76 L,resolved,,,,,,,
KYRAW-02942,kentucky,historical_record_book,2017-2018,2018,2018-01-09,Texas A&M,Texas A&M,texas-a-m,Yes,74,73,W,0,Kentucky Home,SOURCE_PROGRAM_HOME,Rupp Arena,Rupp Arena,Lexington,KY,,,REGULAR_SEASON,,197,Jan. 9 * TEXAS A&M 21/RV 74-73 W,resolved,,,,,,,
KYRAW-02943,kentucky,historical_record_book,2017-2018,2018,2018-01-13,Vanderbilt,Vanderbilt,vanderbilt,Yes,74,67,W,0,Opponent Home,OPPONENT_HOME,,,,,,,REGULAR_SEASON,,197,Jan. 13 * at Vanderbilt 21/NR 74-67 W,resolved,,,,,,,
KYRAW-02944,kentucky,historical_record_book,2017-2018,2018,2018-01-16,South Carolina,South Carolina,south-carolina,Yes,68,76,L,0,Opponent Home,OPPONENT_HOME,,,,,,,REGULAR_SEASON,,197,Jan. 16 * at South Carolina 18/NR 68-76 L,resolved,,,,,,,
KYRAW-02945,kentucky,historical_record_book,2017-2018,2018,2018-01-20,Florida,Florida,florida,Yes,64,66,L,0,Kentucky Home,SOURCE_PROGRAM_HOME,Rupp Arena,Rupp Arena,Lexington,KY,,,REGULAR_SEASON,,197,Jan. 20 * FLORIDA 18/NR 64-66 L,resolved,,,,,,,
KYRAW-02946,kentucky,historical_record_book,2017-2018,2018,2018-01-23,Mississippi State,Mississippi State,mississippi-state,Yes,78,65,W,0,Kentucky Home,SOURCE_PROGRAM_HOME,Rupp Arena,Rupp Arena,Lexington,KY,,,REGULAR_SEASON,,197,Jan. 23 * MISSISSIPPI STATE RV/NR 78-65 W,resolved,,,,,,,
KYRAW-02947,kentucky,historical_record_book,2017-2018,2018,2018-01-27,West Virginia,West Virginia,west-virginia,Yes,83,76,W,0,Opponent Home,OPPONENT_HOME,,,,,,,REGULAR_SEASON,,197,Jan. 27 5 at West Virginia RV/7 83-76 W,resolved,,,,,,,
KYRAW-02948,kentucky,historical_record_book,2017-2018,2018,2018-01-30,Vanderbilt,Vanderbilt,vanderbilt,Yes,83,81,W,1,Kentucky Home,SOURCE_PROGRAM_HOME,Rupp Arena,Rupp Arena,Lexington,KY,,,REGULAR_SEASON,,197,Jan. 30 * VANDERBILT 21/NR 83-81 W OT,resolved,,,,,,,
KYRAW-02949,kentucky,historical_record_book,2017-2018,2018,2018-02-03,Missouri,Mizzou,missouri,Yes,60,69,L,0,Opponent Home,OPPONENT_HOME,,,,,,,REGULAR_SEASON,,197,Feb. 3 * at Missouri 21/NR 60-69 L,resolved,,,,,,,
KYRAW-02950,kentucky,historical_record_book,2017-2018,2018,2018-02-06,Tennessee,Tennessee,tennessee,Yes,59,61,L,0,Kentucky Home,SOURCE_PROGRAM_HOME,Rupp Arena,Rupp Arena,Lexington,KY,,,REGULAR_SEASON,,197,Feb. 6 * TENNESSEE 24/15 59-61 L,resolved,,,,,,,
KYRAW-02951,kentucky,historical_record_book,2017-2018,2018,2018-02-10,Texas A&M,Texas A&M,texas-a-m,Yes,74,85,L,0,Opponent Home,OPPONENT_HOME,,,,,,,REGULAR_SEASON,,197,Feb. 10 * at Texas A&M 24/NR 74-85 L,resolved,,,,,,,
KYRAW-02952,kentucky,historical_record_book,2017-2018,2018,2018-02-14,Auburn,Auburn,auburn,Yes,66,76,L,0,Opponent Home,OPPONENT_HOME,,,,,,,REGULAR_SEASON,,197,Feb. 14 * at Auburn RV/10 66-76 L,resolved,,,,,,,
KYRAW-02953,kentucky,historical_record_book,2017-2018,2018,2018-02-17,Alabama,Alabama,alabama,Yes,81,71,W,0,Kentucky Home,SOURCE_PROGRAM_HOME,Rupp Arena,Rupp Arena,Lexington,KY,,,REGULAR_SEASON,,197,Feb. 17 * ALABAMA RV/RV 81-71 W,resolved,,,,,,,
KYRAW-02954,kentucky,historical_record_book,2017-2018,2018,2018-02-20,Arkansas,Arkansas,arkansas,Yes,87,72,W,0,Opponent Home,OPPONENT_HOME,,,,,,,REGULAR_SEASON,,197,Feb. 20 * at Arkansas RV/RV 87-72 W,resolved,,,,,,,
KYRAW-02955,kentucky,historical_record_book,2017-2018,2018,2018-02-24,Missouri,Mizzou,missouri,Yes,87,66,W,0,Kentucky Home,SOURCE_PROGRAM_HOME,Rupp Arena,Rupp Arena,Lexington,KY,,,REGULAR_SEASON,,197,Feb. 24 * MISSOURI RV/RV 87-66 W,resolved,,,,,,,
KYRAW-02956,kentucky,historical_record_book,2017-2018,2018,2018-02-28,Ole Miss,Ole Miss,ole-miss,Yes,96,78,W,0,Kentucky Home,SOURCE_PROGRAM_HOME,Rupp Arena,Rupp Arena,Lexington,KY,,,REGULAR_SEASON,,197,Feb. 28 * OLE MISS 23/NR 96-78 W,resolved,,,,,,,
KYRAW-02957,kentucky,historical_record_book,2017-2018,2018,2018-03-03,Florida,Florida,florida,Yes,67,80,L,0,Opponent Home,OPPONENT_HOME,,,,,,,REGULAR_SEASON,,197,Mar. 3 * at Florida 23/RV 67-80 L,resolved,,,,,,,
KYRAW-02958,kentucky,historical_record_book,2017-2018,2018,2018-03-09,Georgia,Georgia,georgia,Yes,62,49,W,0,Neutral,NEUTRAL,,,,,SEC Tournament,,CONFERENCE_TOURNAMENT,,197,Mar. 9 6 vs. Georgia RV/NR 62-49 W,resolved,,,,,,,
KYRAW-02959,kentucky,historical_record_book,2017-2018,2018,2018-03-10,Alabama,Alabama,alabama,Yes,86,63,W,0,Neutral,NEUTRAL,,,,,SEC Tournament,,CONFERENCE_TOURNAMENT,,197,Mar. 10 6 vs. Alabama RV/NR 86-63 W,resolved,,,,,,,
KYRAW-02960,kentucky,historical_record_book,2017-2018,2018,2018-03-11,Tennessee,Tennessee,tennessee,Yes,77,72,W,0,Neutral,NEUTRAL,,,,,SEC Tournament,,CONFERENCE_TOURNAMENT,Championship,197,Mar. 11 6 vs. Tennessee RV/13 77-72 W,resolved,,,,,,,
KYRAW-02961,kentucky,historical_record_book,2017-2018,2018,2018-03-15,Davidson,Davidson,davidson,Yes,78,73,W,0,Neutral,NEUTRAL,,,,,NCAA Tournament,,NCAA_TOURNAMENT,R64,197,Mar. 15 7 vs. Davidson 18/RV 78-73 W,resolved,,,,,,,
KYRAW-02962,kentucky,historical_record_book,2017-2018,2018,2018-03-17,Buffalo,Buffalo,buffalo,Yes,95,75,W,0,Neutral,NEUTRAL,,,,,NCAA Tournament,,NCAA_TOURNAMENT,R32,197,Mar. 17 7 vs. Buffalo 18/RV 95-75 W,resolved,,,,,,,
KYRAW-02963,kentucky,historical_record_book,2017-2018,2018,2018-03-22,Kansas State,Kansas State,kansas-state,Yes,58,61,L,0,Neutral,NEUTRAL,,,,,NCAA Tournament,,NCAA_TOURNAMENT,Sweet Sixteen,197,Mar. 22 8 vs. Kansas State 18/RV 58-61 L,resolved,,,,,,,
KYRAW-02964,kentucky,historical_record_book,2018-2019,2019,2018-11-06,Duke,Duke,duke,Yes,84,118,L,0,Neutral,NEUTRAL,,,,,,,REGULAR_SEASON,,197,Nov. 6 1 vs. Duke 2/4 84-118 L,resolved,,,,,,,
KYRAW-02965,kentucky,historical_record_book,2018-2019,2019,2018-11-09,Southern Illinois,Southern Illinois,southern-illinois,Yes,71,59,W,0,Kentucky Home,SOURCE_PROGRAM_HOME,Rupp Arena,Rupp Arena,Lexington,KY,,,REGULAR_SEASON,,197,Nov. 9 SOUTHERN ILLINOIS 2/NR 71-59 W,resolved,,,,,,,
KYRAW-02966,kentucky,historical_record_book,2018-2019,2019,2018-11-14,North Dakota,North Dakota,north-dakota,Yes,96,58,W,0,Kentucky Home,SOURCE_PROGRAM_HOME,Rupp Arena,Rupp Arena,Lexington,KY,,,REGULAR_SEASON,,197,Nov. 14 2 NORTH DAKOTA 10/NR 96-58 W,resolved,,,,,,,
KYRAW-02967,kentucky,historical_record_book,2018-2019,2019,2018-11-18,VMI,VMI,vmi,Yes,92,82,W,0,Kentucky Home,SOURCE_PROGRAM_HOME,Rupp Arena,Rupp Arena,Lexington,KY,,,REGULAR_SEASON,,197,Nov. 18 2 VMI 10/NR 92-82 W,resolved,,,,,,,
KYRAW-02968,kentucky,historical_record_book,2018-2019,2019,2018-11-21,Winthrop,Winthrop,winthrop,Yes,87,74,W,0,Kentucky Home,SOURCE_PROGRAM_HOME,Rupp Arena,Rupp Arena,Lexington,KY,,,REGULAR_SEASON,,197,Nov. 21 2 WINTHROP 10/NR 87-74 W,resolved,,,,,,,
KYRAW-02969,kentucky,historical_record_book,2018-2019,2019,2018-11-23,Tennessee State,Tennessee State,tennessee-state,Yes,77,62,W,0,Kentucky Home,SOURCE_PROGRAM_HOME,Rupp Arena,Rupp Arena,Lexington,KY,,,REGULAR_SEASON,,197,Nov. 23 2 TENNESSEE STATE 10/NR 77-62 W,resolved,,,,,,,
KYRAW-02970,kentucky,historical_record_book,2018-2019,2019,2018-11-28,Monmouth,Monmouth,monmouth,Yes,90,44,W,0,Kentucky Home,SOURCE_PROGRAM_HOME,Rupp Arena,Rupp Arena,Lexington,KY,,,REGULAR_SEASON,,197,Nov. 28 MONMOUTH 10/NR 90-44 W,resolved,,,,,,,
KYRAW-02971,kentucky,historical_record_book,2018-2019,2019,2018-12-01,UNC Greensboro,UNC Greensboro,unc-greensboro,Yes,78,61,W,0,Kentucky Home,SOURCE_PROGRAM_HOME,Rupp Arena,Rupp Arena,Lexington,KY,,,REGULAR_SEASON,,197,Dec. 1 UNC GREENSBORO 10/NR 78-61 W,resolved,,,,,,,
KYRAW-02972,kentucky,historical_record_book,2018-2019,2019,2018-12-08,Seton Hall,Seton Hall,seton-hall,Yes,83,84,L,1,Neutral,NEUTRAL,,,,,,,REGULAR_SEASON,,197,Dec. 8 3 vs. Seton Hall 9/NR 83-84 L OT,resolved,,,,,,,
KYRAW-02973,kentucky,historical_record_book,2018-2019,2019,2018-12-15,Utah,Utah,utah,Yes,88,61,W,0,Kentucky Home,SOURCE_PROGRAM_HOME,Rupp Arena,Rupp Arena,Lexington,KY,,,REGULAR_SEASON,,197,Dec. 15 UTAH 19/NR 88-61 W,resolved,,,,,,,
KYRAW-02974,kentucky,historical_record_book,2018-2019,2019,2018-12-22,North Carolina,North Carolina,north-carolina,Yes,80,72,W,0,Neutral,NEUTRAL,,,,,,,REGULAR_SEASON,,197,Dec. 22 4 vs. North Carolina 19/9 80-72 W,resolved,,,,,,,
KYRAW-02975,kentucky,historical_record_book,2018-2019,2019,2018-12-29,Louisville,Louisville,louisville,Yes,71,58,W,0,Opponent Home,OPPONENT_HOME,,,,,,,REGULAR_SEASON,,197,Dec. 29 at Louisville 16/RV 71-58 W,resolved,,,,,,,
KYRAW-02976,kentucky,historical_record_book,2018-2019,2019,2019-01-05,Alabama,Alabama,alabama,Yes,75,77,L,0,Opponent Home,OPPONENT_HOME,,,,,,,REGULAR_SEASON,,197,Jan. 5 * at Alabama 13/NR 75-77 L,resolved,,,,,,,
KYRAW-02977,kentucky,historical_record_book,2018-2019,2019,2019-01-08,Texas A&M,Texas A&M,texas-a-m,Yes,85,74,W,0,Kentucky Home,SOURCE_PROGRAM_HOME,Rupp Arena,Rupp Arena,Lexington,KY,,,REGULAR_SEASON,,197,Jan. 8 * TEXAS A&M 18/NR 85-74 W,resolved,,,,,,,
KYRAW-02978,kentucky,historical_record_book,2018-2019,2019,2019-01-12,Vanderbilt,Vanderbilt,vanderbilt,Yes,56,47,W,0,Kentucky Home,SOURCE_PROGRAM_HOME,Rupp Arena,Rupp Arena,Lexington,KY,,,REGULAR_SEASON,,197,Jan. 12 * VANDERBILT 18/NR 56-47 W,resolved,,,,,,,
KYRAW-02979,kentucky,historical_record_book,2018-2019,2019,2019-01-15,Georgia,Georgia,georgia,Yes,69,49,W,0,Opponent Home,OPPONENT_HOME,,,,,,,REGULAR_SEASON,,197,Jan. 15 * at Georgia 12/NR 69-49 W,resolved,,,,,,,
KYRAW-02980,kentucky,historical_record_book,2018-2019,2019,2019-01-19,Auburn,Auburn,auburn,Yes,82,80,W,0,Opponent Home,OPPONENT_HOME,,,,,,,REGULAR_SEASON,,197,Jan. 19 * at Auburn 12/14 82-80 W,resolved,,,,,,,
KYRAW-02981,kentucky,historical_record_book,2018-2019,2019,2019-01-22,Mississippi State,Mississippi State,mississippi-state,Yes,76,55,W,0,Kentucky Home,SOURCE_PROGRAM_HOME,Rupp Arena,Rupp Arena,Lexington,KY,,,REGULAR_SEASON,,197,Jan. 22 * MISSISSIPPI STATE 8/22 76-55 W,resolved,,,,,,,
KYRAW-02982,kentucky,historical_record_book,2018-2019,2019,2019-01-26,Kansas,kansas,kansas,Yes,71,63,W,0,Kentucky Home,SOURCE_PROGRAM_HOME,Rupp Arena,Rupp Arena,Lexington,KY,,,REGULAR_SEASON,,197,Jan. 26 5 KANSAS 8/9 71-63 W,resolved,,,,,,,
KYRAW-02983,kentucky,historical_record_book,2018-2019,2019,2019-01-29,Vanderbilt,Vanderbilt,vanderbilt,Yes,87,62,W,0,Opponent Home,OPPONENT_HOME,,,,,,,REGULAR_SEASON,,198,Jan. 29 * at Vanderbilt 7/NR 87-62 W,resolved,,,,,,,
KYRAW-02984,kentucky,historical_record_book,2018-2019,2019,2019-02-02,Florida,Florida,florida,Yes,65,54,W,0,Opponent Home,OPPONENT_HOME,,,,,,,REGULAR_SEASON,,198,Feb. 2 * at Florida 7/NR 65-54 W,resolved,,,,,,,
KYRAW-02985,kentucky,historical_record_book,2018-2019,2019,2019-02-05,South Carolina,South Carolina,south-carolina,Yes,76,48,W,0,Kentucky Home,SOURCE_PROGRAM_HOME,Rupp Arena,Rupp Arena,Lexington,KY,,,REGULAR_SEASON,,198,Feb. 5 * SOUTH CAROLINA 5/NR 76-48 W,resolved,,,,,,,
KYRAW-02986,kentucky,historical_record_book,2018-2019,2019,2019-02-09,Mississippi State,Mississippi State,mississippi-state,Yes,71,67,W,0,Opponent Home,OPPONENT_HOME,,,,,,,REGULAR_SEASON,,198,Feb. 9 * at Mississipppi State 5/RV 71-67 W,resolved,,,,,,,
KYRAW-02987,kentucky,historical_record_book,2018-2019,2019,2019-02-12,LSU,LSU,lsu,Yes,71,73,L,0,Kentucky Home,SOURCE_PROGRAM_HOME,Rupp Arena,Rupp Arena,Lexington,KY,,,REGULAR_SEASON,,198,Feb. 12 * LSU 5/19 71-73 L,resolved,,,,,,,
KYRAW-02988,kentucky,historical_record_book,2018-2019,2019,2019-02-16,Tennessee,Tennessee,tennessee,Yes,86,69,W,0,Kentucky Home,SOURCE_PROGRAM_HOME,Rupp Arena,Rupp Arena,Lexington,KY,,,REGULAR_SEASON,,198,Feb. 16 * TENNESSEE 5/1 86-69 W,resolved,,,,,,,
KYRAW-02989,kentucky,historical_record_book,2018-2019,2019,2019-02-19,Missouri,Mizzou,missouri,Yes,66,58,W,0,Opponent Home,OPPONENT_HOME,,,,,,,REGULAR_SEASON,,198,Feb. 19 * at Missouri 4/NR 66-58 W,resolved,,,,,,,
KYRAW-02990,kentucky,historical_record_book,2018-2019,2019,2019-02-23,Auburn,Auburn,auburn,Yes,80,53,W,0,Kentucky Home,SOURCE_PROGRAM_HOME,Rupp Arena,Rupp Arena,Lexington,KY,,,REGULAR_SEASON,,198,Feb. 23 * AUBURN 4/RV 80-53 W,resolved,,,,,,,
KYRAW-02991,kentucky,historical_record_book,2018-2019,2019,2019-02-26,Arkansas,Arkansas,arkansas,Yes,70,66,W,0,Kentucky Home,SOURCE_PROGRAM_HOME,Rupp Arena,Rupp Arena,Lexington,KY,,,REGULAR_SEASON,,198,Feb. 26 * ARKANSAS 4/NR 70-66 W,resolved,,,,,,,
KYRAW-02992,kentucky,historical_record_book,2018-2019,2019,2019-03-02,Tennessee,Tennessee,tennessee,Yes,52,71,L,0,Opponent Home,OPPONENT_HOME,,,,,,,REGULAR_SEASON,,198,Mar. 2 * at Tennessee 4/7 52-71 L,resolved,,,,,,,
KYRAW-02993,kentucky,historical_record_book,2018-2019,2019,2019-03-05,Ole Miss,Ole Miss,ole-miss,Yes,80,76,W,0,Opponent Home,OPPONENT_HOME,,,,,,,REGULAR_SEASON,,198,Mar. 5 * at Ole Miss 6/NR 80-76 W,resolved,,,,,,,
KYRAW-02994,kentucky,historical_record_book,2018-2019,2019,2019-03-09,Florida,Florida,florida,Yes,66,57,W,0,Kentucky Home,SOURCE_PROGRAM_HOME,Rupp Arena,Rupp Arena,Lexington,KY,,,REGULAR_SEASON,,198,Mar. 9 * FLORIDA 6/NR 66-57 W,resolved,,,,,,,
KYRAW-02995,kentucky,historical_record_book,2018-2019,2019,2019-03-15,Alabama,Alabama,alabama,Yes,73,55,W,0,Neutral,NEUTRAL,,,,,SEC Tournament,,CONFERENCE_TOURNAMENT,,198,Mar. 15 6 vs. Alabama 4/NR 73-55 W,resolved,,,,,,,
KYRAW-02996,kentucky,historical_record_book,2018-2019,2019,2019-03-16,Tennessee,Tennessee,tennessee,Yes,78,82,L,0,Neutral,NEUTRAL,,,,,SEC Tournament,,CONFERENCE_TOURNAMENT,,198,Mar. 16 6 vs. Tennessee 4/8 78-82 L,resolved,,,,,,,
KYRAW-02997,kentucky,historical_record_book,2018-2019,2019,2019-03-21,Abilene Christian,Abilene Christian,abilene-christian,Yes,79,44,W,0,Neutral,NEUTRAL,,,,,NCAA Tournament,,NCAA_TOURNAMENT,R64,198,Mar. 21 7 vs. Abilene Christian 7/NR 79-44 W,resolved,,,,,,,
KYRAW-02998,kentucky,historical_record_book,2018-2019,2019,2019-03-23,Wofford,Wofford,wofford,Yes,62,56,W,0,Neutral,NEUTRAL,,,,,NCAA Tournament,,NCAA_TOURNAMENT,R32,198,Mar. 23 7 vs. Wofford 7/19 62-56 W,resolved,,,,,,,
KYRAW-02999,kentucky,historical_record_book,2018-2019,2019,2019-03-29,Houston,Houston,houston,Yes,62,58,W,0,Neutral,NEUTRAL,,,,,NCAA Tournament,,NCAA_TOURNAMENT,Sweet Sixteen,198,Mar. 29 8 vs. Houston 7/11 62-58 W,resolved,,,,,,,
KYRAW-03000,kentucky,historical_record_book,2018-2019,2019,2019-03-31,Auburn,Auburn,auburn,Yes,71,77,L,1,Neutral,NEUTRAL,,,,,NCAA Tournament,,NCAA_TOURNAMENT,Elite Eight,198,Mar. 31 8 vs. Auburn 7/14 71-77 L OT,resolved,,,,,,,
KYRAW-03001,kentucky,historical_record_book,2019-2020,2020,2019-11-05,Michigan State,Michigan State,michigan-state,Yes,69,62,W,0,Neutral,NEUTRAL,,,,,,,REGULAR_SEASON,,198,Nov. 5 1 vs. Michigan State 2/1 69-62 W,resolved,,,,,,,
KYRAW-03002,kentucky,historical_record_book,2019-2020,2020,2019-11-08,Eastern Kentucky,Eastern Kentucky,eastern-kentucky,Yes,91,49,W,0,Kentucky Home,SOURCE_PROGRAM_HOME,Rupp Arena,Rupp Arena,Lexington,KY,,,REGULAR_SEASON,,198,Nov. 8 EASTERN KENTUCKY 2/NR 91-49 W,resolved,,,,,,,
KYRAW-03003,kentucky,historical_record_book,2019-2020,2020,2019-11-12,Evansville,Evansville,evansville,Yes,64,67,L,0,Kentucky Home,SOURCE_PROGRAM_HOME,Rupp Arena,Rupp Arena,Lexington,KY,,,REGULAR_SEASON,,198,Nov. 12 EVANSVILLE 1/NR 64-67 L,resolved,,,,,,,
KYRAW-03004,kentucky,historical_record_book,2019-2020,2020,2019-11-18,Utah Valley,Utah Valley,utah-valley,Yes,82,74,W,0,Kentucky Home,SOURCE_PROGRAM_HOME,Rupp Arena,Rupp Arena,Lexington,KY,,,REGULAR_SEASON,,198,Nov. 18 2 UTAH VALLEY 9/NR 82-74 W,resolved,,,,,,,
KYRAW-03005,kentucky,historical_record_book,2019-2020,2020,2019-11-22,Mount St. Mary’s,Mount St. Mary's,mount-st-mary-s,Yes,82,62,W,0,Kentucky Home,SOURCE_PROGRAM_HOME,Rupp Arena,Rupp Arena,Lexington,KY,,,REGULAR_SEASON,,198,Nov. 22 2 MOUNT ST. MARY’S 9/NR 82-62 W,resolved,,,,,,,
KYRAW-03006,kentucky,historical_record_book,2019-2020,2020,2019-11-24,Lamar,Lamar,lamar,Yes,81,56,W,0,Kentucky Home,SOURCE_PROGRAM_HOME,Rupp Arena,Rupp Arena,Lexington,KY,,,REGULAR_SEASON,,198,Nov. 24 2 LAMAR 9/NR 81-56 W,resolved,,,,,,,
KYRAW-03007,kentucky,historical_record_book,2019-2020,2020,2019-11-29,UAB,UAB,uab,Yes,69,58,W,0,Kentucky Home,SOURCE_PROGRAM_HOME,Rupp Arena,Rupp Arena,Lexington,KY,,,REGULAR_SEASON,,198,Nov. 29 2 UAB 9/NR 69-58 W,resolved,,,,,,,
KYRAW-03008,kentucky,historical_record_book,2019-2020,2020,2019-12-07,Fairleigh Dickinson,Fairleigh Dickinson,fairleigh-dickinson,Yes,83,52,W,0,Kentucky Home,SOURCE_PROGRAM_HOME,Rupp Arena,Rupp Arena,Lexington,KY,,,REGULAR_SEASON,,198,Dec. 7 FAIRLEIGH DICKINSON 8/NR 83-52 W,resolved,,,,,,,
KYRAW-03009,kentucky,historical_record_book,2019-2020,2020,2019-12-14,Georgia Tech,Georgia Tech,georgia-tech,Yes,67,53,W,0,Kentucky Home,SOURCE_PROGRAM_HOME,Rupp Arena,Rupp Arena,Lexington,KY,,,REGULAR_SEASON,,198,Dec. 14 GEORGIA TECH 8/NR 67-53 W,resolved,,,,,,,
KYRAW-03010,kentucky,historical_record_book,2019-2020,2020,2019-12-18,Utah,Utah,utah,Yes,66,69,L,0,Neutral,NEUTRAL,,,,,,,REGULAR_SEASON,,198,Dec. 18 3 vs. Utah 6/NR 66-69 L,resolved,,,,,,,
KYRAW-03011,kentucky,historical_record_book,2019-2020,2020,2019-12-21,Ohio State,Ohio State,ohio-state,Yes,65,71,L,0,Neutral,NEUTRAL,,,,,,,REGULAR_SEASON,,198,Dec. 21 4 vs. Ohio State 6/5 65-71 L,resolved,,,,,,,
KYRAW-03012,kentucky,historical_record_book,2019-2020,2020,2019-12-28,Louisville,Louisville,louisville,Yes,78,70,W,1,Kentucky Home,SOURCE_PROGRAM_HOME,Rupp Arena,Rupp Arena,Lexington,KY,,,REGULAR_SEASON,,198,Dec. 28 LOUISVILLE 19/3 78-70 W OT,resolved,,,,,,,
KYRAW-03013,kentucky,historical_record_book,2019-2020,2020,2020-01-04,Missouri,Mizzou,missouri,Yes,71,59,W,0,Kentucky Home,SOURCE_PROGRAM_HOME,Rupp Arena,Rupp Arena,Lexington,KY,,,REGULAR_SEASON,,198,Jan. 4 * MISSOURI 17/NR 71-59 W,resolved,,,,,,,
KYRAW-03014,kentucky,historical_record_book,2019-2020,2020,2020-01-07,Georgia,Georgia,georgia,Yes,78,69,W,0,Opponent Home,OPPONENT_HOME,,,,,,,REGULAR_SEASON,,198,Jan. 7 * at Georgia 14/NR 78-69 W,resolved,,,,,,,
KYRAW-03015,kentucky,historical_record_book,2019-2020,2020,2020-01-11,Alabama,Alabama,alabama,Yes,76,67,W,0,Kentucky Home,SOURCE_PROGRAM_HOME,Rupp Arena,Rupp Arena,Lexington,KY,,,REGULAR_SEASON,,198,Jan. 11 * ALABAMA 14/NR 76-67 W,resolved,,,,,,,
KYRAW-03016,kentucky,historical_record_book,2019-2020,2020,2020-01-15,South Carolina,South Carolina,south-carolina,Yes,78,81,L,0,Opponent Home,OPPONENT_HOME,,,,,,,REGULAR_SEASON,,198,Jan. 15 * at South Carolina 10/NR 78-81 L,resolved,,,,,,,
KYRAW-03017,kentucky,historical_record_book,2019-2020,2020,2020-01-18,Arkansas,Arkansas,arkansas,Yes,73,66,W,0,Opponent Home,OPPONENT_HOME,,,,,,,REGULAR_SEASON,,198,Jan. 18 * at Arkansas 10/RV 73-66 W,resolved,,,,,,,
KYRAW-03018,kentucky,historical_record_book,2019-2020,2020,2020-01-21,Georgia,Georgia,georgia,Yes,89,79,W,0,Kentucky Home,SOURCE_PROGRAM_HOME,Rupp Arena,Rupp Arena,Lexington,KY,,,REGULAR_SEASON,,198,Jan. 21 * GEORGIA 15/NR 89-79 W,resolved,,,,,,,
KYRAW-03019,kentucky,historical_record_book,2019-2020,2020,2020-01-25,Texas Tech,Texas Tech,texas-tech,Yes,76,74,W,1,Opponent Home,OPPONENT_HOME,,,,,,,REGULAR_SEASON,,198,Jan. 25 5 at Texas Tech 15/18 76-74 W OT,resolved,,,,,,,
KYRAW-03020,kentucky,historical_record_book,2019-2020,2020,2020-01-29,Vanderbilt,Vanderbilt,vanderbilt,Yes,71,62,W,0,Kentucky Home,SOURCE_PROGRAM_HOME,Rupp Arena,Rupp Arena,Lexington,KY,,,REGULAR_SEASON,,198,Jan. 29 * VANDERBILT 13/NR 71-62 W,resolved,,,,,,,
KYRAW-03021,kentucky,historical_record_book,2019-2020,2020,2020-02-01,Auburn,Auburn,auburn,Yes,66,75,L,0,Opponent Home,OPPONENT_HOME,,,,,,,REGULAR_SEASON,,198,Feb. 1 * at Auburn 13/17 66-75 L,resolved,,,,,,,
KYRAW-03022,kentucky,historical_record_book,2019-2020,2020,2020-02-04,Mississippi State,Mississippi State,mississippi-state,Yes,80,72,W,0,Kentucky Home,SOURCE_PROGRAM_HOME,Rupp Arena,Rupp Arena,Lexington,KY,,,REGULAR_SEASON,,198,Feb. 4 * MISSISSIPPI STATE 15/NR 80-72 W,resolved,,,,,,,
KYRAW-03023,kentucky,historical_record_book,2019-2020,2020,2020-02-08,Tennessee,Tennessee,tennessee,Yes,77,64,W,0,Opponent Home,OPPONENT_HOME,,,,,,,REGULAR_SEASON,,198,Feb. 8 * at Tennessee 15/NR 77-64 W,resolved,,,,,,,
KYRAW-03024,kentucky,historical_record_book,2019-2020,2020,2020-02-11,Vanderbilt,Vanderbilt,vanderbilt,Yes,78,64,W,0,Opponent Home,OPPONENT_HOME,,,,,,,REGULAR_SEASON,,198,Feb. 11 * at Vanderbilt 12/NR 78-64 W,resolved,,,,,,,
KYRAW-03025,kentucky,historical_record_book,2019-2020,2020,2020-02-15,Ole Miss,Ole Miss,ole-miss,Yes,67,62,W,0,Kentucky Home,SOURCE_PROGRAM_HOME,Rupp Arena,Rupp Arena,Lexington,KY,,,REGULAR_SEASON,,198,Feb. 15 * OLE MISS 12/NR 67-62 W,resolved,,,,,,,
KYRAW-03026,kentucky,historical_record_book,2019-2020,2020,2020-02-18,LSU,LSU,lsu,Yes,79,76,W,0,Opponent Home,OPPONENT_HOME,,,,,,,REGULAR_SEASON,,198,Feb. 18 * at LSU 10/RV 79-76 W,resolved,,,,,,,
KYRAW-03027,kentucky,historical_record_book,2019-2020,2020,2020-02-22,Florida,Florida,florida,Yes,65,59,W,0,Kentucky Home,SOURCE_PROGRAM_HOME,Rupp Arena,Rupp Arena,Lexington,KY,,,REGULAR_SEASON,,198,Feb. 22 * FLORIDA 10/RV 65-59 W,resolved,,,,,,,
KYRAW-03028,kentucky,historical_record_book,2019-2020,2020,2020-02-25,Texas A&M,Texas A&M,texas-a-m,Yes,69,60,W,0,Opponent Home,OPPONENT_HOME,,,,,,,REGULAR_SEASON,,198,Feb. 25 * at Texas A&M 8/NR 69-60 W,resolved,,,,,,,
KYRAW-03029,kentucky,historical_record_book,2019-2020,2020,2020-02-29,Auburn,Auburn,auburn,Yes,73,66,W,0,Kentucky Home,SOURCE_PROGRAM_HOME,Rupp Arena,Rupp Arena,Lexington,KY,,,REGULAR_SEASON,,198,Feb. 29 * AUBURN 8/15 73-66 W,resolved,,,,,,,
KYRAW-03030,kentucky,historical_record_book,2019-2020,2020,2020-03-03,Tennessee,Tennessee,tennessee,Yes,73,81,L,0,Kentucky Home,SOURCE_PROGRAM_HOME,Rupp Arena,Rupp Arena,Lexington,KY,,,REGULAR_SEASON,,198,Mar. 3 * TENNESSEE 6/NR 73-81 L,resolved,,,,,,,
KYRAW-03031,kentucky,historical_record_book,2019-2020,2020,2020-03-07,Florida,Florida,florida,Yes,71,70,W,0,Opponent Home,OPPONENT_HOME,,,,,,,REGULAR_SEASON,,198,Mar. 7 * at Florida 6/NR 71-70 W,resolved,,,,,,,
KYRAW-03032,kentucky,historical_record_book,2020-2021,2021,2020-11-25,Morehead State,Morehead State,morehead-state,Yes,81,45,W,0,Kentucky Home,SOURCE_PROGRAM_HOME,Rupp Arena,Rupp Arena,Lexington,KY,,,REGULAR_SEASON,,198,Nov. 25 1 MOREHEAD STATE 10/NR 81-45 W,resolved,,,,,,,
KYRAW-03033,kentucky,historical_record_book,2020-2021,2021,2020-11-29,Richmond,Richmond,richmond,Yes,64,76,L,0,Kentucky Home,SOURCE_PROGRAM_HOME,Rupp Arena,Rupp Arena,Lexington,KY,,,REGULAR_SEASON,,198,Nov. 29 1 RICHMOND 10/RV 64-76 L,resolved,,,,,,,
KYRAW-03034,kentucky,historical_record_book,2020-2021,2021,2020-12-01,Kansas,kansas,kansas,Yes,62,65,L,0,Neutral,NEUTRAL,,,,,,,REGULAR_SEASON,,198,Dec. 1 2 vs. Kansas 20/7 62-65 L,resolved,,,,,,,
KYRAW-03035,kentucky,historical_record_book,2020-2021,2021,2020-12-06,Georgia Tech,Georgia Tech,georgia-tech,Yes,62,79,L,0,Neutral,NEUTRAL,,,,,,,REGULAR_SEASON,,198,Dec. 6 3 vs. Georgia Tech 20/NR 62-79 L,resolved,,,,,,,
KYRAW-03036,kentucky,historical_record_book,2020-2021,2021,2020-12-12,Notre Dame,Notre Dame,notre-dame,Yes,63,64,L,0,Kentucky Home,SOURCE_PROGRAM_HOME,Rupp Arena,Rupp Arena,Lexington,KY,,,REGULAR_SEASON,,198,Dec. 12 NOTRE DAME NR/NR 63-64 L,resolved,,,,,,,
KYRAW-03037,kentucky,historical_record_book,2020-2021,2021,2020-12-19,North Carolina,North Carolina,north-carolina,Yes,63,75,L,0,Neutral,NEUTRAL,,,,,,,REGULAR_SEASON,,198,Dec. 19 4 vs. North Carolina NR/22 63-75 L,resolved,,,,,,,
KYRAW-03038,kentucky,historical_record_book,2020-2021,2021,2020-12-26,Louisville,Louisville,louisville,Yes,59,62,L,0,Opponent Home,OPPONENT_HOME,,,,,,,REGULAR_SEASON,,198,Dec. 26 at Louisville NR/RV 59-62 L,resolved,,,,,,,
KYRAW-03039,kentucky,historical_record_book,2020-2021,2021,2021-01-02,Mississippi State,Mississippi State,mississippi-state,Yes,78,73,W,2,Opponent Home,OPPONENT_HOME,,,,,,,REGULAR_SEASON,,198,Jan. 2 * at Mississippi State NR/NR 78-73 W 2OT,resolved,,,,,,,
KYRAW-03040,kentucky,historical_record_book,2020-2021,2021,2021-01-05,Vanderbilt,Vanderbilt,vanderbilt,Yes,77,74,W,0,Kentucky Home,SOURCE_PROGRAM_HOME,Rupp Arena,Rupp Arena,Lexington,KY,,,REGULAR_SEASON,,198,Jan. 5 * VANDERBILT NR/NR 77-74 W,resolved,,,,,,,
KYRAW-03041,kentucky,historical_record_book,2020-2021,2021,2021-01-09,Florida,Florida,florida,Yes,76,58,W,0,Opponent Home,OPPONENT_HOME,,,,,,,REGULAR_SEASON,,198,Jan. 9 * at Florida NR/RV 76-58 W,resolved,,,,,,,
KYRAW-03042,kentucky,historical_record_book,2020-2021,2021,2021-01-12,Alabama,Alabama,alabama,Yes,65,85,L,0,Kentucky Home,SOURCE_PROGRAM_HOME,Rupp Arena,Rupp Arena,Lexington,KY,,,REGULAR_SEASON,,198,Jan. 12 * ALABAMA NR/RV 65-85 L,resolved,,,,,,,
KYRAW-03043,kentucky,historical_record_book,2020-2021,2021,2021-01-16,Auburn,Auburn,auburn,Yes,59,66,L,0,Opponent Home,OPPONENT_HOME,,,,,,,REGULAR_SEASON,,198,Jan. 16 * at Auburn NR/NR 59-66 L,resolved,,,,,,,
KYRAW-03044,kentucky,historical_record_book,2020-2021,2021,2021-01-20,Georgia,Georgia,georgia,Yes,62,63,L,0,Opponent Home,OPPONENT_HOME,,,,,,,REGULAR_SEASON,,198,Jan. 20 * at Georgia NR/NR 62-63 L,resolved,,,,,,,
KYRAW-03045,kentucky,historical_record_book,2020-2021,2021,2021-01-23,LSU,LSU,lsu,Yes,82,69,W,0,Kentucky Home,SOURCE_PROGRAM_HOME,Rupp Arena,Rupp Arena,Lexington,KY,,,REGULAR_SEASON,,198,Jan. 23 * LSU NR/RV 82-69 W,resolved,,,,,,,
KYRAW-03046,kentucky,historical_record_book,2020-2021,2021,2021-01-26,Alabama,Alabama,alabama,Yes,59,70,L,0,Opponent Home,OPPONENT_HOME,,,,,,,REGULAR_SEASON,,198,Jan. 26 * at Alabama NR/9 59-70 L,resolved,,,,,,,
KYRAW-03047,kentucky,historical_record_book,2020-2021,2021,2021-02-03,Missouri,Mizzou,missouri,Yes,70,75,L,0,Opponent Home,OPPONENT_HOME,,,,,,,REGULAR_SEASON,,198,Feb. 3 * at Missouri NR/18 70-75 L,resolved,,,,,,,
KYRAW-03048,kentucky,historical_record_book,2020-2021,2021,2021-02-06,Tennessee,Tennessee,tennessee,Yes,71,82,L,0,Kentucky Home,SOURCE_PROGRAM_HOME,Rupp Arena,Rupp Arena,Lexington,KY,,,REGULAR_SEASON,,198,Feb. 6 * TENNESSEE NR/11 71-82 L,resolved,,,,,,,
KYRAW-03049,kentucky,historical_record_book,2020-2021,2021,2021-02-09,Arkansas,Arkansas,arkansas,Yes,80,81,L,0,Kentucky Home,SOURCE_PROGRAM_HOME,Rupp Arena,Rupp Arena,Lexington,KY,,,REGULAR_SEASON,,198,Feb. 9 * ARKANSAS NR/RV 80-81 L,resolved,,,,,,,
KYRAW-03050,kentucky,historical_record_book,2020-2021,2021,2021-02-13,Auburn,Auburn,auburn,Yes,82,80,W,0,Kentucky Home,SOURCE_PROGRAM_HOME,Rupp Arena,Rupp Arena,Lexington,KY,,,REGULAR_SEASON,,198,Feb. 13 * AUBURN NR/NR 82-80 W,resolved,,,,,,,
KYRAW-03051,kentucky,historical_record_book,2020-2021,2021,2021-02-17,Vanderbilt,Vanderbilt,vanderbilt,Yes,82,78,W,0,Opponent Home,OPPONENT_HOME,,,,,,,REGULAR_SEASON,,198,Feb. 17 * at Vanderbilt NR/NR 82-78 W,resolved,,,,,,,
KYRAW-03052,kentucky,historical_record_book,2020-2021,2021,2021-02-20,Tennessee,Tennessee,tennessee,Yes,70,55,W,0,Opponent Home,OPPONENT_HOME,,,,,,,REGULAR_SEASON,,198,Feb. 20 * at Tennessee NR/19 70-55 W,resolved,,,,,,,
KYRAW-03053,kentucky,historical_record_book,2020-2021,2021,2021-02-27,Florida,Florida,florida,Yes,67,71,L,0,Kentucky Home,SOURCE_PROGRAM_HOME,Rupp Arena,Rupp Arena,Lexington,KY,,,REGULAR_SEASON,,198,Feb. 27 * FLORIDA NR/NR 67-71 L,resolved,,,,,,,
KYRAW-03054,kentucky,historical_record_book,2020-2021,2021,2021-03-02,Ole Miss,Ole Miss,ole-miss,Yes,62,70,L,0,Opponent Home,OPPONENT_HOME,,,,,,,REGULAR_SEASON,,198,Mar. 2 * at Ole Miss NR/NR 62-70 L,resolved,,,,,,,
KYRAW-03055,kentucky,historical_record_book,2020-2021,2021,2021-03-06,South Carolina,South Carolina,south-carolina,Yes,92,64,W,0,Kentucky Home,SOURCE_PROGRAM_HOME,Rupp Arena,Rupp Arena,Lexington,KY,,,REGULAR_SEASON,,198,Mar. 6 * SOUTH CAROLINA NR/NR 92-64 W,resolved,,,,,,,
KYRAW-03056,kentucky,historical_record_book,2020-2021,2021,2021-03-10,Mississippi State,Mississippi State,mississippi-state,Yes,73,74,L,0,Neutral,NEUTRAL,,,,,SEC Tournament,,CONFERENCE_TOURNAMENT,,198,Mar. 10 5 vs. Mississippi State NR/NR 73-74 L,resolved,,,,,,,
KYRAW-03057,kentucky,historical_record_book,2021-2022,2022,2021-11-09,Duke,Duke,duke,Yes,71,79,L,0,Neutral,NEUTRAL,,,,,,,REGULAR_SEASON,,198,Nov. 9 1 vs. Duke 10/9 71-79 L,resolved,,,,,,,
KYRAW-03058,kentucky,historical_record_book,2021-2022,2022,2021-11-12,Robert Morris,Robert Morris,robert-morris,Yes,100,60,W,0,Kentucky Home,SOURCE_PROGRAM_HOME,Rupp Arena,Rupp Arena,Lexington,KY,,,REGULAR_SEASON,,198,Nov. 12 2 ROBERT MORRIS 10/NR 100-60 W,resolved,,,,,,,
KYRAW-03059,kentucky,historical_record_book,2021-2022,2022,2021-11-16,Mount St. Mary’s,Mount St. Mary's,mount-st-mary-s,Yes,80,55,W,0,Kentucky Home,SOURCE_PROGRAM_HOME,Rupp Arena,Rupp Arena,Lexington,KY,,,REGULAR_SEASON,,198,Nov. 16 2 MOUNT ST. MARY’S 13/NR 80-55 W,resolved,,,,,,,
KYRAW-03060,kentucky,historical_record_book,2021-2022,2022,2021-11-19,Ohio,Ohio,ohio,Yes,77,69,W,0,Kentucky Home,SOURCE_PROGRAM_HOME,Rupp Arena,Rupp Arena,Lexington,KY,,,REGULAR_SEASON,,198,Nov. 19 2 OHIO 13/RV 77-69 W,resolved,,,,,,,
KYRAW-03061,kentucky,historical_record_book,2021-2022,2022,2021-11-22,Albany,Albany,ualbany,Yes,86,61,W,0,Kentucky Home,SOURCE_PROGRAM_HOME,Rupp Arena,Rupp Arena,Lexington,KY,,,REGULAR_SEASON,,198,Nov. 22 2 ALBANY 10/NR 86-61 W,resolved,,,,,,,
KYRAW-03062,kentucky,historical_record_book,2021-2022,2022,2021-11-26,North Florida,North Florida,north-florida,Yes,86,52,W,0,Kentucky Home,SOURCE_PROGRAM_HOME,Rupp Arena,Rupp Arena,Lexington,KY,,,REGULAR_SEASON,,198,Nov. 26 NORTH FLORIDA 10/NR 86-52 W,resolved,,,,,,,
KYRAW-03063,kentucky,historical_record_book,2021-2022,2022,2021-11-29,Central Michigan,Central Michigan,central-michigan,Yes,85,57,W,0,Kentucky Home,SOURCE_PROGRAM_HOME,Rupp Arena,Rupp Arena,Lexington,KY,,,REGULAR_SEASON,,198,Nov. 29 CENTRAL MICHIGAN 9/NR 85-57 W,resolved,,,,,,,
KYRAW-03064,kentucky,historical_record_book,2021-2022,2022,2021-12-07,Southern,Southern,southern,Yes,76,64,W,0,Kentucky Home,SOURCE_PROGRAM_HOME,Rupp Arena,Rupp Arena,Lexington,KY,,,REGULAR_SEASON,,198,Dec. 7 3 SOUTHERN 10/NR 76-64 W,resolved,,,,,,,
KYRAW-03065,kentucky,historical_record_book,2021-2022,2022,2021-12-11,Notre Dame,Notre Dame,notre-dame,Yes,62,66,L,0,Opponent Home,OPPONENT_HOME,,,,,,,REGULAR_SEASON,,198,Dec. 11 at Notre Dame 10/NR 62-66 L,resolved,,,,,,,
KYRAW-03066,kentucky,historical_record_book,2021-2022,2022,2021-12-17,North Carolina,North Carolina,north-carolina,Yes,98,69,W,0,Neutral,NEUTRAL,,,,,,,REGULAR_SEASON,,198,Dec. 17 4 vs. North Carolina 21/RV 98-69 W,resolved,,,,,,,
KYRAW-03067,kentucky,historical_record_book,2021-2022,2022,2021-12-22,Western Kentucky,Western Kentucky,western-kentucky,Yes,96,60,W,0,Kentucky Home,SOURCE_PROGRAM_HOME,Rupp Arena,Rupp Arena,Lexington,KY,,,REGULAR_SEASON,,199,Dec. 22 WESTERN KENTUCKY 20/NR 96-60 W,resolved,,,,,,,
KYRAW-03068,kentucky,historical_record_book,2021-2022,2022,2021-12-29,Missouri,Mizzou,missouri,Yes,83,56,W,0,Kentucky Home,SOURCE_PROGRAM_HOME,Rupp Arena,Rupp Arena,Lexington,KY,,,REGULAR_SEASON,,199,Dec. 29 * MISSOURI 18/NR 83-56 W,resolved,,,,,,,
KYRAW-03069,kentucky,historical_record_book,2021-2022,2022,2021-12-31,High Point,High Point,high-point,Yes,92,48,W,0,Kentucky Home,SOURCE_PROGRAM_HOME,Rupp Arena,Rupp Arena,Lexington,KY,,,REGULAR_SEASON,,199,Dec. 31 HIGH POINT 18/NR 92-48 W,resolved,,,,,,,
KYRAW-03070,kentucky,historical_record_book,2021-2022,2022,2022-01-04,LSU,LSU,lsu,Yes,60,65,L,0,Opponent Home,OPPONENT_HOME,,,,,,,REGULAR_SEASON,,199,Jan. 4 * at LSU 16/21 60-65 L,resolved,,,,,,,
KYRAW-03071,kentucky,historical_record_book,2021-2022,2022,2022-01-08,Georgia,Georgia,georgia,Yes,92,77,W,0,Kentucky Home,SOURCE_PROGRAM_HOME,Rupp Arena,Rupp Arena,Lexington,KY,,,REGULAR_SEASON,,199,Jan. 8 * GEORGIA 16/NR 92-77 W,resolved,,,,,,,
KYRAW-03072,kentucky,historical_record_book,2021-2022,2022,2022-01-11,Vanderbilt,Vanderbilt,vanderbilt,Yes,78,66,W,0,Opponent Home,OPPONENT_HOME,,,,,,,REGULAR_SEASON,,199,Jan. 11 * at Vanderbilt 18/NR 78-66 W,resolved,,,,,,,
KYRAW-03073,kentucky,historical_record_book,2021-2022,2022,2022-01-15,Tennessee,Tennessee,tennessee,Yes,107,79,W,0,Kentucky Home,SOURCE_PROGRAM_HOME,Rupp Arena,Rupp Arena,Lexington,KY,,,REGULAR_SEASON,,199,Jan. 15 * TENNESSEE 18/22 107-79 W,resolved,,,,,,,
KYRAW-03074,kentucky,historical_record_book,2021-2022,2022,2022-01-19,Texas A&M,Texas A&M,texas-a-m,Yes,64,58,W,0,Opponent Home,OPPONENT_HOME,,,,,,,REGULAR_SEASON,,199,Jan. 19 * at Texas A&M 12/RV 64-58 W,resolved,,,,,,,
KYRAW-03075,kentucky,historical_record_book,2021-2022,2022,2022-01-22,Auburn,Auburn,auburn,Yes,71,80,L,0,Opponent Home,OPPONENT_HOME,,,,,,,REGULAR_SEASON,,199,Jan. 22 * at Auburn 12/2 71-80 L,resolved,,,,,,,
KYRAW-03076,kentucky,historical_record_book,2021-2022,2022,2022-01-25,Mississippi State,Mississippi State,mississippi-state,Yes,82,74,W,1,Kentucky Home,SOURCE_PROGRAM_HOME,Rupp Arena,Rupp Arena,Lexington,KY,,,REGULAR_SEASON,,199,Jan. 25 * MISSISSIPPI STATE 12/NR 82-74 W OT,resolved,,,,,,,
KYRAW-03077,kentucky,historical_record_book,2021-2022,2022,2022-01-29,Kansas,kansas,kansas,Yes,80,62,W,0,Opponent Home,OPPONENT_HOME,,,,,,,REGULAR_SEASON,,199,Jan. 29 at Kansas 12/5 80-62 W,resolved,,,,,,,
KYRAW-03078,kentucky,historical_record_book,2021-2022,2022,2022-02-02,Vanderbilt,Vanderbilt,vanderbilt,Yes,77,70,W,0,Kentucky Home,SOURCE_PROGRAM_HOME,Rupp Arena,Rupp Arena,Lexington,KY,,,REGULAR_SEASON,,199,Feb. 2 * VANDERBILT 5/NR 77-70 W,resolved,,,,,,,
KYRAW-03079,kentucky,historical_record_book,2021-2022,2022,2022-02-05,Alabama,Alabama,alabama,Yes,66,55,W,0,Opponent Home,OPPONENT_HOME,,,,,,,REGULAR_SEASON,,199,Feb. 5 * at Alabama 5/RV 66-55 W,resolved,,,,,,,
KYRAW-03080,kentucky,historical_record_book,2021-2022,2022,2022-02-08,South Carolina,South Carolina,south-carolina,Yes,82,72,W,0,Opponent Home,OPPONENT_HOME,,,,,,,REGULAR_SEASON,,199,Feb. 8 * at South Carolina 5/NR 82-72 W,resolved,,,,,,,
KYRAW-03081,kentucky,historical_record_book,2021-2022,2022,2022-02-12,Florida,Florida,florida,Yes,78,57,W,0,Kentucky Home,SOURCE_PROGRAM_HOME,Rupp Arena,Rupp Arena,Lexington,KY,,,REGULAR_SEASON,,199,Feb. 12 * FLORIDA 5/NR 78-57 W,resolved,,,,,,,
KYRAW-03082,kentucky,historical_record_book,2021-2022,2022,2022-02-15,Tennessee,Tennessee,tennessee,Yes,63,76,L,0,Opponent Home,OPPONENT_HOME,,,,,,,REGULAR_SEASON,,199,Feb. 15 * at Tennessee 4/16 63-76 L,resolved,,,,,,,
KYRAW-03083,kentucky,historical_record_book,2021-2022,2022,2022-02-19,Alabama,Alabama,alabama,Yes,90,81,W,0,Kentucky Home,SOURCE_PROGRAM_HOME,Rupp Arena,Rupp Arena,Lexington,KY,,,REGULAR_SEASON,,199,Feb. 19 * ALABAMA 4/25 90-81 W,resolved,,,,,,,
KYRAW-03084,kentucky,historical_record_book,2021-2022,2022,2022-02-23,LSU,LSU,lsu,Yes,71,66,W,0,Kentucky Home,SOURCE_PROGRAM_HOME,Rupp Arena,Rupp Arena,Lexington,KY,,,REGULAR_SEASON,,199,Feb. 23 * LSU 6/RV 71-66 W,resolved,,,,,,,
KYRAW-03085,kentucky,historical_record_book,2021-2022,2022,2022-02-26,Arkansas,Arkansas,arkansas,Yes,73,75,L,0,Opponent Home,OPPONENT_HOME,,,,,,,REGULAR_SEASON,,199,Feb. 26 * at Arkansas 6/18 73-75 L,resolved,,,,,,,
KYRAW-03086,kentucky,historical_record_book,2021-2022,2022,2022-03-01,Ole Miss,Ole Miss,ole-miss,Yes,83,72,W,0,Kentucky Home,SOURCE_PROGRAM_HOME,Rupp Arena,Rupp Arena,Lexington,KY,,,REGULAR_SEASON,,199,Mar. 1 * OLE MISS 7/NR 83-72 W,resolved,,,,,,,
KYRAW-03087,kentucky,historical_record_book,2021-2022,2022,2022-03-05,Florida,Florida,florida,Yes,71,63,W,0,Opponent Home,OPPONENT_HOME,,,,,,,REGULAR_SEASON,,199,Mar. 5 * at Florida 7/NR 71-63 W,resolved,,,,,,,
KYRAW-03088,kentucky,historical_record_book,2021-2022,2022,2022-03-11,Vanderbilt,Vanderbilt,vanderbilt,Yes,71,63,W,0,Neutral,NEUTRAL,,,,,SEC Tournament,,CONFERENCE_TOURNAMENT,,199,Mar. 11 6 vs. Vanderbilt 5/NR 71-63 W,resolved,,,,,,,
KYRAW-03089,kentucky,historical_record_book,2021-2022,2022,2022-03-12,Tennessee,Tennessee,tennessee,Yes,62,69,L,0,Neutral,NEUTRAL,,,,,SEC Tournament,,CONFERENCE_TOURNAMENT,,199,Mar. 12 6 vs. Tennessee 5/9 62-69 L,resolved,,,,,,,
KYRAW-03090,kentucky,historical_record_book,2021-2022,2022,2022-03-17,Saint Peter’s,Saint Peter's,saint-peter-s,Yes,79,85,L,1,Neutral,NEUTRAL,,,,,NCAA Tournament,,NCAA_TOURNAMENT,R64,199,Mar. 17 7 vs. Saint Peter’s 7/NR 79-85 L OT,resolved,,,,,,,
KYRAW-03091,kentucky,historical_record_book,2022-2023,2023,2022-11-07,Howard,Howard,howard,Yes,95,63,W,0,Kentucky Home,SOURCE_PROGRAM_HOME,Rupp Arena,Rupp Arena,Lexington,KY,,,REGULAR_SEASON,,199,Nov. 7 HOWARD 4/NR 95-63 W,resolved,,,,,,,
KYRAW-03092,kentucky,historical_record_book,2022-2023,2023,2022-11-11,Duquesne,Duquesne,duquesne,Yes,77,52,W,0,Kentucky Home,SOURCE_PROGRAM_HOME,Rupp Arena,Rupp Arena,Lexington,KY,,,REGULAR_SEASON,,199,Nov. 11 1 DUQUESNE 4/NR 77-52 W,resolved,,,,,,,
KYRAW-03093,kentucky,historical_record_book,2022-2023,2023,2022-11-15,Michigan State,Michigan State,michigan-state,Yes,77,86,L,2,Neutral,NEUTRAL,,,,,,,REGULAR_SEASON,,199,Nov. 15 2 vs. Michigan State 4/RV 77-86 L 2OT,resolved,,,,,,,
KYRAW-03094,kentucky,historical_record_book,2022-2023,2023,2022-11-17,South Carolina State,South Carolina State,south-carolina-state,Yes,106,63,W,0,Kentucky Home,SOURCE_PROGRAM_HOME,Rupp Arena,Rupp Arena,Lexington,KY,,,REGULAR_SEASON,,199,Nov. 17 1 SOUTH CAROLINA STATE 4/NR 106-63 W,resolved,,,,,,,
KYRAW-03095,kentucky,historical_record_book,2022-2023,2023,2022-11-20,Gonzaga,Gonzaga,gonzaga,Yes,72,88,L,0,Opponent Home,OPPONENT_HOME,,,,,,,REGULAR_SEASON,,199,Nov. 20 at Gonzaga 4/2 72-88 L,resolved,,,,,,,
KYRAW-03096,kentucky,historical_record_book,2022-2023,2023,2022-11-23,North Florida,North Florida,north-florida,Yes,96,56,W,0,Kentucky Home,SOURCE_PROGRAM_HOME,Rupp Arena,Rupp Arena,Lexington,KY,,,REGULAR_SEASON,,199,Nov. 23 1 NORTH FLORIDA 15/NR 96-56 W,resolved,,,,,,,
KYRAW-03097,kentucky,historical_record_book,2022-2023,2023,2022-11-29,Bellarmine,Bellarmine,bellarmine,Yes,60,41,W,0,Kentucky Home,SOURCE_PROGRAM_HOME,Rupp Arena,Rupp Arena,Lexington,KY,,,REGULAR_SEASON,,199,Nov. 29 BELLARMINE 19/NR 60-41 W,resolved,,,,,,,
KYRAW-03098,kentucky,historical_record_book,2022-2023,2023,2022-12-04,Michigan,Michigan,michigan,Yes,73,69,W,0,Neutral,NEUTRAL,,,,,,,REGULAR_SEASON,,199,Dec. 4 3 vs. Michigan 19/RV 73-69 W,resolved,,,,,,,
KYRAW-03099,kentucky,historical_record_book,2022-2023,2023,2022-12-10,Yale,Yale,yale,Yes,69,59,W,0,Kentucky Home,SOURCE_PROGRAM_HOME,Rupp Arena,Rupp Arena,Lexington,KY,,,REGULAR_SEASON,,199,Dec. 10 YALE 16/NR 69-59 W,resolved,,,,,,,
KYRAW-03100,kentucky,historical_record_book,2022-2023,2023,2022-12-17,UCLA,UCLA,ucla,Yes,53,63,L,0,Neutral,NEUTRAL,,,,,,,REGULAR_SEASON,,199,Dec. 17 4 vs. UCLA 13/16 53-63 L,resolved,,,,,,,
KYRAW-03101,kentucky,historical_record_book,2022-2023,2023,2022-12-21,Florida A&M,Florida A&M,florida-a-m,Yes,88,68,W,0,Kentucky Home,SOURCE_PROGRAM_HOME,Rupp Arena,Rupp Arena,Lexington,KY,,,REGULAR_SEASON,,199,Dec. 21 5 FLORIDA A&M 19/NR 88-68 W,resolved,,,,,,,
KYRAW-03102,kentucky,historical_record_book,2022-2023,2023,2022-12-28,Missouri,Mizzou,missouri,Yes,75,89,L,0,Opponent Home,OPPONENT_HOME,,,,,,,REGULAR_SEASON,,199,Dec. 28 * at Missouri 19/RV 75-89 L,resolved,,,,,,,
KYRAW-03103,kentucky,historical_record_book,2022-2023,2023,2022-12-31,Louisville,Louisville,louisville,Yes,86,63,W,0,Kentucky Home,SOURCE_PROGRAM_HOME,Rupp Arena,Rupp Arena,Lexington,KY,,,REGULAR_SEASON,,199,Dec. 31 LOUISVILLE 19/NR 86-63 W,resolved,,,,,,,
KYRAW-03104,kentucky,historical_record_book,2022-2023,2023,2023-01-03,LSU,LSU,lsu,Yes,74,71,W,0,Kentucky Home,SOURCE_PROGRAM_HOME,Rupp Arena,Rupp Arena,Lexington,KY,,,REGULAR_SEASON,,199,Jan. 3 * LSU RV/RV 74-71 W,resolved,,,,,,,
KYRAW-03105,kentucky,historical_record_book,2022-2023,2023,2023-01-07,Alabama,Alabama,alabama,Yes,52,78,L,0,Opponent Home,OPPONENT_HOME,,,,,,,REGULAR_SEASON,,199,Jan. 7 * at Alabama RV/7 52-78 L,resolved,,,,,,,
KYRAW-03106,kentucky,historical_record_book,2022-2023,2023,2023-01-10,South Carolina,South Carolina,south-carolina,Yes,68,71,L,0,Kentucky Home,SOURCE_PROGRAM_HOME,Rupp Arena,Rupp Arena,Lexington,KY,,,REGULAR_SEASON,,199,Jan. 10 * SOUTH CAROLINA NR/NR 68-71 L,resolved,,,,,,,
KYRAW-03107,kentucky,historical_record_book,2022-2023,2023,2023-01-14,Tennessee,Tennessee,tennessee,Yes,63,56,W,0,Opponent Home,OPPONENT_HOME,,,,,,,REGULAR_SEASON,,199,Jan. 14 * at Tennessee NR/5 63-56 W,resolved,,,,,,,
KYRAW-03108,kentucky,historical_record_book,2022-2023,2023,2023-01-17,Georgia,Georgia,georgia,Yes,85,71,W,0,Kentucky Home,SOURCE_PROGRAM_HOME,Rupp Arena,Rupp Arena,Lexington,KY,,,REGULAR_SEASON,,199,Jan. 17 * GEORGIA NR/NR 85-71 W,resolved,,,,,,,
KYRAW-03109,kentucky,historical_record_book,2022-2023,2023,2023-01-21,Texas A&M,Texas A&M,texas-a-m,Yes,76,67,W,0,Kentucky Home,SOURCE_PROGRAM_HOME,Rupp Arena,Rupp Arena,Lexington,KY,,,REGULAR_SEASON,,199,Jan. 21 * TEXAS A&M NR/RV 76-67 W,resolved,,,,,,,
KYRAW-03110,kentucky,historical_record_book,2022-2023,2023,2023-01-24,Vanderbilt,Vanderbilt,vanderbilt,Yes,69,53,W,0,Opponent Home,OPPONENT_HOME,,,,,,,REGULAR_SEASON,,199,Jan. 24 * at Vanderbilt RV/NR 69-53 W 1,resolved,,,,,,,
KYRAW-03111,kentucky,historical_record_book,2022-2023,2023,2023-01-28,Kansas,kansas,kansas,Yes,68,77,L,0,Kentucky Home,SOURCE_PROGRAM_HOME,Rupp Arena,Rupp Arena,Lexington,KY,,,REGULAR_SEASON,,199,Jan. 28 6 KANSAS RV/9 68-77 L,resolved,,,,,,,
KYRAW-03112,kentucky,historical_record_book,2022-2023,2023,2023-01-31,Ole Miss,Ole Miss,ole-miss,Yes,75,66,W,0,Opponent Home,OPPONENT_HOME,,,,,,,REGULAR_SEASON,,199,Jan. 31 * at Ole Miss NR/NR 75-66 W 2,resolved,,,,,,,
KYRAW-03113,kentucky,historical_record_book,2022-2023,2023,2023-02-04,Florida,Florida,florida,Yes,72,67,W,0,Kentucky Home,SOURCE_PROGRAM_HOME,Rupp Arena,Rupp Arena,Lexington,KY,,,REGULAR_SEASON,,199,Feb. 4 * FLORIDA NR/NR 72-67 W 3,resolved,,,,,,,
KYRAW-03114,kentucky,historical_record_book,2022-2023,2023,2023-02-07,Arkansas,Arkansas,arkansas,Yes,73,86,L,0,Kentucky Home,SOURCE_PROGRAM_HOME,Rupp Arena,Rupp Arena,Lexington,KY,,,REGULAR_SEASON,,199,Feb. 7 * ARKANSAS RV/RV 73-86 L 4,resolved,,,,,,,
KYRAW-03115,kentucky,historical_record_book,2022-2023,2023,2023-02-11,Georgia,Georgia,georgia,Yes,68,75,L,0,Opponent Home,OPPONENT_HOME,,,,,,,REGULAR_SEASON,,199,Feb. 11 * at Georgia RV/NR 68-75 L 5,resolved,,,,,,,
KYRAW-03116,kentucky,historical_record_book,2022-2023,2023,2023-02-15,Mississippi State,Mississippi State,mississippi-state,Yes,71,68,W,0,Opponent Home,OPPONENT_HOME,,,,,,,REGULAR_SEASON,,199,Feb. 15 * at Mississippi State NR/NR 71-68 W 6,resolved,,,,,,,
KYRAW-03117,kentucky,historical_record_book,2022-2023,2023,2023-02-18,Tennessee,Tennessee,tennessee,Yes,66,54,W,0,Kentucky Home,SOURCE_PROGRAM_HOME,Rupp Arena,Rupp Arena,Lexington,KY,,,REGULAR_SEASON,,199,Feb. 18 * TENNESSEE NR/10 66-54 W 7,resolved,,,,,,,
KYRAW-03118,kentucky,historical_record_book,2022-2023,2023,2023-02-22,Florida,Florida,florida,Yes,82,74,W,0,Opponent Home,OPPONENT_HOME,,,,,,,REGULAR_SEASON,,199,Feb. 22 * at Florida RV/NR 82-74 W,resolved,,,,,,,
KYRAW-03119,kentucky,historical_record_book,2022-2023,2023,2023-02-25,Auburn,Auburn,auburn,Yes,86,54,W,0,Kentucky Home,SOURCE_PROGRAM_HOME,Rupp Arena,Rupp Arena,Lexington,KY,,,REGULAR_SEASON,,199,Feb. 25 * AUBURN RV/NR 86-54 W,resolved,,,,,,,
KYRAW-03120,kentucky,historical_record_book,2022-2023,2023,2023-03-01,Vanderbilt,Vanderbilt,vanderbilt,Yes,66,68,L,0,Kentucky Home,SOURCE_PROGRAM_HOME,Rupp Arena,Rupp Arena,Lexington,KY,,,REGULAR_SEASON,,199,Mar. 1 * VANDERBILT 23/NR 66-68 L,resolved,,,,,,,
KYRAW-03121,kentucky,historical_record_book,2022-2023,2023,2023-03-04,Arkansas,Arkansas,arkansas,Yes,88,79,W,0,Opponent Home,OPPONENT_HOME,,,,,,,REGULAR_SEASON,,199,Mar. 4 * at Arkansas 23/RV 88-79 W,resolved,,,,,,,
KYRAW-03122,kentucky,historical_record_book,2022-2023,2023,2023-03-10,Vanderbilt,Vanderbilt,vanderbilt,Yes,73,80,L,0,Neutral,NEUTRAL,,,,,SEC Tournament,,CONFERENCE_TOURNAMENT,,199,Mar. 10 7 vs. Vanderbilt 23/RV 73-80 L,resolved,,,,,,,
KYRAW-03123,kentucky,historical_record_book,2022-2023,2023,2023-03-17,Providence,Providence,providence,Yes,61,53,W,0,Neutral,NEUTRAL,,,,,NCAA Tournament,,NCAA_TOURNAMENT,R64,199,Mar. 17 8 vs. Providence RV/NR 61-53 W,resolved,,,,,,,
KYRAW-03124,kentucky,historical_record_book,2022-2023,2023,2023-03-19,Kansas State,Kansas State,kansas-state,Yes,69,75,L,0,Neutral,NEUTRAL,,,,,NCAA Tournament,,NCAA_TOURNAMENT,R32,199,Mar. 19 8 vs. Kansas State RV/15 69-75 L,resolved,,,,,,,
KYRAW-03125,kentucky,historical_record_book,2023-2024,2024,2023-11-06,New Mexico State,New Mexico State,new-mexico-state,Yes,86,46,W,0,Kentucky Home,SOURCE_PROGRAM_HOME,Rupp Arena,Rupp Arena,Lexington,KY,,,REGULAR_SEASON,,199,Nov. 6 NEW MEXICO STATE 16/NR 86-46 W,resolved,,,,,,,
KYRAW-03126,kentucky,historical_record_book,2023-2024,2024,2023-11-10,Texas A&M-Commerce,East Texas A&M,east-texas-a-m,,81,61,W,0,Kentucky Home,SOURCE_PROGRAM_HOME,Rupp Arena,Rupp Arena,Lexington,KY,,,REGULAR_SEASON,,199,Nov. 10 1 TEXAS A&M-COMMERCE 16/NR 81-61 W,resolved,,,,,,,
KYRAW-03127,kentucky,historical_record_book,2023-2024,2024,2023-11-14,Kansas,kansas,kansas,Yes,84,89,L,0,Neutral,NEUTRAL,,,,,,,REGULAR_SEASON,,199,Nov. 14 2 vs. Kansas 17/1 89-84 L,resolved,,,,,,,
KYRAW-03128,kentucky,historical_record_book,2023-2024,2024,2023-11-17,Stonehill,Stonehill,stonehill,Yes,101,67,W,0,Kentucky Home,SOURCE_PROGRAM_HOME,Rupp Arena,Rupp Arena,Lexington,KY,,,REGULAR_SEASON,,199,Nov. 17 1 STONEHILL 17/NR 101-67 W,resolved,,,,,,,
KYRAW-03129,kentucky,historical_record_book,2023-2024,2024,2023-11-20,Saint Joseph’s,Saint Joseph's,saint-joseph-s,Yes,96,88,W,1,Kentucky Home,SOURCE_PROGRAM_HOME,Rupp Arena,Rupp Arena,Lexington,KY,,,REGULAR_SEASON,,199,Nov. 20 1 SAINT JOSEPH’S 16/NR 96-88 W OT,resolved,,,,,,,
KYRAW-03130,kentucky,historical_record_book,2023-2024,2024,2023-11-24,Marshall,Marshall,marshall,Yes,118,82,W,0,Kentucky Home,SOURCE_PROGRAM_HOME,Rupp Arena,Rupp Arena,Lexington,KY,,,REGULAR_SEASON,,199,Nov. 24 MARSHALL 16/NR 118-82 W,resolved,,,,,,,
KYRAW-03131,kentucky,historical_record_book,2023-2024,2024,2023-11-28,Miami (Fla.),Miami,miami,Yes,95,73,W,0,Kentucky Home,SOURCE_PROGRAM_HOME,Rupp Arena,Rupp Arena,Lexington,KY,,,REGULAR_SEASON,,199,Nov. 28 3 MIAMI 12/8 95-73 W,resolved,,,,,,,
KYRAW-03132,kentucky,historical_record_book,2023-2024,2024,2023-12-02,UNC Wilmington,UNC Wilmington,unc-wilmington,Yes,73,80,L,0,Kentucky Home,SOURCE_PROGRAM_HOME,Rupp Arena,Rupp Arena,Lexington,KY,,,REGULAR_SEASON,,199,Dec. 2 UNC WILMINGTON 12/NR 80-73 L,resolved,,,,,,,
KYRAW-03133,kentucky,historical_record_book,2023-2024,2024,2023-12-09,Pennsylvania,Penn,pennsylvania,Yes,81,66,W,0,Neutral,NEUTRAL,,,,,,,REGULAR_SEASON,,199,Dec. 9 4 vs. Penn 16/NR 81-66 W,resolved,,,,,,,
KYRAW-03134,kentucky,historical_record_book,2023-2024,2024,2023-12-16,North Carolina,North Carolina,north-carolina,Yes,87,83,W,0,Neutral,NEUTRAL,,,,,,,REGULAR_SEASON,,199,Dec. 16 5 vs. North Carolina 14/9 87-83 W,resolved,,,,,,,
KYRAW-03135,kentucky,historical_record_book,2023-2024,2024,2023-12-21,Louisville,Louisville,louisville,Yes,95,76,W,0,Opponent Home,OPPONENT_HOME,,,,,,,REGULAR_SEASON,,199,Dec. 21 at Louisville 9/NR 95-76 W,resolved,,,,,,,
KYRAW-03136,kentucky,historical_record_book,2023-2024,2024,2023-12-29,Illinois State,Illinois State,illinois-state,Yes,96,70,W,0,Kentucky Home,SOURCE_PROGRAM_HOME,Rupp Arena,Rupp Arena,Lexington,KY,,,REGULAR_SEASON,,199,Dec. 29 ILLINOIS STATE 8/NR 96-70 W,resolved,,,,,,,
KYRAW-03137,kentucky,historical_record_book,2023-2024,2024,2024-01-06,Florida,Florida,florida,Yes,87,85,W,0,Opponent Home,OPPONENT_HOME,,,,,,,REGULAR_SEASON,,199,Jan. 6 * at Florida 6/NR 87-85 W,resolved,,,,,,,
KYRAW-03138,kentucky,historical_record_book,2023-2024,2024,2024-01-09,Missouri,Mizzou,missouri,Yes,90,77,W,0,Kentucky Home,SOURCE_PROGRAM_HOME,Rupp Arena,Rupp Arena,Lexington,KY,,,REGULAR_SEASON,,199,Jan. 9 * MISSOURI 6/NR 90-77 W,resolved,,,,,,,
KYRAW-03139,kentucky,historical_record_book,2023-2024,2024,2024-01-13,Texas A&M,Texas A&M,texas-a-m,Yes,92,97,L,1,Opponent Home,OPPONENT_HOME,,,,,,,REGULAR_SEASON,,199,Jan. 13 * at Texas A&M 6/NR 97-92 L OT,resolved,,,,,,,
KYRAW-03140,kentucky,historical_record_book,2023-2024,2024,2024-01-17,Mississippi State,Mississippi State,mississippi-state,Yes,90,77,W,0,Kentucky Home,SOURCE_PROGRAM_HOME,Rupp Arena,Rupp Arena,Lexington,KY,,,REGULAR_SEASON,,199,Jan. 17 * MISSISSIPPI STATE 8/RV 90-77 W,resolved,,,,,,,
KYRAW-03141,kentucky,historical_record_book,2023-2024,2024,2024-01-20,Georgia,Georgia,georgia,Yes,105,96,W,0,Kentucky Home,SOURCE_PROGRAM_HOME,Rupp Arena,Rupp Arena,Lexington,KY,,,REGULAR_SEASON,,199,Jan. 20 * GEORGIA 8/NR 105-96 W,resolved,,,,,,,
KYRAW-03142,kentucky,historical_record_book,2023-2024,2024,2024-01-23,South Carolina,South Carolina,south-carolina,Yes,62,79,L,0,Opponent Home,OPPONENT_HOME,,,,,,,REGULAR_SEASON,,199,Jan. 23 * at South Carolina 6/NR 79-62 L,resolved,,,,,,,
KYRAW-03143,kentucky,historical_record_book,2023-2024,2024,2024-01-27,Arkansas,Arkansas,arkansas,Yes,63,57,W,0,Opponent Home,OPPONENT_HOME,,,,,,,REGULAR_SEASON,,199,Jan. 27 * at Arkansas 6/NR 63-57 W,resolved,,,,,,,
KYRAW-03144,kentucky,historical_record_book,2023-2024,2024,2024-01-31,Florida,Florida,florida,Yes,91,94,L,1,Kentucky Home,SOURCE_PROGRAM_HOME,Rupp Arena,Rupp Arena,Lexington,KY,,,REGULAR_SEASON,,199,Jan. 31 * FLORIDA 10/NR 94-91 L OT,resolved,,,,,,,
KYRAW-03145,kentucky,historical_record_book,2023-2024,2024,2024-02-03,Tennessee,Tennessee,tennessee,Yes,92,103,L,0,Kentucky Home,SOURCE_PROGRAM_HOME,Rupp Arena,Rupp Arena,Lexington,KY,,,REGULAR_SEASON,,199,Feb. 3 * TENNESSEE 10/5 103-92 L,resolved,,,,,,,
KYRAW-03146,kentucky,historical_record_book,2023-2024,2024,2024-02-06,Vanderbilt,Vanderbilt,vanderbilt,Yes,109,77,W,0,Opponent Home,OPPONENT_HOME,,,,,,,REGULAR_SEASON,,199,Feb. 6 * at Vanderbilt 17/NR 109-77 W,resolved,,,,,,,
KYRAW-03147,kentucky,historical_record_book,2023-2024,2024,2024-02-10,Gonzaga,Gonzaga,gonzaga,Yes,85,89,L,0,Kentucky Home,SOURCE_PROGRAM_HOME,Rupp Arena,Rupp Arena,Lexington,KY,,,REGULAR_SEASON,,199,Feb. 10 GONZAGA 17/RV 89-85 L,resolved,,,,,,,
KYRAW-03148,kentucky,historical_record_book,2023-2024,2024,2024-02-13,Ole Miss,Ole Miss,ole-miss,Yes,75,63,W,0,Kentucky Home,SOURCE_PROGRAM_HOME,Rupp Arena,Rupp Arena,Lexington,KY,,,REGULAR_SEASON,,199,Feb. 13 * OLE MISS 22/RV 75-63 W,resolved,,,,,,,
KYRAW-03149,kentucky,historical_record_book,2023-2024,2024,2024-02-17,Auburn,Auburn,auburn,Yes,70,59,W,0,Opponent Home,OPPONENT_HOME,,,,,,,REGULAR_SEASON,,199,Feb. 17 * at Auburn 22/13 70-59 W,resolved,,,,,,,
KYRAW-03150,kentucky,historical_record_book,2023-2024,2024,2024-02-21,LSU,LSU,lsu,Yes,74,75,L,0,Opponent Home,OPPONENT_HOME,,,,,,,REGULAR_SEASON,,199,Feb. 21 * at LSU 17/NR 75-74 L,resolved,,,,,,,
KYRAW-03151,kentucky,historical_record_book,2023-2024,2024,2024-02-24,Alabama,Alabama,alabama,Yes,117,95,W,0,Kentucky Home,SOURCE_PROGRAM_HOME,Rupp Arena,Rupp Arena,Lexington,KY,,,REGULAR_SEASON,,199,Feb. 24 * ALABAMA 17/13 117-95 W,resolved,,,,,,,
KYRAW-03152,kentucky,historical_record_book,2023-2024,2024,2024-02-27,Mississippi State,Mississippi State,mississippi-state,Yes,91,89,W,0,Opponent Home,OPPONENT_HOME,,,,,,,REGULAR_SEASON,,199,Feb. 27 * at Mississippi State 16/RV 91-89 W,resolved,,,,,,,
KYRAW-03153,kentucky,historical_record_book,2023-2024,2024,2024-03-02,Arkansas,Arkansas,arkansas,Yes,111,102,W,0,Kentucky Home,SOURCE_PROGRAM_HOME,Rupp Arena,Rupp Arena,Lexington,KY,,,REGULAR_SEASON,,199,Mar. 2 * ARKANSAS 16/NR 111-102 W,resolved,,,,,,,
KYRAW-03154,kentucky,historical_record_book,2023-2024,2024,2024-03-06,Vanderbilt,Vanderbilt,vanderbilt,Yes,93,77,W,0,Kentucky Home,SOURCE_PROGRAM_HOME,Rupp Arena,Rupp Arena,Lexington,KY,,,REGULAR_SEASON,,199,Mar. 6 * VANDERBILT 15/NR 93-77 W,resolved,,,,,,,
KYRAW-03155,kentucky,historical_record_book,2023-2024,2024,2024-03-09,Tennessee,Tennessee,tennessee,Yes,85,81,W,0,Opponent Home,OPPONENT_HOME,,,,,,,REGULAR_SEASON,,199,Mar. 9 * at Tennessee 15/4 85-81 W,resolved,,,,,,,
KYRAW-03156,kentucky,historical_record_book,2023-2024,2024,2024-03-15,Texas A&M,Texas A&M,texas-a-m,Yes,87,97,L,0,Neutral,NEUTRAL,,,,,SEC Tournament,,CONFERENCE_TOURNAMENT,,199,Mar. 15 6 vs. Texas A&M 9/NR 97-87 L,resolved,,,,,,,
KYRAW-03157,kentucky,historical_record_book,2023-2024,2024,2024-03-21,Oakland,Oakland,oakland,Yes,76,80,L,0,Neutral,NEUTRAL,,,,,NCAA Tournament,,NCAA_TOURNAMENT,R64,199,Mar. 21 7 vs. Oakland 12/NR 80-76 L,resolved,,,,,,,
KYRAW-03158,kentucky,historical_record_book,2024-2025,2025,2024-11-04,Wright State,Wright State,wright-state,Yes,103,62,W,0,Kentucky Home,SOURCE_PROGRAM_HOME,Rupp Arena,Rupp Arena,Lexington,KY,,,REGULAR_SEASON,,200,Nov. 4 WRIGHT STATE 23/NR 103-62 W,resolved,,,,,,,
KYRAW-03159,kentucky,historical_record_book,2024-2025,2025,2024-11-09,Bucknell,Bucknell,bucknell,Yes,100,72,W,0,Kentucky Home,SOURCE_PROGRAM_HOME,Rupp Arena,Rupp Arena,Lexington,KY,,,REGULAR_SEASON,,200,Nov. 9 BUCKNELL 23/NR 100-72 W,resolved,,,,,,,
KYRAW-03160,kentucky,historical_record_book,2024-2025,2025,2024-11-12,Duke,Duke,duke,Yes,77,72,W,0,Neutral,NEUTRAL,,,,,,,REGULAR_SEASON,,200,Nov. 12 1 vs. Duke 19/6 77-72 W,resolved,,,,,,,
KYRAW-03161,kentucky,historical_record_book,2024-2025,2025,2024-11-19,Lipscomb,Lipscomb,lipscomb,Yes,97,68,W,0,Kentucky Home,SOURCE_PROGRAM_HOME,Rupp Arena,Rupp Arena,Lexington,KY,,,REGULAR_SEASON,,200,Nov. 19 2 LIPSCOMB 9/NR 97-68 W,resolved,,,,,,,
KYRAW-03162,kentucky,historical_record_book,2024-2025,2025,2024-11-22,Jackson State,Jackson State,jackson-state,Yes,108,59,W,0,Kentucky Home,SOURCE_PROGRAM_HOME,Rupp Arena,Rupp Arena,Lexington,KY,,,REGULAR_SEASON,,200,Nov. 22 3 JACKSON STATE 9/NR 108-59 W,resolved,,,,,,,
KYRAW-03163,kentucky,historical_record_book,2024-2025,2025,2024-11-26,Western Kentucky,Western Kentucky,western-kentucky,Yes,87,68,W,0,Kentucky Home,SOURCE_PROGRAM_HOME,Rupp Arena,Rupp Arena,Lexington,KY,,,REGULAR_SEASON,,200,Nov. 26 2 WKU 8/NR 87-68 W,resolved,,,,,,,
KYRAW-03164,kentucky,historical_record_book,2024-2025,2025,2024-11-29,Georgia State,Georgia State,georgia-state,Yes,105,76,W,0,Kentucky Home,SOURCE_PROGRAM_HOME,Rupp Arena,Rupp Arena,Lexington,KY,,,REGULAR_SEASON,,200,Nov. 29 GEORGIA STATE 8/NR 105-76 W,resolved,,,,,,,
KYRAW-03165,kentucky,historical_record_book,2024-2025,2025,2024-12-03,Clemson,Clemson,clemson,Yes,66,70,L,0,Opponent Home,OPPONENT_HOME,,,,,,,REGULAR_SEASON,,200,Dec. 3 4 at Clemson 4/RV 70-66 L,resolved,,,,,,,
KYRAW-03166,kentucky,historical_record_book,2024-2025,2025,2024-12-07,Gonzaga,Gonzaga,gonzaga,Yes,90,89,W,1,Neutral,NEUTRAL,,,,,,,REGULAR_SEASON,,200,Dec. 7 5 vs. Gonzaga 4/7 90-89 W OT,resolved,,,,,,,
KYRAW-03167,kentucky,historical_record_book,2024-2025,2025,2024-12-11,Colgate,Colgate,colgate,Yes,78,67,W,0,Kentucky Home,SOURCE_PROGRAM_HOME,Rupp Arena,Rupp Arena,Lexington,KY,,,REGULAR_SEASON,,200,Dec. 11 COLGATE 5/NR 78-67 W,resolved,,,,,,,
KYRAW-03168,kentucky,historical_record_book,2024-2025,2025,2024-12-14,Louisville,Louisville,louisville,Yes,93,85,W,0,Kentucky Home,SOURCE_PROGRAM_HOME,Rupp Arena,Rupp Arena,Lexington,KY,,,REGULAR_SEASON,,200,Dec. 14 LOUISVILLE 5/NR 93-85 W,resolved,,,,,,,
KYRAW-03169,kentucky,historical_record_book,2024-2025,2025,2024-12-21,Ohio State,Ohio State,ohio-state,Yes,65,85,L,0,Neutral,NEUTRAL,,,,,,,REGULAR_SEASON,,200,Dec. 21 6 vs. Ohio State 4/NR 85-65 L,resolved,,,,,,,
KYRAW-03170,kentucky,historical_record_book,2024-2025,2025,2024-12-31,Brown,Brown,brown,Yes,88,54,W,0,Kentucky Home,SOURCE_PROGRAM_HOME,Rupp Arena,Rupp Arena,Lexington,KY,,,REGULAR_SEASON,,200,Dec. 31 BROWN 10/NR 88-54 W,resolved,,,,,,,
KYRAW-03171,kentucky,historical_record_book,2024-2025,2025,2025-01-04,Florida,Florida,florida,Yes,106,100,W,0,Kentucky Home,SOURCE_PROGRAM_HOME,Rupp Arena,Rupp Arena,Lexington,KY,,,REGULAR_SEASON,,200,Jan. 4 * FLORIDA 10/6 106-100 W,resolved,,,,,,,
KYRAW-03172,kentucky,historical_record_book,2024-2025,2025,2025-01-07,Georgia,Georgia,georgia,Yes,69,82,L,0,Opponent Home,OPPONENT_HOME,,,,,,,REGULAR_SEASON,,200,Jan. 7 * at Georgia 6/RV 82-69 L,resolved,,,,,,,
KYRAW-03173,kentucky,historical_record_book,2024-2025,2025,2025-01-11,Mississippi State,Mississippi State,mississippi-state,Yes,95,90,W,0,Opponent Home,OPPONENT_HOME,,,,,,,REGULAR_SEASON,,200,Jan. 11 * at Mississippi State 6/14 95-90 W,resolved,,,,,,,
KYRAW-03174,kentucky,historical_record_book,2024-2025,2025,2025-01-14,Texas A&M,Texas A&M,texas-a-m,Yes,81,69,W,0,Kentucky Home,SOURCE_PROGRAM_HOME,Rupp Arena,Rupp Arena,Lexington,KY,,,REGULAR_SEASON,,200,Jan. 14 * TEXAS A&M 8/11 81-69 W,resolved,,,,,,,
KYRAW-03175,kentucky,historical_record_book,2024-2025,2025,2025-01-18,Alabama,Alabama,alabama,Yes,97,102,L,0,Kentucky Home,SOURCE_PROGRAM_HOME,Rupp Arena,Rupp Arena,Lexington,KY,,,REGULAR_SEASON,,200,Jan. 18 * ALABAMA 8/4 102-97 L,resolved,,,,,,,
KYRAW-03176,kentucky,historical_record_book,2024-2025,2025,2025-01-25,Vanderbilt,Vanderbilt,vanderbilt,Yes,69,74,L,0,Opponent Home,OPPONENT_HOME,,,,,,,REGULAR_SEASON,,200,Jan. 25 * at Vanderbilt 9/RV 74-69 L,resolved,,,,,,,
KYRAW-03177,kentucky,historical_record_book,2024-2025,2025,2025-01-28,Tennessee,Tennessee,tennessee,Yes,78,73,W,0,Opponent Home,OPPONENT_HOME,,,,,,,REGULAR_SEASON,,200,Jan. 28 * at Tennessee 12/8 78-73 W,resolved,,,,,,,
KYRAW-03178,kentucky,historical_record_book,2024-2025,2025,2025-02-01,Arkansas,Arkansas,arkansas,Yes,79,89,L,0,Kentucky Home,SOURCE_PROGRAM_HOME,Rupp Arena,Rupp Arena,Lexington,KY,,,REGULAR_SEASON,,200,Feb. 1 * ARKANSAS 12/NR 89-79 L,resolved,,,,,,,
KYRAW-03179,kentucky,historical_record_book,2024-2025,2025,2025-02-04,Ole Miss,Ole Miss,ole-miss,Yes,84,98,L,0,Opponent Home,OPPONENT_HOME,,,,,,,REGULAR_SEASON,,200,Feb. 4 * at Ole Miss 14/25 98-84 L,resolved,,,,,,,
KYRAW-03180,kentucky,historical_record_book,2024-2025,2025,2025-02-08,South Carolina,South Carolina,south-carolina,Yes,80,57,W,0,Kentucky Home,SOURCE_PROGRAM_HOME,Rupp Arena,Rupp Arena,Lexington,KY,,,REGULAR_SEASON,,200,Feb. 8 * SOUTH CAROLINA 14/NR 80-57 W,resolved,,,,,,,
KYRAW-03181,kentucky,historical_record_book,2024-2025,2025,2025-02-11,Tennessee,Tennessee,tennessee,Yes,75,64,W,0,Kentucky Home,SOURCE_PROGRAM_HOME,Rupp Arena,Rupp Arena,Lexington,KY,,,REGULAR_SEASON,,200,Feb. 11 * TENNESSEE 15/5 75-64 W,resolved,,,,,,,
KYRAW-03182,kentucky,historical_record_book,2024-2025,2025,2025-02-15,Texas,Texas,texas,Yes,78,82,L,0,Opponent Home,OPPONENT_HOME,,,,,,,REGULAR_SEASON,,200,Feb. 15 * at Texas 15/NR 82-78 L,resolved,,,,,,,
KYRAW-03183,kentucky,historical_record_book,2024-2025,2025,2025-02-19,Vanderbilt,Vanderbilt,vanderbilt,Yes,82,61,W,0,Kentucky Home,SOURCE_PROGRAM_HOME,Rupp Arena,Rupp Arena,Lexington,KY,,,REGULAR_SEASON,,200,Feb. 19 * VANDERBILT 17/NR 82-61 W,resolved,,,,,,,
KYRAW-03184,kentucky,historical_record_book,2024-2025,2025,2025-02-22,Alabama,Alabama,alabama,Yes,83,96,L,0,Opponent Home,OPPONENT_HOME,,,,,,,REGULAR_SEASON,,200,Feb. 22 * at Alabama 17/4 96-83 L,resolved,,,,,,,
KYRAW-03185,kentucky,historical_record_book,2024-2025,2025,2025-02-26,Oklahoma,Oklahoma,oklahoma,Yes,83,82,W,0,Opponent Home,OPPONENT_HOME,,,,,,,REGULAR_SEASON,,200,Feb. 26 * at Oklahoma 17/NR 83-82 W,resolved,,,,,,,
KYRAW-03186,kentucky,historical_record_book,2024-2025,2025,2025-03-01,Auburn,Auburn,auburn,Yes,78,94,L,0,Kentucky Home,SOURCE_PROGRAM_HOME,Rupp Arena,Rupp Arena,Lexington,KY,,,REGULAR_SEASON,,200,Mar. 1 * AUBURN 17/1 94-78 L,resolved,,,,,,,
KYRAW-03187,kentucky,historical_record_book,2024-2025,2025,2025-03-04,LSU,LSU,lsu,Yes,95,64,W,0,Kentucky Home,SOURCE_PROGRAM_HOME,Rupp Arena,Rupp Arena,Lexington,KY,,,REGULAR_SEASON,,200,Mar. 4 * LSU 19/NR 95-64 W,resolved,,,,,,,
KYRAW-03188,kentucky,historical_record_book,2024-2025,2025,2025-03-08,Missouri,Mizzou,missouri,Yes,91,83,W,0,Opponent Home,OPPONENT_HOME,,,,,,,REGULAR_SEASON,,200,Mar. 8 * at Missouri 19/15 91-83 W,resolved,,,,,,,
KYRAW-03189,kentucky,historical_record_book,2024-2025,2025,2025-03-13,Oklahoma,Oklahoma,oklahoma,Yes,85,84,W,0,Neutral,NEUTRAL,,,,,SEC Tournament,,CONFERENCE_TOURNAMENT,,200,Mar. 13 7 vs. Oklahoma 15/NR 85-84 W,resolved,,,,,,,
KYRAW-03190,kentucky,historical_record_book,2024-2025,2025,2025-03-14,Alabama,Alabama,alabama,Yes,70,99,L,0,Neutral,NEUTRAL,,,,,SEC Tournament,,CONFERENCE_TOURNAMENT,,200,Mar. 14 7 vs. Alabama 15/5 99-70 L,resolved,,,,,,,
KYRAW-03191,kentucky,historical_record_book,2024-2025,2025,2025-03-21,Troy,Troy,troy,Yes,76,57,W,0,Neutral,NEUTRAL,,,,,NCAA Tournament,,NCAA_TOURNAMENT,R64,200,Mar. 21 8 vs. Troy 18/NR 76-57 W,resolved,,,,,,,
KYRAW-03192,kentucky,historical_record_book,2024-2025,2025,2025-03-23,Illinois,Illinois,illinois,Yes,84,75,W,0,Neutral,NEUTRAL,,,,,NCAA Tournament,,NCAA_TOURNAMENT,R32,200,Mar. 23 8 vs. Illinois 18/RV 84-75 W,resolved,,,,,,,
KYRAW-03193,kentucky,historical_record_book,2024-2025,2025,2025-03-28,Tennessee,Tennessee,tennessee,Yes,65,78,L,0,Neutral,NEUTRAL,,,,,NCAA Tournament,,NCAA_TOURNAMENT,Sweet Sixteen,200,Mar. 28 9 vs. Tennessee 18/6 78-65 L,resolved,,,,,,,
KYSUP-1988-NCAA-01,kentucky,historical_1988_ncaa_supplement,1987-1988,1988,1988-03-18,Southern,Southern,southern,Yes,99,84,W,0,Neutral,NEUTRAL,,,Cincinnati,OH,NCAA Tournament,First Round,NCAA_TOURNAMENT,R64,60,,resolved,VACATED_GAME,The NCAA later ordered Kentucky to erase this 1988 NCAA Tournament game from its official record; on-court score/result retained.,,,,,Restored from Kentucky official NCAA Tournament history because the main year-by-year results omit the three vacated 1988 NCAA games. Exact date corroborated by archived UK Athletics all-time results.
KYSUP-1988-NCAA-02,kentucky,historical_1988_ncaa_supplement,1987-1988,1988,1988-03-20,Maryland,Maryland,maryland,Yes,90,81,W,0,Neutral,NEUTRAL,,,Cincinnati,OH,NCAA Tournament,Second Round,NCAA_TOURNAMENT,R32,60,,resolved,VACATED_GAME,The NCAA later ordered Kentucky to erase this 1988 NCAA Tournament game from its official record; on-court score/result retained.,,,,,Restored from Kentucky official NCAA Tournament history because the main year-by-year results omit the three vacated 1988 NCAA games. Exact date corroborated by archived UK Athletics all-time results.
KYSUP-1988-NCAA-03,kentucky,historical_1988_ncaa_supplement,1987-1988,1988,1988-03-24,Villanova,Villanova,villanova,Yes,74,80,L,0,Neutral,NEUTRAL,,,Birmingham,AL,NCAA Tournament,Regional Semifinals,NCAA_TOURNAMENT,Sweet Sixteen,60,,resolved,VACATED_GAME,The NCAA later ordered Kentucky to erase this 1988 NCAA Tournament game from its official record; on-court score/result retained.,,,,,Restored from Kentucky official NCAA Tournament history because the main year-by-year results omit the three vacated 1988 NCAA games. Exact date corroborated by archived UK Athletics all-time results.
KYMOD-001,kentucky,modern_2025_26,2025-2026,2026,2025-11-04,Nicholls,Nicholls,nicholls,Yes,77,51,W,0,Kentucky Home,SOURCE_PROGRAM_HOME,Rupp Arena,Rupp Arena,Lexington,KY,,BBN United Tipoff Classic,REGULAR_SEASON,,,,resolved,,,,,,,
KYMOD-002,kentucky,modern_2025_26,2025-2026,2026,2025-11-07,Valparaiso,Valparaiso,valparaiso,Yes,107,59,W,0,Kentucky Home,SOURCE_PROGRAM_HOME,Rupp Arena,Rupp Arena,Lexington,KY,,BBN United Tipoff Classic,REGULAR_SEASON,,,,resolved,,,,,,,
KYMOD-003,kentucky,modern_2025_26,2025-2026,2026,2025-11-11,Louisville,Louisville,louisville,Yes,88,96,L,0,Opponent Home,OPPONENT_HOME,KFC Yum! Center,KFC Yum! Center,Louisville,KY,,Battle For The Bluegrass,REGULAR_SEASON,,,,resolved,,,,,,,
KYMOD-004,kentucky,modern_2025_26,2025-2026,2026,2025-11-14,Eastern Illinois,Eastern Illinois,eastern-illinois,Yes,99,53,W,0,Kentucky Home,SOURCE_PROGRAM_HOME,Rupp Arena,Rupp Arena,Lexington,KY,,BBN United Tipoff Classic,REGULAR_SEASON,,,,resolved,,,,,,,
KYMOD-005,kentucky,modern_2025_26,2025-2026,2026,2025-11-18,Michigan State,Michigan State,michigan-state,Yes,66,83,L,0,Neutral,NEUTRAL,Madison Square Garden,Madison Square Garden,New York,NY,,Champions Classic,REGULAR_SEASON,,,,resolved,,,,,,,
KYMOD-006,kentucky,modern_2025_26,2025-2026,2026,2025-11-21,Loyola Maryland,Loyola Maryland,loyola-maryland,Yes,88,46,W,0,Kentucky Home,SOURCE_PROGRAM_HOME,Rupp Arena,Rupp Arena,Lexington,KY,,,REGULAR_SEASON,,,,resolved,,,,,,,
KYMOD-007,kentucky,modern_2025_26,2025-2026,2026,2025-11-26,Tennessee Tech,Tennessee Tech,tennessee-tech,Yes,104,54,W,0,Kentucky Home,SOURCE_PROGRAM_HOME,Rupp Arena,Rupp Arena,Lexington,KY,,,REGULAR_SEASON,,,,resolved,,,,,,,
KYMOD-008,kentucky,modern_2025_26,2025-2026,2026,2025-12-02,North Carolina,North Carolina,north-carolina,Yes,64,67,L,0,Kentucky Home,SOURCE_PROGRAM_HOME,Rupp Arena,Rupp Arena,Lexington,KY,,ACC-SEC Challenge,REGULAR_SEASON,,,,resolved,,,,,,,
KYMOD-009,kentucky,modern_2025_26,2025-2026,2026,2025-12-05,Gonzaga,Gonzaga,gonzaga,Yes,59,94,L,0,Neutral,NEUTRAL,Bridgestone Arena,Bridgestone Arena,Nashville,TN,,,REGULAR_SEASON,,,,resolved,,,,,,,
KYMOD-010,kentucky,modern_2025_26,2025-2026,2026,2025-12-09,North Carolina Central,North Carolina Central,north-carolina-central,Yes,103,67,W,0,Kentucky Home,SOURCE_PROGRAM_HOME,Rupp Arena,Rupp Arena,Lexington,KY,,,REGULAR_SEASON,,,,resolved,,,,,,,
KYMOD-011,kentucky,modern_2025_26,2025-2026,2026,2025-12-13,Indiana,Indiana,indiana,Yes,72,60,W,0,Kentucky Home,SOURCE_PROGRAM_HOME,Rupp Arena,Rupp Arena,Lexington,KY,,Rivalry,REGULAR_SEASON,,,,resolved,,,,,,,
KYMOD-012,kentucky,modern_2025_26,2025-2026,2026,2025-12-20,St. John's,St. John's,st-john-s,Yes,78,66,W,0,Neutral,NEUTRAL,State Farm Arena,State Farm Arena,Atlanta,GA,,CBS Sports Classic,REGULAR_SEASON,,,,resolved,,,,,,,
KYMOD-013,kentucky,modern_2025_26,2025-2026,2026,2025-12-23,Bellarmine,Bellarmine,bellarmine,Yes,99,85,W,0,Kentucky Home,SOURCE_PROGRAM_HOME,Rupp Arena,Rupp Arena,Lexington,KY,,,REGULAR_SEASON,,,,resolved,,,,,,,
KYMOD-014,kentucky,modern_2025_26,2025-2026,2026,2026-01-03,Alabama,Alabama,alabama,Yes,74,89,L,0,Opponent Home,OPPONENT_HOME,Coleman Coliseum,Coleman Coliseum,Tuscaloosa,AL,,SEC regular season,REGULAR_SEASON,,,,resolved,,,,,,,
KYMOD-015,kentucky,modern_2025_26,2025-2026,2026,2026-01-07,Mizzou,Mizzou,missouri,Yes,68,73,L,0,Kentucky Home,SOURCE_PROGRAM_HOME,Rupp Arena,Rupp Arena,Lexington,KY,,SEC regular season,REGULAR_SEASON,,,,resolved,,,,,,,
KYMOD-016,kentucky,modern_2025_26,2025-2026,2026,2026-01-10,Mississippi State,Mississippi State,mississippi-state,Yes,92,68,W,0,Kentucky Home,SOURCE_PROGRAM_HOME,Rupp Arena,Rupp Arena,Lexington,KY,,SEC regular season,REGULAR_SEASON,,,,resolved,,,,,,,
KYMOD-017,kentucky,modern_2025_26,2025-2026,2026,2026-01-13,LSU,LSU,lsu,Yes,75,74,W,0,Opponent Home,OPPONENT_HOME,Pete Maravich Assembly Center,Pete Maravich Assembly Center,Baton Rouge,LA,,SEC regular season,REGULAR_SEASON,,,,resolved,,,,,,,
KYMOD-018,kentucky,modern_2025_26,2025-2026,2026,2026-01-17,Tennessee,Tennessee,tennessee,Yes,80,78,W,0,Opponent Home,OPPONENT_HOME,Thompson-Boling Arena,Thompson-Boling Arena,Knoxville,TN,,SEC regular season / rivalry,REGULAR_SEASON,,,,resolved,,,,,,,
KYMOD-019,kentucky,modern_2025_26,2025-2026,2026,2026-01-21,Texas,Texas,texas,Yes,85,80,W,0,Kentucky Home,SOURCE_PROGRAM_HOME,Rupp Arena,Rupp Arena,Lexington,KY,,SEC regular season,REGULAR_SEASON,,,,resolved,,,,,,,
KYMOD-020,kentucky,modern_2025_26,2025-2026,2026,2026-01-24,Ole Miss,Ole Miss,ole-miss,Yes,72,63,W,0,Kentucky Home,SOURCE_PROGRAM_HOME,Rupp Arena,Rupp Arena,Lexington,KY,,SEC regular season,REGULAR_SEASON,,,,resolved,,,,,,,
KYMOD-021,kentucky,modern_2025_26,2025-2026,2026,2026-01-27,Vanderbilt,Vanderbilt,vanderbilt,Yes,55,80,L,0,Opponent Home,OPPONENT_HOME,Memorial Gymnasium,Memorial Gymnasium,Nashville,TN,,SEC regular season,REGULAR_SEASON,,,,resolved,,,,,,,
KYMOD-022,kentucky,modern_2025_26,2025-2026,2026,2026-01-31,Arkansas,Arkansas,arkansas,Yes,85,77,W,0,Opponent Home,OPPONENT_HOME,Bud Walton Arena,Bud Walton Arena,Fayetteville,AR,,SEC regular season,REGULAR_SEASON,,,,resolved,,,,,,,
KYMOD-023,kentucky,modern_2025_26,2025-2026,2026,2026-02-04,Oklahoma,Oklahoma,oklahoma,Yes,94,78,W,0,Kentucky Home,SOURCE_PROGRAM_HOME,Rupp Arena,Rupp Arena,Lexington,KY,,SEC regular season,REGULAR_SEASON,,,,resolved,,,,,,,
KYMOD-024,kentucky,modern_2025_26,2025-2026,2026,2026-02-07,Tennessee,Tennessee,tennessee,Yes,74,71,W,0,Kentucky Home,SOURCE_PROGRAM_HOME,Rupp Arena,Rupp Arena,Lexington,KY,,SEC regular season / rivalry,REGULAR_SEASON,,,,resolved,,,,,,,
KYMOD-025,kentucky,modern_2025_26,2025-2026,2026,2026-02-14,Florida,Florida,florida,Yes,83,92,L,0,Opponent Home,OPPONENT_HOME,O'Connell Center,O'Connell Center,Gainesville,FL,,SEC regular season / rivalry,REGULAR_SEASON,,,,resolved,,,,,,,
KYMOD-026,kentucky,modern_2025_26,2025-2026,2026,2026-02-17,Georgia,Georgia,georgia,Yes,78,86,L,0,Kentucky Home,SOURCE_PROGRAM_HOME,Rupp Arena,Rupp Arena,Lexington,KY,,SEC regular season,REGULAR_SEASON,,,,resolved,,,,,,,
KYMOD-027,kentucky,modern_2025_26,2025-2026,2026,2026-02-21,Auburn,Auburn,auburn,Yes,74,75,L,0,Opponent Home,OPPONENT_HOME,Neville Arena,Neville Arena,Auburn,AL,,SEC regular season,REGULAR_SEASON,,,,resolved,,,,,,,
KYMOD-028,kentucky,modern_2025_26,2025-2026,2026,2026-02-24,South Carolina,South Carolina,south-carolina,Yes,72,63,W,0,Opponent Home,OPPONENT_HOME,Colonial Life Arena,Colonial Life Arena,Columbia,SC,,SEC regular season,REGULAR_SEASON,,,,resolved,,,,,,,
KYMOD-029,kentucky,modern_2025_26,2025-2026,2026,2026-02-28,Vanderbilt,Vanderbilt,vanderbilt,Yes,91,77,W,0,Kentucky Home,SOURCE_PROGRAM_HOME,Rupp Arena,Rupp Arena,Lexington,KY,,SEC regular season,REGULAR_SEASON,,,,resolved,,,,,,,
KYMOD-030,kentucky,modern_2025_26,2025-2026,2026,2026-03-03,Texas A&M,Texas A&M,texas-a-m,Yes,85,96,L,0,Opponent Home,OPPONENT_HOME,Reed Arena,Reed Arena,College Station,TX,,SEC regular season,REGULAR_SEASON,,,,resolved,,,,,,,
KYMOD-031,kentucky,modern_2025_26,2025-2026,2026,2026-03-07,Florida,Florida,florida,Yes,77,84,L,0,Kentucky Home,SOURCE_PROGRAM_HOME,Rupp Arena,Rupp Arena,Lexington,KY,,SEC regular season / rivalry,REGULAR_SEASON,,,,resolved,,,,,,,
KYMOD-032,kentucky,modern_2025_26,2025-2026,2026,2026-03-11,LSU,LSU,lsu,Yes,87,82,W,0,Neutral,NEUTRAL,Bridgestone Arena,Bridgestone Arena,Nashville,TN,SEC Tournament,SEC Tournament - First round,CONFERENCE_TOURNAMENT,,,,resolved,,,,,,,
KYMOD-033,kentucky,modern_2025_26,2025-2026,2026,2026-03-12,Mizzou,Mizzou,missouri,Yes,78,72,W,0,Neutral,NEUTRAL,Bridgestone Arena,Bridgestone Arena,Nashville,TN,SEC Tournament,SEC Tournament - Second round,CONFERENCE_TOURNAMENT,,,,resolved,,,,,,,
KYMOD-034,kentucky,modern_2025_26,2025-2026,2026,2026-03-13,Florida,Florida,florida,Yes,63,71,L,0,Neutral,NEUTRAL,Bridgestone Arena,Bridgestone Arena,Nashville,TN,SEC Tournament,SEC Tournament - Quarterfinal,CONFERENCE_TOURNAMENT,,,,resolved,,,,,,,
KYMOD-035,kentucky,modern_2025_26,2025-2026,2026,2026-03-20,Santa Clara,Santa Clara,santa-clara,Yes,89,84,W,1,Neutral,NEUTRAL,Enterprise Center,Enterprise Center,St. Louis,MO,NCAA Tournament,NCAA Tournament - First round,NCAA_TOURNAMENT,R64,,,resolved,,,,,,,
KYMOD-036,kentucky,modern_2025_26,2025-2026,2026,2026-03-22,Iowa State,Iowa State,iowa-state,Yes,63,82,L,0,Neutral,NEUTRAL,Enterprise Center,Enterprise Center,St. Louis,MO,NCAA Tournament,NCAA Tournament - Second round,NCAA_TOURNAMENT,R32,,,resolved,,,,,,,
