source_program_key,source_opponent_label,canonical_opponent_key,canonical_opponent_name,current_d1,games_with_source_label,first_season,last_season,resolution_status,resolution_method,user_choice,audit_note
virginia-tech,#1 Duke,duke,Duke,Yes,3,2005-06,2018-19,RESOLVED,PROTECTED_MAIN_CURRENT_D1_REGISTRY_PASS,,Resolved in prior Stage 2 protected-main registry pass against 74e1c357729388ac3a0a0f8fe161055aedae5302.
virginia-tech,#1 Houston,houston,Houston,Yes,1,1967-68,1967-68,RESOLVED,PROTECTED_MAIN_CURRENT_D1_REGISTRY_PASS,,Resolved in prior Stage 2 protected-main registry pass against 74e1c357729388ac3a0a0f8fe161055aedae5302.
virginia-tech,#1 Indiana,indiana,Indiana,Yes,1,1975-76,1975-76,RESOLVED,PROTECTED_MAIN_CURRENT_D1_REGISTRY_PASS,,Resolved in prior Stage 2 protected-main registry pass against 74e1c357729388ac3a0a0f8fe161055aedae5302.
virginia-tech,#1 Indiana State,indiana-state,Indiana State,Yes,1,1978-79,1978-79,RESOLVED,PROTECTED_MAIN_CURRENT_D1_REGISTRY_PASS,,Resolved in prior Stage 2 protected-main registry pass against 74e1c357729388ac3a0a0f8fe161055aedae5302.
virginia-tech,#1 Massachusetts,massachusetts,Massachusetts,Yes,1,1995-96,1995-96,RESOLVED,PROTECTED_MAIN_CURRENT_D1_REGISTRY_PASS,,Resolved in prior Stage 2 protected-main registry pass against 74e1c357729388ac3a0a0f8fe161055aedae5302.
virginia-tech,#1 Memphis,memphis,Memphis,Yes,1,1982-83,1982-83,RESOLVED,PROTECTED_MAIN_CURRENT_D1_REGISTRY_PASS,,Resolved in prior Stage 2 protected-main registry pass against 74e1c357729388ac3a0a0f8fe161055aedae5302.
virginia-tech,#1 Michigan State,michigan-state,Michigan State,Yes,1,2013-14,2013-14,RESOLVED,PROTECTED_MAIN_CURRENT_D1_REGISTRY_PASS,,Resolved in prior Stage 2 protected-main registry pass against 74e1c357729388ac3a0a0f8fe161055aedae5302.
virginia-tech,#1 North Carolina,north-carolina,North Carolina,Yes,3,2006-07,2008-09,RESOLVED,PROTECTED_MAIN_CURRENT_D1_REGISTRY_PASS,,Resolved in prior Stage 2 protected-main registry pass against 74e1c357729388ac3a0a0f8fe161055aedae5302.
virginia-tech,#1 Wake Forest,wake-forest,Wake Forest,Yes,1,2008-09,2008-09,RESOLVED,PROTECTED_MAIN_CURRENT_D1_REGISTRY_PASS,,Resolved in prior Stage 2 protected-main registry pass against 74e1c357729388ac3a0a0f8fe161055aedae5302.
virginia-tech,#10 Duke,duke,Duke,Yes,1,2019-20,2019-20,RESOLVED,PROTECTED_MAIN_CURRENT_D1_REGISTRY_PASS,,Resolved in prior Stage 2 protected-main registry pass against 74e1c357729388ac3a0a0f8fe161055aedae5302.
virginia-tech,#10 Louisville,louisville,Louisville,Yes,1,1989-90,1989-90,RESOLVED,PROTECTED_MAIN_CURRENT_D1_REGISTRY_PASS,,Resolved in prior Stage 2 protected-main registry pass against 74e1c357729388ac3a0a0f8fe161055aedae5302.
virginia-tech,#10 NC State,nc-state,North Carolina State,Yes,1,1949-50,1949-50,RESOLVED,PROTECTED_MAIN_CURRENT_D1_REGISTRY_PASS,,Resolved in prior Stage 2 protected-main registry pass against 74e1c357729388ac3a0a0f8fe161055aedae5302.
virginia-tech,#10 North Carolina,north-carolina,North Carolina,Yes,1,2017-18,2017-18,RESOLVED,PROTECTED_MAIN_CURRENT_D1_REGISTRY_PASS,,Resolved in prior Stage 2 protected-main registry pass against 74e1c357729388ac3a0a0f8fe161055aedae5302.
virginia-tech,#10 Syracuse,syracuse,Syracuse,Yes,1,1977-78,1977-78,RESOLVED,PROTECTED_MAIN_CURRENT_D1_REGISTRY_PASS,,Resolved in prior Stage 2 protected-main registry pass against 74e1c357729388ac3a0a0f8fe161055aedae5302.
virginia-tech,#10 Virginia,virginia,Virginia,Yes,1,2022-23,2022-23,RESOLVED,PROTECTED_MAIN_CURRENT_D1_REGISTRY_PASS,,Resolved in prior Stage 2 protected-main registry pass against 74e1c357729388ac3a0a0f8fe161055aedae5302.
virginia-tech,#11 Auburn,auburn,Auburn,Yes,1,1960-61,1960-61,RESOLVED,PROTECTED_MAIN_CURRENT_D1_REGISTRY_PASS,,Resolved in prior Stage 2 protected-main registry pass against 74e1c357729388ac3a0a0f8fe161055aedae5302.
virginia-tech,#11 Clemson,clemson,Clemson,Yes,1,2024-25,2024-25,RESOLVED,PROTECTED_MAIN_CURRENT_D1_REGISTRY_PASS,,Resolved in prior Stage 2 protected-main registry pass against 74e1c357729388ac3a0a0f8fe161055aedae5302.
virginia-tech,#11 Miami,miami,Miami (FL),Yes,2,2015-16,2015-16,RESOLVED,PROTECTED_MAIN_CURRENT_D1_REGISTRY_PASS,,Resolved in prior Stage 2 protected-main registry pass against 74e1c357729388ac3a0a0f8fe161055aedae5302.
virginia-tech,#11 Michigan,michigan,Michigan,Yes,1,1991-92,1991-92,RESOLVED,PROTECTED_MAIN_CURRENT_D1_REGISTRY_PASS,,Resolved in prior Stage 2 protected-main registry pass against 74e1c357729388ac3a0a0f8fe161055aedae5302.
virginia-tech,#11 North Carolina,north-carolina,North Carolina,Yes,2,1974-75,2018-19,RESOLVED,PROTECTED_MAIN_CURRENT_D1_REGISTRY_PASS,,Resolved in prior Stage 2 protected-main registry pass against 74e1c357729388ac3a0a0f8fe161055aedae5302.
virginia-tech,#12 Alabama,alabama,Alabama,Yes,1,1976-77,1976-77,RESOLVED,PROTECTED_MAIN_CURRENT_D1_REGISTRY_PASS,,Resolved in prior Stage 2 protected-main registry pass against 74e1c357729388ac3a0a0f8fe161055aedae5302.
virginia-tech,#12 Boston College,boston-college,Boston College,Yes,1,2005-06,2005-06,RESOLVED,PROTECTED_MAIN_CURRENT_D1_REGISTRY_PASS,,Resolved in prior Stage 2 protected-main registry pass against 74e1c357729388ac3a0a0f8fe161055aedae5302.
virginia-tech,#12 Clemson,clemson,Clemson,Yes,2,2008-09,2008-09,RESOLVED,PROTECTED_MAIN_CURRENT_D1_REGISTRY_PASS,,Resolved in prior Stage 2 protected-main registry pass against 74e1c357729388ac3a0a0f8fe161055aedae5302.
virginia-tech,#12 Duke,duke,Duke,Yes,1,2017-18,2017-18,RESOLVED,PROTECTED_MAIN_CURRENT_D1_REGISTRY_PASS,,Resolved in prior Stage 2 protected-main registry pass against 74e1c357729388ac3a0a0f8fe161055aedae5302.
virginia-tech,#12 Florida State,florida-state,Florida State,Yes,2,2016-17,2018-19,RESOLVED,PROTECTED_MAIN_CURRENT_D1_REGISTRY_PASS,,Resolved in prior Stage 2 protected-main registry pass against 74e1c357729388ac3a0a0f8fe161055aedae5302.
virginia-tech,#12 Georgetown,georgetown,Georgetown,Yes,1,2000-01,2000-01,RESOLVED,PROTECTED_MAIN_CURRENT_D1_REGISTRY_PASS,,Resolved in prior Stage 2 protected-main registry pass against 74e1c357729388ac3a0a0f8fe161055aedae5302.
virginia-tech,#12 Georgia Tech,georgia-tech,Georgia Tech,Yes,1,2004-05,2004-05,RESOLVED,PROTECTED_MAIN_CURRENT_D1_REGISTRY_PASS,,Resolved in prior Stage 2 protected-main registry pass against 74e1c357729388ac3a0a0f8fe161055aedae5302.
virginia-tech,#12 Louisville,louisville,Louisville,Yes,2,1981-82,1993-94,RESOLVED,PROTECTED_MAIN_CURRENT_D1_REGISTRY_PASS,,Resolved in prior Stage 2 protected-main registry pass against 74e1c357729388ac3a0a0f8fe161055aedae5302.
virginia-tech,#12 Memphis,memphis,Memphis,Yes,1,1983-84,1983-84,RESOLVED,PROTECTED_MAIN_CURRENT_D1_REGISTRY_PASS,,Resolved in prior Stage 2 protected-main registry pass against 74e1c357729388ac3a0a0f8fe161055aedae5302.
virginia-tech,#12 North Carolina,north-carolina,North Carolina,Yes,1,1976-77,1976-77,RESOLVED,PROTECTED_MAIN_CURRENT_D1_REGISTRY_PASS,,Resolved in prior Stage 2 protected-main registry pass against 74e1c357729388ac3a0a0f8fe161055aedae5302.
virginia-tech,#12 Notre Dame,notre-dame,Notre Dame,Yes,1,2002-03,2002-03,RESOLVED,PROTECTED_MAIN_CURRENT_D1_REGISTRY_PASS,,Resolved in prior Stage 2 protected-main registry pass against 74e1c357729388ac3a0a0f8fe161055aedae5302.
virginia-tech,#12 Syracuse,syracuse,Syracuse,Yes,1,2001-02,2001-02,RESOLVED,PROTECTED_MAIN_CURRENT_D1_REGISTRY_PASS,,Resolved in prior Stage 2 protected-main registry pass against 74e1c357729388ac3a0a0f8fe161055aedae5302.
virginia-tech,#12 Virginia,virginia,Virginia,Yes,1,2016-17,2016-17,RESOLVED,PROTECTED_MAIN_CURRENT_D1_REGISTRY_PASS,,Resolved in prior Stage 2 protected-main registry pass against 74e1c357729388ac3a0a0f8fe161055aedae5302.
virginia-tech,#13 Louisville,louisville,Louisville,Yes,2,1978-79,1988-89,RESOLVED,PROTECTED_MAIN_CURRENT_D1_REGISTRY_PASS,,Resolved in prior Stage 2 protected-main registry pass against 74e1c357729388ac3a0a0f8fe161055aedae5302.
virginia-tech,#13 Maryland,maryland,Maryland,Yes,1,1953-54,1953-54,RESOLVED,PROTECTED_MAIN_CURRENT_D1_REGISTRY_PASS,,Resolved in prior Stage 2 protected-main registry pass against 74e1c357729388ac3a0a0f8fe161055aedae5302.
virginia-tech,#13 Memphis,memphis,Memphis,Yes,2,1981-82,1983-84,RESOLVED,PROTECTED_MAIN_CURRENT_D1_REGISTRY_PASS,,Resolved in prior Stage 2 protected-main registry pass against 74e1c357729388ac3a0a0f8fe161055aedae5302.
virginia-tech,#13 Miami,miami,Miami (FL),Yes,1,2022-23,2022-23,RESOLVED,PROTECTED_MAIN_CURRENT_D1_REGISTRY_PASS,,Resolved in prior Stage 2 protected-main registry pass against 74e1c357729388ac3a0a0f8fe161055aedae5302.
virginia-tech,#13 North Carolina,north-carolina,North Carolina,Yes,1,1972-73,1972-73,RESOLVED,PROTECTED_MAIN_CURRENT_D1_REGISTRY_PASS,,Resolved in prior Stage 2 protected-main registry pass against 74e1c357729388ac3a0a0f8fe161055aedae5302.
virginia-tech,#13 Texas A&M,texas-a-m,Texas A&M,Yes,1,1980-81,1980-81,RESOLVED,PROTECTED_MAIN_CURRENT_D1_REGISTRY_PASS,,Resolved in prior Stage 2 protected-main registry pass against 74e1c357729388ac3a0a0f8fe161055aedae5302.
virginia-tech,#13 Toledo,toledo,Toledo,Yes,1,1959-60,1959-60,RESOLVED,PROTECTED_MAIN_CURRENT_D1_REGISTRY_PASS,,Resolved in prior Stage 2 protected-main registry pass against 74e1c357729388ac3a0a0f8fe161055aedae5302.
virginia-tech,#13 Virginia,virginia,Virginia,Yes,4,1977-78,2025-26,RESOLVED,PROTECTED_MAIN_CURRENT_D1_REGISTRY_PASS,,Resolved in prior Stage 2 protected-main registry pass against 74e1c357729388ac3a0a0f8fe161055aedae5302.
virginia-tech,#14 Duke,duke,Duke,Yes,1,2015-16,2015-16,RESOLVED,PROTECTED_MAIN_CURRENT_D1_REGISTRY_PASS,,Resolved in prior Stage 2 protected-main registry pass against 74e1c357729388ac3a0a0f8fe161055aedae5302.
virginia-tech,#14 Florida State,florida-state,Florida State,Yes,1,2018-19,2018-19,RESOLVED,PROTECTED_MAIN_CURRENT_D1_REGISTRY_PASS,,Resolved in prior Stage 2 protected-main registry pass against 74e1c357729388ac3a0a0f8fe161055aedae5302.
virginia-tech,#14 George Washington,george-washington,George Washington,Yes,1,1955-56,1955-56,RESOLVED,PROTECTED_MAIN_CURRENT_D1_REGISTRY_PASS,,Resolved in prior Stage 2 protected-main registry pass against 74e1c357729388ac3a0a0f8fe161055aedae5302.
virginia-tech,#14 Georgetown,georgetown,Georgetown,Yes,1,1987-88,1987-88,RESOLVED,PROTECTED_MAIN_CURRENT_D1_REGISTRY_PASS,,Resolved in prior Stage 2 protected-main registry pass against 74e1c357729388ac3a0a0f8fe161055aedae5302.
virginia-tech,#14 Gonzaga,gonzaga,Gonzaga,Yes,1,2007-08,2007-08,RESOLVED,PROTECTED_MAIN_CURRENT_D1_REGISTRY_PASS,,Resolved in prior Stage 2 protected-main registry pass against 74e1c357729388ac3a0a0f8fe161055aedae5302.
virginia-tech,#14 Louisville,louisville,Louisville,Yes,1,1993-94,1993-94,RESOLVED,PROTECTED_MAIN_CURRENT_D1_REGISTRY_PASS,,Resolved in prior Stage 2 protected-main registry pass against 74e1c357729388ac3a0a0f8fe161055aedae5302.
virginia-tech,#14 Miami,miami,Miami (FL),Yes,1,2012-13,2012-13,RESOLVED,PROTECTED_MAIN_CURRENT_D1_REGISTRY_PASS,,Resolved in prior Stage 2 protected-main registry pass against 74e1c357729388ac3a0a0f8fe161055aedae5302.
virginia-tech,#14 Southern Illinois,southern-illinois,Southern Illinois,Yes,1,2006-07,2006-07,RESOLVED,PROTECTED_MAIN_CURRENT_D1_REGISTRY_PASS,,Resolved in prior Stage 2 protected-main registry pass against 74e1c357729388ac3a0a0f8fe161055aedae5302.
virginia-tech,#14 Virginia,virginia,Virginia,Yes,1,2013-14,2013-14,RESOLVED,PROTECTED_MAIN_CURRENT_D1_REGISTRY_PASS,,Resolved in prior Stage 2 protected-main registry pass against 74e1c357729388ac3a0a0f8fe161055aedae5302.
virginia-tech,#14 West Virginia,west-virginia,West Virginia,Yes,1,1951-52,1951-52,RESOLVED,PROTECTED_MAIN_CURRENT_D1_REGISTRY_PASS,,Resolved in prior Stage 2 protected-main registry pass against 74e1c357729388ac3a0a0f8fe161055aedae5302.
virginia-tech,#15 Boston College,boston-college,Boston College,Yes,1,2005-06,2005-06,RESOLVED,PROTECTED_MAIN_CURRENT_D1_REGISTRY_PASS,,Resolved in prior Stage 2 protected-main registry pass against 74e1c357729388ac3a0a0f8fe161055aedae5302.
virginia-tech,#15 Clemson,clemson,Clemson,Yes,1,2017-18,2017-18,RESOLVED,PROTECTED_MAIN_CURRENT_D1_REGISTRY_PASS,,Resolved in prior Stage 2 protected-main registry pass against 74e1c357729388ac3a0a0f8fe161055aedae5302.
virginia-tech,#15 Davidson,davidson,Davidson,Yes,1,1969-70,1969-70,RESOLVED,PROTECTED_MAIN_CURRENT_D1_REGISTRY_PASS,,Resolved in prior Stage 2 protected-main registry pass against 74e1c357729388ac3a0a0f8fe161055aedae5302.
virginia-tech,#15 Duke,duke,Duke,Yes,1,1953-54,1953-54,RESOLVED,PROTECTED_MAIN_CURRENT_D1_REGISTRY_PASS,,Resolved in prior Stage 2 protected-main registry pass against 74e1c357729388ac3a0a0f8fe161055aedae5302.
virginia-tech,#15 Louisville,louisville,Louisville,Yes,1,1993-94,1993-94,RESOLVED,PROTECTED_MAIN_CURRENT_D1_REGISTRY_PASS,,Resolved in prior Stage 2 protected-main registry pass against 74e1c357729388ac3a0a0f8fe161055aedae5302.
virginia-tech,#15 North Carolina,north-carolina,North Carolina,Yes,1,2014-15,2014-15,RESOLVED,PROTECTED_MAIN_CURRENT_D1_REGISTRY_PASS,,Resolved in prior Stage 2 protected-main registry pass against 74e1c357729388ac3a0a0f8fe161055aedae5302.
virginia-tech,#15 Oklahoma State,oklahoma-state,Oklahoma State,Yes,1,2012-13,2012-13,RESOLVED,PROTECTED_MAIN_CURRENT_D1_REGISTRY_PASS,,Resolved in prior Stage 2 protected-main registry pass against 74e1c357729388ac3a0a0f8fe161055aedae5302.
virginia-tech,#15 Pitt,pittsburgh,Pittsburgh,Yes,1,2003-04,2003-04,RESOLVED,PROTECTED_MAIN_CURRENT_D1_REGISTRY_PASS,,Resolved in prior Stage 2 protected-main registry pass against 74e1c357729388ac3a0a0f8fe161055aedae5302.
virginia-tech,#15 Virginia,virginia,Virginia,Yes,2,1992-93,2011-12,RESOLVED,PROTECTED_MAIN_CURRENT_D1_REGISTRY_PASS,,Resolved in prior Stage 2 protected-main registry pass against 74e1c357729388ac3a0a0f8fe161055aedae5302.
virginia-tech,#16 Florida State,florida-state,Florida State,Yes,1,2016-17,2016-17,RESOLVED,PROTECTED_MAIN_CURRENT_D1_REGISTRY_PASS,,Resolved in prior Stage 2 protected-main registry pass against 74e1c357729388ac3a0a0f8fe161055aedae5302.
virginia-tech,#16 Louisville,louisville,Louisville,Yes,4,1985-86,2018-19,RESOLVED,PROTECTED_MAIN_CURRENT_D1_REGISTRY_PASS,,Resolved in prior Stage 2 protected-main registry pass against 74e1c357729388ac3a0a0f8fe161055aedae5302.
virginia-tech,#16 South Carolina,south-carolina,South Carolina,Yes,1,1974-75,1974-75,RESOLVED,PROTECTED_MAIN_CURRENT_D1_REGISTRY_PASS,,Resolved in prior Stage 2 protected-main registry pass against 74e1c357729388ac3a0a0f8fe161055aedae5302.
virginia-tech,#16 Western Michigan,western-michigan,Western Michigan,Yes,1,1975-76,1975-76,RESOLVED,PROTECTED_MAIN_CURRENT_D1_REGISTRY_PASS,,Resolved in prior Stage 2 protected-main registry pass against 74e1c357729388ac3a0a0f8fe161055aedae5302.
virginia-tech,#17 Boston College,boston-college,Boston College,Yes,1,2000-01,2000-01,RESOLVED,PROTECTED_MAIN_CURRENT_D1_REGISTRY_PASS,,Resolved in prior Stage 2 protected-main registry pass against 74e1c357729388ac3a0a0f8fe161055aedae5302.
virginia-tech,#17 Duke,duke,Duke,Yes,1,1968-69,1968-69,RESOLVED,PROTECTED_MAIN_CURRENT_D1_REGISTRY_PASS,,Resolved in prior Stage 2 protected-main registry pass against 74e1c357729388ac3a0a0f8fe161055aedae5302.
virginia-tech,#17 Louisville,louisville,Louisville,Yes,2,1980-81,1981-82,RESOLVED,PROTECTED_MAIN_CURRENT_D1_REGISTRY_PASS,,Resolved in prior Stage 2 protected-main registry pass against 74e1c357729388ac3a0a0f8fe161055aedae5302.
virginia-tech,#17 Memphis,memphis,Memphis,Yes,1,1983-84,1983-84,RESOLVED,PROTECTED_MAIN_CURRENT_D1_REGISTRY_PASS,,Resolved in prior Stage 2 protected-main registry pass against 74e1c357729388ac3a0a0f8fe161055aedae5302.
virginia-tech,#17 West Virginia,west-virginia,West Virginia,Yes,1,2014-15,2014-15,RESOLVED,PROTECTED_MAIN_CURRENT_D1_REGISTRY_PASS,,Resolved in prior Stage 2 protected-main registry pass against 74e1c357729388ac3a0a0f8fe161055aedae5302.
virginia-tech,#18 Alabama,alabama,Alabama,Yes,1,1973-74,1973-74,RESOLVED,PROTECTED_MAIN_CURRENT_D1_REGISTRY_PASS,,Resolved in prior Stage 2 protected-main registry pass against 74e1c357729388ac3a0a0f8fe161055aedae5302.
virginia-tech,#18 Connecticut,uconn,Connecticut,Yes,1,2002-03,2002-03,RESOLVED,PROTECTED_MAIN_CURRENT_D1_REGISTRY_PASS,,Resolved in prior Stage 2 protected-main registry pass against 74e1c357729388ac3a0a0f8fe161055aedae5302.
virginia-tech,#18 Marquette,marquette,Marquette,Yes,1,1976-77,1976-77,RESOLVED,PROTECTED_MAIN_CURRENT_D1_REGISTRY_PASS,,Resolved in prior Stage 2 protected-main registry pass against 74e1c357729388ac3a0a0f8fe161055aedae5302.
virginia-tech,#18 North Carolina,north-carolina,North Carolina,Yes,2,2022-23,2025-26,RESOLVED,PROTECTED_MAIN_CURRENT_D1_REGISTRY_PASS,,Resolved in prior Stage 2 protected-main registry pass against 74e1c357729388ac3a0a0f8fe161055aedae5302.
virginia-tech,#18 Pitt,pittsburgh,Pittsburgh,Yes,1,2024-25,2024-25,RESOLVED,PROTECTED_MAIN_CURRENT_D1_REGISTRY_PASS,,Resolved in prior Stage 2 protected-main registry pass against 74e1c357729388ac3a0a0f8fe161055aedae5302.
virginia-tech,#18 Virginia,virginia,Virginia,Yes,1,1990-91,1990-91,RESOLVED,PROTECTED_MAIN_CURRENT_D1_REGISTRY_PASS,,Resolved in prior Stage 2 protected-main registry pass against 74e1c357729388ac3a0a0f8fe161055aedae5302.
virginia-tech,#18 West Virginia,west-virginia,West Virginia,Yes,1,1956-57,1956-57,RESOLVED,PROTECTED_MAIN_CURRENT_D1_REGISTRY_PASS,,Resolved in prior Stage 2 protected-main registry pass against 74e1c357729388ac3a0a0f8fe161055aedae5302.
virginia-tech,#18 Xavier,xavier,Xavier,Yes,1,1997-98,1997-98,RESOLVED,PROTECTED_MAIN_CURRENT_D1_REGISTRY_PASS,,Resolved in prior Stage 2 protected-main registry pass against 74e1c357729388ac3a0a0f8fe161055aedae5302.
virginia-tech,#19 Clemson,clemson,Clemson,Yes,1,2022-23,2022-23,RESOLVED,PROTECTED_MAIN_CURRENT_D1_REGISTRY_PASS,,Resolved in prior Stage 2 protected-main registry pass against 74e1c357729388ac3a0a0f8fe161055aedae5302.
virginia-tech,#19 Dayton,dayton,Dayton,Yes,1,1959-60,1959-60,RESOLVED,PROTECTED_MAIN_CURRENT_D1_REGISTRY_PASS,,Resolved in prior Stage 2 protected-main registry pass against 74e1c357729388ac3a0a0f8fe161055aedae5302.
virginia-tech,#19 Duke,duke,Duke,Yes,1,2020-21,2020-21,RESOLVED,PROTECTED_MAIN_CURRENT_D1_REGISTRY_PASS,,Resolved in prior Stage 2 protected-main registry pass against 74e1c357729388ac3a0a0f8fe161055aedae5302.
virginia-tech,#19 Florida Atlantic,florida-atlantic,Florida Atlantic,Yes,1,2023-24,2023-24,RESOLVED,PROTECTED_MAIN_CURRENT_D1_REGISTRY_PASS,,Resolved in prior Stage 2 protected-main registry pass against 74e1c357729388ac3a0a0f8fe161055aedae5302.
virginia-tech,#19 Louisville,louisville,Louisville,Yes,1,2024-25,2024-25,RESOLVED,PROTECTED_MAIN_CURRENT_D1_REGISTRY_PASS,,Resolved in prior Stage 2 protected-main registry pass against 74e1c357729388ac3a0a0f8fe161055aedae5302.
virginia-tech,#19 North Carolina,north-carolina,North Carolina,Yes,2,1969-70,2013-14,RESOLVED,PROTECTED_MAIN_CURRENT_D1_REGISTRY_PASS,,Resolved in prior Stage 2 protected-main registry pass against 74e1c357729388ac3a0a0f8fe161055aedae5302.
virginia-tech,#19 West Virginia,west-virginia,West Virginia,Yes,1,2015-16,2015-16,RESOLVED,PROTECTED_MAIN_CURRENT_D1_REGISTRY_PASS,,Resolved in prior Stage 2 protected-main registry pass against 74e1c357729388ac3a0a0f8fe161055aedae5302.
virginia-tech,#2 Duke,duke,Duke,Yes,3,2004-05,2021-22,RESOLVED,PROTECTED_MAIN_CURRENT_D1_REGISTRY_PASS,,Resolved in prior Stage 2 protected-main registry pass against 74e1c357729388ac3a0a0f8fe161055aedae5302.
virginia-tech,#2 Kentucky,kentucky,Kentucky,Yes,1,1995-96,1995-96,RESOLVED,PROTECTED_MAIN_CURRENT_D1_REGISTRY_PASS,,Resolved in prior Stage 2 protected-main registry pass against 74e1c357729388ac3a0a0f8fe161055aedae5302.
virginia-tech,#2 Marquette,marquette,Marquette,Yes,1,1975-76,1975-76,RESOLVED,PROTECTED_MAIN_CURRENT_D1_REGISTRY_PASS,,Resolved in prior Stage 2 protected-main registry pass against 74e1c357729388ac3a0a0f8fe161055aedae5302.
virginia-tech,#2 Memphis,memphis,Memphis,Yes,1,1985-86,1985-86,RESOLVED,PROTECTED_MAIN_CURRENT_D1_REGISTRY_PASS,,Resolved in prior Stage 2 protected-main registry pass against 74e1c357729388ac3a0a0f8fe161055aedae5302.
virginia-tech,#2 North Carolina,north-carolina,North Carolina,Yes,3,1968-69,2015-16,RESOLVED,PROTECTED_MAIN_CURRENT_D1_REGISTRY_PASS,,Resolved in prior Stage 2 protected-main registry pass against 74e1c357729388ac3a0a0f8fe161055aedae5302.
virginia-tech,#2 South Carolina,south-carolina,South Carolina,Yes,1,1970-71,1970-71,RESOLVED,PROTECTED_MAIN_CURRENT_D1_REGISTRY_PASS,,Resolved in prior Stage 2 protected-main registry pass against 74e1c357729388ac3a0a0f8fe161055aedae5302.
virginia-tech,#2 Syracuse,syracuse,Syracuse,Yes,1,2013-14,2013-14,RESOLVED,PROTECTED_MAIN_CURRENT_D1_REGISTRY_PASS,,Resolved in prior Stage 2 protected-main registry pass against 74e1c357729388ac3a0a0f8fe161055aedae5302.
virginia-tech,#2 Virginia,virginia,Virginia,Yes,3,2014-15,2017-18,RESOLVED,PROTECTED_MAIN_CURRENT_D1_REGISTRY_PASS,,Resolved in prior Stage 2 protected-main registry pass against 74e1c357729388ac3a0a0f8fe161055aedae5302.
virginia-tech,#20 Boston College,boston-college,Boston College,Yes,1,2000-01,2000-01,RESOLVED,PROTECTED_MAIN_CURRENT_D1_REGISTRY_PASS,,Resolved in prior Stage 2 protected-main registry pass against 74e1c357729388ac3a0a0f8fe161055aedae5302.
virginia-tech,#20 Clemson,clemson,Clemson,Yes,1,2025-26,2025-26,RESOLVED,PROTECTED_MAIN_CURRENT_D1_REGISTRY_PASS,,Resolved in prior Stage 2 protected-main registry pass against 74e1c357729388ac3a0a0f8fe161055aedae5302.
virginia-tech,#20 Florida State,florida-state,Florida State,Yes,1,2011-12,2011-12,RESOLVED,PROTECTED_MAIN_CURRENT_D1_REGISTRY_PASS,,Resolved in prior Stage 2 protected-main registry pass against 74e1c357729388ac3a0a0f8fe161055aedae5302.
virginia-tech,#20 NC State,nc-state,North Carolina State,Yes,1,1953-54,1953-54,RESOLVED,PROTECTED_MAIN_CURRENT_D1_REGISTRY_PASS,,Resolved in prior Stage 2 protected-main registry pass against 74e1c357729388ac3a0a0f8fe161055aedae5302.
virginia-tech,#20 North Carolina,north-carolina,North Carolina,Yes,1,2005-06,2005-06,RESOLVED,PROTECTED_MAIN_CURRENT_D1_REGISTRY_PASS,,Resolved in prior Stage 2 protected-main registry pass against 74e1c357729388ac3a0a0f8fe161055aedae5302.
virginia-tech,#20 Notre Dame,notre-dame,Notre Dame,Yes,1,2016-17,2016-17,RESOLVED,PROTECTED_MAIN_CURRENT_D1_REGISTRY_PASS,,Resolved in prior Stage 2 protected-main registry pass against 74e1c357729388ac3a0a0f8fe161055aedae5302.
virginia-tech,#20 Syracuse,syracuse,Syracuse,Yes,2,2000-01,2003-04,RESOLVED,PROTECTED_MAIN_CURRENT_D1_REGISTRY_PASS,,Resolved in prior Stage 2 protected-main registry pass against 74e1c357729388ac3a0a0f8fe161055aedae5302.
virginia-tech,#21 Auburn,auburn,Auburn,Yes,1,1999-00,1999-00,RESOLVED,PROTECTED_MAIN_CURRENT_D1_REGISTRY_PASS,,Resolved in prior Stage 2 protected-main registry pass against 74e1c357729388ac3a0a0f8fe161055aedae5302.
virginia-tech,#21 Clemson,clemson,Clemson,Yes,1,2023-24,2023-24,RESOLVED,PROTECTED_MAIN_CURRENT_D1_REGISTRY_PASS,,Resolved in prior Stage 2 protected-main registry pass against 74e1c357729388ac3a0a0f8fe161055aedae5302.
virginia-tech,#21 Memphis,memphis,Memphis,Yes,1,1989-90,1989-90,RESOLVED,PROTECTED_MAIN_CURRENT_D1_REGISTRY_PASS,,Resolved in prior Stage 2 protected-main registry pass against 74e1c357729388ac3a0a0f8fe161055aedae5302.
virginia-tech,#21 Miami,miami,Miami (FL),Yes,1,2001-02,2001-02,RESOLVED,PROTECTED_MAIN_CURRENT_D1_REGISTRY_PASS,,Resolved in prior Stage 2 protected-main registry pass against 74e1c357729388ac3a0a0f8fe161055aedae5302.
virginia-tech,#21 Mississippi State,mississippi-state,Mississippi State,Yes,1,2004-05,2004-05,RESOLVED,PROTECTED_MAIN_CURRENT_D1_REGISTRY_PASS,,Resolved in prior Stage 2 protected-main registry pass against 74e1c357729388ac3a0a0f8fe161055aedae5302.
virginia-tech,#21 NC State,nc-state,North Carolina State,Yes,1,2005-06,2005-06,RESOLVED,PROTECTED_MAIN_CURRENT_D1_REGISTRY_PASS,,Resolved in prior Stage 2 protected-main registry pass against 74e1c357729388ac3a0a0f8fe161055aedae5302.
virginia-tech,#21 Virginia,virginia,Virginia,Yes,1,2025-26,2025-26,RESOLVED,PROTECTED_MAIN_CURRENT_D1_REGISTRY_PASS,,Resolved in prior Stage 2 protected-main registry pass against 74e1c357729388ac3a0a0f8fe161055aedae5302.
virginia-tech,#22 Boston College,boston-college,Boston College,Yes,1,2001-02,2001-02,RESOLVED,PROTECTED_MAIN_CURRENT_D1_REGISTRY_PASS,,Resolved in prior Stage 2 protected-main registry pass against 74e1c357729388ac3a0a0f8fe161055aedae5302.
virginia-tech,#22 Butler,butler,Butler,Yes,1,2007-08,2007-08,RESOLVED,PROTECTED_MAIN_CURRENT_D1_REGISTRY_PASS,,Resolved in prior Stage 2 protected-main registry pass against 74e1c357729388ac3a0a0f8fe161055aedae5302.
virginia-tech,#22 Louisville,louisville,Louisville,Yes,1,1992-93,1992-93,RESOLVED,PROTECTED_MAIN_CURRENT_D1_REGISTRY_PASS,,Resolved in prior Stage 2 protected-main registry pass against 74e1c357729388ac3a0a0f8fe161055aedae5302.
virginia-tech,#22 Marquette,marquette,Marquette,Yes,1,1993-94,1993-94,RESOLVED,PROTECTED_MAIN_CURRENT_D1_REGISTRY_PASS,,Resolved in prior Stage 2 protected-main registry pass against 74e1c357729388ac3a0a0f8fe161055aedae5302.
virginia-tech,#22 Maryland,maryland,Maryland,Yes,1,2005-06,2005-06,RESOLVED,PROTECTED_MAIN_CURRENT_D1_REGISTRY_PASS,,Resolved in prior Stage 2 protected-main registry pass against 74e1c357729388ac3a0a0f8fe161055aedae5302.
virginia-tech,#22 Miami,miami,Miami (FL),Yes,1,2001-02,2001-02,RESOLVED,PROTECTED_MAIN_CURRENT_D1_REGISTRY_PASS,,Resolved in prior Stage 2 protected-main registry pass against 74e1c357729388ac3a0a0f8fe161055aedae5302.
virginia-tech,#22 Purdue,purdue,Purdue,Yes,1,2010-11,2010-11,RESOLVED,PROTECTED_MAIN_CURRENT_D1_REGISTRY_PASS,,Resolved in prior Stage 2 protected-main registry pass against 74e1c357729388ac3a0a0f8fe161055aedae5302.
virginia-tech,#22 Virginia,virginia,Virginia,Yes,1,1995-96,1995-96,RESOLVED,PROTECTED_MAIN_CURRENT_D1_REGISTRY_PASS,,Resolved in prior Stage 2 protected-main registry pass against 74e1c357729388ac3a0a0f8fe161055aedae5302.
virginia-tech,#23 Louisville,louisville,Louisville,Yes,1,2025-26,2025-26,RESOLVED,PROTECTED_MAIN_CURRENT_D1_REGISTRY_PASS,,Resolved in prior Stage 2 protected-main registry pass against 74e1c357729388ac3a0a0f8fe161055aedae5302.
virginia-tech,#23 Miami,miami,Miami (FL),Yes,2,2009-10,2022-23,RESOLVED,PROTECTED_MAIN_CURRENT_D1_REGISTRY_PASS,,Resolved in prior Stage 2 protected-main registry pass against 74e1c357729388ac3a0a0f8fe161055aedae5302.
virginia-tech,#23 NC State,nc-state,North Carolina State,Yes,1,2018-19,2018-19,RESOLVED,PROTECTED_MAIN_CURRENT_D1_REGISTRY_PASS,,Resolved in prior Stage 2 protected-main registry pass against 74e1c357729388ac3a0a0f8fe161055aedae5302.
virginia-tech,#23 Providence,providence,Providence,Yes,1,2003-04,2003-04,RESOLVED,PROTECTED_MAIN_CURRENT_D1_REGISTRY_PASS,,Resolved in prior Stage 2 protected-main registry pass against 74e1c357729388ac3a0a0f8fe161055aedae5302.
virginia-tech,#23 Purdue,purdue,Purdue,Yes,1,2018-19,2018-19,RESOLVED,PROTECTED_MAIN_CURRENT_D1_REGISTRY_PASS,,Resolved in prior Stage 2 protected-main registry pass against 74e1c357729388ac3a0a0f8fe161055aedae5302.
virginia-tech,#23 Wake Forest,wake-forest,Wake Forest,Yes,1,2009-10,2009-10,RESOLVED,PROTECTED_MAIN_CURRENT_D1_REGISTRY_PASS,,Resolved in prior Stage 2 protected-main registry pass against 74e1c357729388ac3a0a0f8fe161055aedae5302.
virginia-tech,#24 Clemson,clemson,Clemson,Yes,2,2007-08,2020-21,RESOLVED,PROTECTED_MAIN_CURRENT_D1_REGISTRY_PASS,,Resolved in prior Stage 2 protected-main registry pass against 74e1c357729388ac3a0a0f8fe161055aedae5302.
virginia-tech,#24 Florida State,florida-state,Florida State,Yes,1,2008-09,2008-09,RESOLVED,PROTECTED_MAIN_CURRENT_D1_REGISTRY_PASS,,Resolved in prior Stage 2 protected-main registry pass against 74e1c357729388ac3a0a0f8fe161055aedae5302.
virginia-tech,#24 Louisville,louisville,Louisville,Yes,1,1991-92,1991-92,RESOLVED,PROTECTED_MAIN_CURRENT_D1_REGISTRY_PASS,,Resolved in prior Stage 2 protected-main registry pass against 74e1c357729388ac3a0a0f8fe161055aedae5302.
virginia-tech,#25 Florida State,florida-state,Florida State,Yes,1,2009-10,2009-10,RESOLVED,PROTECTED_MAIN_CURRENT_D1_REGISTRY_PASS,,Resolved in prior Stage 2 protected-main registry pass against 74e1c357729388ac3a0a0f8fe161055aedae5302.
virginia-tech,#25 Miami,miami,Miami (FL),Yes,1,2016-17,2016-17,RESOLVED,PROTECTED_MAIN_CURRENT_D1_REGISTRY_PASS,,Resolved in prior Stage 2 protected-main registry pass against 74e1c357729388ac3a0a0f8fe161055aedae5302.
virginia-tech,#25 North Carolina,north-carolina,North Carolina,Yes,1,2021-22,2021-22,RESOLVED,PROTECTED_MAIN_CURRENT_D1_REGISTRY_PASS,,Resolved in prior Stage 2 protected-main registry pass against 74e1c357729388ac3a0a0f8fe161055aedae5302.
virginia-tech,#25 Pitt,pittsburgh,Pittsburgh,Yes,1,2013-14,2013-14,RESOLVED,PROTECTED_MAIN_CURRENT_D1_REGISTRY_PASS,,Resolved in prior Stage 2 protected-main registry pass against 74e1c357729388ac3a0a0f8fe161055aedae5302.
virginia-tech,#25 Texas,texas,Texas,Yes,1,2021-22,2021-22,RESOLVED,PROTECTED_MAIN_CURRENT_D1_REGISTRY_PASS,,Resolved in prior Stage 2 protected-main registry pass against 74e1c357729388ac3a0a0f8fe161055aedae5302.
virginia-tech,#25 Virginia,virginia,Virginia,Yes,2,2000-01,2011-12,RESOLVED,PROTECTED_MAIN_CURRENT_D1_REGISTRY_PASS,,Resolved in prior Stage 2 protected-main registry pass against 74e1c357729388ac3a0a0f8fe161055aedae5302.
virginia-tech,#25 Xavier,xavier,Xavier,Yes,1,2021-22,2021-22,RESOLVED,PROTECTED_MAIN_CURRENT_D1_REGISTRY_PASS,,Resolved in prior Stage 2 protected-main registry pass against 74e1c357729388ac3a0a0f8fe161055aedae5302.
virginia-tech,#3 Duke,duke,Duke,Yes,3,1965-66,2018-19,RESOLVED,PROTECTED_MAIN_CURRENT_D1_REGISTRY_PASS,,Resolved in prior Stage 2 protected-main registry pass against 74e1c357729388ac3a0a0f8fe161055aedae5302.
virginia-tech,#3 Georgetown,georgetown,Georgetown,Yes,1,1989-90,1989-90,RESOLVED,PROTECTED_MAIN_CURRENT_D1_REGISTRY_PASS,,Resolved in prior Stage 2 protected-main registry pass against 74e1c357729388ac3a0a0f8fe161055aedae5302.
virginia-tech,#3 Kansas State,kansas-state,Kansas State,Yes,1,2010-11,2010-11,RESOLVED,PROTECTED_MAIN_CURRENT_D1_REGISTRY_PASS,,Resolved in prior Stage 2 protected-main registry pass against 74e1c357729388ac3a0a0f8fe161055aedae5302.
virginia-tech,#3 Kentucky,kentucky,Kentucky,Yes,2,1956-57,1962-63,RESOLVED,PROTECTED_MAIN_CURRENT_D1_REGISTRY_PASS,,Resolved in prior Stage 2 protected-main registry pass against 74e1c357729388ac3a0a0f8fe161055aedae5302.
virginia-tech,#3 Louisville,louisville,Louisville,Yes,3,1979-80,1982-83,RESOLVED,PROTECTED_MAIN_CURRENT_D1_REGISTRY_PASS,,Resolved in prior Stage 2 protected-main registry pass against 74e1c357729388ac3a0a0f8fe161055aedae5302.
virginia-tech,#3 Memphis,memphis,Memphis,Yes,2,1984-85,1985-86,RESOLVED,PROTECTED_MAIN_CURRENT_D1_REGISTRY_PASS,,Resolved in prior Stage 2 protected-main registry pass against 74e1c357729388ac3a0a0f8fe161055aedae5302.
virginia-tech,#3 Michigan State,michigan-state,Michigan State,Yes,1,2019-20,2019-20,RESOLVED,PROTECTED_MAIN_CURRENT_D1_REGISTRY_PASS,,Resolved in prior Stage 2 protected-main registry pass against 74e1c357729388ac3a0a0f8fe161055aedae5302.
virginia-tech,#3 North Carolina,north-carolina,North Carolina,Yes,4,1967-68,1997-98,RESOLVED,PROTECTED_MAIN_CURRENT_D1_REGISTRY_PASS,,Resolved in prior Stage 2 protected-main registry pass against 74e1c357729388ac3a0a0f8fe161055aedae5302.
virginia-tech,#3 South Carolina,south-carolina,South Carolina,Yes,1,1971-72,1971-72,RESOLVED,PROTECTED_MAIN_CURRENT_D1_REGISTRY_PASS,,Resolved in prior Stage 2 protected-main registry pass against 74e1c357729388ac3a0a0f8fe161055aedae5302.
virginia-tech,#3 Vanderbilt,vanderbilt,Vanderbilt,Yes,1,1964-65,1964-65,RESOLVED,PROTECTED_MAIN_CURRENT_D1_REGISTRY_PASS,,Resolved in prior Stage 2 protected-main registry pass against 74e1c357729388ac3a0a0f8fe161055aedae5302.
virginia-tech,#3 Villanova,villanova,Villanova,Yes,1,2020-21,2020-21,RESOLVED,PROTECTED_MAIN_CURRENT_D1_REGISTRY_PASS,,Resolved in prior Stage 2 protected-main registry pass against 74e1c357729388ac3a0a0f8fe161055aedae5302.
virginia-tech,#3 Virginia,virginia,Virginia,Yes,3,1980-81,2018-19,RESOLVED,PROTECTED_MAIN_CURRENT_D1_REGISTRY_PASS,,Resolved in prior Stage 2 protected-main registry pass against 74e1c357729388ac3a0a0f8fe161055aedae5302.
virginia-tech,#4 Duke,duke,Duke,Yes,5,1966-67,2025-26,RESOLVED,PROTECTED_MAIN_CURRENT_D1_REGISTRY_PASS,,Resolved in prior Stage 2 protected-main registry pass against 74e1c357729388ac3a0a0f8fe161055aedae5302.
virginia-tech,#4 Iowa State,iowa-state,Iowa State,Yes,1,2015-16,2015-16,RESOLVED,PROTECTED_MAIN_CURRENT_D1_REGISTRY_PASS,,Resolved in prior Stage 2 protected-main registry pass against 74e1c357729388ac3a0a0f8fe161055aedae5302.
virginia-tech,#4 Memphis,memphis,Memphis,Yes,1,1984-85,1984-85,RESOLVED,PROTECTED_MAIN_CURRENT_D1_REGISTRY_PASS,,Resolved in prior Stage 2 protected-main registry pass against 74e1c357729388ac3a0a0f8fe161055aedae5302.
virginia-tech,#4 North Carolina,north-carolina,North Carolina,Yes,5,1967-68,2006-07,RESOLVED,PROTECTED_MAIN_CURRENT_D1_REGISTRY_PASS,,Resolved in prior Stage 2 protected-main registry pass against 74e1c357729388ac3a0a0f8fe161055aedae5302.
virginia-tech,#4 South Carolina,south-carolina,South Carolina,Yes,1,1969-70,1969-70,RESOLVED,PROTECTED_MAIN_CURRENT_D1_REGISTRY_PASS,,Resolved in prior Stage 2 protected-main registry pass against 74e1c357729388ac3a0a0f8fe161055aedae5302.
virginia-tech,#4 Virginia,virginia,Virginia,Yes,2,2015-16,2018-19,RESOLVED,PROTECTED_MAIN_CURRENT_D1_REGISTRY_PASS,,Resolved in prior Stage 2 protected-main registry pass against 74e1c357729388ac3a0a0f8fe161055aedae5302.
virginia-tech,#5 Davidson,davidson,Davidson,Yes,1,1968-69,1968-69,RESOLVED,PROTECTED_MAIN_CURRENT_D1_REGISTRY_PASS,,Resolved in prior Stage 2 protected-main registry pass against 74e1c357729388ac3a0a0f8fe161055aedae5302.
virginia-tech,#5 Duke,duke,Duke,Yes,7,1964-65,2017-18,RESOLVED,PROTECTED_MAIN_CURRENT_D1_REGISTRY_PASS,,Resolved in prior Stage 2 protected-main registry pass against 74e1c357729388ac3a0a0f8fe161055aedae5302.
virginia-tech,#5 Florida State,florida-state,Florida State,Yes,1,2019-20,2019-20,RESOLVED,PROTECTED_MAIN_CURRENT_D1_REGISTRY_PASS,,Resolved in prior Stage 2 protected-main registry pass against 74e1c357729388ac3a0a0f8fe161055aedae5302.
virginia-tech,#5 Memphis,memphis,Memphis,Yes,1,1982-83,1982-83,RESOLVED,PROTECTED_MAIN_CURRENT_D1_REGISTRY_PASS,,Resolved in prior Stage 2 protected-main registry pass against 74e1c357729388ac3a0a0f8fe161055aedae5302.
virginia-tech,#5 Miami,miami,Miami (FL),Yes,1,2012-13,2012-13,RESOLVED,PROTECTED_MAIN_CURRENT_D1_REGISTRY_PASS,,Resolved in prior Stage 2 protected-main registry pass against 74e1c357729388ac3a0a0f8fe161055aedae5302.
virginia-tech,#5 Mississippi State,mississippi-state,Mississippi State,Yes,1,1962-63,1962-63,RESOLVED,PROTECTED_MAIN_CURRENT_D1_REGISTRY_PASS,,Resolved in prior Stage 2 protected-main registry pass against 74e1c357729388ac3a0a0f8fe161055aedae5302.
virginia-tech,#5 North Carolina,north-carolina,North Carolina,Yes,3,1966-67,2007-08,RESOLVED,PROTECTED_MAIN_CURRENT_D1_REGISTRY_PASS,,Resolved in prior Stage 2 protected-main registry pass against 74e1c357729388ac3a0a0f8fe161055aedae5302.
virginia-tech,#5 South Carolina,south-carolina,South Carolina,Yes,1,1997-98,1997-98,RESOLVED,PROTECTED_MAIN_CURRENT_D1_REGISTRY_PASS,,Resolved in prior Stage 2 protected-main registry pass against 74e1c357729388ac3a0a0f8fe161055aedae5302.
virginia-tech,#5 Syracuse,syracuse,Syracuse,Yes,1,2011-12,2011-12,RESOLVED,PROTECTED_MAIN_CURRENT_D1_REGISTRY_PASS,,Resolved in prior Stage 2 protected-main registry pass against 74e1c357729388ac3a0a0f8fe161055aedae5302.
virginia-tech,#6 Connecticut,uconn,Connecticut,Yes,2,2002-03,2003-04,RESOLVED,PROTECTED_MAIN_CURRENT_D1_REGISTRY_PASS,,Resolved in prior Stage 2 protected-main registry pass against 74e1c357729388ac3a0a0f8fe161055aedae5302.
virginia-tech,#6 Duke,duke,Duke,Yes,5,2009-10,2019-20,RESOLVED,PROTECTED_MAIN_CURRENT_D1_REGISTRY_PASS,,Resolved in prior Stage 2 protected-main registry pass against 74e1c357729388ac3a0a0f8fe161055aedae5302.
virginia-tech,#6 George Washington,george-washington,George Washington,Yes,1,1954-55,1954-55,RESOLVED,PROTECTED_MAIN_CURRENT_D1_REGISTRY_PASS,,Resolved in prior Stage 2 protected-main registry pass against 74e1c357729388ac3a0a0f8fe161055aedae5302.
virginia-tech,#6 Georgetown,georgetown,Georgetown,Yes,1,1988-89,1988-89,RESOLVED,PROTECTED_MAIN_CURRENT_D1_REGISTRY_PASS,,Resolved in prior Stage 2 protected-main registry pass against 74e1c357729388ac3a0a0f8fe161055aedae5302.
virginia-tech,#6 Louisville,louisville,Louisville,Yes,1,2014-15,2014-15,RESOLVED,PROTECTED_MAIN_CURRENT_D1_REGISTRY_PASS,,Resolved in prior Stage 2 protected-main registry pass against 74e1c357729388ac3a0a0f8fe161055aedae5302.
virginia-tech,#6 North Carolina,north-carolina,North Carolina,Yes,2,1977-78,2004-05,RESOLVED,PROTECTED_MAIN_CURRENT_D1_REGISTRY_PASS,,Resolved in prior Stage 2 protected-main registry pass against 74e1c357729388ac3a0a0f8fe161055aedae5302.
virginia-tech,#6 Pitt,pittsburgh,Pittsburgh,Yes,1,2003-04,2003-04,RESOLVED,PROTECTED_MAIN_CURRENT_D1_REGISTRY_PASS,,Resolved in prior Stage 2 protected-main registry pass against 74e1c357729388ac3a0a0f8fe161055aedae5302.
virginia-tech,#6 Virginia,virginia,Virginia,Yes,1,2022-23,2022-23,RESOLVED,PROTECTED_MAIN_CURRENT_D1_REGISTRY_PASS,,Resolved in prior Stage 2 protected-main registry pass against 74e1c357729388ac3a0a0f8fe161055aedae5302.
virginia-tech,#7 Alabama,alabama,Alabama,Yes,1,1976-77,1976-77,RESOLVED,PROTECTED_MAIN_CURRENT_D1_REGISTRY_PASS,,Resolved in prior Stage 2 protected-main registry pass against 74e1c357729388ac3a0a0f8fe161055aedae5302.
virginia-tech,#7 Duke,duke,Duke,Yes,5,2004-05,2023-24,RESOLVED,PROTECTED_MAIN_CURRENT_D1_REGISTRY_PASS,,Resolved in prior Stage 2 protected-main registry pass against 74e1c357729388ac3a0a0f8fe161055aedae5302.
virginia-tech,#7 Indiana,indiana,Indiana,Yes,1,1979-80,1979-80,RESOLVED,PROTECTED_MAIN_CURRENT_D1_REGISTRY_PASS,,Resolved in prior Stage 2 protected-main registry pass against 74e1c357729388ac3a0a0f8fe161055aedae5302.
virginia-tech,#7 Louisville,louisville,Louisville,Yes,1,1988-89,1988-89,RESOLVED,PROTECTED_MAIN_CURRENT_D1_REGISTRY_PASS,,Resolved in prior Stage 2 protected-main registry pass against 74e1c357729388ac3a0a0f8fe161055aedae5302.
virginia-tech,#7 Miami,miami,Miami (FL),Yes,1,2015-16,2015-16,RESOLVED,PROTECTED_MAIN_CURRENT_D1_REGISTRY_PASS,,Resolved in prior Stage 2 protected-main registry pass against 74e1c357729388ac3a0a0f8fe161055aedae5302.
virginia-tech,#7 NC State,nc-state,North Carolina State,Yes,1,1983-84,1983-84,RESOLVED,PROTECTED_MAIN_CURRENT_D1_REGISTRY_PASS,,Resolved in prior Stage 2 protected-main registry pass against 74e1c357729388ac3a0a0f8fe161055aedae5302.
virginia-tech,#7 North Carolina,north-carolina,North Carolina,Yes,1,2023-24,2023-24,RESOLVED,PROTECTED_MAIN_CURRENT_D1_REGISTRY_PASS,,Resolved in prior Stage 2 protected-main registry pass against 74e1c357729388ac3a0a0f8fe161055aedae5302.
virginia-tech,#7 Virginia,virginia,Virginia,Yes,3,1971-72,2015-16,RESOLVED,PROTECTED_MAIN_CURRENT_D1_REGISTRY_PASS,,Resolved in prior Stage 2 protected-main registry pass against 74e1c357729388ac3a0a0f8fe161055aedae5302.
virginia-tech,#7 Wake Forest,wake-forest,Wake Forest,Yes,1,2004-05,2004-05,RESOLVED,PROTECTED_MAIN_CURRENT_D1_REGISTRY_PASS,,Resolved in prior Stage 2 protected-main registry pass against 74e1c357729388ac3a0a0f8fe161055aedae5302.
virginia-tech,#7 West Virginia,west-virginia,West Virginia,Yes,1,1959-60,1959-60,RESOLVED,PROTECTED_MAIN_CURRENT_D1_REGISTRY_PASS,,Resolved in prior Stage 2 protected-main registry pass against 74e1c357729388ac3a0a0f8fe161055aedae5302.
virginia-tech,#8 Alabama,alabama,Alabama,Yes,1,1974-75,1974-75,RESOLVED,PROTECTED_MAIN_CURRENT_D1_REGISTRY_PASS,,Resolved in prior Stage 2 protected-main registry pass against 74e1c357729388ac3a0a0f8fe161055aedae5302.
virginia-tech,#8 Duke,duke,Duke,Yes,1,1953-54,1953-54,RESOLVED,PROTECTED_MAIN_CURRENT_D1_REGISTRY_PASS,,Resolved in prior Stage 2 protected-main registry pass against 74e1c357729388ac3a0a0f8fe161055aedae5302.
virginia-tech,#8 Kentucky,kentucky,Kentucky,Yes,1,2017-18,2017-18,RESOLVED,PROTECTED_MAIN_CURRENT_D1_REGISTRY_PASS,,Resolved in prior Stage 2 protected-main registry pass against 74e1c357729388ac3a0a0f8fe161055aedae5302.
virginia-tech,#8 Louisville,louisville,Louisville,Yes,1,2016-17,2016-17,RESOLVED,PROTECTED_MAIN_CURRENT_D1_REGISTRY_PASS,,Resolved in prior Stage 2 protected-main registry pass against 74e1c357729388ac3a0a0f8fe161055aedae5302.
virginia-tech,#8 NC State,nc-state,North Carolina State,Yes,2,1949-50,1950-51,RESOLVED,PROTECTED_MAIN_CURRENT_D1_REGISTRY_PASS,,Resolved in prior Stage 2 protected-main registry pass against 74e1c357729388ac3a0a0f8fe161055aedae5302.
virginia-tech,#8 North Carolina,north-carolina,North Carolina,Yes,1,2011-12,2011-12,RESOLVED,PROTECTED_MAIN_CURRENT_D1_REGISTRY_PASS,,Resolved in prior Stage 2 protected-main registry pass against 74e1c357729388ac3a0a0f8fe161055aedae5302.
virginia-tech,#8 Notre Dame,notre-dame,Notre Dame,Yes,1,2014-15,2014-15,RESOLVED,PROTECTED_MAIN_CURRENT_D1_REGISTRY_PASS,,Resolved in prior Stage 2 protected-main registry pass against 74e1c357729388ac3a0a0f8fe161055aedae5302.
virginia-tech,#8 Pitt,pittsburgh,Pittsburgh,Yes,1,2002-03,2002-03,RESOLVED,PROTECTED_MAIN_CURRENT_D1_REGISTRY_PASS,,Resolved in prior Stage 2 protected-main registry pass against 74e1c357729388ac3a0a0f8fe161055aedae5302.
virginia-tech,#8 Virginia,virginia,Virginia,Yes,3,1979-80,2020-21,RESOLVED,PROTECTED_MAIN_CURRENT_D1_REGISTRY_PASS,,Resolved in prior Stage 2 protected-main registry pass against 74e1c357729388ac3a0a0f8fe161055aedae5302.
virginia-tech,#9 George Washington,george-washington,George Washington,Yes,1,1954-55,1954-55,RESOLVED,PROTECTED_MAIN_CURRENT_D1_REGISTRY_PASS,,Resolved in prior Stage 2 protected-main registry pass against 74e1c357729388ac3a0a0f8fe161055aedae5302.
virginia-tech,#9 Memphis,memphis,Memphis,Yes,1,2021-22,2021-22,RESOLVED,PROTECTED_MAIN_CURRENT_D1_REGISTRY_PASS,,Resolved in prior Stage 2 protected-main registry pass against 74e1c357729388ac3a0a0f8fe161055aedae5302.
virginia-tech,#9 North Carolina,north-carolina,North Carolina,Yes,2,2009-10,2016-17,RESOLVED,PROTECTED_MAIN_CURRENT_D1_REGISTRY_PASS,,Resolved in prior Stage 2 protected-main registry pass against 74e1c357729388ac3a0a0f8fe161055aedae5302.
virginia-tech,#9 Villanova,villanova,Villanova,Yes,1,1968-69,1968-69,RESOLVED,PROTECTED_MAIN_CURRENT_D1_REGISTRY_PASS,,Resolved in prior Stage 2 protected-main registry pass against 74e1c357729388ac3a0a0f8fe161055aedae5302.
virginia-tech,#9 Virginia,virginia,Virginia,Yes,2,2001-02,2016-17,RESOLVED,PROTECTED_MAIN_CURRENT_D1_REGISTRY_PASS,,Resolved in prior Stage 2 protected-main registry pass against 74e1c357729388ac3a0a0f8fe161055aedae5302.
virginia-tech,Akron,akron,Akron,Yes,1,1975-76,1975-76,RESOLVED,PROTECTED_MAIN_CURRENT_D1_REGISTRY_PASS,,Resolved in prior Stage 2 protected-main registry pass against 74e1c357729388ac3a0a0f8fe161055aedae5302.
virginia-tech,Alabama,alabama,Alabama,Yes,11,1927-28,2017-18,RESOLVED,PROTECTED_MAIN_CURRENT_D1_REGISTRY_PASS,,Resolved in prior Stage 2 protected-main registry pass against 74e1c357729388ac3a0a0f8fe161055aedae5302.
virginia-tech,Alabama A&M,alabama-a-m,Alabama A&M,Yes,1,2014-15,2014-15,RESOLVED,PROTECTED_MAIN_CURRENT_D1_REGISTRY_PASS,,Resolved in prior Stage 2 protected-main registry pass against 74e1c357729388ac3a0a0f8fe161055aedae5302.
virginia-tech,Alabama State,alabama-state,Alabama State,Yes,1,2015-16,2015-16,RESOLVED,PROTECTED_MAIN_CURRENT_D1_REGISTRY_PASS,,Resolved in prior Stage 2 protected-main registry pass against 74e1c357729388ac3a0a0f8fe161055aedae5302.
virginia-tech,American,american-university,American,Yes,7,1937-38,2023-24,RESOLVED,PROTECTED_MAIN_CURRENT_D1_REGISTRY_PASS,,Resolved in prior Stage 2 protected-main registry pass against 74e1c357729388ac3a0a0f8fe161055aedae5302.
virginia-tech,App State,app-state,Appalachian State,Yes,9,1968-69,2014-15,RESOLVED,PROTECTED_MAIN_CURRENT_D1_REGISTRY_PASS,,Resolved in prior Stage 2 protected-main registry pass against 74e1c357729388ac3a0a0f8fe161055aedae5302.
virginia-tech,Arkansas-Little Rock,little-rock,Little Rock,Yes,1,1977-78,1977-78,RESOLVED,PROTECTED_MAIN_CURRENT_D1_REGISTRY_PASS,,Resolved in prior Stage 2 protected-main registry pass against 74e1c357729388ac3a0a0f8fe161055aedae5302.
virginia-tech,Arkansas-Pine Bluff,arkansas-pine-bluff,UAPB,Yes,1,2015-16,2015-16,RESOLVED,PROTECTED_MAIN_CURRENT_D1_REGISTRY_PASS,,Resolved in prior Stage 2 protected-main registry pass against 74e1c357729388ac3a0a0f8fe161055aedae5302.
virginia-tech,Army,army,Army,Yes,2,1969-70,1976-77,RESOLVED,PROTECTED_MAIN_CURRENT_D1_REGISTRY_PASS,,Resolved in prior Stage 2 protected-main registry pass against 74e1c357729388ac3a0a0f8fe161055aedae5302.
virginia-tech,Auburn,auburn,Auburn,Yes,7,1919-20,2023-24,RESOLVED,PROTECTED_MAIN_CURRENT_D1_REGISTRY_PASS,,Resolved in prior Stage 2 protected-main registry pass against 74e1c357729388ac3a0a0f8fe161055aedae5302.
virginia-tech,Augusta State,augusta-university,Augusta University,No,1,1982-83,1982-83,RESOLVED,ACCEPTED_PUBLISHED_PROJECT_REUSE,,Accepted Georgia package lineage.
virginia-tech,Austin Peay,austin-peay,Austin Peay,Yes,1,1974-75,1974-75,RESOLVED,PROTECTED_MAIN_CURRENT_D1_REGISTRY_PASS,,Resolved in prior Stage 2 protected-main registry pass against 74e1c357729388ac3a0a0f8fe161055aedae5302.
virginia-tech,BYU,byu,BYU,Yes,5,1967-68,2019-20,RESOLVED,PROTECTED_MAIN_CURRENT_D1_REGISTRY_PASS,,Resolved in prior Stage 2 protected-main registry pass against 74e1c357729388ac3a0a0f8fe161055aedae5302.
virginia-tech,Ball State,ball-state,Ball State,Yes,1,2018-19,2018-19,RESOLVED,PROTECTED_MAIN_CURRENT_D1_REGISTRY_PASS,,Resolved in prior Stage 2 protected-main registry pass against 74e1c357729388ac3a0a0f8fe161055aedae5302.
virginia-tech,Baylor,baylor,Baylor,Yes,3,1960-61,2008-09,RESOLVED,PROTECTED_MAIN_CURRENT_D1_REGISTRY_PASS,,Resolved in prior Stage 2 protected-main registry pass against 74e1c357729388ac3a0a0f8fe161055aedae5302.
virginia-tech,Beaver HS,beaver-high-school,Beaver High School,No,5,1911-12,1915-16,RESOLVED,LITERAL_HISTORICAL_NON_D1,,Historical high-school opponent; literal identity retained.
virginia-tech,Bethune-Cookman,bethune-cookman,Bethune-Cookman,Yes,2,2004-05,2010-11,RESOLVED,PROTECTED_MAIN_CURRENT_D1_REGISTRY_PASS,,Resolved in prior Stage 2 protected-main registry pass against 74e1c357729388ac3a0a0f8fe161055aedae5302.
virginia-tech,Birmingham Southern,birmingham-southern,Birmingham-Southern,No,2,1975-76,1976-77,RESOLVED,ACCEPTED_PUBLISHED_PROJECT_REUSE,,Accepted Florida State package identity.
virginia-tech,Blackstone Army Airfield,blackstone-army-airfield,Blackstone Army Airfield,No,1,1943-44,1943-44,RESOLVED,LITERAL_HISTORICAL_NON_D1,,Historical military-team identity; literal source label retained.
virginia-tech,Bluefield YMCA,bluefield-ymca,Bluefield YMCA,No,1,1908-09,1908-09,RESOLVED,LITERAL_HISTORICAL_NON_D1,,Historical YMCA opponent; literal source label retained.
virginia-tech,Boise State,boise-state,Boise State,Yes,1,2023-24,2023-24,RESOLVED,PROTECTED_MAIN_CURRENT_D1_REGISTRY_PASS,,Resolved in prior Stage 2 protected-main registry pass against 74e1c357729388ac3a0a0f8fe161055aedae5302.
virginia-tech,Bolling AFB,bolling-field,Bolling Field,No,1,1942-43,1942-43,RESOLVED,ACCEPTED_PUBLISHED_PROJECT_REUSE,,Same historical military installation identity already accepted in Virginia package; source uses later AFB wording.
virginia-tech,Boston College,boston-college,Boston College,Yes,34,1981-82,2025-26,RESOLVED,PROTECTED_MAIN_CURRENT_D1_REGISTRY_PASS,,Resolved in prior Stage 2 protected-main registry pass against 74e1c357729388ac3a0a0f8fe161055aedae5302.
virginia-tech,Bowling Green,bowling-green,Bowling Green,Yes,3,1967-68,2005-06,RESOLVED,PROTECTED_MAIN_CURRENT_D1_REGISTRY_PASS,,Resolved in prior Stage 2 protected-main registry pass against 74e1c357729388ac3a0a0f8fe161055aedae5302.
virginia-tech,Bradley,bradley,Bradley,Yes,1,2012-13,2012-13,RESOLVED,PROTECTED_MAIN_CURRENT_D1_REGISTRY_PASS,,Resolved in prior Stage 2 protected-main registry pass against 74e1c357729388ac3a0a0f8fe161055aedae5302.
virginia-tech,Bridgewater,bridgewater,Bridgewater,No,4,1917-18,1944-45,RESOLVED,ACCEPTED_PUBLISHED_PROJECT_REUSE,,Accepted Virginia package identity.
virginia-tech,Bristol YMCA,bristol-ymca,Bristol YMCA,No,2,1946-47,1947-48,RESOLVED,ACCEPTED_PUBLISHED_PROJECT_REUSE,,Accepted Tennessee package identity.
virginia-tech,Brown,brown,Brown,Yes,2,1977-78,2009-10,RESOLVED,PROTECTED_MAIN_CURRENT_D1_REGISTRY_PASS,,Resolved in prior Stage 2 protected-main registry pass against 74e1c357729388ac3a0a0f8fe161055aedae5302.
virginia-tech,Bryant,bryant,Bryant,Yes,1,2025-26,2025-26,RESOLVED,PROTECTED_MAIN_CURRENT_D1_REGISTRY_PASS,,Resolved in prior Stage 2 protected-main registry pass against 74e1c357729388ac3a0a0f8fe161055aedae5302.
virginia-tech,Bucknell,bucknell,Bucknell,Yes,1,1969-70,1969-70,RESOLVED,PROTECTED_MAIN_CURRENT_D1_REGISTRY_PASS,,Resolved in prior Stage 2 protected-main registry pass against 74e1c357729388ac3a0a0f8fe161055aedae5302.
virginia-tech,Buffalo State,buffalo-state,Buffalo State,No,1,1978-79,1978-79,RESOLVED,ACCEPTED_PUBLISHED_PROJECT_REUSE,,Accepted West Virginia/Clemson package identity.
virginia-tech,Cal,california,California,Yes,3,2024-25,2025-26,RESOLVED,PROTECTED_MAIN_CURRENT_D1_REGISTRY_PASS,,Resolved in prior Stage 2 protected-main registry pass against 74e1c357729388ac3a0a0f8fe161055aedae5302.
virginia-tech,Cal State Northridge,cal-state-northridge,CSUN,Yes,1,2010-11,2010-11,RESOLVED,PROTECTED_MAIN_CURRENT_D1_REGISTRY_PASS,,Resolved in prior Stage 2 protected-main registry pass against 74e1c357729388ac3a0a0f8fe161055aedae5302.
virginia-tech,California,california,California,Yes,1,1991-92,1991-92,RESOLVED,PROTECTED_MAIN_CURRENT_D1_REGISTRY_PASS,,Resolved in prior Stage 2 protected-main registry pass against 74e1c357729388ac3a0a0f8fe161055aedae5302.
virginia-tech,Campbell,campbell,Campbell,Yes,6,1979-80,2023-24,RESOLVED,PROTECTED_MAIN_CURRENT_D1_REGISTRY_PASS,,Resolved in prior Stage 2 protected-main registry pass against 74e1c357729388ac3a0a0f8fe161055aedae5302.
virginia-tech,Canisius,canisius,Canisius,Yes,2,1977-78,1994-95,RESOLVED,PROTECTED_MAIN_CURRENT_D1_REGISTRY_PASS,,Resolved in prior Stage 2 protected-main registry pass against 74e1c357729388ac3a0a0f8fe161055aedae5302.
virginia-tech,Cardinal Athletic Club,cardinal-athletic-club,Cardinal Athletic Club,No,1,1915-16,1915-16,RESOLVED,LITERAL_HISTORICAL_NON_D1,,Historical athletic-club identity; literal source label retained.
virginia-tech,Carson-Newman,carson-newman,Carson-Newman,No,5,1922-23,1928-29,RESOLVED,ACCEPTED_PUBLISHED_PROJECT_REUSE,,Accepted Wake Forest/Georgia package identity.
virginia-tech,Catawba,catawba,Catawba,No,1,1939-40,1939-40,RESOLVED,ACCEPTED_PUBLISHED_PROJECT_REUSE,,Accepted North Carolina/Wake Forest/Clemson package identity.
virginia-tech,Catholic,catholic,Catholic,No,9,1913-14,1946-47,RESOLVED,ACCEPTED_PUBLISHED_PROJECT_REUSE,,Accepted Virginia/Maryland/North Carolina/Wake Forest package identity.
virginia-tech,Centenary,centenary,Centenary,No,1,1958-59,1958-59,RESOLVED,ACCEPTED_PUBLISHED_PROJECT_REUSE,,Accepted Tennessee/Kentucky/Miami package identity.
virginia-tech,Central Connecticut State,central-connecticut,Central Connecticut,Yes,1,2018-19,2018-19,RESOLVED,PROTECTED_MAIN_CURRENT_D1_REGISTRY_PASS,,Resolved in prior Stage 2 protected-main registry pass against 74e1c357729388ac3a0a0f8fe161055aedae5302.
virginia-tech,Centre,centre,Centre,No,1,1923-24,1923-24,RESOLVED,ACCEPTED_PUBLISHED_PROJECT_REUSE,,Accepted West Virginia/Tennessee/Clemson/Kentucky package identity.
virginia-tech,Chaminade,chaminade,Chaminade,No,1,1985-86,1985-86,RESOLVED,ACCEPTED_PUBLISHED_PROJECT_REUSE,,Accepted Virginia and multiple published packages.
virginia-tech,Charleston,charleston,Charleston,Yes,6,1921-22,1984-85,RESOLVED,PROTECTED_MAIN_CURRENT_D1_REGISTRY_PASS,,Resolved in prior Stage 2 protected-main registry pass against 74e1c357729388ac3a0a0f8fe161055aedae5302.
virginia-tech,Charleston Southern,charleston-southern,Charleston Southern,Yes,8,1976-77,2025-26,RESOLVED,PROTECTED_MAIN_CURRENT_D1_REGISTRY_PASS,,Resolved in prior Stage 2 protected-main registry pass against 74e1c357729388ac3a0a0f8fe161055aedae5302.
virginia-tech,Charlotte,charlotte,Charlotte,Yes,15,1987-88,2025-26,RESOLVED,PROTECTED_MAIN_CURRENT_D1_REGISTRY_PASS,,Resolved in prior Stage 2 protected-main registry pass against 74e1c357729388ac3a0a0f8fe161055aedae5302.
virginia-tech,Chattanooga,chattanooga,Chattanooga,Yes,4,1922-23,2019-20,RESOLVED,PROTECTED_MAIN_CURRENT_D1_REGISTRY_PASS,,Resolved in prior Stage 2 protected-main registry pass against 74e1c357729388ac3a0a0f8fe161055aedae5302.
virginia-tech,Church Hill Athletic Club,church-hill-athletic-club,Church Hill Athletic Club,No,4,1915-16,1920-21,RESOLVED,LITERAL_HISTORICAL_NON_D1,,Historical athletic-club identity; literal source label retained.
virginia-tech,Cincinnati,cincinnati,Cincinnati,Yes,31,1978-79,2022-23,RESOLVED,PROTECTED_MAIN_CURRENT_D1_REGISTRY_PASS,,Resolved in prior Stage 2 protected-main registry pass against 74e1c357729388ac3a0a0f8fe161055aedae5302.
virginia-tech,City College of New York,city-college-of-new-york,City College of New York,No,1,1978-79,1978-79,RESOLVED,ACCEPTED_PUBLISHED_PROJECT_REUSE,,Accepted West Virginia/Kentucky package identity.
virginia-tech,Clemson,clemson,Clemson,Yes,37,1924-25,2024-25,RESOLVED,PROTECTED_MAIN_CURRENT_D1_REGISTRY_PASS,,Resolved in prior Stage 2 protected-main registry pass against 74e1c357729388ac3a0a0f8fe161055aedae5302.
virginia-tech,Coastal Carolina,coastal-carolina,Coastal Carolina,Yes,4,1993-94,1998-99,RESOLVED,PROTECTED_MAIN_CURRENT_D1_REGISTRY_PASS,,Resolved in prior Stage 2 protected-main registry pass against 74e1c357729388ac3a0a0f8fe161055aedae5302.
virginia-tech,College of Charleston,charleston,Charleston,Yes,2,1954-55,2022-23,RESOLVED,PROTECTED_MAIN_CURRENT_D1_REGISTRY_PASS,,Resolved in prior Stage 2 protected-main registry pass against 74e1c357729388ac3a0a0f8fe161055aedae5302.
virginia-tech,Collegiate Stars,collegiate-stars,Collegiate Stars,No,1,1920-21,1920-21,RESOLVED,LITERAL_HISTORICAL_NON_D1,,Historical select/club opponent; literal identity retained.
virginia-tech,Colorado,colorado,Colorado,Yes,1,1996-97,1996-97,RESOLVED,PROTECTED_MAIN_CURRENT_D1_REGISTRY_PASS,,Resolved in prior Stage 2 protected-main registry pass against 74e1c357729388ac3a0a0f8fe161055aedae5302.
virginia-tech,Colorado State,colorado-state,Colorado State,Yes,2,2012-13,2025-26,RESOLVED,PROTECTED_MAIN_CURRENT_D1_REGISTRY_PASS,,Resolved in prior Stage 2 protected-main registry pass against 74e1c357729388ac3a0a0f8fe161055aedae5302.
virginia-tech,Columbia,columbia,Columbia,Yes,1,2008-09,2008-09,RESOLVED,PROTECTED_MAIN_CURRENT_D1_REGISTRY_PASS,,Resolved in prior Stage 2 protected-main registry pass against 74e1c357729388ac3a0a0f8fe161055aedae5302.
virginia-tech,Concord,concord,Concord,No,4,1922-23,1944-45,RESOLVED,LITERAL_HISTORICAL_NON_D1,,Historical college identity retained distinctly; no current-D1 merge supported.
virginia-tech,Connecticut,uconn,Connecticut,Yes,5,2000-01,2009-10,RESOLVED,PROTECTED_MAIN_CURRENT_D1_REGISTRY_PASS,,Resolved in prior Stage 2 protected-main registry pass against 74e1c357729388ac3a0a0f8fe161055aedae5302.
virginia-tech,Coppin State,coppin-state,Coppin State,Yes,5,1985-86,2023-24,RESOLVED,PROTECTED_MAIN_CURRENT_D1_REGISTRY_PASS,,Resolved in prior Stage 2 protected-main registry pass against 74e1c357729388ac3a0a0f8fe161055aedae5302.
virginia-tech,Cornell,cornell,Cornell,Yes,1,2021-22,2021-22,RESOLVED,PROTECTED_MAIN_CURRENT_D1_REGISTRY_PASS,,Resolved in prior Stage 2 protected-main registry pass against 74e1c357729388ac3a0a0f8fe161055aedae5302.
virginia-tech,Creighton,creighton,Creighton,Yes,1,1989-90,1989-90,RESOLVED,PROTECTED_MAIN_CURRENT_D1_REGISTRY_PASS,,Resolved in prior Stage 2 protected-main registry pass against 74e1c357729388ac3a0a0f8fe161055aedae5302.
virginia-tech,Daleville,daleville-college,Daleville College,No,7,1914-15,1920-21,RESOLVED,TARGET_INSTITUTIONAL_HISTORICAL_IDENTITY,,Virginia Tech historical source identifies Daleville College during the exact playing era.
virginia-tech,Davidson,davidson,Davidson,Yes,37,1909-10,1971-72,RESOLVED,PROTECTED_MAIN_CURRENT_D1_REGISTRY_PASS,,Resolved in prior Stage 2 protected-main registry pass against 74e1c357729388ac3a0a0f8fe161055aedae5302.
virginia-tech,Dayton,dayton,Dayton,Yes,15,1966-67,2022-23,RESOLVED,PROTECTED_MAIN_CURRENT_D1_REGISTRY_PASS,,Resolved in prior Stage 2 protected-main registry pass against 74e1c357729388ac3a0a0f8fe161055aedae5302.
virginia-tech,DePaul,depaul,DePaul,Yes,2,1974-75,1975-76,RESOLVED,PROTECTED_MAIN_CURRENT_D1_REGISTRY_PASS,,Resolved in prior Stage 2 protected-main registry pass against 74e1c357729388ac3a0a0f8fe161055aedae5302.
virginia-tech,Delaware,delaware,Delaware,Yes,4,1919-20,2009-10,RESOLVED,PROTECTED_MAIN_CURRENT_D1_REGISTRY_PASS,,Resolved in prior Stage 2 protected-main registry pass against 74e1c357729388ac3a0a0f8fe161055aedae5302.
virginia-tech,Delaware State,delaware-state,Delaware State,Yes,4,1994-95,2024-25,RESOLVED,PROTECTED_MAIN_CURRENT_D1_REGISTRY_PASS,,Resolved in prior Stage 2 protected-main registry pass against 74e1c357729388ac3a0a0f8fe161055aedae5302.
virginia-tech,Detroit Mercy,detroit-mercy,Detroit Mercy,Yes,1,2017-18,2017-18,RESOLVED,PROTECTED_MAIN_CURRENT_D1_REGISTRY_PASS,,Resolved in prior Stage 2 protected-main registry pass against 74e1c357729388ac3a0a0f8fe161055aedae5302.
virginia-tech,Duke,duke,Duke,Yes,30,1911-12,2022-23,RESOLVED,PROTECTED_MAIN_CURRENT_D1_REGISTRY_PASS,,Resolved in prior Stage 2 protected-main registry pass against 74e1c357729388ac3a0a0f8fe161055aedae5302.
virginia-tech,Duquesne,duquesne,Duquesne,Yes,13,1950-51,2008-09,RESOLVED,PROTECTED_MAIN_CURRENT_D1_REGISTRY_PASS,,Resolved in prior Stage 2 protected-main registry pass against 74e1c357729388ac3a0a0f8fe161055aedae5302.
virginia-tech,Durham YMCA,durham-ymca,Durham YMCA,No,1,1912-13,1912-13,RESOLVED,ACCEPTED_PUBLISHED_PROJECT_REUSE,,Accepted North Carolina/Wake Forest historical YMCA identity.
virginia-tech,ETSU,east-tennessee-state,East Tennessee State,Yes,18,1959-60,2012-13,RESOLVED,PROTECTED_MAIN_CURRENT_D1_REGISTRY_PASS,,Resolved in prior Stage 2 protected-main registry pass against 74e1c357729388ac3a0a0f8fe161055aedae5302.
virginia-tech,East Carolina,east-carolina,East Carolina,Yes,17,1961-62,2003-04,RESOLVED,PROTECTED_MAIN_CURRENT_D1_REGISTRY_PASS,,Resolved in prior Stage 2 protected-main registry pass against 74e1c357729388ac3a0a0f8fe161055aedae5302.
virginia-tech,Eastern,eastern-vt-1918,Eastern (VT 1918 opponent),No,1,1917-18,1917-18,RESEARCHED_HOLD_DISTINCT,RESEARCHED_HOLD_DISTINCT,,Target source establishes only 'Eastern' for the 1918 game; no authoritative evidence safely identifies a present-day/current-D1 program. Preserve as distinct historical hold rather than force a merge.
virginia-tech,Eastern Kentucky,eastern-kentucky,Eastern Kentucky,Yes,12,1950-51,1974-75,RESOLVED,PROTECTED_MAIN_CURRENT_D1_REGISTRY_PASS,,Resolved in prior Stage 2 protected-main registry pass against 74e1c357729388ac3a0a0f8fe161055aedae5302.
virginia-tech,Eastern Michigan,eastern-michigan,Eastern Michigan,Yes,1,2011-12,2011-12,RESOLVED,PROTECTED_MAIN_CURRENT_D1_REGISTRY_PASS,,Resolved in prior Stage 2 protected-main registry pass against 74e1c357729388ac3a0a0f8fe161055aedae5302.
virginia-tech,Eastern Washington,eastern-washington,Eastern Washington,Yes,1,2007-08,2007-08,RESOLVED,PROTECTED_MAIN_CURRENT_D1_REGISTRY_PASS,,Resolved in prior Stage 2 protected-main registry pass against 74e1c357729388ac3a0a0f8fe161055aedae5302.
virginia-tech,Elon,elon,Elon,Yes,21,1913-14,2025-26,RESOLVED,PROTECTED_MAIN_CURRENT_D1_REGISTRY_PASS,,Resolved in prior Stage 2 protected-main registry pass against 74e1c357729388ac3a0a0f8fe161055aedae5302.
virginia-tech,Emory & Henry,emory-and-henry,Emory & Henry,No,25,1908-09,1946-47,RESOLVED,ACCEPTED_PUBLISHED_PROJECT_REUSE,,Accepted Duke/Virginia/Wake Forest historical identity; current-main published packages contain a stale key variant that remains an Integration rebase issue.
virginia-tech,Episcopal HS,episcopal-high-school,Episcopal High School,No,1,1913-14,1913-14,RESOLVED,LITERAL_HISTORICAL_NON_D1,,Historical high-school opponent; literal identity retained.
virginia-tech,Fairfield,fairfield,Fairfield,Yes,3,1972-73,2008-09,RESOLVED,PROTECTED_MAIN_CURRENT_D1_REGISTRY_PASS,,Resolved in prior Stage 2 protected-main registry pass against 74e1c357729388ac3a0a0f8fe161055aedae5302.
virginia-tech,Fairleigh Dickinson,fairleigh-dickinson,Fairleigh Dickinson,Yes,2,1974-75,1976-77,RESOLVED,PROTECTED_MAIN_CURRENT_D1_REGISTRY_PASS,,Resolved in prior Stage 2 protected-main registry pass against 74e1c357729388ac3a0a0f8fe161055aedae5302.
virginia-tech,Florida,florida,Florida,Yes,10,1961-62,2020-21,RESOLVED,PROTECTED_MAIN_CURRENT_D1_REGISTRY_PASS,,Resolved in prior Stage 2 protected-main registry pass against 74e1c357729388ac3a0a0f8fe161055aedae5302.
virginia-tech,Florida Atlantic,florida-atlantic,Florida Atlantic,Yes,3,1992-93,1994-95,RESOLVED,PROTECTED_MAIN_CURRENT_D1_REGISTRY_PASS,,Resolved in prior Stage 2 protected-main registry pass against 74e1c357729388ac3a0a0f8fe161055aedae5302.
virginia-tech,Florida International,florida-international,Florida International,Yes,3,1992-93,2011-12,RESOLVED,PROTECTED_MAIN_CURRENT_D1_REGISTRY_PASS,,Resolved in prior Stage 2 protected-main registry pass against 74e1c357729388ac3a0a0f8fe161055aedae5302.
virginia-tech,Florida State,florida-state,Florida State,Yes,57,1968-69,2025-26,RESOLVED,PROTECTED_MAIN_CURRENT_D1_REGISTRY_PASS,,Resolved in prior Stage 2 protected-main registry pass against 74e1c357729388ac3a0a0f8fe161055aedae5302.
virginia-tech,Fordham,fordham,Fordham,Yes,9,1981-82,1999-00,RESOLVED,PROTECTED_MAIN_CURRENT_D1_REGISTRY_PASS,,Resolved in prior Stage 2 protected-main registry pass against 74e1c357729388ac3a0a0f8fe161055aedae5302.
virginia-tech,Fort Myer,fort-myer,Fort Myer,No,1,1950-51,1950-51,RESOLVED,ACCEPTED_PUBLISHED_PROJECT_REUSE,,Accepted Virginia historical military identity.
virginia-tech,Fredonia State,fredonia-state,Fredonia State,No,1,1982-83,1982-83,RESOLVED,ACCEPTED_PUBLISHED_PROJECT_REUSE,,Accepted South Carolina historical/non-D1 identity.
virginia-tech,Furman,furman,Furman,Yes,26,1924-25,2013-14,RESOLVED,PROTECTED_MAIN_CURRENT_D1_REGISTRY_PASS,,Resolved in prior Stage 2 protected-main registry pass against 74e1c357729388ac3a0a0f8fe161055aedae5302.
virginia-tech,Gallaudet,gallaudet,Gallaudet,No,2,1915-16,1918-19,RESOLVED,ACCEPTED_PUBLISHED_PROJECT_REUSE,,Accepted Virginia/Maryland historical identity.
virginia-tech,Gardner-Webb,gardner-webb,Gardner-Webb,Yes,3,2008-09,2019-20,RESOLVED,PROTECTED_MAIN_CURRENT_D1_REGISTRY_PASS,,Resolved in prior Stage 2 protected-main registry pass against 74e1c357729388ac3a0a0f8fe161055aedae5302.
virginia-tech,George Mason,george-mason,George Mason,Yes,3,1991-92,2025-26,RESOLVED,PROTECTED_MAIN_CURRENT_D1_REGISTRY_PASS,,Resolved in prior Stage 2 protected-main registry pass against 74e1c357729388ac3a0a0f8fe161055aedae5302.
virginia-tech,George Washington,george-washington,George Washington,Yes,69,1920-21,2007-08,RESOLVED,PROTECTED_MAIN_CURRENT_D1_REGISTRY_PASS,,Resolved in prior Stage 2 protected-main registry pass against 74e1c357729388ac3a0a0f8fe161055aedae5302.
virginia-tech,Georgetown,georgetown,Georgetown,Yes,9,1914-15,2003-04,RESOLVED,PROTECTED_MAIN_CURRENT_D1_REGISTRY_PASS,,Resolved in prior Stage 2 protected-main registry pass against 74e1c357729388ac3a0a0f8fe161055aedae5302.
virginia-tech,Georgia,georgia,Georgia,Yes,7,1963-64,2009-10,RESOLVED,PROTECTED_MAIN_CURRENT_D1_REGISTRY_PASS,,Resolved in prior Stage 2 protected-main registry pass against 74e1c357729388ac3a0a0f8fe161055aedae5302.
virginia-tech,Georgia Southern,georgia-southern,Georgia Southern,Yes,6,1970-71,2012-13,RESOLVED,PROTECTED_MAIN_CURRENT_D1_REGISTRY_PASS,,Resolved in prior Stage 2 protected-main registry pass against 74e1c357729388ac3a0a0f8fe161055aedae5302.
virginia-tech,Georgia Tech,georgia-tech,Georgia Tech,Yes,33,1920-21,2025-26,RESOLVED,PROTECTED_MAIN_CURRENT_D1_REGISTRY_PASS,,Resolved in prior Stage 2 protected-main registry pass against 74e1c357729388ac3a0a0f8fe161055aedae5302.
virginia-tech,Grambling State,grambling,Grambling,Yes,2,2015-16,2022-23,RESOLVED,PROTECTED_MAIN_CURRENT_D1_REGISTRY_PASS,,Resolved in prior Stage 2 protected-main registry pass against 74e1c357729388ac3a0a0f8fe161055aedae5302.
virginia-tech,Guilford,guilford,Guilford College,No,5,1912-13,1955-56,RESOLVED,ACCEPTED_PUBLISHED_PROJECT_REUSE,,Accepted Virginia/North Carolina/Wake Forest identity.
virginia-tech,Hampden-Sydney,hampden-sydney,Hampden-Sydney,No,31,1909-10,1951-52,RESOLVED,ACCEPTED_PUBLISHED_PROJECT_REUSE,,Accepted Virginia/Maryland/Wake Forest historical identity.
virginia-tech,Hanes Hosiery,hanes-hosiery,Hanes Hosiery,No,1,1946-47,1946-47,RESOLVED,ACCEPTED_PUBLISHED_PROJECT_REUSE,,Accepted North Carolina/Wake Forest industrial-team identity.
virginia-tech,Hawaii-Hilo,hawaii-hilo,Hawai'i Hilo,No,1,1996-97,1996-97,RESOLVED,ACCEPTED_PUBLISHED_PROJECT_REUSE,,Dominant accepted project identity across multiple published packages; one stale spelling/key variant is an Integration rebase issue.
virginia-tech,High Point,high-point,High Point,Yes,3,1952-53,2016-17,RESOLVED,PROTECTED_MAIN_CURRENT_D1_REGISTRY_PASS,,Resolved in prior Stage 2 protected-main registry pass against 74e1c357729388ac3a0a0f8fe161055aedae5302.
virginia-tech,Hofstra,hofstra,Hofstra,Yes,1,2007-08,2007-08,RESOLVED,PROTECTED_MAIN_CURRENT_D1_REGISTRY_PASS,,Resolved in prior Stage 2 protected-main registry pass against 74e1c357729388ac3a0a0f8fe161055aedae5302.
virginia-tech,House of David,house-of-david,House of David,No,2,1939-40,1946-47,RESOLVED,ACCEPTED_PUBLISHED_PROJECT_REUSE,,Accepted Virginia historical traveling-team identity.
virginia-tech,Houston,houston,Houston,Yes,2,1968-69,1973-74,RESOLVED,PROTECTED_MAIN_CURRENT_D1_REGISTRY_PASS,,Resolved in prior Stage 2 protected-main registry pass against 74e1c357729388ac3a0a0f8fe161055aedae5302.
virginia-tech,Houston Christian,houston-christian,Houston Christian,Yes,1,2017-18,2017-18,RESOLVED,PROTECTED_MAIN_CURRENT_D1_REGISTRY_PASS,,Resolved in prior Stage 2 protected-main registry pass against 74e1c357729388ac3a0a0f8fe161055aedae5302.
virginia-tech,Idaho State,idaho-state,Idaho State,Yes,1,1967-68,1967-68,RESOLVED,PROTECTED_MAIN_CURRENT_D1_REGISTRY_PASS,,Resolved in prior Stage 2 protected-main registry pass against 74e1c357729388ac3a0a0f8fe161055aedae5302.
virginia-tech,Illinois,illinois,Illinois,Yes,3,1994-95,2006-07,RESOLVED,PROTECTED_MAIN_CURRENT_D1_REGISTRY_PASS,,Resolved in prior Stage 2 protected-main registry pass against 74e1c357729388ac3a0a0f8fe161055aedae5302.
virginia-tech,Illinois State,illinois-state,Illinois State,Yes,1,1999-00,1999-00,RESOLVED,PROTECTED_MAIN_CURRENT_D1_REGISTRY_PASS,,Resolved in prior Stage 2 protected-main registry pass against 74e1c357729388ac3a0a0f8fe161055aedae5302.
virginia-tech,Indiana,indiana,Indiana,Yes,1,1966-67,1966-67,RESOLVED,PROTECTED_MAIN_CURRENT_D1_REGISTRY_PASS,,Resolved in prior Stage 2 protected-main registry pass against 74e1c357729388ac3a0a0f8fe161055aedae5302.
virginia-tech,Iowa,iowa,Iowa,Yes,4,2006-07,2017-18,RESOLVED,PROTECTED_MAIN_CURRENT_D1_REGISTRY_PASS,,Resolved in prior Stage 2 protected-main registry pass against 74e1c357729388ac3a0a0f8fe161055aedae5302.
virginia-tech,Iowa State,iowa-state,Iowa State,Yes,2,1984-85,2023-24,RESOLVED,PROTECTED_MAIN_CURRENT_D1_REGISTRY_PASS,,Resolved in prior Stage 2 protected-main registry pass against 74e1c357729388ac3a0a0f8fe161055aedae5302.
virginia-tech,Jacksonville,jacksonville,Jacksonville,Yes,6,1975-76,2024-25,RESOLVED,PROTECTED_MAIN_CURRENT_D1_REGISTRY_PASS,,Resolved in prior Stage 2 protected-main registry pass against 74e1c357729388ac3a0a0f8fe161055aedae5302.
virginia-tech,Jacksonville State,jacksonville-state,Jacksonville State,Yes,1,2015-16,2015-16,RESOLVED,PROTECTED_MAIN_CURRENT_D1_REGISTRY_PASS,,Resolved in prior Stage 2 protected-main registry pass against 74e1c357729388ac3a0a0f8fe161055aedae5302.
virginia-tech,James Madison,james-madison,James Madison,Yes,14,1978-79,2005-06,RESOLVED,PROTECTED_MAIN_CURRENT_D1_REGISTRY_PASS,,Resolved in prior Stage 2 protected-main registry pass against 74e1c357729388ac3a0a0f8fe161055aedae5302.
virginia-tech,Johns Hopkins,johns-hopkins,Johns Hopkins,No,3,1919-20,1981-82,RESOLVED,ACCEPTED_PUBLISHED_PROJECT_REUSE,,Accepted Virginia/Maryland/Wake Forest identity.
virginia-tech,Kane's Rebels,kanes-rebels,Kane's Rebels,No,2,1949-50,1950-51,RESOLVED,LITERAL_HISTORICAL_NON_D1,,Historical Roanoke-area team; literal identity retained.
virginia-tech,Kansas State,kansas-state,Kansas State,Yes,1,2011-12,2011-12,RESOLVED,PROTECTED_MAIN_CURRENT_D1_REGISTRY_PASS,,Resolved in prior Stage 2 protected-main registry pass against 74e1c357729388ac3a0a0f8fe161055aedae5302.
virginia-tech,Kent State,kent-state,Kent State,Yes,2,1970-71,1971-72,RESOLVED,PROTECTED_MAIN_CURRENT_D1_REGISTRY_PASS,,Resolved in prior Stage 2 protected-main registry pass against 74e1c357729388ac3a0a0f8fe161055aedae5302.
virginia-tech,Kentucky,kentucky,Kentucky,Yes,1,1923-24,1923-24,RESOLVED,PROTECTED_MAIN_CURRENT_D1_REGISTRY_PASS,,Resolved in prior Stage 2 protected-main registry pass against 74e1c357729388ac3a0a0f8fe161055aedae5302.
virginia-tech,King College,king-tn,King,No,7,1913-14,1927-28,RESOLVED,ACCEPTED_PUBLISHED_PROJECT_REUSE,,Accepted Tennessee historical identity.
virginia-tech,Kroger Blue Devils,kroger-blue-devils,Kroger Blue Devils,No,1,1934-35,1934-35,RESOLVED,LITERAL_HISTORICAL_NON_D1,,Historical independent/team identity; literal label retained.
virginia-tech,LIU Brooklyn,long-island-university,Long Island University,Yes,1,1949-50,1949-50,RESOLVED,ACCEPTED_CURRENT_D1_LINEAGE_REUSE,,Accepted Kentucky package/current Long Island University program lineage.
virginia-tech,LSU,lsu,LSU,Yes,1,1963-64,1963-64,RESOLVED,PROTECTED_MAIN_CURRENT_D1_REGISTRY_PASS,,Resolved in prior Stage 2 protected-main registry pass against 74e1c357729388ac3a0a0f8fe161055aedae5302.
virginia-tech,La Salle,la-salle,La Salle,Yes,10,1995-96,1999-00,RESOLVED,PROTECTED_MAIN_CURRENT_D1_REGISTRY_PASS,,Resolved in prior Stage 2 protected-main registry pass against 74e1c357729388ac3a0a0f8fe161055aedae5302.
virginia-tech,Lamar,lamar,Lamar,Yes,1,2015-16,2015-16,RESOLVED,PROTECTED_MAIN_CURRENT_D1_REGISTRY_PASS,,Resolved in prior Stage 2 protected-main registry pass against 74e1c357729388ac3a0a0f8fe161055aedae5302.
virginia-tech,Langley AFB,langley-field,Langley Field,No,2,1940-41,1941-42,RESOLVED,HISTORICAL_MILITARY_IDENTITY_NORMALIZATION,,Exact games are at Langley Field in 1940-42; preserve one historical installation/team identity despite retrospective AFB wording.
virginia-tech,Lehigh,lehigh,Lehigh,Yes,2,2019-20,2022-23,RESOLVED,PROTECTED_MAIN_CURRENT_D1_REGISTRY_PASS,,Resolved in prior Stage 2 protected-main registry pass against 74e1c357729388ac3a0a0f8fe161055aedae5302.
virginia-tech,Lenoir-Rhyne,lenoir-rhyne,Lenoir-Rhyne,No,2,1921-22,1954-55,RESOLVED,ACCEPTED_PUBLISHED_PROJECT_REUSE,,Accepted North Carolina/Wake Forest/South Carolina/Georgia identity.
virginia-tech,Liberty,liberty,Liberty,Yes,18,1979-80,2018-19,RESOLVED,PROTECTED_MAIN_CURRENT_D1_REGISTRY_PASS,,Resolved in prior Stage 2 protected-main registry pass against 74e1c357729388ac3a0a0f8fe161055aedae5302.
virginia-tech,Little Creek NAS,little-creek-nas,Little Creek NAS,No,1,1950-51,1950-51,RESOLVED,LITERAL_HISTORICAL_NON_D1,,Historical naval-team identity; literal label retained.
virginia-tech,Longwood,longwood,Longwood,Yes,4,2008-09,2020-21,RESOLVED,PROTECTED_MAIN_CURRENT_D1_REGISTRY_PASS,,Resolved in prior Stage 2 protected-main registry pass against 74e1c357729388ac3a0a0f8fe161055aedae5302.
virginia-tech,Louisiana Tech,louisiana-tech,Louisiana Tech,Yes,1,1958-59,1958-59,RESOLVED,PROTECTED_MAIN_CURRENT_D1_REGISTRY_PASS,,Resolved in prior Stage 2 protected-main registry pass against 74e1c357729388ac3a0a0f8fe161055aedae5302.
virginia-tech,Louisiana-Lafayette,louisiana,Louisiana,Yes,2,1983-84,1999-00,RESOLVED,PROTECTED_MAIN_CURRENT_D1_REGISTRY_PASS,,Resolved in prior Stage 2 protected-main registry pass against 74e1c357729388ac3a0a0f8fe161055aedae5302.
virginia-tech,Louisville,louisville,Louisville,Yes,27,1978-79,2023-24,RESOLVED,PROTECTED_MAIN_CURRENT_D1_REGISTRY_PASS,,Resolved in prior Stage 2 protected-main registry pass against 74e1c357729388ac3a0a0f8fe161055aedae5302.
virginia-tech,Loyola Maryland,loyola-maryland,Loyola Maryland,Yes,6,1949-50,2004-05,RESOLVED,PROTECTED_MAIN_CURRENT_D1_REGISTRY_PASS,,Resolved in prior Stage 2 protected-main registry pass against 74e1c357729388ac3a0a0f8fe161055aedae5302.
virginia-tech,Lynchburg,lynchburg,Lynchburg,No,9,1920-21,1946-47,RESOLVED,ACCEPTED_PUBLISHED_PROJECT_REUSE,,Accepted Virginia/North Carolina/Wake Forest identity.
virginia-tech,Lynchburg Athletic Club,lynchburg-athletic-club,Lynchburg Athletic Club,No,4,1917-18,1919-20,RESOLVED,ACCEPTED_PUBLISHED_PROJECT_REUSE,,Accepted Virginia/North Carolina identity.
virginia-tech,Lynchburg Elks Club,lynchburg-elks-club,Lynchburg Elks Club,No,2,1920-21,1921-22,RESOLVED,LITERAL_HISTORICAL_NON_D1,,Historical club identity; literal label retained.
virginia-tech,Lynchburg YMCA,lynchburg-ymca,Lynchburg YMCA,No,6,1909-10,1917-18,RESOLVED,ACCEPTED_PUBLISHED_PROJECT_REUSE,,Accepted North Carolina/Wake Forest identity.
virginia-tech,Maine,maine,Maine,Yes,2,2016-17,2021-22,RESOLVED,PROTECTED_MAIN_CURRENT_D1_REGISTRY_PASS,,Resolved in prior Stage 2 protected-main registry pass against 74e1c357729388ac3a0a0f8fe161055aedae5302.
virginia-tech,Marietta,marietta,Marietta,No,1,1976-77,1976-77,RESOLVED,ACCEPTED_PUBLISHED_PROJECT_REUSE,,Accepted West Virginia/Kentucky identity.
virginia-tech,Marquette,marquette,Marquette,Yes,6,1981-82,1994-95,RESOLVED,PROTECTED_MAIN_CURRENT_D1_REGISTRY_PASS,,Resolved in prior Stage 2 protected-main registry pass against 74e1c357729388ac3a0a0f8fe161055aedae5302.
virginia-tech,Marshall,marshall,Marshall,Yes,19,1921-22,2006-07,RESOLVED,PROTECTED_MAIN_CURRENT_D1_REGISTRY_PASS,,Resolved in prior Stage 2 protected-main registry pass against 74e1c357729388ac3a0a0f8fe161055aedae5302.
virginia-tech,Maryland,maryland,Maryland,Yes,41,1925-26,2021-22,RESOLVED,PROTECTED_MAIN_CURRENT_D1_REGISTRY_PASS,,Resolved in prior Stage 2 protected-main registry pass against 74e1c357729388ac3a0a0f8fe161055aedae5302.
virginia-tech,Maryland Eastern Shore,maryland-eastern-shore,UMES,Yes,11,1982-83,2025-26,RESOLVED,PROTECTED_MAIN_CURRENT_D1_REGISTRY_PASS,,Resolved in prior Stage 2 protected-main registry pass against 74e1c357729388ac3a0a0f8fe161055aedae5302.
virginia-tech,Maryville,maryville-tn,Maryville (Tenn.),No,2,1913-14,1931-32,RESOLVED,ACCEPTED_PROJECT_IDENTITY_WITH_GLOBAL_KEY_SPLIT,,Regional published packages identify the historical Maryville opponent as Maryville College (Tenn.); protected main contains stale competing historical keys to reconcile during Integration.
virginia-tech,Massachusetts,massachusetts,Massachusetts,Yes,6,1965-66,1999-00,RESOLVED,PROTECTED_MAIN_CURRENT_D1_REGISTRY_PASS,,Resolved in prior Stage 2 protected-main registry pass against 74e1c357729388ac3a0a0f8fe161055aedae5302.
virginia-tech,McGuire Hospital,mcguire-hospital,McGuire Hospital,No,1,1945-46,1945-46,RESOLVED,LITERAL_HISTORICAL_NON_D1,,Historical hospital/military-team identity; literal source label retained.
virginia-tech,Memphis,memphis,Memphis,Yes,19,1975-76,2004-05,RESOLVED,PROTECTED_MAIN_CURRENT_D1_REGISTRY_PASS,,Resolved in prior Stage 2 protected-main registry pass against 74e1c357729388ac3a0a0f8fe161055aedae5302.
virginia-tech,Mercer,mercer,Mercer,Yes,1,1973-74,1973-74,RESOLVED,PROTECTED_MAIN_CURRENT_D1_REGISTRY_PASS,,Resolved in prior Stage 2 protected-main registry pass against 74e1c357729388ac3a0a0f8fe161055aedae5302.
virginia-tech,Merrimack,merrimack,Merrimack,Yes,1,2021-22,2021-22,RESOLVED,PROTECTED_MAIN_CURRENT_D1_REGISTRY_PASS,,Resolved in prior Stage 2 protected-main registry pass against 74e1c357729388ac3a0a0f8fe161055aedae5302.
virginia-tech,Miami,miami,Miami (FL),Yes,41,2000-01,2025-26,RESOLVED,PROTECTED_MAIN_CURRENT_D1_REGISTRY_PASS,,Resolved in prior Stage 2 protected-main registry pass against 74e1c357729388ac3a0a0f8fe161055aedae5302.
virginia-tech,Miami (Ohio),miami-oh,Miami (OH),Yes,3,1979-80,2014-15,RESOLVED,PROTECTED_MAIN_CURRENT_D1_REGISTRY_PASS,,Resolved in prior Stage 2 protected-main registry pass against 74e1c357729388ac3a0a0f8fe161055aedae5302.
virginia-tech,Michigan,michigan,Michigan,Yes,6,1974-75,2024-25,RESOLVED,PROTECTED_MAIN_CURRENT_D1_REGISTRY_PASS,,Resolved in prior Stage 2 protected-main registry pass against 74e1c357729388ac3a0a0f8fe161055aedae5302.
virginia-tech,Middle Tennessee,middle-tennessee,Middle Tennessee,Yes,1,1987-88,1987-88,RESOLVED,PROTECTED_MAIN_CURRENT_D1_REGISTRY_PASS,,Resolved in prior Stage 2 protected-main registry pass against 74e1c357729388ac3a0a0f8fe161055aedae5302.
virginia-tech,Milligan,milligan,Milligan,No,3,1921-22,1944-45,RESOLVED,ACCEPTED_PUBLISHED_PROJECT_REUSE,,Accepted Virginia/North Carolina/Wake Forest/Tennessee identity.
virginia-tech,Minnesota,minnesota,Minnesota,Yes,2,2011-12,2022-23,RESOLVED,PROTECTED_MAIN_CURRENT_D1_REGISTRY_PASS,,Resolved in prior Stage 2 protected-main registry pass against 74e1c357729388ac3a0a0f8fe161055aedae5302.
virginia-tech,Mississippi State,mississippi-state,Mississippi State,Yes,7,1959-60,2010-11,RESOLVED,PROTECTED_MAIN_CURRENT_D1_REGISTRY_PASS,,Resolved in prior Stage 2 protected-main registry pass against 74e1c357729388ac3a0a0f8fe161055aedae5302.
virginia-tech,Mississippi Valley State,mississippi-valley-state,Mississippi Valley State,Yes,1,2012-13,2012-13,RESOLVED,PROTECTED_MAIN_CURRENT_D1_REGISTRY_PASS,,Resolved in prior Stage 2 protected-main registry pass against 74e1c357729388ac3a0a0f8fe161055aedae5302.
virginia-tech,Missouri,missouri,Missouri,Yes,2,1987-88,1988-89,RESOLVED,PROTECTED_MAIN_CURRENT_D1_REGISTRY_PASS,,Resolved in prior Stage 2 protected-main registry pass against 74e1c357729388ac3a0a0f8fe161055aedae5302.
virginia-tech,Monmouth,monmouth,Monmouth,Yes,1,2011-12,2011-12,RESOLVED,PROTECTED_MAIN_CURRENT_D1_REGISTRY_PASS,,Resolved in prior Stage 2 protected-main registry pass against 74e1c357729388ac3a0a0f8fe161055aedae5302.
virginia-tech,Montana,montana,Montana,Yes,1,2006-07,2006-07,RESOLVED,PROTECTED_MAIN_CURRENT_D1_REGISTRY_PASS,,Resolved in prior Stage 2 protected-main registry pass against 74e1c357729388ac3a0a0f8fe161055aedae5302.
virginia-tech,Montana State,montana-state,Montana State,Yes,1,1994-95,1994-95,RESOLVED,PROTECTED_MAIN_CURRENT_D1_REGISTRY_PASS,,Resolved in prior Stage 2 protected-main registry pass against 74e1c357729388ac3a0a0f8fe161055aedae5302.
virginia-tech,Morehead State,morehead-state,Morehead State,Yes,2,1975-76,2017-18,RESOLVED,PROTECTED_MAIN_CURRENT_D1_REGISTRY_PASS,,Resolved in prior Stage 2 protected-main registry pass against 74e1c357729388ac3a0a0f8fe161055aedae5302.
virginia-tech,Morgan State,morgan-state,Morgan State,Yes,8,1984-85,2014-15,RESOLVED,PROTECTED_MAIN_CURRENT_D1_REGISTRY_PASS,,Resolved in prior Stage 2 protected-main registry pass against 74e1c357729388ac3a0a0f8fe161055aedae5302.
virginia-tech,Mount St. Joseph,mount-st-joseph-baltimore,Mount St. Joseph (Baltimore),No,1,1913-14,1913-14,RESOLVED,TARGET_HISTORICAL_IDENTITY_RESEARCH,,"1914 Virginia Tech row is explicitly at Baltimore; retained as the historical Baltimore Mount St. Joseph college-era opponent, distinct from similarly named later institutions."
virginia-tech,Mount St. Mary's,mount-st-mary-s,Mount St. Mary's,Yes,5,2000-01,2010-11,RESOLVED,PROTECTED_MAIN_CURRENT_D1_REGISTRY_PASS,,Resolved in prior Stage 2 protected-main registry pass against 74e1c357729388ac3a0a0f8fe161055aedae5302.
virginia-tech,Murray State,murray-state,Murray State,Yes,1,2001-02,2001-02,RESOLVED,PROTECTED_MAIN_CURRENT_D1_REGISTRY_PASS,,Resolved in prior Stage 2 protected-main registry pass against 74e1c357729388ac3a0a0f8fe161055aedae5302.
virginia-tech,NC Preflight School,north-carolina-preflight-school,NC Preflight School,No,2,1942-43,1943-44,RESOLVED,LITERAL_HISTORICAL_NON_D1,,World War II preflight-school team; literal historical identity retained.
virginia-tech,NC State,nc-state,North Carolina State,Yes,58,1914-15,2025-26,RESOLVED,PROTECTED_MAIN_CURRENT_D1_REGISTRY_PASS,,Resolved in prior Stage 2 protected-main registry pass against 74e1c357729388ac3a0a0f8fe161055aedae5302.
virginia-tech,National Business College,national-business-college,National Business College,No,4,1935-36,1939-40,RESOLVED,LITERAL_HISTORICAL_NON_D1,,Historical Roanoke business-college team; literal identity retained.
virginia-tech,Naval Training Station,naval-training-station,Naval Training Station,No,3,1940-41,1941-42,RESOLVED,ACCEPTED_PUBLISHED_PROJECT_REUSE,,Accepted Alabama historical identity; VT rows identify Norfolk.
virginia-tech,Navy,navy,Navy,Yes,8,1913-14,2024-25,RESOLVED,PROTECTED_MAIN_CURRENT_D1_REGISTRY_PASS,,Resolved in prior Stage 2 protected-main registry pass against 74e1c357729388ac3a0a0f8fe161055aedae5302.
virginia-tech,Nebraska,nebraska,Nebraska,Yes,2,1994-95,2016-17,RESOLVED,PROTECTED_MAIN_CURRENT_D1_REGISTRY_PASS,,Resolved in prior Stage 2 protected-main registry pass against 74e1c357729388ac3a0a0f8fe161055aedae5302.
virginia-tech,New Hampshire,new-hampshire,New Hampshire,Yes,2,1977-78,2003-04,RESOLVED,PROTECTED_MAIN_CURRENT_D1_REGISTRY_PASS,,Resolved in prior Stage 2 protected-main registry pass against 74e1c357729388ac3a0a0f8fe161055aedae5302.
virginia-tech,New Mexico,new-mexico,New Mexico,Yes,3,1940-41,2016-17,RESOLVED,PROTECTED_MAIN_CURRENT_D1_REGISTRY_PASS,,Resolved in prior Stage 2 protected-main registry pass against 74e1c357729388ac3a0a0f8fe161055aedae5302.
virginia-tech,New Mexico State,new-mexico-state,New Mexico State,Yes,1,1994-95,1994-95,RESOLVED,PROTECTED_MAIN_CURRENT_D1_REGISTRY_PASS,,Resolved in prior Stage 2 protected-main registry pass against 74e1c357729388ac3a0a0f8fe161055aedae5302.
virginia-tech,New Orleans,new-orleans,LSU New Orleans,Yes,2,1978-79,1979-80,RESOLVED,PROTECTED_MAIN_CURRENT_D1_REGISTRY_PASS,,Resolved in prior Stage 2 protected-main registry pass against 74e1c357729388ac3a0a0f8fe161055aedae5302.
virginia-tech,New York University,new-york-university,New York University,No,2,1961-62,1967-68,RESOLVED,ACCEPTED_PUBLISHED_PROJECT_REUSE,,Accepted West Virginia/Maryland/Tennessee/South Carolina identity.
virginia-tech,Newport News Apprentice,newport-news-apprentice,Newport News Apprentice,No,3,1940-41,1943-44,RESOLVED,ACCEPTED_PUBLISHED_PROJECT_REUSE,,Accepted Virginia historical identity.
virginia-tech,Norfolk Navy Flyers,norfolk-navy-flyers,Norfolk Navy Flyers,No,1,1950-51,1950-51,RESOLVED,LITERAL_HISTORICAL_NON_D1,,Historical naval-team identity; literal label retained.
virginia-tech,Norfolk State,norfolk-state,Norfolk State,Yes,1,2011-12,2011-12,RESOLVED,PROTECTED_MAIN_CURRENT_D1_REGISTRY_PASS,,Resolved in prior Stage 2 protected-main registry pass against 74e1c357729388ac3a0a0f8fe161055aedae5302.
virginia-tech,North Carolina,north-carolina,North Carolina,Yes,56,1911-12,2024-25,RESOLVED,PROTECTED_MAIN_CURRENT_D1_REGISTRY_PASS,,Resolved in prior Stage 2 protected-main registry pass against 74e1c357729388ac3a0a0f8fe161055aedae5302.
virginia-tech,North Carolina A&T,north-carolina-a-t,North Carolina A&T,Yes,8,1982-83,2024-25,RESOLVED,PROTECTED_MAIN_CURRENT_D1_REGISTRY_PASS,,Resolved in prior Stage 2 protected-main registry pass against 74e1c357729388ac3a0a0f8fe161055aedae5302.
virginia-tech,North Carolina Central,north-carolina-central,North Carolina Central,Yes,1,2009-10,2009-10,RESOLVED,PROTECTED_MAIN_CURRENT_D1_REGISTRY_PASS,,Resolved in prior Stage 2 protected-main registry pass against 74e1c357729388ac3a0a0f8fe161055aedae5302.
virginia-tech,North Florida,north-florida,North Florida,Yes,1,2011-12,2011-12,RESOLVED,PROTECTED_MAIN_CURRENT_D1_REGISTRY_PASS,,Resolved in prior Stage 2 protected-main registry pass against 74e1c357729388ac3a0a0f8fe161055aedae5302.
virginia-tech,Northeastern,northeastern,Northeastern,Yes,2,2001-02,2018-19,RESOLVED,PROTECTED_MAIN_CURRENT_D1_REGISTRY_PASS,,Resolved in prior Stage 2 protected-main registry pass against 74e1c357729388ac3a0a0f8fe161055aedae5302.
virginia-tech,Northern Illinois,northern-illinois,Northern Illinois,Yes,3,1972-73,1976-77,RESOLVED,PROTECTED_MAIN_CURRENT_D1_REGISTRY_PASS,,Resolved in prior Stage 2 protected-main registry pass against 74e1c357729388ac3a0a0f8fe161055aedae5302.
virginia-tech,Northern Iowa,northern-iowa,Northern Iowa,Yes,1,2014-15,2014-15,RESOLVED,PROTECTED_MAIN_CURRENT_D1_REGISTRY_PASS,,Resolved in prior Stage 2 protected-main registry pass against 74e1c357729388ac3a0a0f8fe161055aedae5302.
virginia-tech,Northwestern,northwestern,Northwestern,Yes,1,2015-16,2015-16,RESOLVED,PROTECTED_MAIN_CURRENT_D1_REGISTRY_PASS,,Resolved in prior Stage 2 protected-main registry pass against 74e1c357729388ac3a0a0f8fe161055aedae5302.
virginia-tech,Notre Dame,notre-dame,Notre Dame,Yes,20,1972-73,2025-26,RESOLVED,PROTECTED_MAIN_CURRENT_D1_REGISTRY_PASS,,Resolved in prior Stage 2 protected-main registry pass against 74e1c357729388ac3a0a0f8fe161055aedae5302.
virginia-tech,Ohio,ohio,Ohio,Yes,8,1966-67,1979-80,RESOLVED,PROTECTED_MAIN_CURRENT_D1_REGISTRY_PASS,,Resolved in prior Stage 2 protected-main registry pass against 74e1c357729388ac3a0a0f8fe161055aedae5302.
virginia-tech,Ohio Northern,ohio-northern,Ohio Northern,No,1,1977-78,1977-78,RESOLVED,ACCEPTED_PUBLISHED_PROJECT_REUSE,,Accepted West Virginia/Tennessee identity.
virginia-tech,Ohio State,ohio-state,Ohio State,Yes,7,1972-73,2023-24,RESOLVED,PROTECTED_MAIN_CURRENT_D1_REGISTRY_PASS,,Resolved in prior Stage 2 protected-main registry pass against 74e1c357729388ac3a0a0f8fe161055aedae5302.
virginia-tech,Ohio Wesleyan,ohio-wesleyan,Ohio Wesleyan,No,1,1977-78,1977-78,RESOLVED,ACCEPTED_PUBLISHED_PROJECT_REUSE,,Accepted West Virginia/Maryland/Kentucky identity.
virginia-tech,Oklahoma,oklahoma,Oklahoma,Yes,1,1982-83,1982-83,RESOLVED,PROTECTED_MAIN_CURRENT_D1_REGISTRY_PASS,,Resolved in prior Stage 2 protected-main registry pass against 74e1c357729388ac3a0a0f8fe161055aedae5302.
virginia-tech,Oklahoma City,oklahoma-city,Oklahoma City,No,3,1965-66,1975-76,RESOLVED,ACCEPTED_PUBLISHED_PROJECT_REUSE,,Accepted Tennessee/Clemson/Florida State/Miami identity.
virginia-tech,Oklahoma State,oklahoma-state,Oklahoma State,Yes,4,2010-11,2022-23,RESOLVED,PROTECTED_MAIN_CURRENT_D1_REGISTRY_PASS,,Resolved in prior Stage 2 protected-main registry pass against 74e1c357729388ac3a0a0f8fe161055aedae5302.
virginia-tech,Old Dominion,old-dominion,Old Dominion,Yes,25,1945-46,2022-23,RESOLVED,PROTECTED_MAIN_CURRENT_D1_REGISTRY_PASS,,Resolved in prior Stage 2 protected-main registry pass against 74e1c357729388ac3a0a0f8fe161055aedae5302.
virginia-tech,Ole Miss,ole-miss,Ole Miss,Yes,5,1979-80,2017-18,RESOLVED,PROTECTED_MAIN_CURRENT_D1_REGISTRY_PASS,,Resolved in prior Stage 2 protected-main registry pass against 74e1c357729388ac3a0a0f8fe161055aedae5302.
virginia-tech,Oral Roberts,oral-roberts,Oral Roberts,Yes,4,1973-74,1977-78,RESOLVED,PROTECTED_MAIN_CURRENT_D1_REGISTRY_PASS,,Resolved in prior Stage 2 protected-main registry pass against 74e1c357729388ac3a0a0f8fe161055aedae5302.
virginia-tech,Oregon,oregon,Oregon,Yes,1,1975-76,1975-76,RESOLVED,PROTECTED_MAIN_CURRENT_D1_REGISTRY_PASS,,Resolved in prior Stage 2 protected-main registry pass against 74e1c357729388ac3a0a0f8fe161055aedae5302.
virginia-tech,Penn State,penn-state,Penn State,Yes,12,1920-21,2024-25,RESOLVED,PROTECTED_MAIN_CURRENT_D1_REGISTRY_PASS,,Resolved in prior Stage 2 protected-main registry pass against 74e1c357729388ac3a0a0f8fe161055aedae5302.
virginia-tech,Pitt,pittsburgh,Pittsburgh,Yes,17,1964-65,2023-24,RESOLVED,PROTECTED_MAIN_CURRENT_D1_REGISTRY_PASS,,Resolved in prior Stage 2 protected-main registry pass against 74e1c357729388ac3a0a0f8fe161055aedae5302.
virginia-tech,Presbyterian,presbyterian,Presbyterian,Yes,2,2014-15,2017-18,RESOLVED,PROTECTED_MAIN_CURRENT_D1_REGISTRY_PASS,,Resolved in prior Stage 2 protected-main registry pass against 74e1c357729388ac3a0a0f8fe161055aedae5302.
virginia-tech,Princeton,princeton,Princeton,Yes,1,2015-16,2015-16,RESOLVED,PROTECTED_MAIN_CURRENT_D1_REGISTRY_PASS,,Resolved in prior Stage 2 protected-main registry pass against 74e1c357729388ac3a0a0f8fe161055aedae5302.
virginia-tech,Providence,providence,Providence,Yes,9,1982-83,2025-26,RESOLVED,PROTECTED_MAIN_CURRENT_D1_REGISTRY_PASS,,Resolved in prior Stage 2 protected-main registry pass against 74e1c357729388ac3a0a0f8fe161055aedae5302.
virginia-tech,Purdue,purdue,Purdue,Yes,2,1965-66,1966-67,RESOLVED,PROTECTED_MAIN_CURRENT_D1_REGISTRY_PASS,,Resolved in prior Stage 2 protected-main registry pass against 74e1c357729388ac3a0a0f8fe161055aedae5302.
virginia-tech,Quantico,quantico,Quantico,No,4,1946-47,1950-51,RESOLVED,LITERAL_HISTORICAL_NON_D1,,Historical Quantico military-team identity; literal source label retained.
virginia-tech,Quinnipiac,quinnipiac,Quinnipiac,Yes,1,2009-10,2009-10,RESOLVED,PROTECTED_MAIN_CURRENT_D1_REGISTRY_PASS,,Resolved in prior Stage 2 protected-main registry pass against 74e1c357729388ac3a0a0f8fe161055aedae5302.
virginia-tech,Radford,radford,Radford,Yes,12,1987-88,2021-22,RESOLVED,PROTECTED_MAIN_CURRENT_D1_REGISTRY_PASS,,Resolved in prior Stage 2 protected-main registry pass against 74e1c357729388ac3a0a0f8fe161055aedae5302.
virginia-tech,Randolph-Macon,randolph-macon,Randolph-Macon,No,1,1936-37,1936-37,RESOLVED,TARGET_INSTITUTIONAL_ERA_SPLIT,,"1937-01-16 source is explicitly at Randolph-Macon in Ashland, Va., identifying Randolph-Macon College rather than the Academy."
virginia-tech,Randolph-Macon,randolph-macon-academy,Randolph-Macon Academy,No,8,1908-09,1937-38,RESOLVED,TARGET_INSTITUTIONAL_ERA_SPLIT,,Virginia Tech institutional history explicitly identifies the 87-4 1911 opponent as Randolph-Macon Academy; the older VT guide also labels the 1937-38 52-45 opponent Rand. Macon Acad. Exact row mapping is preserved in structured-stage2-ledger.csv.
virginia-tech,Randolph-Macon,randolph-macon-vt-1939-hold,Randolph-Macon (VT 1939 opponent),No,1,1938-39,1938-39,RESEARCHED_HOLD_DISTINCT,RESEARCHED_HOLD_DISTINCT,,1939-02-18 source remains generically Randolph-Macon. Available target/reciprocal evidence does not safely distinguish College from Academy for this exact home game; held as a separate historical identity to prevent a false merge.
virginia-tech,Rhode Island,rhode-island,Rhode Island,Yes,12,1955-56,2012-13,RESOLVED,PROTECTED_MAIN_CURRENT_D1_REGISTRY_PASS,,Resolved in prior Stage 2 protected-main registry pass against 74e1c357729388ac3a0a0f8fe161055aedae5302.
virginia-tech,Rice,rice,Rice,Yes,1,1962-63,1962-63,RESOLVED,PROTECTED_MAIN_CURRENT_D1_REGISTRY_PASS,,Resolved in prior Stage 2 protected-main registry pass against 74e1c357729388ac3a0a0f8fe161055aedae5302.
virginia-tech,Richmond,richmond,Richmond,Yes,109,1914-15,2023-24,RESOLVED,PROTECTED_MAIN_CURRENT_D1_REGISTRY_PASS,,Resolved in prior Stage 2 protected-main registry pass against 74e1c357729388ac3a0a0f8fe161055aedae5302.
virginia-tech,Richmond Howitzers,richmond-howitzers,Richmond Howitzers,No,1,1914-15,1914-15,RESOLVED,ACCEPTED_PUBLISHED_PROJECT_REUSE,,Accepted Wake Forest historical identity.
virginia-tech,Richmond Takola,richmond-takola,Richmond Takola,No,1,1921-22,1921-22,RESOLVED,LITERAL_HISTORICAL_NON_D1,,Historical Richmond team; literal source label retained.
virginia-tech,Rider,rider,Rider,Yes,1,1984-85,1984-85,RESOLVED,PROTECTED_MAIN_CURRENT_D1_REGISTRY_PASS,,Resolved in prior Stage 2 protected-main registry pass against 74e1c357729388ac3a0a0f8fe161055aedae5302.
virginia-tech,Roanoke College,roanoke-college,Roanoke (Va.),No,36,1910-11,1951-52,RESOLVED,ACCEPTED_PUBLISHED_PROJECT_REUSE,,Accepted Tennessee and other published-project historical identity.
virginia-tech,Roanoke Elks Club,roanoke-elks-club,Roanoke Elks Club,No,1,1921-22,1921-22,RESOLVED,LITERAL_HISTORICAL_NON_D1,,Historical club identity; literal label retained.
virginia-tech,Roanoke HS,roanoke-high-school,Roanoke High School,No,1,1911-12,1911-12,RESOLVED,LITERAL_HISTORICAL_NON_D1,,Historical high-school opponent; literal identity retained.
virginia-tech,Roanoke Rebels,roanoke-rebels,Roanoke Rebels,No,3,1948-49,1951-52,RESOLVED,LITERAL_HISTORICAL_NON_D1,,Historical Roanoke team; literal identity retained.
virginia-tech,Roanoke YMCA,roanoke-ymca,Roanoke YMCA,No,6,1916-17,1935-36,RESOLVED,LITERAL_HISTORICAL_NON_D1,,Historical YMCA identity; literal source label retained.
virginia-tech,Rutgers,rutgers,Rutgers,Yes,7,1954-55,2003-04,RESOLVED,PROTECTED_MAIN_CURRENT_D1_REGISTRY_PASS,,Resolved in prior Stage 2 protected-main registry pass against 74e1c357729388ac3a0a0f8fe161055aedae5302.
virginia-tech,SMU,smu,SMU,Yes,2,2024-25,2025-26,RESOLVED,PROTECTED_MAIN_CURRENT_D1_REGISTRY_PASS,,Resolved in prior Stage 2 protected-main registry pass against 74e1c357729388ac3a0a0f8fe161055aedae5302.
virginia-tech,Saint Francis (Pa.),saint-francis-pa,Saint Francis (PA),No,3,1950-51,2021-22,RESOLVED,ACCEPTED_PUBLISHED_PROJECT_REUSE,,Accepted North Carolina/Wake Forest/Florida State identity; classified non-D1 at the immutable research base.
virginia-tech,Saint Joseph's,saint-joseph-s,Saint Joseph's,Yes,8,1995-96,2025-26,RESOLVED,PROTECTED_MAIN_CURRENT_D1_REGISTRY_PASS,,Resolved in prior Stage 2 protected-main registry pass against 74e1c357729388ac3a0a0f8fe161055aedae5302.
virginia-tech,Saint Louis,saint-louis,Saint Louis,Yes,9,1978-79,2018-19,RESOLVED,PROTECTED_MAIN_CURRENT_D1_REGISTRY_PASS,,Resolved in prior Stage 2 protected-main registry pass against 74e1c357729388ac3a0a0f8fe161055aedae5302.
virginia-tech,Saint Mary's (CA),saint-mary-s,Saint Mary's,Yes,1,2025-26,2025-26,RESOLVED,PROTECTED_MAIN_CURRENT_D1_REGISTRY_PASS,,Resolved in prior Stage 2 protected-main registry pass against 74e1c357729388ac3a0a0f8fe161055aedae5302.
virginia-tech,Samford,samford,Samford,Yes,2,1977-78,1978-79,RESOLVED,PROTECTED_MAIN_CURRENT_D1_REGISTRY_PASS,,Resolved in prior Stage 2 protected-main registry pass against 74e1c357729388ac3a0a0f8fe161055aedae5302.
virginia-tech,San Francisco,san-francisco,San Francisco,Yes,1,1989-90,1989-90,RESOLVED,PROTECTED_MAIN_CURRENT_D1_REGISTRY_PASS,,Resolved in prior Stage 2 protected-main registry pass against 74e1c357729388ac3a0a0f8fe161055aedae5302.
virginia-tech,San Francisco State,san-francisco-state,San Francisco State,No,1,1986-87,1986-87,RESOLVED,ACCEPTED_PUBLISHED_PROJECT_REUSE,,Accepted across multiple published packages.
virginia-tech,Seton Hall,seton-hall,Seton Hall,Yes,7,1955-56,2013-14,RESOLVED,PROTECTED_MAIN_CURRENT_D1_REGISTRY_PASS,,Resolved in prior Stage 2 protected-main registry pass against 74e1c357729388ac3a0a0f8fe161055aedae5302.
virginia-tech,South Alabama,south-alabama,South Alabama,Yes,1,1983-84,1983-84,RESOLVED,PROTECTED_MAIN_CURRENT_D1_REGISTRY_PASS,,Resolved in prior Stage 2 protected-main registry pass against 74e1c357729388ac3a0a0f8fe161055aedae5302.
virginia-tech,South Carolina,south-carolina,South Carolina,Yes,29,1950-51,2025-26,RESOLVED,PROTECTED_MAIN_CURRENT_D1_REGISTRY_PASS,,Resolved in prior Stage 2 protected-main registry pass against 74e1c357729388ac3a0a0f8fe161055aedae5302.
virginia-tech,South Carolina State,south-carolina-state,South Carolina State,Yes,3,1982-83,2018-19,RESOLVED,PROTECTED_MAIN_CURRENT_D1_REGISTRY_PASS,,Resolved in prior Stage 2 protected-main registry pass against 74e1c357729388ac3a0a0f8fe161055aedae5302.
virginia-tech,Southern Illinois,southern-illinois,Southern Illinois,Yes,1,2006-07,2006-07,RESOLVED,PROTECTED_MAIN_CURRENT_D1_REGISTRY_PASS,,Resolved in prior Stage 2 protected-main registry pass against 74e1c357729388ac3a0a0f8fe161055aedae5302.
virginia-tech,Southern Miss,southern-miss,Southern Miss,Yes,30,1982-83,1994-95,RESOLVED,PROTECTED_MAIN_CURRENT_D1_REGISTRY_PASS,,Resolved in prior Stage 2 protected-main registry pass against 74e1c357729388ac3a0a0f8fe161055aedae5302.
virginia-tech,Southwestern,southwestern-texas,Southwestern (Texas),No,1,1973-74,1973-74,RESOLVED,TARGET_INSTITUTIONAL_DISAMBIGUATION,,Virginia Tech historical source identifies the 1973-74 All-College Tournament opponent as Southwestern (Texas); preserve Texas identity and defer protected-main duplicate-key reconciliation to Integration.
virginia-tech,Spring Hill,spring-hill,Spring Hill,No,1,1958-59,1958-59,RESOLVED,ACCEPTED_PUBLISHED_PROJECT_REUSE,,Accepted Clemson/Georgia/Miami identity.
virginia-tech,St. Albans,st-albans-school,St. Albans School,No,1,1914-15,1914-15,RESOLVED,LITERAL_HISTORICAL_NON_D1,,Historical school opponent; distinct non-D1 identity retained.
virginia-tech,St. Bonaventure,st-bonaventure,St. Bonaventure,Yes,17,1972-73,2021-22,RESOLVED,PROTECTED_MAIN_CURRENT_D1_REGISTRY_PASS,,Resolved in prior Stage 2 protected-main registry pass against 74e1c357729388ac3a0a0f8fe161055aedae5302.
virginia-tech,St. John's,st-john-s,St. John's,Yes,13,1913-14,2008-09,RESOLVED,PROTECTED_MAIN_CURRENT_D1_REGISTRY_PASS,,Resolved in prior Stage 2 protected-main registry pass against 74e1c357729388ac3a0a0f8fe161055aedae5302.
virginia-tech,Stanford,stanford,Stanford,Yes,4,1972-73,2025-26,RESOLVED,PROTECTED_MAIN_CURRENT_D1_REGISTRY_PASS,,Resolved in prior Stage 2 protected-main registry pass against 74e1c357729388ac3a0a0f8fe161055aedae5302.
virginia-tech,Staunton Military Academy,staunton-military-academy,Staunton Military Academy,No,2,1908-09,1909-10,RESOLVED,ACCEPTED_PUBLISHED_PROJECT_REUSE,,Accepted Virginia/North Carolina historical prep identity.
virginia-tech,Syracuse,syracuse,Syracuse,Yes,16,1975-76,2025-26,RESOLVED,PROTECTED_MAIN_CURRENT_D1_REGISTRY_PASS,,Resolved in prior Stage 2 protected-main registry pass against 74e1c357729388ac3a0a0f8fe161055aedae5302.
virginia-tech,TCU,tcu,TCU,Yes,2,1993-94,1994-95,RESOLVED,PROTECTED_MAIN_CURRENT_D1_REGISTRY_PASS,,Resolved in prior Stage 2 protected-main registry pass against 74e1c357729388ac3a0a0f8fe161055aedae5302.
virginia-tech,Tampa,tampa,Tampa,No,1,1970-71,1970-71,RESOLVED,ACCEPTED_PUBLISHED_PROJECT_REUSE,,Accepted Maryland/Tennessee/Florida State/Miami/Georgia identity.
virginia-tech,Temple,temple,Temple,Yes,11,1965-66,2009-10,RESOLVED,PROTECTED_MAIN_CURRENT_D1_REGISTRY_PASS,,Resolved in prior Stage 2 protected-main registry pass against 74e1c357729388ac3a0a0f8fe161055aedae5302.
virginia-tech,Tennessee,tennessee,Tennessee,Yes,10,1910-11,1994-95,RESOLVED,PROTECTED_MAIN_CURRENT_D1_REGISTRY_PASS,,Resolved in prior Stage 2 protected-main registry pass against 74e1c357729388ac3a0a0f8fe161055aedae5302.
virginia-tech,Tennessee State,tennessee-state,Tennessee State,Yes,1,1986-87,1986-87,RESOLVED,PROTECTED_MAIN_CURRENT_D1_REGISTRY_PASS,,Resolved in prior Stage 2 protected-main registry pass against 74e1c357729388ac3a0a0f8fe161055aedae5302.
virginia-tech,Tennessee Tech,tennessee-tech,Tennessee Tech,Yes,1,1959-60,1959-60,RESOLVED,PROTECTED_MAIN_CURRENT_D1_REGISTRY_PASS,,Resolved in prior Stage 2 protected-main registry pass against 74e1c357729388ac3a0a0f8fe161055aedae5302.
virginia-tech,Texas A&M,texas-a-m,Texas A&M,Yes,3,1965-66,2016-17,RESOLVED,PROTECTED_MAIN_CURRENT_D1_REGISTRY_PASS,,Resolved in prior Stage 2 protected-main registry pass against 74e1c357729388ac3a0a0f8fe161055aedae5302.
virginia-tech,Texas Tech,texas-tech,Texas Tech,Yes,1,1982-83,1982-83,RESOLVED,PROTECTED_MAIN_CURRENT_D1_REGISTRY_PASS,,Resolved in prior Stage 2 protected-main registry pass against 74e1c357729388ac3a0a0f8fe161055aedae5302.
virginia-tech,Texas Wesleyan,texas-wesleyan,Texas Wesleyan,No,1,1976-77,1976-77,RESOLVED,ACCEPTED_PUBLISHED_PROJECT_REUSE,,Accepted across multiple published packages.
virginia-tech,Texas-Arlington,ut-arlington,UT Arlington,Yes,1,1968-69,1968-69,RESOLVED,PROTECTED_MAIN_CURRENT_D1_REGISTRY_PASS,,Resolved in prior Stage 2 protected-main registry pass against 74e1c357729388ac3a0a0f8fe161055aedae5302.
virginia-tech,The Citadel,the-citadel,The Citadel,Yes,21,1920-21,2017-18,RESOLVED,PROTECTED_MAIN_CURRENT_D1_REGISTRY_PASS,,Resolved in prior Stage 2 protected-main registry pass against 74e1c357729388ac3a0a0f8fe161055aedae5302.
virginia-tech,Toledo,toledo,Toledo,Yes,8,1965-66,2002-03,RESOLVED,PROTECTED_MAIN_CURRENT_D1_REGISTRY_PASS,,Resolved in prior Stage 2 protected-main registry pass against 74e1c357729388ac3a0a0f8fe161055aedae5302.
virginia-tech,Towson,towson,Towson,Yes,3,1983-84,2003-04,RESOLVED,PROTECTED_MAIN_CURRENT_D1_REGISTRY_PASS,,Resolved in prior Stage 2 protected-main registry pass against 74e1c357729388ac3a0a0f8fe161055aedae5302.
virginia-tech,Transylvania,transylvania,Transylvania,No,1,1923-24,1923-24,RESOLVED,ACCEPTED_PUBLISHED_PROJECT_REUSE,,Accepted Virginia/West Virginia/Tennessee/Kentucky identity.
virginia-tech,Tulane,tulane,Tulane,Yes,33,1957-58,1994-95,RESOLVED,PROTECTED_MAIN_CURRENT_D1_REGISTRY_PASS,,Resolved in prior Stage 2 protected-main registry pass against 74e1c357729388ac3a0a0f8fe161055aedae5302.
virginia-tech,Tusculum,tusculum,Tusculum,No,4,1915-16,1919-20,RESOLVED,ACCEPTED_PUBLISHED_PROJECT_REUSE,,Accepted Tennessee identity.
virginia-tech,UAB,uab,UAB,Yes,2,2007-08,2015-16,RESOLVED,PROTECTED_MAIN_CURRENT_D1_REGISTRY_PASS,,Resolved in prior Stage 2 protected-main registry pass against 74e1c357729388ac3a0a0f8fe161055aedae5302.
virginia-tech,UMBC,umbc,UMBC,Yes,2,2009-10,2016-17,RESOLVED,PROTECTED_MAIN_CURRENT_D1_REGISTRY_PASS,,Resolved in prior Stage 2 protected-main registry pass against 74e1c357729388ac3a0a0f8fe161055aedae5302.
virginia-tech,UNC Asheville,unc-asheville,UNC Asheville,Yes,5,1989-90,2007-08,RESOLVED,PROTECTED_MAIN_CURRENT_D1_REGISTRY_PASS,,Resolved in prior Stage 2 protected-main registry pass against 74e1c357729388ac3a0a0f8fe161055aedae5302.
virginia-tech,UNC Greensboro,unc-greensboro,UNC Greensboro,Yes,3,1993-94,1996-97,RESOLVED,PROTECTED_MAIN_CURRENT_D1_REGISTRY_PASS,,Resolved in prior Stage 2 protected-main registry pass against 74e1c357729388ac3a0a0f8fe161055aedae5302.
virginia-tech,UNCG,unc-greensboro,UNC Greensboro,Yes,6,2006-07,2013-14,RESOLVED,PROTECTED_MAIN_CURRENT_D1_REGISTRY_PASS,,Resolved in prior Stage 2 protected-main registry pass against 74e1c357729388ac3a0a0f8fe161055aedae5302.
virginia-tech,UNLV,unlv,UNLV,Yes,1,2010-11,2010-11,RESOLVED,PROTECTED_MAIN_CURRENT_D1_REGISTRY_PASS,,Resolved in prior Stage 2 protected-main registry pass against 74e1c357729388ac3a0a0f8fe161055aedae5302.
virginia-tech,USC,usc,USC,Yes,2,1985-86,1987-88,RESOLVED,PROTECTED_MAIN_CURRENT_D1_REGISTRY_PASS,,Resolved in prior Stage 2 protected-main registry pass against 74e1c357729388ac3a0a0f8fe161055aedae5302.
virginia-tech,USC Upstate,south-carolina-upstate,USC Upstate,Yes,4,2010-11,2024-25,RESOLVED,PROTECTED_MAIN_CURRENT_D1_REGISTRY_PASS,,Resolved in prior Stage 2 protected-main registry pass against 74e1c357729388ac3a0a0f8fe161055aedae5302.
virginia-tech,USF,south-florida,South Florida,Yes,9,1991-92,2020-21,RESOLVED,PROTECTED_MAIN_CURRENT_D1_REGISTRY_PASS,,Resolved in prior Stage 2 protected-main registry pass against 74e1c357729388ac3a0a0f8fe161055aedae5302.
virginia-tech,UT Martin,ut-martin,UT Martin,Yes,1,1997-98,1997-98,RESOLVED,PROTECTED_MAIN_CURRENT_D1_REGISTRY_PASS,,Resolved in prior Stage 2 protected-main registry pass against 74e1c357729388ac3a0a0f8fe161055aedae5302.
virginia-tech,University of the South,sewanee,Sewanee,No,4,1927-28,1975-76,RESOLVED,TARGET_INSTITUTIONAL_LINEAGE,,The University of the South is the institution whose athletic nickname/identity is Sewanee; historical source usage also uses Sewanee.
virginia-tech,Upsala,upsala,Upsala,No,1,1977-78,1977-78,RESOLVED,ACCEPTED_PUBLISHED_PROJECT_REUSE,,Accepted Rutgers historical identity.
virginia-tech,VCU,vcu,VCU,Yes,22,1977-78,2025-26,RESOLVED,PROTECTED_MAIN_CURRENT_D1_REGISTRY_PASS,,Resolved in prior Stage 2 protected-main registry pass against 74e1c357729388ac3a0a0f8fe161055aedae5302.
virginia-tech,VMI,vmi,VMI,Yes,137,1908-09,2020-21,RESOLVED,PROTECTED_MAIN_CURRENT_D1_REGISTRY_PASS,,Resolved in prior Stage 2 protected-main registry pass against 74e1c357729388ac3a0a0f8fe161055aedae5302.
virginia-tech,Valparaiso,valparaiso,Valparaiso,Yes,1,2023-24,2023-24,RESOLVED,PROTECTED_MAIN_CURRENT_D1_REGISTRY_PASS,,Resolved in prior Stage 2 protected-main registry pass against 74e1c357729388ac3a0a0f8fe161055aedae5302.
virginia-tech,Vanderbilt,vanderbilt,Vanderbilt,Yes,7,1922-23,2024-25,RESOLVED,PROTECTED_MAIN_CURRENT_D1_REGISTRY_PASS,,Resolved in prior Stage 2 protected-main registry pass against 74e1c357729388ac3a0a0f8fe161055aedae5302.
virginia-tech,Vermont,vermont,Vermont,Yes,2,1974-75,2023-24,RESOLVED,PROTECTED_MAIN_CURRENT_D1_REGISTRY_PASS,,Resolved in prior Stage 2 protected-main registry pass against 74e1c357729388ac3a0a0f8fe161055aedae5302.
virginia-tech,Villanova,villanova,Villanova,Yes,9,1967-68,2003-04,RESOLVED,PROTECTED_MAIN_CURRENT_D1_REGISTRY_PASS,,Resolved in prior Stage 2 protected-main registry pass against 74e1c357729388ac3a0a0f8fe161055aedae5302.
virginia-tech,Virginia,virginia,Virginia,Yes,131,1914-15,2024-25,RESOLVED,PROTECTED_MAIN_CURRENT_D1_REGISTRY_PASS,,Resolved in prior Stage 2 protected-main registry pass against 74e1c357729388ac3a0a0f8fe161055aedae5302.
virginia-tech,Virginia Christian,lynchburg,Lynchburg,No,2,1916-17,1917-18,RESOLVED,ACCEPTED_PUBLISHED_PROJECT_LINEAGE,,Accepted North Carolina/Wake Forest lineage normalization from Virginia Christian to Lynchburg.
virginia-tech,Wake Forest,wake-forest,Wake Forest,Yes,74,1911-12,2025-26,RESOLVED,PROTECTED_MAIN_CURRENT_D1_REGISTRY_PASS,,Resolved in prior Stage 2 protected-main registry pass against 74e1c357729388ac3a0a0f8fe161055aedae5302.
virginia-tech,Washington,washington,Washington,Yes,4,1922-23,2018-19,RESOLVED,PROTECTED_MAIN_CURRENT_D1_REGISTRY_PASS,,Resolved in prior Stage 2 protected-main registry pass against 74e1c357729388ac3a0a0f8fe161055aedae5302.
virginia-tech,Washington & Lee,washington-and-lee,Washington & Lee,No,88,1908-09,1958-59,RESOLVED,ACCEPTED_PUBLISHED_PROJECT_REUSE,,"Dominant accepted published-project identity, including owner-approved Duke classification; a stale key variant remains an Integration rebase issue."
virginia-tech,Weber State,weber-state,Weber State,Yes,1,1973-74,1973-74,RESOLVED,PROTECTED_MAIN_CURRENT_D1_REGISTRY_PASS,,Resolved in prior Stage 2 protected-main registry pass against 74e1c357729388ac3a0a0f8fe161055aedae5302.
virginia-tech,West Florida,west-florida,West Florida,Yes,1,2006-07,2006-07,RESOLVED,PROTECTED_MAIN_CURRENT_D1_REGISTRY_PASS,,Resolved in prior Stage 2 protected-main registry pass against 74e1c357729388ac3a0a0f8fe161055aedae5302.
virginia-tech,West Virginia,west-virginia,West Virginia,Yes,74,1920-21,2013-14,RESOLVED,PROTECTED_MAIN_CURRENT_D1_REGISTRY_PASS,,Resolved in prior Stage 2 protected-main registry pass against 74e1c357729388ac3a0a0f8fe161055aedae5302.
virginia-tech,West Virginia Wesleyan,west-virginia-wesleyan,West Virginia Wesleyan,No,4,1915-16,1922-23,RESOLVED,ACCEPTED_PUBLISHED_PROJECT_REUSE,,Accepted Virginia/West Virginia identity.
virginia-tech,Western Carolina,western-carolina,Western Carolina,Yes,5,1992-93,2025-26,RESOLVED,PROTECTED_MAIN_CURRENT_D1_REGISTRY_PASS,,Resolved in prior Stage 2 protected-main registry pass against 74e1c357729388ac3a0a0f8fe161055aedae5302.
virginia-tech,Western Kentucky University,western-kentucky,Western Kentucky,Yes,3,1979-80,1985-86,RESOLVED,PROTECTED_MAIN_CURRENT_D1_REGISTRY_PASS,,Resolved in prior Stage 2 protected-main registry pass against 74e1c357729388ac3a0a0f8fe161055aedae5302.
virginia-tech,Western Maryland,mcdaniel,McDaniel,No,2,1921-22,1922-23,RESOLVED,ACCEPTED_PUBLISHED_PROJECT_LINEAGE,,Accepted Maryland package historical lineage from Western Maryland to McDaniel.
virginia-tech,Western Michigan,western-michigan,Western Michigan,Yes,4,2001-02,2006-07,RESOLVED,PROTECTED_MAIN_CURRENT_D1_REGISTRY_PASS,,Resolved in prior Stage 2 protected-main registry pass against 74e1c357729388ac3a0a0f8fe161055aedae5302.
virginia-tech,Wichita State,wichita-state,Wichita State,Yes,2,1965-66,2010-11,RESOLVED,PROTECTED_MAIN_CURRENT_D1_REGISTRY_PASS,,Resolved in prior Stage 2 protected-main registry pass against 74e1c357729388ac3a0a0f8fe161055aedae5302.
virginia-tech,William & Mary,william-mary,William & Mary,Yes,118,1916-17,2022-23,RESOLVED,PROTECTED_MAIN_CURRENT_D1_REGISTRY_PASS,,Resolved in prior Stage 2 protected-main registry pass against 74e1c357729388ac3a0a0f8fe161055aedae5302.
virginia-tech,Winthrop,winthrop,Winthrop,Yes,3,1998-99,2024-25,RESOLVED,PROTECTED_MAIN_CURRENT_D1_REGISTRY_PASS,,Resolved in prior Stage 2 protected-main registry pass against 74e1c357729388ac3a0a0f8fe161055aedae5302.
virginia-tech,Wisconsin,wisconsin,Wisconsin,Yes,2,2008-09,2016-17,RESOLVED,PROTECTED_MAIN_CURRENT_D1_REGISTRY_PASS,,Resolved in prior Stage 2 protected-main registry pass against 74e1c357729388ac3a0a0f8fe161055aedae5302.
virginia-tech,Wisconsin-Green Bay,green-bay,Green Bay,Yes,1,1995-96,1995-96,RESOLVED,PROTECTED_MAIN_CURRENT_D1_REGISTRY_PASS,,Resolved in prior Stage 2 protected-main registry pass against 74e1c357729388ac3a0a0f8fe161055aedae5302.
virginia-tech,Wisconsin-Milwaukee,milwaukee,Milwaukee,Yes,2,1976-77,2001-02,RESOLVED,PROTECTED_MAIN_CURRENT_D1_REGISTRY_PASS,,Resolved in prior Stage 2 protected-main registry pass against 74e1c357729388ac3a0a0f8fe161055aedae5302.
virginia-tech,Wofford,wofford,Wofford,Yes,3,1988-89,2023-24,RESOLVED,PROTECTED_MAIN_CURRENT_D1_REGISTRY_PASS,,Resolved in prior Stage 2 protected-main registry pass against 74e1c357729388ac3a0a0f8fe161055aedae5302.
virginia-tech,Woodrow Wilson Hospital,woodrow-wilson-hospital,Woodrow Wilson Hospital,No,3,1943-44,1945-46,RESOLVED,ACCEPTED_PUBLISHED_PROJECT_REUSE,,Accepted Virginia historical identity.
virginia-tech,Wright State,wright-state,Wright State,Yes,2,1994-95,1995-96,RESOLVED,PROTECTED_MAIN_CURRENT_D1_REGISTRY_PASS,,Resolved in prior Stage 2 protected-main registry pass against 74e1c357729388ac3a0a0f8fe161055aedae5302.
virginia-tech,Xavier,xavier,Xavier,Yes,12,1993-94,2008-09,RESOLVED,PROTECTED_MAIN_CURRENT_D1_REGISTRY_PASS,,Resolved in prior Stage 2 protected-main registry pass against 74e1c357729388ac3a0a0f8fe161055aedae5302.
virginia-tech,Yale,yale,Yale,Yes,1,1967-68,1967-68,RESOLVED,PROTECTED_MAIN_CURRENT_D1_REGISTRY_PASS,,Resolved in prior Stage 2 protected-main registry pass against 74e1c357729388ac3a0a0f8fe161055aedae5302.
