index,source_game_id,source_program_key,source_era,season_label,season_year,game_date,source_opponent_label,normalized_opponent_name,normalized_opponent_key,opponent_current_d1,team_score,opponent_score,played_result,overtime_periods,administrative_status,administrative_note,source_site_candidate,curated_site_type,source_venue_name,curated_venue_name,city,state,event_or_tournament,source_round,curated_game_type,curated_postseason_round,source_page,raw_text,normalization_status,notes,identity_override,identity_override_basis,identity_match_program_key,identity_match_source_game_id
0,IOWARAW-00001,iowa,2025-26_media_guide_year_by_year,1901-1902,1902,1901-11-06,Grinnell,Grinnell,grinnell,No,34,19,W,0,,,H,SOURCE_PROGRAM_HOME,Old Armory,Old Armory,Iowa City,IA,,,REGULAR_SEASON,,"Iowa 2025-26 media guide, Year-by-Year Scores","11/6 Grinnell W, 34-19",resolved,,,,,
1,IOWARAW-00002,iowa,2025-26_media_guide_year_by_year,1901-1902,1902,1901-12-14,Upper Iowa,Upper Iowa,upper-iowa,No,42,13,W,0,,,H,SOURCE_PROGRAM_HOME,Old Armory,Old Armory,Iowa City,IA,,,REGULAR_SEASON,,"Iowa 2025-26 media guide, Year-by-Year Scores","12/14 Upper Iowa W, 42-13",resolved,,,,,
2,IOWARAW-00003,iowa,2025-26_media_guide_year_by_year,1901-1902,1902,1902-01-15,Upper Iowa,Upper Iowa,upper-iowa,No,27,26,W,0,,,at,OPPONENT_HOME,,,,,,,REGULAR_SEASON,,"Iowa 2025-26 media guide, Year-by-Year Scores","1/15 at Upper Iowa W, 27-26",resolved,,,,,
3,IOWARAW-00004,iowa,2025-26_media_guide_year_by_year,1901-1902,1902,1902-01-16,Dubuque YMCA,Dubuque YMCA,dubuque-ymca,No,36,27,W,0,,,at,OPPONENT_HOME,,,,,,,REGULAR_SEASON,,"Iowa 2025-26 media guide, Year-by-Year Scores","1/16 at DubuqueYMCA W, 36-27",resolved,,,,,
4,IOWARAW-00005,iowa,2025-26_media_guide_year_by_year,1901-1902,1902,1902-01-17,Augustana (IL),Augustana (IL),augustana-il,No,22,21,W,0,,,at,OPPONENT_HOME,,,,,,,REGULAR_SEASON,,"Iowa 2025-26 media guide, Year-by-Year Scores","1/17 at Augustana (IL) W, 22-21",resolved,,,,,
5,IOWARAW-00006,iowa,2025-26_media_guide_year_by_year,1901-1902,1902,1902-01-24,West College,Leander Clark College,leander-clark-college,No,24,7,W,0,,,H,SOURCE_PROGRAM_HOME,Old Armory,Old Armory,Iowa City,IA,,,REGULAR_SEASON,,"Iowa 2025-26 media guide, Year-by-Year Scores","1/24 atWest College W, 24-7",resolved,,,,,
6,IOWARAW-00007,iowa,2025-26_media_guide_year_by_year,1901-1902,1902,1902-02-01,Wilton,Wilton,wilton,No,66,4,W,0,,,H,SOURCE_PROGRAM_HOME,Old Armory,Old Armory,Iowa City,IA,,,REGULAR_SEASON,,"Iowa 2025-26 media guide, Year-by-Year Scores","2/1 atWilton W, 66-4",resolved,,,,,
7,IOWARAW-00008,iowa,2025-26_media_guide_year_by_year,1901-1902,1902,1902-02-05,Kansas,Kansas,kansas,Yes,40,27,W,0,,,H,SOURCE_PROGRAM_HOME,Old Armory,Old Armory,Iowa City,IA,,,REGULAR_SEASON,,"Iowa 2025-26 media guide, Year-by-Year Scores","2/5 Kansas W, 40-27",resolved,,,,,
8,IOWARAW-00009,iowa,2025-26_media_guide_year_by_year,1901-1902,1902,1902-02-14,D. M. YMCA,Des Moines YMCA,des-moines-ymca,No,42,17,W,0,,,at,OPPONENT_HOME,,,,,,,REGULAR_SEASON,,"Iowa 2025-26 media guide, Year-by-Year Scores","2/14 at D. M.YMCA W, 42-17",resolved,,,,,
9,IOWARAW-00010,iowa,2025-26_media_guide_year_by_year,1901-1902,1902,1902-02-15,Grinnell,Grinnell,grinnell,No,25,21,W,0,,,at,OPPONENT_HOME,,,,,,,REGULAR_SEASON,,"Iowa 2025-26 media guide, Year-by-Year Scores","2/15 at Grinnell W, 25-21",resolved,,,,,
10,IOWARAW-00011,iowa,2025-26_media_guide_year_by_year,1901-1902,1902,1902-03-01,Minnesota,Minnesota,minnesota,Yes,10,47,L,0,,,at,OPPONENT_HOME,,,,,,,REGULAR_SEASON,,"Iowa 2025-26 media guide, Year-by-Year Scores","3/1 at Minnesota L, 10-47",resolved,,,,,
11,IOWARAW-00012,iowa,2025-26_media_guide_year_by_year,1901-1902,1902,1902-03-03,Minnesota A.C.,Minnesota Athletic Club,minnesota-athletic-club,No,20,24,L,0,,,at,OPPONENT_HOME,,,,,,,REGULAR_SEASON,,"Iowa 2025-26 media guide, Year-by-Year Scores","3/3 at Minnesota A.C. L, 20-24",resolved,,,,,
12,IOWARAW-00013,iowa,2025-26_media_guide_year_by_year,1902-1903,1903,1903-01-24,Wilton,Wilton,wilton,No,68,7,W,0,,,H,SOURCE_PROGRAM_HOME,Old Armory,Old Armory,Iowa City,IA,,,REGULAR_SEASON,,"Iowa 2025-26 media guide, Year-by-Year Scores","1/24 Wilton W, 68-7",resolved,,,,,
13,IOWARAW-00014,iowa,2025-26_media_guide_year_by_year,1902-1903,1903,1903-01-29,Des Moines College,Des Moines College,des-moines-college,No,,,W,0,,,at,OPPONENT_HOME,,,,,,,REGULAR_SEASON,,"Iowa 2025-26 media guide, Year-by-Year Scores","1/29 at Des Moines College W, N/A",resolved,,,,,
14,IOWARAW-00015,iowa,2025-26_media_guide_year_by_year,1902-1903,1903,1903-01-30,Des Moines YMCA,Des Moines YMCA,des-moines-ymca,No,21,24,L,0,,,at,OPPONENT_HOME,,,,,,,REGULAR_SEASON,,"Iowa 2025-26 media guide, Year-by-Year Scores","1/30 at Des MoinesYMCA L, 21-24",resolved,,,,,
15,IOWARAW-00016,iowa,2025-26_media_guide_year_by_year,1902-1903,1903,1903-02-02,Grinnell,Grinnell,grinnell,No,5,6,L,0,,,at,OPPONENT_HOME,,,,,,,REGULAR_SEASON,,"Iowa 2025-26 media guide, Year-by-Year Scores","2/2 at Grinnell L, 5-6",resolved,,,,,
16,IOWARAW-00017,iowa,2025-26_media_guide_year_by_year,1902-1903,1903,1903-02-14,Grinnell,Grinnell,grinnell,No,13,15,L,0,,,H,SOURCE_PROGRAM_HOME,Old Armory,Old Armory,Iowa City,IA,,,REGULAR_SEASON,,"Iowa 2025-26 media guide, Year-by-Year Scores","2/14 Grinnell L, 13-15",resolved,,,,,
17,IOWARAW-00018,iowa,2025-26_media_guide_year_by_year,1902-1903,1903,,West College,Leander Clark College,leander-clark-college,No,24,14,W,0,,,H,SOURCE_PROGRAM_HOME,Old Armory,Old Armory,Iowa City,IA,,,REGULAR_SEASON,,"Iowa 2025-26 media guide, Year-by-Year Scores","N/A West College W, 24-14",resolved,,,,,
18,IOWARAW-00019,iowa,2025-26_media_guide_year_by_year,1902-1903,1903,,Highland Park,Highland Park College,highland-park-college,No,27,17,W,0,,,H,SOURCE_PROGRAM_HOME,Old Armory,Old Armory,Iowa City,IA,,,REGULAR_SEASON,,"Iowa 2025-26 media guide, Year-by-Year Scores","N/A Highland Park W, 27-17",resolved,,,,,
19,IOWARAW-00020,iowa,2025-26_media_guide_year_by_year,1903-1904,1904,1903-12-04,Grinnell,Grinnell,grinnell,No,39,35,W,0,,,H,SOURCE_PROGRAM_HOME,Old Armory,Old Armory,Iowa City,IA,,,REGULAR_SEASON,,"Iowa 2025-26 media guide, Year-by-Year Scores","12/4 Grinnell W, 39-35",resolved,,,,,
20,IOWARAW-00021,iowa,2025-26_media_guide_year_by_year,1903-1904,1904,1904-01-07,Augustana (IL),Augustana (IL),augustana-il,No,20,12,W,0,,,at,OPPONENT_HOME,,,,,,,REGULAR_SEASON,,"Iowa 2025-26 media guide, Year-by-Year Scores","1/7 at Augustana (IL) W, 20-12",resolved,,,,,
21,IOWARAW-00022,iowa,2025-26_media_guide_year_by_year,1903-1904,1904,1904-01-14,Grinnell,Grinnell,grinnell,No,21,20,W,0,,,at,OPPONENT_HOME,,,,,,,REGULAR_SEASON,,"Iowa 2025-26 media guide, Year-by-Year Scores","1/14 at Grinnell W, 21-20",resolved,,,,,
22,IOWARAW-00023,iowa,2025-26_media_guide_year_by_year,1903-1904,1904,1904-01-15,Des Moines YMCA,Des Moines YMCA,des-moines-ymca,No,23,16,W,0,,,at,OPPONENT_HOME,,,,,,,REGULAR_SEASON,,"Iowa 2025-26 media guide, Year-by-Year Scores","1/15 at Des MoinesYMCA W, 23-16",resolved,,,,,
23,IOWARAW-00024,iowa,2025-26_media_guide_year_by_year,1903-1904,1904,1904-01-17,Highland Park,Highland Park College,highland-park-college,No,28,19,W,0,,,at,OPPONENT_HOME,,,,,,,REGULAR_SEASON,,"Iowa 2025-26 media guide, Year-by-Year Scores","1/17 at Highland Park W, 28-19",resolved,,,,,
24,IOWARAW-00025,iowa,2025-26_media_guide_year_by_year,1903-1904,1904,1904-01-30,Augustana (IL),Augustana (IL),augustana-il,No,21,44,L,0,,,H,SOURCE_PROGRAM_HOME,Old Armory,Old Armory,Iowa City,IA,,,REGULAR_SEASON,,"Iowa 2025-26 media guide, Year-by-Year Scores","1/30 Augustana (IL) L, 21-44",resolved,,,,,
25,IOWARAW-00026,iowa,2025-26_media_guide_year_by_year,1903-1904,1904,,Grinnell,Grinnell,grinnell,No,12,35,L,0,,,at,OPPONENT_HOME,,,,,,,REGULAR_SEASON,,"Iowa 2025-26 media guide, Year-by-Year Scores","N/A at Grinnell L, 12-35",resolved,,,,,
26,IOWARAW-00027,iowa,2025-26_media_guide_year_by_year,1903-1904,1904,1904-02-19,Grinnell,Grinnell,grinnell,No,23,19,W,0,,,H,SOURCE_PROGRAM_HOME,Old Armory,Old Armory,Iowa City,IA,,,REGULAR_SEASON,,"Iowa 2025-26 media guide, Year-by-Year Scores","2/19 Grinnell W, 23-19",resolved,,,,,
27,IOWARAW-00028,iowa,2025-26_media_guide_year_by_year,1904-1905,1905,1905-01-11,Minnesota A.C.,Minnesota Athletic Club,minnesota-athletic-club,No,24,18,W,0,,,at,OPPONENT_HOME,,,,,,,REGULAR_SEASON,,"Iowa 2025-26 media guide, Year-by-Year Scores","1/11 at Minnesota A.C. W, 24-18",resolved,,,,,
28,IOWARAW-00029,iowa,2025-26_media_guide_year_by_year,1904-1905,1905,1905-01-12,Minnesota,Minnesota,minnesota,Yes,17,48,L,0,,,at,OPPONENT_HOME,,,,,,,REGULAR_SEASON,,"Iowa 2025-26 media guide, Year-by-Year Scores","1/12 at Minnesota L, 17-48",resolved,,,,,
29,IOWARAW-00030,iowa,2025-26_media_guide_year_by_year,1904-1905,1905,1905-01-21,Augustana (IL),Augustana (IL),augustana-il,No,20,41,L,0,,,at,OPPONENT_HOME,,,,,,,REGULAR_SEASON,,"Iowa 2025-26 media guide, Year-by-Year Scores","1/21 at Augustana (IL) L, 20-41",resolved,,,,,
30,IOWARAW-00031,iowa,2025-26_media_guide_year_by_year,1904-1905,1905,1905-01-26,Highland Park,Highland Park College,highland-park-college,No,23,22,W,0,,,at,OPPONENT_HOME,,,,,,,REGULAR_SEASON,,"Iowa 2025-26 media guide, Year-by-Year Scores","1/26 at Highland Park W, 23-22",resolved,,,,,
31,IOWARAW-00032,iowa,2025-26_media_guide_year_by_year,1904-1905,1905,1905-01-27,Des Moines YMCA,Des Moines YMCA,des-moines-ymca,No,24,22,W,0,,,at,OPPONENT_HOME,,,,,,,REGULAR_SEASON,,"Iowa 2025-26 media guide, Year-by-Year Scores","1/27 at Des MoinesYMCA W, 24-22",resolved,,,,,
32,IOWARAW-00033,iowa,2025-26_media_guide_year_by_year,1904-1905,1905,1905-01-28,Grinnell,Grinnell,grinnell,No,22,32,L,0,,,at,OPPONENT_HOME,,,,,,,REGULAR_SEASON,,"Iowa 2025-26 media guide, Year-by-Year Scores","1/28 at Grinnell L, 22-32",resolved,,,,,
33,IOWARAW-00034,iowa,2025-26_media_guide_year_by_year,1904-1905,1905,1905-02-04,Augustana (IL),Augustana (IL),augustana-il,No,28,24,W,0,,,H,SOURCE_PROGRAM_HOME,Old Armory,Old Armory,Iowa City,IA,,,REGULAR_SEASON,,"Iowa 2025-26 media guide, Year-by-Year Scores","2/4 Augustana (IL) W, 28-24",resolved,,,,,
34,IOWARAW-00035,iowa,2025-26_media_guide_year_by_year,1904-1905,1905,1905-02-18,Des Moines YMCA,Des Moines YMCA,des-moines-ymca,No,25,33,L,0,,,H,SOURCE_PROGRAM_HOME,Old Armory,Old Armory,Iowa City,IA,,,REGULAR_SEASON,,"Iowa 2025-26 media guide, Year-by-Year Scores","2/18 Des MoinesYMCA L, 25-33",resolved,,,,,
35,IOWARAW-00036,iowa,2025-26_media_guide_year_by_year,1904-1905,1905,1905-02-23,Grinnell,Grinnell,grinnell,No,24,17,W,0,,,H,SOURCE_PROGRAM_HOME,Old Armory,Old Armory,Iowa City,IA,,,REGULAR_SEASON,,"Iowa 2025-26 media guide, Year-by-Year Scores","2/23 Grinnell W, 24-17",resolved,,,,,
36,IOWARAW-00037,iowa,2025-26_media_guide_year_by_year,1904-1905,1905,1905-02-28,Iowa Natl. Guard,Iowa National Guard,iowa-national-guard,No,26,46,L,0,,,at,OPPONENT_HOME,,,,,,,REGULAR_SEASON,,"Iowa 2025-26 media guide, Year-by-Year Scores","2/28 at Iowa Natl. Guard L, 26-46",resolved,,,,,
37,IOWARAW-00038,iowa,2025-26_media_guide_year_by_year,1904-1905,1905,1905-03-04,Coe,Coe,coe,No,50,9,W,0,,,H,SOURCE_PROGRAM_HOME,Old Armory,Old Armory,Iowa City,IA,,,REGULAR_SEASON,,"Iowa 2025-26 media guide, Year-by-Year Scores","3/4 Coe W, 50-9",resolved,,,,,
38,IOWARAW-00039,iowa,2025-26_media_guide_year_by_year,1904-1905,1905,1905-03-06,Grinnell,Grinnell,grinnell,No,26,34,L,0,,,at,OPPONENT_HOME,,,,,,,REGULAR_SEASON,,"Iowa 2025-26 media guide, Year-by-Year Scores","3/6 at Grinnell L, 26-34",resolved,,,,,
39,IOWARAW-00040,iowa,2025-26_media_guide_year_by_year,1904-1905,1905,1905-03-10,Chicago,Chicago,chicago,No,16,20,L,0,,,at,OPPONENT_HOME,,,,,,,REGULAR_SEASON,,"Iowa 2025-26 media guide, Year-by-Year Scores","3/10 at Chicago L, 16-20",resolved,,,,,
40,IOWARAW-00041,iowa,2025-26_media_guide_year_by_year,1904-1905,1905,1905-03-11,Northwestern,Northwestern,northwestern,Yes,23,24,L,0,,,at,OPPONENT_HOME,,,,,,,REGULAR_SEASON,,"Iowa 2025-26 media guide, Year-by-Year Scores","3/11 at Northwestern L, 23-24",resolved,,,,,
41,IOWARAW-00042,iowa,2025-26_media_guide_year_by_year,1905-1906,1906,,Augustana (IL),Augustana (IL),augustana-il,No,25,11,W,0,,,H,SOURCE_PROGRAM_HOME,Old Armory,Old Armory,Iowa City,IA,,,REGULAR_SEASON,,"Iowa 2025-26 media guide, Year-by-Year Scores","N/A Augustana (IL) W, 25-11",resolved,,,,,
42,IOWARAW-00043,iowa,2025-26_media_guide_year_by_year,1905-1906,1906,,Lewis Institute,Lewis Institute,lewis-institute,No,25,31,L,0,,,H,SOURCE_PROGRAM_HOME,Old Armory,Old Armory,Iowa City,IA,,,REGULAR_SEASON,,"Iowa 2025-26 media guide, Year-by-Year Scores","N/A Lewis Institute L, 25-31",resolved,,,,,
43,IOWARAW-00044,iowa,2025-26_media_guide_year_by_year,1905-1906,1906,,Coe,Coe,coe,No,65,20,W,0,,,at,OPPONENT_HOME,,,,,,,REGULAR_SEASON,,"Iowa 2025-26 media guide, Year-by-Year Scores","N/A at Coe W, 65-20",resolved,,,,,
44,IOWARAW-00045,iowa,2025-26_media_guide_year_by_year,1905-1906,1906,,Grinnell,Grinnell,grinnell,No,26,13,W,0,,,H,SOURCE_PROGRAM_HOME,Old Armory,Old Armory,Iowa City,IA,,,REGULAR_SEASON,,"Iowa 2025-26 media guide, Year-by-Year Scores","N/A Grinnell W, 26-13",resolved,,,,,
45,IOWARAW-00046,iowa,2025-26_media_guide_year_by_year,1905-1906,1906,1906-01-13,UNI,UNI,northern-iowa,Yes,51,9,W,0,,,H,SOURCE_PROGRAM_HOME,Old Armory,Old Armory,Iowa City,IA,,,REGULAR_SEASON,,"Iowa 2025-26 media guide, Year-by-Year Scores","1/13 UNI W, 51-9",resolved,,,,,
46,IOWARAW-00047,iowa,2025-26_media_guide_year_by_year,1905-1906,1906,1906-01-26,Iowa Natl. Guard,Iowa National Guard,iowa-national-guard,No,42,26,W,0,,,at,OPPONENT_HOME,,,,,,,REGULAR_SEASON,,"Iowa 2025-26 media guide, Year-by-Year Scores","1/26 at Iowa Natl. Guard W, 42-26",resolved,,,,,
47,IOWARAW-00048,iowa,2025-26_media_guide_year_by_year,1905-1906,1906,1906-02-01,Central YMCA,Central YMCA,central-ymca,No,24,35,L,0,,,at,OPPONENT_HOME,,,,,,,REGULAR_SEASON,,"Iowa 2025-26 media guide, Year-by-Year Scores","2/1 at CentralYMCA L, 24-35",resolved,,,,,
48,IOWARAW-00049,iowa,2025-26_media_guide_year_by_year,1905-1906,1906,1906-02-02,Chicago,Chicago,chicago,No,20,27,L,0,,,at,OPPONENT_HOME,,,,,,,REGULAR_SEASON,,"Iowa 2025-26 media guide, Year-by-Year Scores","2/2 at Chicago L, 20-27",resolved,,,,,
49,IOWARAW-00050,iowa,2025-26_media_guide_year_by_year,1905-1906,1906,1906-02-14,Kansas,Kansas,kansas,Yes,29,19,W,0,,,H,SOURCE_PROGRAM_HOME,Old Armory,Old Armory,Iowa City,IA,,,REGULAR_SEASON,,"Iowa 2025-26 media guide, Year-by-Year Scores","2/14 Kansas W, 29-19",resolved,,,,,
50,IOWARAW-00051,iowa,2025-26_media_guide_year_by_year,1905-1906,1906,1906-02-16,UNI,UNI,northern-iowa,Yes,70,25,W,0,,,at,OPPONENT_HOME,,,,,,,REGULAR_SEASON,,"Iowa 2025-26 media guide, Year-by-Year Scores","2/16 at UNI W, 70-25",resolved,,,,,
51,IOWARAW-00052,iowa,2025-26_media_guide_year_by_year,1905-1906,1906,1906-02-17,Coe,Coe,coe,No,43,13,W,0,,,at,OPPONENT_HOME,,,,,,,REGULAR_SEASON,,"Iowa 2025-26 media guide, Year-by-Year Scores","2/17 at Coe W, 43-13",resolved,,,,,
52,IOWARAW-00053,iowa,2025-26_media_guide_year_by_year,1905-1906,1906,1906-02-22,Grinnell,Grinnell,grinnell,No,19,20,L,0,,,at,OPPONENT_HOME,,,,,,,REGULAR_SEASON,,"Iowa 2025-26 media guide, Year-by-Year Scores","2/22 at Grinnell L, 19-20",resolved,,,,,
53,IOWARAW-00054,iowa,2025-26_media_guide_year_by_year,1905-1906,1906,1906-02-23,Des Moines YMCA,Des Moines YMCA,des-moines-ymca,No,27,33,L,0,,,at,OPPONENT_HOME,,,,,,,REGULAR_SEASON,,"Iowa 2025-26 media guide, Year-by-Year Scores","2/23 at Des MoinesYMCA L, 27-33",resolved,,,,,
54,IOWARAW-00055,iowa,2025-26_media_guide_year_by_year,1905-1906,1906,1906-03-02,Augustana (IL),Augustana (IL),augustana-il,No,28,25,W,0,,,at,OPPONENT_HOME,,,,,,,REGULAR_SEASON,,"Iowa 2025-26 media guide, Year-by-Year Scores","3/2 at Augustana (IL) W, 28-25",resolved,,,,,
55,IOWARAW-00056,iowa,2025-26_media_guide_year_by_year,1905-1906,1906,1906-03-03,Coe,Coe,coe,No,70,12,W,0,,,H,SOURCE_PROGRAM_HOME,Old Armory,Old Armory,Iowa City,IA,,,REGULAR_SEASON,,"Iowa 2025-26 media guide, Year-by-Year Scores","3/3 Coe W, 70-12",resolved,,,,,
56,IOWARAW-00057,iowa,2025-26_media_guide_year_by_year,1905-1906,1906,1906-03-09,Grinnell,Grinnell,grinnell,No,20,17,W,0,,,H,SOURCE_PROGRAM_HOME,Old Armory,Old Armory,Iowa City,IA,,,REGULAR_SEASON,,"Iowa 2025-26 media guide, Year-by-Year Scores","3/9 Grinnell W, 20-17",resolved,,,,,
57,IOWARAW-00058,iowa,2025-26_media_guide_year_by_year,1906-1907,1907,1906-12-13,UNI,UNI,northern-iowa,Yes,73,16,W,0,,,H,SOURCE_PROGRAM_HOME,Old Armory,Old Armory,Iowa City,IA,,,REGULAR_SEASON,,"Iowa 2025-26 media guide, Year-by-Year Scores","12/13 UNI W, 73-16",resolved,,,,,
58,IOWARAW-00059,iowa,2025-26_media_guide_year_by_year,1906-1907,1907,1907-01-12,Coe,Coe,coe,No,49,35,W,0,,,H,SOURCE_PROGRAM_HOME,Old Armory,Old Armory,Iowa City,IA,,,REGULAR_SEASON,,"Iowa 2025-26 media guide, Year-by-Year Scores","1/12 Coe W, 49-35",resolved,,,,,
59,IOWARAW-00060,iowa,2025-26_media_guide_year_by_year,1906-1907,1907,1907-01-18,Des Moines YMCA,Des Moines YMCA,des-moines-ymca,No,26,32,L,0,,,at,OPPONENT_HOME,,,,,,,REGULAR_SEASON,,"Iowa 2025-26 media guide, Year-by-Year Scores","1/18 at Des MoinesYMCA L, 26-32",resolved,,,,,
60,IOWARAW-00061,iowa,2025-26_media_guide_year_by_year,1906-1907,1907,1907-01-19,Highland Park,Highland Park College,highland-park-college,No,32,17,W,0,,,at,OPPONENT_HOME,,,,,,,REGULAR_SEASON,,"Iowa 2025-26 media guide, Year-by-Year Scores","1/19 at Highland Park W, 32-17",resolved,,,,,
61,IOWARAW-00062,iowa,2025-26_media_guide_year_by_year,1906-1907,1907,1907-01-21,Nebraska,Nebraska,nebraska,Yes,17,27,L,0,,,at,OPPONENT_HOME,,,,,,,REGULAR_SEASON,,"Iowa 2025-26 media guide, Year-by-Year Scores","1/21 at Nebraska L, 17-27",resolved,,,,,
62,IOWARAW-00063,iowa,2025-26_media_guide_year_by_year,1906-1907,1907,1907-01-23,Kansas City A.C.,Kansas City Athletic Club,kansas-city-athletic-club,No,28,35,L,0,,,at,OPPONENT_HOME,,,,,,,REGULAR_SEASON,,"Iowa 2025-26 media guide, Year-by-Year Scores","1/23 at Kansas City A.C. L, 28-35",resolved,,,,,
63,IOWARAW-00064,iowa,2025-26_media_guide_year_by_year,1906-1907,1907,1907-01-30,Grinnell,Grinnell,grinnell,No,20,17,W,0,,,at,OPPONENT_HOME,,,,,,,REGULAR_SEASON,,"Iowa 2025-26 media guide, Year-by-Year Scores","1/30 at Grinnell W, 20-17",resolved,,,,,
64,IOWARAW-00065,iowa,2025-26_media_guide_year_by_year,1906-1907,1907,1907-02-09,Grinnell,Grinnell,grinnell,No,21,24,L,0,,,H,SOURCE_PROGRAM_HOME,Old Armory,Old Armory,Iowa City,IA,,,REGULAR_SEASON,,"Iowa 2025-26 media guide, Year-by-Year Scores","2/9 Grinnell L, 21-24",resolved,,,,,
65,IOWARAW-00066,iowa,2025-26_media_guide_year_by_year,1906-1907,1907,1907-02-16,Coe,Coe,coe,No,31,33,L,0,,,at,OPPONENT_HOME,,,,,,,REGULAR_SEASON,,"Iowa 2025-26 media guide, Year-by-Year Scores","2/16 at Coe L, 31-33",resolved,,,,,
66,IOWARAW-00067,iowa,2025-26_media_guide_year_by_year,1906-1907,1907,1907-02-22,Nebraska,Nebraska,nebraska,Yes,32,29,W,0,,,H,SOURCE_PROGRAM_HOME,Old Armory,Old Armory,Iowa City,IA,,,REGULAR_SEASON,,"Iowa 2025-26 media guide, Year-by-Year Scores","2/22 Nebraska W, 32-29",resolved,,,,,
67,IOWARAW-00068,iowa,2025-26_media_guide_year_by_year,1907-1908,1908,1907-12-07,Cedar Rapids YMCA,Cedar Rapids YMCA,cedar-rapids-ymca,No,69,39,W,0,,,at,OPPONENT_HOME,,,,,,,REGULAR_SEASON,,"Iowa 2025-26 media guide, Year-by-Year Scores","12/7 at Cedar RapidsYMCA W, 69-39",resolved,,,,,
68,IOWARAW-00069,iowa,2025-26_media_guide_year_by_year,1907-1908,1908,1907-12-14,Cedar Rapids YMCA,Cedar Rapids YMCA,cedar-rapids-ymca,No,63,12,W,0,,,H,SOURCE_PROGRAM_HOME,Old Armory,Old Armory,Iowa City,IA,,,REGULAR_SEASON,,"Iowa 2025-26 media guide, Year-by-Year Scores","12/14 Cedar RapidsYMCA W, 63-12",resolved,,,,,
69,IOWARAW-00070,iowa,2025-26_media_guide_year_by_year,1907-1908,1908,1907-12-20,Chicago,Chicago,chicago,No,26,35,L,0,,,H,SOURCE_PROGRAM_HOME,Old Armory,Old Armory,Iowa City,IA,,,REGULAR_SEASON,,"Iowa 2025-26 media guide, Year-by-Year Scores","12/20 Chicago L, 26-35",resolved,,,,,
70,IOWARAW-00071,iowa,2025-26_media_guide_year_by_year,1907-1908,1908,,Upper Iowa,Upper Iowa,upper-iowa,No,42,25,W,0,,,at,OPPONENT_HOME,,,,,,,REGULAR_SEASON,,"Iowa 2025-26 media guide, Year-by-Year Scores","N/A at Upper Iowa W, 42-25",resolved,,,,,
71,IOWARAW-00072,iowa,2025-26_media_guide_year_by_year,1907-1908,1908,1908-01-08,Minnesota,Minnesota,minnesota,Yes,12,31,L,0,,,H,SOURCE_PROGRAM_HOME,Old Armory,Old Armory,Iowa City,IA,,,REGULAR_SEASON,,"Iowa 2025-26 media guide, Year-by-Year Scores","1/8 Minnesota L, 12-31",resolved,,,,,
72,IOWARAW-00073,iowa,2025-26_media_guide_year_by_year,1907-1908,1908,,Luther,Luther,luther,No,34,32,W,0,,,at,OPPONENT_HOME,,,,,,,REGULAR_SEASON,,"Iowa 2025-26 media guide, Year-by-Year Scores","N/A at Luther W, 34-32",resolved,,,,,
73,IOWARAW-00074,iowa,2025-26_media_guide_year_by_year,1907-1908,1908,,Chicago,Chicago,chicago,No,12,32,L,0,,,at,OPPONENT_HOME,,,,,,,REGULAR_SEASON,,"Iowa 2025-26 media guide, Year-by-Year Scores","N/A at Chicago L, 12-32",resolved,,,,,
74,IOWARAW-00075,iowa,2025-26_media_guide_year_by_year,1907-1908,1908,,Minnesota,Minnesota,minnesota,Yes,25,33,L,0,,,H,SOURCE_PROGRAM_HOME,Old Armory,Old Armory,Iowa City,IA,,,REGULAR_SEASON,,"Iowa 2025-26 media guide, Year-by-Year Scores","N/A Minnesota L, 25-33",resolved,,,,,
75,IOWARAW-00076,iowa,2025-26_media_guide_year_by_year,1907-1908,1908,1908-01-20,Grinnell,Grinnell,grinnell,No,15,13,W,0,,,H,SOURCE_PROGRAM_HOME,Old Armory,Old Armory,Iowa City,IA,,,REGULAR_SEASON,,"Iowa 2025-26 media guide, Year-by-Year Scores","1/20 Grinnell W, 15-13",resolved,,,,,
76,IOWARAW-00077,iowa,2025-26_media_guide_year_by_year,1907-1908,1908,1908-01-30,Missouri,Missouri,missouri,Yes,46,16,W,0,,,H,SOURCE_PROGRAM_HOME,Old Armory,Old Armory,Iowa City,IA,,,REGULAR_SEASON,,"Iowa 2025-26 media guide, Year-by-Year Scores","1/30 Missouri W, 46-16",resolved,,,,,
77,IOWARAW-00078,iowa,2025-26_media_guide_year_by_year,1907-1908,1908,1908-02-14,Illinois,Illinois,illinois,Yes,46,36,W,0,,,H,SOURCE_PROGRAM_HOME,Old Armory,Old Armory,Iowa City,IA,,,REGULAR_SEASON,,"Iowa 2025-26 media guide, Year-by-Year Scores","2/14 Illinois W, 46-36",resolved,,,,,
78,IOWARAW-00079,iowa,2025-26_media_guide_year_by_year,1907-1908,1908,1908-02-15,Coe,Coe,coe,No,42,28,W,0,,,at,OPPONENT_HOME,,,,,,,REGULAR_SEASON,,"Iowa 2025-26 media guide, Year-by-Year Scores","2/15 at Coe W, 42-28",resolved,,,,,
79,IOWARAW-00080,iowa,2025-26_media_guide_year_by_year,1907-1908,1908,1908-02-22,Grinnell,Grinnell,grinnell,No,11,34,L,0,,,at,OPPONENT_HOME,,,,,,,REGULAR_SEASON,,"Iowa 2025-26 media guide, Year-by-Year Scores","2/22 at Grinnell L, 11-34",resolved,,,,,
80,IOWARAW-00081,iowa,2025-26_media_guide_year_by_year,1907-1908,1908,1908-02-27,Coe,Coe,coe,No,38,12,W,0,,,H,SOURCE_PROGRAM_HOME,Old Armory,Old Armory,Iowa City,IA,,,REGULAR_SEASON,,"Iowa 2025-26 media guide, Year-by-Year Scores","2/27 Coe W, 38-12",resolved,,,,,
81,IOWARAW-00082,iowa,2025-26_media_guide_year_by_year,1907-1908,1908,1908-03-07,Nebraska,Nebraska,nebraska,Yes,39,26,W,0,,,H,SOURCE_PROGRAM_HOME,Old Armory,Old Armory,Iowa City,IA,,,REGULAR_SEASON,,"Iowa 2025-26 media guide, Year-by-Year Scores","3/7 Nebraska W, 39-26",resolved,,,,,
82,IOWARAW-00083,iowa,2025-26_media_guide_year_by_year,1907-1908,1908,1908-03-11,Grinnell,Grinnell,grinnell,No,12,26,L,0,,,at,OPPONENT_HOME,,,,,,,REGULAR_SEASON,,"Iowa 2025-26 media guide, Year-by-Year Scores","3/11 at Grinnell L, 12-26",resolved,,,,,
83,IOWARAW-00084,iowa,2025-26_media_guide_year_by_year,1908-1909,1909,1909-01-13,UNI,UNI,northern-iowa,Yes,42,12,W,0,,,H,SOURCE_PROGRAM_HOME,Old Armory,Old Armory,Iowa City,IA,,,REGULAR_SEASON,,"Iowa 2025-26 media guide, Year-by-Year Scores","1/13 UNI W, 42-12",resolved,,,,,
84,IOWARAW-00085,iowa,2025-26_media_guide_year_by_year,1908-1909,1909,1909-01-21,Coe,Coe,coe,No,48,10,W,0,,,H,SOURCE_PROGRAM_HOME,Old Armory,Old Armory,Iowa City,IA,,,REGULAR_SEASON,,"Iowa 2025-26 media guide, Year-by-Year Scores","1/21 Coe W, 48-10",resolved,,,,,
85,IOWARAW-00086,iowa,2025-26_media_guide_year_by_year,1908-1909,1909,1909-01-28,Chicago,Chicago,chicago,No,10,29,L,0,,,at,OPPONENT_HOME,,,,,,,REGULAR_SEASON,,"Iowa 2025-26 media guide, Year-by-Year Scores","1/28 at Chicago L, 10-29",resolved,,,,,
86,IOWARAW-00087,iowa,2025-26_media_guide_year_by_year,1908-1909,1909,1909-01-29,Indiana,Indiana,indiana,Yes,12,18,L,0,,,at,OPPONENT_HOME,,,,,,,REGULAR_SEASON,,"Iowa 2025-26 media guide, Year-by-Year Scores","1/29 at Indiana L, 12-18",resolved,,,,,
87,IOWARAW-00088,iowa,2025-26_media_guide_year_by_year,1908-1909,1909,1909-01-30,Purdue,Purdue,purdue,Yes,11,17,L,0,,,at,OPPONENT_HOME,,,,,,,REGULAR_SEASON,,"Iowa 2025-26 media guide, Year-by-Year Scores","1/30 at Purdue L, 11-17",resolved,,,,,
88,IOWARAW-00089,iowa,2025-26_media_guide_year_by_year,1908-1909,1909,1909-02-02,Haskell Indians,Haskell Indian Nations,haskell-indian-nations,No,32,18,W,0,,,H,SOURCE_PROGRAM_HOME,Old Armory,Old Armory,Iowa City,IA,,,REGULAR_SEASON,,"Iowa 2025-26 media guide, Year-by-Year Scores","2/2 Haskell Indians W, 32-18",resolved,,,,,
89,IOWARAW-00090,iowa,2025-26_media_guide_year_by_year,1908-1909,1909,1909-02-06,Grinnell,Grinnell,grinnell,No,18,19,L,0,,,H,SOURCE_PROGRAM_HOME,Old Armory,Old Armory,Iowa City,IA,,,REGULAR_SEASON,,"Iowa 2025-26 media guide, Year-by-Year Scores","2/6 Grinnell L, 18-19",resolved,,,,,
90,IOWARAW-00091,iowa,2025-26_media_guide_year_by_year,1908-1909,1909,1909-02-09,Coe,Coe,coe,No,36,24,W,0,,,at,OPPONENT_HOME,,,,,,,REGULAR_SEASON,,"Iowa 2025-26 media guide, Year-by-Year Scores","2/9 at Coe W, 36-24",resolved,,,,,
91,IOWARAW-00092,iowa,2025-26_media_guide_year_by_year,1908-1909,1909,1909-02-12,Grinnell,Grinnell,grinnell,No,14,25,L,0,,,at,OPPONENT_HOME,,,,,,,REGULAR_SEASON,,"Iowa 2025-26 media guide, Year-by-Year Scores","2/12 at Grinnell L, 14-25",resolved,,,,,
92,IOWARAW-00093,iowa,2025-26_media_guide_year_by_year,1908-1909,1909,1909-02-18,Minnesota,Minnesota,minnesota,Yes,37,14,W,0,,,H,SOURCE_PROGRAM_HOME,Old Armory,Old Armory,Iowa City,IA,,,REGULAR_SEASON,,"Iowa 2025-26 media guide, Year-by-Year Scores","2/18 Minnesota W, 37-14",resolved,,,,,
93,IOWARAW-00094,iowa,2025-26_media_guide_year_by_year,1908-1909,1909,1909-02-19,UNI,UNI,northern-iowa,Yes,49,9,W,0,,,at,OPPONENT_HOME,,,,,,,REGULAR_SEASON,,"Iowa 2025-26 media guide, Year-by-Year Scores","2/19 at UNI W, 49-9",resolved,,,,,
94,IOWARAW-00095,iowa,2025-26_media_guide_year_by_year,1908-1909,1909,1909-02-22,Drake,Drake,drake,Yes,36,13,W,0,,,at,OPPONENT_HOME,,,,,,,REGULAR_SEASON,,"Iowa 2025-26 media guide, Year-by-Year Scores","2/22 at Drake W, 36-13",resolved,,,,,
95,IOWARAW-00096,iowa,2025-26_media_guide_year_by_year,1908-1909,1909,1909-02-26,Luther,Luther,luther,No,34,12,W,0,,,at,OPPONENT_HOME,,,,,,,REGULAR_SEASON,,"Iowa 2025-26 media guide, Year-by-Year Scores","2/26 at Luther W, 34-12",resolved,,,,,
96,IOWARAW-00097,iowa,2025-26_media_guide_year_by_year,1908-1909,1909,1909-02-27,Minnesota,Minnesota,minnesota,Yes,18,23,L,0,,,at,OPPONENT_HOME,,,,,,,REGULAR_SEASON,,"Iowa 2025-26 media guide, Year-by-Year Scores","2/27 at Minnesota L, 18-23",resolved,,,,,
97,IOWARAW-00098,iowa,2025-26_media_guide_year_by_year,1908-1909,1909,1909-03-01,Wisconsin,Wisconsin,wisconsin,Yes,9,30,L,0,,,H,SOURCE_PROGRAM_HOME,Old Armory,Old Armory,Iowa City,IA,,,REGULAR_SEASON,,"Iowa 2025-26 media guide, Year-by-Year Scores","3/1 atWisconsin L, 9-30",resolved,,,,,
98,IOWARAW-00099,iowa,2025-26_media_guide_year_by_year,1909-1910,1910,1910-01-10,Coe,Coe,coe,No,32,17,W,0,,,at,OPPONENT_HOME,,,,,,,REGULAR_SEASON,,"Iowa 2025-26 media guide, Year-by-Year Scores","1/10 at Coe W, 32-17",resolved,,,,,
99,IOWARAW-00100,iowa,2025-26_media_guide_year_by_year,1909-1910,1910,1910-01-19,Luther,Luther,luther,No,19,15,W,0,,,at,OPPONENT_HOME,,,,,,,REGULAR_SEASON,,"Iowa 2025-26 media guide, Year-by-Year Scores","1/19 at Luther W, 19-15",resolved,,,,,
100,IOWARAW-00101,iowa,2025-26_media_guide_year_by_year,1909-1910,1910,1910-01-20,Minnesota,Minnesota,minnesota,Yes,9,20,L,0,,,at,OPPONENT_HOME,,,,,,,REGULAR_SEASON,,"Iowa 2025-26 media guide, Year-by-Year Scores","1/20 at Minnesota L, 9-20",resolved,,,,,
101,IOWARAW-00102,iowa,2025-26_media_guide_year_by_year,1909-1910,1910,1910-01-22,UNI,UNI,northern-iowa,Yes,34,11,W,0,,,at,OPPONENT_HOME,,,,,,,REGULAR_SEASON,,"Iowa 2025-26 media guide, Year-by-Year Scores","1/22 at UNI W, 34-11",resolved,,,,,
102,IOWARAW-00103,iowa,2025-26_media_guide_year_by_year,1909-1910,1910,1910-01-29,Grinnell,Grinnell,grinnell,No,20,13,W,0,,,H,SOURCE_PROGRAM_HOME,Old Armory,Old Armory,Iowa City,IA,,,REGULAR_SEASON,,"Iowa 2025-26 media guide, Year-by-Year Scores","1/29 Grinnell W, 20-13",resolved,,,,,
103,IOWARAW-00104,iowa,2025-26_media_guide_year_by_year,1909-1910,1910,1910-02-03,Minnesota,Minnesota,minnesota,Yes,18,22,L,0,,,H,SOURCE_PROGRAM_HOME,Old Armory,Old Armory,Iowa City,IA,,,REGULAR_SEASON,,"Iowa 2025-26 media guide, Year-by-Year Scores","2/3 Minnesota L, 18-22",resolved,,,,,
104,IOWARAW-00105,iowa,2025-26_media_guide_year_by_year,1909-1910,1910,1910-02-04,Drake,Drake,drake,Yes,26,8,W,0,,,at,OPPONENT_HOME,,,,,,,REGULAR_SEASON,,"Iowa 2025-26 media guide, Year-by-Year Scores","2/4 at Drake W, 26-8",resolved,,,,,
105,IOWARAW-00106,iowa,2025-26_media_guide_year_by_year,1909-1910,1910,1910-02-05,Iowa State,Iowa State,iowa-state,Yes,30,27,W,0,,,at,OPPONENT_HOME,,,,,,,REGULAR_SEASON,,"Iowa 2025-26 media guide, Year-by-Year Scores","2/5 at Iowa State W, 30-27",resolved,,,,,
106,IOWARAW-00107,iowa,2025-26_media_guide_year_by_year,1909-1910,1910,1910-02-11,Grinnell,Grinnell,grinnell,No,13,18,L,0,,,at,OPPONENT_HOME,,,,,,,REGULAR_SEASON,,"Iowa 2025-26 media guide, Year-by-Year Scores","2/11 at Grinnell L, 13-18",resolved,,,,,
107,IOWARAW-00108,iowa,2025-26_media_guide_year_by_year,1909-1910,1910,1910-02-16,Missouri,Missouri,missouri,Yes,20,6,W,0,,,H,SOURCE_PROGRAM_HOME,Old Armory,Old Armory,Iowa City,IA,,,REGULAR_SEASON,,"Iowa 2025-26 media guide, Year-by-Year Scores","2/16 Missouri W, 20-6",resolved,,,,,
108,IOWARAW-00109,iowa,2025-26_media_guide_year_by_year,1909-1910,1910,1910-02-19,Northwestern,Northwestern,northwestern,Yes,18,11,W,0,,,at,OPPONENT_HOME,,,,,,,REGULAR_SEASON,,"Iowa 2025-26 media guide, Year-by-Year Scores","2/19 at Northwestern W, 18-11",resolved,,,,,
109,IOWARAW-00110,iowa,2025-26_media_guide_year_by_year,1909-1910,1910,1910-02-27,Iowa State,Iowa State,iowa-state,Yes,24,12,W,0,,,H,SOURCE_PROGRAM_HOME,Old Armory,Old Armory,Iowa City,IA,,,REGULAR_SEASON,,"Iowa 2025-26 media guide, Year-by-Year Scores","2/27 Iowa State W, 24-12",resolved,,,,,
110,IOWARAW-00111,iowa,2025-26_media_guide_year_by_year,1909-1910,1910,1910-03-01,Drake,Drake,drake,Yes,43,7,W,0,,,H,SOURCE_PROGRAM_HOME,Old Armory,Old Armory,Iowa City,IA,,,REGULAR_SEASON,,"Iowa 2025-26 media guide, Year-by-Year Scores","3/1 Drake W, 43-7",resolved,,,,,
111,IOWARAW-00112,iowa,2025-26_media_guide_year_by_year,1909-1910,1910,1910-03-05,Northwestern,Northwestern,northwestern,Yes,35,6,W,0,,,H,SOURCE_PROGRAM_HOME,Old Armory,Old Armory,Iowa City,IA,,,REGULAR_SEASON,,"Iowa 2025-26 media guide, Year-by-Year Scores","3/5 Northwestern W, 35-6",resolved,,,,,
112,IOWARAW-00113,iowa,2025-26_media_guide_year_by_year,1910-1911,1911,1911-01-10,Coe,Coe,coe,No,51,19,W,0,,,H,SOURCE_PROGRAM_HOME,Old Armory,Old Armory,Iowa City,IA,,,REGULAR_SEASON,,"Iowa 2025-26 media guide, Year-by-Year Scores","1/10 Coe W, 51-19",resolved,,,,,
113,IOWARAW-00114,iowa,2025-26_media_guide_year_by_year,1910-1911,1911,1911-01-21,Drake,Drake,drake,Yes,30,20,W,0,,,H,SOURCE_PROGRAM_HOME,Old Armory,Old Armory,Iowa City,IA,,,REGULAR_SEASON,,"Iowa 2025-26 media guide, Year-by-Year Scores","1/21 Drake W, 30-20",resolved,,,,,
114,IOWARAW-00115,iowa,2025-26_media_guide_year_by_year,1910-1911,1911,1911-01-27,Northwestern,Northwestern,northwestern,Yes,17,10,W,0,,,H,SOURCE_PROGRAM_HOME,Old Armory,Old Armory,Iowa City,IA,,,REGULAR_SEASON,,"Iowa 2025-26 media guide, Year-by-Year Scores","1/27 Northwestern W, 17-10",resolved,,,,,
115,IOWARAW-00116,iowa,2025-26_media_guide_year_by_year,1910-1911,1911,1911-02-09,Carleton,Carleton,carleton,No,25,14,W,0,,,at,OPPONENT_HOME,,,,,,,REGULAR_SEASON,,"Iowa 2025-26 media guide, Year-by-Year Scores","2/9 at Carleton W, 25-14",resolved,,,,,
116,IOWARAW-00117,iowa,2025-26_media_guide_year_by_year,1910-1911,1911,1911-02-10,Minnesota,Minnesota,minnesota,Yes,7,37,L,0,,,at,OPPONENT_HOME,,,,,,,REGULAR_SEASON,,"Iowa 2025-26 media guide, Year-by-Year Scores","2/10 at Minnesota L, 7-37",resolved,,,,,
117,IOWARAW-00118,iowa,2025-26_media_guide_year_by_year,1910-1911,1911,1911-02-11,UNI,UNI,northern-iowa,Yes,43,17,W,0,,,at,OPPONENT_HOME,,,,,,,REGULAR_SEASON,,"Iowa 2025-26 media guide, Year-by-Year Scores","2/11 at UNI W, 43-17",resolved,,,,,
118,IOWARAW-00119,iowa,2025-26_media_guide_year_by_year,1910-1911,1911,1911-02-17,Lewis Institute,Lewis Institute,lewis-institute,No,10,19,L,0,,,at,OPPONENT_HOME,,,,,,,REGULAR_SEASON,,"Iowa 2025-26 media guide, Year-by-Year Scores","2/17 at Lewis Institute L, 10-19",resolved,,,,,
119,IOWARAW-00120,iowa,2025-26_media_guide_year_by_year,1910-1911,1911,1911-02-18,Northwestern,Northwestern,northwestern,Yes,27,18,W,0,,,at,OPPONENT_HOME,,,,,,,REGULAR_SEASON,,"Iowa 2025-26 media guide, Year-by-Year Scores","2/18 at Northwestern W, 27-18",resolved,,,,,
120,IOWARAW-00121,iowa,2025-26_media_guide_year_by_year,1910-1911,1911,1911-02-20,Cornell,Cornell College,cornell-college,No,24,10,W,0,,,H,SOURCE_PROGRAM_HOME,Old Armory,Old Armory,Iowa City,IA,,,REGULAR_SEASON,,"Iowa 2025-26 media guide, Year-by-Year Scores","2/20 Cornell W, 24-10",resolved,,,,,
121,IOWARAW-00122,iowa,2025-26_media_guide_year_by_year,1910-1911,1911,1911-02-23,Drake,Drake,drake,Yes,21,15,W,0,,,at,OPPONENT_HOME,,,,,,,REGULAR_SEASON,,"Iowa 2025-26 media guide, Year-by-Year Scores","2/23 at Drake W, 21-15",resolved,,,,,
122,IOWARAW-00123,iowa,2025-26_media_guide_year_by_year,1910-1911,1911,1911-02-27,Grinnell,Grinnell,grinnell,No,10,21,L,0,,,at,OPPONENT_HOME,,,,,,,REGULAR_SEASON,,"Iowa 2025-26 media guide, Year-by-Year Scores","2/27 at Grinnell L, 10-21",resolved,,,,,
123,IOWARAW-00124,iowa,2025-26_media_guide_year_by_year,1910-1911,1911,1911-03-04,Minnesota,Minnesota,minnesota,Yes,15,36,L,0,,,H,SOURCE_PROGRAM_HOME,Old Armory,Old Armory,Iowa City,IA,,,REGULAR_SEASON,,"Iowa 2025-26 media guide, Year-by-Year Scores","3/4 Minnesota L, 15-36",resolved,,,,,
124,IOWARAW-00125,iowa,2025-26_media_guide_year_by_year,1910-1911,1911,1911-03-09,Grinnell,Grinnell,grinnell,No,12,10,W,0,,,at,OPPONENT_HOME,,,,,,,REGULAR_SEASON,,"Iowa 2025-26 media guide, Year-by-Year Scores","3/9 at Grinnell W, 12-10",resolved,,,,,
125,IOWARAW-00126,iowa,2025-26_media_guide_year_by_year,1911-1912,1912,1911-12-20,Iowa Wesleyan,Iowa Wesleyan,iowa-wesleyan,No,41,22,W,0,,,H,SOURCE_PROGRAM_HOME,Old Armory,Old Armory,Iowa City,IA,,,REGULAR_SEASON,,"Iowa 2025-26 media guide, Year-by-Year Scores","12/20 IowaWesleyan W, 41-22",resolved,,,,,
126,IOWARAW-00127,iowa,2025-26_media_guide_year_by_year,1911-1912,1912,1912-01-05,Wisconsin,Wisconsin,wisconsin,Yes,12,38,L,0,,,H,SOURCE_PROGRAM_HOME,Old Armory,Old Armory,Iowa City,IA,,,REGULAR_SEASON,,"Iowa 2025-26 media guide, Year-by-Year Scores","1/5 Wisconsin L, 12-38",resolved,,,,,
127,IOWARAW-00128,iowa,2025-26_media_guide_year_by_year,1911-1912,1912,1912-01-16,Leander Clarke,Leander Clark College,leander-clark-college,No,23,11,W,0,,,H,SOURCE_PROGRAM_HOME,Old Armory,Old Armory,Iowa City,IA,,,REGULAR_SEASON,,"Iowa 2025-26 media guide, Year-by-Year Scores","1/16 Leander Clarke W, 23-11",resolved,,,,,
128,IOWARAW-00129,iowa,2025-26_media_guide_year_by_year,1911-1912,1912,1912-01-22,Minnesota,Minnesota,minnesota,Yes,17,36,L,0,,,H,SOURCE_PROGRAM_HOME,Old Armory,Old Armory,Iowa City,IA,,,REGULAR_SEASON,,"Iowa 2025-26 media guide, Year-by-Year Scores","1/22 Minnesota L, 17-36",resolved,,,,,
129,IOWARAW-00130,iowa,2025-26_media_guide_year_by_year,1911-1912,1912,1912-01-27,UNI,UNI,northern-iowa,Yes,28,8,W,0,,,H,SOURCE_PROGRAM_HOME,Old Armory,Old Armory,Iowa City,IA,,,REGULAR_SEASON,,"Iowa 2025-26 media guide, Year-by-Year Scores","1/27 UNI W, 28-8",resolved,,,,,
130,IOWARAW-00131,iowa,2025-26_media_guide_year_by_year,1911-1912,1912,1912-02-10,Grinnell,Grinnell,grinnell,No,19,20,L,0,,,H,SOURCE_PROGRAM_HOME,Old Armory,Old Armory,Iowa City,IA,,,REGULAR_SEASON,,"Iowa 2025-26 media guide, Year-by-Year Scores","2/10 Grinnell L, 19-20",resolved,,,,,
131,IOWARAW-00132,iowa,2025-26_media_guide_year_by_year,1911-1912,1912,1912-02-12,St. Joseph,St. Joseph's (Dubuque),st-josephs-dubuque,No,9,11,L,0,,,at,OPPONENT_HOME,,,,,,,REGULAR_SEASON,,"Iowa 2025-26 media guide, Year-by-Year Scores","2/12 at St. Joseph L, 9-11",resolved,,,,,
132,IOWARAW-00133,iowa,2025-26_media_guide_year_by_year,1911-1912,1912,1912-02-13,Sacred Heart,Sacred Heart (Prairie du Chien),sacred-heart-prairie-du-chien,No,14,12,W,0,,,at,OPPONENT_HOME,,,,,,,REGULAR_SEASON,,"Iowa 2025-26 media guide, Year-by-Year Scores","2/13 at Sacred Heart W, 14-12",resolved,,,,,
133,IOWARAW-00134,iowa,2025-26_media_guide_year_by_year,1911-1912,1912,1912-02-14,Wisconsin,Wisconsin,wisconsin,Yes,5,30,L,0,,,H,SOURCE_PROGRAM_HOME,Old Armory,Old Armory,Iowa City,IA,,,REGULAR_SEASON,,"Iowa 2025-26 media guide, Year-by-Year Scores","2/14 atWisconsin L, 5-30",resolved,,,,,
134,IOWARAW-00135,iowa,2025-26_media_guide_year_by_year,1911-1912,1912,1912-02-22,Cornell,Cornell College,cornell-college,No,24,10,W,0,,,H,SOURCE_PROGRAM_HOME,Old Armory,Old Armory,Iowa City,IA,,,REGULAR_SEASON,,"Iowa 2025-26 media guide, Year-by-Year Scores","2/22 Cornell W, 24-10",resolved,,,,,
135,IOWARAW-00136,iowa,2025-26_media_guide_year_by_year,1911-1912,1912,,Grinnell,Grinnell,grinnell,No,14,18,L,0,,,at,OPPONENT_HOME,,,,,,,REGULAR_SEASON,,"Iowa 2025-26 media guide, Year-by-Year Scores","N/A at Grinnell L, 14-18",resolved,,,,,
136,IOWARAW-00137,iowa,2025-26_media_guide_year_by_year,1911-1912,1912,1912-02-29,UNI,UNI,northern-iowa,Yes,21,16,W,0,,,H,SOURCE_PROGRAM_HOME,Old Armory,Old Armory,Iowa City,IA,,,REGULAR_SEASON,,"Iowa 2025-26 media guide, Year-by-Year Scores","2/29 UNI W, 21-16",resolved,,,,,
137,IOWARAW-00138,iowa,2025-26_media_guide_year_by_year,1911-1912,1912,1912-03-01,Minnesota,Minnesota,minnesota,Yes,10,29,L,0,,,at,OPPONENT_HOME,,,,,,,REGULAR_SEASON,,"Iowa 2025-26 media guide, Year-by-Year Scores","3/1 at Minnesota L, 10-29",resolved,,,,,
138,IOWARAW-00139,iowa,2025-26_media_guide_year_by_year,1911-1912,1912,1912-03-02,Carleton,Carleton,carleton,No,9,15,L,0,,,at,OPPONENT_HOME,,,,,,,REGULAR_SEASON,,"Iowa 2025-26 media guide, Year-by-Year Scores","3/2 at Carleton L, 9-15",resolved,,,,,
139,IOWARAW-00140,iowa,2025-26_media_guide_year_by_year,1912-1913,1913,1912-12-16,Leander Clarke,Leander Clark College,leander-clark-college,No,14,10,W,0,,,H,SOURCE_PROGRAM_HOME,Old Armory,Old Armory,Iowa City,IA,,,REGULAR_SEASON,,"Iowa 2025-26 media guide, Year-by-Year Scores","12/16 Leander Clarke W, 14-10",resolved,,,,,
140,IOWARAW-00141,iowa,2025-26_media_guide_year_by_year,1912-1913,1913,1912-12-30,Ottumwa,Ottumwa,ottumwa,No,17,41,L,0,,,at,OPPONENT_HOME,,,,,,,REGULAR_SEASON,,"Iowa 2025-26 media guide, Year-by-Year Scores","12/30 at Ottumwa L, 17-41",resolved,,,,,
141,IOWARAW-00142,iowa,2025-26_media_guide_year_by_year,1912-1913,1913,1912-12-31,Highland Park,Highland Park College,highland-park-college,No,4,14,L,0,,,at,OPPONENT_HOME,,,,,,,REGULAR_SEASON,,"Iowa 2025-26 media guide, Year-by-Year Scores","12/31 at Highland Park L, 4-14",resolved,,,,,
142,IOWARAW-00143,iowa,2025-26_media_guide_year_by_year,1912-1913,1913,1913-01-01,Iowa Natl. Guard,Iowa National Guard,iowa-national-guard,No,25,16,W,0,,,at,OPPONENT_HOME,,,,,,,REGULAR_SEASON,,"Iowa 2025-26 media guide, Year-by-Year Scores","1/1 at Iowa Natl. Guard W, 25-16",resolved,,,,,
143,IOWARAW-00144,iowa,2025-26_media_guide_year_by_year,1912-1913,1913,1913-01-02,Des Moines YMCA,Des Moines YMCA,des-moines-ymca,No,10,15,L,0,,,at,OPPONENT_HOME,,,,,,,REGULAR_SEASON,,"Iowa 2025-26 media guide, Year-by-Year Scores","1/2 at Des MoinesYMCA L, 10-15",resolved,,,,,
144,IOWARAW-00145,iowa,2025-26_media_guide_year_by_year,1912-1913,1913,1913-01-03,Simpson,Simpson,simpson,No,14,24,L,0,,,at,OPPONENT_HOME,,,,,,,REGULAR_SEASON,,"Iowa 2025-26 media guide, Year-by-Year Scores","1/3 at Simpson L, 14-24",resolved,,,,,
145,IOWARAW-00146,iowa,2025-26_media_guide_year_by_year,1912-1913,1913,1913-01-11,UNI,UNI,northern-iowa,Yes,24,20,W,0,,,H,SOURCE_PROGRAM_HOME,Old Armory,Old Armory,Iowa City,IA,,,REGULAR_SEASON,,"Iowa 2025-26 media guide, Year-by-Year Scores","1/11 UNI W, 24-20",resolved,,,,,
146,IOWARAW-00147,iowa,2025-26_media_guide_year_by_year,1912-1913,1913,1913-01-16,Northwestern,Northwestern,northwestern,Yes,12,29,L,0,,,at,OPPONENT_HOME,,,,,,,REGULAR_SEASON,,"Iowa 2025-26 media guide, Year-by-Year Scores","1/16 at Northwestern L, 12-29",resolved,,,,,
147,IOWARAW-00148,iowa,2025-26_media_guide_year_by_year,1912-1913,1913,1913-01-17,Chicago,Chicago,chicago,No,8,28,L,0,,,at,OPPONENT_HOME,,,,,,,REGULAR_SEASON,,"Iowa 2025-26 media guide, Year-by-Year Scores","1/17 at Chicago L, 8-28",resolved,,,,,
148,IOWARAW-00149,iowa,2025-26_media_guide_year_by_year,1912-1913,1913,1913-01-18,Illinois,Illinois,illinois,Yes,9,35,L,0,,,at,OPPONENT_HOME,,,,,,,REGULAR_SEASON,,"Iowa 2025-26 media guide, Year-by-Year Scores","1/18 at Illinois L, 9-35",resolved,,,,,
149,IOWARAW-00150,iowa,2025-26_media_guide_year_by_year,1912-1913,1913,1913-01-24,Grinnell,Grinnell,grinnell,No,12,26,L,0,,,H,SOURCE_PROGRAM_HOME,Old Armory,Old Armory,Iowa City,IA,,,REGULAR_SEASON,,"Iowa 2025-26 media guide, Year-by-Year Scores","1/24 Grinnell L, 12-26",resolved,,,,,
150,IOWARAW-00151,iowa,2025-26_media_guide_year_by_year,1912-1913,1913,1913-02-03,Coe,Coe,coe,No,42,12,W,0,,,H,SOURCE_PROGRAM_HOME,Old Armory,Old Armory,Iowa City,IA,,,REGULAR_SEASON,,"Iowa 2025-26 media guide, Year-by-Year Scores","2/3 Coe W, 42-12",resolved,,,,,
151,IOWARAW-00152,iowa,2025-26_media_guide_year_by_year,1912-1913,1913,1913-02-05,Cornell,Cornell College,cornell-college,No,13,3,W,0,,,at,OPPONENT_HOME,,,,,,,REGULAR_SEASON,,"Iowa 2025-26 media guide, Year-by-Year Scores","2/5 at Cornell W, 13-3",resolved,,,,,
152,IOWARAW-00153,iowa,2025-26_media_guide_year_by_year,1912-1913,1913,1913-02-08,Iowa State,Iowa State,iowa-state,Yes,27,15,W,0,,,H,SOURCE_PROGRAM_HOME,Old Armory,Old Armory,Iowa City,IA,,,REGULAR_SEASON,,"Iowa 2025-26 media guide, Year-by-Year Scores","2/8 Iowa State W, 27-15",resolved,,,,,
153,IOWARAW-00154,iowa,2025-26_media_guide_year_by_year,1912-1913,1913,1913-02-15,Minnesota,Minnesota,minnesota,Yes,10,26,L,0,,,H,SOURCE_PROGRAM_HOME,Old Armory,Old Armory,Iowa City,IA,,,REGULAR_SEASON,,"Iowa 2025-26 media guide, Year-by-Year Scores","2/15 Minnesota L, 10-26",resolved,,,,,
154,IOWARAW-00155,iowa,2025-26_media_guide_year_by_year,1912-1913,1913,1913-02-18,Cornell,Cornell College,cornell-college,No,19,16,W,0,,,H,SOURCE_PROGRAM_HOME,Old Armory,Old Armory,Iowa City,IA,,,REGULAR_SEASON,,"Iowa 2025-26 media guide, Year-by-Year Scores","2/18 Cornell W, 19-16",resolved,,,,,
155,IOWARAW-00156,iowa,2025-26_media_guide_year_by_year,1912-1913,1913,1913-02-21,Grinnell,Grinnell,grinnell,No,11,35,L,0,,,at,OPPONENT_HOME,,,,,,,REGULAR_SEASON,,"Iowa 2025-26 media guide, Year-by-Year Scores","2/21 at Grinnell L, 11-35",resolved,,,,,
156,IOWARAW-00157,iowa,2025-26_media_guide_year_by_year,1912-1913,1913,1913-02-25,Iowa State,Iowa State,iowa-state,Yes,21,13,W,0,,,at,OPPONENT_HOME,,,,,,,REGULAR_SEASON,,"Iowa 2025-26 media guide, Year-by-Year Scores","2/25 at Iowa State W, 21-13",resolved,,,,,
157,IOWARAW-00158,iowa,2025-26_media_guide_year_by_year,1912-1913,1913,1913-03-01,Northwestern,Northwestern,northwestern,Yes,11,19,L,0,,,H,SOURCE_PROGRAM_HOME,Old Armory,Old Armory,Iowa City,IA,,,REGULAR_SEASON,,"Iowa 2025-26 media guide, Year-by-Year Scores","3/1 Northwestern L, 11-19",resolved,,,,,
158,IOWARAW-00159,iowa,2025-26_media_guide_year_by_year,1912-1913,1913,1913-03-06,UNI,UNI,northern-iowa,Yes,15,21,L,0,,,at,OPPONENT_HOME,,,,,,,REGULAR_SEASON,,"Iowa 2025-26 media guide, Year-by-Year Scores","3/6 at UNI L, 15-21",resolved,,,,,
159,IOWARAW-00160,iowa,2025-26_media_guide_year_by_year,1912-1913,1913,1913-03-07,Minnesota,Minnesota,minnesota,Yes,12,9,W,0,,,at,OPPONENT_HOME,,,,,,,REGULAR_SEASON,,"Iowa 2025-26 media guide, Year-by-Year Scores","3/7 at Minnesota W, 12-9",resolved,,,,,
160,IOWARAW-00161,iowa,2025-26_media_guide_year_by_year,1912-1913,1913,1913-03-08,Carleton,Carleton,carleton,No,20,28,L,0,,,at,OPPONENT_HOME,,,,,,,REGULAR_SEASON,,"Iowa 2025-26 media guide, Year-by-Year Scores","3/8 at Carleton L, 20-28",resolved,,,,,
161,IOWARAW-00162,iowa,2025-26_media_guide_year_by_year,1913-1914,1914,1913-12-12,Leander Clarke,Leander Clark College,leander-clark-college,No,24,13,W,0,,,H,SOURCE_PROGRAM_HOME,Old Armory,Old Armory,Iowa City,IA,,,REGULAR_SEASON,,"Iowa 2025-26 media guide, Year-by-Year Scores","12/12 Leander Clarke W, 24-13",resolved,,,,,
162,IOWARAW-00163,iowa,2025-26_media_guide_year_by_year,1913-1914,1914,1914-01-07,UNI,UNI,northern-iowa,Yes,21,20,W,0,,,H,SOURCE_PROGRAM_HOME,Old Armory,Old Armory,Iowa City,IA,,,REGULAR_SEASON,,"Iowa 2025-26 media guide, Year-by-Year Scores","1/7 UNI W, 21-20",resolved,,,,,
163,IOWARAW-00164,iowa,2025-26_media_guide_year_by_year,1913-1914,1914,1914-01-14,Cornell,Cornell College,cornell-college,No,50,13,W,0,,,H,SOURCE_PROGRAM_HOME,Old Armory,Old Armory,Iowa City,IA,,,REGULAR_SEASON,,"Iowa 2025-26 media guide, Year-by-Year Scores","1/14 Cornell W, 50-13",resolved,,,,,
164,IOWARAW-00165,iowa,2025-26_media_guide_year_by_year,1913-1914,1914,1914-01-17,Chicago,Chicago,chicago,No,13,47,L,0,,,at,OPPONENT_HOME,,,,,,,REGULAR_SEASON,,"Iowa 2025-26 media guide, Year-by-Year Scores","1/17 at Chicago L, 13-47",resolved,,,,,
165,IOWARAW-00166,iowa,2025-26_media_guide_year_by_year,1913-1914,1914,1914-01-19,Minnesota,Minnesota,minnesota,Yes,16,14,W,0,,,H,SOURCE_PROGRAM_HOME,Old Armory,Old Armory,Iowa City,IA,,,REGULAR_SEASON,,"Iowa 2025-26 media guide, Year-by-Year Scores","1/19 Minnesota W, 16-14",resolved,,,,,
166,IOWARAW-00167,iowa,2025-26_media_guide_year_by_year,1913-1914,1914,1914-01-23,Grinnell,Grinnell,grinnell,No,20,38,L,0,,,H,SOURCE_PROGRAM_HOME,Old Armory,Old Armory,Iowa City,IA,,,REGULAR_SEASON,,"Iowa 2025-26 media guide, Year-by-Year Scores","1/23 Grinnell L, 20-38",resolved,,,,,
167,IOWARAW-00168,iowa,2025-26_media_guide_year_by_year,1913-1914,1914,1914-01-31,Iowa State,Iowa State,iowa-state,Yes,22,15,W,0,,,H,SOURCE_PROGRAM_HOME,Old Armory,Old Armory,Iowa City,IA,,,REGULAR_SEASON,,"Iowa 2025-26 media guide, Year-by-Year Scores","1/31 Iowa State W, 22-15",resolved,,,,,
168,IOWARAW-00169,iowa,2025-26_media_guide_year_by_year,1913-1914,1914,1914-02-11,UNI,UNI,northern-iowa,Yes,27,14,W,0,,,at,OPPONENT_HOME,,,,,,,REGULAR_SEASON,,"Iowa 2025-26 media guide, Year-by-Year Scores","2/11 at UNI W, 27-14",resolved,,,,,
169,IOWARAW-00170,iowa,2025-26_media_guide_year_by_year,1913-1914,1914,1914-02-12,Minnesota,Minnesota,minnesota,Yes,13,34,L,0,,,at,OPPONENT_HOME,,,,,,,REGULAR_SEASON,,"Iowa 2025-26 media guide, Year-by-Year Scores","2/12 at Minnesota L, 13-34",resolved,,,,,
170,IOWARAW-00171,iowa,2025-26_media_guide_year_by_year,1913-1914,1914,1914-02-13,Carleton,Carleton,carleton,No,16,25,L,0,,,at,OPPONENT_HOME,,,,,,,REGULAR_SEASON,,"Iowa 2025-26 media guide, Year-by-Year Scores","2/13 at Carleton L, 16-25",resolved,,,,,
171,IOWARAW-00172,iowa,2025-26_media_guide_year_by_year,1913-1914,1914,1914-02-16,Chicago,Chicago,chicago,No,13,28,L,0,,,H,SOURCE_PROGRAM_HOME,Old Armory,Old Armory,Iowa City,IA,,,REGULAR_SEASON,,"Iowa 2025-26 media guide, Year-by-Year Scores","2/16 Chicago L, 13-28",resolved,,,,,
172,IOWARAW-00173,iowa,2025-26_media_guide_year_by_year,1913-1914,1914,1914-02-21,Northwestern,Northwestern,northwestern,Yes,23,35,L,0,,,H,SOURCE_PROGRAM_HOME,Old Armory,Old Armory,Iowa City,IA,,,REGULAR_SEASON,,"Iowa 2025-26 media guide, Year-by-Year Scores","2/21 Northwestern L, 23-35",resolved,,,,,
173,IOWARAW-00174,iowa,2025-26_media_guide_year_by_year,1913-1914,1914,1914-02-24,Iowa State,Iowa State,iowa-state,Yes,21,16,W,0,,,at,OPPONENT_HOME,,,,,,,REGULAR_SEASON,,"Iowa 2025-26 media guide, Year-by-Year Scores","2/24 at Iowa State W, 21-16",resolved,,,,,
174,IOWARAW-00175,iowa,2025-26_media_guide_year_by_year,1913-1914,1914,1914-02-27,Grinnell,Grinnell,grinnell,No,20,18,W,0,,,at,OPPONENT_HOME,,,,,,,REGULAR_SEASON,,"Iowa 2025-26 media guide, Year-by-Year Scores","2/27 at Grinnell W, 20-18",resolved,,,,,
175,IOWARAW-00176,iowa,2025-26_media_guide_year_by_year,1913-1914,1914,1914-03-03,Cornell,Cornell College,cornell-college,No,20,13,W,0,,,at,OPPONENT_HOME,,,,,,,REGULAR_SEASON,,"Iowa 2025-26 media guide, Year-by-Year Scores","3/3 at Cornell W, 20-13",resolved,,,,,
176,IOWARAW-00177,iowa,2025-26_media_guide_year_by_year,1913-1914,1914,1914-03-07,Northwestern,Northwestern,northwestern,Yes,23,41,L,0,,,at,OPPONENT_HOME,,,,,,,REGULAR_SEASON,,"Iowa 2025-26 media guide, Year-by-Year Scores","3/7 at Northwestern L, 23-41",resolved,,,,,
177,IOWARAW-00178,iowa,2025-26_media_guide_year_by_year,1914-1915,1915,1914-12-14,Iowa Wesleyan,Iowa Wesleyan,iowa-wesleyan,No,46,22,W,0,,,H,SOURCE_PROGRAM_HOME,Old Armory,Old Armory,Iowa City,IA,,,REGULAR_SEASON,,"Iowa 2025-26 media guide, Year-by-Year Scores","12/14		 IowaWesleyan W, 46-22",resolved,,,,,
178,IOWARAW-00179,iowa,2025-26_media_guide_year_by_year,1914-1915,1915,1915-01-09,UNI,UNI,northern-iowa,Yes,44,16,W,0,,,H,SOURCE_PROGRAM_HOME,Old Armory,Old Armory,Iowa City,IA,,,REGULAR_SEASON,,"Iowa 2025-26 media guide, Year-by-Year Scores","1/9		 UNI W, 44-16",resolved,,,,,
179,IOWARAW-00180,iowa,2025-26_media_guide_year_by_year,1914-1915,1915,1915-01-13,Northwestern,Northwestern,northwestern,Yes,15,26,L,0,,,at,OPPONENT_HOME,,,,,,,REGULAR_SEASON,,"Iowa 2025-26 media guide, Year-by-Year Scores","1/13		 at Northwestern L, 15-26",resolved,,,,,
180,IOWARAW-00181,iowa,2025-26_media_guide_year_by_year,1914-1915,1915,1915-01-16,Cornell,Cornell College,cornell-college,No,32,16,W,0,,,H,SOURCE_PROGRAM_HOME,Old Armory,Old Armory,Iowa City,IA,,,REGULAR_SEASON,,"Iowa 2025-26 media guide, Year-by-Year Scores","1/16		 Cornell W, 32-16",resolved,,,,,
181,IOWARAW-00182,iowa,2025-26_media_guide_year_by_year,1914-1915,1915,1915-01-19,Indiana,Indiana,indiana,Yes,29,20,W,0,,,H,SOURCE_PROGRAM_HOME,Old Armory,Old Armory,Iowa City,IA,,,REGULAR_SEASON,,"Iowa 2025-26 media guide, Year-by-Year Scores","1/19		 Indiana W, 29-20",resolved,,,,,
182,IOWARAW-00183,iowa,2025-26_media_guide_year_by_year,1914-1915,1915,1915-01-22,Minnesota,Minnesota,minnesota,Yes,14,29,L,0,,,at,OPPONENT_HOME,,,,,,,REGULAR_SEASON,,"Iowa 2025-26 media guide, Year-by-Year Scores","1/22		 at Minnesota L, 14-29",resolved,,,,,
183,IOWARAW-00184,iowa,2025-26_media_guide_year_by_year,1914-1915,1915,1915-01-23,Carleton,Carleton,carleton,No,19,20,L,0,,,at,OPPONENT_HOME,,,,,,,REGULAR_SEASON,,"Iowa 2025-26 media guide, Year-by-Year Scores","1/23		 at Carleton L, 19-20",resolved,,,,,
184,IOWARAW-00185,iowa,2025-26_media_guide_year_by_year,1914-1915,1915,1915-01-30,Grinnell,Grinnell,grinnell,No,14,15,L,0,,,H,SOURCE_PROGRAM_HOME,Old Armory,Old Armory,Iowa City,IA,,,REGULAR_SEASON,,"Iowa 2025-26 media guide, Year-by-Year Scores","1/30		 Grinnell L, 14-15",resolved,,,,,
185,IOWARAW-00186,iowa,2025-26_media_guide_year_by_year,1914-1915,1915,1915-02-08,Ohio State,Ohio State,ohio-state,Yes,16,17,L,0,,,H,SOURCE_PROGRAM_HOME,Old Armory,Old Armory,Iowa City,IA,,,REGULAR_SEASON,,"Iowa 2025-26 media guide, Year-by-Year Scores","2/8		 Ohio State L, 16-17",resolved,,,,,
186,IOWARAW-00187,iowa,2025-26_media_guide_year_by_year,1914-1915,1915,1915-02-13,Minnesota,Minnesota,minnesota,Yes,9,11,L,0,,,H,SOURCE_PROGRAM_HOME,Old Armory,Old Armory,Iowa City,IA,,,REGULAR_SEASON,,"Iowa 2025-26 media guide, Year-by-Year Scores","2/13		 Minnesota L, 9-11",resolved,,,,,
187,IOWARAW-00188,iowa,2025-26_media_guide_year_by_year,1914-1915,1915,1915-02-16,Iowa State,Iowa State,iowa-state,Yes,27,12,W,0,,,H,SOURCE_PROGRAM_HOME,Old Armory,Old Armory,Iowa City,IA,,,REGULAR_SEASON,,"Iowa 2025-26 media guide, Year-by-Year Scores","2/16		 Iowa State W, 27-12",resolved,,,,,
188,IOWARAW-00189,iowa,2025-26_media_guide_year_by_year,1914-1915,1915,1915-02-19,Grinnell,Grinnell,grinnell,No,26,20,W,0,,,at,OPPONENT_HOME,,,,,,,REGULAR_SEASON,,"Iowa 2025-26 media guide, Year-by-Year Scores","2/19		 at Grinnell W, 26-20",resolved,,,,,
189,IOWARAW-00190,iowa,2025-26_media_guide_year_by_year,1914-1915,1915,1915-02-22,Ohio State,Ohio State,ohio-state,Yes,15,27,L,0,,,at,OPPONENT_HOME,,,,,,,REGULAR_SEASON,,"Iowa 2025-26 media guide, Year-by-Year Scores","2/22		 at Ohio State L, 15-27",resolved,,,,,
190,IOWARAW-00191,iowa,2025-26_media_guide_year_by_year,1914-1915,1915,1915-02-23,Indiana,Indiana,indiana,Yes,20,19,W,0,,,at,OPPONENT_HOME,,,,,,,REGULAR_SEASON,,"Iowa 2025-26 media guide, Year-by-Year Scores","2/23		 at Indiana W, 20-19",resolved,,,,,
191,IOWARAW-00192,iowa,2025-26_media_guide_year_by_year,1914-1915,1915,1915-03-01,Cornell,Cornell College,cornell-college,No,36,22,W,0,,,at,OPPONENT_HOME,,,,,,,REGULAR_SEASON,,"Iowa 2025-26 media guide, Year-by-Year Scores","3/1		 at Cornell W, 36-22",resolved,,,,,
192,IOWARAW-00193,iowa,2025-26_media_guide_year_by_year,1914-1915,1915,1915-03-04,Iowa State,Iowa State,iowa-state,Yes,23,18,W,0,,,at,OPPONENT_HOME,,,,,,,REGULAR_SEASON,,"Iowa 2025-26 media guide, Year-by-Year Scores","3/4		 at Iowa State W, 23-18",resolved,,,,,
193,IOWARAW-00194,iowa,2025-26_media_guide_year_by_year,1914-1915,1915,1915-03-06,Northwestern,Northwestern,northwestern,Yes,16,25,L,0,,,H,SOURCE_PROGRAM_HOME,Old Armory,Old Armory,Iowa City,IA,,,REGULAR_SEASON,,"Iowa 2025-26 media guide, Year-by-Year Scores","3/6		 Northwestern L, 16-25",resolved,,,,,
194,IOWARAW-00195,iowa,2025-26_media_guide_year_by_year,1915-1916,1916,1915-12-21,Iowa Wesleyan,Iowa Wesleyan,iowa-wesleyan,No,55,6,W,0,,,H,SOURCE_PROGRAM_HOME,Old Armory,Old Armory,Iowa City,IA,,,REGULAR_SEASON,,"Iowa 2025-26 media guide, Year-by-Year Scores","12/21		 IowaWesleyan W, 55-6",resolved,,,,,
195,IOWARAW-00196,iowa,2025-26_media_guide_year_by_year,1915-1916,1916,1916-01-07,Cornell,Cornell College,cornell-college,No,30,12,W,0,,,H,SOURCE_PROGRAM_HOME,Old Armory,Old Armory,Iowa City,IA,,,REGULAR_SEASON,,"Iowa 2025-26 media guide, Year-by-Year Scores","1/7		 Cornell W, 30-12",resolved,,,,,
196,IOWARAW-00197,iowa,2025-26_media_guide_year_by_year,1915-1916,1916,1916-01-10,Wisconsin,Wisconsin,wisconsin,Yes,31,36,L,1,,,H,SOURCE_PROGRAM_HOME,Old Armory,Old Armory,Iowa City,IA,,,REGULAR_SEASON,,"Iowa 2025-26 media guide, Year-by-Year Scores","1/10		 Wisconsin# L, 31-36",resolved,,,,,
197,IOWARAW-00198,iowa,2025-26_media_guide_year_by_year,1915-1916,1916,1916-01-15,Chicago,Chicago,chicago,No,19,18,W,0,,,at,OPPONENT_HOME,,,,,,,REGULAR_SEASON,,"Iowa 2025-26 media guide, Year-by-Year Scores","1/15		 at Chicago W, 19-18",resolved,,,,,
198,IOWARAW-00199,iowa,2025-26_media_guide_year_by_year,1915-1916,1916,1916-01-21,Minnesota,Minnesota,minnesota,Yes,11,26,L,0,,,at,OPPONENT_HOME,,,,,,,REGULAR_SEASON,,"Iowa 2025-26 media guide, Year-by-Year Scores","1/21		 at Minnesota L, 11-26",resolved,,,,,
199,IOWARAW-00200,iowa,2025-26_media_guide_year_by_year,1915-1916,1916,1916-01-25,Grinnell,Grinnell,grinnell,No,25,16,W,0,,,H,SOURCE_PROGRAM_HOME,Old Armory,Old Armory,Iowa City,IA,,,REGULAR_SEASON,,"Iowa 2025-26 media guide, Year-by-Year Scores","1/25		 Grinnell W, 25-16",resolved,,,,,
200,IOWARAW-00201,iowa,2025-26_media_guide_year_by_year,1915-1916,1916,1916-01-29,Drake,Drake,drake,Yes,31,24,W,0,,,H,SOURCE_PROGRAM_HOME,Old Armory,Old Armory,Iowa City,IA,,,REGULAR_SEASON,,"Iowa 2025-26 media guide, Year-by-Year Scores","1/29		 Drake W, 31-24",resolved,,,,,
201,IOWARAW-00202,iowa,2025-26_media_guide_year_by_year,1915-1916,1916,1916-02-07,Cornell,Cornell College,cornell-college,No,28,19,W,0,,,at,OPPONENT_HOME,,,,,,,REGULAR_SEASON,,"Iowa 2025-26 media guide, Year-by-Year Scores","2/7		 at Cornell W, 28-19",resolved,,,,,
202,IOWARAW-00203,iowa,2025-26_media_guide_year_by_year,1915-1916,1916,1916-02-12,Chicago,Chicago,chicago,No,16,15,W,0,,,H,SOURCE_PROGRAM_HOME,Old Armory,Old Armory,Iowa City,IA,,,REGULAR_SEASON,,"Iowa 2025-26 media guide, Year-by-Year Scores","2/12		 Chicago W, 16-15",resolved,,,,,
203,IOWARAW-00204,iowa,2025-26_media_guide_year_by_year,1915-1916,1916,1916-02-15,Drake,Drake,drake,Yes,22,14,W,0,,,at,OPPONENT_HOME,,,,,,,REGULAR_SEASON,,"Iowa 2025-26 media guide, Year-by-Year Scores","2/15		 at Drake W, 22-14",resolved,,,,,
204,IOWARAW-00205,iowa,2025-26_media_guide_year_by_year,1915-1916,1916,1916-02-19,Iowa State,Iowa State,iowa-state,Yes,26,9,W,0,,,H,SOURCE_PROGRAM_HOME,Old Armory,Old Armory,Iowa City,IA,,,REGULAR_SEASON,,"Iowa 2025-26 media guide, Year-by-Year Scores","2/19		 Iowa State W, 26-9",resolved,,,,,
205,IOWARAW-00206,iowa,2025-26_media_guide_year_by_year,1915-1916,1916,1916-02-23,Minnesota,Minnesota,minnesota,Yes,13,21,L,0,,,H,SOURCE_PROGRAM_HOME,Old Armory,Old Armory,Iowa City,IA,,,REGULAR_SEASON,,"Iowa 2025-26 media guide, Year-by-Year Scores","2/23		 Minnesota L, 13-21",resolved,,,,,
206,IOWARAW-00207,iowa,2025-26_media_guide_year_by_year,1915-1916,1916,1916-02-26,Grinnell,Grinnell,grinnell,No,22,15,W,0,,,at,OPPONENT_HOME,,,,,,,REGULAR_SEASON,,"Iowa 2025-26 media guide, Year-by-Year Scores","2/26		 at Grinnell W, 22-15",resolved,,,,,
207,IOWARAW-00208,iowa,2025-26_media_guide_year_by_year,1915-1916,1916,1916-02-28,Wisconsin,Wisconsin,wisconsin,Yes,19,38,L,0,,,H,SOURCE_PROGRAM_HOME,Old Armory,Old Armory,Iowa City,IA,,,REGULAR_SEASON,,"Iowa 2025-26 media guide, Year-by-Year Scores","2/28		 atWisconsin L, 19-38",resolved,,,,,
208,IOWARAW-00209,iowa,2025-26_media_guide_year_by_year,1915-1916,1916,1916-03-04,Iowa State,Iowa State,iowa-state,Yes,22,14,W,0,,,at,OPPONENT_HOME,,,,,,,REGULAR_SEASON,,"Iowa 2025-26 media guide, Year-by-Year Scores","3/4		 at Iowa State W, 22-14",resolved,,,,,
209,IOWARAW-00210,iowa,2025-26_media_guide_year_by_year,1916-1917,1917,1916-12-15,UNI,UNI,northern-iowa,Yes,33,15,W,0,,,H,SOURCE_PROGRAM_HOME,Old Armory,Old Armory,Iowa City,IA,,,REGULAR_SEASON,,"Iowa 2025-26 media guide, Year-by-Year Scores","12/15		 UNI W, 33-15",resolved,,,,,
210,IOWARAW-00211,iowa,2025-26_media_guide_year_by_year,1916-1917,1917,1916-12-19,Lombard,Lombard College,lombard-college,No,39,11,W,0,,,H,SOURCE_PROGRAM_HOME,Old Armory,Old Armory,Iowa City,IA,,,REGULAR_SEASON,,"Iowa 2025-26 media guide, Year-by-Year Scores","12/19		 Lombard W, 39-11",resolved,,,,,
211,IOWARAW-00212,iowa,2025-26_media_guide_year_by_year,1916-1917,1917,1917-01-06,Chicago,Chicago,chicago,No,15,22,L,0,,,at,OPPONENT_HOME,,,,,,,REGULAR_SEASON,,"Iowa 2025-26 media guide, Year-by-Year Scores","1/6		 at Chicago L, 15-22",resolved,,,,,
212,IOWARAW-00213,iowa,2025-26_media_guide_year_by_year,1916-1917,1917,1917-01-09,Cornell,Cornell College,cornell-college,No,28,13,W,0,,,H,SOURCE_PROGRAM_HOME,Old Armory,Old Armory,Iowa City,IA,,,REGULAR_SEASON,,"Iowa 2025-26 media guide, Year-by-Year Scores","1/9		 Cornell W, 28-13",resolved,,,,,
213,IOWARAW-00214,iowa,2025-26_media_guide_year_by_year,1916-1917,1917,1917-01-12,Indiana,Indiana,indiana,Yes,12,21,L,0,,,H,SOURCE_PROGRAM_HOME,Old Armory,Old Armory,Iowa City,IA,,,REGULAR_SEASON,,"Iowa 2025-26 media guide, Year-by-Year Scores","1/12		 Indiana L, 12-21",resolved,,,,,
214,IOWARAW-00215,iowa,2025-26_media_guide_year_by_year,1916-1917,1917,1917-01-19,Indiana,Indiana,indiana,Yes,7,12,L,0,,,at,OPPONENT_HOME,,,,,,,REGULAR_SEASON,,"Iowa 2025-26 media guide, Year-by-Year Scores","1/19		 at Indiana L, 7-12",resolved,,,,,
215,IOWARAW-00216,iowa,2025-26_media_guide_year_by_year,1916-1917,1917,1917-01-20,Purdue,Purdue,purdue,Yes,17,19,L,2,,,at,OPPONENT_HOME,,,,,,,REGULAR_SEASON,,"Iowa 2025-26 media guide, Year-by-Year Scores","1/20		 at Purdue## L, 17-19",resolved,,,,,
216,IOWARAW-00217,iowa,2025-26_media_guide_year_by_year,1916-1917,1917,1917-01-24,Northwestern,Northwestern,northwestern,Yes,15,24,L,0,,,at,OPPONENT_HOME,,,,,,,REGULAR_SEASON,,"Iowa 2025-26 media guide, Year-by-Year Scores","1/24		 at Northwestern L, 15-24",resolved,,,,,
217,IOWARAW-00218,iowa,2025-26_media_guide_year_by_year,1916-1917,1917,1917-01-27,Grinnell,Grinnell,grinnell,No,19,16,W,0,,,H,SOURCE_PROGRAM_HOME,Old Armory,Old Armory,Iowa City,IA,,,REGULAR_SEASON,,"Iowa 2025-26 media guide, Year-by-Year Scores","1/27		 Grinnell W, 19-16",resolved,,,,,
218,IOWARAW-00219,iowa,2025-26_media_guide_year_by_year,1916-1917,1917,1917-02-09,Chicago,Chicago,chicago,No,24,17,W,0,,,H,SOURCE_PROGRAM_HOME,Old Armory,Old Armory,Iowa City,IA,,,REGULAR_SEASON,,"Iowa 2025-26 media guide, Year-by-Year Scores","2/9		 Chicago W, 24-17",resolved,,,,,
219,IOWARAW-00220,iowa,2025-26_media_guide_year_by_year,1916-1917,1917,1917-02-16,Iowa State,Iowa State,iowa-state,Yes,12,24,L,0,,,at,OPPONENT_HOME,,,,,,,REGULAR_SEASON,,"Iowa 2025-26 media guide, Year-by-Year Scores","2/16		 at Iowa State L, 12-24",resolved,,,,,
220,IOWARAW-00221,iowa,2025-26_media_guide_year_by_year,1916-1917,1917,1917-02-19,Minnesota,Minnesota,minnesota,Yes,15,39,L,0,,,H,SOURCE_PROGRAM_HOME,Old Armory,Old Armory,Iowa City,IA,,,REGULAR_SEASON,,"Iowa 2025-26 media guide, Year-by-Year Scores","2/19		 Minnesota L, 15-39",resolved,,,,,
221,IOWARAW-00222,iowa,2025-26_media_guide_year_by_year,1916-1917,1917,1917-02-23,Grinnell,Grinnell,grinnell,No,17,15,W,0,,,at,OPPONENT_HOME,,,,,,,REGULAR_SEASON,,"Iowa 2025-26 media guide, Year-by-Year Scores","2/23		 at Grinnell W, 17-15",resolved,,,,,
222,IOWARAW-00223,iowa,2025-26_media_guide_year_by_year,1916-1917,1917,1917-02-27,Iowa State,Iowa State,iowa-state,Yes,15,13,W,0,,,H,SOURCE_PROGRAM_HOME,Old Armory,Old Armory,Iowa City,IA,,,REGULAR_SEASON,,"Iowa 2025-26 media guide, Year-by-Year Scores","2/27		 Iowa State W, 15-13",resolved,,,,,
223,IOWARAW-00224,iowa,2025-26_media_guide_year_by_year,1916-1917,1917,1917-03-02,Minnesota,Minnesota,minnesota,Yes,19,31,L,0,,,at,OPPONENT_HOME,,,,,,,REGULAR_SEASON,,"Iowa 2025-26 media guide, Year-by-Year Scores","3/2		 at Minnesota L, 19-31",resolved,,,,,
224,IOWARAW-00225,iowa,2025-26_media_guide_year_by_year,1916-1917,1917,1917-03-10,Northwestern,Northwestern,northwestern,Yes,15,18,L,0,,,H,SOURCE_PROGRAM_HOME,Old Armory,Old Armory,Iowa City,IA,,,REGULAR_SEASON,,"Iowa 2025-26 media guide, Year-by-Year Scores","3/10		 Northwestern L, 15-18",resolved,,,,,
225,IOWARAW-00226,iowa,2025-26_media_guide_year_by_year,1917-1918,1918,1917-12-15,Cornell,Cornell College,cornell-college,No,18,38,L,0,,,H,SOURCE_PROGRAM_HOME,Old Armory,Old Armory,Iowa City,IA,,,REGULAR_SEASON,,"Iowa 2025-26 media guide, Year-by-Year Scores","12/15		 Cornell L, 18-38",resolved,,,,,
226,IOWARAW-00227,iowa,2025-26_media_guide_year_by_year,1917-1918,1918,1917-12-20,Lombard,Lombard College,lombard-college,No,15,25,L,0,,,H,SOURCE_PROGRAM_HOME,Old Armory,Old Armory,Iowa City,IA,,,REGULAR_SEASON,,"Iowa 2025-26 media guide, Year-by-Year Scores","12/20		 Lombard L, 15-25",resolved,,,,,
227,IOWARAW-00228,iowa,2025-26_media_guide_year_by_year,1917-1918,1918,1918-01-05,Chicago,Chicago,chicago,No,20,46,L,0,,,at,OPPONENT_HOME,,,,,,,REGULAR_SEASON,,"Iowa 2025-26 media guide, Year-by-Year Scores","1/5		 at Chicago L, 20-46",resolved,,,,,
228,IOWARAW-00229,iowa,2025-26_media_guide_year_by_year,1917-1918,1918,1918-01-08,Wisconsin,Wisconsin,wisconsin,Yes,22,36,L,0,,,H,SOURCE_PROGRAM_HOME,Old Armory,Old Armory,Iowa City,IA,,,REGULAR_SEASON,,"Iowa 2025-26 media guide, Year-by-Year Scores","1/8		 Wisconsin L, 22-36",resolved,,,,,
229,IOWARAW-00230,iowa,2025-26_media_guide_year_by_year,1917-1918,1918,1918-01-19,Minnesota,Minnesota,minnesota,Yes,18,33,L,0,,,at,OPPONENT_HOME,,,,,,,REGULAR_SEASON,,"Iowa 2025-26 media guide, Year-by-Year Scores","1/19		 at Minnesota L, 18-33",resolved,,,,,
230,IOWARAW-00231,iowa,2025-26_media_guide_year_by_year,1917-1918,1918,1918-01-21,Wisconsin,Wisconsin,wisconsin,Yes,19,34,L,0,,,H,SOURCE_PROGRAM_HOME,Old Armory,Old Armory,Iowa City,IA,,,REGULAR_SEASON,,"Iowa 2025-26 media guide, Year-by-Year Scores","1/21		 atWisconsin L, 19-34",resolved,,,,,
231,IOWARAW-00232,iowa,2025-26_media_guide_year_by_year,1917-1918,1918,1918-01-28,Purdue,Purdue,purdue,Yes,33,19,W,0,,,H,SOURCE_PROGRAM_HOME,Old Armory,Old Armory,Iowa City,IA,,,REGULAR_SEASON,,"Iowa 2025-26 media guide, Year-by-Year Scores","1/28		 Purdue W, 33-19",resolved,,,,,
232,IOWARAW-00233,iowa,2025-26_media_guide_year_by_year,1917-1918,1918,1918-02-04,Minnesota,Minnesota,minnesota,Yes,25,21,W,0,,,H,SOURCE_PROGRAM_HOME,Old Armory,Old Armory,Iowa City,IA,,,REGULAR_SEASON,,"Iowa 2025-26 media guide, Year-by-Year Scores","2/4		 Minnesota W, 25-21",resolved,,,,,
233,IOWARAW-00234,iowa,2025-26_media_guide_year_by_year,1917-1918,1918,1918-02-09,Iowa State,Iowa State,iowa-state,Yes,24,9,W,0,,,H,SOURCE_PROGRAM_HOME,Old Armory,Old Armory,Iowa City,IA,,,REGULAR_SEASON,,"Iowa 2025-26 media guide, Year-by-Year Scores","2/9		 Iowa State W, 24-9",resolved,,,,,
234,IOWARAW-00235,iowa,2025-26_media_guide_year_by_year,1917-1918,1918,1918-02-16,Indiana,Indiana,indiana,Yes,25,29,L,0,,,H,SOURCE_PROGRAM_HOME,Old Armory,Old Armory,Iowa City,IA,,,REGULAR_SEASON,,"Iowa 2025-26 media guide, Year-by-Year Scores","2/16		 Indiana L, 25-29",resolved,,,,,
235,IOWARAW-00236,iowa,2025-26_media_guide_year_by_year,1917-1918,1918,1918-02-23,Chicago,Chicago,chicago,No,29,26,W,0,,,H,SOURCE_PROGRAM_HOME,Old Armory,Old Armory,Iowa City,IA,,,REGULAR_SEASON,,"Iowa 2025-26 media guide, Year-by-Year Scores","2/23		 Chicago W, 29-26",resolved,,,,,
236,IOWARAW-00237,iowa,2025-26_media_guide_year_by_year,1917-1918,1918,1918-03-01,Iowa State,Iowa State,iowa-state,Yes,22,20,W,0,,,at,OPPONENT_HOME,,,,,,,REGULAR_SEASON,,"Iowa 2025-26 media guide, Year-by-Year Scores","3/1		 at Iowa State W, 22-20",resolved,,,,,
237,IOWARAW-00238,iowa,2025-26_media_guide_year_by_year,1917-1918,1918,1918-03-08,Indiana,Indiana,indiana,Yes,13,11,W,0,,,at,OPPONENT_HOME,,,,,,,REGULAR_SEASON,,"Iowa 2025-26 media guide, Year-by-Year Scores","3/8		 at Indiana W, 13-11",resolved,,,,,
238,IOWARAW-00239,iowa,2025-26_media_guide_year_by_year,1917-1918,1918,1918-03-09,Purdue,Purdue,purdue,Yes,22,46,L,0,,,at,OPPONENT_HOME,,,,,,,REGULAR_SEASON,,"Iowa 2025-26 media guide, Year-by-Year Scores","3/9		 at Purdue L, 22-46",resolved,,,,,
239,IOWARAW-00240,iowa,2025-26_media_guide_year_by_year,1918-1919,1919,1919-01-08,Coe,Coe,coe,No,25,22,W,0,,,H,SOURCE_PROGRAM_HOME,Old Armory,Old Armory,Iowa City,IA,,,REGULAR_SEASON,,"Iowa 2025-26 media guide, Year-by-Year Scores","1/8		 Coe W, 25-22",resolved,,,,,
240,IOWARAW-00241,iowa,2025-26_media_guide_year_by_year,1918-1919,1919,1919-01-13,Indiana,Indiana,indiana,Yes,14,23,L,0,,,H,SOURCE_PROGRAM_HOME,Old Armory,Old Armory,Iowa City,IA,,,REGULAR_SEASON,,"Iowa 2025-26 media guide, Year-by-Year Scores","1/13		 Indiana L, 14-23",resolved,,,,,
241,IOWARAW-00242,iowa,2025-26_media_guide_year_by_year,1918-1919,1919,1919-01-17,Chicago,Chicago,chicago,No,19,31,L,0,,,at,OPPONENT_HOME,,,,,,,REGULAR_SEASON,,"Iowa 2025-26 media guide, Year-by-Year Scores","1/17		 at Chicago L, 19-31",resolved,,,,,
242,IOWARAW-00243,iowa,2025-26_media_guide_year_by_year,1918-1919,1919,1919-01-18,Northwestern,Northwestern,northwestern,Yes,29,28,W,0,,,at,OPPONENT_HOME,,,,,,,REGULAR_SEASON,,"Iowa 2025-26 media guide, Year-by-Year Scores","1/18		 at Northwestern W, 29-28",resolved,,,,,
243,IOWARAW-00244,iowa,2025-26_media_guide_year_by_year,1918-1919,1919,1919-01-24,Indiana,Indiana,indiana,Yes,21,12,W,0,,,at,OPPONENT_HOME,,,,,,,REGULAR_SEASON,,"Iowa 2025-26 media guide, Year-by-Year Scores","1/24		 at Indiana W, 21-12",resolved,,,,,
244,IOWARAW-00245,iowa,2025-26_media_guide_year_by_year,1918-1919,1919,1919-01-25,Purdue,Purdue,purdue,Yes,19,32,L,0,,,at,OPPONENT_HOME,,,,,,,REGULAR_SEASON,,"Iowa 2025-26 media guide, Year-by-Year Scores","1/25		 at Purdue L, 19-32",resolved,,,,,
245,IOWARAW-00246,iowa,2025-26_media_guide_year_by_year,1918-1919,1919,1919-02-01,Minnesota,Minnesota,minnesota,Yes,18,28,L,0,,,H,SOURCE_PROGRAM_HOME,Old Armory,Old Armory,Iowa City,IA,,,REGULAR_SEASON,,"Iowa 2025-26 media guide, Year-by-Year Scores","2/1		 Minnesota L, 18-28",resolved,,,,,
246,IOWARAW-00247,iowa,2025-26_media_guide_year_by_year,1918-1919,1919,1919-02-08,Minnesota,Minnesota,minnesota,Yes,22,36,L,0,,,at,OPPONENT_HOME,,,,,,,REGULAR_SEASON,,"Iowa 2025-26 media guide, Year-by-Year Scores","2/8		 at Minnesota L, 22-36",resolved,,,,,
247,IOWARAW-00248,iowa,2025-26_media_guide_year_by_year,1918-1919,1919,1919-02-10,Wisconsin,Wisconsin,wisconsin,Yes,19,28,L,0,,,H,SOURCE_PROGRAM_HOME,Old Armory,Old Armory,Iowa City,IA,,,REGULAR_SEASON,,"Iowa 2025-26 media guide, Year-by-Year Scores","2/10		 atWisconsin L, 19-28",resolved,,,,,
248,IOWARAW-00249,iowa,2025-26_media_guide_year_by_year,1918-1919,1919,1919-02-15,Iowa State,Iowa State,iowa-state,Yes,27,17,W,0,,,H,SOURCE_PROGRAM_HOME,Old Armory,Old Armory,Iowa City,IA,,,REGULAR_SEASON,,"Iowa 2025-26 media guide, Year-by-Year Scores","2/15		 Iowa State W, 27-17",resolved,,,,,
249,IOWARAW-00250,iowa,2025-26_media_guide_year_by_year,1918-1919,1919,1919-02-19,Chicago,Chicago,chicago,No,10,22,L,0,,,H,SOURCE_PROGRAM_HOME,Old Armory,Old Armory,Iowa City,IA,,,REGULAR_SEASON,,"Iowa 2025-26 media guide, Year-by-Year Scores","2/19		 Chicago L, 10-22",resolved,,,,,
250,IOWARAW-00251,iowa,2025-26_media_guide_year_by_year,1918-1919,1919,1919-02-22,Cornell,Cornell College,cornell-college,No,28,6,W,0,,,H,SOURCE_PROGRAM_HOME,Old Armory,Old Armory,Iowa City,IA,,,REGULAR_SEASON,,"Iowa 2025-26 media guide, Year-by-Year Scores","2/22		 Cornell W, 28-6",resolved,,,,,
251,IOWARAW-00252,iowa,2025-26_media_guide_year_by_year,1918-1919,1919,1919-03-01,Iowa State,Iowa State,iowa-state,Yes,29,20,W,0,,,at,OPPONENT_HOME,,,,,,,REGULAR_SEASON,,"Iowa 2025-26 media guide, Year-by-Year Scores","3/1		 at Iowa State W, 29-20",resolved,,,,,
252,IOWARAW-00253,iowa,2025-26_media_guide_year_by_year,1918-1919,1919,1919-03-08,Northwestern,Northwestern,northwestern,Yes,28,12,W,0,,,H,SOURCE_PROGRAM_HOME,Old Armory,Old Armory,Iowa City,IA,,,REGULAR_SEASON,,"Iowa 2025-26 media guide, Year-by-Year Scores","3/8		 Northwestern W, 28-12",resolved,,,,,
253,IOWARAW-00254,iowa,2025-26_media_guide_year_by_year,1918-1919,1919,1919-03-11,Wisconsin,Wisconsin,wisconsin,Yes,29,27,W,0,,,H,SOURCE_PROGRAM_HOME,Old Armory,Old Armory,Iowa City,IA,,,REGULAR_SEASON,,"Iowa 2025-26 media guide, Year-by-Year Scores","3/11		 Wisconsin W, 29-27",resolved,,,,,
254,IOWARAW-00255,iowa,2025-26_media_guide_year_by_year,1919-1920,1920,1919-12-15,Cornell,Cornell College,cornell-college,No,20,22,L,0,,,H,SOURCE_PROGRAM_HOME,Old Armory,Old Armory,Iowa City,IA,,,REGULAR_SEASON,,"Iowa 2025-26 media guide, Year-by-Year Scores","12/15		 Cornell L, 20-22",resolved,,,,,
255,IOWARAW-00256,iowa,2025-26_media_guide_year_by_year,1919-1920,1920,1919-12-17,Cornell,Cornell College,cornell-college,No,16,24,L,0,,,H,SOURCE_PROGRAM_HOME,Old Armory,Old Armory,Iowa City,IA,,,REGULAR_SEASON,,"Iowa 2025-26 media guide, Year-by-Year Scores","12/17		 Cornell L, 16-24",resolved,,,,,
256,IOWARAW-00257,iowa,2025-26_media_guide_year_by_year,1919-1920,1920,1919-12-18,Cornell,Cornell College,cornell-college,No,32,35,L,0,,,H,SOURCE_PROGRAM_HOME,Old Armory,Old Armory,Iowa City,IA,,,REGULAR_SEASON,,"Iowa 2025-26 media guide, Year-by-Year Scores","12/18		 Cornell L, 32-35",resolved,,,,,
257,IOWARAW-00258,iowa,2025-26_media_guide_year_by_year,1919-1920,1920,1920-01-01,Coe,Coe,coe,No,39,11,W,0,,,H,SOURCE_PROGRAM_HOME,Old Armory,Old Armory,Iowa City,IA,,,REGULAR_SEASON,,"Iowa 2025-26 media guide, Year-by-Year Scores","1/1		 Coe W, 39-11",resolved,,,,,
258,IOWARAW-00259,iowa,2025-26_media_guide_year_by_year,1919-1920,1920,1920-01-02,Coe,Coe,coe,No,21,22,L,0,,,H,SOURCE_PROGRAM_HOME,Old Armory,Old Armory,Iowa City,IA,,,REGULAR_SEASON,,"Iowa 2025-26 media guide, Year-by-Year Scores","1/2		 Coe L, 21-22",resolved,,,,,
259,IOWARAW-00260,iowa,2025-26_media_guide_year_by_year,1919-1920,1920,1920-01-05,Wisconsin,Wisconsin,wisconsin,Yes,18,35,L,0,,,H,SOURCE_PROGRAM_HOME,Old Armory,Old Armory,Iowa City,IA,,,REGULAR_SEASON,,"Iowa 2025-26 media guide, Year-by-Year Scores","1/5		 Wisconsin L, 18-35",resolved,,,,,
260,IOWARAW-00261,iowa,2025-26_media_guide_year_by_year,1919-1920,1920,1920-01-09,Minnesota,Minnesota,minnesota,Yes,19,21,L,0,,,at,OPPONENT_HOME,,,,,,,REGULAR_SEASON,,"Iowa 2025-26 media guide, Year-by-Year Scores","1/9		 at Minnesota L, 19-21",resolved,,,,,
261,IOWARAW-00262,iowa,2025-26_media_guide_year_by_year,1919-1920,1920,1920-01-17,Northwestern,Northwestern,northwestern,Yes,25,13,W,0,,,at,OPPONENT_HOME,,,,,,,REGULAR_SEASON,,"Iowa 2025-26 media guide, Year-by-Year Scores","1/17		 at Northwestern W, 25-13",resolved,,,,,
262,IOWARAW-00263,iowa,2025-26_media_guide_year_by_year,1919-1920,1920,1920-01-19,Wisconsin,Wisconsin,wisconsin,Yes,21,20,W,0,,,H,SOURCE_PROGRAM_HOME,Old Armory,Old Armory,Iowa City,IA,,,REGULAR_SEASON,,"Iowa 2025-26 media guide, Year-by-Year Scores","1/19		 atWisconsin W, 21-20",resolved,,,,,
263,IOWARAW-00264,iowa,2025-26_media_guide_year_by_year,1919-1920,1920,1920-01-23,Iowa State,Iowa State,iowa-state,Yes,27,15,W,0,,,H,SOURCE_PROGRAM_HOME,Old Armory,Old Armory,Iowa City,IA,,,REGULAR_SEASON,,"Iowa 2025-26 media guide, Year-by-Year Scores","1/23		 Iowa State W, 27-15",resolved,,,,,
264,IOWARAW-00265,iowa,2025-26_media_guide_year_by_year,1919-1920,1920,1920-01-27,Chicago,Chicago,chicago,No,22,19,W,0,,,H,SOURCE_PROGRAM_HOME,Old Armory,Old Armory,Iowa City,IA,,,REGULAR_SEASON,,"Iowa 2025-26 media guide, Year-by-Year Scores","1/27		 Chicago W, 22-19",resolved,,,,,
265,IOWARAW-00266,iowa,2025-26_media_guide_year_by_year,1919-1920,1920,1920-02-02,Minnesota,Minnesota,minnesota,Yes,30,5,W,0,,,H,SOURCE_PROGRAM_HOME,Old Armory,Old Armory,Iowa City,IA,,,REGULAR_SEASON,,"Iowa 2025-26 media guide, Year-by-Year Scores","2/2		 Minnesota W, 30-5",resolved,,,,,
266,IOWARAW-00267,iowa,2025-26_media_guide_year_by_year,1919-1920,1920,1920-02-07,Indiana,Indiana,indiana,Yes,28,20,W,0,,,H,SOURCE_PROGRAM_HOME,Old Armory,Old Armory,Iowa City,IA,,,REGULAR_SEASON,,"Iowa 2025-26 media guide, Year-by-Year Scores","2/7		 Indiana W, 28-20",resolved,,,,,
267,IOWARAW-00268,iowa,2025-26_media_guide_year_by_year,1919-1920,1920,1920-02-10,Chicago,Chicago,chicago,No,18,37,L,0,,,at,OPPONENT_HOME,,,,,,,REGULAR_SEASON,,"Iowa 2025-26 media guide, Year-by-Year Scores","2/10		 at Chicago L, 18-37",resolved,,,,,
268,IOWARAW-00269,iowa,2025-26_media_guide_year_by_year,1919-1920,1920,1920-02-13,Indiana,Indiana,indiana,Yes,19,25,L,0,,,at,OPPONENT_HOME,,,,,,,REGULAR_SEASON,,"Iowa 2025-26 media guide, Year-by-Year Scores","2/13		 at Indiana L, 19-25",resolved,,,,,
269,IOWARAW-00270,iowa,2025-26_media_guide_year_by_year,1919-1920,1920,1920-02-14,Purdue,Purdue,purdue,Yes,19,25,L,0,,,at,OPPONENT_HOME,,,,,,,REGULAR_SEASON,,"Iowa 2025-26 media guide, Year-by-Year Scores","2/14		 at Purdue L, 19-25",resolved,,,,,
270,IOWARAW-00271,iowa,2025-26_media_guide_year_by_year,1919-1920,1920,1920-02-20,Purdue,Purdue,purdue,Yes,26,42,L,0,,,H,SOURCE_PROGRAM_HOME,Old Armory,Old Armory,Iowa City,IA,,,REGULAR_SEASON,,"Iowa 2025-26 media guide, Year-by-Year Scores","2/20		 Purdue L, 26-42",resolved,,,,,
271,IOWARAW-00272,iowa,2025-26_media_guide_year_by_year,1919-1920,1920,1920-02-27,Northwestern,Northwestern,northwestern,Yes,27,23,W,0,,,H,SOURCE_PROGRAM_HOME,Old Armory,Old Armory,Iowa City,IA,,,REGULAR_SEASON,,"Iowa 2025-26 media guide, Year-by-Year Scores","2/27		 Northwestern W, 27-23",resolved,,,,,
272,IOWARAW-00273,iowa,2025-26_media_guide_year_by_year,1919-1920,1920,1920-03-06,Iowa State,Iowa State,iowa-state,Yes,26,19,W,0,,,at,OPPONENT_HOME,,,,,,,REGULAR_SEASON,,"Iowa 2025-26 media guide, Year-by-Year Scores","3/6		 at Iowa State W, 26-19",resolved,,,,,
273,IOWARAW-00274,iowa,2025-26_media_guide_year_by_year,1920-1921,1921,1920-12-29,Rockford,Rockford,rockford,No,33,16,W,0,,,at,OPPONENT_HOME,,,,,,,REGULAR_SEASON,,"Iowa 2025-26 media guide, Year-by-Year Scores","12/29		 at Rockford W, 33-16",resolved,,,,,
274,IOWARAW-00275,iowa,2025-26_media_guide_year_by_year,1920-1921,1921,1920-12-31,Illinois Wesleyan,Illinois Wesleyan,illinois-wesleyan,No,26,29,L,0,,,at,OPPONENT_HOME,,,,,,,REGULAR_SEASON,,"Iowa 2025-26 media guide, Year-by-Year Scores","12/31		 at IllinoisWesleyan L, 26-29",resolved,,,,,
275,IOWARAW-00276,iowa,2025-26_media_guide_year_by_year,1920-1921,1921,1921-01-01,Millikin,Millikin,millikin,No,22,24,L,0,,,at,OPPONENT_HOME,,,,,,,REGULAR_SEASON,,"Iowa 2025-26 media guide, Year-by-Year Scores","1/1		 at Millikin L, 22-24",resolved,,,,,
276,IOWARAW-00277,iowa,2025-26_media_guide_year_by_year,1920-1921,1921,1921-01-06,Coe,Coe,coe,No,33,5,W,0,,,H,SOURCE_PROGRAM_HOME,Old Armory,Old Armory,Iowa City,IA,,,REGULAR_SEASON,,"Iowa 2025-26 media guide, Year-by-Year Scores","1/6		 Coe W, 33-5",resolved,,,,,
277,IOWARAW-00278,iowa,2025-26_media_guide_year_by_year,1920-1921,1921,1921-01-10,Cornell,Cornell College,cornell-college,No,44,13,W,0,,,H,SOURCE_PROGRAM_HOME,Old Armory,Old Armory,Iowa City,IA,,,REGULAR_SEASON,,"Iowa 2025-26 media guide, Year-by-Year Scores","1/10		 Cornell W, 44-13",resolved,,,,,
278,IOWARAW-00279,iowa,2025-26_media_guide_year_by_year,1920-1921,1921,1921-01-15,Minnesota,Minnesota,minnesota,Yes,19,24,L,0,,,at,OPPONENT_HOME,,,,,,,REGULAR_SEASON,,"Iowa 2025-26 media guide, Year-by-Year Scores","1/15		 at Minnesota L, 19-24",resolved,,,,,
279,IOWARAW-00280,iowa,2025-26_media_guide_year_by_year,1920-1921,1921,1921-01-21,Michigan,Michigan,michigan,Yes,15,19,L,0,,,at,OPPONENT_HOME,,,,,,,REGULAR_SEASON,,"Iowa 2025-26 media guide, Year-by-Year Scores","1/21		 at Michigan L, 15-19",resolved,,,,,
280,IOWARAW-00281,iowa,2025-26_media_guide_year_by_year,1920-1921,1921,1921-01-22,Chicago,Chicago,chicago,No,17,42,L,0,,,at,OPPONENT_HOME,,,,,,,REGULAR_SEASON,,"Iowa 2025-26 media guide, Year-by-Year Scores","1/22		 at Chicago L, 17-42",resolved,,,,,
281,IOWARAW-00282,iowa,2025-26_media_guide_year_by_year,1920-1921,1921,1921-01-31,Chicago,Chicago,chicago,No,17,16,W,0,,,H,SOURCE_PROGRAM_HOME,Old Armory,Old Armory,Iowa City,IA,,,REGULAR_SEASON,,"Iowa 2025-26 media guide, Year-by-Year Scores","1/31		 Chicago W, 17-16",resolved,,,,,
282,IOWARAW-00283,iowa,2025-26_media_guide_year_by_year,1920-1921,1921,1921-02-07,Minnesota,Minnesota,minnesota,Yes,14,17,L,0,,,H,SOURCE_PROGRAM_HOME,Old Armory,Old Armory,Iowa City,IA,,,REGULAR_SEASON,,"Iowa 2025-26 media guide, Year-by-Year Scores","2/7		 Minnesota L, 14-17",resolved,,,,,
283,IOWARAW-00284,iowa,2025-26_media_guide_year_by_year,1920-1921,1921,1921-02-15,Iowa State,Iowa State,iowa-state,Yes,16,20,L,0,,,H,SOURCE_PROGRAM_HOME,Old Armory,Old Armory,Iowa City,IA,,,REGULAR_SEASON,,"Iowa 2025-26 media guide, Year-by-Year Scores","2/15		 Iowa State L, 16-20",resolved,,,,,
284,IOWARAW-00285,iowa,2025-26_media_guide_year_by_year,1920-1921,1921,1921-02-19,Purdue,Purdue,purdue,Yes,20,15,W,0,,,H,SOURCE_PROGRAM_HOME,Old Armory,Old Armory,Iowa City,IA,,,REGULAR_SEASON,,"Iowa 2025-26 media guide, Year-by-Year Scores","2/19		 Purdue W, 20-15",resolved,,,,,
285,IOWARAW-00286,iowa,2025-26_media_guide_year_by_year,1920-1921,1921,1921-02-21,Indiana,Indiana,indiana,Yes,22,15,W,0,,,H,SOURCE_PROGRAM_HOME,Old Armory,Old Armory,Iowa City,IA,,,REGULAR_SEASON,,"Iowa 2025-26 media guide, Year-by-Year Scores","2/21		 Indiana W, 22-15",resolved,,,,,
286,IOWARAW-00287,iowa,2025-26_media_guide_year_by_year,1920-1921,1921,1921-02-26,Indiana,Indiana,indiana,Yes,26,17,W,0,,,at,OPPONENT_HOME,,,,,,,REGULAR_SEASON,,"Iowa 2025-26 media guide, Year-by-Year Scores","2/26		 at Indiana W, 26-17",resolved,,,,,
287,IOWARAW-00288,iowa,2025-26_media_guide_year_by_year,1920-1921,1921,1921-03-05,Purdue,Purdue,purdue,Yes,19,21,L,0,,,at,OPPONENT_HOME,,,,,,,REGULAR_SEASON,,"Iowa 2025-26 media guide, Year-by-Year Scores","3/5		 at Purdue L, 19-21",resolved,,,,,
288,IOWARAW-00289,iowa,2025-26_media_guide_year_by_year,1920-1921,1921,1921-03-11,Iowa State,Iowa State,iowa-state,Yes,18,26,L,0,,,at,OPPONENT_HOME,,,,,,,REGULAR_SEASON,,"Iowa 2025-26 media guide, Year-by-Year Scores","3/11		 at Iowa State L, 18-26",resolved,,,,,
289,IOWARAW-00290,iowa,2025-26_media_guide_year_by_year,1920-1921,1921,1921-03-14,Northwestern,Northwestern,northwestern,Yes,33,17,W,0,,,H,SOURCE_PROGRAM_HOME,Old Armory,Old Armory,Iowa City,IA,,,REGULAR_SEASON,,"Iowa 2025-26 media guide, Year-by-Year Scores","3/14		 Northwestern W, 33-17",resolved,,,,,
290,IOWARAW-00291,iowa,2025-26_media_guide_year_by_year,1920-1921,1921,1921-03-28,Northwestern,Northwestern,northwestern,Yes,20,14,W,0,,,at,OPPONENT_HOME,,,,,,,REGULAR_SEASON,,"Iowa 2025-26 media guide, Year-by-Year Scores","3/28		 at Northwestern W, 20-14",resolved,,,,,
291,IOWARAW-00292,iowa,2025-26_media_guide_year_by_year,1921-1922,1922,1921-12-10,Augustana (IL),Augustana (IL),augustana-il,No,41,16,W,0,,,H,SOURCE_PROGRAM_HOME,New Armory,New Armory,Iowa City,IA,,,REGULAR_SEASON,,"Iowa 2025-26 media guide, Year-by-Year Scores","12/10		 Augustana (IL) W, 41-16",resolved,,,,,
292,IOWARAW-00293,iowa,2025-26_media_guide_year_by_year,1921-1922,1922,1921-12-17,Cornell,Cornell College,cornell-college,No,34,14,W,0,,,H,SOURCE_PROGRAM_HOME,New Armory,New Armory,Iowa City,IA,,,REGULAR_SEASON,,"Iowa 2025-26 media guide, Year-by-Year Scores","12/17		 Cornell W, 34-14",resolved,,,,,
293,IOWARAW-00294,iowa,2025-26_media_guide_year_by_year,1921-1922,1922,1921-12-20,Lombard,Lombard College,lombard-college,No,26,14,W,0,,,H,SOURCE_PROGRAM_HOME,New Armory,New Armory,Iowa City,IA,,,REGULAR_SEASON,,"Iowa 2025-26 media guide, Year-by-Year Scores","12/20		 Lombard W, 26-14",resolved,,,,,
294,IOWARAW-00295,iowa,2025-26_media_guide_year_by_year,1921-1922,1922,1921-12-22,Creighton,Creighton,creighton,Yes,17,19,L,0,,,at,OPPONENT_HOME,,,,,,,REGULAR_SEASON,,"Iowa 2025-26 media guide, Year-by-Year Scores","12/22		 at Creighton L, 17-19",resolved,,,,,
295,IOWARAW-00296,iowa,2025-26_media_guide_year_by_year,1921-1922,1922,1921-12-23,Creighton,Creighton,creighton,Yes,20,17,W,0,,,at,OPPONENT_HOME,,,,,,,REGULAR_SEASON,,"Iowa 2025-26 media guide, Year-by-Year Scores","12/23		 at Creighton W, 20-17",resolved,,,,,
296,IOWARAW-00297,iowa,2025-26_media_guide_year_by_year,1921-1922,1922,1921-12-31,Knox,Knox,knox,No,27,21,W,0,,,at,OPPONENT_HOME,,,,,,,REGULAR_SEASON,,"Iowa 2025-26 media guide, Year-by-Year Scores","12/31		 at Knox W, 27-21",resolved,,,,,
297,IOWARAW-00298,iowa,2025-26_media_guide_year_by_year,1921-1922,1922,1922-01-02,Upper Iowa,Upper Iowa,upper-iowa,No,32,15,W,0,,,H,SOURCE_PROGRAM_HOME,New Armory,New Armory,Iowa City,IA,,,REGULAR_SEASON,,"Iowa 2025-26 media guide, Year-by-Year Scores","1/2		 Upper Iowa W, 32-15",resolved,,,,,
298,IOWARAW-00299,iowa,2025-26_media_guide_year_by_year,1921-1922,1922,1922-01-07,Wisconsin,Wisconsin,wisconsin,Yes,15,18,L,0,,,H,SOURCE_PROGRAM_HOME,New Armory,New Armory,Iowa City,IA,,,REGULAR_SEASON,,"Iowa 2025-26 media guide, Year-by-Year Scores","1/7		 Wisconsin L, 15-18",resolved,,,,,
299,IOWARAW-00300,iowa,2025-26_media_guide_year_by_year,1921-1922,1922,1922-01-14,Minnesota,Minnesota,minnesota,Yes,16,24,L,0,,,at,OPPONENT_HOME,,,,,,,REGULAR_SEASON,,"Iowa 2025-26 media guide, Year-by-Year Scores","1/14		 at Minnesota L, 16-24",resolved,,,,,
300,IOWARAW-00301,iowa,2025-26_media_guide_year_by_year,1921-1922,1922,1922-01-21,Purdue,Purdue,purdue,Yes,22,36,L,0,,,H,SOURCE_PROGRAM_HOME,New Armory,New Armory,Iowa City,IA,,,REGULAR_SEASON,,"Iowa 2025-26 media guide, Year-by-Year Scores","1/21		 Purdue L, 22-36",resolved,,,,,
301,IOWARAW-00302,iowa,2025-26_media_guide_year_by_year,1921-1922,1922,1922-01-28,Purdue,Purdue,purdue,Yes,26,27,L,0,,,at,OPPONENT_HOME,,,,,,,REGULAR_SEASON,,"Iowa 2025-26 media guide, Year-by-Year Scores","1/28		 at Purdue L, 26-27",resolved,,,,,
302,IOWARAW-00303,iowa,2025-26_media_guide_year_by_year,1921-1922,1922,1922-02-11,Chicago,Chicago,chicago,No,27,17,W,0,,,at,OPPONENT_HOME,,,,,,,REGULAR_SEASON,,"Iowa 2025-26 media guide, Year-by-Year Scores","2/11		 at Chicago W, 27-17",resolved,,,,,
303,IOWARAW-00304,iowa,2025-26_media_guide_year_by_year,1921-1922,1922,1922-02-13,Wisconsin,Wisconsin,wisconsin,Yes,24,18,W,0,,,H,SOURCE_PROGRAM_HOME,New Armory,New Armory,Iowa City,IA,,,REGULAR_SEASON,,"Iowa 2025-26 media guide, Year-by-Year Scores","2/13		 atWisconsin W, 24-18",resolved,,,,,
304,IOWARAW-00305,iowa,2025-26_media_guide_year_by_year,1921-1922,1922,1922-02-18,Ohio State,Ohio State,ohio-state,Yes,31,27,W,0,,,H,SOURCE_PROGRAM_HOME,New Armory,New Armory,Iowa City,IA,,,REGULAR_SEASON,,"Iowa 2025-26 media guide, Year-by-Year Scores","2/18		 Ohio State W, 31-27",resolved,,,,,
305,IOWARAW-00306,iowa,2025-26_media_guide_year_by_year,1921-1922,1922,1922-02-23,Minnesota,Minnesota,minnesota,Yes,29,21,W,0,,,H,SOURCE_PROGRAM_HOME,New Armory,New Armory,Iowa City,IA,,,REGULAR_SEASON,,"Iowa 2025-26 media guide, Year-by-Year Scores","2/23		 Minnesota W, 29-21",resolved,,,,,
306,IOWARAW-00307,iowa,2025-26_media_guide_year_by_year,1921-1922,1922,1922-02-27,Michigan,Michigan,michigan,Yes,20,22,L,0,,,H,SOURCE_PROGRAM_HOME,New Armory,New Armory,Iowa City,IA,,,REGULAR_SEASON,,"Iowa 2025-26 media guide, Year-by-Year Scores","2/27		 Michigan L, 20-22",resolved,,,,,
307,IOWARAW-00308,iowa,2025-26_media_guide_year_by_year,1921-1922,1922,1922-03-04,Michigan,Michigan,michigan,Yes,19,25,L,0,,,at,OPPONENT_HOME,,,,,,,REGULAR_SEASON,,"Iowa 2025-26 media guide, Year-by-Year Scores","3/4		 at Michigan L, 19-25",resolved,,,,,
308,IOWARAW-00309,iowa,2025-26_media_guide_year_by_year,1921-1922,1922,1922-03-06,Ohio State,Ohio State,ohio-state,Yes,34,18,W,0,,,at,OPPONENT_HOME,,,,,,,REGULAR_SEASON,,"Iowa 2025-26 media guide, Year-by-Year Scores","3/6		 at Ohio State W, 34-18",resolved,,,,,
309,IOWARAW-00310,iowa,2025-26_media_guide_year_by_year,1922-1923,1923,1922-12-10,Knox,Knox,knox,No,21,11,W,0,,,H,SOURCE_PROGRAM_HOME,New Armory,New Armory,Iowa City,IA,,,REGULAR_SEASON,,"Iowa 2025-26 media guide, Year-by-Year Scores","12/10		 Knox W, 21-11",resolved,,,,,
310,IOWARAW-00311,iowa,2025-26_media_guide_year_by_year,1922-1923,1923,1922-12-19,Cornell,Cornell College,cornell-college,No,36,19,W,0,,,H,SOURCE_PROGRAM_HOME,New Armory,New Armory,Iowa City,IA,,,REGULAR_SEASON,,"Iowa 2025-26 media guide, Year-by-Year Scores","12/19		 Cornell W, 36-19",resolved,,,,,
311,IOWARAW-00312,iowa,2025-26_media_guide_year_by_year,1922-1923,1923,1923-01-03,Notre Dame,Notre Dame,notre-dame,Yes,23,24,L,0,,,H,SOURCE_PROGRAM_HOME,New Armory,New Armory,Iowa City,IA,,,REGULAR_SEASON,,"Iowa 2025-26 media guide, Year-by-Year Scores","1/3		 Notre Dame L, 23-24",resolved,,,,,
312,IOWARAW-00313,iowa,2025-26_media_guide_year_by_year,1922-1923,1923,1923-01-06,Chicago,Chicago,chicago,No,35,23,W,0,,,at,OPPONENT_HOME,,,,,,,REGULAR_SEASON,,"Iowa 2025-26 media guide, Year-by-Year Scores","1/6		 at Chicago W, 35-23",resolved,,,,,
313,IOWARAW-00314,iowa,2025-26_media_guide_year_by_year,1922-1923,1923,1923-01-15,Michigan,Michigan,michigan,Yes,18,17,W,0,,,H,SOURCE_PROGRAM_HOME,New Armory,New Armory,Iowa City,IA,,,REGULAR_SEASON,,"Iowa 2025-26 media guide, Year-by-Year Scores","1/15		 Michigan W, 18-17",resolved,,,,,
314,IOWARAW-00315,iowa,2025-26_media_guide_year_by_year,1922-1923,1923,1923-01-20,Ohio State,Ohio State,ohio-state,Yes,46,21,W,0,,,H,SOURCE_PROGRAM_HOME,New Armory,New Armory,Iowa City,IA,,,REGULAR_SEASON,,"Iowa 2025-26 media guide, Year-by-Year Scores","1/20		 Ohio State W, 46-21",resolved,,,,,
315,IOWARAW-00316,iowa,2025-26_media_guide_year_by_year,1922-1923,1923,1923-01-27,Northwestern,Northwestern,northwestern,Yes,29,22,W,0,,,H,SOURCE_PROGRAM_HOME,New Armory,New Armory,Iowa City,IA,,,REGULAR_SEASON,,"Iowa 2025-26 media guide, Year-by-Year Scores","1/27		 Northwestern W, 29-22",resolved,,,,,
316,IOWARAW-00317,iowa,2025-26_media_guide_year_by_year,1922-1923,1923,1923-01-29,Minnesota,Minnesota,minnesota,Yes,32,16,W,0,,,at,OPPONENT_HOME,,,,,,,REGULAR_SEASON,,"Iowa 2025-26 media guide, Year-by-Year Scores","1/29		 at Minnesota W, 32-16",resolved,,,,,
317,IOWARAW-00318,iowa,2025-26_media_guide_year_by_year,1922-1923,1923,1923-02-03,Chicago,Chicago,chicago,No,20,12,W,0,,,H,SOURCE_PROGRAM_HOME,New Armory,New Armory,Iowa City,IA,,,REGULAR_SEASON,,"Iowa 2025-26 media guide, Year-by-Year Scores","2/3		 Chicago W, 20-12",resolved,,,,,
318,IOWARAW-00319,iowa,2025-26_media_guide_year_by_year,1922-1923,1923,1923-02-10,Northwestern,Northwestern,northwestern,Yes,28,11,W,0,,,at,OPPONENT_HOME,,,,,,,REGULAR_SEASON,,"Iowa 2025-26 media guide, Year-by-Year Scores","2/10		 at Northwestern W, 28-11",resolved,,,,,
319,IOWARAW-00320,iowa,2025-26_media_guide_year_by_year,1922-1923,1923,1923-02-12,Ohio State,Ohio State,ohio-state,Yes,36,25,W,0,,,at,OPPONENT_HOME,,,,,,,REGULAR_SEASON,,"Iowa 2025-26 media guide, Year-by-Year Scores","2/12		 at Ohio State W, 36-25",resolved,,,,,
320,IOWARAW-00321,iowa,2025-26_media_guide_year_by_year,1922-1923,1923,1923-02-22,Indiana,Indiana,indiana,Yes,19,13,W,0,,,H,SOURCE_PROGRAM_HOME,New Armory,New Armory,Iowa City,IA,,,REGULAR_SEASON,,"Iowa 2025-26 media guide, Year-by-Year Scores","2/22		 Indiana W, 19-13",resolved,,,,,
321,IOWARAW-00322,iowa,2025-26_media_guide_year_by_year,1922-1923,1923,1923-02-26,Minnesota,Minnesota,minnesota,Yes,29,24,W,0,,,H,SOURCE_PROGRAM_HOME,New Armory,New Armory,Iowa City,IA,,,REGULAR_SEASON,,"Iowa 2025-26 media guide, Year-by-Year Scores","2/26		 Minnesota W, 29-24",resolved,,,,,
322,IOWARAW-00323,iowa,2025-26_media_guide_year_by_year,1922-1923,1923,1923-03-03,Michigan,Michigan,michigan,Yes,20,18,W,0,,,at,OPPONENT_HOME,,,,,,,REGULAR_SEASON,,"Iowa 2025-26 media guide, Year-by-Year Scores","3/3		 at Michigan W, 20-18",resolved,,,,,
323,IOWARAW-00324,iowa,2025-26_media_guide_year_by_year,1922-1923,1923,1923-03-05,Indiana,Indiana,indiana,Yes,21,23,L,0,,,at,OPPONENT_HOME,,,,,,,REGULAR_SEASON,,"Iowa 2025-26 media guide, Year-by-Year Scores","3/5		 at Indiana L, 21-23",resolved,,,,,
324,IOWARAW-00325,iowa,2025-26_media_guide_year_by_year,1923-1924,1924,1923-12-08,North Dakota,North Dakota,north-dakota,Yes,22,11,W,0,,,H,SOURCE_PROGRAM_HOME,New Armory,New Armory,Iowa City,IA,,,REGULAR_SEASON,,"Iowa 2025-26 media guide, Year-by-Year Scores","12/8		 North Dakota W, 22-11",resolved,,,,,
325,IOWARAW-00326,iowa,2025-26_media_guide_year_by_year,1923-1924,1924,1923-12-15,Butler,Butler,butler,Yes,26,23,W,0,,,H,SOURCE_PROGRAM_HOME,New Armory,New Armory,Iowa City,IA,,,REGULAR_SEASON,,"Iowa 2025-26 media guide, Year-by-Year Scores","12/15		 Butler W, 26-23",resolved,,,,,
326,IOWARAW-00327,iowa,2025-26_media_guide_year_by_year,1923-1924,1924,1923-12-18,Cornell,Cornell College,cornell-college,No,25,15,W,0,,,H,SOURCE_PROGRAM_HOME,New Armory,New Armory,Iowa City,IA,,,REGULAR_SEASON,,"Iowa 2025-26 media guide, Year-by-Year Scores","12/18		 Cornell W, 25-15",resolved,,,,,
327,IOWARAW-00328,iowa,2025-26_media_guide_year_by_year,1923-1924,1924,1924-01-02,Creighton,Creighton,creighton,Yes,13,36,L,0,,,at,OPPONENT_HOME,,,,,,,REGULAR_SEASON,,"Iowa 2025-26 media guide, Year-by-Year Scores","1/2		 at Creighton L, 13-36",resolved,,,,,
328,IOWARAW-00329,iowa,2025-26_media_guide_year_by_year,1923-1924,1924,1924-01-05,Marquette,Marquette,marquette,Yes,20,21,L,0,,,H,SOURCE_PROGRAM_HOME,New Armory,New Armory,Iowa City,IA,,,REGULAR_SEASON,,"Iowa 2025-26 media guide, Year-by-Year Scores","1/5		 Marquette L, 20-21",resolved,,,,,
329,IOWARAW-00330,iowa,2025-26_media_guide_year_by_year,1923-1924,1924,1924-01-12,Purdue,Purdue,purdue,Yes,36,26,W,0,,,H,SOURCE_PROGRAM_HOME,New Armory,New Armory,Iowa City,IA,,,REGULAR_SEASON,,"Iowa 2025-26 media guide, Year-by-Year Scores","1/12		 Purdue W, 36-26",resolved,,,,,
330,IOWARAW-00331,iowa,2025-26_media_guide_year_by_year,1923-1924,1924,1924-01-19,Michigan,Michigan,michigan,Yes,18,23,L,0,,,at,OPPONENT_HOME,,,,,,,REGULAR_SEASON,,"Iowa 2025-26 media guide, Year-by-Year Scores","1/19		 at Michigan L, 18-23",resolved,,,,,
331,IOWARAW-00332,iowa,2025-26_media_guide_year_by_year,1923-1924,1924,1924-01-21,Ohio State,Ohio State,ohio-state,Yes,28,43,L,0,,,at,OPPONENT_HOME,,,,,,,REGULAR_SEASON,,"Iowa 2025-26 media guide, Year-by-Year Scores","1/21		 at Ohio State L, 28-43",resolved,,,,,
332,IOWARAW-00333,iowa,2025-26_media_guide_year_by_year,1923-1924,1924,1924-02-02,Chicago,Chicago,chicago,No,18,31,L,0,,,H,SOURCE_PROGRAM_HOME,New Armory,New Armory,Iowa City,IA,,,REGULAR_SEASON,,"Iowa 2025-26 media guide, Year-by-Year Scores","2/2		 Chicago L, 18-31",resolved,,,,,
333,IOWARAW-00334,iowa,2025-26_media_guide_year_by_year,1923-1924,1924,1924-02-09,Ohio State,Ohio State,ohio-state,Yes,24,26,L,0,,,H,SOURCE_PROGRAM_HOME,New Armory,New Armory,Iowa City,IA,,,REGULAR_SEASON,,"Iowa 2025-26 media guide, Year-by-Year Scores","2/9		 Ohio State L, 24-26",resolved,,,,,
334,IOWARAW-00335,iowa,2025-26_media_guide_year_by_year,1923-1924,1924,1924-02-16,Chicago,Chicago,chicago,No,21,13,W,0,,,at,OPPONENT_HOME,,,,,,,REGULAR_SEASON,,"Iowa 2025-26 media guide, Year-by-Year Scores","2/16		 at Chicago W, 21-13",resolved,,,,,
335,IOWARAW-00336,iowa,2025-26_media_guide_year_by_year,1923-1924,1924,1924-02-22,Illinois,Illinois,illinois,Yes,14,26,L,0,,,H,SOURCE_PROGRAM_HOME,New Armory,New Armory,Iowa City,IA,,,REGULAR_SEASON,,"Iowa 2025-26 media guide, Year-by-Year Scores","2/22		 Illinois L, 14-26",resolved,,,,,
336,IOWARAW-00337,iowa,2025-26_media_guide_year_by_year,1923-1924,1924,1924-02-25,Michigan,Michigan,michigan,Yes,25,27,L,0,,,H,SOURCE_PROGRAM_HOME,New Armory,New Armory,Iowa City,IA,,,REGULAR_SEASON,,"Iowa 2025-26 media guide, Year-by-Year Scores","2/25		 Michigan L, 25-27",resolved,,,,,
337,IOWARAW-00338,iowa,2025-26_media_guide_year_by_year,1923-1924,1924,1924-02-29,Illinois,Illinois,illinois,Yes,19,38,L,0,,,at,OPPONENT_HOME,,,,,,,REGULAR_SEASON,,"Iowa 2025-26 media guide, Year-by-Year Scores","2/29		 at Illinois L, 19-38",resolved,,,,,
338,IOWARAW-00339,iowa,2025-26_media_guide_year_by_year,1923-1924,1924,1924-03-03,Purdue,Purdue,purdue,Yes,40,31,W,0,,,at,OPPONENT_HOME,,,,,,,REGULAR_SEASON,,"Iowa 2025-26 media guide, Year-by-Year Scores","3/3		 at Purdue W, 40-31",resolved,,,,,
339,IOWARAW-00340,iowa,2025-26_media_guide_year_by_year,1923-1924,1924,1924-03-08,Wisconsin,Wisconsin,wisconsin,Yes,22,19,W,0,,,H,SOURCE_PROGRAM_HOME,New Armory,New Armory,Iowa City,IA,,,REGULAR_SEASON,,"Iowa 2025-26 media guide, Year-by-Year Scores","3/8		 Wisconsin W, 22-19",resolved,,,,,
340,IOWARAW-00341,iowa,2025-26_media_guide_year_by_year,1923-1924,1924,1924-03-11,Wisconsin,Wisconsin,wisconsin,Yes,26,36,L,0,,,H,SOURCE_PROGRAM_HOME,New Armory,New Armory,Iowa City,IA,,,REGULAR_SEASON,,"Iowa 2025-26 media guide, Year-by-Year Scores","3/11		 atWisconsin L, 26-36",resolved,,,,,
341,IOWARAW-00342,iowa,2025-26_media_guide_year_by_year,1924-1925,1925,1924-12-13,Wabash,Wabash,wabash,No,24,28,L,0,,,H,SOURCE_PROGRAM_HOME,New Armory,New Armory,Iowa City,IA,,,REGULAR_SEASON,,"Iowa 2025-26 media guide, Year-by-Year Scores","12/13		 Wabash L, 24-28",resolved,,,,,
342,IOWARAW-00343,iowa,2025-26_media_guide_year_by_year,1924-1925,1925,1924-12-18,Butler,Butler,butler,Yes,22,26,L,0,,,H,SOURCE_PROGRAM_HOME,New Armory,New Armory,Iowa City,IA,,,REGULAR_SEASON,,"Iowa 2025-26 media guide, Year-by-Year Scores","12/18		 Butler L, 22-26",resolved,,,,,
343,IOWARAW-00344,iowa,2025-26_media_guide_year_by_year,1924-1925,1925,1925-01-01,Marquette,Marquette,marquette,Yes,28,17,W,0,,,at,OPPONENT_HOME,,,,,,,REGULAR_SEASON,,"Iowa 2025-26 media guide, Year-by-Year Scores","1/1		 at Marquette W, 28-17",resolved,,,,,
344,IOWARAW-00345,iowa,2025-26_media_guide_year_by_year,1924-1925,1925,1925-01-05,Minnesota,Minnesota,minnesota,Yes,27,19,W,0,,,H,SOURCE_PROGRAM_HOME,New Armory,New Armory,Iowa City,IA,,,REGULAR_SEASON,,"Iowa 2025-26 media guide, Year-by-Year Scores","1/5		 Minnesota W, 27-19",resolved,,,,,
345,IOWARAW-00346,iowa,2025-26_media_guide_year_by_year,1924-1925,1925,1925-01-09,Purdue,Purdue,purdue,Yes,35,19,W,0,,,H,SOURCE_PROGRAM_HOME,New Armory,New Armory,Iowa City,IA,,,REGULAR_SEASON,,"Iowa 2025-26 media guide, Year-by-Year Scores","1/9		 Purdue W, 35-19",resolved,,,,,
346,IOWARAW-00347,iowa,2025-26_media_guide_year_by_year,1924-1925,1925,1925-01-17,Creighton,Creighton,creighton,Yes,20,38,L,0,,,H,SOURCE_PROGRAM_HOME,New Armory,New Armory,Iowa City,IA,,,REGULAR_SEASON,,"Iowa 2025-26 media guide, Year-by-Year Scores","1/17		 Creighton L, 20-38",resolved,,,,,
347,IOWARAW-00348,iowa,2025-26_media_guide_year_by_year,1924-1925,1925,1925-01-24,Illinois,Illinois,illinois,Yes,15,23,L,0,,,at,OPPONENT_HOME,,,,,,,REGULAR_SEASON,,"Iowa 2025-26 media guide, Year-by-Year Scores","1/24		 at Illinois L, 15-23",resolved,,,,,
348,IOWARAW-00349,iowa,2025-26_media_guide_year_by_year,1924-1925,1925,1925-01-31,Indiana,Indiana,indiana,Yes,28,30,L,0,,,H,SOURCE_PROGRAM_HOME,New Armory,New Armory,Iowa City,IA,,,REGULAR_SEASON,,"Iowa 2025-26 media guide, Year-by-Year Scores","1/31		 Indiana L, 28-30",resolved,,,,,
349,IOWARAW-00350,iowa,2025-26_media_guide_year_by_year,1924-1925,1925,1925-02-07,Northwestern,Northwestern,northwestern,Yes,35,20,W,0,,,at,OPPONENT_HOME,,,,,,,REGULAR_SEASON,,"Iowa 2025-26 media guide, Year-by-Year Scores","2/7		 at Northwestern W, 35-20",resolved,,,,,
350,IOWARAW-00351,iowa,2025-26_media_guide_year_by_year,1924-1925,1925,1925-02-09,Indiana,Indiana,indiana,Yes,21,28,L,0,,,at,OPPONENT_HOME,,,,,,,REGULAR_SEASON,,"Iowa 2025-26 media guide, Year-by-Year Scores","2/9		 at Indiana L, 21-28",resolved,,,,,
351,IOWARAW-00352,iowa,2025-26_media_guide_year_by_year,1924-1925,1925,1925-02-14,Purdue,Purdue,purdue,Yes,23,35,L,0,,,at,OPPONENT_HOME,,,,,,,REGULAR_SEASON,,"Iowa 2025-26 media guide, Year-by-Year Scores","2/14		 at Purdue L, 23-35",resolved,,,,,
352,IOWARAW-00353,iowa,2025-26_media_guide_year_by_year,1924-1925,1925,1925-02-16,Wisconsin,Wisconsin,wisconsin,Yes,15,16,L,0,,,H,SOURCE_PROGRAM_HOME,New Armory,New Armory,Iowa City,IA,,,REGULAR_SEASON,,"Iowa 2025-26 media guide, Year-by-Year Scores","2/16		 atWisconsin L, 15-16",resolved,,,,,
353,IOWARAW-00354,iowa,2025-26_media_guide_year_by_year,1924-1925,1925,1925-02-21,Minnesota,Minnesota,minnesota,Yes,18,20,L,0,,,at,OPPONENT_HOME,,,,,,,REGULAR_SEASON,,"Iowa 2025-26 media guide, Year-by-Year Scores","2/21		 at Minnesota L, 18-20",resolved,,,,,
354,IOWARAW-00355,iowa,2025-26_media_guide_year_by_year,1924-1925,1925,1925-02-27,Illinois,Illinois,illinois,Yes,33,25,W,0,,,H,SOURCE_PROGRAM_HOME,New Armory,New Armory,Iowa City,IA,,,REGULAR_SEASON,,"Iowa 2025-26 media guide, Year-by-Year Scores","2/27		 Illinois W, 33-25",resolved,,,,,
355,IOWARAW-00356,iowa,2025-26_media_guide_year_by_year,1924-1925,1925,1925-03-03,Wisconsin,Wisconsin,wisconsin,Yes,23,25,L,0,,,H,SOURCE_PROGRAM_HOME,New Armory,New Armory,Iowa City,IA,,,REGULAR_SEASON,,"Iowa 2025-26 media guide, Year-by-Year Scores","3/3		 Wisconsin L, 23-25",resolved,,,,,
356,IOWARAW-00357,iowa,2025-26_media_guide_year_by_year,1924-1925,1925,1925-03-07,Northwestern,Northwestern,northwestern,Yes,26,15,W,0,,,H,SOURCE_PROGRAM_HOME,New Armory,New Armory,Iowa City,IA,,,REGULAR_SEASON,,"Iowa 2025-26 media guide, Year-by-Year Scores","3/7		 Northwestern W, 26-15",resolved,,,,,
357,IOWARAW-00358,iowa,2025-26_media_guide_year_by_year,1925-1926,1926,1925-12-07,Saint Louis,Saint Louis,saint-louis,Yes,35,19,W,0,,,H,SOURCE_PROGRAM_HOME,New Armory,New Armory,Iowa City,IA,,,REGULAR_SEASON,,"Iowa 2025-26 media guide, Year-by-Year Scores","12/7		 Saint Louis W, 35-19",resolved,,,,,
358,IOWARAW-00359,iowa,2025-26_media_guide_year_by_year,1925-1926,1926,1925-12-12,Wabash,Wabash,wabash,No,38,26,W,0,,,H,SOURCE_PROGRAM_HOME,New Armory,New Armory,Iowa City,IA,,,REGULAR_SEASON,,"Iowa 2025-26 media guide, Year-by-Year Scores","12/12		 Wabash W, 38-26",resolved,,,,,
359,IOWARAW-00360,iowa,2025-26_media_guide_year_by_year,1925-1926,1926,1925-12-17,Butler,Butler,butler,Yes,26,24,W,0,,,H,SOURCE_PROGRAM_HOME,New Armory,New Armory,Iowa City,IA,,,REGULAR_SEASON,,"Iowa 2025-26 media guide, Year-by-Year Scores","12/17		 Butler W, 26-24",resolved,,,,,
360,IOWARAW-00361,iowa,2025-26_media_guide_year_by_year,1925-1926,1926,1925-12-18,Notre Dame,Notre Dame,notre-dame,Yes,16,17,L,0,,,at,OPPONENT_HOME,,,,,,,REGULAR_SEASON,,"Iowa 2025-26 media guide, Year-by-Year Scores","12/18		 at Notre Dame L, 16-17",resolved,,,,,
361,IOWARAW-00362,iowa,2025-26_media_guide_year_by_year,1925-1926,1926,1926-01-02,Marquette,Marquette,marquette,Yes,19,16,W,0,,,at,OPPONENT_HOME,,,,,,,REGULAR_SEASON,,"Iowa 2025-26 media guide, Year-by-Year Scores","1/2		 at Marquette W, 19-16",resolved,,,,,
362,IOWARAW-00363,iowa,2025-26_media_guide_year_by_year,1925-1926,1926,1926-01-09,Chicago,Chicago,chicago,No,18,13,W,0,,,at,OPPONENT_HOME,,,,,,,REGULAR_SEASON,,"Iowa 2025-26 media guide, Year-by-Year Scores","1/9		 at Chicago W, 18-13",resolved,,,,,
363,IOWARAW-00364,iowa,2025-26_media_guide_year_by_year,1925-1926,1926,1926-01-11,Michigan,Michigan,michigan,Yes,16,22,L,0,,,at,OPPONENT_HOME,,,,,,,REGULAR_SEASON,,"Iowa 2025-26 media guide, Year-by-Year Scores","1/11		 at Michigan L, 16-22",resolved,,,,,
364,IOWARAW-00365,iowa,2025-26_media_guide_year_by_year,1925-1926,1926,1926-01-16,Indiana,Indiana,indiana,Yes,29,22,W,0,,,H,SOURCE_PROGRAM_HOME,New Armory,New Armory,Iowa City,IA,,,REGULAR_SEASON,,"Iowa 2025-26 media guide, Year-by-Year Scores","1/16		 Indiana W, 29-22",resolved,,,,,
365,IOWARAW-00366,iowa,2025-26_media_guide_year_by_year,1925-1926,1926,1926-01-23,Ohio State,Ohio State,ohio-state,Yes,21,35,L,0,,,at,OPPONENT_HOME,,,,,,,REGULAR_SEASON,,"Iowa 2025-26 media guide, Year-by-Year Scores","1/23		 at Ohio State L, 21-35",resolved,,,,,
366,IOWARAW-00367,iowa,2025-26_media_guide_year_by_year,1925-1926,1926,1926-01-25,Northwestern,Northwestern,northwestern,Yes,21,27,L,0,,,at,OPPONENT_HOME,,,,,,,REGULAR_SEASON,,"Iowa 2025-26 media guide, Year-by-Year Scores","1/25		 at Northwestern L, 21-27",resolved,,,,,
367,IOWARAW-00368,iowa,2025-26_media_guide_year_by_year,1925-1926,1926,1926-02-01,Indiana,Indiana,indiana,Yes,20,30,L,0,,,at,OPPONENT_HOME,,,,,,,REGULAR_SEASON,,"Iowa 2025-26 media guide, Year-by-Year Scores","2/1		 at Indiana L, 20-30",resolved,,,,,
368,IOWARAW-00369,iowa,2025-26_media_guide_year_by_year,1925-1926,1926,1926-02-06,Minnesota,Minnesota,minnesota,Yes,21,14,W,0,,,H,SOURCE_PROGRAM_HOME,New Armory,New Armory,Iowa City,IA,,,REGULAR_SEASON,,"Iowa 2025-26 media guide, Year-by-Year Scores","2/6		 Minnesota W, 21-14",resolved,,,,,
369,IOWARAW-00370,iowa,2025-26_media_guide_year_by_year,1925-1926,1926,1926-02-13,Michigan,Michigan,michigan,Yes,24,21,W,0,,,H,SOURCE_PROGRAM_HOME,New Armory,New Armory,Iowa City,IA,,,REGULAR_SEASON,,"Iowa 2025-26 media guide, Year-by-Year Scores","2/13		 Michigan W, 24-21",resolved,,,,,
370,IOWARAW-00371,iowa,2025-26_media_guide_year_by_year,1925-1926,1926,1926-02-20,Northwestern,Northwestern,northwestern,Yes,12,11,W,0,,,H,SOURCE_PROGRAM_HOME,New Armory,New Armory,Iowa City,IA,,,REGULAR_SEASON,,"Iowa 2025-26 media guide, Year-by-Year Scores","2/20		 Northwestern W, 12-11",resolved,,,,,
371,IOWARAW-00372,iowa,2025-26_media_guide_year_by_year,1925-1926,1926,1926-02-27,Chicago,Chicago,chicago,No,32,20,W,0,,,H,SOURCE_PROGRAM_HOME,New Armory,New Armory,Iowa City,IA,,,REGULAR_SEASON,,"Iowa 2025-26 media guide, Year-by-Year Scores","2/27		 Chicago W, 32-20",resolved,,,,,
372,IOWARAW-00373,iowa,2025-26_media_guide_year_by_year,1925-1926,1926,1926-03-03,Ohio State,Ohio State,ohio-state,Yes,18,17,W,0,,,H,SOURCE_PROGRAM_HOME,New Armory,New Armory,Iowa City,IA,,,REGULAR_SEASON,,"Iowa 2025-26 media guide, Year-by-Year Scores","3/3		 Ohio State W, 18-17",resolved,,,,,
373,IOWARAW-00374,iowa,2025-26_media_guide_year_by_year,1925-1926,1926,1926-03-13,Minnesota,Minnesota,minnesota,Yes,17,15,W,0,,,at,OPPONENT_HOME,,,,,,,REGULAR_SEASON,,"Iowa 2025-26 media guide, Year-by-Year Scores","3/13		 at Minnesota W, 17-15",resolved,,,,,
374,IOWARAW-00375,iowa,2025-26_media_guide_year_by_year,1926-1927,1927,1926-12-04,Saint Louis,Saint Louis,saint-louis,Yes,43,13,W,0,,,H,SOURCE_PROGRAM_HOME,New Armory,New Armory,Iowa City,IA,,,REGULAR_SEASON,,"Iowa 2025-26 media guide, Year-by-Year Scores","12/4		 Saint Louis W, 43-13",resolved,,,,,
375,IOWARAW-00376,iowa,2025-26_media_guide_year_by_year,1926-1927,1927,,Wabash,Wabash,wabash,No,13,28,L,0,,,H,SOURCE_PROGRAM_HOME,New Armory,New Armory,Iowa City,IA,,,REGULAR_SEASON,,"Iowa 2025-26 media guide, Year-by-Year Scores","Wabash L, 13-28",resolved,,,,,
376,IOWARAW-00377,iowa,2025-26_media_guide_year_by_year,1926-1927,1927,1926-12-20,Notre Dame,Notre Dame,notre-dame,Yes,18,19,L,0,,,H,SOURCE_PROGRAM_HOME,New Armory,New Armory,Iowa City,IA,,,REGULAR_SEASON,,"Iowa 2025-26 media guide, Year-by-Year Scores","12/20		 Notre Dame L, 18-19",resolved,,,,,
377,IOWARAW-00378,iowa,2025-26_media_guide_year_by_year,1926-1927,1927,1927-01-01,Marquette,Marquette,marquette,Yes,35,21,W,0,,,at,OPPONENT_HOME,,,,,,,REGULAR_SEASON,,"Iowa 2025-26 media guide, Year-by-Year Scores","1/1		 at Marquette W, 35-21",resolved,,,,,
378,IOWARAW-00379,iowa,2025-26_media_guide_year_by_year,1926-1927,1927,,Chicago,Chicago,chicago,No,19,13,W,0,,,at,OPPONENT_HOME,,,,,,,REGULAR_SEASON,,"Iowa 2025-26 media guide, Year-by-Year Scores","at Chicago W, 19-13",resolved,,,,,
379,IOWARAW-00380,iowa,2025-26_media_guide_year_by_year,1926-1927,1927,1927-01-10,Purdue,Purdue,purdue,Yes,39,25,W,0,,,at,OPPONENT_HOME,,,,,,,REGULAR_SEASON,,"Iowa 2025-26 media guide, Year-by-Year Scores","1/10		 at Purdue W, 39-25",resolved,,,,,
380,IOWARAW-00381,iowa,2025-26_media_guide_year_by_year,1926-1927,1927,1927-01-15,Michigan,Michigan,michigan,Yes,22,41,L,0,,,H,SOURCE_PROGRAM_HOME,New Armory,New Armory,Iowa City,IA,,,REGULAR_SEASON,,"Iowa 2025-26 media guide, Year-by-Year Scores","1/15		 Michigan L, 22-41",resolved,,,,,
381,IOWARAW-00382,iowa,2025-26_media_guide_year_by_year,1926-1927,1927,1927-01-22,Illinois,Illinois,illinois,Yes,33,40,L,1,,,at,OPPONENT_HOME,,,,,,,REGULAR_SEASON,,"Iowa 2025-26 media guide, Year-by-Year Scores","1/22		 at Illinois# L, 33-40",resolved,,,,,
382,IOWARAW-00383,iowa,2025-26_media_guide_year_by_year,1926-1927,1927,,Butler,Butler,butler,Yes,32,47,L,0,,,H,SOURCE_PROGRAM_HOME,New Armory,New Armory,Iowa City,IA,,,REGULAR_SEASON,,"Iowa 2025-26 media guide, Year-by-Year Scores","Butler L, 32-47",resolved,,,,,
383,IOWARAW-00384,iowa,2025-26_media_guide_year_by_year,1926-1927,1927,1927-02-05,Ohio State,Ohio State,ohio-state,Yes,39,25,W,0,,,H,SOURCE_PROGRAM_HOME,New Armory,New Armory,Iowa City,IA,,,REGULAR_SEASON,,"Iowa 2025-26 media guide, Year-by-Year Scores","2/5		 Ohio State W, 39-25",resolved,,,,,
384,IOWARAW-00385,iowa,2025-26_media_guide_year_by_year,1926-1927,1927,1927-02-12,Illinois,Illinois,illinois,Yes,26,24,W,0,,,H,SOURCE_PROGRAM_HOME,New Armory,New Armory,Iowa City,IA,,,REGULAR_SEASON,,"Iowa 2025-26 media guide, Year-by-Year Scores","2/12		 Illinois W, 26-24",resolved,,,,,
385,IOWARAW-00386,iowa,2025-26_media_guide_year_by_year,1926-1927,1927,1927-02-19,Purdue,Purdue,purdue,Yes,33,28,W,0,,,H,SOURCE_PROGRAM_HOME,New Armory,New Armory,Iowa City,IA,,,REGULAR_SEASON,,"Iowa 2025-26 media guide, Year-by-Year Scores","2/19		 Purdue W, 33-28",resolved,,,,,
386,IOWARAW-00387,iowa,2025-26_media_guide_year_by_year,1926-1927,1927,1927-02-22,Wisconsin,Wisconsin,wisconsin,Yes,21,24,L,0,,,H,SOURCE_PROGRAM_HOME,New Armory,New Armory,Iowa City,IA,,,REGULAR_SEASON,,"Iowa 2025-26 media guide, Year-by-Year Scores","2/22		 atWisconsin L, 21-24",resolved,,,,,
387,IOWARAW-00388,iowa,2025-26_media_guide_year_by_year,1926-1927,1927,,Chicago,Chicago,chicago,No,25,23,W,0,,,H,SOURCE_PROGRAM_HOME,New Armory,New Armory,Iowa City,IA,,,REGULAR_SEASON,,"Iowa 2025-26 media guide, Year-by-Year Scores","Chicago W, 25-23",resolved,,,,,
388,IOWARAW-00389,iowa,2025-26_media_guide_year_by_year,1926-1927,1927,1927-03-05,Ohio State,Ohio State,ohio-state,Yes,28,30,L,0,,,at,OPPONENT_HOME,,,,,,,REGULAR_SEASON,,"Iowa 2025-26 media guide, Year-by-Year Scores","3/5		 at Ohio State L, 28-30",resolved,,,,,
389,IOWARAW-00390,iowa,2025-26_media_guide_year_by_year,1926-1927,1927,1927-03-07,Michigan,Michigan,michigan,Yes,29,31,L,1,,,at,OPPONENT_HOME,,,,,,,REGULAR_SEASON,,"Iowa 2025-26 media guide, Year-by-Year Scores","3/7		 at Michigan# L, 29-31",resolved,,,,,
390,IOWARAW-00391,iowa,2025-26_media_guide_year_by_year,1926-1927,1927,1927-03-11,Wisconsin,Wisconsin,wisconsin,Yes,26,17,W,0,,,H,SOURCE_PROGRAM_HOME,New Armory,New Armory,Iowa City,IA,,,REGULAR_SEASON,,"Iowa 2025-26 media guide, Year-by-Year Scores","3/11		 Wisconsin W, 26-17",resolved,,,,,
391,IOWARAW-00392,iowa,2025-26_media_guide_year_by_year,1927-1928,1928,,Knox,Knox,knox,No,30,21,W,0,,,H,SOURCE_PROGRAM_HOME,Carver-Hawkeye Arena,Carver-Hawkeye Arena,Iowa City,IA,,,REGULAR_SEASON,,"Iowa 2025-26 media guide, Year-by-Year Scores","Knox W, 30-21",resolved,,,,,
392,IOWARAW-00393,iowa,2025-26_media_guide_year_by_year,1927-1928,1928,1927-12-12,Notre Dame,Notre Dame,notre-dame,Yes,20,23,L,0,,,H,SOURCE_PROGRAM_HOME,Iowa Field House,Iowa Field House,Iowa City,IA,,,REGULAR_SEASON,,"Iowa 2025-26 media guide, Year-by-Year Scores","12/12		 Notre Dame L, 20-23",resolved,,,,,
393,IOWARAW-00394,iowa,2025-26_media_guide_year_by_year,1927-1928,1928,1927-12-19,Pittsburgh,Pittsburgh,pittsburgh,Yes,40,44,L,1,,,H,SOURCE_PROGRAM_HOME,Iowa Field House,Iowa Field House,Iowa City,IA,,,REGULAR_SEASON,,"Iowa 2025-26 media guide, Year-by-Year Scores","12/19		 Pittsburgh# L, 40-44",resolved,,,,,
394,IOWARAW-00395,iowa,2025-26_media_guide_year_by_year,1927-1928,1928,1928-01-01,Marquette,Marquette,marquette,Yes,31,17,W,0,,,at,OPPONENT_HOME,,,,,,,REGULAR_SEASON,,"Iowa 2025-26 media guide, Year-by-Year Scores","1/1		 at Marquette W, 31-17",resolved,,,,,
395,IOWARAW-00396,iowa,2025-26_media_guide_year_by_year,1927-1928,1928,1928-01-07,Minnesota,Minnesota,minnesota,Yes,32,33,L,0,,,at,OPPONENT_HOME,,,,,,,REGULAR_SEASON,,"Iowa 2025-26 media guide, Year-by-Year Scores","1/7		 at Minnesota L, 32-33",resolved,,,,,
396,IOWARAW-00397,iowa,2025-26_media_guide_year_by_year,1927-1928,1928,1928-01-09,Northwestern,Northwestern,northwestern,Yes,32,37,L,0,,,H,SOURCE_PROGRAM_HOME,Iowa Field House,Iowa Field House,Iowa City,IA,,,REGULAR_SEASON,,"Iowa 2025-26 media guide, Year-by-Year Scores","1/9		 Northwestern L, 32-37",resolved,,,,,
397,IOWARAW-00398,iowa,2025-26_media_guide_year_by_year,1927-1928,1928,1928-01-13,Illinois,Illinois,illinois,Yes,36,30,W,0,,,H,SOURCE_PROGRAM_HOME,Iowa Field House,Iowa Field House,Iowa City,IA,,,REGULAR_SEASON,,"Iowa 2025-26 media guide, Year-by-Year Scores","1/13		 Illinois W, 36-30",resolved,,,,,
398,IOWARAW-00399,iowa,2025-26_media_guide_year_by_year,1927-1928,1928,1928-01-21,Purdue,Purdue,purdue,Yes,28,46,L,0,,,H,SOURCE_PROGRAM_HOME,Iowa Field House,Iowa Field House,Iowa City,IA,,,REGULAR_SEASON,,"Iowa 2025-26 media guide, Year-by-Year Scores","1/21		 Purdue L, 28-46",resolved,,,,,
399,IOWARAW-00400,iowa,2025-26_media_guide_year_by_year,1927-1928,1928,1928-01-30,Creighton,Creighton,creighton,Yes,30,26,W,0,,,H,SOURCE_PROGRAM_HOME,Iowa Field House,Iowa Field House,Iowa City,IA,,,REGULAR_SEASON,,"Iowa 2025-26 media guide, Year-by-Year Scores","1/30		 Creighton W, 30-26",resolved,,,,,
400,IOWARAW-00401,iowa,2025-26_media_guide_year_by_year,1927-1928,1928,1928-02-06,Minnesota,Minnesota,minnesota,Yes,30,27,W,0,,,H,SOURCE_PROGRAM_HOME,Iowa Field House,Iowa Field House,Iowa City,IA,,,REGULAR_SEASON,,"Iowa 2025-26 media guide, Year-by-Year Scores","2/6		 Minnesota W, 30-27",resolved,,,,,
401,IOWARAW-00402,iowa,2025-26_media_guide_year_by_year,1927-1928,1928,1928-02-11,Indiana,Indiana,indiana,Yes,33,50,L,0,,,at,OPPONENT_HOME,,,,,,,REGULAR_SEASON,,"Iowa 2025-26 media guide, Year-by-Year Scores","2/11		 at Indiana L, 33-50",resolved,,,,,
402,IOWARAW-00403,iowa,2025-26_media_guide_year_by_year,1927-1928,1928,1928-02-13,Northwestern,Northwestern,northwestern,Yes,28,49,L,0,,,at,OPPONENT_HOME,,,,,,,REGULAR_SEASON,,"Iowa 2025-26 media guide, Year-by-Year Scores","2/13		 at Northwestern L, 28-49",resolved,,,,,
403,IOWARAW-00404,iowa,2025-26_media_guide_year_by_year,1927-1928,1928,1928-02-20,Wisconsin,Wisconsin,wisconsin,Yes,21,31,L,0,,,H,SOURCE_PROGRAM_HOME,Iowa Field House,Iowa Field House,Iowa City,IA,,,REGULAR_SEASON,,"Iowa 2025-26 media guide, Year-by-Year Scores","2/20		 Wisconsin L, 21-31",resolved,,,,,
404,IOWARAW-00405,iowa,2025-26_media_guide_year_by_year,1927-1928,1928,1928-02-24,Illinois,Illinois,illinois,Yes,41,27,W,0,,,at,OPPONENT_HOME,,,,,,,REGULAR_SEASON,,"Iowa 2025-26 media guide, Year-by-Year Scores","2/24		 at Illinois W, 41-27",resolved,,,,,
405,IOWARAW-00406,iowa,2025-26_media_guide_year_by_year,1927-1928,1928,1928-02-26,Indiana,Indiana,indiana,Yes,39,49,L,0,,,H,SOURCE_PROGRAM_HOME,Iowa Field House,Iowa Field House,Iowa City,IA,,,REGULAR_SEASON,,"Iowa 2025-26 media guide, Year-by-Year Scores","2/26		 Indiana L, 39-49",resolved,,,,,
406,IOWARAW-00407,iowa,2025-26_media_guide_year_by_year,1927-1928,1928,1928-03-03,Wisconsin,Wisconsin,wisconsin,Yes,17,20,L,0,,,H,SOURCE_PROGRAM_HOME,Iowa Field House,Iowa Field House,Iowa City,IA,,,REGULAR_SEASON,,"Iowa 2025-26 media guide, Year-by-Year Scores","3/3		 atWisconsin L, 17-20",resolved,,,,,
407,IOWARAW-00408,iowa,2025-26_media_guide_year_by_year,1927-1928,1928,1928-03-05,Purdue,Purdue,purdue,Yes,20,44,L,0,,,at,OPPONENT_HOME,,,,,,,REGULAR_SEASON,,"Iowa 2025-26 media guide, Year-by-Year Scores","3/5		 at Purdue L, 20-44",resolved,,,,,
408,IOWARAW-00409,iowa,2025-26_media_guide_year_by_year,1928-1929,1929,1928-12-08,South Dakota,South Dakota,south-dakota,Yes,37,17,W,0,,,H,SOURCE_PROGRAM_HOME,Iowa Field House,Iowa Field House,Iowa City,IA,,,REGULAR_SEASON,,"Iowa 2025-26 media guide, Year-by-Year Scores","12/8		 South Dakota W, 37-17",resolved,,,,,
409,IOWARAW-00410,iowa,2025-26_media_guide_year_by_year,1928-1929,1929,,Washington (MO),Washington (MO),washington-mo,No,22,18,W,0,,,H,SOURCE_PROGRAM_HOME,Carver-Hawkeye Arena,Carver-Hawkeye Arena,Iowa City,IA,,,REGULAR_SEASON,,"Iowa 2025-26 media guide, Year-by-Year Scores","Washington (MO) W, 22-18",resolved,,,,,
410,IOWARAW-00411,iowa,2025-26_media_guide_year_by_year,1928-1929,1929,1928-12-21,Marquette,Marquette,marquette,Yes,38,15,W,0,,,at,OPPONENT_HOME,,,,,,,REGULAR_SEASON,,"Iowa 2025-26 media guide, Year-by-Year Scores","12/21		 at Marquette W, 38-15",resolved,,,,,
411,IOWARAW-00412,iowa,2025-26_media_guide_year_by_year,1928-1929,1929,1928-12-30,Pittsburgh,Pittsburgh,pittsburgh,Yes,39,45,L,0,,,at,OPPONENT_HOME,,,,,,,REGULAR_SEASON,,"Iowa 2025-26 media guide, Year-by-Year Scores","12/30		 at Pittsburgh L, 39-45",resolved,,,,,
412,IOWARAW-00413,iowa,2025-26_media_guide_year_by_year,1928-1929,1929,1929-01-05,Ohio State,Ohio State,ohio-state,Yes,34,26,W,0,,,H,SOURCE_PROGRAM_HOME,Iowa Field House,Iowa Field House,Iowa City,IA,,,REGULAR_SEASON,,"Iowa 2025-26 media guide, Year-by-Year Scores","1/5		 Ohio State W, 34-26",resolved,,,,,
413,IOWARAW-00414,iowa,2025-26_media_guide_year_by_year,1928-1929,1929,1929-01-12,Michigan,Michigan,michigan,Yes,25,36,L,0,,,H,SOURCE_PROGRAM_HOME,Iowa Field House,Iowa Field House,Iowa City,IA,,,REGULAR_SEASON,,"Iowa 2025-26 media guide, Year-by-Year Scores","1/12		 Michigan L, 25-36",resolved,,,,,
414,IOWARAW-00415,iowa,2025-26_media_guide_year_by_year,1928-1929,1929,1929-01-14,Minnesota,Minnesota,minnesota,Yes,36,23,W,0,,,H,SOURCE_PROGRAM_HOME,Iowa Field House,Iowa Field House,Iowa City,IA,,,REGULAR_SEASON,,"Iowa 2025-26 media guide, Year-by-Year Scores","1/14		 Minnesota W, 36-23",resolved,,,,,
415,IOWARAW-00416,iowa,2025-26_media_guide_year_by_year,1928-1929,1929,1929-01-17,Northwestern,Northwestern,northwestern,Yes,27,28,L,0,,,at,OPPONENT_HOME,,,,,,,REGULAR_SEASON,,"Iowa 2025-26 media guide, Year-by-Year Scores","1/17		 at Northwestern L, 27-28",resolved,,,,,
416,IOWARAW-00417,iowa,2025-26_media_guide_year_by_year,1928-1929,1929,1929-01-26,Creighton,Creighton,creighton,Yes,28,26,W,0,,,H,SOURCE_PROGRAM_HOME,Iowa Field House,Iowa Field House,Iowa City,IA,,,REGULAR_SEASON,,"Iowa 2025-26 media guide, Year-by-Year Scores","1/26		 Creighton W, 28-26",resolved,,,,,
417,IOWARAW-00418,iowa,2025-26_media_guide_year_by_year,1928-1929,1929,,Chicago,Chicago,chicago,No,23,21,W,0,,,at,OPPONENT_HOME,,,,,,,REGULAR_SEASON,,"Iowa 2025-26 media guide, Year-by-Year Scores","at Chicago W, 23-21",resolved,,,,,
418,IOWARAW-00419,iowa,2025-26_media_guide_year_by_year,1928-1929,1929,1929-02-09,Indiana,Indiana,indiana,Yes,29,27,W,0,,,H,SOURCE_PROGRAM_HOME,Iowa Field House,Iowa Field House,Iowa City,IA,,,REGULAR_SEASON,,"Iowa 2025-26 media guide, Year-by-Year Scores","2/9		 Indiana W, 29-27",resolved,,,,,
419,IOWARAW-00420,iowa,2025-26_media_guide_year_by_year,1928-1929,1929,,Chicago,Chicago,chicago,No,31,20,W,0,,,H,SOURCE_PROGRAM_HOME,Carver-Hawkeye Arena,Carver-Hawkeye Arena,Iowa City,IA,,,REGULAR_SEASON,,"Iowa 2025-26 media guide, Year-by-Year Scores","Chicago W, 31-20",resolved,,,,,
420,IOWARAW-00421,iowa,2025-26_media_guide_year_by_year,1928-1929,1929,1929-02-18,Minnesota,Minnesota,minnesota,Yes,22,37,L,0,,,at,OPPONENT_HOME,,,,,,,REGULAR_SEASON,,"Iowa 2025-26 media guide, Year-by-Year Scores","2/18		 at Minnesota L, 22-37",resolved,,,,,
421,IOWARAW-00422,iowa,2025-26_media_guide_year_by_year,1928-1929,1929,1929-02-23,Michigan,Michigan,michigan,Yes,18,25,L,0,,,at,OPPONENT_HOME,,,,,,,REGULAR_SEASON,,"Iowa 2025-26 media guide, Year-by-Year Scores","2/23		 at Michigan L, 18-25",resolved,,,,,
422,IOWARAW-00423,iowa,2025-26_media_guide_year_by_year,1928-1929,1929,1929-02-25,Ohio State,Ohio State,ohio-state,Yes,23,42,L,0,,,at,OPPONENT_HOME,,,,,,,REGULAR_SEASON,,"Iowa 2025-26 media guide, Year-by-Year Scores","2/25		 at Ohio State L, 23-42",resolved,,,,,
423,IOWARAW-00424,iowa,2025-26_media_guide_year_by_year,1928-1929,1929,1929-03-02,Northwestern,Northwestern,northwestern,Yes,33,38,L,0,,,H,SOURCE_PROGRAM_HOME,Iowa Field House,Iowa Field House,Iowa City,IA,,,REGULAR_SEASON,,"Iowa 2025-26 media guide, Year-by-Year Scores","3/2		 Northwestern L, 33-38",resolved,,,,,
424,IOWARAW-00425,iowa,2025-26_media_guide_year_by_year,1928-1929,1929,1929-03-04,Indiana,Indiana,indiana,Yes,30,35,L,0,,,at,OPPONENT_HOME,,,,,,,REGULAR_SEASON,,"Iowa 2025-26 media guide, Year-by-Year Scores","3/4		 at Indiana L, 30-35",resolved,,,,,
425,IOWARAW-00426,iowa,2025-26_media_guide_year_by_year,1929-1930,1930,1929-12-09,Duquesne,Duquesne,duquesne,Yes,35,26,W,0,,,H,SOURCE_PROGRAM_HOME,Iowa Field House,Iowa Field House,Iowa City,IA,,,REGULAR_SEASON,,"Iowa 2025-26 media guide, Year-by-Year Scores","12/9		 Duquesne W, 35-26",resolved,,,,,
426,IOWARAW-00427,iowa,2025-26_media_guide_year_by_year,1929-1930,1930,1929-12-16,Pittsburgh,Pittsburgh,pittsburgh,Yes,21,29,L,0,,,H,SOURCE_PROGRAM_HOME,Iowa Field House,Iowa Field House,Iowa City,IA,,,REGULAR_SEASON,,"Iowa 2025-26 media guide, Year-by-Year Scores","12/16		 Pittsburgh L, 21-29",resolved,,,,,
427,IOWARAW-00428,iowa,2025-26_media_guide_year_by_year,1929-1930,1930,1929-12-21,Marquette,Marquette,marquette,Yes,19,29,L,0,,,at,OPPONENT_HOME,,,,,,,REGULAR_SEASON,,"Iowa 2025-26 media guide, Year-by-Year Scores","12/21		 at Marquette L, 19-29",resolved,,,,,
428,IOWARAW-00429,iowa,2025-26_media_guide_year_by_year,1929-1930,1930,1929-12-23,Notre Dame,Notre Dame,notre-dame,Yes,19,32,L,0,,,at,OPPONENT_HOME,,,,,,,REGULAR_SEASON,,"Iowa 2025-26 media guide, Year-by-Year Scores","12/23		 at Notre Dame L, 19-32",resolved,,,,,
429,IOWARAW-00430,iowa,2025-26_media_guide_year_by_year,1929-1930,1930,1930-01-07,South Dakota State,South Dakota State,south-dakota-state,Yes,20,30,L,0,,,H,SOURCE_PROGRAM_HOME,Iowa Field House,Iowa Field House,Iowa City,IA,,,REGULAR_SEASON,,"Iowa 2025-26 media guide, Year-by-Year Scores","1/7		 South Dakota State L, 20-30",resolved,,,,,
430,IOWARAW-00431,iowa,2025-26_media_guide_year_by_year,1929-1930,1930,1930-01-11,Missouri,Missouri,missouri,Yes,24,25,L,0,,,H,SOURCE_PROGRAM_HOME,Iowa Field House,Iowa Field House,Iowa City,IA,,,REGULAR_SEASON,,"Iowa 2025-26 media guide, Year-by-Year Scores","1/11		 Missouri L, 24-25",resolved,,,,,
431,IOWARAW-00432,iowa,2025-26_media_guide_year_by_year,1929-1930,1930,1930-01-18,Bradley,Bradley,bradley,Yes,28,35,L,0,,,H,SOURCE_PROGRAM_HOME,Iowa Field House,Iowa Field House,Iowa City,IA,,,REGULAR_SEASON,,"Iowa 2025-26 media guide, Year-by-Year Scores","1/18		 Bradley L, 28-35",resolved,,,,,
432,IOWARAW-00433,iowa,2025-26_media_guide_year_by_year,1929-1930,1930,1930-01-24,Drake,Drake,drake,Yes,25,18,W,0,,,at,OPPONENT_HOME,,,,,,,REGULAR_SEASON,,"Iowa 2025-26 media guide, Year-by-Year Scores","1/24		 at Drake W, 25-18",resolved,,,,,
433,IOWARAW-00434,iowa,2025-26_media_guide_year_by_year,1929-1930,1930,1930-01-25,Nebraska,Nebraska,nebraska,Yes,26,41,L,0,,,at,OPPONENT_HOME,,,,,,,REGULAR_SEASON,,"Iowa 2025-26 media guide, Year-by-Year Scores","1/25		 at Nebraska L, 26-41",resolved,,,,,
434,IOWARAW-00435,iowa,2025-26_media_guide_year_by_year,1929-1930,1930,1930-01-30,Oklahoma State,Oklahoma State,oklahoma-state,Yes,26,21,W,0,,,H,SOURCE_PROGRAM_HOME,Iowa Field House,Iowa Field House,Iowa City,IA,,,REGULAR_SEASON,,"Iowa 2025-26 media guide, Year-by-Year Scores","1/30		 Oklahoma State W, 26-21",resolved,,,,,
435,IOWARAW-00436,iowa,2025-26_media_guide_year_by_year,1929-1930,1930,1930-02-08,Creighton,Creighton,creighton,Yes,33,28,W,0,,,H,SOURCE_PROGRAM_HOME,Iowa Field House,Iowa Field House,Iowa City,IA,,,REGULAR_SEASON,,"Iowa 2025-26 media guide, Year-by-Year Scores","2/8		 Creighton W, 33-28",resolved,,,,,
436,IOWARAW-00437,iowa,2025-26_media_guide_year_by_year,1929-1930,1930,1930-02-15,Concordia (MO),Concordia (MO),concordia-mo,No,32,41,L,0,,,at,OPPONENT_HOME,,,,,,,REGULAR_SEASON,,"Iowa 2025-26 media guide, Year-by-Year Scores","2/15		 at Concordia (MO) L, 32-41",resolved,,,,,
437,IOWARAW-00438,iowa,2025-26_media_guide_year_by_year,1929-1930,1930,1930-02-17,Saint Louis,Saint Louis,saint-louis,Yes,25,32,L,0,,,at,OPPONENT_HOME,,,,,,,REGULAR_SEASON,,"Iowa 2025-26 media guide, Year-by-Year Scores","2/17		 at Saint Louis L, 25-32",resolved,,,,,
438,IOWARAW-00439,iowa,2025-26_media_guide_year_by_year,1929-1930,1930,1930-02-22,Drake,Drake,drake,Yes,25,26,L,0,,,H,SOURCE_PROGRAM_HOME,Iowa Field House,Iowa Field House,Iowa City,IA,,,REGULAR_SEASON,,"Iowa 2025-26 media guide, Year-by-Year Scores","2/22		 Drake L, 25-26",resolved,,,,,
439,IOWARAW-00440,iowa,2025-26_media_guide_year_by_year,1929-1930,1930,1930-02-25,Saint Louis,Saint Louis,saint-louis,Yes,24,31,L,0,,,H,SOURCE_PROGRAM_HOME,Iowa Field House,Iowa Field House,Iowa City,IA,,,REGULAR_SEASON,,"Iowa 2025-26 media guide, Year-by-Year Scores","2/25		 Saint Louis L, 24-31",resolved,,,,,
440,IOWARAW-00441,iowa,2025-26_media_guide_year_by_year,1929-1930,1930,1930-03-04,Marquette,Marquette,marquette,Yes,21,39,L,0,,,H,SOURCE_PROGRAM_HOME,Iowa Field House,Iowa Field House,Iowa City,IA,,,REGULAR_SEASON,,"Iowa 2025-26 media guide, Year-by-Year Scores","3/4		 Marquette L, 21-39",resolved,,,,,
441,IOWARAW-00442,iowa,2025-26_media_guide_year_by_year,1929-1930,1930,1930-03-10,Monmouth,Monmouth College (IL),monmouth-college-il,No,23,29,L,0,,,at,OPPONENT_HOME,,,,,,,REGULAR_SEASON,,"Iowa 2025-26 media guide, Year-by-Year Scores","3/10		 at Monmouth L, 23-29",resolved,,,,,
442,IOWARAW-00443,iowa,2025-26_media_guide_year_by_year,1930-1931,1931,1930-12-08,Saint Louis,Saint Louis,saint-louis,Yes,14,26,L,0,,,H,SOURCE_PROGRAM_HOME,Iowa Field House,Iowa Field House,Iowa City,IA,,,REGULAR_SEASON,,"Iowa 2025-26 media guide, Year-by-Year Scores","12/8		 Saint Louis L, 14-26",resolved,,,,,
443,IOWARAW-00444,iowa,2025-26_media_guide_year_by_year,1930-1931,1931,1930-12-15,Bradley,Bradley,bradley,Yes,16,17,L,0,,,H,SOURCE_PROGRAM_HOME,Iowa Field House,Iowa Field House,Iowa City,IA,,,REGULAR_SEASON,,"Iowa 2025-26 media guide, Year-by-Year Scores","12/15		 Bradley L, 16-17",resolved,,,,,
444,IOWARAW-00445,iowa,2025-26_media_guide_year_by_year,1930-1931,1931,1930-12-23,Creighton,Creighton,creighton,Yes,28,22,W,0,,,at,OPPONENT_HOME,,,,,,,REGULAR_SEASON,,"Iowa 2025-26 media guide, Year-by-Year Scores","12/23		 at Creighton W, 28-22",resolved,,,,,
445,IOWARAW-00446,iowa,2025-26_media_guide_year_by_year,1930-1931,1931,1931-01-05,Drake,Drake,drake,Yes,21,20,W,0,,,at,OPPONENT_HOME,,,,,,,REGULAR_SEASON,,"Iowa 2025-26 media guide, Year-by-Year Scores","1/5		 at Drake W, 21-20",resolved,,,,,
446,IOWARAW-00447,iowa,2025-26_media_guide_year_by_year,1930-1931,1931,1931-01-10,Minnesota,Minnesota,minnesota,Yes,22,26,L,0,,,H,SOURCE_PROGRAM_HOME,Iowa Field House,Iowa Field House,Iowa City,IA,,,REGULAR_SEASON,,"Iowa 2025-26 media guide, Year-by-Year Scores","1/10		 Minnesota L, 22-26",resolved,,,,,
447,IOWARAW-00448,iowa,2025-26_media_guide_year_by_year,1930-1931,1931,1931-01-12,Purdue,Purdue,purdue,Yes,25,23,W,0,,,H,SOURCE_PROGRAM_HOME,Iowa Field House,Iowa Field House,Iowa City,IA,,,REGULAR_SEASON,,"Iowa 2025-26 media guide, Year-by-Year Scores","1/12		 Purdue W, 25-23",resolved,,,,,
448,IOWARAW-00449,iowa,2025-26_media_guide_year_by_year,1930-1931,1931,1931-01-17,Wisconsin,Wisconsin,wisconsin,Yes,13,24,L,0,,,H,SOURCE_PROGRAM_HOME,Iowa Field House,Iowa Field House,Iowa City,IA,,,REGULAR_SEASON,,"Iowa 2025-26 media guide, Year-by-Year Scores","1/17		 atWisconsin L, 13-24",resolved,,,,,
449,IOWARAW-00450,iowa,2025-26_media_guide_year_by_year,1930-1931,1931,1931-01-19,Indiana,Indiana,indiana,Yes,20,28,L,0,,,H,SOURCE_PROGRAM_HOME,Iowa Field House,Iowa Field House,Iowa City,IA,,,REGULAR_SEASON,,"Iowa 2025-26 media guide, Year-by-Year Scores","1/19		 Indiana L, 20-28",resolved,,,,,
450,IOWARAW-00451,iowa,2025-26_media_guide_year_by_year,1930-1931,1931,1931-02-02,Minnesota,Minnesota,minnesota,Yes,14,36,L,0,,,at,OPPONENT_HOME,,,,,,,REGULAR_SEASON,,"Iowa 2025-26 media guide, Year-by-Year Scores","2/2		 at Minnesota L, 14-36",resolved,,,,,
451,IOWARAW-00452,iowa,2025-26_media_guide_year_by_year,1930-1931,1931,1931-02-09,Indiana,Indiana,indiana,Yes,18,31,L,0,,,at,OPPONENT_HOME,,,,,,,REGULAR_SEASON,,"Iowa 2025-26 media guide, Year-by-Year Scores","2/9		 at Indiana L, 18-31",resolved,,,,,
452,IOWARAW-00453,iowa,2025-26_media_guide_year_by_year,1930-1931,1931,1931-02-14,Illinois,Illinois,illinois,Yes,23,26,L,0,,,H,SOURCE_PROGRAM_HOME,Iowa Field House,Iowa Field House,Iowa City,IA,,,REGULAR_SEASON,,"Iowa 2025-26 media guide, Year-by-Year Scores","2/14		 Illinois L, 23-26",resolved,,,,,
453,IOWARAW-00454,iowa,2025-26_media_guide_year_by_year,1930-1931,1931,1931-02-16,Wisconsin,Wisconsin,wisconsin,Yes,19,17,W,0,,,H,SOURCE_PROGRAM_HOME,Iowa Field House,Iowa Field House,Iowa City,IA,,,REGULAR_SEASON,,"Iowa 2025-26 media guide, Year-by-Year Scores","2/16		 Wisconsin W, 19-17",resolved,,,,,
454,IOWARAW-00455,iowa,2025-26_media_guide_year_by_year,1930-1931,1931,1931-02-21,Northwestern,Northwestern,northwestern,Yes,30,40,L,0,,,H,SOURCE_PROGRAM_HOME,Iowa Field House,Iowa Field House,Iowa City,IA,,,REGULAR_SEASON,,"Iowa 2025-26 media guide, Year-by-Year Scores","2/21		 Northwestern L, 30-40",resolved,,,,,
455,IOWARAW-00456,iowa,2025-26_media_guide_year_by_year,1930-1931,1931,1931-02-28,Illinois,Illinois,illinois,Yes,13,31,L,0,,,at,OPPONENT_HOME,,,,,,,REGULAR_SEASON,,"Iowa 2025-26 media guide, Year-by-Year Scores","2/28		 at Illinois L, 13-31",resolved,,,,,
456,IOWARAW-00457,iowa,2025-26_media_guide_year_by_year,1930-1931,1931,1931-03-02,Northwestern,Northwestern,northwestern,Yes,16,41,L,0,,,at,OPPONENT_HOME,,,,,,,REGULAR_SEASON,,"Iowa 2025-26 media guide, Year-by-Year Scores","3/2		 at Northwestern L, 16-41",resolved,,,,,
457,IOWARAW-00458,iowa,2025-26_media_guide_year_by_year,1930-1931,1931,1931-03-07,Purdue,Purdue,purdue,Yes,19,39,L,0,,,at,OPPONENT_HOME,,,,,,,REGULAR_SEASON,,"Iowa 2025-26 media guide, Year-by-Year Scores","3/7		 at Purdue L, 19-39",resolved,,,,,
458,IOWARAW-00459,iowa,2025-26_media_guide_year_by_year,1930-1931,1931,1931-03-14,Notre Dame,Notre Dame,notre-dame,Yes,23,17,W,0,,,H,SOURCE_PROGRAM_HOME,Iowa Field House,Iowa Field House,Iowa City,IA,,,REGULAR_SEASON,,"Iowa 2025-26 media guide, Year-by-Year Scores","3/14		 Notre Dame W, 23-17",resolved,,,,,
459,IOWARAW-00460,iowa,2025-26_media_guide_year_by_year,1931-1932,1932,1931-12-05,Bradley,Bradley,bradley,Yes,19,24,L,0,,,H,SOURCE_PROGRAM_HOME,Iowa Field House,Iowa Field House,Iowa City,IA,,,REGULAR_SEASON,,"Iowa 2025-26 media guide, Year-by-Year Scores","12/5		 Bradley L, 19-24",resolved,,,,,
460,IOWARAW-00461,iowa,2025-26_media_guide_year_by_year,1931-1932,1932,1931-12-12,Carleton,Carleton,carleton,No,26,35,L,0,,,H,SOURCE_PROGRAM_HOME,Iowa Field House,Iowa Field House,Iowa City,IA,,,REGULAR_SEASON,,"Iowa 2025-26 media guide, Year-by-Year Scores","12/12		 Carleton L, 26-35",resolved,,,,,
461,IOWARAW-00462,iowa,2025-26_media_guide_year_by_year,1931-1932,1932,1931-12-19,Nebraska,Nebraska,nebraska,Yes,34,29,W,0,,,H,SOURCE_PROGRAM_HOME,Iowa Field House,Iowa Field House,Iowa City,IA,,,REGULAR_SEASON,,"Iowa 2025-26 media guide, Year-by-Year Scores","12/19		 Nebraska W, 34-29",resolved,,,,,
462,IOWARAW-00463,iowa,2025-26_media_guide_year_by_year,1931-1932,1932,1932-01-04,Drake,Drake,drake,Yes,24,18,W,0,,,at,OPPONENT_HOME,,,,,,,REGULAR_SEASON,,"Iowa 2025-26 media guide, Year-by-Year Scores","1/4		 at Drake W, 24-18",resolved,,,,,
463,IOWARAW-00464,iowa,2025-26_media_guide_year_by_year,1931-1932,1932,1932-01-09,Ohio State,Ohio State,ohio-state,Yes,17,20,L,0,,,at,OPPONENT_HOME,,,,,,,REGULAR_SEASON,,"Iowa 2025-26 media guide, Year-by-Year Scores","1/9		 at Ohio State L, 17-20",resolved,,,,,
464,IOWARAW-00465,iowa,2025-26_media_guide_year_by_year,1931-1932,1932,1932-01-11,Northwestern,Northwestern,northwestern,Yes,26,32,L,0,,,H,SOURCE_PROGRAM_HOME,Iowa Field House,Iowa Field House,Iowa City,IA,,,REGULAR_SEASON,,"Iowa 2025-26 media guide, Year-by-Year Scores","1/11		 Northwestern L, 26-32",resolved,,,,,
465,IOWARAW-00466,iowa,2025-26_media_guide_year_by_year,1931-1932,1932,1932-01-16,Ohio State,Ohio State,ohio-state,Yes,23,40,L,0,,,H,SOURCE_PROGRAM_HOME,Iowa Field House,Iowa Field House,Iowa City,IA,,,REGULAR_SEASON,,"Iowa 2025-26 media guide, Year-by-Year Scores","1/16		 Ohio State L, 23-40",resolved,,,,,
466,IOWARAW-00467,iowa,2025-26_media_guide_year_by_year,1931-1932,1932,1932-01-18,Indiana,Indiana,indiana,Yes,27,35,L,0,,,at,OPPONENT_HOME,,,,,,,REGULAR_SEASON,,"Iowa 2025-26 media guide, Year-by-Year Scores","1/18		 at Indiana L, 27-35",resolved,,,,,
467,IOWARAW-00468,iowa,2025-26_media_guide_year_by_year,1931-1932,1932,1932-02-01,Notre Dame,Notre Dame,notre-dame,Yes,18,33,L,0,,,at,OPPONENT_HOME,,,,,,,REGULAR_SEASON,,"Iowa 2025-26 media guide, Year-by-Year Scores","2/1		 at Notre Dame L, 18-33",resolved,,,,,
468,IOWARAW-00469,iowa,2025-26_media_guide_year_by_year,1931-1932,1932,1932-02-06,Chicago,Chicago,chicago,No,43,25,W,0,,,H,SOURCE_PROGRAM_HOME,Iowa Field House,Iowa Field House,Iowa City,IA,,,REGULAR_SEASON,,"Iowa 2025-26 media guide, Year-by-Year Scores","2/6		 Chicago W, 43-25",resolved,,,,,
469,IOWARAW-00470,iowa,2025-26_media_guide_year_by_year,1931-1932,1932,1932-02-08,Minnesota,Minnesota,minnesota,Yes,22,24,L,0,,,at,OPPONENT_HOME,,,,,,,REGULAR_SEASON,,"Iowa 2025-26 media guide, Year-by-Year Scores","2/8		 at Minnesota L, 22-24",resolved,,,,,
470,IOWARAW-00471,iowa,2025-26_media_guide_year_by_year,1931-1932,1932,1932-02-13,Northwestern,Northwestern,northwestern,Yes,30,25,W,0,,,at,OPPONENT_HOME,,,,,,,REGULAR_SEASON,,"Iowa 2025-26 media guide, Year-by-Year Scores","2/13		 at Northwestern W, 30-25",resolved,,,,,
471,IOWARAW-00472,iowa,2025-26_media_guide_year_by_year,1931-1932,1932,1932-02-15,Michigan,Michigan,michigan,Yes,22,40,L,0,,,at,OPPONENT_HOME,,,,,,,REGULAR_SEASON,,"Iowa 2025-26 media guide, Year-by-Year Scores","2/15		 at Michigan L, 22-40",resolved,,,,,
472,IOWARAW-00473,iowa,2025-26_media_guide_year_by_year,1931-1932,1932,1932-02-20,Indiana,Indiana,indiana,Yes,33,34,L,0,,,H,SOURCE_PROGRAM_HOME,Iowa Field House,Iowa Field House,Iowa City,IA,,,REGULAR_SEASON,,"Iowa 2025-26 media guide, Year-by-Year Scores","2/20		 Indiana L, 33-34",resolved,,,,,
473,IOWARAW-00474,iowa,2025-26_media_guide_year_by_year,1931-1932,1932,1932-02-27,Michigan,Michigan,michigan,Yes,27,35,L,0,,,H,SOURCE_PROGRAM_HOME,Iowa Field House,Iowa Field House,Iowa City,IA,,,REGULAR_SEASON,,"Iowa 2025-26 media guide, Year-by-Year Scores","2/27		 Michigan L, 27-35",resolved,,,,,
474,IOWARAW-00475,iowa,2025-26_media_guide_year_by_year,1931-1932,1932,1932-02-29,Chicago,Chicago,chicago,No,46,28,W,0,,,at,OPPONENT_HOME,,,,,,,REGULAR_SEASON,,"Iowa 2025-26 media guide, Year-by-Year Scores","2/29		 at Chicago W, 46-28",resolved,,,,,
475,IOWARAW-00476,iowa,2025-26_media_guide_year_by_year,1931-1932,1932,1932-03-05,Minnesota,Minnesota,minnesota,Yes,22,24,L,1,,,H,SOURCE_PROGRAM_HOME,Iowa Field House,Iowa Field House,Iowa City,IA,,,REGULAR_SEASON,,"Iowa 2025-26 media guide, Year-by-Year Scores","3/5		 Minnesota# L, 22-24",resolved,,,,,
476,IOWARAW-00477,iowa,2025-26_media_guide_year_by_year,1932-1933,1933,1932-12-03,Bradley,Bradley,bradley,Yes,42,29,W,0,,,H,SOURCE_PROGRAM_HOME,Iowa Field House,Iowa Field House,Iowa City,IA,,,REGULAR_SEASON,,"Iowa 2025-26 media guide, Year-by-Year Scores","12/3		 Bradley W, 42-29",resolved,,,,,
477,IOWARAW-00478,iowa,2025-26_media_guide_year_by_year,1932-1933,1933,1932-12-09,Monmouth,Monmouth College (IL),monmouth-college-il,No,28,22,W,0,,,H,SOURCE_PROGRAM_HOME,Iowa Field House,Iowa Field House,Iowa City,IA,,,REGULAR_SEASON,,"Iowa 2025-26 media guide, Year-by-Year Scores","12/9		 Monmouth W, 28-22",resolved,,,,,
478,IOWARAW-00479,iowa,2025-26_media_guide_year_by_year,1932-1933,1933,1932-12-12,Drake,Drake,drake,Yes,52,11,W,0,,,at,OPPONENT_HOME,,,,,,,REGULAR_SEASON,,"Iowa 2025-26 media guide, Year-by-Year Scores","12/12		 at Drake W, 52-11",resolved,,,,,
479,IOWARAW-00480,iowa,2025-26_media_guide_year_by_year,1932-1933,1933,1932-12-17,Carleton,Carleton,carleton,No,34,19,W,0,,,H,SOURCE_PROGRAM_HOME,Iowa Field House,Iowa Field House,Iowa City,IA,,,REGULAR_SEASON,,"Iowa 2025-26 media guide, Year-by-Year Scores","12/17		 Carleton W, 34-19",resolved,,,,,
480,IOWARAW-00481,iowa,2025-26_media_guide_year_by_year,1932-1933,1933,1933-01-03,North Dakota State,North Dakota State,north-dakota-state,Yes,17,21,L,0,,,H,SOURCE_PROGRAM_HOME,Iowa Field House,Iowa Field House,Iowa City,IA,,,REGULAR_SEASON,,"Iowa 2025-26 media guide, Year-by-Year Scores","1/3		 North Dakota State L, 17-21",resolved,,,,,
481,IOWARAW-00482,iowa,2025-26_media_guide_year_by_year,1932-1933,1933,1933-01-07,Michigan,Michigan,michigan,Yes,25,33,L,0,,,H,SOURCE_PROGRAM_HOME,Iowa Field House,Iowa Field House,Iowa City,IA,,,REGULAR_SEASON,,"Iowa 2025-26 media guide, Year-by-Year Scores","1/7		 Michigan L, 25-33",resolved,,,,,
482,IOWARAW-00483,iowa,2025-26_media_guide_year_by_year,1932-1933,1933,1933-01-09,Wisconsin,Wisconsin,wisconsin,Yes,19,21,L,0,,,H,SOURCE_PROGRAM_HOME,Iowa Field House,Iowa Field House,Iowa City,IA,,,REGULAR_SEASON,,"Iowa 2025-26 media guide, Year-by-Year Scores","1/9		 atWisconsin L, 19-21",resolved,,,,,
483,IOWARAW-00484,iowa,2025-26_media_guide_year_by_year,1932-1933,1933,1933-01-14,Purdue,Purdue,purdue,Yes,35,33,W,0,,,at,OPPONENT_HOME,,,,,,,REGULAR_SEASON,,"Iowa 2025-26 media guide, Year-by-Year Scores","1/14		 at Purdue W, 35-33",resolved,,,,,
484,IOWARAW-00485,iowa,2025-26_media_guide_year_by_year,1932-1933,1933,1933-01-16,Chicago,Chicago,chicago,No,36,32,W,0,,,at,OPPONENT_HOME,,,,,,,REGULAR_SEASON,,"Iowa 2025-26 media guide, Year-by-Year Scores","1/16		 at Chicago W, 36-32",resolved,,,,,
485,IOWARAW-00486,iowa,2025-26_media_guide_year_by_year,1932-1933,1933,1933-01-30,St. Ambrose,St. Ambrose,st-ambrose,No,44,24,W,0,,,at,OPPONENT_HOME,,,,,,,REGULAR_SEASON,,"Iowa 2025-26 media guide, Year-by-Year Scores","1/30		 at St. Ambrose W, 44-24",resolved,,,,,
486,IOWARAW-00487,iowa,2025-26_media_guide_year_by_year,1932-1933,1933,1933-02-03,Creighton,Creighton,creighton,Yes,37,30,W,0,,,H,SOURCE_PROGRAM_HOME,Iowa Field House,Iowa Field House,Iowa City,IA,,,REGULAR_SEASON,,"Iowa 2025-26 media guide, Year-by-Year Scores","2/3		 Creighton W, 37-30",resolved,,,,,
487,IOWARAW-00488,iowa,2025-26_media_guide_year_by_year,1932-1933,1933,1933-02-06,Chicago,Chicago,chicago,No,42,12,W,0,,,H,SOURCE_PROGRAM_HOME,Iowa Field House,Iowa Field House,Iowa City,IA,,,REGULAR_SEASON,,"Iowa 2025-26 media guide, Year-by-Year Scores","2/6		 Chicago W, 42-12",resolved,,,,,
488,IOWARAW-00489,iowa,2025-26_media_guide_year_by_year,1932-1933,1933,1933-02-11,Purdue,Purdue,purdue,Yes,34,30,W,0,,,H,SOURCE_PROGRAM_HOME,Iowa Field House,Iowa Field House,Iowa City,IA,,,REGULAR_SEASON,,"Iowa 2025-26 media guide, Year-by-Year Scores","2/11		 Purdue W, 34-30",resolved,,,,,
489,IOWARAW-00490,iowa,2025-26_media_guide_year_by_year,1932-1933,1933,1933-02-13,Wisconsin,Wisconsin,wisconsin,Yes,31,25,W,0,,,H,SOURCE_PROGRAM_HOME,Iowa Field House,Iowa Field House,Iowa City,IA,,,REGULAR_SEASON,,"Iowa 2025-26 media guide, Year-by-Year Scores","2/13		 Wisconsin W, 31-25",resolved,,,,,
490,IOWARAW-00491,iowa,2025-26_media_guide_year_by_year,1932-1933,1933,1933-02-18,Michigan,Michigan,michigan,Yes,36,35,W,0,,,at,OPPONENT_HOME,,,,,,,REGULAR_SEASON,,"Iowa 2025-26 media guide, Year-by-Year Scores","2/18		 at Michigan W, 36-35",resolved,,,,,
491,IOWARAW-00492,iowa,2025-26_media_guide_year_by_year,1932-1933,1933,1933-02-20,Ohio State,Ohio State,ohio-state,Yes,23,38,L,0,,,at,OPPONENT_HOME,,,,,,,REGULAR_SEASON,,"Iowa 2025-26 media guide, Year-by-Year Scores","2/20		 at Ohio State L, 23-38",resolved,,,,,
492,IOWARAW-00493,iowa,2025-26_media_guide_year_by_year,1932-1933,1933,1933-02-25,Ohio State,Ohio State,ohio-state,Yes,37,29,W,0,,,H,SOURCE_PROGRAM_HOME,Iowa Field House,Iowa Field House,Iowa City,IA,,,REGULAR_SEASON,,"Iowa 2025-26 media guide, Year-by-Year Scores","2/25		 Ohio State W, 37-29",resolved,,,,,
493,IOWARAW-00494,iowa,2025-26_media_guide_year_by_year,1932-1933,1933,1933-02-27,Illinois,Illinois,illinois,Yes,30,27,W,0,,,H,SOURCE_PROGRAM_HOME,Iowa Field House,Iowa Field House,Iowa City,IA,,,REGULAR_SEASON,,"Iowa 2025-26 media guide, Year-by-Year Scores","2/27		 Illinois W, 30-27",resolved,,,,,
494,IOWARAW-00495,iowa,2025-26_media_guide_year_by_year,1932-1933,1933,1933-03-04,Illinois,Illinois,illinois,Yes,16,44,L,0,,,at,OPPONENT_HOME,,,,,,,REGULAR_SEASON,,"Iowa 2025-26 media guide, Year-by-Year Scores","3/4		 at Illinois L, 16-44",resolved,,,,,
495,IOWARAW-00496,iowa,2025-26_media_guide_year_by_year,1932-1933,1933,1933-03-06,Saint Louis,Saint Louis,saint-louis,Yes,52,20,W,0,,,at,OPPONENT_HOME,,,,,,,REGULAR_SEASON,,"Iowa 2025-26 media guide, Year-by-Year Scores","3/6		 at Saint Louis W, 52-20",resolved,,,,,
496,IOWARAW-00497,iowa,2025-26_media_guide_year_by_year,1933-1934,1934,1933-12-02,Millikin,Millikin,millikin,No,47,27,W,0,,,H,SOURCE_PROGRAM_HOME,Iowa Field House,Iowa Field House,Iowa City,IA,,,REGULAR_SEASON,,"Iowa 2025-26 media guide, Year-by-Year Scores","12/2		 Millikin W, 47-27",resolved,,,,,
497,IOWARAW-00498,iowa,2025-26_media_guide_year_by_year,1933-1934,1934,1933-12-11,Iowa State,Iowa State,iowa-state,Yes,30,12,W,0,,,H,SOURCE_PROGRAM_HOME,Iowa Field House,Iowa Field House,Iowa City,IA,,,REGULAR_SEASON,,"Iowa 2025-26 media guide, Year-by-Year Scores","12/11		 Iowa State W, 30-12",resolved,,,,,
498,IOWARAW-00499,iowa,2025-26_media_guide_year_by_year,1933-1934,1934,1933-12-16,Carleton,Carleton,carleton,No,44,24,W,0,,,H,SOURCE_PROGRAM_HOME,Iowa Field House,Iowa Field House,Iowa City,IA,,,REGULAR_SEASON,,"Iowa 2025-26 media guide, Year-by-Year Scores","12/16		 Carleton W, 44-24",resolved,,,,,
499,IOWARAW-00500,iowa,2025-26_media_guide_year_by_year,1933-1934,1934,1934-01-02,South Dakota,South Dakota,south-dakota,Yes,42,32,W,0,,,H,SOURCE_PROGRAM_HOME,Iowa Field House,Iowa Field House,Iowa City,IA,,,REGULAR_SEASON,,"Iowa 2025-26 media guide, Year-by-Year Scores","1/2		 South Dakota W, 42-32",resolved,,,,,
500,IOWARAW-00501,iowa,2025-26_media_guide_year_by_year,1933-1934,1934,1934-01-06,Northwestern,Northwestern,northwestern,Yes,41,28,W,0,,,H,SOURCE_PROGRAM_HOME,Iowa Field House,Iowa Field House,Iowa City,IA,,,REGULAR_SEASON,,"Iowa 2025-26 media guide, Year-by-Year Scores","1/6		 Northwestern W, 41-28",resolved,,,,,
501,IOWARAW-00502,iowa,2025-26_media_guide_year_by_year,1933-1934,1934,1934-01-08,Wisconsin,Wisconsin,wisconsin,Yes,32,26,W,0,,,H,SOURCE_PROGRAM_HOME,Iowa Field House,Iowa Field House,Iowa City,IA,,,REGULAR_SEASON,,"Iowa 2025-26 media guide, Year-by-Year Scores","1/8		 Wisconsin W, 32-26",resolved,,,,,
502,IOWARAW-00503,iowa,2025-26_media_guide_year_by_year,1933-1934,1934,1934-01-13,Minnesota,Minnesota,minnesota,Yes,38,39,L,0,,,at,OPPONENT_HOME,,,,,,,REGULAR_SEASON,,"Iowa 2025-26 media guide, Year-by-Year Scores","1/13		 at Minnesota L, 38-39",resolved,,,,,
503,IOWARAW-00504,iowa,2025-26_media_guide_year_by_year,1933-1934,1934,1934-01-15,Illinois,Illinois,illinois,Yes,36,14,W,0,,,H,SOURCE_PROGRAM_HOME,Iowa Field House,Iowa Field House,Iowa City,IA,,,REGULAR_SEASON,,"Iowa 2025-26 media guide, Year-by-Year Scores","1/15		 Illinois W, 36-14",resolved,,,,,
504,IOWARAW-00505,iowa,2025-26_media_guide_year_by_year,1933-1934,1934,1934-01-27,St. Ambrose,St. Ambrose,st-ambrose,No,39,18,W,0,,,at,OPPONENT_HOME,,,,,,,REGULAR_SEASON,,"Iowa 2025-26 media guide, Year-by-Year Scores","1/27		 at St. Ambrose W, 39-18",resolved,,,,,
505,IOWARAW-00506,iowa,2025-26_media_guide_year_by_year,1933-1934,1934,1934-01-30,Drake,Drake,drake,Yes,39,18,W,0,,,at,OPPONENT_HOME,,,,,,,REGULAR_SEASON,,"Iowa 2025-26 media guide, Year-by-Year Scores","1/30		 at Drake W, 39-18",resolved,,,,,
506,IOWARAW-00507,iowa,2025-26_media_guide_year_by_year,1933-1934,1934,1934-02-03,Bradley,Bradley,bradley,Yes,43,25,W,0,,,H,SOURCE_PROGRAM_HOME,Iowa Field House,Iowa Field House,Iowa City,IA,,,REGULAR_SEASON,,"Iowa 2025-26 media guide, Year-by-Year Scores","2/3		 Bradley W, 43-25",resolved,,,,,
507,IOWARAW-00508,iowa,2025-26_media_guide_year_by_year,1933-1934,1934,1934-02-05,Indiana,Indiana,indiana,Yes,25,34,L,0,,,at,OPPONENT_HOME,,,,,,,REGULAR_SEASON,,"Iowa 2025-26 media guide, Year-by-Year Scores","2/5		 at Indiana L, 25-34",resolved,,,,,
508,IOWARAW-00509,iowa,2025-26_media_guide_year_by_year,1933-1934,1934,1934-02-10,Purdue,Purdue,purdue,Yes,38,36,W,0,,,at,OPPONENT_HOME,,,,,,,REGULAR_SEASON,,"Iowa 2025-26 media guide, Year-by-Year Scores","2/10		 at Purdue W, 38-36",resolved,,,,,
509,IOWARAW-00510,iowa,2025-26_media_guide_year_by_year,1933-1934,1934,1934-02-12,Northwestern,Northwestern,northwestern,Yes,29,35,L,0,,,at,OPPONENT_HOME,,,,,,,REGULAR_SEASON,,"Iowa 2025-26 media guide, Year-by-Year Scores","2/12		 at Northwestern L, 29-35",resolved,,,,,
510,IOWARAW-00511,iowa,2025-26_media_guide_year_by_year,1933-1934,1934,1934-02-17,Purdue,Purdue,purdue,Yes,33,45,L,0,,,H,SOURCE_PROGRAM_HOME,Iowa Field House,Iowa Field House,Iowa City,IA,,,REGULAR_SEASON,,"Iowa 2025-26 media guide, Year-by-Year Scores","2/17		 Purdue L, 33-45",resolved,,,,,
511,IOWARAW-00512,iowa,2025-26_media_guide_year_by_year,1933-1934,1934,1934-02-19,Indiana,Indiana,indiana,Yes,29,26,W,0,,,H,SOURCE_PROGRAM_HOME,Iowa Field House,Iowa Field House,Iowa City,IA,,,REGULAR_SEASON,,"Iowa 2025-26 media guide, Year-by-Year Scores","2/19		 Indiana W, 29-26",resolved,,,,,
512,IOWARAW-00513,iowa,2025-26_media_guide_year_by_year,1933-1934,1934,1934-02-24,Minnesota,Minnesota,minnesota,Yes,33,30,W,0,,,H,SOURCE_PROGRAM_HOME,Iowa Field House,Iowa Field House,Iowa City,IA,,,REGULAR_SEASON,,"Iowa 2025-26 media guide, Year-by-Year Scores","2/24		 Minnesota W, 33-30",resolved,,,,,
513,IOWARAW-00514,iowa,2025-26_media_guide_year_by_year,1933-1934,1934,1934-02-26,Illinois,Illinois,illinois,Yes,31,35,L,0,,,at,OPPONENT_HOME,,,,,,,REGULAR_SEASON,,"Iowa 2025-26 media guide, Year-by-Year Scores","2/26		 at Illinois L, 31-35",resolved,,,,,
514,IOWARAW-00515,iowa,2025-26_media_guide_year_by_year,1933-1934,1934,1934-03-03,Wisconsin,Wisconsin,wisconsin,Yes,32,35,L,0,,,H,SOURCE_PROGRAM_HOME,Iowa Field House,Iowa Field House,Iowa City,IA,,,REGULAR_SEASON,,"Iowa 2025-26 media guide, Year-by-Year Scores","3/3		 atWisconsin L, 32-35",resolved,,,,,
515,IOWARAW-00516,iowa,2025-26_media_guide_year_by_year,1934-1935,1935,1934-12-01,Hamline,Hamline,hamline,No,38,26,W,0,,,H,SOURCE_PROGRAM_HOME,Iowa Field House,Iowa Field House,Iowa City,IA,,,REGULAR_SEASON,,"Iowa 2025-26 media guide, Year-by-Year Scores","12/1		 Hamline W, 38-26",resolved,,,,,
516,IOWARAW-00517,iowa,2025-26_media_guide_year_by_year,1934-1935,1935,1934-12-10,Carleton,Carleton,carleton,No,36,23,W,0,,,H,SOURCE_PROGRAM_HOME,Iowa Field House,Iowa Field House,Iowa City,IA,,,REGULAR_SEASON,,"Iowa 2025-26 media guide, Year-by-Year Scores","12/10		 Carleton W, 36-23",resolved,,,,,
517,IOWARAW-00518,iowa,2025-26_media_guide_year_by_year,1934-1935,1935,1934-12-15,Pittsburgh,Pittsburgh,pittsburgh,Yes,26,38,L,0,,,H,SOURCE_PROGRAM_HOME,Iowa Field House,Iowa Field House,Iowa City,IA,,,REGULAR_SEASON,,"Iowa 2025-26 media guide, Year-by-Year Scores","12/15		 Pittsburgh L, 26-38",resolved,,,,,
518,IOWARAW-00519,iowa,2025-26_media_guide_year_by_year,1934-1935,1935,1934-12-20,Nebraska,Nebraska,nebraska,Yes,31,24,W,0,,,at,OPPONENT_HOME,,,,,,,REGULAR_SEASON,,"Iowa 2025-26 media guide, Year-by-Year Scores","12/20		 at Nebraska W, 31-24",resolved,,,,,
519,IOWARAW-00520,iowa,2025-26_media_guide_year_by_year,1934-1935,1935,1934-12-29,Stanford,Stanford,stanford,Yes,38,28,W,0,,,H,SOURCE_PROGRAM_HOME,Iowa Field House,Iowa Field House,Iowa City,IA,,,REGULAR_SEASON,,"Iowa 2025-26 media guide, Year-by-Year Scores","12/29		 Stanford W, 38-28",resolved,,,,,
520,IOWARAW-00521,iowa,2025-26_media_guide_year_by_year,1934-1935,1935,1935-01-01,Iowa State,Iowa State,iowa-state,Yes,33,41,L,0,,,at,OPPONENT_HOME,,,,,,,REGULAR_SEASON,,"Iowa 2025-26 media guide, Year-by-Year Scores","1/1		 at Iowa State L, 33-41",resolved,,,,,
521,IOWARAW-00522,iowa,2025-26_media_guide_year_by_year,1934-1935,1935,1935-01-03,Drake,Drake,drake,Yes,25,45,L,0,,,at,OPPONENT_HOME,,,,,,,REGULAR_SEASON,,"Iowa 2025-26 media guide, Year-by-Year Scores","1/3		 at Drake L, 25-45",resolved,,,,,
522,IOWARAW-00523,iowa,2025-26_media_guide_year_by_year,1934-1935,1935,1935-01-05,Ohio State,Ohio State,ohio-state,Yes,32,21,W,0,,,H,SOURCE_PROGRAM_HOME,Iowa Field House,Iowa Field House,Iowa City,IA,,,REGULAR_SEASON,,"Iowa 2025-26 media guide, Year-by-Year Scores","1/5		 Ohio State W, 32-21",resolved,,,,,
523,IOWARAW-00524,iowa,2025-26_media_guide_year_by_year,1934-1935,1935,1935-01-07,Chicago,Chicago,chicago,No,39,29,W,0,,,H,SOURCE_PROGRAM_HOME,Iowa Field House,Iowa Field House,Iowa City,IA,,,REGULAR_SEASON,,"Iowa 2025-26 media guide, Year-by-Year Scores","1/7		 Chicago W, 39-29",resolved,,,,,
524,IOWARAW-00525,iowa,2025-26_media_guide_year_by_year,1934-1935,1935,1935-01-12,Northwestern,Northwestern,northwestern,Yes,38,35,W,0,,,at,OPPONENT_HOME,,,,,,,REGULAR_SEASON,,"Iowa 2025-26 media guide, Year-by-Year Scores","1/12		 at Northwestern W, 38-35",resolved,,,,,
525,IOWARAW-00526,iowa,2025-26_media_guide_year_by_year,1934-1935,1935,1935-01-14,Minnesota,Minnesota,minnesota,Yes,39,33,W,1,,,at,OPPONENT_HOME,,,,,,,REGULAR_SEASON,,"Iowa 2025-26 media guide, Year-by-Year Scores","1/14		 at Minnesota# W, 39-33",resolved,,,,,
526,IOWARAW-00527,iowa,2025-26_media_guide_year_by_year,1934-1935,1935,1935-01-19,Indiana,Indiana,indiana,Yes,35,40,L,0,,,H,SOURCE_PROGRAM_HOME,Iowa Field House,Iowa Field House,Iowa City,IA,,,REGULAR_SEASON,,"Iowa 2025-26 media guide, Year-by-Year Scores","1/19		 Indiana L, 35-40",resolved,,,,,
527,IOWARAW-00528,iowa,2025-26_media_guide_year_by_year,1934-1935,1935,1935-02-02,Minnesota,Minnesota,minnesota,Yes,35,36,L,0,,,H,SOURCE_PROGRAM_HOME,Iowa Field House,Iowa Field House,Iowa City,IA,,,REGULAR_SEASON,,"Iowa 2025-26 media guide, Year-by-Year Scores","2/2		 Minnesota L, 35-36",resolved,,,,,
528,IOWARAW-00529,iowa,2025-26_media_guide_year_by_year,1934-1935,1935,1935-02-09,Ohio State,Ohio State,ohio-state,Yes,24,42,L,0,,,at,OPPONENT_HOME,,,,,,,REGULAR_SEASON,,"Iowa 2025-26 media guide, Year-by-Year Scores","2/9		 at Ohio State L, 24-42",resolved,,,,,
529,IOWARAW-00530,iowa,2025-26_media_guide_year_by_year,1934-1935,1935,1935-02-11,Indiana,Indiana,indiana,Yes,30,34,L,0,,,at,OPPONENT_HOME,,,,,,,REGULAR_SEASON,,"Iowa 2025-26 media guide, Year-by-Year Scores","2/11		 at Indiana L, 30-34",resolved,,,,,
530,IOWARAW-00531,iowa,2025-26_media_guide_year_by_year,1934-1935,1935,1935-02-16,Michigan,Michigan,michigan,Yes,27,29,L,0,,,H,SOURCE_PROGRAM_HOME,Iowa Field House,Iowa Field House,Iowa City,IA,,,REGULAR_SEASON,,"Iowa 2025-26 media guide, Year-by-Year Scores","2/16		 Michigan L, 27-29",resolved,,,,,
531,IOWARAW-00532,iowa,2025-26_media_guide_year_by_year,1934-1935,1935,1935-02-23,Chicago,Chicago,chicago,No,40,41,L,0,,,at,OPPONENT_HOME,,,,,,,REGULAR_SEASON,,"Iowa 2025-26 media guide, Year-by-Year Scores","2/23		 at Chicago L, 40-41",resolved,,,,,
532,IOWARAW-00533,iowa,2025-26_media_guide_year_by_year,1934-1935,1935,1935-02-25,Michigan,Michigan,michigan,Yes,37,25,W,0,,,at,OPPONENT_HOME,,,,,,,REGULAR_SEASON,,"Iowa 2025-26 media guide, Year-by-Year Scores","2/25		 at Michigan W, 37-25",resolved,,,,,
533,IOWARAW-00534,iowa,2025-26_media_guide_year_by_year,1934-1935,1935,1935-03-04,Northwestern,Northwestern,northwestern,Yes,35,33,W,0,,,H,SOURCE_PROGRAM_HOME,Iowa Field House,Iowa Field House,Iowa City,IA,,,REGULAR_SEASON,,"Iowa 2025-26 media guide, Year-by-Year Scores","3/4		 Northwestern W, 35-33",resolved,,,,,
534,IOWARAW-00535,iowa,2025-26_media_guide_year_by_year,1935-1936,1936,1935-11-30,Millikin,Millikin,millikin,No,29,33,L,0,,,H,SOURCE_PROGRAM_HOME,Iowa Field House,Iowa Field House,Iowa City,IA,,,REGULAR_SEASON,,"Iowa 2025-26 media guide, Year-by-Year Scores","11/30		 Millikin L, 29-33",resolved,,,,,
535,IOWARAW-00536,iowa,2025-26_media_guide_year_by_year,1935-1936,1936,1935-12-10,Carleton,Carleton,carleton,No,52,27,W,0,,,H,SOURCE_PROGRAM_HOME,Iowa Field House,Iowa Field House,Iowa City,IA,,,REGULAR_SEASON,,"Iowa 2025-26 media guide, Year-by-Year Scores","12/10		 Carleton W, 52-27",resolved,,,,,
536,IOWARAW-00537,iowa,2025-26_media_guide_year_by_year,1935-1936,1936,1935-12-14,Pittsburgh,Pittsburgh,pittsburgh,Yes,22,32,L,0,,,H,SOURCE_PROGRAM_HOME,Iowa Field House,Iowa Field House,Iowa City,IA,,,REGULAR_SEASON,,"Iowa 2025-26 media guide, Year-by-Year Scores","12/14		 Pittsburgh L, 22-32",resolved,,,,,
537,IOWARAW-00538,iowa,2025-26_media_guide_year_by_year,1935-1936,1936,1935-12-19,Loyola (IL),Loyola Chicago,loyola-chicago,Yes,33,26,W,0,,,at,OPPONENT_HOME,,,,,,,REGULAR_SEASON,,"Iowa 2025-26 media guide, Year-by-Year Scores","12/19		 at Loyola (IL) W, 33-26",resolved,,,,,
538,IOWARAW-00539,iowa,2025-26_media_guide_year_by_year,1935-1936,1936,1935-12-21,Western Michigan,Western Michigan,western-michigan,Yes,35,48,L,0,,,H,SOURCE_PROGRAM_HOME,Iowa Field House,Iowa Field House,Iowa City,IA,,,REGULAR_SEASON,,"Iowa 2025-26 media guide, Year-by-Year Scores","12/21		 atWestern Michigan L, 35-48",resolved,,,,,
539,IOWARAW-00540,iowa,2025-26_media_guide_year_by_year,1935-1936,1936,1935-12-30,Marquette,Marquette,marquette,Yes,31,27,W,0,,,at,OPPONENT_HOME,,,,,,,REGULAR_SEASON,,"Iowa 2025-26 media guide, Year-by-Year Scores","12/30		 at Marquette W, 31-27",resolved,,,,,
540,IOWARAW-00541,iowa,2025-26_media_guide_year_by_year,1935-1936,1936,1936-01-04,Drake,Drake,drake,Yes,35,22,W,0,,,H,SOURCE_PROGRAM_HOME,Iowa Field House,Iowa Field House,Iowa City,IA,,,REGULAR_SEASON,,"Iowa 2025-26 media guide, Year-by-Year Scores","1/4		 Drake W, 35-22",resolved,,,,,
541,IOWARAW-00542,iowa,2025-26_media_guide_year_by_year,1935-1936,1936,1936-01-11,Illinois,Illinois,illinois,Yes,27,26,W,0,,,H,SOURCE_PROGRAM_HOME,Iowa Field House,Iowa Field House,Iowa City,IA,,,REGULAR_SEASON,,"Iowa 2025-26 media guide, Year-by-Year Scores","1/11		 Illinois W, 27-26",resolved,,,,,
542,IOWARAW-00543,iowa,2025-26_media_guide_year_by_year,1935-1936,1936,1936-01-13,Ohio State,Ohio State,ohio-state,Yes,25,23,W,0,,,H,SOURCE_PROGRAM_HOME,Iowa Field House,Iowa Field House,Iowa City,IA,,,REGULAR_SEASON,,"Iowa 2025-26 media guide, Year-by-Year Scores","1/13		 Ohio State W, 25-23",resolved,,,,,
543,IOWARAW-00544,iowa,2025-26_media_guide_year_by_year,1935-1936,1936,1936-01-18,Wisconsin,Wisconsin,wisconsin,Yes,21,27,L,0,,,H,SOURCE_PROGRAM_HOME,Iowa Field House,Iowa Field House,Iowa City,IA,,,REGULAR_SEASON,,"Iowa 2025-26 media guide, Year-by-Year Scores","1/18		 atWisconsin L, 21-27",resolved,,,,,
544,IOWARAW-00545,iowa,2025-26_media_guide_year_by_year,1935-1936,1936,1936-01-20,Ohio State,Ohio State,ohio-state,Yes,26,34,L,0,,,at,OPPONENT_HOME,,,,,,,REGULAR_SEASON,,"Iowa 2025-26 media guide, Year-by-Year Scores","1/20		 at Ohio State L, 26-34",resolved,,,,,
545,IOWARAW-00546,iowa,2025-26_media_guide_year_by_year,1935-1936,1936,1936-02-03,Michigan,Michigan,michigan,Yes,27,31,L,1,,,at,OPPONENT_HOME,,,,,,,REGULAR_SEASON,,"Iowa 2025-26 media guide, Year-by-Year Scores","2/3		 at Michigan# L, 27-31",resolved,,,,,
546,IOWARAW-00547,iowa,2025-26_media_guide_year_by_year,1935-1936,1936,1936-02-08,Purdue,Purdue,purdue,Yes,38,39,L,0,,,H,SOURCE_PROGRAM_HOME,Iowa Field House,Iowa Field House,Iowa City,IA,,,REGULAR_SEASON,,"Iowa 2025-26 media guide, Year-by-Year Scores","2/8		 Purdue L, 38-39",resolved,,,,,
547,IOWARAW-00548,iowa,2025-26_media_guide_year_by_year,1935-1936,1936,1936-02-10,Illinois,Illinois,illinois,Yes,14,36,L,0,,,at,OPPONENT_HOME,,,,,,,REGULAR_SEASON,,"Iowa 2025-26 media guide, Year-by-Year Scores","2/10		 at Illinois L, 14-36",resolved,,,,,
548,IOWARAW-00549,iowa,2025-26_media_guide_year_by_year,1935-1936,1936,1936-02-15,Chicago,Chicago,chicago,No,33,20,W,0,,,H,SOURCE_PROGRAM_HOME,Iowa Field House,Iowa Field House,Iowa City,IA,,,REGULAR_SEASON,,"Iowa 2025-26 media guide, Year-by-Year Scores","2/15		 Chicago W, 33-20",resolved,,,,,
549,IOWARAW-00550,iowa,2025-26_media_guide_year_by_year,1935-1936,1936,1936-02-17,Wisconsin,Wisconsin,wisconsin,Yes,32,25,W,0,,,H,SOURCE_PROGRAM_HOME,Iowa Field House,Iowa Field House,Iowa City,IA,,,REGULAR_SEASON,,"Iowa 2025-26 media guide, Year-by-Year Scores","2/17		 Wisconsin W, 32-25",resolved,,,,,
550,IOWARAW-00551,iowa,2025-26_media_guide_year_by_year,1935-1936,1936,1936-02-22,Michigan,Michigan,michigan,Yes,25,31,L,0,,,H,SOURCE_PROGRAM_HOME,Iowa Field House,Iowa Field House,Iowa City,IA,,,REGULAR_SEASON,,"Iowa 2025-26 media guide, Year-by-Year Scores","2/22		 Michigan L, 25-31",resolved,,,,,
551,IOWARAW-00552,iowa,2025-26_media_guide_year_by_year,1935-1936,1936,1936-02-29,Purdue,Purdue,purdue,Yes,38,54,L,0,,,at,OPPONENT_HOME,,,,,,,REGULAR_SEASON,,"Iowa 2025-26 media guide, Year-by-Year Scores","2/29		 at Purdue L, 38-54",resolved,,,,,
552,IOWARAW-00553,iowa,2025-26_media_guide_year_by_year,1935-1936,1936,1936-03-02,Chicago,Chicago,chicago,No,47,39,W,0,,,at,OPPONENT_HOME,,,,,,,REGULAR_SEASON,,"Iowa 2025-26 media guide, Year-by-Year Scores","3/2		 at Chicago W, 47-39",resolved,,,,,
553,IOWARAW-00554,iowa,2025-26_media_guide_year_by_year,1936-1937,1937,1936-12-05,Bradley,Bradley,bradley,Yes,33,27,W,0,,,H,SOURCE_PROGRAM_HOME,Iowa Field House,Iowa Field House,Iowa City,IA,,,REGULAR_SEASON,,"Iowa 2025-26 media guide, Year-by-Year Scores","12/5		 Bradley W, 33-27",resolved,,,,,
554,IOWARAW-00555,iowa,2025-26_media_guide_year_by_year,1936-1937,1937,1936-12-10,Carleton,Carleton,carleton,No,52,26,W,0,,,H,SOURCE_PROGRAM_HOME,Iowa Field House,Iowa Field House,Iowa City,IA,,,REGULAR_SEASON,,"Iowa 2025-26 media guide, Year-by-Year Scores","12/10		 Carleton W, 52-26",resolved,,,,,
555,IOWARAW-00556,iowa,2025-26_media_guide_year_by_year,1936-1937,1937,1936-12-14,South Dakota,South Dakota,south-dakota,Yes,44,23,W,0,,,H,SOURCE_PROGRAM_HOME,Iowa Field House,Iowa Field House,Iowa City,IA,,,REGULAR_SEASON,,"Iowa 2025-26 media guide, Year-by-Year Scores","12/14		 South Dakota W, 44-23",resolved,,,,,
556,IOWARAW-00557,iowa,2025-26_media_guide_year_by_year,1936-1937,1937,1936-12-16,Denver,Denver,denver,Yes,34,30,W,0,,,H,SOURCE_PROGRAM_HOME,Iowa Field House,Iowa Field House,Iowa City,IA,,,REGULAR_SEASON,,"Iowa 2025-26 media guide, Year-by-Year Scores","12/16		 Denver W, 34-30",resolved,,,,,
557,IOWARAW-00558,iowa,2025-26_media_guide_year_by_year,1936-1937,1937,1936-12-19,Washington (MO),Washington (MO),washington-mo,No,42,35,W,0,,,H,SOURCE_PROGRAM_HOME,Iowa Field House,Iowa Field House,Iowa City,IA,,,REGULAR_SEASON,,"Iowa 2025-26 media guide, Year-by-Year Scores","12/19		 atWashington (MO) W, 42-35",resolved,,,,,
558,IOWARAW-00559,iowa,2025-26_media_guide_year_by_year,1936-1937,1937,1936-12-21,Millikin,Millikin,millikin,No,37,30,W,0,,,at,OPPONENT_HOME,,,,,,,REGULAR_SEASON,,"Iowa 2025-26 media guide, Year-by-Year Scores","12/21		 at Millikin W, 37-30",resolved,,,,,
559,IOWARAW-00560,iowa,2025-26_media_guide_year_by_year,1936-1937,1937,1937-01-02,Marquette,Marquette,marquette,Yes,37,34,W,0,,,at,OPPONENT_HOME,,,,,,,REGULAR_SEASON,,"Iowa 2025-26 media guide, Year-by-Year Scores","1/2		 at Marquette W, 37-34",resolved,,,,,
560,IOWARAW-00561,iowa,2025-26_media_guide_year_by_year,1936-1937,1937,1937-01-04,Indiana,Indiana,indiana,Yes,24,28,L,0,,,at,OPPONENT_HOME,,,,,,,REGULAR_SEASON,,"Iowa 2025-26 media guide, Year-by-Year Scores","1/4		 at Indiana L, 24-28",resolved,,,,,
561,IOWARAW-00562,iowa,2025-26_media_guide_year_by_year,1936-1937,1937,1937-01-09,Northwestern,Northwestern,northwestern,Yes,33,26,W,0,,,at,OPPONENT_HOME,,,,,,,REGULAR_SEASON,,"Iowa 2025-26 media guide, Year-by-Year Scores","1/9		 at Northwestern W, 33-26",resolved,,,,,
562,IOWARAW-00563,iowa,2025-26_media_guide_year_by_year,1936-1937,1937,1937-01-11,Purdue,Purdue,purdue,Yes,31,35,L,0,,,H,SOURCE_PROGRAM_HOME,Iowa Field House,Iowa Field House,Iowa City,IA,,,REGULAR_SEASON,,"Iowa 2025-26 media guide, Year-by-Year Scores","1/11		 Purdue L, 31-35",resolved,,,,,
563,IOWARAW-00564,iowa,2025-26_media_guide_year_by_year,1936-1937,1937,1937-01-16,Illinois,Illinois,illinois,Yes,28,42,L,0,,,at,OPPONENT_HOME,,,,,,,REGULAR_SEASON,,"Iowa 2025-26 media guide, Year-by-Year Scores","1/16		 at Illinois L, 28-42",resolved,,,,,
564,IOWARAW-00565,iowa,2025-26_media_guide_year_by_year,1936-1937,1937,1937-01-18,Wisconsin,Wisconsin,wisconsin,Yes,23,29,L,0,,,H,SOURCE_PROGRAM_HOME,Iowa Field House,Iowa Field House,Iowa City,IA,,,REGULAR_SEASON,,"Iowa 2025-26 media guide, Year-by-Year Scores","1/18		 atWisconsin L, 23-29",resolved,,,,,
565,IOWARAW-00566,iowa,2025-26_media_guide_year_by_year,1936-1937,1937,1937-02-03,North Dakota,North Dakota,north-dakota,Yes,35,30,W,0,,,H,SOURCE_PROGRAM_HOME,Iowa Field House,Iowa Field House,Iowa City,IA,,,REGULAR_SEASON,,"Iowa 2025-26 media guide, Year-by-Year Scores","2/3		 North Dakota W, 35-30",resolved,,,,,
566,IOWARAW-00567,iowa,2025-26_media_guide_year_by_year,1936-1937,1937,1937-02-06,Indiana,Indiana,indiana,Yes,34,38,L,0,,,H,SOURCE_PROGRAM_HOME,Iowa Field House,Iowa Field House,Iowa City,IA,,,REGULAR_SEASON,,"Iowa 2025-26 media guide, Year-by-Year Scores","2/6		 Indiana L, 34-38",resolved,,,,,
567,IOWARAW-00568,iowa,2025-26_media_guide_year_by_year,1936-1937,1937,1937-02-08,Northwestern,Northwestern,northwestern,Yes,39,29,W,0,,,H,SOURCE_PROGRAM_HOME,Iowa Field House,Iowa Field House,Iowa City,IA,,,REGULAR_SEASON,,"Iowa 2025-26 media guide, Year-by-Year Scores","2/8		 Northwestern W, 39-29",resolved,,,,,
568,IOWARAW-00569,iowa,2025-26_media_guide_year_by_year,1936-1937,1937,1937-02-13,Purdue,Purdue,purdue,Yes,29,54,L,0,,,at,OPPONENT_HOME,,,,,,,REGULAR_SEASON,,"Iowa 2025-26 media guide, Year-by-Year Scores","2/13		 at Purdue L, 29-54",resolved,,,,,
569,IOWARAW-00570,iowa,2025-26_media_guide_year_by_year,1936-1937,1937,1937-02-15,Minnesota,Minnesota,minnesota,Yes,37,43,L,0,,,H,SOURCE_PROGRAM_HOME,Iowa Field House,Iowa Field House,Iowa City,IA,,,REGULAR_SEASON,,"Iowa 2025-26 media guide, Year-by-Year Scores","2/15		 Minnesota L, 37-43",resolved,,,,,
570,IOWARAW-00571,iowa,2025-26_media_guide_year_by_year,1936-1937,1937,1937-02-20,Wisconsin,Wisconsin,wisconsin,Yes,43,35,W,0,,,H,SOURCE_PROGRAM_HOME,Iowa Field House,Iowa Field House,Iowa City,IA,,,REGULAR_SEASON,,"Iowa 2025-26 media guide, Year-by-Year Scores","2/20		 Wisconsin W, 43-35",resolved,,,,,
571,IOWARAW-00572,iowa,2025-26_media_guide_year_by_year,1936-1937,1937,1937-02-22,Minnesota,Minnesota,minnesota,Yes,25,44,L,0,,,at,OPPONENT_HOME,,,,,,,REGULAR_SEASON,,"Iowa 2025-26 media guide, Year-by-Year Scores","2/22		 at Minnesota L, 25-44",resolved,,,,,
572,IOWARAW-00573,iowa,2025-26_media_guide_year_by_year,1936-1937,1937,1937-02-27,Illinois,Illinois,illinois,Yes,29,40,L,0,,,H,SOURCE_PROGRAM_HOME,Iowa Field House,Iowa Field House,Iowa City,IA,,,REGULAR_SEASON,,"Iowa 2025-26 media guide, Year-by-Year Scores","2/27		 Illinois L, 29-40",resolved,,,,,
573,IOWARAW-00574,iowa,2025-26_media_guide_year_by_year,1937-1938,1938,1937-12-09,Carleton,Carleton,carleton,No,44,20,W,0,,,H,SOURCE_PROGRAM_HOME,Iowa Field House,Iowa Field House,Iowa City,IA,,,REGULAR_SEASON,,"Iowa 2025-26 media guide, Year-by-Year Scores","12/9		 Carleton W, 44-20",resolved,,,,,
574,IOWARAW-00575,iowa,2025-26_media_guide_year_by_year,1937-1938,1938,1937-12-13,Washington (MO),Washington (MO),washington-mo,No,41,34,W,0,,,H,SOURCE_PROGRAM_HOME,Iowa Field House,Iowa Field House,Iowa City,IA,,,REGULAR_SEASON,,"Iowa 2025-26 media guide, Year-by-Year Scores","12/13		 Washington (MO) W, 41-34",resolved,,,,,
575,IOWARAW-00576,iowa,2025-26_media_guide_year_by_year,1937-1938,1938,1937-12-18,Butler,Butler,butler,Yes,36,31,W,0,,,at,OPPONENT_HOME,,,,,,,REGULAR_SEASON,,"Iowa 2025-26 media guide, Year-by-Year Scores","12/18		 at Butler W, 36-31",resolved,,,,,
576,IOWARAW-00577,iowa,2025-26_media_guide_year_by_year,1937-1938,1938,1937-12-20,Xavier,Xavier,xavier,Yes,33,28,W,0,,,at,OPPONENT_HOME,,,,,,,REGULAR_SEASON,,"Iowa 2025-26 media guide, Year-by-Year Scores","12/20		 at Xavier W, 33-28",resolved,,,,,
577,IOWARAW-00578,iowa,2025-26_media_guide_year_by_year,1937-1938,1938,1937-12-21,Toledo,Toledo,toledo,Yes,39,59,L,0,,,H,SOURCE_PROGRAM_HOME,Iowa Field House,Iowa Field House,Iowa City,IA,,,REGULAR_SEASON,,"Iowa 2025-26 media guide, Year-by-Year Scores","12/21		 atToledo L, 39-59",resolved,,,,,
578,IOWARAW-00579,iowa,2025-26_media_guide_year_by_year,1937-1938,1938,1937-12-22,Michigan State,Michigan State,michigan-state,Yes,37,52,L,0,,,at,OPPONENT_HOME,,,,,,,REGULAR_SEASON,,"Iowa 2025-26 media guide, Year-by-Year Scores","12/22		 at Michigan State L, 37-52",resolved,,,,,
579,IOWARAW-00580,iowa,2025-26_media_guide_year_by_year,1937-1938,1938,1938-01-01,Marquette,Marquette,marquette,Yes,23,36,L,0,,,at,OPPONENT_HOME,,,,,,,REGULAR_SEASON,,"Iowa 2025-26 media guide, Year-by-Year Scores","1/1		 at Marquette L, 23-36",resolved,,,,,
580,IOWARAW-00581,iowa,2025-26_media_guide_year_by_year,1937-1938,1938,1938-01-08,Indiana,Indiana,indiana,Yes,48,39,W,0,,,H,SOURCE_PROGRAM_HOME,Iowa Field House,Iowa Field House,Iowa City,IA,,,REGULAR_SEASON,,"Iowa 2025-26 media guide, Year-by-Year Scores","1/8		 Indiana W, 48-39",resolved,,,,,
581,IOWARAW-00582,iowa,2025-26_media_guide_year_by_year,1937-1938,1938,1938-01-10,Northwestern,Northwestern,northwestern,Yes,28,36,L,0,,,H,SOURCE_PROGRAM_HOME,Iowa Field House,Iowa Field House,Iowa City,IA,,,REGULAR_SEASON,,"Iowa 2025-26 media guide, Year-by-Year Scores","1/10		 Northwestern L, 28-36",resolved,,,,,
582,IOWARAW-00583,iowa,2025-26_media_guide_year_by_year,1937-1938,1938,1938-01-15,Ohio State,Ohio State,ohio-state,Yes,29,48,L,0,,,at,OPPONENT_HOME,,,,,,,REGULAR_SEASON,,"Iowa 2025-26 media guide, Year-by-Year Scores","1/15		 at Ohio State L, 29-48",resolved,,,,,
583,IOWARAW-00584,iowa,2025-26_media_guide_year_by_year,1937-1938,1938,1938-01-17,Indiana,Indiana,indiana,Yes,36,32,W,0,,,at,OPPONENT_HOME,,,,,,,REGULAR_SEASON,,"Iowa 2025-26 media guide, Year-by-Year Scores","1/17		 at Indiana W, 36-32",resolved,,,,,
584,IOWARAW-00585,iowa,2025-26_media_guide_year_by_year,1937-1938,1938,1938-01-31,South Dakota,South Dakota,south-dakota,Yes,35,34,W,0,,,H,SOURCE_PROGRAM_HOME,Iowa Field House,Iowa Field House,Iowa City,IA,,,REGULAR_SEASON,,"Iowa 2025-26 media guide, Year-by-Year Scores","1/31		 South Dakota W, 35-34",resolved,,,,,
585,IOWARAW-00586,iowa,2025-26_media_guide_year_by_year,1937-1938,1938,1938-02-05,Ohio State,Ohio State,ohio-state,Yes,43,51,L,0,,,H,SOURCE_PROGRAM_HOME,Iowa Field House,Iowa Field House,Iowa City,IA,,,REGULAR_SEASON,,"Iowa 2025-26 media guide, Year-by-Year Scores","2/5		 Ohio State L, 43-51",resolved,,,,,
586,IOWARAW-00587,iowa,2025-26_media_guide_year_by_year,1937-1938,1938,1938-02-07,Minnesota,Minnesota,minnesota,Yes,26,28,L,0,,,at,OPPONENT_HOME,,,,,,,REGULAR_SEASON,,"Iowa 2025-26 media guide, Year-by-Year Scores","2/7		 at Minnesota L, 26-28",resolved,,,,,
587,IOWARAW-00588,iowa,2025-26_media_guide_year_by_year,1937-1938,1938,1938-02-12,Chicago,Chicago,chicago,No,42,29,W,0,,,at,OPPONENT_HOME,,,,,,,REGULAR_SEASON,,"Iowa 2025-26 media guide, Year-by-Year Scores","2/12		 at Chicago W, 42-29",resolved,,,,,
588,IOWARAW-00589,iowa,2025-26_media_guide_year_by_year,1937-1938,1938,1938-02-14,Michigan,Michigan,michigan,Yes,38,30,W,0,,,at,OPPONENT_HOME,,,,,,,REGULAR_SEASON,,"Iowa 2025-26 media guide, Year-by-Year Scores","2/14		 at Michigan W, 38-30",resolved,,,,,
589,IOWARAW-00590,iowa,2025-26_media_guide_year_by_year,1937-1938,1938,1938-02-19,Chicago,Chicago,chicago,No,35,38,L,0,,,H,SOURCE_PROGRAM_HOME,Iowa Field House,Iowa Field House,Iowa City,IA,,,REGULAR_SEASON,,"Iowa 2025-26 media guide, Year-by-Year Scores","2/19		 Chicago L, 35-38",resolved,,,,,
590,IOWARAW-00591,iowa,2025-26_media_guide_year_by_year,1937-1938,1938,1938-02-21,Northwestern,Northwestern,northwestern,Yes,26,25,W,0,,,at,OPPONENT_HOME,,,,,,,REGULAR_SEASON,,"Iowa 2025-26 media guide, Year-by-Year Scores","2/21		 at Northwestern W, 26-25",resolved,,,,,
591,IOWARAW-00592,iowa,2025-26_media_guide_year_by_year,1937-1938,1938,1938-02-26,Michigan,Michigan,michigan,Yes,37,25,W,0,,,H,SOURCE_PROGRAM_HOME,Iowa Field House,Iowa Field House,Iowa City,IA,,,REGULAR_SEASON,,"Iowa 2025-26 media guide, Year-by-Year Scores","2/26		 Michigan W, 37-25",resolved,,,,,
592,IOWARAW-00593,iowa,2025-26_media_guide_year_by_year,1937-1938,1938,1938-02-28,Minnesota,Minnesota,minnesota,Yes,29,30,L,0,,,H,SOURCE_PROGRAM_HOME,Iowa Field House,Iowa Field House,Iowa City,IA,,,REGULAR_SEASON,,"Iowa 2025-26 media guide, Year-by-Year Scores","2/28		 Minnesota L, 29-30",resolved,,,,,
593,IOWARAW-00594,iowa,2025-26_media_guide_year_by_year,1938-1939,1939,1938-12-03,Carleton,Carleton,carleton,No,33,37,L,0,,,H,SOURCE_PROGRAM_HOME,Iowa Field House,Iowa Field House,Iowa City,IA,,,REGULAR_SEASON,,"Iowa 2025-26 media guide, Year-by-Year Scores","12/3		 Carleton L, 33-37",resolved,,,,,
594,IOWARAW-00595,iowa,2025-26_media_guide_year_by_year,1938-1939,1939,1938-12-09,Monmouth,Monmouth College (IL),monmouth-college-il,No,37,34,W,0,,,H,SOURCE_PROGRAM_HOME,Iowa Field House,Iowa Field House,Iowa City,IA,,,REGULAR_SEASON,,"Iowa 2025-26 media guide, Year-by-Year Scores","12/9		 Monmouth W, 37-34",resolved,,,,,
595,IOWARAW-00596,iowa,2025-26_media_guide_year_by_year,1938-1939,1939,1938-12-12,Washington (MO),Washington (MO),washington-mo,No,42,26,W,0,,,H,SOURCE_PROGRAM_HOME,Iowa Field House,Iowa Field House,Iowa City,IA,,,REGULAR_SEASON,,"Iowa 2025-26 media guide, Year-by-Year Scores","12/12		 Washington (MO) W, 42-26",resolved,,,,,
596,IOWARAW-00597,iowa,2025-26_media_guide_year_by_year,1938-1939,1939,1938-12-17,Butler,Butler,butler,Yes,29,31,L,0,,,at,OPPONENT_HOME,,,,,,,REGULAR_SEASON,,"Iowa 2025-26 media guide, Year-by-Year Scores","12/17		 at Butler L, 29-31",resolved,,,,,
597,IOWARAW-00598,iowa,2025-26_media_guide_year_by_year,1938-1939,1939,1938-12-19,DePaul,DePaul,depaul,Yes,34,29,W,0,,,at,OPPONENT_HOME,,,,,,,REGULAR_SEASON,,"Iowa 2025-26 media guide, Year-by-Year Scores","12/19		 at DePaul W, 34-29",resolved,,,,,
598,IOWARAW-00599,iowa,2025-26_media_guide_year_by_year,1938-1939,1939,1938-12-31,Saint Louis,Saint Louis,saint-louis,Yes,47,37,W,0,,,H,SOURCE_PROGRAM_HOME,Iowa Field House,Iowa Field House,Iowa City,IA,,,REGULAR_SEASON,,"Iowa 2025-26 media guide, Year-by-Year Scores","12/31		 Saint Louis W, 47-37",resolved,,,,,
599,IOWARAW-00600,iowa,2025-26_media_guide_year_by_year,1938-1939,1939,1939-01-07,Wisconsin,Wisconsin,wisconsin,Yes,24,28,L,0,,,H,SOURCE_PROGRAM_HOME,Iowa Field House,Iowa Field House,Iowa City,IA,,,REGULAR_SEASON,,"Iowa 2025-26 media guide, Year-by-Year Scores","1/7		 atWisconsin L, 24-28",resolved,,,,,
600,IOWARAW-00601,iowa,2025-26_media_guide_year_by_year,1938-1939,1939,1939-01-09,Minnesota,Minnesota,minnesota,Yes,29,36,L,0,,,at,OPPONENT_HOME,,,,,,,REGULAR_SEASON,,"Iowa 2025-26 media guide, Year-by-Year Scores","1/9		 at Minnesota L, 29-36",resolved,,,,,
601,IOWARAW-00602,iowa,2025-26_media_guide_year_by_year,1938-1939,1939,1939-01-14,Purdue,Purdue,purdue,Yes,49,41,W,0,,,H,SOURCE_PROGRAM_HOME,Iowa Field House,Iowa Field House,Iowa City,IA,,,REGULAR_SEASON,,"Iowa 2025-26 media guide, Year-by-Year Scores","1/14		 Purdue W, 49-41",resolved,,,,,
602,IOWARAW-00603,iowa,2025-26_media_guide_year_by_year,1938-1939,1939,1939-01-16,Chicago,Chicago,chicago,No,29,19,W,0,,,H,SOURCE_PROGRAM_HOME,Iowa Field House,Iowa Field House,Iowa City,IA,,,REGULAR_SEASON,,"Iowa 2025-26 media guide, Year-by-Year Scores","1/16		 Chicago W, 29-19",resolved,,,,,
603,IOWARAW-00604,iowa,2025-26_media_guide_year_by_year,1938-1939,1939,1939-01-21,Michigan,Michigan,michigan,Yes,32,47,L,0,,,H,SOURCE_PROGRAM_HOME,Iowa Field House,Iowa Field House,Iowa City,IA,,,REGULAR_SEASON,,"Iowa 2025-26 media guide, Year-by-Year Scores","1/21		 Michigan L, 32-47",resolved,,,,,
604,IOWARAW-00605,iowa,2025-26_media_guide_year_by_year,1938-1939,1939,1939-01-30,South Dakota,South Dakota,south-dakota,Yes,35,30,W,0,,,H,SOURCE_PROGRAM_HOME,Iowa Field House,Iowa Field House,Iowa City,IA,,,REGULAR_SEASON,,"Iowa 2025-26 media guide, Year-by-Year Scores","1/30		 South Dakota W, 35-30",resolved,,,,,
605,IOWARAW-00606,iowa,2025-26_media_guide_year_by_year,1938-1939,1939,1939-02-04,Northwestern,Northwestern,northwestern,Yes,25,27,L,0,,,at,OPPONENT_HOME,,,,,,,REGULAR_SEASON,,"Iowa 2025-26 media guide, Year-by-Year Scores","2/4		 at Northwestern L, 25-27",resolved,,,,,
606,IOWARAW-00607,iowa,2025-26_media_guide_year_by_year,1938-1939,1939,1939-02-06,Illinois,Illinois,illinois,Yes,26,34,L,0,,,at,OPPONENT_HOME,,,,,,,REGULAR_SEASON,,"Iowa 2025-26 media guide, Year-by-Year Scores","2/6		 at Illinois L, 26-34",resolved,,,,,
607,IOWARAW-00608,iowa,2025-26_media_guide_year_by_year,1938-1939,1939,1939-02-11,Indiana,Indiana,indiana,Yes,39,50,L,0,,,H,SOURCE_PROGRAM_HOME,Iowa Field House,Iowa Field House,Iowa City,IA,,,REGULAR_SEASON,,"Iowa 2025-26 media guide, Year-by-Year Scores","2/11		 Indiana L, 39-50",resolved,,,,,
608,IOWARAW-00609,iowa,2025-26_media_guide_year_by_year,1938-1939,1939,1939-02-18,Ohio State,Ohio State,ohio-state,Yes,40,53,L,0,,,at,OPPONENT_HOME,,,,,,,REGULAR_SEASON,,"Iowa 2025-26 media guide, Year-by-Year Scores","2/18		 at Ohio State L, 40-53",resolved,,,,,
609,IOWARAW-00610,iowa,2025-26_media_guide_year_by_year,1938-1939,1939,1939-02-20,Indiana,Indiana,indiana,Yes,40,45,L,0,,,at,OPPONENT_HOME,,,,,,,REGULAR_SEASON,,"Iowa 2025-26 media guide, Year-by-Year Scores","2/20		 at Indiana L, 40-45",resolved,,,,,
610,IOWARAW-00611,iowa,2025-26_media_guide_year_by_year,1938-1939,1939,1939-02-27,Northwestern,Northwestern,northwestern,Yes,41,26,W,0,,,H,SOURCE_PROGRAM_HOME,Iowa Field House,Iowa Field House,Iowa City,IA,,,REGULAR_SEASON,,"Iowa 2025-26 media guide, Year-by-Year Scores","2/27		 Northwestern W, 41-26",resolved,,,,,
611,IOWARAW-00612,iowa,2025-26_media_guide_year_by_year,1938-1939,1939,1939-03-06,Minnesota,Minnesota,minnesota,Yes,43,54,L,0,,,H,SOURCE_PROGRAM_HOME,Iowa Field House,Iowa Field House,Iowa City,IA,,,REGULAR_SEASON,,"Iowa 2025-26 media guide, Year-by-Year Scores","3/6		 Minnesota L, 43-54",resolved,,,,,
612,IOWARAW-00613,iowa,2025-26_media_guide_year_by_year,1939-1940,1940,1939-12-02,Carleton,Carleton,carleton,No,24,21,W,0,,,at,OPPONENT_HOME,,,,,,,REGULAR_SEASON,,"Iowa 2025-26 media guide, Year-by-Year Scores","12/2		 at Carleton W, 24-21",resolved,,,,,
613,IOWARAW-00614,iowa,2025-26_media_guide_year_by_year,1939-1940,1940,1939-12-08,Millikin,Millikin,millikin,No,43,26,W,0,,,H,SOURCE_PROGRAM_HOME,Iowa Field House,Iowa Field House,Iowa City,IA,,,REGULAR_SEASON,,"Iowa 2025-26 media guide, Year-by-Year Scores","12/8		 Millikin W, 43-26",resolved,,,,,
614,IOWARAW-00615,iowa,2025-26_media_guide_year_by_year,1939-1940,1940,1939-12-11,Denver,Denver,denver,Yes,44,32,W,0,,,H,SOURCE_PROGRAM_HOME,Iowa Field House,Iowa Field House,Iowa City,IA,,,REGULAR_SEASON,,"Iowa 2025-26 media guide, Year-by-Year Scores","12/11		 Denver W, 44-32",resolved,,,,,
615,IOWARAW-00616,iowa,2025-26_media_guide_year_by_year,1939-1940,1940,1939-12-16,Wayne,Wayne,wayne,No,30,34,L,0,,,H,SOURCE_PROGRAM_HOME,Iowa Field House,Iowa Field House,Iowa City,IA,,,REGULAR_SEASON,,"Iowa 2025-26 media guide, Year-by-Year Scores","12/16		 atWayne L, 30-34",resolved,,,,,
616,IOWARAW-00617,iowa,2025-26_media_guide_year_by_year,1939-1940,1940,1939-12-18,Butler,Butler,butler,Yes,25,32,L,0,,,at,OPPONENT_HOME,,,,,,,REGULAR_SEASON,,"Iowa 2025-26 media guide, Year-by-Year Scores","12/18		 at Butler L, 25-32",resolved,,,,,
617,IOWARAW-00618,iowa,2025-26_media_guide_year_by_year,1939-1940,1940,1939-12-30,Marquette,Marquette,marquette,Yes,43,49,L,1,,,at,OPPONENT_HOME,,,,,,,REGULAR_SEASON,,"Iowa 2025-26 media guide, Year-by-Year Scores","12/30		 at Marquette# L, 43-49",resolved,,,,,
618,IOWARAW-00619,iowa,2025-26_media_guide_year_by_year,1939-1940,1940,1940-01-01,Toledo,Toledo,toledo,Yes,30,54,L,0,,,H,SOURCE_PROGRAM_HOME,Iowa Field House,Iowa Field House,Iowa City,IA,,,REGULAR_SEASON,,"Iowa 2025-26 media guide, Year-by-Year Scores","1/1		 atToledo L, 30-54",resolved,,,,,
619,IOWARAW-00620,iowa,2025-26_media_guide_year_by_year,1939-1940,1940,1940-01-06,Minnesota,Minnesota,minnesota,Yes,34,42,L,0,,,H,SOURCE_PROGRAM_HOME,Iowa Field House,Iowa Field House,Iowa City,IA,,,REGULAR_SEASON,,"Iowa 2025-26 media guide, Year-by-Year Scores","1/6		 Minnesota L, 34-42",resolved,,,,,
620,IOWARAW-00621,iowa,2025-26_media_guide_year_by_year,1939-1940,1940,1940-01-08,Indiana,Indiana,indiana,Yes,30,45,L,0,,,at,OPPONENT_HOME,,,,,,,REGULAR_SEASON,,"Iowa 2025-26 media guide, Year-by-Year Scores","1/8		 at Indiana L, 30-45",resolved,,,,,
621,IOWARAW-00622,iowa,2025-26_media_guide_year_by_year,1939-1940,1940,1940-01-13,Michigan,Michigan,michigan,Yes,38,47,L,0,,,at,OPPONENT_HOME,,,,,,,REGULAR_SEASON,,"Iowa 2025-26 media guide, Year-by-Year Scores","1/13		 at Michigan L, 38-47",resolved,,,,,
622,IOWARAW-00623,iowa,2025-26_media_guide_year_by_year,1939-1940,1940,1940-01-15,Chicago,Chicago,chicago,No,41,27,W,0,,,at,OPPONENT_HOME,,,,,,,REGULAR_SEASON,,"Iowa 2025-26 media guide, Year-by-Year Scores","1/15		 at Chicago W, 41-27",resolved,,,,,
623,IOWARAW-00624,iowa,2025-26_media_guide_year_by_year,1939-1940,1940,1940-01-29,South Dakota State,South Dakota State,south-dakota-state,Yes,24,23,W,0,,,H,SOURCE_PROGRAM_HOME,Iowa Field House,Iowa Field House,Iowa City,IA,,,REGULAR_SEASON,,"Iowa 2025-26 media guide, Year-by-Year Scores","1/29		 South Dakota State W, 24-23",resolved,,,,,
624,IOWARAW-00625,iowa,2025-26_media_guide_year_by_year,1939-1940,1940,1940-02-05,DePauw,DePauw,depauw,No,35,25,W,0,,,H,SOURCE_PROGRAM_HOME,Iowa Field House,Iowa Field House,Iowa City,IA,,,REGULAR_SEASON,,"Iowa 2025-26 media guide, Year-by-Year Scores","2/5		 DePauw W, 35-25",resolved,,,,,
625,IOWARAW-00626,iowa,2025-26_media_guide_year_by_year,1939-1940,1940,1940-02-10,Wisconsin,Wisconsin,wisconsin,Yes,37,35,W,0,,,H,SOURCE_PROGRAM_HOME,Iowa Field House,Iowa Field House,Iowa City,IA,,,REGULAR_SEASON,,"Iowa 2025-26 media guide, Year-by-Year Scores","2/10		 Wisconsin W, 37-35",resolved,,,,,
626,IOWARAW-00627,iowa,2025-26_media_guide_year_by_year,1939-1940,1940,1940-02-12,Ohio State,Ohio State,ohio-state,Yes,43,33,W,0,,,H,SOURCE_PROGRAM_HOME,Iowa Field House,Iowa Field House,Iowa City,IA,,,REGULAR_SEASON,,"Iowa 2025-26 media guide, Year-by-Year Scores","2/12		 Ohio State W, 43-33",resolved,,,,,
627,IOWARAW-00628,iowa,2025-26_media_guide_year_by_year,1939-1940,1940,1940-02-17,Minnesota,Minnesota,minnesota,Yes,29,34,L,0,,,at,OPPONENT_HOME,,,,,,,REGULAR_SEASON,,"Iowa 2025-26 media guide, Year-by-Year Scores","2/17		 at Minnesota L, 29-34",resolved,,,,,
628,IOWARAW-00629,iowa,2025-26_media_guide_year_by_year,1939-1940,1940,1940-02-19,Indiana,Indiana,indiana,Yes,42,46,L,0,,,H,SOURCE_PROGRAM_HOME,Iowa Field House,Iowa Field House,Iowa City,IA,,,REGULAR_SEASON,,"Iowa 2025-26 media guide, Year-by-Year Scores","2/19		 Indiana L, 42-46",resolved,,,,,
629,IOWARAW-00630,iowa,2025-26_media_guide_year_by_year,1939-1940,1940,1940-02-24,Northwestern,Northwestern,northwestern,Yes,29,39,L,0,,,at,OPPONENT_HOME,,,,,,,REGULAR_SEASON,,"Iowa 2025-26 media guide, Year-by-Year Scores","2/24		 at Northwestern L, 29-39",resolved,,,,,
630,IOWARAW-00631,iowa,2025-26_media_guide_year_by_year,1939-1940,1940,1940-02-26,Purdue,Purdue,purdue,Yes,29,50,L,0,,,at,OPPONENT_HOME,,,,,,,REGULAR_SEASON,,"Iowa 2025-26 media guide, Year-by-Year Scores","2/26		 at Purdue L, 29-50",resolved,,,,,
631,IOWARAW-00632,iowa,2025-26_media_guide_year_by_year,1939-1940,1940,1940-03-02,Illinois,Illinois,illinois,Yes,62,47,W,0,,,H,SOURCE_PROGRAM_HOME,Iowa Field House,Iowa Field House,Iowa City,IA,,,REGULAR_SEASON,,"Iowa 2025-26 media guide, Year-by-Year Scores","3/2		 Illinois W, 62-47",resolved,,,,,
632,IOWARAW-00633,iowa,2025-26_media_guide_year_by_year,1939-1940,1940,1940-03-04,Northwestern,Northwestern,northwestern,Yes,34,43,L,0,,,H,SOURCE_PROGRAM_HOME,Iowa Field House,Iowa Field House,Iowa City,IA,,,REGULAR_SEASON,,"Iowa 2025-26 media guide, Year-by-Year Scores","3/4		 Northwestern L, 34-43",resolved,,,,,
633,IOWARAW-00634,iowa,2025-26_media_guide_year_by_year,1940-1941,1941,1940-12-07,Monmouth,Monmouth College (IL),monmouth-college-il,No,75,35,W,0,,,H,SOURCE_PROGRAM_HOME,Iowa Field House,Iowa Field House,Iowa City,IA,,,REGULAR_SEASON,,"Iowa 2025-26 media guide, Year-by-Year Scores","12/7		 Monmouth W, 75-35",resolved,,,,,
634,IOWARAW-00635,iowa,2025-26_media_guide_year_by_year,1940-1941,1941,1940-12-13,Wabash,Wabash,wabash,No,42,22,W,0,,,H,SOURCE_PROGRAM_HOME,Iowa Field House,Iowa Field House,Iowa City,IA,,,REGULAR_SEASON,,"Iowa 2025-26 media guide, Year-by-Year Scores","12/13		 Wabash W, 42-22",resolved,,,,,
635,IOWARAW-00636,iowa,2025-26_media_guide_year_by_year,1940-1941,1941,1940-12-16,Indiana State,Indiana State,indiana-state,Yes,39,37,W,0,,,H,SOURCE_PROGRAM_HOME,Iowa Field House,Iowa Field House,Iowa City,IA,,,REGULAR_SEASON,,"Iowa 2025-26 media guide, Year-by-Year Scores","12/16		 Indiana State W, 39-37",resolved,,,,,
636,IOWARAW-00637,iowa,2025-26_media_guide_year_by_year,1940-1941,1941,1940-12-21,Detroit,Detroit Mercy,detroit-mercy,Yes,37,35,W,0,,,at,OPPONENT_HOME,,,,,,,REGULAR_SEASON,,"Iowa 2025-26 media guide, Year-by-Year Scores","12/21		 at Detroit W, 37-35",resolved,,,,,
637,IOWARAW-00638,iowa,2025-26_media_guide_year_by_year,1940-1941,1941,1940-12-23,Michigan State,Michigan State,michigan-state,Yes,40,34,W,0,,,at,OPPONENT_HOME,,,,,,,REGULAR_SEASON,,"Iowa 2025-26 media guide, Year-by-Year Scores","12/23		 at Michigan State W, 40-34",resolved,,,,,
638,IOWARAW-00639,iowa,2025-26_media_guide_year_by_year,1940-1941,1941,1941-01-03,DePauw,DePauw,depauw,No,45,35,W,0,,,H,SOURCE_PROGRAM_HOME,Iowa Field House,Iowa Field House,Iowa City,IA,,,REGULAR_SEASON,,"Iowa 2025-26 media guide, Year-by-Year Scores","1/3		 DePauw W, 45-35",resolved,,,,,
639,IOWARAW-00640,iowa,2025-26_media_guide_year_by_year,1940-1941,1941,1941-01-06,North Dakota,North Dakota,north-dakota,Yes,43,23,W,0,,,at,OPPONENT_HOME,,,,,,,REGULAR_SEASON,,"Iowa 2025-26 media guide, Year-by-Year Scores","1/6		 at North Dakota W, 43-23",resolved,,,,,
640,IOWARAW-00641,iowa,2025-26_media_guide_year_by_year,1940-1941,1941,1941-01-11,Wisconsin,Wisconsin,wisconsin,Yes,35,49,L,0,,,H,SOURCE_PROGRAM_HOME,Iowa Field House,Iowa Field House,Iowa City,IA,,,REGULAR_SEASON,,"Iowa 2025-26 media guide, Year-by-Year Scores","1/11		 atWisconsin L, 35-49",resolved,,,,,
641,IOWARAW-00642,iowa,2025-26_media_guide_year_by_year,1940-1941,1941,1941-01-13,Minnesota,Minnesota,minnesota,Yes,41,34,W,0,,,at,OPPONENT_HOME,,,,,,,REGULAR_SEASON,,"Iowa 2025-26 media guide, Year-by-Year Scores","1/13		 at Minnesota W, 41-34",resolved,,,,,
642,IOWARAW-00643,iowa,2025-26_media_guide_year_by_year,1940-1941,1941,1941-01-20,Northwestern,Northwestern,northwestern,Yes,52,41,W,0,,,H,SOURCE_PROGRAM_HOME,Iowa Field House,Iowa Field House,Iowa City,IA,,,REGULAR_SEASON,,"Iowa 2025-26 media guide, Year-by-Year Scores","1/20		 Northwestern W, 52-41",resolved,,,,,
643,IOWARAW-00644,iowa,2025-26_media_guide_year_by_year,1940-1941,1941,1941-02-01,Millikin,Millikin,millikin,No,46,27,W,0,,,H,SOURCE_PROGRAM_HOME,Iowa Field House,Iowa Field House,Iowa City,IA,,,REGULAR_SEASON,,"Iowa 2025-26 media guide, Year-by-Year Scores","2/1		 Millikin W, 46-27",resolved,,,,,
644,IOWARAW-00645,iowa,2025-26_media_guide_year_by_year,1940-1941,1941,1941-02-03,Chicago,Chicago,chicago,No,58,36,W,0,,,H,SOURCE_PROGRAM_HOME,Iowa Field House,Iowa Field House,Iowa City,IA,,,REGULAR_SEASON,,"Iowa 2025-26 media guide, Year-by-Year Scores","2/3		 Chicago W, 58-36",resolved,,,,,
645,IOWARAW-00646,iowa,2025-26_media_guide_year_by_year,1940-1941,1941,1941-02-08,Ohio State,Ohio State,ohio-state,Yes,44,49,L,0,,,at,OPPONENT_HOME,,,,,,,REGULAR_SEASON,,"Iowa 2025-26 media guide, Year-by-Year Scores","2/8		 at Ohio State L, 44-49",resolved,,,,,
646,IOWARAW-00647,iowa,2025-26_media_guide_year_by_year,1940-1941,1941,1941-02-10,Indiana,Indiana,indiana,Yes,40,50,L,0,,,at,OPPONENT_HOME,,,,,,,REGULAR_SEASON,,"Iowa 2025-26 media guide, Year-by-Year Scores","2/10		 at Indiana L, 40-50",resolved,,,,,
647,IOWARAW-00648,iowa,2025-26_media_guide_year_by_year,1940-1941,1941,1941-02-15,Michigan,Michigan,michigan,Yes,29,40,L,0,,,H,SOURCE_PROGRAM_HOME,Iowa Field House,Iowa Field House,Iowa City,IA,,,REGULAR_SEASON,,"Iowa 2025-26 media guide, Year-by-Year Scores","2/15		 Michigan L, 29-40",resolved,,,,,
648,IOWARAW-00649,iowa,2025-26_media_guide_year_by_year,1940-1941,1941,1941-02-17,Illinois,Illinois,illinois,Yes,53,56,L,0,,,at,OPPONENT_HOME,,,,,,,REGULAR_SEASON,,"Iowa 2025-26 media guide, Year-by-Year Scores","2/17		 at Illinois L, 53-56",resolved,,,,,
649,IOWARAW-00650,iowa,2025-26_media_guide_year_by_year,1940-1941,1941,1941-02-22,Indiana,Indiana,indiana,Yes,36,47,L,0,,,H,SOURCE_PROGRAM_HOME,Iowa Field House,Iowa Field House,Iowa City,IA,,,REGULAR_SEASON,,"Iowa 2025-26 media guide, Year-by-Year Scores","2/22		 Indiana L, 36-47",resolved,,,,,
650,IOWARAW-00651,iowa,2025-26_media_guide_year_by_year,1940-1941,1941,1941-02-24,Purdue,Purdue,purdue,Yes,49,52,L,2,,,H,SOURCE_PROGRAM_HOME,Iowa Field House,Iowa Field House,Iowa City,IA,,,REGULAR_SEASON,,"Iowa 2025-26 media guide, Year-by-Year Scores","2/24		 Purdue## L, 49-52",resolved,,,,,
651,IOWARAW-00652,iowa,2025-26_media_guide_year_by_year,1940-1941,1941,1941-03-01,Northwestern,Northwestern,northwestern,Yes,36,45,L,0,,,at,OPPONENT_HOME,,,,,,,REGULAR_SEASON,,"Iowa 2025-26 media guide, Year-by-Year Scores","3/1		 at Northwestern L, 36-45",resolved,,,,,
652,IOWARAW-00653,iowa,2025-26_media_guide_year_by_year,1940-1941,1941,1941-03-03,Minnesota,Minnesota,minnesota,Yes,46,39,W,0,,,H,SOURCE_PROGRAM_HOME,Iowa Field House,Iowa Field House,Iowa City,IA,,,REGULAR_SEASON,,"Iowa 2025-26 media guide, Year-by-Year Scores","3/3		 Minnesota W, 46-39",resolved,,,,,
653,IOWARAW-00654,iowa,2025-26_media_guide_year_by_year,1941-1942,1942,1941-12-13,Washington (MO),Washington (MO),washington-mo,No,52,31,W,0,,,H,SOURCE_PROGRAM_HOME,Iowa Field House,Iowa Field House,Iowa City,IA,,,REGULAR_SEASON,,"Iowa 2025-26 media guide, Year-by-Year Scores","12/13		 Washington (MO) W, 52-31",resolved,,,,,
654,IOWARAW-00655,iowa,2025-26_media_guide_year_by_year,1941-1942,1942,1941-12-20,Butler,Butler,butler,Yes,35,41,L,0,,,at,OPPONENT_HOME,,,,,,,REGULAR_SEASON,,"Iowa 2025-26 media guide, Year-by-Year Scores","12/20		 at Butler L, 35-41",resolved,,,,,
655,IOWARAW-00656,iowa,2025-26_media_guide_year_by_year,1941-1942,1942,1941-12-22,Western Michigan,Western Michigan,western-michigan,Yes,49,48,W,0,,,H,SOURCE_PROGRAM_HOME,Iowa Field House,Iowa Field House,Iowa City,IA,,,REGULAR_SEASON,,"Iowa 2025-26 media guide, Year-by-Year Scores","12/22		 atWestern Michigan W, 49-48",resolved,,,,,
656,IOWARAW-00657,iowa,2025-26_media_guide_year_by_year,1941-1942,1942,1941-12-30,Nebraska,Nebraska,nebraska,Yes,34,41,L,0,,,H,SOURCE_PROGRAM_HOME,Iowa Field House,Iowa Field House,Iowa City,IA,,,REGULAR_SEASON,,"Iowa 2025-26 media guide, Year-by-Year Scores","12/30		 Nebraska L, 34-41",resolved,,,,,
657,IOWARAW-00658,iowa,2025-26_media_guide_year_by_year,1941-1942,1942,1942-01-03,Michigan,Michigan,michigan,Yes,40,34,W,0,,,at,OPPONENT_HOME,,,,,,,REGULAR_SEASON,,"Iowa 2025-26 media guide, Year-by-Year Scores","1/3		 at Michigan W, 40-34",resolved,,,,,
658,IOWARAW-00659,iowa,2025-26_media_guide_year_by_year,1941-1942,1942,1942-01-05,Chicago,Chicago,chicago,No,53,39,W,0,,,at,OPPONENT_HOME,,,,,,,REGULAR_SEASON,,"Iowa 2025-26 media guide, Year-by-Year Scores","1/5		 at Chicago W, 53-39",resolved,,,,,
659,IOWARAW-00660,iowa,2025-26_media_guide_year_by_year,1941-1942,1942,1942-01-10,Wisconsin,Wisconsin,wisconsin,Yes,49,45,W,0,,,H,SOURCE_PROGRAM_HOME,Iowa Field House,Iowa Field House,Iowa City,IA,,,REGULAR_SEASON,,"Iowa 2025-26 media guide, Year-by-Year Scores","1/10		 Wisconsin W, 49-45",resolved,,,,,
660,IOWARAW-00661,iowa,2025-26_media_guide_year_by_year,1941-1942,1942,1942-01-12,Minnesota,Minnesota,minnesota,Yes,39,41,L,0,,,H,SOURCE_PROGRAM_HOME,Iowa Field House,Iowa Field House,Iowa City,IA,,,REGULAR_SEASON,,"Iowa 2025-26 media guide, Year-by-Year Scores","1/12		 Minnesota L, 39-41",resolved,,,,,
661,IOWARAW-00662,iowa,2025-26_media_guide_year_by_year,1941-1942,1942,1942-01-17,Ohio State,Ohio State,ohio-state,Yes,52,54,L,0,,,at,OPPONENT_HOME,,,,,,,REGULAR_SEASON,,"Iowa 2025-26 media guide, Year-by-Year Scores","1/17		 at Ohio State L, 52-54",resolved,,,,,
662,IOWARAW-00663,iowa,2025-26_media_guide_year_by_year,1941-1942,1942,1942-01-19,Illinois,Illinois,illinois,Yes,35,42,L,0,,,at,OPPONENT_HOME,,,,,,,REGULAR_SEASON,,"Iowa 2025-26 media guide, Year-by-Year Scores","1/19		 at Illinois L, 35-42",resolved,,,,,
663,IOWARAW-00664,iowa,2025-26_media_guide_year_by_year,1941-1942,1942,1942-01-29,Kansas,Kansas,kansas,Yes,51,53,L,0,,,H,SOURCE_PROGRAM_HOME,Iowa Field House,Iowa Field House,Iowa City,IA,,,REGULAR_SEASON,,"Iowa 2025-26 media guide, Year-by-Year Scores","1/29		 Kansas L, 51-53",resolved,,,,,
664,IOWARAW-00665,iowa,2025-26_media_guide_year_by_year,1941-1942,1942,1942-02-02,Chicago,Chicago,chicago,No,64,40,W,0,,,H,SOURCE_PROGRAM_HOME,Iowa Field House,Iowa Field House,Iowa City,IA,,,REGULAR_SEASON,,"Iowa 2025-26 media guide, Year-by-Year Scores","2/2		 Chicago W, 64-40",resolved,,,,,
665,IOWARAW-00666,iowa,2025-26_media_guide_year_by_year,1941-1942,1942,1942-02-07,Purdue,Purdue,purdue,Yes,44,45,L,0,,,at,OPPONENT_HOME,,,,,,,REGULAR_SEASON,,"Iowa 2025-26 media guide, Year-by-Year Scores","2/7		 at Purdue L, 44-45",resolved,,,,,
666,IOWARAW-00667,iowa,2025-26_media_guide_year_by_year,1941-1942,1942,1942-02-09,Ohio State,Ohio State,ohio-state,Yes,52,44,W,0,,,H,SOURCE_PROGRAM_HOME,Iowa Field House,Iowa Field House,Iowa City,IA,,,REGULAR_SEASON,,"Iowa 2025-26 media guide, Year-by-Year Scores","2/9		 Ohio State W, 52-44",resolved,,,,,
667,IOWARAW-00668,iowa,2025-26_media_guide_year_by_year,1941-1942,1942,1942-02-14,Northwestern,Northwestern,northwestern,Yes,46,44,W,0,,,at,OPPONENT_HOME,,,,,,,REGULAR_SEASON,,"Iowa 2025-26 media guide, Year-by-Year Scores","2/14		 at Northwestern W, 46-44",resolved,,,,,
668,IOWARAW-00669,iowa,2025-26_media_guide_year_by_year,1941-1942,1942,1942-02-21,Michigan,Michigan,michigan,Yes,59,38,W,0,,,H,SOURCE_PROGRAM_HOME,Iowa Field House,Iowa Field House,Iowa City,IA,,,REGULAR_SEASON,,"Iowa 2025-26 media guide, Year-by-Year Scores","2/21		 Michigan W, 59-38",resolved,,,,,
669,IOWARAW-00670,iowa,2025-26_media_guide_year_by_year,1941-1942,1942,1942-02-23,Indiana,Indiana,indiana,Yes,55,52,W,0,,,H,SOURCE_PROGRAM_HOME,Iowa Field House,Iowa Field House,Iowa City,IA,,,REGULAR_SEASON,,"Iowa 2025-26 media guide, Year-by-Year Scores","2/23		 Indiana W, 55-52",resolved,,,,,
670,IOWARAW-00671,iowa,2025-26_media_guide_year_by_year,1941-1942,1942,1942-02-28,Purdue,Purdue,purdue,Yes,42,36,W,0,,,H,SOURCE_PROGRAM_HOME,Iowa Field House,Iowa Field House,Iowa City,IA,,,REGULAR_SEASON,,"Iowa 2025-26 media guide, Year-by-Year Scores","2/28		 Purdue W, 42-36",resolved,,,,,
671,IOWARAW-00672,iowa,2025-26_media_guide_year_by_year,1941-1942,1942,1942-03-02,Illinois,Illinois,illinois,Yes,46,32,W,0,,,H,SOURCE_PROGRAM_HOME,Iowa Field House,Iowa Field House,Iowa City,IA,,,REGULAR_SEASON,,"Iowa 2025-26 media guide, Year-by-Year Scores","3/2		 Illinois W, 46-32",resolved,,,,,
672,IOWARAW-00673,iowa,2025-26_media_guide_year_by_year,1941-1942,1942,1942-03-07,Wisconsin,Wisconsin,wisconsin,Yes,45,62,L,0,,,H,SOURCE_PROGRAM_HOME,Iowa Field House,Iowa Field House,Iowa City,IA,,,REGULAR_SEASON,,"Iowa 2025-26 media guide, Year-by-Year Scores","3/7		 atWisconsin L, 45-62",resolved,,,,,
673,IOWARAW-00674,iowa,2025-26_media_guide_year_by_year,1942-1943,1943,1942-12-10,South Dakota State,South Dakota State,south-dakota-state,Yes,52,46,W,0,,,H,SOURCE_PROGRAM_HOME,Iowa Field House,Iowa Field House,Iowa City,IA,,,REGULAR_SEASON,,"Iowa 2025-26 media guide, Year-by-Year Scores","12/10		 South Dakota State W, 52-46",resolved,,,,,
674,IOWARAW-00675,iowa,2025-26_media_guide_year_by_year,1942-1943,1943,1942-12-14,Carleton,Carleton,carleton,No,46,43,W,0,,,H,SOURCE_PROGRAM_HOME,Iowa Field House,Iowa Field House,Iowa City,IA,,,REGULAR_SEASON,,"Iowa 2025-26 media guide, Year-by-Year Scores","12/14		 Carleton W, 46-43",resolved,,,,,
675,IOWARAW-00676,iowa,2025-26_media_guide_year_by_year,1942-1943,1943,1942-12-19,Nebraska,Nebraska,nebraska,Yes,43,52,L,0,,,at,OPPONENT_HOME,,,,,,,REGULAR_SEASON,,"Iowa 2025-26 media guide, Year-by-Year Scores","12/19		 at Nebraska L, 43-52",resolved,,,,,
676,IOWARAW-00677,iowa,2025-26_media_guide_year_by_year,1942-1943,1943,1943-01-02,Ripon,Ripon,ripon,No,69,38,W,0,,,H,SOURCE_PROGRAM_HOME,Iowa Field House,Iowa Field House,Iowa City,IA,,,REGULAR_SEASON,,"Iowa 2025-26 media guide, Year-by-Year Scores","1/2		 Ripon W, 69-38",resolved,,,,,
677,IOWARAW-00678,iowa,2025-26_media_guide_year_by_year,1942-1943,1943,1943-01-09,Minnesota,Minnesota,minnesota,Yes,45,46,L,0,,,H,SOURCE_PROGRAM_HOME,Iowa Field House,Iowa Field House,Iowa City,IA,,,REGULAR_SEASON,,"Iowa 2025-26 media guide, Year-by-Year Scores","1/9		 Minnesota L, 45-46",resolved,,,,,
678,IOWARAW-00679,iowa,2025-26_media_guide_year_by_year,1942-1943,1943,1943-01-11,Minnesota,Minnesota,minnesota,Yes,48,41,W,0,,,H,SOURCE_PROGRAM_HOME,Iowa Field House,Iowa Field House,Iowa City,IA,,,REGULAR_SEASON,,"Iowa 2025-26 media guide, Year-by-Year Scores","1/11		 Minnesota W, 48-41",resolved,,,,,
679,IOWARAW-00680,iowa,2025-26_media_guide_year_by_year,1942-1943,1943,1943-01-16,Illinois,Illinois,illinois,Yes,41,61,L,0,,,at,OPPONENT_HOME,,,,,,,REGULAR_SEASON,,"Iowa 2025-26 media guide, Year-by-Year Scores","1/16		 at Illinois L, 41-61",resolved,,,,,
680,IOWARAW-00681,iowa,2025-26_media_guide_year_by_year,1942-1943,1943,1943-01-18,Illinois,Illinois,illinois,Yes,34,66,L,0,,,at,OPPONENT_HOME,,,,,,,REGULAR_SEASON,,"Iowa 2025-26 media guide, Year-by-Year Scores","1/18		 at Illinois L, 34-66",resolved,,,,,
681,IOWARAW-00682,iowa,2025-26_media_guide_year_by_year,1942-1943,1943,1943-01-23,Indiana,Indiana,indiana,Yes,55,71,L,0,,,H,SOURCE_PROGRAM_HOME,Iowa Field House,Iowa Field House,Iowa City,IA,,,REGULAR_SEASON,,"Iowa 2025-26 media guide, Year-by-Year Scores","1/23		 Indiana L, 55-71",resolved,,,,,
682,IOWARAW-00683,iowa,2025-26_media_guide_year_by_year,1942-1943,1943,1943-01-25,Indiana,Indiana,indiana,Yes,43,64,L,0,,,H,SOURCE_PROGRAM_HOME,Iowa Field House,Iowa Field House,Iowa City,IA,,,REGULAR_SEASON,,"Iowa 2025-26 media guide, Year-by-Year Scores","1/25		 Indiana L, 43-64",resolved,,,,,
683,IOWARAW-00684,iowa,2025-26_media_guide_year_by_year,1942-1943,1943,1943-02-06,Knox,Knox,knox,No,62,45,W,0,,,H,SOURCE_PROGRAM_HOME,Iowa Field House,Iowa Field House,Iowa City,IA,,,REGULAR_SEASON,,"Iowa 2025-26 media guide, Year-by-Year Scores","2/6		 Knox W, 62-45",resolved,,,,,
684,IOWARAW-00685,iowa,2025-26_media_guide_year_by_year,1942-1943,1943,1943-02-13,Northwestern,Northwestern,northwestern,Yes,33,52,L,0,,,at,OPPONENT_HOME,,,,,,,REGULAR_SEASON,,"Iowa 2025-26 media guide, Year-by-Year Scores","2/13		 at Northwestern L, 33-52",resolved,,,,,
685,IOWARAW-00686,iowa,2025-26_media_guide_year_by_year,1942-1943,1943,1943-02-15,Northwestern,Northwestern,northwestern,Yes,50,52,L,0,,,at,OPPONENT_HOME,,,,,,,REGULAR_SEASON,,"Iowa 2025-26 media guide, Year-by-Year Scores","2/15		 at Northwestern L, 50-52",resolved,,,,,
686,IOWARAW-00687,iowa,2025-26_media_guide_year_by_year,1942-1943,1943,1943-02-20,Purdue,Purdue,purdue,Yes,35,49,L,0,,,at,OPPONENT_HOME,,,,,,,REGULAR_SEASON,,"Iowa 2025-26 media guide, Year-by-Year Scores","2/20		 at Purdue L, 35-49",resolved,,,,,
687,IOWARAW-00688,iowa,2025-26_media_guide_year_by_year,1942-1943,1943,1943-02-22,Chicago,Chicago,chicago,No,62,34,W,0,,,at,OPPONENT_HOME,,,,,,,REGULAR_SEASON,,"Iowa 2025-26 media guide, Year-by-Year Scores","2/22		 at Chicago W, 62-34",resolved,,,,,
688,IOWARAW-00689,iowa,2025-26_media_guide_year_by_year,1942-1943,1943,1943-02-27,Ohio State,Ohio State,ohio-state,Yes,43,41,W,0,,,H,SOURCE_PROGRAM_HOME,Iowa Field House,Iowa Field House,Iowa City,IA,,,REGULAR_SEASON,,"Iowa 2025-26 media guide, Year-by-Year Scores","2/27		 Ohio State W, 43-41",resolved,,,,,
689,IOWARAW-00690,iowa,2025-26_media_guide_year_by_year,1942-1943,1943,1943-03-01,Ohio State,Ohio State,ohio-state,Yes,46,53,L,0,,,H,SOURCE_PROGRAM_HOME,Iowa Field House,Iowa Field House,Iowa City,IA,,,REGULAR_SEASON,,"Iowa 2025-26 media guide, Year-by-Year Scores","3/1		 Ohio State L, 46-53",resolved,,,,,
690,IOWARAW-00691,iowa,2025-26_media_guide_year_by_year,1943-1944,1944,1943-12-10,Nebraska,Nebraska,nebraska,Yes,50,33,W,0,,,H,SOURCE_PROGRAM_HOME,Iowa Field House,Iowa Field House,Iowa City,IA,,,REGULAR_SEASON,,"Iowa 2025-26 media guide, Year-by-Year Scores","12/10		 Nebraska W, 50-33",resolved,,,,,
691,IOWARAW-00692,iowa,2025-26_media_guide_year_by_year,1943-1944,1944,1943-12-15,Western Illinois,Western Illinois,western-illinois,Yes,82,34,W,0,,,H,SOURCE_PROGRAM_HOME,Iowa Field House,Iowa Field House,Iowa City,IA,,,REGULAR_SEASON,,"Iowa 2025-26 media guide, Year-by-Year Scores","12/15		 Western Illinois W, 82-34",resolved,,,,,
692,IOWARAW-00693,iowa,2025-26_media_guide_year_by_year,1943-1944,1944,1943-12-18,Monmouth,Monmouth College (IL),monmouth-college-il,No,54,29,W,0,,,H,SOURCE_PROGRAM_HOME,Iowa Field House,Iowa Field House,Iowa City,IA,,,REGULAR_SEASON,,"Iowa 2025-26 media guide, Year-by-Year Scores","12/18		 Monmouth W, 54-29",resolved,,,,,
693,IOWARAW-00694,iowa,2025-26_media_guide_year_by_year,1943-1944,1944,1944-01-01,Denver,Denver,denver,Yes,63,20,W,0,,,H,SOURCE_PROGRAM_HOME,Iowa Field House,Iowa Field House,Iowa City,IA,,,REGULAR_SEASON,,"Iowa 2025-26 media guide, Year-by-Year Scores","1/1		 Denver W, 63-20",resolved,,,,,
694,IOWARAW-00695,iowa,2025-26_media_guide_year_by_year,1943-1944,1944,1944-01-07,Minnesota,Minnesota,minnesota,Yes,37,34,W,0,,,at,OPPONENT_HOME,,,,,,,REGULAR_SEASON,,"Iowa 2025-26 media guide, Year-by-Year Scores","1/7		 at Minnesota W, 37-34",resolved,,,,,
695,IOWARAW-00696,iowa,2025-26_media_guide_year_by_year,1943-1944,1944,1944-01-08,Minnesota,Minnesota,minnesota,Yes,37,29,W,0,,,at,OPPONENT_HOME,,,,,,,REGULAR_SEASON,,"Iowa 2025-26 media guide, Year-by-Year Scores","1/8		 at Minnesota W, 37-29",resolved,,,,,
696,IOWARAW-00697,iowa,2025-26_media_guide_year_by_year,1943-1944,1944,1944-01-15,Augustana,Augustana (IL),augustana-il,No,56,30,W,0,,,H,SOURCE_PROGRAM_HOME,Iowa Field House,Iowa Field House,Iowa City,IA,,,REGULAR_SEASON,,"Iowa 2025-26 media guide, Year-by-Year Scores","1/15		 Augustana W, 56-30",resolved,,,,,
697,IOWARAW-00698,iowa,2025-26_media_guide_year_by_year,1943-1944,1944,1944-01-21,Illinois,Illinois,illinois,Yes,56,51,W,0,,,H,SOURCE_PROGRAM_HOME,Iowa Field House,Iowa Field House,Iowa City,IA,,,REGULAR_SEASON,,"Iowa 2025-26 media guide, Year-by-Year Scores","1/21		 Illinois W, 56-51",resolved,,,,,
698,IOWARAW-00699,iowa,2025-26_media_guide_year_by_year,1943-1944,1944,1944-01-22,Illinois,Illinois,illinois,Yes,53,44,W,0,,,H,SOURCE_PROGRAM_HOME,Iowa Field House,Iowa Field House,Iowa City,IA,,,REGULAR_SEASON,,"Iowa 2025-26 media guide, Year-by-Year Scores","1/22		 Illinois W, 53-44",resolved,,,,,
699,IOWARAW-00700,iowa,2025-26_media_guide_year_by_year,1943-1944,1944,1944-01-28,Indiana,Indiana,indiana,Yes,43,42,W,0,,,at,OPPONENT_HOME,,,,,,,REGULAR_SEASON,,"Iowa 2025-26 media guide, Year-by-Year Scores","1/28		 at Indiana W, 43-42",resolved,,,,,
700,IOWARAW-00701,iowa,2025-26_media_guide_year_by_year,1943-1944,1944,1944-01-29,Indiana,Indiana,indiana,Yes,52,40,W,0,,,at,OPPONENT_HOME,,,,,,,REGULAR_SEASON,,"Iowa 2025-26 media guide, Year-by-Year Scores","1/29		 at Indiana W, 52-40",resolved,,,,,
701,IOWARAW-00702,iowa,2025-26_media_guide_year_by_year,1943-1944,1944,1944-02-05,Chicago,Chicago,chicago,No,103,31,W,0,,,H,SOURCE_PROGRAM_HOME,Iowa Field House,Iowa Field House,Iowa City,IA,,,REGULAR_SEASON,,"Iowa 2025-26 media guide, Year-by-Year Scores","2/5		 Chicago W, 103-31",resolved,,,,,
702,IOWARAW-00703,iowa,2025-26_media_guide_year_by_year,1943-1944,1944,1944-02-11,Ohio State,Ohio State,ohio-state,Yes,49,63,L,0,,,at,OPPONENT_HOME,,,,,,,REGULAR_SEASON,,"Iowa 2025-26 media guide, Year-by-Year Scores","2/11		 at Ohio State L, 49-63",resolved,,,,,
703,IOWARAW-00704,iowa,2025-26_media_guide_year_by_year,1943-1944,1944,1944-02-12,Ohio State,Ohio State,ohio-state,Yes,42,56,L,0,,,at,OPPONENT_HOME,,,,,,,REGULAR_SEASON,,"Iowa 2025-26 media guide, Year-by-Year Scores","2/12		 at Ohio State L, 42-56",resolved,,,,,
704,IOWARAW-00705,iowa,2025-26_media_guide_year_by_year,1943-1944,1944,1944-02-18,Purdue,Purdue,purdue,Yes,46,43,W,0,,,H,SOURCE_PROGRAM_HOME,Iowa Field House,Iowa Field House,Iowa City,IA,,,REGULAR_SEASON,,"Iowa 2025-26 media guide, Year-by-Year Scores","2/18		 Purdue W, 46-43",resolved,,,,,
705,IOWARAW-00706,iowa,2025-26_media_guide_year_by_year,1943-1944,1944,1944-02-26,Notre Dame,Notre Dame,notre-dame,Yes,42,66,L,0,,,at,OPPONENT_HOME,,,,,,,REGULAR_SEASON,,"Iowa 2025-26 media guide, Year-by-Year Scores","2/26		 at Notre Dame L, 42-66",resolved,,,,,
706,IOWARAW-00707,iowa,2025-26_media_guide_year_by_year,1943-1944,1944,1944-03-03,Northwestern,Northwestern,northwestern,Yes,45,39,W,0,,,H,SOURCE_PROGRAM_HOME,Iowa Field House,Iowa Field House,Iowa City,IA,,,REGULAR_SEASON,,"Iowa 2025-26 media guide, Year-by-Year Scores","3/3		 Northwestern W, 45-39",resolved,,,,,
707,IOWARAW-00708,iowa,2025-26_media_guide_year_by_year,1943-1944,1944,1944-03-04,Northwestern,Northwestern,northwestern,Yes,41,42,L,0,,,H,SOURCE_PROGRAM_HOME,Iowa Field House,Iowa Field House,Iowa City,IA,,,REGULAR_SEASON,,"Iowa 2025-26 media guide, Year-by-Year Scores","3/4		 Northwestern L, 41-42",resolved,,,,,
708,IOWARAW-00709,iowa,2025-26_media_guide_year_by_year,1944-1945,1945,1944-12-09,Western Illinois,Western Illinois,western-illinois,Yes,101,23,W,0,,,H,SOURCE_PROGRAM_HOME,Iowa Field House,Iowa Field House,Iowa City,IA,,,REGULAR_SEASON,,"Iowa 2025-26 media guide, Year-by-Year Scores","12/9		 Western Illinois W, 101-23",resolved,,,,,
709,IOWARAW-00710,iowa,2025-26_media_guide_year_by_year,1944-1945,1945,1944-12-11,South Dakota State,South Dakota State,south-dakota-state,Yes,87,37,W,0,,,H,SOURCE_PROGRAM_HOME,Iowa Field House,Iowa Field House,Iowa City,IA,,,REGULAR_SEASON,,"Iowa 2025-26 media guide, Year-by-Year Scores","12/11		 South Dakota State W, 87-37",resolved,,,,,
710,IOWARAW-00711,iowa,2025-26_media_guide_year_by_year,1944-1945,1945,1944-12-16,Nebraska,Nebraska,nebraska,Yes,61,45,W,0,,,at,OPPONENT_HOME,,,,,,,REGULAR_SEASON,,"Iowa 2025-26 media guide, Year-by-Year Scores","12/16		 at Nebraska W, 61-45",resolved,,,,,
711,IOWARAW-00712,iowa,2025-26_media_guide_year_by_year,1944-1945,1945,1944-12-19,Denver,Denver,denver,Yes,60,41,W,0,,,H,SOURCE_PROGRAM_HOME,Iowa Field House,Iowa Field House,Iowa City,IA,,,REGULAR_SEASON,,"Iowa 2025-26 media guide, Year-by-Year Scores","12/19		 Denver W, 60-41",resolved,,,,,
712,IOWARAW-00713,iowa,2025-26_media_guide_year_by_year,1944-1945,1945,1944-12-23,Notre Dame,Notre Dame,notre-dame,Yes,63,46,W,0,,,H,SOURCE_PROGRAM_HOME,Iowa Field House,Iowa Field House,Iowa City,IA,,,REGULAR_SEASON,,"Iowa 2025-26 media guide, Year-by-Year Scores","12/23		 Notre Dame W, 63-46",resolved,,,,,
713,IOWARAW-00714,iowa,2025-26_media_guide_year_by_year,1944-1945,1945,1944-12-30,Michigan State,Michigan State,michigan-state,Yes,66,29,W,0,,,H,SOURCE_PROGRAM_HOME,Iowa Field House,Iowa Field House,Iowa City,IA,,,REGULAR_SEASON,,"Iowa 2025-26 media guide, Year-by-Year Scores","12/30		 Michigan State W, 66-29",resolved,,,,,
714,IOWARAW-00715,iowa,2025-26_media_guide_year_by_year,1944-1945,1945,1945-01-06,Minnesota,Minnesota,minnesota,Yes,41,34,W,0,,,H,SOURCE_PROGRAM_HOME,Iowa Field House,Iowa Field House,Iowa City,IA,,,REGULAR_SEASON,,"Iowa 2025-26 media guide, Year-by-Year Scores","1/6		 Minnesota W, 41-34",resolved,,,,,
715,IOWARAW-00716,iowa,2025-26_media_guide_year_by_year,1944-1945,1945,1945-01-13,Purdue,Purdue,purdue,Yes,61,34,W,0,,,H,SOURCE_PROGRAM_HOME,Iowa Field House,Iowa Field House,Iowa City,IA,,,REGULAR_SEASON,,"Iowa 2025-26 media guide, Year-by-Year Scores","1/13		 Purdue W, 61-34",resolved,,,,,
716,IOWARAW-00717,iowa,2025-26_media_guide_year_by_year,1944-1945,1945,1945-01-19,Michigan,Michigan,michigan,Yes,29,27,W,0,,,at,OPPONENT_HOME,,,,,,,REGULAR_SEASON,,"Iowa 2025-26 media guide, Year-by-Year Scores","1/19		 at Michigan W, 29-27",resolved,,,,,
717,IOWARAW-00718,iowa,2025-26_media_guide_year_by_year,1944-1945,1945,1945-01-22,Indiana,Indiana,indiana,Yes,56,51,W,0,,,H,SOURCE_PROGRAM_HOME,Iowa Field House,Iowa Field House,Iowa City,IA,,,REGULAR_SEASON,,"Iowa 2025-26 media guide, Year-by-Year Scores","1/22		 Indiana W, 56-51",resolved,,,,,
718,IOWARAW-00719,iowa,2025-26_media_guide_year_by_year,1944-1945,1945,1945-01-26,Illinois,Illinois,illinois,Yes,42,43,L,0,,,at,OPPONENT_HOME,,,,,,,REGULAR_SEASON,,"Iowa 2025-26 media guide, Year-by-Year Scores","1/26		 at Illinois L, 42-43",resolved,,,,,
719,IOWARAW-00720,iowa,2025-26_media_guide_year_by_year,1944-1945,1945,1945-02-03,Michigan,Michigan,michigan,Yes,50,37,W,0,,,H,SOURCE_PROGRAM_HOME,Iowa Field House,Iowa Field House,Iowa City,IA,,,REGULAR_SEASON,,"Iowa 2025-26 media guide, Year-by-Year Scores","2/3		 Michigan W, 50-37",resolved,,,,,
720,IOWARAW-00721,iowa,2025-26_media_guide_year_by_year,1944-1945,1945,1945-02-10,Indiana,Indiana,indiana,Yes,45,40,W,0,,,at,OPPONENT_HOME,,,,,,,REGULAR_SEASON,,"Iowa 2025-26 media guide, Year-by-Year Scores","2/10		 at Indiana W, 45-40",resolved,,,,,
721,IOWARAW-00722,iowa,2025-26_media_guide_year_by_year,1944-1945,1945,1945-02-12,Purdue,Purdue,purdue,Yes,48,43,W,0,,,at,OPPONENT_HOME,,,,,,,REGULAR_SEASON,,"Iowa 2025-26 media guide, Year-by-Year Scores","2/12		 at Purdue W, 48-43",resolved,,,,,
722,IOWARAW-00723,iowa,2025-26_media_guide_year_by_year,1944-1945,1945,1945-02-19,Wisconsin,Wisconsin,wisconsin,Yes,54,53,W,0,,,H,SOURCE_PROGRAM_HOME,Iowa Field House,Iowa Field House,Iowa City,IA,,,REGULAR_SEASON,,"Iowa 2025-26 media guide, Year-by-Year Scores","2/19		 Wisconsin W, 54-53",resolved,,,,,
723,IOWARAW-00724,iowa,2025-26_media_guide_year_by_year,1944-1945,1945,1945-02-24,Wisconsin,Wisconsin,wisconsin,Yes,68,38,W,0,,,H,SOURCE_PROGRAM_HOME,Iowa Field House,Iowa Field House,Iowa City,IA,,,REGULAR_SEASON,,"Iowa 2025-26 media guide, Year-by-Year Scores","2/24		 atWisconsin W, 68-38",resolved,,,,,
724,IOWARAW-00725,iowa,2025-26_media_guide_year_by_year,1944-1945,1945,1945-02-26,Minnesota,Minnesota,minnesota,Yes,55,48,W,0,,,at,OPPONENT_HOME,,,,,,,REGULAR_SEASON,,"Iowa 2025-26 media guide, Year-by-Year Scores","2/26		 at Minnesota W, 55-48",resolved,,,,,
725,IOWARAW-00726,iowa,2025-26_media_guide_year_by_year,1944-1945,1945,1945-03-03,Illinois,Illinois,illinois,Yes,43,37,W,0,,,H,SOURCE_PROGRAM_HOME,Iowa Field House,Iowa Field House,Iowa City,IA,,,REGULAR_SEASON,,"Iowa 2025-26 media guide, Year-by-Year Scores","3/3		 Illinois W, 43-37",resolved,,,,,
726,IOWARAW-00727,iowa,2025-26_media_guide_year_by_year,1945-1946,1946,1945-12-01,Augustana,Augustana (IL),augustana-il,No,87,25,W,0,,,H,SOURCE_PROGRAM_HOME,Iowa Field House,Iowa Field House,Iowa City,IA,,,REGULAR_SEASON,,"Iowa 2025-26 media guide, Year-by-Year Scores","12/1		 Augustana W, 87-25",resolved,,,,,
727,IOWARAW-00728,iowa,2025-26_media_guide_year_by_year,1945-1946,1946,1945-12-03,South Dakota,South Dakota,south-dakota,Yes,91,26,W,0,,,H,SOURCE_PROGRAM_HOME,Iowa Field House,Iowa Field House,Iowa City,IA,,,REGULAR_SEASON,,"Iowa 2025-26 media guide, Year-by-Year Scores","12/3		 South Dakota W, 91-26",resolved,,,,,
728,IOWARAW-00729,iowa,2025-26_media_guide_year_by_year,1945-1946,1946,1945-12-08,Denver,Denver,denver,Yes,67,40,W,0,,,H,SOURCE_PROGRAM_HOME,Iowa Field House,Iowa Field House,Iowa City,IA,,,REGULAR_SEASON,,"Iowa 2025-26 media guide, Year-by-Year Scores","12/8		 Denver W, 67-40",resolved,,,,,
729,IOWARAW-00730,iowa,2025-26_media_guide_year_by_year,1945-1946,1946,1945-12-11,South Dakota State,South Dakota State,south-dakota-state,Yes,71,33,W,0,,,H,SOURCE_PROGRAM_HOME,Iowa Field House,Iowa Field House,Iowa City,IA,,,REGULAR_SEASON,,"Iowa 2025-26 media guide, Year-by-Year Scores","12/11		 South Dakota State W, 71-33",resolved,,,,,
730,IOWARAW-00731,iowa,2025-26_media_guide_year_by_year,1945-1946,1946,1945-12-17,Nebraska,Nebraska,nebraska,Yes,61,35,W,0,,,H,SOURCE_PROGRAM_HOME,Iowa Field House,Iowa Field House,Iowa City,IA,,,REGULAR_SEASON,,"Iowa 2025-26 media guide, Year-by-Year Scores","12/17		 Nebraska W, 61-35",resolved,,,,,
731,IOWARAW-00732,iowa,2025-26_media_guide_year_by_year,1945-1946,1946,1945-12-22,Illinois,Illinois,illinois,Yes,41,39,W,0,,,H,SOURCE_PROGRAM_HOME,Iowa Field House,Iowa Field House,Iowa City,IA,,,REGULAR_SEASON,,"Iowa 2025-26 media guide, Year-by-Year Scores","12/22		 Illinois W, 41-39",resolved,,,,,
732,IOWARAW-00733,iowa,2025-26_media_guide_year_by_year,1945-1946,1946,1946-01-01,Saint Louis,Saint Louis,saint-louis,Yes,51,40,W,0,,,H,SOURCE_PROGRAM_HOME,Iowa Field House,Iowa Field House,Iowa City,IA,,,REGULAR_SEASON,,"Iowa 2025-26 media guide, Year-by-Year Scores","1/1		 Saint Louis W, 51-40",resolved,,,,,
733,IOWARAW-00734,iowa,2025-26_media_guide_year_by_year,1945-1946,1946,1946-01-07,Wisconsin,Wisconsin,wisconsin,Yes,57,50,W,0,,,H,SOURCE_PROGRAM_HOME,Iowa Field House,Iowa Field House,Iowa City,IA,,,REGULAR_SEASON,,"Iowa 2025-26 media guide, Year-by-Year Scores","1/7		 Wisconsin W, 57-50",resolved,,,,,
734,IOWARAW-00735,iowa,2025-26_media_guide_year_by_year,1945-1946,1946,1946-01-12,Indiana,Indiana,indiana,Yes,39,45,L,0,,,at,OPPONENT_HOME,,,,,,,REGULAR_SEASON,,"Iowa 2025-26 media guide, Year-by-Year Scores","1/12		 at Indiana L, 39-45",resolved,,,,,
735,IOWARAW-00736,iowa,2025-26_media_guide_year_by_year,1945-1946,1946,1946-01-19,Purdue,Purdue,purdue,Yes,49,43,W,0,,,at,OPPONENT_HOME,,,,,,,REGULAR_SEASON,,"Iowa 2025-26 media guide, Year-by-Year Scores","1/19		 at Purdue W, 49-43",resolved,,,,,
736,IOWARAW-00737,iowa,2025-26_media_guide_year_by_year,1945-1946,1946,1946-01-21,Chicago,Chicago,chicago,No,58,32,W,0,,,at,OPPONENT_HOME,,,,,,,REGULAR_SEASON,,"Iowa 2025-26 media guide, Year-by-Year Scores","1/21		 at Chicago W, 58-32",resolved,,,,,
737,IOWARAW-00738,iowa,2025-26_media_guide_year_by_year,1945-1946,1946,1946-01-28,Minnesota,Minnesota,minnesota,Yes,63,61,W,1,,,H,SOURCE_PROGRAM_HOME,Iowa Field House,Iowa Field House,Iowa City,IA,,,REGULAR_SEASON,,"Iowa 2025-26 media guide, Year-by-Year Scores","1/28		 Minnesota# W, 63-61",resolved,,,,,
738,IOWARAW-00739,iowa,2025-26_media_guide_year_by_year,1945-1946,1946,1946-02-02,Chicago,Chicago,chicago,No,68,36,W,0,,,H,SOURCE_PROGRAM_HOME,Iowa Field House,Iowa Field House,Iowa City,IA,,,REGULAR_SEASON,,"Iowa 2025-26 media guide, Year-by-Year Scores","2/2		 Chicago W, 68-36",resolved,,,,,
739,IOWARAW-00740,iowa,2025-26_media_guide_year_by_year,1945-1946,1946,1946-02-09,Purdue,Purdue,purdue,Yes,43,41,W,0,,,H,SOURCE_PROGRAM_HOME,Iowa Field House,Iowa Field House,Iowa City,IA,,,REGULAR_SEASON,,"Iowa 2025-26 media guide, Year-by-Year Scores","2/9		 Purdue W, 43-41",resolved,,,,,
740,IOWARAW-00741,iowa,2025-26_media_guide_year_by_year,1945-1946,1946,1946-02-16,Wisconsin,Wisconsin,wisconsin,Yes,44,39,W,0,,,H,SOURCE_PROGRAM_HOME,Iowa Field House,Iowa Field House,Iowa City,IA,,,REGULAR_SEASON,,"Iowa 2025-26 media guide, Year-by-Year Scores","2/16		 atWisconsin W, 44-39",resolved,,,,,
741,IOWARAW-00742,iowa,2025-26_media_guide_year_by_year,1945-1946,1946,1946-02-23,Illinois,Illinois,illinois,Yes,51,57,L,0,,,at,OPPONENT_HOME,,,,,,,REGULAR_SEASON,,"Iowa 2025-26 media guide, Year-by-Year Scores","2/23		 at Illinois L, 51-57",resolved,,,,,
742,IOWARAW-00743,iowa,2025-26_media_guide_year_by_year,1945-1946,1946,1946-02-25,Indiana,Indiana,indiana,Yes,46,49,L,0,,,H,SOURCE_PROGRAM_HOME,Iowa Field House,Iowa Field House,Iowa City,IA,,,REGULAR_SEASON,,"Iowa 2025-26 media guide, Year-by-Year Scores","2/25		 Indiana L, 46-49",resolved,,,,,
743,IOWARAW-00744,iowa,2025-26_media_guide_year_by_year,1945-1946,1946,1946-03-02,Minnesota,Minnesota,minnesota,Yes,47,58,L,0,,,at,OPPONENT_HOME,,,,,,,REGULAR_SEASON,,"Iowa 2025-26 media guide, Year-by-Year Scores","3/2		 at Minnesota L, 47-58",resolved,,,,,
744,IOWARAW-00745,iowa,2025-26_media_guide_year_by_year,1946-1947,1947,1946-12-02,South Dakota State,South Dakota State,south-dakota-state,Yes,73,32,W,0,,,H,SOURCE_PROGRAM_HOME,Iowa Field House,Iowa Field House,Iowa City,IA,,,REGULAR_SEASON,,"Iowa 2025-26 media guide, Year-by-Year Scores","12/2		 South Dakota State W, 73-32",resolved,,,,,
745,IOWARAW-00746,iowa,2025-26_media_guide_year_by_year,1946-1947,1947,1946-12-07,Kansas State,Kansas State,kansas-state,Yes,54,41,W,0,,,H,SOURCE_PROGRAM_HOME,Iowa Field House,Iowa Field House,Iowa City,IA,,,REGULAR_SEASON,,"Iowa 2025-26 media guide, Year-by-Year Scores","12/7		 Kansas State W, 54-41",resolved,,,,,
746,IOWARAW-00747,iowa,2025-26_media_guide_year_by_year,1946-1947,1947,1946-12-12,Detroit,Detroit Mercy,detroit-mercy,Yes,67,51,W,0,,,H,SOURCE_PROGRAM_HOME,Iowa Field House,Iowa Field House,Iowa City,IA,,,REGULAR_SEASON,,"Iowa 2025-26 media guide, Year-by-Year Scores","12/12		 Detroit W, 67-51",resolved,,,,,
747,IOWARAW-00748,iowa,2025-26_media_guide_year_by_year,1946-1947,1947,1946-12-16,South Dakota,South Dakota,south-dakota,Yes,53,25,W,0,,,H,SOURCE_PROGRAM_HOME,Iowa Field House,Iowa Field House,Iowa City,IA,,,REGULAR_SEASON,,"Iowa 2025-26 media guide, Year-by-Year Scores","12/16		 South Dakota W, 53-25",resolved,,,,,
748,IOWARAW-00749,iowa,2025-26_media_guide_year_by_year,1946-1947,1947,1946-12-19,St. Mary’s (CA),Saint Mary's,saint-mary-s,Yes,44,41,W,0,,,H,SOURCE_PROGRAM_HOME,Iowa Field House,Iowa Field House,Iowa City,IA,,,REGULAR_SEASON,,"Iowa 2025-26 media guide, Year-by-Year Scores","12/19		 St. Mary’s (CA) W, 44-41",resolved,,,,,
749,IOWARAW-00750,iowa,2025-26_media_guide_year_by_year,1946-1947,1947,1946-12-23,Montana State,Montana State,montana-state,Yes,76,49,W,0,,,H,SOURCE_PROGRAM_HOME,Iowa Field House,Iowa Field House,Iowa City,IA,,,REGULAR_SEASON,,"Iowa 2025-26 media guide, Year-by-Year Scores","12/23		 Montana State W, 76-49",resolved,,,,,
750,IOWARAW-00751,iowa,2025-26_media_guide_year_by_year,1946-1947,1947,1946-12-31,TCU,TCU,tcu,Yes,61,37,W,0,,,H,SOURCE_PROGRAM_HOME,Iowa Field House,Iowa Field House,Iowa City,IA,,,REGULAR_SEASON,,"Iowa 2025-26 media guide, Year-by-Year Scores","12/31		 TCU W, 61-37",resolved,,,,,
751,IOWARAW-00752,iowa,2025-26_media_guide_year_by_year,1946-1947,1947,1947-01-04,Wisconsin,Wisconsin,wisconsin,Yes,62,63,L,0,,,H,SOURCE_PROGRAM_HOME,Iowa Field House,Iowa Field House,Iowa City,IA,,,REGULAR_SEASON,,"Iowa 2025-26 media guide, Year-by-Year Scores","1/4		 Wisconsin L, 62-63",resolved,,,,,
752,IOWARAW-00753,iowa,2025-26_media_guide_year_by_year,1946-1947,1947,1947-01-11,Ohio State,Ohio State,ohio-state,Yes,61,35,W,0,,,H,SOURCE_PROGRAM_HOME,Iowa Field House,Iowa Field House,Iowa City,IA,,,REGULAR_SEASON,,"Iowa 2025-26 media guide, Year-by-Year Scores","1/11		 Ohio State W, 61-35",resolved,,,,,
753,IOWARAW-00754,iowa,2025-26_media_guide_year_by_year,1946-1947,1947,1947-01-13,Minnesota,Minnesota,minnesota,Yes,77,64,W,0,,,H,SOURCE_PROGRAM_HOME,Iowa Field House,Iowa Field House,Iowa City,IA,,,REGULAR_SEASON,,"Iowa 2025-26 media guide, Year-by-Year Scores","1/13		 Minnesota W, 77-64",resolved,,,,,
754,IOWARAW-00755,iowa,2025-26_media_guide_year_by_year,1946-1947,1947,1947-01-18,Indiana,Indiana,indiana,Yes,48,50,L,0,,,at,OPPONENT_HOME,,,,,,,REGULAR_SEASON,,"Iowa 2025-26 media guide, Year-by-Year Scores","1/18		 at Indiana L, 48-50",resolved,,,,,
755,IOWARAW-00756,iowa,2025-26_media_guide_year_by_year,1946-1947,1947,1947-01-20,Purdue,Purdue,purdue,Yes,46,52,L,0,,,at,OPPONENT_HOME,,,,,,,REGULAR_SEASON,,"Iowa 2025-26 media guide, Year-by-Year Scores","1/20		 at Purdue L, 46-52",resolved,,,,,
756,IOWARAW-00757,iowa,2025-26_media_guide_year_by_year,1946-1947,1947,1947-01-25,Northwestern,Northwestern,northwestern,Yes,40,59,L,0,,,at,OPPONENT_HOME,,,,,,,REGULAR_SEASON,,"Iowa 2025-26 media guide, Year-by-Year Scores","1/25		 at Northwestern L, 40-59",resolved,,,,,
757,IOWARAW-00758,iowa,2025-26_media_guide_year_by_year,1946-1947,1947,1947-02-03,Wisconsin,Wisconsin,wisconsin,Yes,53,60,L,0,,,H,SOURCE_PROGRAM_HOME,Iowa Field House,Iowa Field House,Iowa City,IA,,,REGULAR_SEASON,,"Iowa 2025-26 media guide, Year-by-Year Scores","2/3		 atWisconsin L, 53-60",resolved,,,,,
758,IOWARAW-00759,iowa,2025-26_media_guide_year_by_year,1946-1947,1947,1947-02-08,Illinois,Illinois,illinois,Yes,36,45,L,0,,,at,OPPONENT_HOME,,,,,,,REGULAR_SEASON,,"Iowa 2025-26 media guide, Year-by-Year Scores","2/8		 at Illinois L, 36-45",resolved,,,,,
759,IOWARAW-00760,iowa,2025-26_media_guide_year_by_year,1946-1947,1947,1947-02-15,Michigan,Michigan,michigan,Yes,55,46,W,0,,,H,SOURCE_PROGRAM_HOME,Iowa Field House,Iowa Field House,Iowa City,IA,,,REGULAR_SEASON,,"Iowa 2025-26 media guide, Year-by-Year Scores","2/15		 Michigan W, 55-46",resolved,,,,,
760,IOWARAW-00761,iowa,2025-26_media_guide_year_by_year,1946-1947,1947,1947-02-17,Minnesota,Minnesota,minnesota,Yes,55,59,L,0,,,at,OPPONENT_HOME,,,,,,,REGULAR_SEASON,,"Iowa 2025-26 media guide, Year-by-Year Scores","2/17		 at Minnesota L, 55-59",resolved,,,,,
761,IOWARAW-00762,iowa,2025-26_media_guide_year_by_year,1946-1947,1947,1947-02-22,Indiana,Indiana,indiana,Yes,68,46,W,0,,,H,SOURCE_PROGRAM_HOME,Iowa Field House,Iowa Field House,Iowa City,IA,,,REGULAR_SEASON,,"Iowa 2025-26 media guide, Year-by-Year Scores","2/22		 Indiana W, 68-46",resolved,,,,,
762,IOWARAW-00763,iowa,2025-26_media_guide_year_by_year,1946-1947,1947,1947-03-01,Purdue,Purdue,purdue,Yes,51,48,W,0,,,H,SOURCE_PROGRAM_HOME,Iowa Field House,Iowa Field House,Iowa City,IA,,,REGULAR_SEASON,,"Iowa 2025-26 media guide, Year-by-Year Scores","3/1		 Purdue W, 51-48",resolved,,,,,
763,IOWARAW-00764,iowa,2025-26_media_guide_year_by_year,1947-1948,1948,1947-12-01,Carleton,Carleton,carleton,No,82,43,W,0,,,H,SOURCE_PROGRAM_HOME,Iowa Field House,Iowa Field House,Iowa City,IA,,,REGULAR_SEASON,,"Iowa 2025-26 media guide, Year-by-Year Scores","12/1		 Carleton W, 82-43",resolved,,,,,
764,IOWARAW-00765,iowa,2025-26_media_guide_year_by_year,1947-1948,1948,1947-12-06,South Dakota,South Dakota,south-dakota,Yes,66,30,W,0,,,H,SOURCE_PROGRAM_HOME,Iowa Field House,Iowa Field House,Iowa City,IA,,,REGULAR_SEASON,,"Iowa 2025-26 media guide, Year-by-Year Scores","12/6		 South Dakota W, 66-30",resolved,,,,,
765,IOWARAW-00766,iowa,2025-26_media_guide_year_by_year,1947-1948,1948,1947-12-13,North Dakota,North Dakota,north-dakota,Yes,58,47,W,0,,,H,SOURCE_PROGRAM_HOME,Iowa Field House,Iowa Field House,Iowa City,IA,,,REGULAR_SEASON,,"Iowa 2025-26 media guide, Year-by-Year Scores","12/13		 North Dakota W, 58-47",resolved,,,,,
766,IOWARAW-00767,iowa,2025-26_media_guide_year_by_year,1947-1948,1948,1947-12-20,Washington (MO),Washington (MO),washington-mo,No,44,41,W,0,,,H,SOURCE_PROGRAM_HOME,Iowa Field House,Iowa Field House,Iowa City,IA,,,REGULAR_SEASON,,"Iowa 2025-26 media guide, Year-by-Year Scores","12/20		 atWashington (MO) W, 44-41",resolved,,,,,
767,IOWARAW-00768,iowa,2025-26_media_guide_year_by_year,1947-1948,1948,1947-12-31,Harvard,Harvard,harvard,Yes,61,41,W,0,,,H,SOURCE_PROGRAM_HOME,Iowa Field House,Iowa Field House,Iowa City,IA,,,REGULAR_SEASON,,"Iowa 2025-26 media guide, Year-by-Year Scores","12/31		 Harvard W, 61-41",resolved,,,,,
768,IOWARAW-00769,iowa,2025-26_media_guide_year_by_year,1947-1948,1948,1948-01-03,Princeton,Princeton,princeton,Yes,52,40,W,0,,,H,SOURCE_PROGRAM_HOME,Iowa Field House,Iowa Field House,Iowa City,IA,,,REGULAR_SEASON,,"Iowa 2025-26 media guide, Year-by-Year Scores","1/3		 Princeton W, 52-40",resolved,,,,,
769,IOWARAW-00770,iowa,2025-26_media_guide_year_by_year,1947-1948,1948,1948-01-05,Ohio State,Ohio State,ohio-state,Yes,49,41,W,0,,,at,OPPONENT_HOME,,,,,,,REGULAR_SEASON,,"Iowa 2025-26 media guide, Year-by-Year Scores","1/5		 at Ohio State W, 49-41",resolved,,,,,
770,IOWARAW-00771,iowa,2025-26_media_guide_year_by_year,1947-1948,1948,1948-01-10,Purdue,Purdue,purdue,Yes,60,49,W,0,,,H,SOURCE_PROGRAM_HOME,Iowa Field House,Iowa Field House,Iowa City,IA,,,REGULAR_SEASON,,"Iowa 2025-26 media guide, Year-by-Year Scores","1/10		 Purdue W, 60-49",resolved,,,,,
771,IOWARAW-00772,iowa,2025-26_media_guide_year_by_year,1947-1948,1948,1948-01-12,Wisconsin,Wisconsin,wisconsin,Yes,51,60,L,0,,,H,SOURCE_PROGRAM_HOME,Iowa Field House,Iowa Field House,Iowa City,IA,,,REGULAR_SEASON,,"Iowa 2025-26 media guide, Year-by-Year Scores","1/12		 atWisconsin L, 51-60",resolved,,,,,
772,IOWARAW-00773,iowa,2025-26_media_guide_year_by_year,1947-1948,1948,1948-01-17,Indiana,Indiana,indiana,Yes,61,52,W,0,,,H,SOURCE_PROGRAM_HOME,Iowa Field House,Iowa Field House,Iowa City,IA,,,REGULAR_SEASON,,"Iowa 2025-26 media guide, Year-by-Year Scores","1/17		 Indiana W, 61-52",resolved,,,,,
773,IOWARAW-00774,iowa,2025-26_media_guide_year_by_year,1947-1948,1948,1948-01-19,Minnesota,Minnesota,minnesota,Yes,56,72,L,0,,,at,OPPONENT_HOME,,,,,,,REGULAR_SEASON,,"Iowa 2025-26 media guide, Year-by-Year Scores","1/19		 at Minnesota L, 56-72",resolved,,,,,
774,IOWARAW-00775,iowa,2025-26_media_guide_year_by_year,1947-1948,1948,1948-01-31,Regis,Regis,regis,No,76,48,W,0,,,H,SOURCE_PROGRAM_HOME,Iowa Field House,Iowa Field House,Iowa City,IA,,,REGULAR_SEASON,,"Iowa 2025-26 media guide, Year-by-Year Scores","1/31		 Regis W, 76-48",resolved,,,,,
775,IOWARAW-00776,iowa,2025-26_media_guide_year_by_year,1947-1948,1948,1948-02-02,Northwestern,Northwestern,northwestern,Yes,57,54,W,1,,,H,SOURCE_PROGRAM_HOME,Iowa Field House,Iowa Field House,Iowa City,IA,,,REGULAR_SEASON,,"Iowa 2025-26 media guide, Year-by-Year Scores","2/2		 Northwestern# W, 57-54",resolved,,,,,
776,IOWARAW-00777,iowa,2025-26_media_guide_year_by_year,1947-1948,1948,1948-02-07,Purdue,Purdue,purdue,Yes,41,33,W,0,,,at,OPPONENT_HOME,,,,,,,REGULAR_SEASON,,"Iowa 2025-26 media guide, Year-by-Year Scores","2/7		 at Purdue W, 41-33",resolved,,,,,
777,IOWARAW-00778,iowa,2025-26_media_guide_year_by_year,1947-1948,1948,1948-02-09,Illinois,Illinois,illinois,Yes,70,61,W,0,,,H,SOURCE_PROGRAM_HOME,Iowa Field House,Iowa Field House,Iowa City,IA,,,REGULAR_SEASON,,"Iowa 2025-26 media guide, Year-by-Year Scores","2/9		 Illinois W, 70-61",resolved,,,,,
778,IOWARAW-00779,iowa,2025-26_media_guide_year_by_year,1947-1948,1948,1948-02-14,Indiana,Indiana,indiana,Yes,47,49,L,0,,,at,OPPONENT_HOME,,,,,,,REGULAR_SEASON,,"Iowa 2025-26 media guide, Year-by-Year Scores","2/14		 at Indiana L, 47-49",resolved,,,,,
779,IOWARAW-00780,iowa,2025-26_media_guide_year_by_year,1947-1948,1948,1948-02-21,Wisconsin,Wisconsin,wisconsin,Yes,62,40,W,0,,,H,SOURCE_PROGRAM_HOME,Iowa Field House,Iowa Field House,Iowa City,IA,,,REGULAR_SEASON,,"Iowa 2025-26 media guide, Year-by-Year Scores","2/21		 Wisconsin W, 62-40",resolved,,,,,
780,IOWARAW-00781,iowa,2025-26_media_guide_year_by_year,1947-1948,1948,1948-02-28,Minnesota,Minnesota,minnesota,Yes,54,50,W,0,,,H,SOURCE_PROGRAM_HOME,Iowa Field House,Iowa Field House,Iowa City,IA,,,REGULAR_SEASON,,"Iowa 2025-26 media guide, Year-by-Year Scores","2/28		 Minnesota W, 54-50",resolved,,,,,
781,IOWARAW-00782,iowa,2025-26_media_guide_year_by_year,1947-1948,1948,1948-03-01,Michigan,Michigan,michigan,Yes,35,51,L,0,,,at,OPPONENT_HOME,,,,,,,REGULAR_SEASON,,"Iowa 2025-26 media guide, Year-by-Year Scores","3/1		 at Michigan L, 35-51",resolved,,,,,
782,IOWARAW-00783,iowa,2025-26_media_guide_year_by_year,1948-1949,1949,1948-12-01,Omaha,Omaha,omaha,Yes,64,44,W,0,,,H,SOURCE_PROGRAM_HOME,Iowa Field House,Iowa Field House,Iowa City,IA,,,REGULAR_SEASON,,"Iowa 2025-26 media guide, Year-by-Year Scores","12/1		 Omaha W, 64-44",resolved,,,,,
783,IOWARAW-00784,iowa,2025-26_media_guide_year_by_year,1948-1949,1949,1948-12-04,Colorado College,Colorado College,colorado-college,No,77,44,W,0,,,H,SOURCE_PROGRAM_HOME,Iowa Field House,Iowa Field House,Iowa City,IA,,,REGULAR_SEASON,,"Iowa 2025-26 media guide, Year-by-Year Scores","12/4		 Colorado College W, 77-44",resolved,,,,,
784,IOWARAW-00785,iowa,2025-26_media_guide_year_by_year,1948-1949,1949,1948-12-11,Creighton,Creighton,creighton,Yes,77,38,W,0,,,H,SOURCE_PROGRAM_HOME,Iowa Field House,Iowa Field House,Iowa City,IA,,,REGULAR_SEASON,,"Iowa 2025-26 media guide, Year-by-Year Scores","12/11		 Creighton W, 77-38",resolved,,,,,
785,IOWARAW-00786,iowa,2025-26_media_guide_year_by_year,1948-1949,1949,1948-12-13,Ithaca,Ithaca,ithaca,No,78,26,W,0,,,H,SOURCE_PROGRAM_HOME,Iowa Field House,Iowa Field House,Iowa City,IA,,,REGULAR_SEASON,,"Iowa 2025-26 media guide, Year-by-Year Scores","12/13		 Ithaca W, 78-26",resolved,,,,,
786,IOWARAW-00787,iowa,2025-26_media_guide_year_by_year,1948-1949,1949,1948-12-18,Michigan State,Michigan State,michigan-state,Yes,43,49,L,0,,,at,OPPONENT_HOME,,,,,,,REGULAR_SEASON,,"Iowa 2025-26 media guide, Year-by-Year Scores","12/18		 at Michigan State L, 43-49",resolved,,,,,
787,IOWARAW-00788,iowa,2025-26_media_guide_year_by_year,1948-1949,1949,1948-12-22,TCU,TCU,tcu,Yes,47,46,W,1,,,H,SOURCE_PROGRAM_HOME,Iowa Field House,Iowa Field House,Iowa City,IA,,,REGULAR_SEASON,,"Iowa 2025-26 media guide, Year-by-Year Scores","12/22		 TCU# W, 47-46",resolved,,,,,
788,IOWARAW-00789,iowa,2025-26_media_guide_year_by_year,1948-1949,1949,1948-12-30,St. Mary’s (CA),Saint Mary's,saint-mary-s,Yes,46,43,W,0,,,H,SOURCE_PROGRAM_HOME,Iowa Field House,Iowa Field House,Iowa City,IA,,,REGULAR_SEASON,,"Iowa 2025-26 media guide, Year-by-Year Scores","12/30		 St. Mary’s (CA) W, 46-43",resolved,,,,,
789,IOWARAW-00790,iowa,2025-26_media_guide_year_by_year,1948-1949,1949,1949-01-03,Western Reserve,Case Western Reserve,case-western-reserve,No,61,54,W,0,,,H,SOURCE_PROGRAM_HOME,Iowa Field House,Iowa Field House,Iowa City,IA,,,REGULAR_SEASON,,"Iowa 2025-26 media guide, Year-by-Year Scores","1/3		 Western Reserve W, 61-54",resolved,,,,,
790,IOWARAW-00791,iowa,2025-26_media_guide_year_by_year,1948-1949,1949,1949-01-08,Purdue,Purdue,purdue,Yes,53,73,L,0,,,H,SOURCE_PROGRAM_HOME,Iowa Field House,Iowa Field House,Iowa City,IA,,,REGULAR_SEASON,,"Iowa 2025-26 media guide, Year-by-Year Scores","1/8		 Purdue L, 53-73",resolved,,,,,
791,IOWARAW-00792,iowa,2025-26_media_guide_year_by_year,1948-1949,1949,1949-01-10,Indiana,Indiana,indiana,Yes,39,50,L,0,,,at,OPPONENT_HOME,,,,,,,REGULAR_SEASON,,"Iowa 2025-26 media guide, Year-by-Year Scores","1/10		 at Indiana L, 39-50",resolved,,,,,
792,IOWARAW-00793,iowa,2025-26_media_guide_year_by_year,1948-1949,1949,1949-01-15,Ohio State,Ohio State,ohio-state,Yes,53,49,W,0,,,H,SOURCE_PROGRAM_HOME,Iowa Field House,Iowa Field House,Iowa City,IA,,,REGULAR_SEASON,,"Iowa 2025-26 media guide, Year-by-Year Scores","1/15		 Ohio State W, 53-49",resolved,,,,,
793,IOWARAW-00794,iowa,2025-26_media_guide_year_by_year,1948-1949,1949,1949-01-17,Minnesota,Minnesota,minnesota,Yes,45,61,L,0,,,H,SOURCE_PROGRAM_HOME,Iowa Field House,Iowa Field House,Iowa City,IA,,,REGULAR_SEASON,,"Iowa 2025-26 media guide, Year-by-Year Scores","1/17		 Minnesota L, 45-61",resolved,,,,,
794,IOWARAW-00795,iowa,2025-26_media_guide_year_by_year,1948-1949,1949,1949-01-22,Northwestern,Northwestern,northwestern,Yes,44,65,L,0,,,at,OPPONENT_HOME,,,,,,,REGULAR_SEASON,,"Iowa 2025-26 media guide, Year-by-Year Scores","1/22		 at Northwestern L, 44-65",resolved,,,,,
795,IOWARAW-00796,iowa,2025-26_media_guide_year_by_year,1948-1949,1949,1949-02-07,Purdue,Purdue,purdue,Yes,46,54,L,0,,,at,OPPONENT_HOME,,,,,,,REGULAR_SEASON,,"Iowa 2025-26 media guide, Year-by-Year Scores","2/7		 at Purdue L, 46-54",resolved,,,,,
796,IOWARAW-00797,iowa,2025-26_media_guide_year_by_year,1948-1949,1949,1949-02-12,Minnesota,Minnesota,minnesota,Yes,49,54,L,0,,,at,OPPONENT_HOME,,,,,,,REGULAR_SEASON,,"Iowa 2025-26 media guide, Year-by-Year Scores","2/12 --/7 at Minnesota L, 49-54",resolved,,,,,
797,IOWARAW-00798,iowa,2025-26_media_guide_year_by_year,1948-1949,1949,1949-02-19,Wisconsin,Wisconsin,wisconsin,Yes,61,60,W,0,,,H,SOURCE_PROGRAM_HOME,Iowa Field House,Iowa Field House,Iowa City,IA,,,REGULAR_SEASON,,"Iowa 2025-26 media guide, Year-by-Year Scores","2/19		 Wisconsin W, 61-60",resolved,,,,,
798,IOWARAW-00799,iowa,2025-26_media_guide_year_by_year,1948-1949,1949,1949-02-21,Illinois,Illinois,illinois,Yes,49,80,L,0,,,at,OPPONENT_HOME,,,,,,,REGULAR_SEASON,,"Iowa 2025-26 media guide, Year-by-Year Scores","2/21 --/4 at Illinois L, 49-80",resolved,,,,,
799,IOWARAW-00800,iowa,2025-26_media_guide_year_by_year,1948-1949,1949,1949-02-26,Indiana,Indiana,indiana,Yes,60,76,L,0,,,H,SOURCE_PROGRAM_HOME,Iowa Field House,Iowa Field House,Iowa City,IA,,,REGULAR_SEASON,,"Iowa 2025-26 media guide, Year-by-Year Scores","2/26		 Indiana L, 60-76",resolved,,,,,
800,IOWARAW-00801,iowa,2025-26_media_guide_year_by_year,1948-1949,1949,1949-02-28,Wisconsin,Wisconsin,wisconsin,Yes,47,70,L,0,,,H,SOURCE_PROGRAM_HOME,Iowa Field House,Iowa Field House,Iowa City,IA,,,REGULAR_SEASON,,"Iowa 2025-26 media guide, Year-by-Year Scores","2/28		 atWisconsin L, 47-70",resolved,,,,,
801,IOWARAW-00802,iowa,2025-26_media_guide_year_by_year,1948-1949,1949,1949-03-05,Michigan,Michigan,michigan,Yes,63,62,W,0,,,H,SOURCE_PROGRAM_HOME,Iowa Field House,Iowa Field House,Iowa City,IA,,,REGULAR_SEASON,,"Iowa 2025-26 media guide, Year-by-Year Scores","3/5		 Michigan W, 63-62",resolved,,,,,
802,IOWARAW-00803,iowa,2025-26_media_guide_year_by_year,1949-1950,1950,1949-12-01,Colorado College,Colorado College,colorado-college,No,76,54,W,0,,,H,SOURCE_PROGRAM_HOME,Iowa Field House,Iowa Field House,Iowa City,IA,,,REGULAR_SEASON,,"Iowa 2025-26 media guide, Year-by-Year Scores","12/1		 Colorado College W, 76-54",resolved,,,,,
803,IOWARAW-00804,iowa,2025-26_media_guide_year_by_year,1949-1950,1950,1949-12-05,Michigan State,Michigan State,michigan-state,Yes,73,53,W,0,,,H,SOURCE_PROGRAM_HOME,Iowa Field House,Iowa Field House,Iowa City,IA,,,REGULAR_SEASON,,"Iowa 2025-26 media guide, Year-by-Year Scores","12/5		 Michigan State W, 73-53",resolved,,,,,
804,IOWARAW-00805,iowa,2025-26_media_guide_year_by_year,1949-1950,1950,1949-12-10,Lawrence Tech,Lawrence Tech,lawrence-tech,No,49,54,L,0,,,at,OPPONENT_HOME,,,,,,,REGULAR_SEASON,,"Iowa 2025-26 media guide, Year-by-Year Scores","12/10		 at LawrenceTech L, 49-54",resolved,,,,,
805,IOWARAW-00806,iowa,2025-26_media_guide_year_by_year,1949-1950,1950,1949-12-17,Western Reserve,Case Western Reserve,case-western-reserve,No,97,57,W,0,,,H,SOURCE_PROGRAM_HOME,Iowa Field House,Iowa Field House,Iowa City,IA,,,REGULAR_SEASON,,"Iowa 2025-26 media guide, Year-by-Year Scores","12/17		 atWestern Reserve W, 97-57",resolved,,,,,
806,IOWARAW-00807,iowa,2025-26_media_guide_year_by_year,1949-1950,1950,1949-12-19,Notre Dame,Notre Dame,notre-dame,Yes,64,62,W,0,,,at,OPPONENT_HOME,,,,,,,REGULAR_SEASON,,"Iowa 2025-26 media guide, Year-by-Year Scores","12/19		 at Notre Dame W, 64-62",resolved,,,,,
807,IOWARAW-00808,iowa,2025-26_media_guide_year_by_year,1949-1950,1950,1949-12-23,Carnegie Tech,Carnegie Mellon,carnegie-mellon,No,73,42,W,0,,,H,SOURCE_PROGRAM_HOME,Iowa Field House,Iowa Field House,Iowa City,IA,,,REGULAR_SEASON,,"Iowa 2025-26 media guide, Year-by-Year Scores","12/23		 CarnegieTech W, 73-42",resolved,,,,,
808,IOWARAW-00809,iowa,2025-26_media_guide_year_by_year,1949-1950,1950,1949-12-28,Oregon,Oregon,oregon,Yes,81,54,W,0,,,H,SOURCE_PROGRAM_HOME,Iowa Field House,Iowa Field House,Iowa City,IA,,,REGULAR_SEASON,,"Iowa 2025-26 media guide, Year-by-Year Scores","12/28		 Oregon W, 81-54",resolved,,,,,
809,IOWARAW-00810,iowa,2025-26_media_guide_year_by_year,1949-1950,1950,1949-12-30,Oregon,Oregon,oregon,Yes,70,69,W,1,,,at,OPPONENT_HOME,,,,,,,REGULAR_SEASON,,"Iowa 2025-26 media guide, Year-by-Year Scores","12/30		 at Oregon# W, 70-69",resolved,,,,,
810,IOWARAW-00811,iowa,2025-26_media_guide_year_by_year,1949-1950,1950,1950-01-02,Utah State,Utah State,utah-state,Yes,62,58,W,0,,,H,SOURCE_PROGRAM_HOME,Iowa Field House,Iowa Field House,Iowa City,IA,,,REGULAR_SEASON,,"Iowa 2025-26 media guide, Year-by-Year Scores","1/2		 Utah State W, 62-58",resolved,,,,,
811,IOWARAW-00812,iowa,2025-26_media_guide_year_by_year,1949-1950,1950,1950-01-07,Michigan,Michigan,michigan,Yes,46,66,L,0,,,at,OPPONENT_HOME,,,,,,,REGULAR_SEASON,,"Iowa 2025-26 media guide, Year-by-Year Scores","1/7		 at Michigan L, 46-66",resolved,,,,,
812,IOWARAW-00813,iowa,2025-26_media_guide_year_by_year,1949-1950,1950,1950-01-14,Indiana,Indiana,indiana,Yes,65,54,W,0,,,H,SOURCE_PROGRAM_HOME,Iowa Field House,Iowa Field House,Iowa City,IA,,,REGULAR_SEASON,,"Iowa 2025-26 media guide, Year-by-Year Scores","1/14 --/4 Indiana W, 65-54",resolved,,,,,
813,IOWARAW-00814,iowa,2025-26_media_guide_year_by_year,1949-1950,1950,1950-01-16,Purdue,Purdue,purdue,Yes,55,64,L,0,,,at,OPPONENT_HOME,,,,,,,REGULAR_SEASON,,"Iowa 2025-26 media guide, Year-by-Year Scores","1/16		 at Purdue L, 55-64",resolved,,,,,
814,IOWARAW-00815,iowa,2025-26_media_guide_year_by_year,1949-1950,1950,1950-01-21,Northwestern,Northwestern,northwestern,Yes,61,56,W,0,,,H,SOURCE_PROGRAM_HOME,Iowa Field House,Iowa Field House,Iowa City,IA,,,REGULAR_SEASON,,"Iowa 2025-26 media guide, Year-by-Year Scores","1/21		 Northwestern W, 61-56",resolved,,,,,
815,IOWARAW-00816,iowa,2025-26_media_guide_year_by_year,1949-1950,1950,1950-01-23,Ohio State,Ohio State,ohio-state,Yes,54,68,L,0,,,at,OPPONENT_HOME,,,,,,,REGULAR_SEASON,,"Iowa 2025-26 media guide, Year-by-Year Scores","1/23 --/13 at Ohio State L, 54-68",resolved,,,,,
816,IOWARAW-00817,iowa,2025-26_media_guide_year_by_year,1949-1950,1950,1950-02-04,Purdue,Purdue,purdue,Yes,66,60,W,0,,,H,SOURCE_PROGRAM_HOME,Iowa Field House,Iowa Field House,Iowa City,IA,,,REGULAR_SEASON,,"Iowa 2025-26 media guide, Year-by-Year Scores","2/4		 Purdue W, 66-60",resolved,,,,,
817,IOWARAW-00818,iowa,2025-26_media_guide_year_by_year,1949-1950,1950,1950-02-11,Illinois,Illinois,illinois,Yes,70,65,W,0,,,H,SOURCE_PROGRAM_HOME,Iowa Field House,Iowa Field House,Iowa City,IA,,,REGULAR_SEASON,,"Iowa 2025-26 media guide, Year-by-Year Scores","2/11		 Illinois W, 70-65",resolved,,,,,
818,IOWARAW-00819,iowa,2025-26_media_guide_year_by_year,1949-1950,1950,1950-02-13,Wisconsin,Wisconsin,wisconsin,Yes,62,66,L,1,,,H,SOURCE_PROGRAM_HOME,Iowa Field House,Iowa Field House,Iowa City,IA,,,REGULAR_SEASON,,"Iowa 2025-26 media guide, Year-by-Year Scores","2/13		 Wisconsin# L, 62-66",resolved,,,,,
819,IOWARAW-00820,iowa,2025-26_media_guide_year_by_year,1949-1950,1950,1950-02-18,Wisconsin,Wisconsin,wisconsin,Yes,44,53,L,0,,,H,SOURCE_PROGRAM_HOME,Iowa Field House,Iowa Field House,Iowa City,IA,,,REGULAR_SEASON,,"Iowa 2025-26 media guide, Year-by-Year Scores","2/18		 atWisconsin L, 44-53",resolved,,,,,
820,IOWARAW-00821,iowa,2025-26_media_guide_year_by_year,1949-1950,1950,1950-02-20,Minnesota,Minnesota,minnesota,Yes,64,62,W,0,,,at,OPPONENT_HOME,,,,,,,REGULAR_SEASON,,"Iowa 2025-26 media guide, Year-by-Year Scores","2/20		 at Minnesota W, 64-62",resolved,,,,,
821,IOWARAW-00822,iowa,2025-26_media_guide_year_by_year,1949-1950,1950,1950-02-25,Indiana,Indiana,indiana,Yes,59,53,W,0,,,at,OPPONENT_HOME,,,,,,,REGULAR_SEASON,,"Iowa 2025-26 media guide, Year-by-Year Scores","2/25 --/17 at Indiana W, 59-53",resolved,,,,,
822,IOWARAW-00823,iowa,2025-26_media_guide_year_by_year,1949-1950,1950,1950-03-04,Creighton,Creighton,creighton,Yes,70,46,W,0,,,H,SOURCE_PROGRAM_HOME,Iowa Field House,Iowa Field House,Iowa City,IA,,,REGULAR_SEASON,,"Iowa 2025-26 media guide, Year-by-Year Scores","3/4		 Creighton W, 70-46",resolved,,,,,
823,IOWARAW-00824,iowa,2025-26_media_guide_year_by_year,1949-1950,1950,1950-03-06,Minnesota,Minnesota,minnesota,Yes,49,64,L,0,,,H,SOURCE_PROGRAM_HOME,Iowa Field House,Iowa Field House,Iowa City,IA,,,REGULAR_SEASON,,"Iowa 2025-26 media guide, Year-by-Year Scores","3/6		 Minnesota L, 49-64",resolved,,,,,
824,IOWARAW-00825,iowa,2025-26_media_guide_year_by_year,1950-1951,1951,1950-12-04,DePauw,DePauw,depauw,No,74,67,W,0,,,H,SOURCE_PROGRAM_HOME,Iowa Field House,Iowa Field House,Iowa City,IA,,,REGULAR_SEASON,,"Iowa 2025-26 media guide, Year-by-Year Scores","12/4		 DePauw W, 74-67",resolved,,,,,
825,IOWARAW-00826,iowa,2025-26_media_guide_year_by_year,1950-1951,1951,1950-12-09,Western Michigan,Western Michigan,western-michigan,Yes,49,58,L,0,,,H,SOURCE_PROGRAM_HOME,Iowa Field House,Iowa Field House,Iowa City,IA,,,REGULAR_SEASON,,"Iowa 2025-26 media guide, Year-by-Year Scores","12/9		 atWestern Michigan L, 49-58",resolved,,,,,
826,IOWARAW-00827,iowa,2025-26_media_guide_year_by_year,1950-1951,1951,1950-12-11,Butler,Butler,butler,Yes,51,54,L,0,,,at,OPPONENT_HOME,,,,,,,REGULAR_SEASON,,"Iowa 2025-26 media guide, Year-by-Year Scores","12/11		 at Butler L, 51-54",resolved,,,,,
827,IOWARAW-00828,iowa,2025-26_media_guide_year_by_year,1950-1951,1951,1950-12-18,Notre Dame,Notre Dame,notre-dame,Yes,63,60,W,0,,,H,SOURCE_PROGRAM_HOME,Iowa Field House,Iowa Field House,Iowa City,IA,,,REGULAR_SEASON,,"Iowa 2025-26 media guide, Year-by-Year Scores","12/18 --/14 Notre Dame W, 63-60",resolved,,,,,
828,IOWARAW-00829,iowa,2025-26_media_guide_year_by_year,1950-1951,1951,1950-12-23,UCLA,UCLA,ucla,Yes,80,63,W,0,,,H,SOURCE_PROGRAM_HOME,Iowa Field House,Iowa Field House,Iowa City,IA,,,REGULAR_SEASON,,"Iowa 2025-26 media guide, Year-by-Year Scores","12/23 --/9 UCLA W, 80-63",resolved,,,,,
829,IOWARAW-00830,iowa,2025-26_media_guide_year_by_year,1950-1951,1951,1950-12-28,Loyola (IL),Loyola Chicago,loyola-chicago,Yes,61,56,W,0,,,at,OPPONENT_HOME,,,,,,,REGULAR_SEASON,,"Iowa 2025-26 media guide, Year-by-Year Scores","12/28		 at Loyola (IL) W, 61-56",resolved,,,,,
830,IOWARAW-00831,iowa,2025-26_media_guide_year_by_year,1950-1951,1951,1950-12-30,Pittsburgh,Pittsburgh,pittsburgh,Yes,73,66,W,0,,,at,OPPONENT_HOME,,,,,,,REGULAR_SEASON,,"Iowa 2025-26 media guide, Year-by-Year Scores","12/30		 at Pittsburgh W, 73-66",resolved,,,,,
831,IOWARAW-00832,iowa,2025-26_media_guide_year_by_year,1950-1951,1951,1951-01-06,Purdue,Purdue,purdue,Yes,73,63,W,0,,,at,OPPONENT_HOME,,,,,,,REGULAR_SEASON,,"Iowa 2025-26 media guide, Year-by-Year Scores","1/6		 at Purdue W, 73-63",resolved,,,,,
832,IOWARAW-00833,iowa,2025-26_media_guide_year_by_year,1950-1951,1951,1951-01-08,Illinois,Illinois,illinois,Yes,69,72,L,0,,,H,SOURCE_PROGRAM_HOME,Iowa Field House,Iowa Field House,Iowa City,IA,,,REGULAR_SEASON,,"Iowa 2025-26 media guide, Year-by-Year Scores","1/8		 Illinois L, 69-72",resolved,,,,,
833,IOWARAW-00834,iowa,2025-26_media_guide_year_by_year,1950-1951,1951,1951-01-13,Northwestern,Northwestern,northwestern,Yes,70,73,L,0,,,at,OPPONENT_HOME,,,,,,,REGULAR_SEASON,,"Iowa 2025-26 media guide, Year-by-Year Scores","1/13		 at Northwestern L, 70-73",resolved,,,,,
834,IOWARAW-00835,iowa,2025-26_media_guide_year_by_year,1950-1951,1951,1951-01-15,Michigan State,Michigan State,michigan-state,Yes,46,42,W,0,,,H,SOURCE_PROGRAM_HOME,Iowa Field House,Iowa Field House,Iowa City,IA,,,REGULAR_SEASON,,"Iowa 2025-26 media guide, Year-by-Year Scores","1/15		 Michigan State W, 46-42",resolved,,,,,
835,IOWARAW-00836,iowa,2025-26_media_guide_year_by_year,1950-1951,1951,1951-01-20,Illinois,Illinois,illinois,Yes,53,69,L,0,,,at,OPPONENT_HOME,,,,,,,REGULAR_SEASON,,"Iowa 2025-26 media guide, Year-by-Year Scores","1/20 --/14 at Illinois L, 53-69",resolved,,,,,
836,IOWARAW-00837,iowa,2025-26_media_guide_year_by_year,1950-1951,1951,1951-01-22,Minnesota,Minnesota,minnesota,Yes,69,47,W,0,,,at,OPPONENT_HOME,,,,,,,REGULAR_SEASON,,"Iowa 2025-26 media guide, Year-by-Year Scores","1/22		 at Minnesota W, 69-47",resolved,,,,,
837,IOWARAW-00838,iowa,2025-26_media_guide_year_by_year,1950-1951,1951,1951-02-02,Missouri,Missouri,missouri,Yes,63,53,W,0,,,H,SOURCE_PROGRAM_HOME,Iowa Field House,Iowa Field House,Iowa City,IA,,,REGULAR_SEASON,,"Iowa 2025-26 media guide, Year-by-Year Scores","2/2		 Missouri W, 63-53",resolved,,,,,
838,IOWARAW-00839,iowa,2025-26_media_guide_year_by_year,1950-1951,1951,1951-02-05,Northwestern,Northwestern,northwestern,Yes,73,55,W,0,,,H,SOURCE_PROGRAM_HOME,Iowa Field House,Iowa Field House,Iowa City,IA,,,REGULAR_SEASON,,"Iowa 2025-26 media guide, Year-by-Year Scores","2/5		 Northwestern W, 73-55",resolved,,,,,
839,IOWARAW-00840,iowa,2025-26_media_guide_year_by_year,1950-1951,1951,1951-02-10,Ohio State,Ohio State,ohio-state,Yes,83,71,W,0,,,H,SOURCE_PROGRAM_HOME,Iowa Field House,Iowa Field House,Iowa City,IA,,,REGULAR_SEASON,,"Iowa 2025-26 media guide, Year-by-Year Scores","2/10		 Ohio State W, 83-71",resolved,,,,,
840,IOWARAW-00841,iowa,2025-26_media_guide_year_by_year,1950-1951,1951,1951-02-12,Indiana,Indiana,indiana,Yes,54,63,L,0,,,H,SOURCE_PROGRAM_HOME,Iowa Field House,Iowa Field House,Iowa City,IA,,,REGULAR_SEASON,,"Iowa 2025-26 media guide, Year-by-Year Scores","2/12 --/6 Indiana L, 54-63",resolved,,,,,
841,IOWARAW-00842,iowa,2025-26_media_guide_year_by_year,1950-1951,1951,1951-02-17,Wisconsin,Wisconsin,wisconsin,Yes,73,60,W,0,,,H,SOURCE_PROGRAM_HOME,Iowa Field House,Iowa Field House,Iowa City,IA,,,REGULAR_SEASON,,"Iowa 2025-26 media guide, Year-by-Year Scores","2/17		 atWisconsin W, 73-60",resolved,,,,,
842,IOWARAW-00843,iowa,2025-26_media_guide_year_by_year,1950-1951,1951,1951-02-24,Michigan,Michigan,michigan,Yes,70,48,W,0,,,H,SOURCE_PROGRAM_HOME,Iowa Field House,Iowa Field House,Iowa City,IA,,,REGULAR_SEASON,,"Iowa 2025-26 media guide, Year-by-Year Scores","2/24		 Michigan W, 70-48",resolved,,,,,
843,IOWARAW-00844,iowa,2025-26_media_guide_year_by_year,1950-1951,1951,1951-02-26,Indiana,Indiana,indiana,Yes,53,63,L,0,,,at,OPPONENT_HOME,,,,,,,REGULAR_SEASON,,"Iowa 2025-26 media guide, Year-by-Year Scores","2/26 --/7 at Indiana L, 53-63",resolved,,,,,
844,IOWARAW-00845,iowa,2025-26_media_guide_year_by_year,1950-1951,1951,1951-03-03,Michigan State,Michigan State,michigan-state,Yes,65,52,W,0,,,at,OPPONENT_HOME,,,,,,,REGULAR_SEASON,,"Iowa 2025-26 media guide, Year-by-Year Scores","3/3		 at Michigan State W, 65-52",resolved,,,,,
845,IOWARAW-00846,iowa,2025-26_media_guide_year_by_year,1950-1951,1951,1951-03-05,Michigan,Michigan,michigan,Yes,65,55,W,0,,,at,OPPONENT_HOME,,,,,,,REGULAR_SEASON,,"Iowa 2025-26 media guide, Year-by-Year Scores","3/5		 at Michigan W, 65-55",resolved,,,,,
846,IOWARAW-00847,iowa,2025-26_media_guide_year_by_year,1951-1952,1952,1951-12-01,Western Michigan,Western Michigan,western-michigan,Yes,72,68,W,0,,,H,SOURCE_PROGRAM_HOME,Iowa Field House,Iowa Field House,Iowa City,IA,,,REGULAR_SEASON,,"Iowa 2025-26 media guide, Year-by-Year Scores","12/1		 Western Michigan W, 72-68",resolved,,,,,
847,IOWARAW-00848,iowa,2025-26_media_guide_year_by_year,1951-1952,1952,1951-12-08,DePauw,DePauw,depauw,No,69,53,W,0,,,H,SOURCE_PROGRAM_HOME,Iowa Field House,Iowa Field House,Iowa City,IA,,,REGULAR_SEASON,,"Iowa 2025-26 media guide, Year-by-Year Scores","12/8		 DePauw W, 69-53",resolved,,,,,
848,IOWARAW-00849,iowa,2025-26_media_guide_year_by_year,1951-1952,1952,1951-12-15,Missouri,Missouri,missouri,Yes,48,43,W,0,,,at,OPPONENT_HOME,,,,,,,REGULAR_SEASON,,"Iowa 2025-26 media guide, Year-by-Year Scores","12/15		 at Missouri W, 48-43",resolved,,,,,
849,IOWARAW-00850,iowa,2025-26_media_guide_year_by_year,1951-1952,1952,1951-12-17,Washington (MO),Washington (MO),washington-mo,No,60,53,W,0,,,H,SOURCE_PROGRAM_HOME,Iowa Field House,Iowa Field House,Iowa City,IA,,,REGULAR_SEASON,,"Iowa 2025-26 media guide, Year-by-Year Scores","12/17		 atWashington (MO) W, 60-53",resolved,,,,,
850,IOWARAW-00851,iowa,2025-26_media_guide_year_by_year,1951-1952,1952,1951-12-20,Oklahoma,Oklahoma,oklahoma,Yes,59,46,W,0,,,H,SOURCE_PROGRAM_HOME,Iowa Field House,Iowa Field House,Iowa City,IA,,,REGULAR_SEASON,,"Iowa 2025-26 media guide, Year-by-Year Scores","12/20		 Oklahoma W, 59-46",resolved,,,,,
851,IOWARAW-00852,iowa,2025-26_media_guide_year_by_year,1951-1952,1952,1951-12-27,California,California,california,Yes,69,64,W,0,,,at,OPPONENT_HOME,,,,,,,REGULAR_SEASON,,"Iowa 2025-26 media guide, Year-by-Year Scores","12/27		 at California W, 69-64",resolved,,,,,
852,IOWARAW-00853,iowa,2025-26_media_guide_year_by_year,1951-1952,1952,1951-12-28,Oregon,Oregon,oregon,Yes,86,72,W,0,,,at,OPPONENT_HOME,,,,,,,REGULAR_SEASON,,"Iowa 2025-26 media guide, Year-by-Year Scores","12/28		 at Oregon W, 86-72",resolved,,,,,
853,IOWARAW-00854,iowa,2025-26_media_guide_year_by_year,1951-1952,1952,1952-01-05,Michigan State,Michigan State,michigan-state,Yes,61,60,W,0,,,at,OPPONENT_HOME,,,,,,,REGULAR_SEASON,,"Iowa 2025-26 media guide, Year-by-Year Scores","1/5 12/20 at Michigan State W, 61-60",resolved,,,,,
854,IOWARAW-00855,iowa,2025-26_media_guide_year_by_year,1951-1952,1952,1952-01-07,Michigan,Michigan,michigan,Yes,54,46,W,0,,,at,OPPONENT_HOME,,,,,,,REGULAR_SEASON,,"Iowa 2025-26 media guide, Year-by-Year Scores","1/7 10/-- at Michigan W, 54-46",resolved,,,,,
855,IOWARAW-00856,iowa,2025-26_media_guide_year_by_year,1951-1952,1952,1952-01-12,Indiana,Indiana,indiana,Yes,78,59,W,0,,,H,SOURCE_PROGRAM_HOME,Iowa Field House,Iowa Field House,Iowa City,IA,,,REGULAR_SEASON,,"Iowa 2025-26 media guide, Year-by-Year Scores","1/12 10/4 Indiana W, 78-59",resolved,,,,,
856,IOWARAW-00857,iowa,2025-26_media_guide_year_by_year,1951-1952,1952,1952-01-14,Northwestern,Northwestern,northwestern,Yes,78,64,W,0,,,H,SOURCE_PROGRAM_HOME,Iowa Field House,Iowa Field House,Iowa City,IA,,,REGULAR_SEASON,,"Iowa 2025-26 media guide, Year-by-Year Scores","1/14 4/-- Northwestern W, 78-64",resolved,,,,,
857,IOWARAW-00858,iowa,2025-26_media_guide_year_by_year,1951-1952,1952,1952-01-19,Minnesota,Minnesota,minnesota,Yes,76,59,W,0,,,H,SOURCE_PROGRAM_HOME,Iowa Field House,Iowa Field House,Iowa City,IA,,,REGULAR_SEASON,,"Iowa 2025-26 media guide, Year-by-Year Scores","1/19 4/-- Minnesota W, 76-59",resolved,,,,,
858,IOWARAW-00859,iowa,2025-26_media_guide_year_by_year,1951-1952,1952,1952-01-21,Indiana,Indiana,indiana,Yes,69,82,L,0,,,at,OPPONENT_HOME,,,,,,,REGULAR_SEASON,,"Iowa 2025-26 media guide, Year-by-Year Scores","1/21 4/20 at Indiana L, 69-82",resolved,,,,,
859,IOWARAW-00860,iowa,2025-26_media_guide_year_by_year,1951-1952,1952,1952-02-04,Butler,Butler,butler,Yes,58,57,W,0,,,H,SOURCE_PROGRAM_HOME,Iowa Field House,Iowa Field House,Iowa City,IA,,,REGULAR_SEASON,,"Iowa 2025-26 media guide, Year-by-Year Scores","2/4 8/-- Butler W, 58-57",resolved,,,,,
860,IOWARAW-00861,iowa,2025-26_media_guide_year_by_year,1951-1952,1952,1952-02-09,Illinois,Illinois,illinois,Yes,73,68,W,0,,,H,SOURCE_PROGRAM_HOME,Iowa Field House,Iowa Field House,Iowa City,IA,,,REGULAR_SEASON,,"Iowa 2025-26 media guide, Year-by-Year Scores","2/9 9/3 Illinois W, 73-68",resolved,,,,,
861,IOWARAW-00862,iowa,2025-26_media_guide_year_by_year,1951-1952,1952,1952-02-11,Michigan,Michigan,michigan,Yes,82,59,W,0,,,H,SOURCE_PROGRAM_HOME,Iowa Field House,Iowa Field House,Iowa City,IA,,,REGULAR_SEASON,,"Iowa 2025-26 media guide, Year-by-Year Scores","2/11 5/-- Michigan W, 82-59",resolved,,,,,
862,IOWARAW-00863,iowa,2025-26_media_guide_year_by_year,1951-1952,1952,1952-02-16,Purdue,Purdue,purdue,Yes,90,67,W,0,,,at,OPPONENT_HOME,,,,,,,REGULAR_SEASON,,"Iowa 2025-26 media guide, Year-by-Year Scores","2/16 5/-- at Purdue W, 90-67",resolved,,,,,
863,IOWARAW-00864,iowa,2025-26_media_guide_year_by_year,1951-1952,1952,1952-02-18,Ohio State,Ohio State,ohio-state,Yes,75,62,W,0,,,at,OPPONENT_HOME,,,,,,,REGULAR_SEASON,,"Iowa 2025-26 media guide, Year-by-Year Scores","2/18 4/-- at Ohio State W, 75-62",resolved,,,,,
864,IOWARAW-00865,iowa,2025-26_media_guide_year_by_year,1951-1952,1952,1952-02-23,Illinois,Illinois,illinois,Yes,62,78,L,0,,,at,OPPONENT_HOME,,,,,,,REGULAR_SEASON,,"Iowa 2025-26 media guide, Year-by-Year Scores","2/23 4/5 at Illinois L, 62-78",resolved,,,,,
865,IOWARAW-00866,iowa,2025-26_media_guide_year_by_year,1951-1952,1952,1952-02-25,Michigan State,Michigan State,michigan-state,Yes,64,52,W,0,,,H,SOURCE_PROGRAM_HOME,Iowa Field House,Iowa Field House,Iowa City,IA,,,REGULAR_SEASON,,"Iowa 2025-26 media guide, Year-by-Year Scores","2/25 7/-- Michigan State W, 64-52",resolved,,,,,
866,IOWARAW-00867,iowa,2025-26_media_guide_year_by_year,1951-1952,1952,1952-03-01,Northwestern,Northwestern,northwestern,Yes,77,68,W,0,,,at,OPPONENT_HOME,,,,,,,REGULAR_SEASON,,"Iowa 2025-26 media guide, Year-by-Year Scores","3/1 7/-- at Northwestern W, 77-68",resolved,,,,,
867,IOWARAW-00868,iowa,2025-26_media_guide_year_by_year,1951-1952,1952,1952-03-03,Wisconsin,Wisconsin,wisconsin,Yes,75,78,L,0,,,H,SOURCE_PROGRAM_HOME,Iowa Field House,Iowa Field House,Iowa City,IA,,,REGULAR_SEASON,,"Iowa 2025-26 media guide, Year-by-Year Scores","3/3 7/-- Wisconsin L, 75-78",resolved,,,,,
868,IOWARAW-00869,iowa,2025-26_media_guide_year_by_year,1952-1953,1953,1952-12-01,Butler,Butler,butler,Yes,62,52,W,0,,,H,SOURCE_PROGRAM_HOME,Iowa Field House,Iowa Field House,Iowa City,IA,,,REGULAR_SEASON,,"Iowa 2025-26 media guide, Year-by-Year Scores","12/1		 Butler W, 62-52",resolved,,,,,
869,IOWARAW-00870,iowa,2025-26_media_guide_year_by_year,1952-1953,1953,1952-12-06,Oklahoma,Oklahoma,oklahoma,Yes,62,63,L,0,,,at,OPPONENT_HOME,,,,,,,REGULAR_SEASON,,"Iowa 2025-26 media guide, Year-by-Year Scores","12/6		 at Oklahoma L, 62-63",resolved,,,,,
870,IOWARAW-00871,iowa,2025-26_media_guide_year_by_year,1952-1953,1953,1952-12-13,Michigan,Michigan,michigan,Yes,85,77,W,0,,,H,SOURCE_PROGRAM_HOME,Iowa Field House,Iowa Field House,Iowa City,IA,,,REGULAR_SEASON,,"Iowa 2025-26 media guide, Year-by-Year Scores","12/13		 Michigan W, 85-77",resolved,,,,,
871,IOWARAW-00872,iowa,2025-26_media_guide_year_by_year,1952-1953,1953,1952-12-15,Wisconsin,Wisconsin,wisconsin,Yes,70,75,L,0,,,H,SOURCE_PROGRAM_HOME,Iowa Field House,Iowa Field House,Iowa City,IA,,,REGULAR_SEASON,,"Iowa 2025-26 media guide, Year-by-Year Scores","12/15		 atWisconsin L, 70-75",resolved,,,,,
872,IOWARAW-00873,iowa,2025-26_media_guide_year_by_year,1952-1953,1953,1952-12-22,Indiana,Indiana,indiana,Yes,72,91,L,0,,,H,SOURCE_PROGRAM_HOME,Iowa Field House,Iowa Field House,Iowa City,IA,,,REGULAR_SEASON,,"Iowa 2025-26 media guide, Year-by-Year Scores","12/22 --/15 Indiana L, 72-91",resolved,,,,,
873,IOWARAW-00874,iowa,2025-26_media_guide_year_by_year,1952-1953,1953,1952-12-26,Oregon,Oregon,oregon,Yes,86,57,W,0,,,at,OPPONENT_HOME,,,,,,,REGULAR_SEASON,,"Iowa 2025-26 media guide, Year-by-Year Scores","12/26		 at Oregon W, 86-57",resolved,,,,,
874,IOWARAW-00875,iowa,2025-26_media_guide_year_by_year,1952-1953,1953,1952-12-27,California,California,california,Yes,69,60,W,0,,,H,SOURCE_PROGRAM_HOME,Iowa Field House,Iowa Field House,Iowa City,IA,,,REGULAR_SEASON,,"Iowa 2025-26 media guide, Year-by-Year Scores","12/27		 California W, 69-60",resolved,,,,,
875,IOWARAW-00876,iowa,2025-26_media_guide_year_by_year,1952-1953,1953,1952-12-29,Wisconsin,Wisconsin,wisconsin,Yes,83,66,W,0,,,H,SOURCE_PROGRAM_HOME,Iowa Field House,Iowa Field House,Iowa City,IA,,,REGULAR_SEASON,,"Iowa 2025-26 media guide, Year-by-Year Scores","12/29		 Wisconsin W, 83-66",resolved,,,,,
876,IOWARAW-00877,iowa,2025-26_media_guide_year_by_year,1952-1953,1953,1953-01-10,Michigan State,Michigan State,michigan-state,Yes,61,68,L,0,,,at,OPPONENT_HOME,,,,,,,REGULAR_SEASON,,"Iowa 2025-26 media guide, Year-by-Year Scores","1/10		 at Michigan State L, 61-68",resolved,,,,,
877,IOWARAW-00878,iowa,2025-26_media_guide_year_by_year,1952-1953,1953,1953-01-12,Michigan,Michigan,michigan,Yes,61,66,L,0,,,at,OPPONENT_HOME,,,,,,,REGULAR_SEASON,,"Iowa 2025-26 media guide, Year-by-Year Scores","1/12		 at Michigan L, 61-66",resolved,,,,,
878,IOWARAW-00879,iowa,2025-26_media_guide_year_by_year,1952-1953,1953,1953-01-17,Minnesota,Minnesota,minnesota,Yes,58,65,L,0,,,at,OPPONENT_HOME,,,,,,,REGULAR_SEASON,,"Iowa 2025-26 media guide, Year-by-Year Scores","1/17		 at Minnesota L, 58-65",resolved,,,,,
879,IOWARAW-00880,iowa,2025-26_media_guide_year_by_year,1952-1953,1953,1953-01-19,Northwestern,Northwestern,northwestern,Yes,69,68,W,0,,,H,SOURCE_PROGRAM_HOME,Iowa Field House,Iowa Field House,Iowa City,IA,,,REGULAR_SEASON,,"Iowa 2025-26 media guide, Year-by-Year Scores","1/19		 Northwestern W, 69-68",resolved,,,,,
880,IOWARAW-00881,iowa,2025-26_media_guide_year_by_year,1952-1953,1953,1953-01-24,Purdue,Purdue,purdue,Yes,58,69,L,0,,,at,OPPONENT_HOME,,,,,,,REGULAR_SEASON,,"Iowa 2025-26 media guide, Year-by-Year Scores","1/24		 at Purdue L, 58-69",resolved,,,,,
881,IOWARAW-00882,iowa,2025-26_media_guide_year_by_year,1952-1953,1953,1953-02-09,Michigan State,Michigan State,michigan-state,Yes,48,60,L,0,,,at,OPPONENT_HOME,,,,,,,REGULAR_SEASON,,"Iowa 2025-26 media guide, Year-by-Year Scores","2/9		 at Michigan State L, 48-60",resolved,,,,,
882,IOWARAW-00883,iowa,2025-26_media_guide_year_by_year,1952-1953,1953,1953-02-14,Illinois,Illinois,illinois,Yes,63,80,L,0,,,at,OPPONENT_HOME,,,,,,,REGULAR_SEASON,,"Iowa 2025-26 media guide, Year-by-Year Scores","2/14 --/5 at Illinois L, 63-80",resolved,,,,,
883,IOWARAW-00884,iowa,2025-26_media_guide_year_by_year,1952-1953,1953,1953-02-16,Ohio State,Ohio State,ohio-state,Yes,71,68,W,0,,,at,OPPONENT_HOME,,,,,,,REGULAR_SEASON,,"Iowa 2025-26 media guide, Year-by-Year Scores","2/16		 at Ohio State W, 71-68",resolved,,,,,
884,IOWARAW-00885,iowa,2025-26_media_guide_year_by_year,1952-1953,1953,1953-02-21,Illinois,Illinois,illinois,Yes,67,62,W,0,,,H,SOURCE_PROGRAM_HOME,Iowa Field House,Iowa Field House,Iowa City,IA,,,REGULAR_SEASON,,"Iowa 2025-26 media guide, Year-by-Year Scores","2/21 --/5 Illinois W, 67-62",resolved,,,,,
885,IOWARAW-00886,iowa,2025-26_media_guide_year_by_year,1952-1953,1953,1953-02-23,Ohio State,Ohio State,ohio-state,Yes,90,75,W,0,,,H,SOURCE_PROGRAM_HOME,Iowa Field House,Iowa Field House,Iowa City,IA,,,REGULAR_SEASON,,"Iowa 2025-26 media guide, Year-by-Year Scores","2/23		 Ohio State W, 90-75",resolved,,,,,
886,IOWARAW-00887,iowa,2025-26_media_guide_year_by_year,1952-1953,1953,1953-02-28,Northwestern,Northwestern,northwestern,Yes,93,78,W,0,,,at,OPPONENT_HOME,,,,,,,REGULAR_SEASON,,"Iowa 2025-26 media guide, Year-by-Year Scores","2/28		 at Northwestern W, 93-78",resolved,,,,,
887,IOWARAW-00888,iowa,2025-26_media_guide_year_by_year,1952-1953,1953,1953-03-02,Minnesota,Minnesota,minnesota,Yes,81,79,W,1,,,H,SOURCE_PROGRAM_HOME,Iowa Field House,Iowa Field House,Iowa City,IA,,,REGULAR_SEASON,,"Iowa 2025-26 media guide, Year-by-Year Scores","3/2		 Minnesota# W, 81-79",resolved,,,,,
888,IOWARAW-00889,iowa,2025-26_media_guide_year_by_year,1952-1953,1953,1953-03-07,Purdue,Purdue,purdue,Yes,65,56,W,0,,,H,SOURCE_PROGRAM_HOME,Iowa Field House,Iowa Field House,Iowa City,IA,,,REGULAR_SEASON,,"Iowa 2025-26 media guide, Year-by-Year Scores","3/7		 Purdue W, 65-56",resolved,,,,,
889,IOWARAW-00890,iowa,2025-26_media_guide_year_by_year,1952-1953,1953,1953-03-09,Indiana,Indiana,indiana,Yes,61,68,L,0,,,at,OPPONENT_HOME,,,,,,,REGULAR_SEASON,,"Iowa 2025-26 media guide, Year-by-Year Scores","3/9 --/1 at Indiana L, 61-68",resolved,,,,,
890,IOWARAW-00891,iowa,2025-26_media_guide_year_by_year,1953-1954,1954,1953-12-05,Washington (MO),Washington (MO),washington-mo,No,51,45,W,0,,,H,SOURCE_PROGRAM_HOME,Iowa Field House,Iowa Field House,Iowa City,IA,,,REGULAR_SEASON,,"Iowa 2025-26 media guide, Year-by-Year Scores","12/5		 Washington (MO) W, 51-45",resolved,,,,,
891,IOWARAW-00892,iowa,2025-26_media_guide_year_by_year,1953-1954,1954,1953-12-12,Nebraska,Nebraska,nebraska,Yes,70,81,L,0,,,at,OPPONENT_HOME,,,,,,,REGULAR_SEASON,,"Iowa 2025-26 media guide, Year-by-Year Scores","12/12		 at Nebraska L, 70-81",resolved,,,,,
892,IOWARAW-00893,iowa,2025-26_media_guide_year_by_year,1953-1954,1954,1953-12-15,Colorado State,Colorado State,colorado-state,Yes,72,55,W,0,,,H,SOURCE_PROGRAM_HOME,Iowa Field House,Iowa Field House,Iowa City,IA,,,REGULAR_SEASON,,"Iowa 2025-26 media guide, Year-by-Year Scores","12/15		 Colorado State W, 72-55",resolved,,,,,
893,IOWARAW-00894,iowa,2025-26_media_guide_year_by_year,1953-1954,1954,1953-12-18,USC,USC,usc,Yes,66,57,W,0,,,H,SOURCE_PROGRAM_HOME,Iowa Field House,Iowa Field House,Iowa City,IA,,,REGULAR_SEASON,,"Iowa 2025-26 media guide, Year-by-Year Scores","12/18		 USC W, 66-57",resolved,,,,,
894,IOWARAW-00895,iowa,2025-26_media_guide_year_by_year,1953-1954,1954,1953-12-21,Colorado,Colorado,colorado,Yes,78,72,W,0,,,H,SOURCE_PROGRAM_HOME,Iowa Field House,Iowa Field House,Iowa City,IA,,,REGULAR_SEASON,,"Iowa 2025-26 media guide, Year-by-Year Scores","12/21		 Colorado W, 78-72",resolved,,,,,
895,IOWARAW-00896,iowa,2025-26_media_guide_year_by_year,1953-1954,1954,1953-12-30,UCLA,UCLA,ucla,Yes,65,50,W,0,,,at,OPPONENT_HOME,,,,,,,REGULAR_SEASON,,"Iowa 2025-26 media guide, Year-by-Year Scores","12/30 --/14 at UCLA W, 65-50",resolved,,,,,
896,IOWARAW-00897,iowa,2025-26_media_guide_year_by_year,1953-1954,1954,1953-12-31,USC,USC,usc,Yes,60,70,L,0,,,at,OPPONENT_HOME,,,,,,,REGULAR_SEASON,,"Iowa 2025-26 media guide, Year-by-Year Scores","12/31		 at USC L, 60-70",resolved,,,,,
897,IOWARAW-00898,iowa,2025-26_media_guide_year_by_year,1953-1954,1954,1954-01-04,Michigan State,Michigan State,michigan-state,Yes,73,63,W,0,,,H,SOURCE_PROGRAM_HOME,Iowa Field House,Iowa Field House,Iowa City,IA,,,REGULAR_SEASON,,"Iowa 2025-26 media guide, Year-by-Year Scores","1/4		 Michigan State W, 73-63",resolved,,,,,
898,IOWARAW-00899,iowa,2025-26_media_guide_year_by_year,1953-1954,1954,1954-01-09,Wisconsin,Wisconsin,wisconsin,Yes,71,54,W,0,,,H,SOURCE_PROGRAM_HOME,Iowa Field House,Iowa Field House,Iowa City,IA,,,REGULAR_SEASON,,"Iowa 2025-26 media guide, Year-by-Year Scores","1/9		 Wisconsin W, 71-54",resolved,,,,,
899,IOWARAW-00900,iowa,2025-26_media_guide_year_by_year,1953-1954,1954,1954-01-11,Michigan,Michigan,michigan,Yes,93,78,W,0,,,H,SOURCE_PROGRAM_HOME,Iowa Field House,Iowa Field House,Iowa City,IA,,,REGULAR_SEASON,,"Iowa 2025-26 media guide, Year-by-Year Scores","1/11		 Michigan W, 93-78",resolved,,,,,
900,IOWARAW-00901,iowa,2025-26_media_guide_year_by_year,1953-1954,1954,1954-01-16,Minnesota,Minnesota,minnesota,Yes,55,59,L,0,,,H,SOURCE_PROGRAM_HOME,Iowa Field House,Iowa Field House,Iowa City,IA,,,REGULAR_SEASON,,"Iowa 2025-26 media guide, Year-by-Year Scores","1/16 --/10 Minnesota L, 55-59",resolved,,,,,
901,IOWARAW-00902,iowa,2025-26_media_guide_year_by_year,1953-1954,1954,1954-01-18,Illinois,Illinois,illinois,Yes,79,70,W,0,,,at,OPPONENT_HOME,,,,,,,REGULAR_SEASON,,"Iowa 2025-26 media guide, Year-by-Year Scores","1/18 --/20 at Illinois W, 79-70",resolved,,,,,
902,IOWARAW-00903,iowa,2025-26_media_guide_year_by_year,1953-1954,1954,1954-01-23,Purdue,Purdue,purdue,Yes,70,62,W,0,,,at,OPPONENT_HOME,,,,,,,REGULAR_SEASON,,"Iowa 2025-26 media guide, Year-by-Year Scores","1/23		 at Purdue W, 70-62",resolved,,,,,
903,IOWARAW-00904,iowa,2025-26_media_guide_year_by_year,1953-1954,1954,1954-01-25,Northwestern,Northwestern,northwestern,Yes,65,52,W,0,,,H,SOURCE_PROGRAM_HOME,Iowa Field House,Iowa Field House,Iowa City,IA,,,REGULAR_SEASON,,"Iowa 2025-26 media guide, Year-by-Year Scores","1/25		 Northwestern W, 65-52",resolved,,,,,
904,IOWARAW-00905,iowa,2025-26_media_guide_year_by_year,1953-1954,1954,1954-02-06,Missouri,Missouri,missouri,Yes,73,53,W,0,,,H,SOURCE_PROGRAM_HOME,Iowa Field House,Iowa Field House,Iowa City,IA,,,REGULAR_SEASON,,"Iowa 2025-26 media guide, Year-by-Year Scores","2/6		 Missouri W, 73-53",resolved,,,,,
905,IOWARAW-00906,iowa,2025-26_media_guide_year_by_year,1953-1954,1954,1954-02-08,Michigan,Michigan,michigan,Yes,86,68,W,0,,,at,OPPONENT_HOME,,,,,,,REGULAR_SEASON,,"Iowa 2025-26 media guide, Year-by-Year Scores","2/8		 at Michigan W, 86-68",resolved,,,,,
906,IOWARAW-00907,iowa,2025-26_media_guide_year_by_year,1953-1954,1954,1954-02-13,Minnesota,Minnesota,minnesota,Yes,86,82,W,1,,,at,OPPONENT_HOME,,,,,,,REGULAR_SEASON,,"Iowa 2025-26 media guide, Year-by-Year Scores","2/13 --/12 at Minnesota# W, 86-82",resolved,,,,,
907,IOWARAW-00908,iowa,2025-26_media_guide_year_by_year,1953-1954,1954,1954-02-15,Ohio State,Ohio State,ohio-state,Yes,69,77,L,0,,,at,OPPONENT_HOME,,,,,,,REGULAR_SEASON,,"Iowa 2025-26 media guide, Year-by-Year Scores","2/15 10/-- at Ohio State L, 69-77",resolved,,,,,
908,IOWARAW-00909,iowa,2025-26_media_guide_year_by_year,1953-1954,1954,1954-02-20,Illinois,Illinois,illinois,Yes,51,74,L,0,,,H,SOURCE_PROGRAM_HOME,Iowa Field House,Iowa Field House,Iowa City,IA,,,REGULAR_SEASON,,"Iowa 2025-26 media guide, Year-by-Year Scores","2/20 10/-- Illinois L, 51-74",resolved,,,,,
909,IOWARAW-00910,iowa,2025-26_media_guide_year_by_year,1953-1954,1954,1954-02-22,Indiana,Indiana,indiana,Yes,82,64,W,0,,,at,OPPONENT_HOME,,,,,,,REGULAR_SEASON,,"Iowa 2025-26 media guide, Year-by-Year Scores","2/22 20/3 at Indiana W, 82-64",resolved,,,,,
910,IOWARAW-00911,iowa,2025-26_media_guide_year_by_year,1953-1954,1954,1954-02-27,Michigan State,Michigan State,michigan-state,Yes,60,48,W,0,,,at,OPPONENT_HOME,,,,,,,REGULAR_SEASON,,"Iowa 2025-26 media guide, Year-by-Year Scores","2/27 20/-- at Michigan State W, 60-48",resolved,,,,,
911,IOWARAW-00912,iowa,2025-26_media_guide_year_by_year,1953-1954,1954,1954-03-01,Ohio State,Ohio State,ohio-state,Yes,84,71,W,0,,,H,SOURCE_PROGRAM_HOME,Iowa Field House,Iowa Field House,Iowa City,IA,,,REGULAR_SEASON,,"Iowa 2025-26 media guide, Year-by-Year Scores","3/1 16/-- Ohio State W, 84-71",resolved,,,,,
912,IOWARAW-00913,iowa,2025-26_media_guide_year_by_year,1954-1955,1955,1954-12-01,Washington (MO),Washington (MO),washington-mo,No,80,61,W,0,,,H,SOURCE_PROGRAM_HOME,Iowa Field House,Iowa Field House,Iowa City,IA,,,REGULAR_SEASON,,"Iowa 2025-26 media guide, Year-by-Year Scores","12/1		 Washington (MO) W, 80-61",resolved,,,,,
913,IOWARAW-00914,iowa,2025-26_media_guide_year_by_year,1954-1955,1955,1954-12-04,Loyola (IL),Loyola Chicago,loyola-chicago,Yes,89,79,W,0,,,at,OPPONENT_HOME,,,,,,,REGULAR_SEASON,,"Iowa 2025-26 media guide, Year-by-Year Scores","12/4		 at Loyola (IL) W, 89-79",resolved,,,,,
914,IOWARAW-00915,iowa,2025-26_media_guide_year_by_year,1954-1955,1955,1954-12-06,Nebraska,Nebraska,nebraska,Yes,84,61,W,0,,,at,OPPONENT_HOME,,,,,,,REGULAR_SEASON,,"Iowa 2025-26 media guide, Year-by-Year Scores","12/6 4/-- at Nebraska W, 84-61",resolved,,,,,
915,IOWARAW-00916,iowa,2025-26_media_guide_year_by_year,1954-1955,1955,1954-12-11,Missouri,Missouri,missouri,Yes,94,97,L,0,,,at,OPPONENT_HOME,,,,,,,REGULAR_SEASON,,"Iowa 2025-26 media guide, Year-by-Year Scores","12/11 4/-- at Missouri L, 94-97",resolved,,,,,
916,IOWARAW-00917,iowa,2025-26_media_guide_year_by_year,1954-1955,1955,1954-12-13,St. Mary’s (CA),Saint Mary's,saint-mary-s,Yes,68,49,W,0,,,H,SOURCE_PROGRAM_HOME,Iowa Field House,Iowa Field House,Iowa City,IA,,,REGULAR_SEASON,,"Iowa 2025-26 media guide, Year-by-Year Scores","12/13 13/-- St. Mary’s (CA) W, 68-49",resolved,,,,,
917,IOWARAW-00918,iowa,2025-26_media_guide_year_by_year,1954-1955,1955,1954-12-17,Pennsylvania,Pennsylvania,pennsylvania,Yes,75,87,L,0,,,at,OPPONENT_HOME,,,,,,,REGULAR_SEASON,,"Iowa 2025-26 media guide, Year-by-Year Scores","12/17 13/-- at Pennsylvania L, 75-87",resolved,,,,,
918,IOWARAW-00919,iowa,2025-26_media_guide_year_by_year,1954-1955,1955,1954-12-18,Princeton,Princeton,princeton,Yes,71,52,W,0,,,at,OPPONENT_HOME,,,,,,,REGULAR_SEASON,,"Iowa 2025-26 media guide, Year-by-Year Scores","12/18 18/-- at Princeton W, 71-52",resolved,,,,,
919,IOWARAW-00920,iowa,2025-26_media_guide_year_by_year,1954-1955,1955,1954-12-30,Stanford,Stanford,stanford,Yes,73,46,W,0,,,H,SOURCE_PROGRAM_HOME,Iowa Field House,Iowa Field House,Iowa City,IA,,,REGULAR_SEASON,,"Iowa 2025-26 media guide, Year-by-Year Scores","12/30 19/-- Stanford W, 73-46",resolved,,,,,
920,IOWARAW-00921,iowa,2025-26_media_guide_year_by_year,1954-1955,1955,1955-01-03,Wisconsin,Wisconsin,wisconsin,Yes,86,69,W,0,,,H,SOURCE_PROGRAM_HOME,Iowa Field House,Iowa Field House,Iowa City,IA,,,REGULAR_SEASON,,"Iowa 2025-26 media guide, Year-by-Year Scores","1/3 14/-- atWisconsin W, 86-69",resolved,,,,,
921,IOWARAW-00922,iowa,2025-26_media_guide_year_by_year,1954-1955,1955,1955-01-08,Minnesota,Minnesota,minnesota,Yes,80,81,L,0,,,H,SOURCE_PROGRAM_HOME,Iowa Field House,Iowa Field House,Iowa City,IA,,,REGULAR_SEASON,,"Iowa 2025-26 media guide, Year-by-Year Scores","1/8 14/13 Minnesota L, 80-81",resolved,,,,,
922,IOWARAW-00923,iowa,2025-26_media_guide_year_by_year,1954-1955,1955,1955-01-10,Michigan State,Michigan State,michigan-state,Yes,94,81,W,0,,,H,SOURCE_PROGRAM_HOME,Iowa Field House,Iowa Field House,Iowa City,IA,,,REGULAR_SEASON,,"Iowa 2025-26 media guide, Year-by-Year Scores","1/10 19/-- Michigan State W, 94-81",resolved,,,,,
923,IOWARAW-00924,iowa,2025-26_media_guide_year_by_year,1954-1955,1955,1955-01-17,Illinois,Illinois,illinois,Yes,92,80,W,0,,,H,SOURCE_PROGRAM_HOME,Iowa Field House,Iowa Field House,Iowa City,IA,,,REGULAR_SEASON,,"Iowa 2025-26 media guide, Year-by-Year Scores","1/17 19/7 Illinois W, 92-80",resolved,,,,,
924,IOWARAW-00925,iowa,2025-26_media_guide_year_by_year,1954-1955,1955,1955-01-22,Northwestern,Northwestern,northwestern,Yes,73,93,L,0,,,at,OPPONENT_HOME,,,,,,,REGULAR_SEASON,,"Iowa 2025-26 media guide, Year-by-Year Scores","1/22 19/-- at Northwestern L, 73-93",resolved,,,,,
925,IOWARAW-00926,iowa,2025-26_media_guide_year_by_year,1954-1955,1955,1955-01-24,Ohio State,Ohio State,ohio-state,Yes,79,66,W,0,,,at,OPPONENT_HOME,,,,,,,REGULAR_SEASON,,"Iowa 2025-26 media guide, Year-by-Year Scores","1/24 19/-- at Ohio State W, 79-66",resolved,,,,,
926,IOWARAW-00927,iowa,2025-26_media_guide_year_by_year,1954-1955,1955,1955-02-05,Purdue,Purdue,purdue,Yes,76,67,W,0,,,H,SOURCE_PROGRAM_HOME,Iowa Field House,Iowa Field House,Iowa City,IA,,,REGULAR_SEASON,,"Iowa 2025-26 media guide, Year-by-Year Scores","2/5		 Purdue W, 76-67",resolved,,,,,
927,IOWARAW-00928,iowa,2025-26_media_guide_year_by_year,1954-1955,1955,1955-02-12,Indiana,Indiana,indiana,Yes,90,75,W,0,,,H,SOURCE_PROGRAM_HOME,Iowa Field House,Iowa Field House,Iowa City,IA,,,REGULAR_SEASON,,"Iowa 2025-26 media guide, Year-by-Year Scores","2/12 15/-- Indiana W, 90-75",resolved,,,,,
928,IOWARAW-00929,iowa,2025-26_media_guide_year_by_year,1954-1955,1955,1955-02-14,Ohio State,Ohio State,ohio-state,Yes,79,68,W,0,,,H,SOURCE_PROGRAM_HOME,Iowa Field House,Iowa Field House,Iowa City,IA,,,REGULAR_SEASON,,"Iowa 2025-26 media guide, Year-by-Year Scores","2/14 15/-- Ohio State W, 79-68",resolved,,,,,
929,IOWARAW-00930,iowa,2025-26_media_guide_year_by_year,1954-1955,1955,1955-02-19,Michigan State,Michigan State,michigan-state,Yes,78,69,W,0,,,at,OPPONENT_HOME,,,,,,,REGULAR_SEASON,,"Iowa 2025-26 media guide, Year-by-Year Scores","2/19 15/-- at Michigan State W, 78-69",resolved,,,,,
930,IOWARAW-00931,iowa,2025-26_media_guide_year_by_year,1954-1955,1955,1955-02-21,Illinois,Illinois,illinois,Yes,89,70,W,0,,,at,OPPONENT_HOME,,,,,,,REGULAR_SEASON,,"Iowa 2025-26 media guide, Year-by-Year Scores","2/21 16/13 at Illinois W, 89-70",resolved,,,,,
931,IOWARAW-00932,iowa,2025-26_media_guide_year_by_year,1954-1955,1955,1955-02-26,Michigan,Michigan,michigan,Yes,96,84,W,0,,,H,SOURCE_PROGRAM_HOME,Iowa Field House,Iowa Field House,Iowa City,IA,,,REGULAR_SEASON,,"Iowa 2025-26 media guide, Year-by-Year Scores","2/26 16/-- Michigan W, 96-84",resolved,,,,,
932,IOWARAW-00933,iowa,2025-26_media_guide_year_by_year,1954-1955,1955,1955-02-28,Minnesota,Minnesota,minnesota,Yes,72,70,W,0,,,at,OPPONENT_HOME,,,,,,,REGULAR_SEASON,,"Iowa 2025-26 media guide, Year-by-Year Scores","2/28 12/6 at Minnesota W, 72-70",resolved,,,,,
933,IOWARAW-00934,iowa,2025-26_media_guide_year_by_year,1954-1955,1955,1955-03-07,Michigan,Michigan,michigan,Yes,58,74,L,0,,,at,OPPONENT_HOME,,,,,,,REGULAR_SEASON,,"Iowa 2025-26 media guide, Year-by-Year Scores","3/7 12/-- at Michigan L, 58-74",resolved,,,,,
934,IOWARAW-00935,iowa,2025-26_media_guide_year_by_year,1954-1955,1955,1955-03-11,Penn State,Penn State,penn-state,Yes,82,53,W,0,,,vs.,NEUTRAL,Welsh-Ryan Arena,Welsh-Ryan Arena,Evanston,IL,NCAA Tournament,,NCAA_TOURNAMENT,Sweet Sixteen,"Iowa 2025-26 media guide, Year-by-Year Scores","3/11 12/-- vs. Penn State (n) W, 82-53",resolved,,,,,
935,IOWARAW-00936,iowa,2025-26_media_guide_year_by_year,1954-1955,1955,1955-03-12,Marquette,Marquette,marquette,Yes,86,81,W,0,,,vs.,NEUTRAL,Welsh-Ryan Arena,Welsh-Ryan Arena,Evanston,IL,NCAA Tournament,,NCAA_TOURNAMENT,Elite Eight,"Iowa 2025-26 media guide, Year-by-Year Scores","3/12 12/4 vs. Marquette (n) W, 86-81",resolved,,,,,
936,IOWARAW-00937,iowa,2025-26_media_guide_year_by_year,1954-1955,1955,1955-03-18,La Salle,La Salle,la-salle,No,73,76,L,0,,,vs.,NEUTRAL,Municipal Auditorium,Municipal Auditorium,Kansas City,MO,NCAA Tournament,,NCAA_TOURNAMENT,Final Four,"Iowa 2025-26 media guide, Year-by-Year Scores","3/18 12/3 vs. La Salle (n) L, 73-76",resolved,,,,,
937,IOWARAW-00938,iowa,2025-26_media_guide_year_by_year,1954-1955,1955,1955-03-19,Colorado,Colorado,colorado,Yes,54,75,L,0,,,vs.,NEUTRAL,Municipal Auditorium,Municipal Auditorium,Kansas City,MO,NCAA Tournament,,NCAA_TOURNAMENT,,"Iowa 2025-26 media guide, Year-by-Year Scores","3/19 12/-- vs. Colorado (n) L, 54-75",resolved,,,,,
938,IOWARAW-00939,iowa,2025-26_media_guide_year_by_year,1955-1956,1956,1955-12-03,Nebraska,Nebraska,nebraska,Yes,60,51,W,0,,,H,SOURCE_PROGRAM_HOME,Iowa Field House,Iowa Field House,Iowa City,IA,,,REGULAR_SEASON,,"Iowa 2025-26 media guide, Year-by-Year Scores","12/3		 Nebraska W, 60-51",resolved,,,,,
939,IOWARAW-00940,iowa,2025-26_media_guide_year_by_year,1955-1956,1956,1955-12-09,SMU,SMU,smu,Yes,80,62,W,0,,,H,SOURCE_PROGRAM_HOME,Iowa Field House,Iowa Field House,Iowa City,IA,,,REGULAR_SEASON,,"Iowa 2025-26 media guide, Year-by-Year Scores","12/9 4/-- SMU W, 80-62",resolved,,,,,
940,IOWARAW-00941,iowa,2025-26_media_guide_year_by_year,1955-1956,1956,1955-12-12,Colorado,Colorado,colorado,Yes,57,60,L,0,,,at,OPPONENT_HOME,,,,,,,REGULAR_SEASON,,"Iowa 2025-26 media guide, Year-by-Year Scores","12/12 4/-- at Colorado L, 57-60",resolved,,,,,
941,IOWARAW-00942,iowa,2025-26_media_guide_year_by_year,1955-1956,1956,1955-12-17,Loyola Marymount,Loyola Marymount,loyola-marymount,Yes,84,61,W,0,,,H,SOURCE_PROGRAM_HOME,Iowa Field House,Iowa Field House,Iowa City,IA,,,REGULAR_SEASON,,"Iowa 2025-26 media guide, Year-by-Year Scores","12/17 4/-- Loyola Marymount W, 84-61",resolved,,,,,
942,IOWARAW-00943,iowa,2025-26_media_guide_year_by_year,1955-1956,1956,1955-12-27,Washington,Washington,washington,Yes,71,76,L,0,,,H,SOURCE_PROGRAM_HOME,Iowa Field House,Iowa Field House,Iowa City,IA,,,REGULAR_SEASON,,"Iowa 2025-26 media guide, Year-by-Year Scores","12/27 6/-- atWashington L, 71-76",resolved,,,,,
943,IOWARAW-00944,iowa,2025-26_media_guide_year_by_year,1955-1956,1956,1955-12-29,Stanford,Stanford,stanford,Yes,52,54,L,0,,,at,OPPONENT_HOME,,,,,,,REGULAR_SEASON,,"Iowa 2025-26 media guide, Year-by-Year Scores","12/29 6/-- at Stanford L, 52-54",resolved,,,,,
944,IOWARAW-00945,iowa,2025-26_media_guide_year_by_year,1955-1956,1956,1955-12-30,California,California,california,Yes,45,70,L,0,,,at,OPPONENT_HOME,,,,,,,REGULAR_SEASON,,"Iowa 2025-26 media guide, Year-by-Year Scores","12/30 6/-- at California L, 45-70",resolved,,,,,
945,IOWARAW-00946,iowa,2025-26_media_guide_year_by_year,1955-1956,1956,1956-01-07,Michigan State,Michigan State,michigan-state,Yes,64,65,L,0,,,H,SOURCE_PROGRAM_HOME,Iowa Field House,Iowa Field House,Iowa City,IA,,,REGULAR_SEASON,,"Iowa 2025-26 media guide, Year-by-Year Scores","1/7 --/20 Michigan State L, 64-65",resolved,,,,,
946,IOWARAW-00947,iowa,2025-26_media_guide_year_by_year,1955-1956,1956,1956-01-09,Ohio State,Ohio State,ohio-state,Yes,88,73,W,0,,,at,OPPONENT_HOME,,,,,,,REGULAR_SEASON,,"Iowa 2025-26 media guide, Year-by-Year Scores","1/9 --/7 at Ohio State W, 88-73",resolved,,,,,
947,IOWARAW-00948,iowa,2025-26_media_guide_year_by_year,1955-1956,1956,1956-01-14,Minnesota,Minnesota,minnesota,Yes,84,62,W,0,,,H,SOURCE_PROGRAM_HOME,Iowa Field House,Iowa Field House,Iowa City,IA,,,REGULAR_SEASON,,"Iowa 2025-26 media guide, Year-by-Year Scores","1/14 --/-- Minnesota W, 84-62",resolved,,,,,
948,IOWARAW-00949,iowa,2025-26_media_guide_year_by_year,1955-1956,1956,1956-01-21,Michigan,Michigan,michigan,Yes,78,67,W,0,,,at,OPPONENT_HOME,,,,,,,REGULAR_SEASON,,"Iowa 2025-26 media guide, Year-by-Year Scores","1/21 20/-- at Michigan W, 78-67",resolved,,,,,
949,IOWARAW-00950,iowa,2025-26_media_guide_year_by_year,1955-1956,1956,1956-01-23,Purdue,Purdue,purdue,Yes,67,63,W,0,,,at,OPPONENT_HOME,,,,,,,REGULAR_SEASON,,"Iowa 2025-26 media guide, Year-by-Year Scores","1/23 13/-- at Purdue W, 67-63",resolved,,,,,
950,IOWARAW-00951,iowa,2025-26_media_guide_year_by_year,1955-1956,1956,1956-02-04,Wichita State,Wichita State,wichita-state,Yes,98,86,W,0,,,H,SOURCE_PROGRAM_HOME,Iowa Field House,Iowa Field House,Iowa City,IA,,,REGULAR_SEASON,,"Iowa 2025-26 media guide, Year-by-Year Scores","2/4 19/-- Wichita State W, 98-86",resolved,,,,,
951,IOWARAW-00952,iowa,2025-26_media_guide_year_by_year,1955-1956,1956,1956-02-06,Wisconsin,Wisconsin,wisconsin,Yes,78,74,W,0,,,H,SOURCE_PROGRAM_HOME,Iowa Field House,Iowa Field House,Iowa City,IA,,,REGULAR_SEASON,,"Iowa 2025-26 media guide, Year-by-Year Scores","2/6 17/-- atWisconsin W, 78-74",resolved,,,,,
952,IOWARAW-00953,iowa,2025-26_media_guide_year_by_year,1955-1956,1956,1956-02-11,Northwestern,Northwestern,northwestern,Yes,70,65,W,0,,,at,OPPONENT_HOME,,,,,,,REGULAR_SEASON,,"Iowa 2025-26 media guide, Year-by-Year Scores","2/11 17/-- at Northwestern W, 70-65",resolved,,,,,
953,IOWARAW-00954,iowa,2025-26_media_guide_year_by_year,1955-1956,1956,1956-02-13,Purdue,Purdue,purdue,Yes,88,75,W,0,,,H,SOURCE_PROGRAM_HOME,Iowa Field House,Iowa Field House,Iowa City,IA,,,REGULAR_SEASON,,"Iowa 2025-26 media guide, Year-by-Year Scores","2/13 15/-- Purdue W, 88-75",resolved,,,,,
954,IOWARAW-00955,iowa,2025-26_media_guide_year_by_year,1955-1956,1956,1956-02-18,Wisconsin,Wisconsin,wisconsin,Yes,80,66,W,0,,,H,SOURCE_PROGRAM_HOME,Iowa Field House,Iowa Field House,Iowa City,IA,,,REGULAR_SEASON,,"Iowa 2025-26 media guide, Year-by-Year Scores","2/18 15/-- Wisconsin W, 80-66",resolved,,,,,
955,IOWARAW-00956,iowa,2025-26_media_guide_year_by_year,1955-1956,1956,1956-02-20,Indiana,Indiana,indiana,Yes,87,83,W,0,,,at,OPPONENT_HOME,,,,,,,REGULAR_SEASON,,"Iowa 2025-26 media guide, Year-by-Year Scores","2/20 13/-- at Indiana W, 87-83",resolved,,,,,
956,IOWARAW-00957,iowa,2025-26_media_guide_year_by_year,1955-1956,1956,1956-02-25,Minnesota,Minnesota,minnesota,Yes,83,73,W,1,,,at,OPPONENT_HOME,,,,,,,REGULAR_SEASON,,"Iowa 2025-26 media guide, Year-by-Year Scores","2/25 13/-- at Minnesota# W, 83-73",resolved,,,,,
957,IOWARAW-00958,iowa,2025-26_media_guide_year_by_year,1955-1956,1956,1956-02-27,Northwestern,Northwestern,northwestern,Yes,86,68,W,0,,,H,SOURCE_PROGRAM_HOME,Iowa Field House,Iowa Field House,Iowa City,IA,,,REGULAR_SEASON,,"Iowa 2025-26 media guide, Year-by-Year Scores","2/27 10/-- Northwestern W, 86-68",resolved,,,,,
958,IOWARAW-00959,iowa,2025-26_media_guide_year_by_year,1955-1956,1956,1956-03-03,Illinois,Illinois,illinois,Yes,96,72,W,0,,,H,SOURCE_PROGRAM_HOME,Iowa Field House,Iowa Field House,Iowa City,IA,,,REGULAR_SEASON,,"Iowa 2025-26 media guide, Year-by-Year Scores","3/3 10/2 Illinois W, 96-72",resolved,,,,,
959,IOWARAW-00960,iowa,2025-26_media_guide_year_by_year,1955-1956,1956,1956-03-05,Indiana,Indiana,indiana,Yes,84,73,W,0,,,H,SOURCE_PROGRAM_HOME,Iowa Field House,Iowa Field House,Iowa City,IA,,,REGULAR_SEASON,,"Iowa 2025-26 media guide, Year-by-Year Scores","3/5 5/-- Indiana W, 84-73",resolved,,,,,
960,IOWARAW-00961,iowa,2025-26_media_guide_year_by_year,1955-1956,1956,1956-03-16,Morehead State,Morehead State,morehead-state,Yes,97,83,W,0,,,H,SOURCE_PROGRAM_HOME,Iowa Field House,Iowa Field House,Iowa City,IA,NCAA Tournament,,NCAA_TOURNAMENT,Sweet Sixteen,"Iowa 2025-26 media guide, Year-by-Year Scores","3/16 5/-- Morehead State W, 97-83",resolved,,,,,
961,IOWARAW-00962,iowa,2025-26_media_guide_year_by_year,1955-1956,1956,1956-03-17,Kentucky,Kentucky,kentucky,Yes,89,77,W,0,,,H,SOURCE_PROGRAM_HOME,Iowa Field House,Iowa Field House,Iowa City,IA,NCAA Tournament,,NCAA_TOURNAMENT,Elite Eight,"Iowa 2025-26 media guide, Year-by-Year Scores","3/17 5/9 Kentucky W, 89-77",resolved,,,,,
962,IOWARAW-00963,iowa,2025-26_media_guide_year_by_year,1955-1956,1956,1956-03-22,Temple,Temple,temple,No,83,76,W,0,,,vs.,NEUTRAL,Welsh-Ryan Arena,Welsh-Ryan Arena,Evanston,IL,NCAA Tournament,,NCAA_TOURNAMENT,Final Four,"Iowa 2025-26 media guide, Year-by-Year Scores","3/22 5/13 vs.Temple (n) W, 83-76",resolved,,,,,
963,IOWARAW-00964,iowa,2025-26_media_guide_year_by_year,1955-1956,1956,1956-03-23,San Francisco,San Francisco,san-francisco,Yes,71,83,L,0,,,vs.,NEUTRAL,Welsh-Ryan Arena,Welsh-Ryan Arena,Evanston,IL,NCAA Tournament,,NCAA_TOURNAMENT,Championship,"Iowa 2025-26 media guide, Year-by-Year Scores","3/23 5/1 vs. San Francisco (n) L, 71-83",resolved,,,,,
964,IOWARAW-00965,iowa,2025-26_media_guide_year_by_year,1956-1957,1957,1956-12-03,Nebraska,Nebraska,nebraska,Yes,43,67,L,0,,,at,OPPONENT_HOME,,,,,,,REGULAR_SEASON,,"Iowa 2025-26 media guide, Year-by-Year Scores","12/3		 at Nebraska L, 43-67",resolved,,,,,
965,IOWARAW-00966,iowa,2025-26_media_guide_year_by_year,1956-1957,1957,1956-12-08,Denver,Denver,denver,Yes,58,57,W,0,,,H,SOURCE_PROGRAM_HOME,Iowa Field House,Iowa Field House,Iowa City,IA,,,REGULAR_SEASON,,"Iowa 2025-26 media guide, Year-by-Year Scores","12/8		 Denver W, 58-57",resolved,,,,,
966,IOWARAW-00967,iowa,2025-26_media_guide_year_by_year,1956-1957,1957,1956-12-17,Loyola (LA),Loyola (LA),loyola-la,No,80,65,W,0,,,H,SOURCE_PROGRAM_HOME,Iowa Field House,Iowa Field House,Iowa City,IA,,,REGULAR_SEASON,,"Iowa 2025-26 media guide, Year-by-Year Scores","12/17		 Loyola (LA) W, 80-65",resolved,,,,,
967,IOWARAW-00968,iowa,2025-26_media_guide_year_by_year,1956-1957,1957,1956-12-22,Kansas State,Kansas State,kansas-state,Yes,85,83,W,0,,,H,SOURCE_PROGRAM_HOME,Iowa Field House,Iowa Field House,Iowa City,IA,,,REGULAR_SEASON,,"Iowa 2025-26 media guide, Year-by-Year Scores","12/22 --/14 Kansas State W, 85-83",resolved,,,,,
968,IOWARAW-00969,iowa,2025-26_media_guide_year_by_year,1956-1957,1957,1956-12-27,NC State,NC State,nc-state,Yes,70,84,L,0,,,vs.,NEUTRAL,,,,,,,REGULAR_SEASON,,"Iowa 2025-26 media guide, Year-by-Year Scores","12/27		 vs. NC State (n) L, 70-84",resolved,,,,,
969,IOWARAW-00970,iowa,2025-26_media_guide_year_by_year,1956-1957,1957,1956-12-28,DePaul,DePaul,depaul,Yes,72,73,L,1,,,vs.,NEUTRAL,,,,,,,REGULAR_SEASON,,"Iowa 2025-26 media guide, Year-by-Year Scores","12/28		 vs. DePaul (n) # L, 72-73",resolved,,,,,
970,IOWARAW-00971,iowa,2025-26_media_guide_year_by_year,1956-1957,1957,1956-12-29,West Virginia,West Virginia,west-virginia,No,79,76,W,0,,,vs.,NEUTRAL,,,,,,,REGULAR_SEASON,,"Iowa 2025-26 media guide, Year-by-Year Scores","12/29 --/4 vs.WestVirginia (n) W, 79-76",resolved,,,,,
971,IOWARAW-00972,iowa,2025-26_media_guide_year_by_year,1956-1957,1957,1957-01-05,Ohio State,Ohio State,ohio-state,Yes,60,72,L,0,,,H,SOURCE_PROGRAM_HOME,Iowa Field House,Iowa Field House,Iowa City,IA,,,REGULAR_SEASON,,"Iowa 2025-26 media guide, Year-by-Year Scores","1/5		 Ohio State L, 60-72",resolved,,,,,
972,IOWARAW-00973,iowa,2025-26_media_guide_year_by_year,1956-1957,1957,1957-01-07,Illinois,Illinois,illinois,Yes,70,81,L,0,,,at,OPPONENT_HOME,,,,,,,REGULAR_SEASON,,"Iowa 2025-26 media guide, Year-by-Year Scores","1/7 --/5 at Illinois L, 70-81",resolved,,,,,
973,IOWARAW-00974,iowa,2025-26_media_guide_year_by_year,1956-1957,1957,1957-01-12,Minnesota,Minnesota,minnesota,Yes,89,66,W,0,,,H,SOURCE_PROGRAM_HOME,Iowa Field House,Iowa Field House,Iowa City,IA,,,REGULAR_SEASON,,"Iowa 2025-26 media guide, Year-by-Year Scores","1/12 --/19 Minnesota W, 89-66",resolved,,,,,
974,IOWARAW-00975,iowa,2025-26_media_guide_year_by_year,1956-1957,1957,1957-01-19,Wisconsin,Wisconsin,wisconsin,Yes,70,47,W,0,,,H,SOURCE_PROGRAM_HOME,Iowa Field House,Iowa Field House,Iowa City,IA,,,REGULAR_SEASON,,"Iowa 2025-26 media guide, Year-by-Year Scores","1/19		 atWisconsin W, 70-47",resolved,,,,,
975,IOWARAW-00976,iowa,2025-26_media_guide_year_by_year,1956-1957,1957,1957-01-21,Northwestern,Northwestern,northwestern,Yes,63,70,L,0,,,at,OPPONENT_HOME,,,,,,,REGULAR_SEASON,,"Iowa 2025-26 media guide, Year-by-Year Scores","1/21		 at Northwestern L, 63-70",resolved,,,,,
976,IOWARAW-00977,iowa,2025-26_media_guide_year_by_year,1956-1957,1957,1957-02-02,Indiana,Indiana,indiana,Yes,66,82,L,0,,,H,SOURCE_PROGRAM_HOME,Iowa Field House,Iowa Field House,Iowa City,IA,,,REGULAR_SEASON,,"Iowa 2025-26 media guide, Year-by-Year Scores","2/2		 Indiana L, 66-82",resolved,,,,,
977,IOWARAW-00978,iowa,2025-26_media_guide_year_by_year,1956-1957,1957,1957-02-04,Washington (MO),Washington (MO),washington-mo,No,54,62,L,0,,,H,SOURCE_PROGRAM_HOME,Iowa Field House,Iowa Field House,Iowa City,IA,,,REGULAR_SEASON,,"Iowa 2025-26 media guide, Year-by-Year Scores","2/4		 atWashington (MO) L, 54-62",resolved,,,,,
978,IOWARAW-00979,iowa,2025-26_media_guide_year_by_year,1956-1957,1957,1957-02-09,Purdue,Purdue,purdue,Yes,74,67,W,0,,,H,SOURCE_PROGRAM_HOME,Iowa Field House,Iowa Field House,Iowa City,IA,,,REGULAR_SEASON,,"Iowa 2025-26 media guide, Year-by-Year Scores","2/9 --/17 Purdue W, 74-67",resolved,,,,,
979,IOWARAW-00980,iowa,2025-26_media_guide_year_by_year,1956-1957,1957,1957-02-16,Michigan State,Michigan State,michigan-state,Yes,67,77,L,0,,,at,OPPONENT_HOME,,,,,,,REGULAR_SEASON,,"Iowa 2025-26 media guide, Year-by-Year Scores","2/16		 at Michigan State L, 67-77",resolved,,,,,
980,IOWARAW-00981,iowa,2025-26_media_guide_year_by_year,1956-1957,1957,1957-02-18,Indiana,Indiana,indiana,Yes,76,90,L,0,,,at,OPPONENT_HOME,,,,,,,REGULAR_SEASON,,"Iowa 2025-26 media guide, Year-by-Year Scores","2/18 --/11 at Indiana L, 76-90",resolved,,,,,
981,IOWARAW-00982,iowa,2025-26_media_guide_year_by_year,1956-1957,1957,1957-02-23,Northwestern,Northwestern,northwestern,Yes,74,66,W,0,,,H,SOURCE_PROGRAM_HOME,Iowa Field House,Iowa Field House,Iowa City,IA,,,REGULAR_SEASON,,"Iowa 2025-26 media guide, Year-by-Year Scores","2/23		 Northwestern W, 74-66",resolved,,,,,
982,IOWARAW-00983,iowa,2025-26_media_guide_year_by_year,1956-1957,1957,1957-02-25,Minnesota,Minnesota,minnesota,Yes,81,102,L,0,,,at,OPPONENT_HOME,,,,,,,REGULAR_SEASON,,"Iowa 2025-26 media guide, Year-by-Year Scores","2/25		 at Minnesota L, 81-102",resolved,,,,,
983,IOWARAW-00984,iowa,2025-26_media_guide_year_by_year,1956-1957,1957,1957-03-02,Michigan,Michigan,michigan,Yes,79,83,L,0,,,H,SOURCE_PROGRAM_HOME,Iowa Field House,Iowa Field House,Iowa City,IA,,,REGULAR_SEASON,,"Iowa 2025-26 media guide, Year-by-Year Scores","3/2		 Michigan L, 79-83",resolved,,,,,
984,IOWARAW-00985,iowa,2025-26_media_guide_year_by_year,1956-1957,1957,1957-03-04,Purdue,Purdue,purdue,Yes,63,72,L,0,,,at,OPPONENT_HOME,,,,,,,REGULAR_SEASON,,"Iowa 2025-26 media guide, Year-by-Year Scores","3/4		 at Purdue L, 63-72",resolved,,,,,
985,IOWARAW-00986,iowa,2025-26_media_guide_year_by_year,1956-1957,1957,1957-03-09,Wisconsin,Wisconsin,wisconsin,Yes,59,60,L,0,,,H,SOURCE_PROGRAM_HOME,Iowa Field House,Iowa Field House,Iowa City,IA,,,REGULAR_SEASON,,"Iowa 2025-26 media guide, Year-by-Year Scores","3/9		 Wisconsin L, 59-60",resolved,,,,,
986,IOWARAW-00987,iowa,2025-26_media_guide_year_by_year,1957-1958,1958,1957-12-03,SMU,SMU,smu,Yes,66,60,W,0,,,H,SOURCE_PROGRAM_HOME,Iowa Field House,Iowa Field House,Iowa City,IA,,,REGULAR_SEASON,,"Iowa 2025-26 media guide, Year-by-Year Scores","12/3		 SMU W, 66-60",resolved,,,,,
987,IOWARAW-00988,iowa,2025-26_media_guide_year_by_year,1957-1958,1958,1957-12-07,Arizona,Arizona,arizona,Yes,80,63,W,0,,,H,SOURCE_PROGRAM_HOME,Iowa Field House,Iowa Field House,Iowa City,IA,,,REGULAR_SEASON,,"Iowa 2025-26 media guide, Year-by-Year Scores","12/7		 Arizona W, 80-63",resolved,,,,,
988,IOWARAW-00989,iowa,2025-26_media_guide_year_by_year,1957-1958,1958,1957-12-14,Kansas State,Kansas State,kansas-state,Yes,69,86,L,0,,,at,OPPONENT_HOME,,,,,,,REGULAR_SEASON,,"Iowa 2025-26 media guide, Year-by-Year Scores","12/14 --/5 at Kansas State L, 69-86",resolved,,,,,
989,IOWARAW-00990,iowa,2025-26_media_guide_year_by_year,1957-1958,1958,1957-12-16,Wichita State,Wichita State,wichita-state,Yes,78,81,L,0,,,H,SOURCE_PROGRAM_HOME,Iowa Field House,Iowa Field House,Iowa City,IA,,,REGULAR_SEASON,,"Iowa 2025-26 media guide, Year-by-Year Scores","12/16		 atWichita State L, 78-81",resolved,,,,,
990,IOWARAW-00991,iowa,2025-26_media_guide_year_by_year,1957-1958,1958,1957-12-21,Oregon State,Oregon State,oregon-state,Yes,77,67,W,1,,,H,SOURCE_PROGRAM_HOME,Iowa Field House,Iowa Field House,Iowa City,IA,,,REGULAR_SEASON,,"Iowa 2025-26 media guide, Year-by-Year Scores","12/21 --/17 Oregon State# W, 77-67",resolved,,,,,
991,IOWARAW-00992,iowa,2025-26_media_guide_year_by_year,1957-1958,1958,1957-12-28,Cornell - NY,Cornell,cornell,Yes,73,68,W,0,,,vs.,NEUTRAL,,,,,,,REGULAR_SEASON,,"Iowa 2025-26 media guide, Year-by-Year Scores","12/28		 vs. Cornell - NY (n) W, 73-68",resolved,,,,,
992,IOWARAW-00993,iowa,2025-26_media_guide_year_by_year,1957-1958,1958,1957-12-30,Syracuse,Syracuse,syracuse,Yes,58,52,W,0,,,vs.,NEUTRAL,,,,,,,REGULAR_SEASON,,"Iowa 2025-26 media guide, Year-by-Year Scores","12/30		 vs. Syracuse (n) W, 58-52",resolved,,,,,
993,IOWARAW-00994,iowa,2025-26_media_guide_year_by_year,1957-1958,1958,1958-01-04,Michigan,Michigan,michigan,Yes,65,73,L,0,,,H,SOURCE_PROGRAM_HOME,Iowa Field House,Iowa Field House,Iowa City,IA,,,REGULAR_SEASON,,"Iowa 2025-26 media guide, Year-by-Year Scores","1/4		 Michigan L, 65-73",resolved,,,,,
994,IOWARAW-00995,iowa,2025-26_media_guide_year_by_year,1957-1958,1958,1958-01-06,Illinois,Illinois,illinois,Yes,70,68,W,0,,,at,OPPONENT_HOME,,,,,,,REGULAR_SEASON,,"Iowa 2025-26 media guide, Year-by-Year Scores","1/6 --/17 at Illinois W, 70-68",resolved,,,,,
995,IOWARAW-00996,iowa,2025-26_media_guide_year_by_year,1957-1958,1958,1958-01-13,Northwestern,Northwestern,northwestern,Yes,80,82,L,1,,,H,SOURCE_PROGRAM_HOME,Iowa Field House,Iowa Field House,Iowa City,IA,,,REGULAR_SEASON,,"Iowa 2025-26 media guide, Year-by-Year Scores","1/13		 Northwestern# L, 80-82",resolved,,,,,
996,IOWARAW-00997,iowa,2025-26_media_guide_year_by_year,1957-1958,1958,1958-01-18,Indiana,Indiana,indiana,Yes,79,75,W,0,,,H,SOURCE_PROGRAM_HOME,Iowa Field House,Iowa Field House,Iowa City,IA,,,REGULAR_SEASON,,"Iowa 2025-26 media guide, Year-by-Year Scores","1/18		 Indiana W, 79-75",resolved,,,,,
997,IOWARAW-00998,iowa,2025-26_media_guide_year_by_year,1957-1958,1958,1958-01-20,Ohio State,Ohio State,ohio-state,Yes,64,70,L,0,,,at,OPPONENT_HOME,,,,,,,REGULAR_SEASON,,"Iowa 2025-26 media guide, Year-by-Year Scores","1/20		 at Ohio State L, 64-70",resolved,,,,,
998,IOWARAW-00999,iowa,2025-26_media_guide_year_by_year,1957-1958,1958,1958-01-25,Minnesota,Minnesota,minnesota,Yes,73,71,W,0,,,at,OPPONENT_HOME,,,,,,,REGULAR_SEASON,,"Iowa 2025-26 media guide, Year-by-Year Scores","1/25		 at Minnesota W, 73-71",resolved,,,,,
999,IOWARAW-01000,iowa,2025-26_media_guide_year_by_year,1957-1958,1958,1958-02-01,Ohio State,Ohio State,ohio-state,Yes,66,64,W,0,,,H,SOURCE_PROGRAM_HOME,Iowa Field House,Iowa Field House,Iowa City,IA,,,REGULAR_SEASON,,"Iowa 2025-26 media guide, Year-by-Year Scores","2/1		 Ohio State W, 66-64",resolved,,,,,
1000,IOWARAW-01001,iowa,2025-26_media_guide_year_by_year,1957-1958,1958,1958-02-08,Miami (OH),Miami (OH),miami-oh,Yes,82,77,W,0,,,H,SOURCE_PROGRAM_HOME,Iowa Field House,Iowa Field House,Iowa City,IA,,,REGULAR_SEASON,,"Iowa 2025-26 media guide, Year-by-Year Scores","2/8		 Miami (OH) W, 82-77",resolved,,,,,
1001,IOWARAW-01002,iowa,2025-26_media_guide_year_by_year,1957-1958,1958,1958-02-10,Michigan State,Michigan State,michigan-state,Yes,84,90,L,0,,,at,OPPONENT_HOME,,,,,,,REGULAR_SEASON,,"Iowa 2025-26 media guide, Year-by-Year Scores","2/10 --/19 at Michigan State L, 84-90",resolved,,,,,
1002,IOWARAW-01003,iowa,2025-26_media_guide_year_by_year,1957-1958,1958,1958-02-17,Wisconsin,Wisconsin,wisconsin,Yes,74,61,W,0,,,H,SOURCE_PROGRAM_HOME,Iowa Field House,Iowa Field House,Iowa City,IA,,,REGULAR_SEASON,,"Iowa 2025-26 media guide, Year-by-Year Scores","2/17		 Wisconsin W, 74-61",resolved,,,,,
1003,IOWARAW-01004,iowa,2025-26_media_guide_year_by_year,1957-1958,1958,1958-02-22,Illinois,Illinois,illinois,Yes,83,79,W,0,,,H,SOURCE_PROGRAM_HOME,Iowa Field House,Iowa Field House,Iowa City,IA,,,REGULAR_SEASON,,"Iowa 2025-26 media guide, Year-by-Year Scores","2/22		 Illinois W, 83-79",resolved,,,,,
1004,IOWARAW-01005,iowa,2025-26_media_guide_year_by_year,1957-1958,1958,1958-02-24,Northwestern,Northwestern,northwestern,Yes,86,78,W,0,,,at,OPPONENT_HOME,,,,,,,REGULAR_SEASON,,"Iowa 2025-26 media guide, Year-by-Year Scores","2/24		 at Northwestern W, 86-78",resolved,,,,,
1005,IOWARAW-01006,iowa,2025-26_media_guide_year_by_year,1957-1958,1958,1958-03-01,Michigan State,Michigan State,michigan-state,Yes,65,83,L,0,,,H,SOURCE_PROGRAM_HOME,Iowa Field House,Iowa Field House,Iowa City,IA,,,REGULAR_SEASON,,"Iowa 2025-26 media guide, Year-by-Year Scores","3/1 --/15 Michigan State L, 65-83",resolved,,,,,
1006,IOWARAW-01007,iowa,2025-26_media_guide_year_by_year,1957-1958,1958,1958-03-03,Purdue,Purdue,purdue,Yes,59,65,L,0,,,at,OPPONENT_HOME,,,,,,,REGULAR_SEASON,,"Iowa 2025-26 media guide, Year-by-Year Scores","3/3		 at Purdue L, 59-65",resolved,,,,,
1007,IOWARAW-01008,iowa,2025-26_media_guide_year_by_year,1957-1958,1958,1958-03-08,Michigan,Michigan,michigan,Yes,92,95,L,0,,,at,OPPONENT_HOME,,,,,,,REGULAR_SEASON,,"Iowa 2025-26 media guide, Year-by-Year Scores","3/8		 at Michigan L, 92-95",resolved,,,,,
1008,IOWARAW-01009,iowa,2025-26_media_guide_year_by_year,1958-1959,1959,1958-12-01,Colorado,Colorado,colorado,Yes,67,46,W,0,,,H,SOURCE_PROGRAM_HOME,Iowa Field House,Iowa Field House,Iowa City,IA,,,REGULAR_SEASON,,"Iowa 2025-26 media guide, Year-by-Year Scores","12/1		 Colorado W, 67-46",resolved,,,,,
1009,IOWARAW-01010,iowa,2025-26_media_guide_year_by_year,1958-1959,1959,1958-12-06,SMU,SMU,smu,Yes,55,65,L,0,,,at,OPPONENT_HOME,,,,,,,REGULAR_SEASON,,"Iowa 2025-26 media guide, Year-by-Year Scores","12/6		 at SMU L, 55-65",resolved,,,,,
1010,IOWARAW-01011,iowa,2025-26_media_guide_year_by_year,1958-1959,1959,1958-12-08,Oklahoma,Oklahoma,oklahoma,Yes,57,80,L,0,,,at,OPPONENT_HOME,,,,,,,REGULAR_SEASON,,"Iowa 2025-26 media guide, Year-by-Year Scores","12/8		 at Oklahoma L, 57-80",resolved,,,,,
1011,IOWARAW-01012,iowa,2025-26_media_guide_year_by_year,1958-1959,1959,1958-12-13,Texas Tech,Texas Tech,texas-tech,No,75,73,W,0,,,H,SOURCE_PROGRAM_HOME,Iowa Field House,Iowa Field House,Iowa City,IA,,,REGULAR_SEASON,,"Iowa 2025-26 media guide, Year-by-Year Scores","12/13		 TexasTech W, 75-73",resolved,,,,,
1012,IOWARAW-01013,iowa,2025-26_media_guide_year_by_year,1958-1959,1959,1958-12-19,California,California,california,Yes,52,71,L,0,,,at,OPPONENT_HOME,,,,,,,REGULAR_SEASON,,"Iowa 2025-26 media guide, Year-by-Year Scores","12/19 --/15 at California L, 52-71",resolved,,,,,
1013,IOWARAW-01014,iowa,2025-26_media_guide_year_by_year,1958-1959,1959,1958-12-20,Washington,Washington,washington,Yes,68,81,L,0,,,H,SOURCE_PROGRAM_HOME,Iowa Field House,Iowa Field House,Iowa City,IA,,,REGULAR_SEASON,,"Iowa 2025-26 media guide, Year-by-Year Scores","12/20		 Washington L, 68-81",resolved,,,,,
1014,IOWARAW-01015,iowa,2025-26_media_guide_year_by_year,1958-1959,1959,1958-12-27,Wyoming,Wyoming,wyoming,Yes,82,74,W,0,,,vs.,NEUTRAL,,,,,,,REGULAR_SEASON,,"Iowa 2025-26 media guide, Year-by-Year Scores","12/27		 vs.Wyoming (n) W, 82-74",resolved,,,,,
1015,IOWARAW-01016,iowa,2025-26_media_guide_year_by_year,1958-1959,1959,1958-12-29,Oregon State,Oregon State,oregon-state,Yes,71,72,L,0,,,vs.,NEUTRAL,,,,,,,REGULAR_SEASON,,"Iowa 2025-26 media guide, Year-by-Year Scores","12/29		 vs. Oregon State (n) L, 71-72",resolved,,,,,
1016,IOWARAW-01017,iowa,2025-26_media_guide_year_by_year,1958-1959,1959,1959-01-03,Northwestern,Northwestern,northwestern,Yes,77,80,L,0,,,at,OPPONENT_HOME,,,,,,,REGULAR_SEASON,,"Iowa 2025-26 media guide, Year-by-Year Scores","1/3 --/6 at Northwestern L, 77-80",resolved,,,,,
1017,IOWARAW-01018,iowa,2025-26_media_guide_year_by_year,1958-1959,1959,1959-01-05,Michigan State,Michigan State,michigan-state,Yes,80,68,W,0,,,H,SOURCE_PROGRAM_HOME,Iowa Field House,Iowa Field House,Iowa City,IA,,,REGULAR_SEASON,,"Iowa 2025-26 media guide, Year-by-Year Scores","1/5 --/5 Michigan State W, 80-68",resolved,,,,,
1018,IOWARAW-01019,iowa,2025-26_media_guide_year_by_year,1958-1959,1959,1959-01-12,Illinois,Illinois,illinois,Yes,97,103,L,0,,,at,OPPONENT_HOME,,,,,,,REGULAR_SEASON,,"Iowa 2025-26 media guide, Year-by-Year Scores","1/12		 at Illinois L, 97-103",resolved,,,,,
1019,IOWARAW-01020,iowa,2025-26_media_guide_year_by_year,1958-1959,1959,1959-01-17,Indiana,Indiana,indiana,Yes,88,78,W,0,,,at,OPPONENT_HOME,,,,,,,REGULAR_SEASON,,"Iowa 2025-26 media guide, Year-by-Year Scores","1/17 --/19 at Indiana W, 88-78",resolved,,,,,
1020,IOWARAW-01021,iowa,2025-26_media_guide_year_by_year,1958-1959,1959,1959-01-24,Northwestern,Northwestern,northwestern,Yes,96,99,L,0,,,H,SOURCE_PROGRAM_HOME,Iowa Field House,Iowa Field House,Iowa City,IA,,,REGULAR_SEASON,,"Iowa 2025-26 media guide, Year-by-Year Scores","1/24 --/18 Northwestern L, 96-99",resolved,,,,,
1021,IOWARAW-01022,iowa,2025-26_media_guide_year_by_year,1958-1959,1959,1959-01-26,Ohio State,Ohio State,ohio-state,Yes,72,86,L,0,,,at,OPPONENT_HOME,,,,,,,REGULAR_SEASON,,"Iowa 2025-26 media guide, Year-by-Year Scores","1/26		 at Ohio State L, 72-86",resolved,,,,,
1022,IOWARAW-01023,iowa,2025-26_media_guide_year_by_year,1958-1959,1959,1959-01-31,Michigan,Michigan,michigan,Yes,78,74,W,0,,,H,SOURCE_PROGRAM_HOME,Iowa Field House,Iowa Field House,Iowa City,IA,,,REGULAR_SEASON,,"Iowa 2025-26 media guide, Year-by-Year Scores","1/31		 Michigan W, 78-74",resolved,,,,,
1023,IOWARAW-01024,iowa,2025-26_media_guide_year_by_year,1958-1959,1959,1959-02-07,Minnesota,Minnesota,minnesota,Yes,69,65,W,0,,,H,SOURCE_PROGRAM_HOME,Iowa Field House,Iowa Field House,Iowa City,IA,,,REGULAR_SEASON,,"Iowa 2025-26 media guide, Year-by-Year Scores","2/7		 Minnesota W, 69-65",resolved,,,,,
1024,IOWARAW-01025,iowa,2025-26_media_guide_year_by_year,1958-1959,1959,1959-02-14,Wisconsin,Wisconsin,wisconsin,Yes,94,84,W,0,,,H,SOURCE_PROGRAM_HOME,Iowa Field House,Iowa Field House,Iowa City,IA,,,REGULAR_SEASON,,"Iowa 2025-26 media guide, Year-by-Year Scores","2/14		 atWisconsin W, 94-84",resolved,,,,,
1025,IOWARAW-01026,iowa,2025-26_media_guide_year_by_year,1958-1959,1959,1959-02-16,Michigan,Michigan,michigan,Yes,86,90,L,0,,,at,OPPONENT_HOME,,,,,,,REGULAR_SEASON,,"Iowa 2025-26 media guide, Year-by-Year Scores","2/16		 at Michigan L, 86-90",resolved,,,,,
1026,IOWARAW-01027,iowa,2025-26_media_guide_year_by_year,1958-1959,1959,1959-02-21,Ohio State,Ohio State,ohio-state,Yes,91,79,W,0,,,H,SOURCE_PROGRAM_HOME,Iowa Field House,Iowa Field House,Iowa City,IA,,,REGULAR_SEASON,,"Iowa 2025-26 media guide, Year-by-Year Scores","2/21		 Ohio State W, 91-79",resolved,,,,,
1027,IOWARAW-01028,iowa,2025-26_media_guide_year_by_year,1958-1959,1959,1959-02-23,Purdue,Purdue,purdue,Yes,66,62,W,0,,,H,SOURCE_PROGRAM_HOME,Iowa Field House,Iowa Field House,Iowa City,IA,,,REGULAR_SEASON,,"Iowa 2025-26 media guide, Year-by-Year Scores","2/23		 Purdue W, 66-62",resolved,,,,,
1028,IOWARAW-01029,iowa,2025-26_media_guide_year_by_year,1958-1959,1959,1959-02-28,Illinois,Illinois,illinois,Yes,70,72,L,0,,,H,SOURCE_PROGRAM_HOME,Iowa Field House,Iowa Field House,Iowa City,IA,,,REGULAR_SEASON,,"Iowa 2025-26 media guide, Year-by-Year Scores","2/28		 Illinois L, 70-72",resolved,,,,,
1029,IOWARAW-01030,iowa,2025-26_media_guide_year_by_year,1958-1959,1959,1959-03-07,Michigan State,Michigan State,michigan-state,Yes,74,84,L,0,,,at,OPPONENT_HOME,,,,,,,REGULAR_SEASON,,"Iowa 2025-26 media guide, Year-by-Year Scores","3/7 --/6 at Michigan State L, 74-84",resolved,,,,,
1030,IOWARAW-01031,iowa,2025-26_media_guide_year_by_year,1959-1960,1960,1959-12-01,Evansville,Evansville,evansville,Yes,86,84,W,0,,,at,OPPONENT_HOME,,,,,,,REGULAR_SEASON,,"Iowa 2025-26 media guide, Year-by-Year Scores","12/1		 at Evansville W, 86-84",resolved,,,,,
1031,IOWARAW-01032,iowa,2025-26_media_guide_year_by_year,1959-1960,1960,1959-12-05,SMU,SMU,smu,Yes,89,58,W,0,,,H,SOURCE_PROGRAM_HOME,Iowa Field House,Iowa Field House,Iowa City,IA,,,REGULAR_SEASON,,"Iowa 2025-26 media guide, Year-by-Year Scores","12/5		 SMU W, 89-58",resolved,,,,,
1032,IOWARAW-01033,iowa,2025-26_media_guide_year_by_year,1959-1960,1960,1959-12-07,North Dakota,North Dakota,north-dakota,Yes,79,43,W,0,,,H,SOURCE_PROGRAM_HOME,Iowa Field House,Iowa Field House,Iowa City,IA,,,REGULAR_SEASON,,"Iowa 2025-26 media guide, Year-by-Year Scores","12/7		 North Dakota W, 79-43",resolved,,,,,
1033,IOWARAW-01034,iowa,2025-26_media_guide_year_by_year,1959-1960,1960,1959-12-12,Texas Tech,Texas Tech,texas-tech,No,76,66,W,0,,,H,SOURCE_PROGRAM_HOME,Iowa Field House,Iowa Field House,Iowa City,IA,,,REGULAR_SEASON,,"Iowa 2025-26 media guide, Year-by-Year Scores","12/12		 atTexasTech W, 76-66",resolved,,,,,
1034,IOWARAW-01035,iowa,2025-26_media_guide_year_by_year,1959-1960,1960,1959-12-14,Colorado,Colorado,colorado,Yes,68,76,L,0,,,at,OPPONENT_HOME,,,,,,,REGULAR_SEASON,,"Iowa 2025-26 media guide, Year-by-Year Scores","12/14		 at Colorado L, 68-76",resolved,,,,,
1035,IOWARAW-01036,iowa,2025-26_media_guide_year_by_year,1959-1960,1960,1959-12-19,Oklahoma,Oklahoma,oklahoma,Yes,62,49,W,0,,,H,SOURCE_PROGRAM_HOME,Iowa Field House,Iowa Field House,Iowa City,IA,,,REGULAR_SEASON,,"Iowa 2025-26 media guide, Year-by-Year Scores","12/19 19/-- Oklahoma W, 62-49",resolved,,,,,
1036,IOWARAW-01037,iowa,2025-26_media_guide_year_by_year,1959-1960,1960,1959-12-22,Loyola (LA),Loyola (LA),loyola-la,No,68,60,W,0,,,H,SOURCE_PROGRAM_HOME,Iowa Field House,Iowa Field House,Iowa City,IA,,,REGULAR_SEASON,,"Iowa 2025-26 media guide, Year-by-Year Scores","12/22 19/-- Loyola (LA) W, 68-60",resolved,,,,,
1037,IOWARAW-01038,iowa,2025-26_media_guide_year_by_year,1959-1960,1960,1959-12-26,St. John’s,St. John's,st-john-s,Yes,91,84,W,0,,,vs.,NEUTRAL,,,,,,,REGULAR_SEASON,,"Iowa 2025-26 media guide, Year-by-Year Scores","12/26 19/-- vs. St. John’s (n) W, 91-84",resolved,,,,,
1038,IOWARAW-01039,iowa,2025-26_media_guide_year_by_year,1959-1960,1960,1959-12-28,NYU,NYU,nyu,No,80,75,W,0,,,at,OPPONENT_HOME,,,,,,,REGULAR_SEASON,,"Iowa 2025-26 media guide, Year-by-Year Scores","12/28 14/12 at NYU W, 80-75",resolved,,,,,
1039,IOWARAW-01040,iowa,2025-26_media_guide_year_by_year,1959-1960,1960,1959-12-30,Cincinnati,Cincinnati,cincinnati,Yes,83,96,L,0,,,vs.,NEUTRAL,,,,,,,REGULAR_SEASON,,"Iowa 2025-26 media guide, Year-by-Year Scores","12/30 14/1 vs. Cincinnati (n) L, 83-96",resolved,,,,,
1040,IOWARAW-01041,iowa,2025-26_media_guide_year_by_year,1959-1960,1960,1960-01-02,Minnesota,Minnesota,minnesota,Yes,61,70,L,0,,,at,OPPONENT_HOME,,,,,,,REGULAR_SEASON,,"Iowa 2025-26 media guide, Year-by-Year Scores","1/2 14/-- at Minnesota L, 61-70",resolved,,,,,
1041,IOWARAW-01042,iowa,2025-26_media_guide_year_by_year,1959-1960,1960,1960-01-04,Wisconsin,Wisconsin,wisconsin,Yes,71,64,W,0,,,H,SOURCE_PROGRAM_HOME,Iowa Field House,Iowa Field House,Iowa City,IA,,,REGULAR_SEASON,,"Iowa 2025-26 media guide, Year-by-Year Scores","1/4		 atWisconsin W, 71-64",resolved,,,,,
1042,IOWARAW-01043,iowa,2025-26_media_guide_year_by_year,1959-1960,1960,1960-01-09,Northwestern,Northwestern,northwestern,Yes,73,59,W,0,,,H,SOURCE_PROGRAM_HOME,Iowa Field House,Iowa Field House,Iowa City,IA,,,REGULAR_SEASON,,"Iowa 2025-26 media guide, Year-by-Year Scores","1/9		 Northwestern W, 73-59",resolved,,,,,
1043,IOWARAW-01044,iowa,2025-26_media_guide_year_by_year,1959-1960,1960,1960-01-11,Michigan State,Michigan State,michigan-state,Yes,92,79,W,0,,,H,SOURCE_PROGRAM_HOME,Iowa Field House,Iowa Field House,Iowa City,IA,,,REGULAR_SEASON,,"Iowa 2025-26 media guide, Year-by-Year Scores","1/11		 Michigan State W, 92-79",resolved,,,,,
1044,IOWARAW-01045,iowa,2025-26_media_guide_year_by_year,1959-1960,1960,1960-01-16,Purdue,Purdue,purdue,Yes,63,54,W,0,,,H,SOURCE_PROGRAM_HOME,Iowa Field House,Iowa Field House,Iowa City,IA,,,REGULAR_SEASON,,"Iowa 2025-26 media guide, Year-by-Year Scores","1/16		 Purdue W, 63-54",resolved,,,,,
1045,IOWARAW-01046,iowa,2025-26_media_guide_year_by_year,1959-1960,1960,1960-01-23,Michigan State,Michigan State,michigan-state,Yes,80,90,L,0,,,at,OPPONENT_HOME,,,,,,,REGULAR_SEASON,,"Iowa 2025-26 media guide, Year-by-Year Scores","1/23 15/-- at Michigan State L, 80-90",resolved,,,,,
1046,IOWARAW-01047,iowa,2025-26_media_guide_year_by_year,1959-1960,1960,1960-01-25,Minnesota,Minnesota,minnesota,Yes,72,87,L,0,,,H,SOURCE_PROGRAM_HOME,Iowa Field House,Iowa Field House,Iowa City,IA,,,REGULAR_SEASON,,"Iowa 2025-26 media guide, Year-by-Year Scores","1/25		 Minnesota L, 72-87",resolved,,,,,
1047,IOWARAW-01048,iowa,2025-26_media_guide_year_by_year,1959-1960,1960,1960-02-08,Indiana,Indiana,indiana,Yes,74,87,L,0,,,at,OPPONENT_HOME,,,,,,,REGULAR_SEASON,,"Iowa 2025-26 media guide, Year-by-Year Scores","2/8		 at Indiana L, 74-87",resolved,,,,,
1048,IOWARAW-01049,iowa,2025-26_media_guide_year_by_year,1959-1960,1960,1960-02-13,Ohio State,Ohio State,ohio-state,Yes,47,75,L,0,,,at,OPPONENT_HOME,,,,,,,REGULAR_SEASON,,"Iowa 2025-26 media guide, Year-by-Year Scores","2/13 --/4 at Ohio State L, 47-75",resolved,,,,,
1049,IOWARAW-01050,iowa,2025-26_media_guide_year_by_year,1959-1960,1960,1960-02-15,Wisconsin,Wisconsin,wisconsin,Yes,58,63,L,0,,,H,SOURCE_PROGRAM_HOME,Iowa Field House,Iowa Field House,Iowa City,IA,,,REGULAR_SEASON,,"Iowa 2025-26 media guide, Year-by-Year Scores","2/15		 Wisconsin L, 58-63",resolved,,,,,
1050,IOWARAW-01051,iowa,2025-26_media_guide_year_by_year,1959-1960,1960,1960-02-20,Indiana,Indiana,indiana,Yes,64,79,L,0,,,H,SOURCE_PROGRAM_HOME,Iowa Field House,Iowa Field House,Iowa City,IA,,,REGULAR_SEASON,,"Iowa 2025-26 media guide, Year-by-Year Scores","2/20		 Indiana L, 64-79",resolved,,,,,
1051,IOWARAW-01052,iowa,2025-26_media_guide_year_by_year,1959-1960,1960,1960-02-22,Purdue,Purdue,purdue,Yes,78,68,W,0,,,at,OPPONENT_HOME,,,,,,,REGULAR_SEASON,,"Iowa 2025-26 media guide, Year-by-Year Scores","2/22		 at Purdue W, 78-68",resolved,,,,,
1052,IOWARAW-01053,iowa,2025-26_media_guide_year_by_year,1959-1960,1960,1960-02-27,Illinois,Illinois,illinois,Yes,70,85,L,0,,,at,OPPONENT_HOME,,,,,,,REGULAR_SEASON,,"Iowa 2025-26 media guide, Year-by-Year Scores","2/27		 at Illinois L, 70-85",resolved,,,,,
1053,IOWARAW-01054,iowa,2025-26_media_guide_year_by_year,1959-1960,1960,1960-03-05,Michigan,Michigan,michigan,Yes,68,53,W,0,,,at,OPPONENT_HOME,,,,,,,REGULAR_SEASON,,"Iowa 2025-26 media guide, Year-by-Year Scores","3/5		 at Michigan W, 68-53",resolved,,,,,
1054,IOWARAW-01055,iowa,2025-26_media_guide_year_by_year,1960-1961,1961,1960-12-01,South Dakota State,South Dakota State,south-dakota-state,Yes,77,75,W,0,,,H,SOURCE_PROGRAM_HOME,Iowa Field House,Iowa Field House,Iowa City,IA,,,REGULAR_SEASON,,"Iowa 2025-26 media guide, Year-by-Year Scores","12/1		 South Dakota State W, 77-75",resolved,,,,,
1055,IOWARAW-01056,iowa,2025-26_media_guide_year_by_year,1960-1961,1961,1960-12-03,Evansville,Evansville,evansville,Yes,83,71,W,0,,,at,OPPONENT_HOME,,,,,,,REGULAR_SEASON,,"Iowa 2025-26 media guide, Year-by-Year Scores","12/3		 at Evansville W, 83-71",resolved,,,,,
1056,IOWARAW-01057,iowa,2025-26_media_guide_year_by_year,1960-1961,1961,1960-12-10,Saint Louis,Saint Louis,saint-louis,Yes,55,61,L,0,,,H,SOURCE_PROGRAM_HOME,Iowa Field House,Iowa Field House,Iowa City,IA,,,REGULAR_SEASON,,"Iowa 2025-26 media guide, Year-by-Year Scores","12/10		 Saint Louis L, 55-61",resolved,,,,,
1057,IOWARAW-01058,iowa,2025-26_media_guide_year_by_year,1960-1961,1961,1960-12-12,Creighton,Creighton,creighton,Yes,89,71,W,0,,,H,SOURCE_PROGRAM_HOME,Iowa Field House,Iowa Field House,Iowa City,IA,,,REGULAR_SEASON,,"Iowa 2025-26 media guide, Year-by-Year Scores","12/12		 Creighton W, 89-71",resolved,,,,,
1058,IOWARAW-01059,iowa,2025-26_media_guide_year_by_year,1960-1961,1961,1960-12-17,Wyoming,Wyoming,wyoming,Yes,78,67,W,0,,,H,SOURCE_PROGRAM_HOME,Iowa Field House,Iowa Field House,Iowa City,IA,,,REGULAR_SEASON,,"Iowa 2025-26 media guide, Year-by-Year Scores","12/17		 Wyoming W, 78-67",resolved,,,,,
1059,IOWARAW-01060,iowa,2025-26_media_guide_year_by_year,1960-1961,1961,1960-12-19,Arizona,Arizona,arizona,Yes,105,64,W,0,,,H,SOURCE_PROGRAM_HOME,Iowa Field House,Iowa Field House,Iowa City,IA,,,REGULAR_SEASON,,"Iowa 2025-26 media guide, Year-by-Year Scores","12/19		 Arizona W, 105-64",resolved,,,,,
1060,IOWARAW-01061,iowa,2025-26_media_guide_year_by_year,1960-1961,1961,1960-12-28,California,California,california,Yes,83,80,W,4,,,vs.,NEUTRAL,,,,,,,REGULAR_SEASON,,"Iowa 2025-26 media guide, Year-by-Year Scores","12/28		 vs. California (n) #### W, 83-80",resolved,,,,,
1061,IOWARAW-01062,iowa,2025-26_media_guide_year_by_year,1960-1961,1961,1960-12-29,USC,USC,usc,Yes,70,62,W,0,,,at,OPPONENT_HOME,,,,,,,REGULAR_SEASON,,"Iowa 2025-26 media guide, Year-by-Year Scores","12/29		 at USC W, 70-62",resolved,,,,,
1062,IOWARAW-01063,iowa,2025-26_media_guide_year_by_year,1960-1961,1961,1960-12-30,UCLA,UCLA,ucla,Yes,71,65,W,0,,,at,OPPONENT_HOME,,,,,,,REGULAR_SEASON,,"Iowa 2025-26 media guide, Year-by-Year Scores","12/30 --/16 at UCLA W, 71-65",resolved,,,,,
1063,IOWARAW-01064,iowa,2025-26_media_guide_year_by_year,1960-1961,1961,1961-01-07,Minnesota,Minnesota,minnesota,Yes,71,46,W,0,,,H,SOURCE_PROGRAM_HOME,Iowa Field House,Iowa Field House,Iowa City,IA,,,REGULAR_SEASON,,"Iowa 2025-26 media guide, Year-by-Year Scores","1/7 7/-- Minnesota W, 71-46",resolved,,,,,
1064,IOWARAW-01065,iowa,2025-26_media_guide_year_by_year,1960-1961,1961,1961-01-09,Wisconsin,Wisconsin,wisconsin,Yes,76,68,W,0,,,H,SOURCE_PROGRAM_HOME,Iowa Field House,Iowa Field House,Iowa City,IA,,,REGULAR_SEASON,,"Iowa 2025-26 media guide, Year-by-Year Scores","1/9 6/-- atWisconsin W, 76-68",resolved,,,,,
1065,IOWARAW-01066,iowa,2025-26_media_guide_year_by_year,1960-1961,1961,1961-01-14,Michigan State,Michigan State,michigan-state,Yes,86,72,W,0,,,H,SOURCE_PROGRAM_HOME,Iowa Field House,Iowa Field House,Iowa City,IA,,,REGULAR_SEASON,,"Iowa 2025-26 media guide, Year-by-Year Scores","1/14 6/-- Michigan State W, 86-72",resolved,,,,,
1066,IOWARAW-01067,iowa,2025-26_media_guide_year_by_year,1960-1961,1961,1961-01-16,Illinois,Illinois,illinois,Yes,78,71,W,0,,,H,SOURCE_PROGRAM_HOME,Iowa Field House,Iowa Field House,Iowa City,IA,,,REGULAR_SEASON,,"Iowa 2025-26 media guide, Year-by-Year Scores","1/16 4/-- Illinois W, 78-71",resolved,,,,,
1067,IOWARAW-01068,iowa,2025-26_media_guide_year_by_year,1960-1961,1961,1961-01-21,Purdue,Purdue,purdue,Yes,41,47,L,0,,,at,OPPONENT_HOME,,,,,,,REGULAR_SEASON,,"Iowa 2025-26 media guide, Year-by-Year Scores","1/21 4/-- at Purdue L, 41-47",resolved,,,,,
1068,IOWARAW-01069,iowa,2025-26_media_guide_year_by_year,1960-1961,1961,1961-02-04,Cincinnati,Cincinnati,cincinnati,Yes,60,77,L,0,,,at,OPPONENT_HOME,,,,,,,REGULAR_SEASON,,"Iowa 2025-26 media guide, Year-by-Year Scores","2/4 6/-- at Cincinnati L, 60-77",resolved,,,,,
1069,IOWARAW-01070,iowa,2025-26_media_guide_year_by_year,1960-1961,1961,1961-02-11,Indiana,Indiana,indiana,Yes,74,67,W,0,,,at,OPPONENT_HOME,,,,,,,REGULAR_SEASON,,"Iowa 2025-26 media guide, Year-by-Year Scores","2/11 9/-- at Indiana W, 74-67",resolved,,,,,
1070,IOWARAW-01071,iowa,2025-26_media_guide_year_by_year,1960-1961,1961,1961-02-13,Wisconsin,Wisconsin,wisconsin,Yes,63,61,W,0,,,H,SOURCE_PROGRAM_HOME,Iowa Field House,Iowa Field House,Iowa City,IA,,,REGULAR_SEASON,,"Iowa 2025-26 media guide, Year-by-Year Scores","2/13 9/-- Wisconsin W, 63-61",resolved,,,,,
1071,IOWARAW-01072,iowa,2025-26_media_guide_year_by_year,1960-1961,1961,1961-02-18,Ohio State,Ohio State,ohio-state,Yes,61,62,L,0,,,H,SOURCE_PROGRAM_HOME,Iowa Field House,Iowa Field House,Iowa City,IA,,,REGULAR_SEASON,,"Iowa 2025-26 media guide, Year-by-Year Scores","2/18 9/1 Ohio State L, 61-62",resolved,,,,,
1072,IOWARAW-01073,iowa,2025-26_media_guide_year_by_year,1960-1961,1961,1961-02-20,Michigan,Michigan,michigan,Yes,50,46,W,0,,,at,OPPONENT_HOME,,,,,,,REGULAR_SEASON,,"Iowa 2025-26 media guide, Year-by-Year Scores","2/20 5/-- at Michigan W, 50-46",resolved,,,,,
1073,IOWARAW-01074,iowa,2025-26_media_guide_year_by_year,1960-1961,1961,1961-02-25,Minnesota,Minnesota,minnesota,Yes,61,43,W,0,,,at,OPPONENT_HOME,,,,,,,REGULAR_SEASON,,"Iowa 2025-26 media guide, Year-by-Year Scores","2/25 5/-- at Minnesota W, 61-43",resolved,,,,,
1074,IOWARAW-01075,iowa,2025-26_media_guide_year_by_year,1960-1961,1961,1961-02-27,Purdue,Purdue,purdue,Yes,73,62,W,0,,,H,SOURCE_PROGRAM_HOME,Iowa Field House,Iowa Field House,Iowa City,IA,,,REGULAR_SEASON,,"Iowa 2025-26 media guide, Year-by-Year Scores","2/27 6/-- Purdue W, 73-62",resolved,,,,,
1075,IOWARAW-01076,iowa,2025-26_media_guide_year_by_year,1960-1961,1961,1961-03-04,Indiana,Indiana,indiana,Yes,69,78,L,0,,,H,SOURCE_PROGRAM_HOME,Iowa Field House,Iowa Field House,Iowa City,IA,,,REGULAR_SEASON,,"Iowa 2025-26 media guide, Year-by-Year Scores","3/4 6/-- Indiana L, 69-78",resolved,,,,,
1076,IOWARAW-01077,iowa,2025-26_media_guide_year_by_year,1960-1961,1961,1961-03-06,Michigan State,Michigan State,michigan-state,Yes,64,74,L,0,,,at,OPPONENT_HOME,,,,,,,REGULAR_SEASON,,"Iowa 2025-26 media guide, Year-by-Year Scores","3/6 6/-- at Michigan State L, 64-74",resolved,,,,,
1077,IOWARAW-01078,iowa,2025-26_media_guide_year_by_year,1960-1961,1961,1961-03-11,Northwestern,Northwestern,northwestern,Yes,63,62,W,0,,,at,OPPONENT_HOME,,,,,,,REGULAR_SEASON,,"Iowa 2025-26 media guide, Year-by-Year Scores","3/11 6/-- at Northwestern W, 63-62",resolved,,,,,
1078,IOWARAW-01079,iowa,2025-26_media_guide_year_by_year,1961-1962,1962,1961-12-02,Evansville,Evansville,evansville,Yes,59,65,L,0,,,at,OPPONENT_HOME,,,,,,,REGULAR_SEASON,,"Iowa 2025-26 media guide, Year-by-Year Scores","12/2		 at Evansville L, 59-65",resolved,,,,,
1079,IOWARAW-01080,iowa,2025-26_media_guide_year_by_year,1961-1962,1962,1961-12-09,Miami (OH),Miami (OH),miami-oh,Yes,75,55,W,0,,,H,SOURCE_PROGRAM_HOME,Iowa Field House,Iowa Field House,Iowa City,IA,,,REGULAR_SEASON,,"Iowa 2025-26 media guide, Year-by-Year Scores","12/9		 Miami (OH) W, 75-55",resolved,,,,,
1080,IOWARAW-01081,iowa,2025-26_media_guide_year_by_year,1961-1962,1962,1961-12-11,South Dakota State,South Dakota State,south-dakota-state,Yes,69,52,W,0,,,H,SOURCE_PROGRAM_HOME,Iowa Field House,Iowa Field House,Iowa City,IA,,,REGULAR_SEASON,,"Iowa 2025-26 media guide, Year-by-Year Scores","12/11		 South Dakota State W, 69-52",resolved,,,,,
1081,IOWARAW-01082,iowa,2025-26_media_guide_year_by_year,1961-1962,1962,1961-12-16,Saint Louis,Saint Louis,saint-louis,Yes,61,79,L,0,,,at,OPPONENT_HOME,,,,,,,REGULAR_SEASON,,"Iowa 2025-26 media guide, Year-by-Year Scores","12/16		 at Saint Louis L, 61-79",resolved,,,,,
1082,IOWARAW-01083,iowa,2025-26_media_guide_year_by_year,1961-1962,1962,1961-12-18,Los Angeles State,Cal State Los Angeles,cal-state-los-angeles,No,82,72,W,0,,,H,SOURCE_PROGRAM_HOME,Iowa Field House,Iowa Field House,Iowa City,IA,,,REGULAR_SEASON,,"Iowa 2025-26 media guide, Year-by-Year Scores","12/18		 Los Angeles State W, 82-72",resolved,,,,,
1083,IOWARAW-01084,iowa,2025-26_media_guide_year_by_year,1961-1962,1962,1961-12-21,Nevada,Nevada,nevada,Yes,88,46,W,0,,,H,SOURCE_PROGRAM_HOME,Iowa Field House,Iowa Field House,Iowa City,IA,,,REGULAR_SEASON,,"Iowa 2025-26 media guide, Year-by-Year Scores","12/21		 Nevada W, 88-46",resolved,,,,,
1084,IOWARAW-01085,iowa,2025-26_media_guide_year_by_year,1961-1962,1962,1961-12-26,Penn State,Penn State,penn-state,Yes,67,48,W,0,,,vs.,NEUTRAL,,,,,,,REGULAR_SEASON,,"Iowa 2025-26 media guide, Year-by-Year Scores","12/26		 vs. Penn State (n) W, 67-48",resolved,,,,,
1085,IOWARAW-01086,iowa,2025-26_media_guide_year_by_year,1961-1962,1962,1961-12-28,Pennsylvania,Pennsylvania,pennsylvania,Yes,72,64,W,0,,,at,OPPONENT_HOME,,,,,,,REGULAR_SEASON,,"Iowa 2025-26 media guide, Year-by-Year Scores","12/28		 at Pennsylvania W, 72-64",resolved,,,,,
1086,IOWARAW-01087,iowa,2025-26_media_guide_year_by_year,1961-1962,1962,1961-12-30,Villanova,Villanova,villanova,Yes,56,69,L,0,,,vs.,NEUTRAL,,,,,,,REGULAR_SEASON,,"Iowa 2025-26 media guide, Year-by-Year Scores","12/30		 vs.Villanova (n) L, 56-69",resolved,,,,,
1087,IOWARAW-01088,iowa,2025-26_media_guide_year_by_year,1961-1962,1962,1962-01-06,Wisconsin,Wisconsin,wisconsin,Yes,79,91,L,0,,,H,SOURCE_PROGRAM_HOME,Iowa Field House,Iowa Field House,Iowa City,IA,,,REGULAR_SEASON,,"Iowa 2025-26 media guide, Year-by-Year Scores","1/6		 atWisconsin L, 79-91",resolved,,,,,
1088,IOWARAW-01089,iowa,2025-26_media_guide_year_by_year,1961-1962,1962,1962-01-08,Northwestern,Northwestern,northwestern,Yes,74,69,W,0,,,H,SOURCE_PROGRAM_HOME,Iowa Field House,Iowa Field House,Iowa City,IA,,,REGULAR_SEASON,,"Iowa 2025-26 media guide, Year-by-Year Scores","1/8		 Northwestern W, 74-69",resolved,,,,,
1089,IOWARAW-01090,iowa,2025-26_media_guide_year_by_year,1961-1962,1962,1962-01-13,Minnesota,Minnesota,minnesota,Yes,65,63,W,0,,,H,SOURCE_PROGRAM_HOME,Iowa Field House,Iowa Field House,Iowa City,IA,,,REGULAR_SEASON,,"Iowa 2025-26 media guide, Year-by-Year Scores","1/13		 Minnesota W, 65-63",resolved,,,,,
1090,IOWARAW-01091,iowa,2025-26_media_guide_year_by_year,1961-1962,1962,1962-01-15,Michigan,Michigan,michigan,Yes,55,56,L,0,,,at,OPPONENT_HOME,,,,,,,REGULAR_SEASON,,"Iowa 2025-26 media guide, Year-by-Year Scores","1/15		 at Michigan L, 55-56",resolved,,,,,
1091,IOWARAW-01092,iowa,2025-26_media_guide_year_by_year,1961-1962,1962,1962-01-20,Northwestern,Northwestern,northwestern,Yes,72,60,W,0,,,at,OPPONENT_HOME,,,,,,,REGULAR_SEASON,,"Iowa 2025-26 media guide, Year-by-Year Scores","1/20		 at Northwestern W, 72-60",resolved,,,,,
1092,IOWARAW-01093,iowa,2025-26_media_guide_year_by_year,1961-1962,1962,1962-02-03,Creighton,Creighton,creighton,Yes,67,68,L,0,,,H,SOURCE_PROGRAM_HOME,Iowa Field House,Iowa Field House,Iowa City,IA,,,REGULAR_SEASON,,"Iowa 2025-26 media guide, Year-by-Year Scores","2/3		 Creighton L, 67-68",resolved,,,,,
1093,IOWARAW-01094,iowa,2025-26_media_guide_year_by_year,1961-1962,1962,1962-02-05,Ohio State,Ohio State,ohio-state,Yes,63,89,L,0,,,at,OPPONENT_HOME,,,,,,,REGULAR_SEASON,,"Iowa 2025-26 media guide, Year-by-Year Scores","2/5 --/1 at Ohio State L, 63-89",resolved,,,,,
1094,IOWARAW-01095,iowa,2025-26_media_guide_year_by_year,1961-1962,1962,1962-02-10,Illinois,Illinois,illinois,Yes,81,91,L,0,,,H,SOURCE_PROGRAM_HOME,Iowa Field House,Iowa Field House,Iowa City,IA,,,REGULAR_SEASON,,"Iowa 2025-26 media guide, Year-by-Year Scores","2/10		 Illinois L, 81-91",resolved,,,,,
1095,IOWARAW-01096,iowa,2025-26_media_guide_year_by_year,1961-1962,1962,1962-02-12,Purdue,Purdue,purdue,Yes,75,82,L,0,,,at,OPPONENT_HOME,,,,,,,REGULAR_SEASON,,"Iowa 2025-26 media guide, Year-by-Year Scores","2/12		 at Purdue L, 75-82",resolved,,,,,
1096,IOWARAW-01097,iowa,2025-26_media_guide_year_by_year,1961-1962,1962,1962-02-17,Indiana,Indiana,indiana,Yes,69,72,L,0,,,at,OPPONENT_HOME,,,,,,,REGULAR_SEASON,,"Iowa 2025-26 media guide, Year-by-Year Scores","2/17		 at Indiana L, 69-72",resolved,,,,,
1097,IOWARAW-01098,iowa,2025-26_media_guide_year_by_year,1961-1962,1962,1962-02-19,Michigan State,Michigan State,michigan-state,Yes,59,51,W,0,,,H,SOURCE_PROGRAM_HOME,Iowa Field House,Iowa Field House,Iowa City,IA,,,REGULAR_SEASON,,"Iowa 2025-26 media guide, Year-by-Year Scores","2/19		 Michigan State W, 59-51",resolved,,,,,
1098,IOWARAW-01099,iowa,2025-26_media_guide_year_by_year,1961-1962,1962,1962-02-24,Michigan,Michigan,michigan,Yes,68,63,W,0,,,H,SOURCE_PROGRAM_HOME,Iowa Field House,Iowa Field House,Iowa City,IA,,,REGULAR_SEASON,,"Iowa 2025-26 media guide, Year-by-Year Scores","2/24		 Michigan W, 68-63",resolved,,,,,
1099,IOWARAW-01100,iowa,2025-26_media_guide_year_by_year,1961-1962,1962,1962-02-26,Ohio State,Ohio State,ohio-state,Yes,62,72,L,0,,,H,SOURCE_PROGRAM_HOME,Iowa Field House,Iowa Field House,Iowa City,IA,,,REGULAR_SEASON,,"Iowa 2025-26 media guide, Year-by-Year Scores","2/26 --/1 Ohio State L, 62-72",resolved,,,,,
1100,IOWARAW-01101,iowa,2025-26_media_guide_year_by_year,1961-1962,1962,1962-03-03,Illinois,Illinois,illinois,Yes,88,78,W,0,,,at,OPPONENT_HOME,,,,,,,REGULAR_SEASON,,"Iowa 2025-26 media guide, Year-by-Year Scores","3/3		 at Illinois W, 88-78",resolved,,,,,
1101,IOWARAW-01102,iowa,2025-26_media_guide_year_by_year,1961-1962,1962,1962-03-10,Wisconsin,Wisconsin,wisconsin,Yes,81,64,W,0,,,H,SOURCE_PROGRAM_HOME,Iowa Field House,Iowa Field House,Iowa City,IA,,,REGULAR_SEASON,,"Iowa 2025-26 media guide, Year-by-Year Scores","3/10		 Wisconsin W, 81-64",resolved,,,,,
1102,IOWARAW-01103,iowa,2025-26_media_guide_year_by_year,1962-1963,1963,1962-12-01,Evansville,Evansville,evansville,Yes,62,57,W,0,,,at,OPPONENT_HOME,,,,,,,REGULAR_SEASON,,"Iowa 2025-26 media guide, Year-by-Year Scores","12/1		 at Evansville W, 62-57",resolved,,,,,
1103,IOWARAW-01104,iowa,2025-26_media_guide_year_by_year,1962-1963,1963,1962-12-10,Saint Louis,Saint Louis,saint-louis,Yes,58,65,L,0,,,at,OPPONENT_HOME,,,,,,,REGULAR_SEASON,,"Iowa 2025-26 media guide, Year-by-Year Scores","12/10		 at Saint Louis L, 58-65",resolved,,,,,
1104,IOWARAW-01105,iowa,2025-26_media_guide_year_by_year,1962-1963,1963,1962-12-15,Ohio University,Ohio University,ohio-university,Yes,54,62,L,0,,,H,SOURCE_PROGRAM_HOME,Iowa Field House,Iowa Field House,Iowa City,IA,,,REGULAR_SEASON,,"Iowa 2025-26 media guide, Year-by-Year Scores","12/15		 Ohio University L, 54-62",resolved,,,,,
1105,IOWARAW-01106,iowa,2025-26_media_guide_year_by_year,1962-1963,1963,1962-12-17,Clemson,Clemson,clemson,Yes,74,64,W,0,,,H,SOURCE_PROGRAM_HOME,Iowa Field House,Iowa Field House,Iowa City,IA,,,REGULAR_SEASON,,"Iowa 2025-26 media guide, Year-by-Year Scores","12/17		 Clemson W, 74-64",resolved,,,,,
1106,IOWARAW-01107,iowa,2025-26_media_guide_year_by_year,1962-1963,1963,1962-12-21,Kentucky,Kentucky,kentucky,Yes,69,94,L,0,,,at,OPPONENT_HOME,,,,,,,REGULAR_SEASON,,"Iowa 2025-26 media guide, Year-by-Year Scores","12/21 --/9 at Kentucky L, 69-94",resolved,,,,,
1107,IOWARAW-01108,iowa,2025-26_media_guide_year_by_year,1962-1963,1963,1962-12-22,Oregon State,Oregon State,oregon-state,Yes,55,61,L,0,,,vs.,NEUTRAL,,,,,,,REGULAR_SEASON,,"Iowa 2025-26 media guide, Year-by-Year Scores","12/22		 vs. Oregon State (n) L, 55-61",resolved,,,,,
1108,IOWARAW-01109,iowa,2025-26_media_guide_year_by_year,1962-1963,1963,1962-12-26,Arizona,Arizona,arizona,Yes,57,56,W,0,,,vs.,NEUTRAL,,,,,,,REGULAR_SEASON,,"Iowa 2025-26 media guide, Year-by-Year Scores","12/26		 vs. Arizona (n) W, 57-56",resolved,,,,,
1109,IOWARAW-01110,iowa,2025-26_media_guide_year_by_year,1962-1963,1963,1962-12-27,Oregon,Oregon,oregon,Yes,62,48,W,0,,,vs.,NEUTRAL,,,,,,,REGULAR_SEASON,,"Iowa 2025-26 media guide, Year-by-Year Scores","12/27		 vs. Oregon (n) W, 62-48",resolved,,,,,
1110,IOWARAW-01111,iowa,2025-26_media_guide_year_by_year,1962-1963,1963,1962-12-29,Oregon State,Oregon State,oregon-state,Yes,57,64,L,0,,,vs.,NEUTRAL,,,,,,,REGULAR_SEASON,,"Iowa 2025-26 media guide, Year-by-Year Scores","12/29		 vs. Oregon State (n) L, 57-64",resolved,,,,,
1111,IOWARAW-01112,iowa,2025-26_media_guide_year_by_year,1962-1963,1963,1963-01-05,Illinois,Illinois,illinois,Yes,76,85,L,0,,,H,SOURCE_PROGRAM_HOME,Iowa Field House,Iowa Field House,Iowa City,IA,,,REGULAR_SEASON,,"Iowa 2025-26 media guide, Year-by-Year Scores","1/5 --/3 Illinois L, 76-85",resolved,,,,,
1112,IOWARAW-01113,iowa,2025-26_media_guide_year_by_year,1962-1963,1963,1963-01-07,Michigan,Michigan,michigan,Yes,67,88,L,0,,,H,SOURCE_PROGRAM_HOME,Iowa Field House,Iowa Field House,Iowa City,IA,,,REGULAR_SEASON,,"Iowa 2025-26 media guide, Year-by-Year Scores","1/7		 Michigan L, 67-88",resolved,,,,,
1113,IOWARAW-01114,iowa,2025-26_media_guide_year_by_year,1962-1963,1963,1963-01-12,Minnesota,Minnesota,minnesota,Yes,58,83,L,0,,,at,OPPONENT_HOME,,,,,,,REGULAR_SEASON,,"Iowa 2025-26 media guide, Year-by-Year Scores","1/12		 at Minnesota L, 58-83",resolved,,,,,
1114,IOWARAW-01115,iowa,2025-26_media_guide_year_by_year,1962-1963,1963,1963-01-14,Wisconsin,Wisconsin,wisconsin,Yes,65,56,W,0,,,H,SOURCE_PROGRAM_HOME,Iowa Field House,Iowa Field House,Iowa City,IA,,,REGULAR_SEASON,,"Iowa 2025-26 media guide, Year-by-Year Scores","1/14		 Wisconsin W, 65-56",resolved,,,,,
1115,IOWARAW-01116,iowa,2025-26_media_guide_year_by_year,1962-1963,1963,1963-01-19,Ohio State,Ohio State,ohio-state,Yes,81,74,W,0,,,H,SOURCE_PROGRAM_HOME,Iowa Field House,Iowa Field House,Iowa City,IA,,,REGULAR_SEASON,,"Iowa 2025-26 media guide, Year-by-Year Scores","1/19 --/8 Ohio State W, 81-74",resolved,,,,,
1116,IOWARAW-01117,iowa,2025-26_media_guide_year_by_year,1962-1963,1963,1963-01-21,Michigan State,Michigan State,michigan-state,Yes,60,59,W,0,,,at,OPPONENT_HOME,,,,,,,REGULAR_SEASON,,"Iowa 2025-26 media guide, Year-by-Year Scores","1/21		 at Michigan State W, 60-59",resolved,,,,,
1117,IOWARAW-01118,iowa,2025-26_media_guide_year_by_year,1962-1963,1963,1963-02-02,Loyola (IL),Loyola Chicago,loyola-chicago,Yes,68,86,L,0,,,at,OPPONENT_HOME,,,,,,,REGULAR_SEASON,,"Iowa 2025-26 media guide, Year-by-Year Scores","2/2 --/2 at Loyola (IL) L, 68-86",resolved,,,,,
1118,IOWARAW-01119,iowa,2025-26_media_guide_year_by_year,1962-1963,1963,1963-02-09,Northwestern,Northwestern,northwestern,Yes,66,65,W,1,,,at,OPPONENT_HOME,,,,,,,REGULAR_SEASON,,"Iowa 2025-26 media guide, Year-by-Year Scores","2/9		 at Northwestern# W, 66-65",resolved,,,,,
1119,IOWARAW-01120,iowa,2025-26_media_guide_year_by_year,1962-1963,1963,1963-02-16,Purdue,Purdue,purdue,Yes,73,64,W,0,,,H,SOURCE_PROGRAM_HOME,Iowa Field House,Iowa Field House,Iowa City,IA,,,REGULAR_SEASON,,"Iowa 2025-26 media guide, Year-by-Year Scores","2/16		 Purdue W, 73-64",resolved,,,,,
1120,IOWARAW-01121,iowa,2025-26_media_guide_year_by_year,1962-1963,1963,1963-02-18,Indiana,Indiana,indiana,Yes,71,72,L,0,,,H,SOURCE_PROGRAM_HOME,Iowa Field House,Iowa Field House,Iowa City,IA,,,REGULAR_SEASON,,"Iowa 2025-26 media guide, Year-by-Year Scores","2/18		 Indiana L, 71-72",resolved,,,,,
1121,IOWARAW-01122,iowa,2025-26_media_guide_year_by_year,1962-1963,1963,1963-02-23,Ohio State,Ohio State,ohio-state,Yes,70,83,L,0,,,at,OPPONENT_HOME,,,,,,,REGULAR_SEASON,,"Iowa 2025-26 media guide, Year-by-Year Scores","2/23 --/5 at Ohio State L, 70-83",resolved,,,,,
1122,IOWARAW-01123,iowa,2025-26_media_guide_year_by_year,1962-1963,1963,1963-02-25,Michigan,Michigan,michigan,Yes,70,78,L,0,,,at,OPPONENT_HOME,,,,,,,REGULAR_SEASON,,"Iowa 2025-26 media guide, Year-by-Year Scores","2/25		 at Michigan L, 70-78",resolved,,,,,
1123,IOWARAW-01124,iowa,2025-26_media_guide_year_by_year,1962-1963,1963,1963-03-02,Northwestern,Northwestern,northwestern,Yes,66,76,L,0,,,H,SOURCE_PROGRAM_HOME,Iowa Field House,Iowa Field House,Iowa City,IA,,,REGULAR_SEASON,,"Iowa 2025-26 media guide, Year-by-Year Scores","3/2		 Northwestern L, 66-76",resolved,,,,,
1124,IOWARAW-01125,iowa,2025-26_media_guide_year_by_year,1962-1963,1963,1963-03-04,Wisconsin,Wisconsin,wisconsin,Yes,69,75,L,0,,,H,SOURCE_PROGRAM_HOME,Iowa Field House,Iowa Field House,Iowa City,IA,,,REGULAR_SEASON,,"Iowa 2025-26 media guide, Year-by-Year Scores","3/4		 atWisconsin L, 69-75",resolved,,,,,
1125,IOWARAW-01126,iowa,2025-26_media_guide_year_by_year,1962-1963,1963,1963-03-09,Illinois,Illinois,illinois,Yes,69,73,L,0,,,at,OPPONENT_HOME,,,,,,,REGULAR_SEASON,,"Iowa 2025-26 media guide, Year-by-Year Scores","3/9 --/8 at Illinois L, 69-73",resolved,,,,,
1126,IOWARAW-01127,iowa,2025-26_media_guide_year_by_year,1963-1964,1964,1963-12-02,South Dakota,South Dakota,south-dakota,Yes,85,66,W,0,,,H,SOURCE_PROGRAM_HOME,Iowa Field House,Iowa Field House,Iowa City,IA,,,REGULAR_SEASON,,"Iowa 2025-26 media guide, Year-by-Year Scores","12/2		 South Dakota W, 85-66",resolved,,,,,
1127,IOWARAW-01128,iowa,2025-26_media_guide_year_by_year,1963-1964,1964,1963-12-07,Evansville,Evansville,evansville,Yes,75,72,W,0,,,at,OPPONENT_HOME,,,,,,,REGULAR_SEASON,,"Iowa 2025-26 media guide, Year-by-Year Scores","12/7		 at Evansville W, 75-72",resolved,,,,,
1128,IOWARAW-01129,iowa,2025-26_media_guide_year_by_year,1963-1964,1964,1963-12-09,St. Louis,Saint Louis,saint-louis,Yes,79,77,W,0,,,H,SOURCE_PROGRAM_HOME,Iowa Field House,Iowa Field House,Iowa City,IA,,,REGULAR_SEASON,,"Iowa 2025-26 media guide, Year-by-Year Scores","12/9		 St. Louis W, 79-77",resolved,,,,,
1129,IOWARAW-01130,iowa,2025-26_media_guide_year_by_year,1963-1964,1964,1963-12-12,SMU,SMU,smu,Yes,73,70,W,0,,,H,SOURCE_PROGRAM_HOME,Iowa Field House,Iowa Field House,Iowa City,IA,,,REGULAR_SEASON,,"Iowa 2025-26 media guide, Year-by-Year Scores","12/12		 SMU W, 73-70",resolved,,,,,
1130,IOWARAW-01131,iowa,2025-26_media_guide_year_by_year,1963-1964,1964,1963-12-16,Creighton,Creighton,creighton,Yes,72,77,L,1,,,H,SOURCE_PROGRAM_HOME,Iowa Field House,Iowa Field House,Iowa City,IA,,,REGULAR_SEASON,,"Iowa 2025-26 media guide, Year-by-Year Scores","12/16		 Creighton# L, 72-77",resolved,,,,,
1131,IOWARAW-01132,iowa,2025-26_media_guide_year_by_year,1963-1964,1964,1963-12-26,Colorado State,Colorado State,colorado-state,Yes,56,61,L,0,,,vs.,NEUTRAL,,,,,,,REGULAR_SEASON,,"Iowa 2025-26 media guide, Year-by-Year Scores","12/26		 vs. Colorado State (n) L, 56-61",resolved,,,,,
1132,IOWARAW-01133,iowa,2025-26_media_guide_year_by_year,1963-1964,1964,1963-12-28,LSU,LSU,lsu,No,81,92,L,0,,,vs.,NEUTRAL,,,,,,,REGULAR_SEASON,,"Iowa 2025-26 media guide, Year-by-Year Scores","12/28		 vs. LSU (n) L, 81-92",resolved,,,,,
1133,IOWARAW-01134,iowa,2025-26_media_guide_year_by_year,1963-1964,1964,1963-12-30,Washington State,Washington State,washington-state,Yes,74,66,W,0,,,H,SOURCE_PROGRAM_HOME,Iowa Field House,Iowa Field House,Iowa City,IA,,,REGULAR_SEASON,,"Iowa 2025-26 media guide, Year-by-Year Scores","12/30		 atWashington State W, 74-66",resolved,,,,,
1134,IOWARAW-01135,iowa,2025-26_media_guide_year_by_year,1963-1964,1964,1964-01-04,Indiana,Indiana,indiana,Yes,72,71,W,0,,,at,OPPONENT_HOME,,,,,,,REGULAR_SEASON,,"Iowa 2025-26 media guide, Year-by-Year Scores","1/4		 at Indiana W, 72-71",resolved,,,,,
1135,IOWARAW-01136,iowa,2025-26_media_guide_year_by_year,1963-1964,1964,1964-01-11,Illinois,Illinois,illinois,Yes,70,87,L,0,,,H,SOURCE_PROGRAM_HOME,Iowa Field House,Iowa Field House,Iowa City,IA,,,REGULAR_SEASON,,"Iowa 2025-26 media guide, Year-by-Year Scores","1/11		 Illinois L, 70-87",resolved,,,,,
1136,IOWARAW-01137,iowa,2025-26_media_guide_year_by_year,1963-1964,1964,1964-01-13,Wisconsin,Wisconsin,wisconsin,Yes,61,79,L,0,,,H,SOURCE_PROGRAM_HOME,Iowa Field House,Iowa Field House,Iowa City,IA,,,REGULAR_SEASON,,"Iowa 2025-26 media guide, Year-by-Year Scores","1/13		 atWisconsin L, 61-79",resolved,,,,,
1137,IOWARAW-01138,iowa,2025-26_media_guide_year_by_year,1963-1964,1964,1964-01-18,Purdue,Purdue,purdue,Yes,75,90,L,0,,,at,OPPONENT_HOME,,,,,,,REGULAR_SEASON,,"Iowa 2025-26 media guide, Year-by-Year Scores","1/18		 at Purdue L, 75-90",resolved,,,,,
1138,IOWARAW-01139,iowa,2025-26_media_guide_year_by_year,1963-1964,1964,1964-02-01,Loyola (IL),Loyola Chicago,loyola-chicago,Yes,71,85,L,0,,,at,OPPONENT_HOME,,,,,,,REGULAR_SEASON,,"Iowa 2025-26 media guide, Year-by-Year Scores","2/1 --/10 at Loyola (IL) L, 71-85",resolved,,,,,
1139,IOWARAW-01140,iowa,2025-26_media_guide_year_by_year,1963-1964,1964,1964-02-08,Minnesota,Minnesota,minnesota,Yes,71,76,L,0,,,H,SOURCE_PROGRAM_HOME,Iowa Field House,Iowa Field House,Iowa City,IA,,,REGULAR_SEASON,,"Iowa 2025-26 media guide, Year-by-Year Scores","2/8		 Minnesota L, 71-76",resolved,,,,,
1140,IOWARAW-01141,iowa,2025-26_media_guide_year_by_year,1963-1964,1964,1964-02-10,Indiana,Indiana,indiana,Yes,82,75,W,0,,,H,SOURCE_PROGRAM_HOME,Iowa Field House,Iowa Field House,Iowa City,IA,,,REGULAR_SEASON,,"Iowa 2025-26 media guide, Year-by-Year Scores","2/10		 Indiana W, 82-75",resolved,,,,,
1141,IOWARAW-01142,iowa,2025-26_media_guide_year_by_year,1963-1964,1964,1964-02-15,Michigan State,Michigan State,michigan-state,Yes,82,107,L,0,,,at,OPPONENT_HOME,,,,,,,REGULAR_SEASON,,"Iowa 2025-26 media guide, Year-by-Year Scores","2/15		 at Michigan State L, 82-107",resolved,,,,,
1142,IOWARAW-01143,iowa,2025-26_media_guide_year_by_year,1963-1964,1964,1964-02-17,Ohio State,Ohio State,ohio-state,Yes,82,99,L,0,,,H,SOURCE_PROGRAM_HOME,Iowa Field House,Iowa Field House,Iowa City,IA,,,REGULAR_SEASON,,"Iowa 2025-26 media guide, Year-by-Year Scores","2/17		 Ohio State L, 82-99",resolved,,,,,
1143,IOWARAW-01144,iowa,2025-26_media_guide_year_by_year,1963-1964,1964,1964-02-22,Michigan State,Michigan State,michigan-state,Yes,89,107,L,0,,,H,SOURCE_PROGRAM_HOME,Iowa Field House,Iowa Field House,Iowa City,IA,,,REGULAR_SEASON,,"Iowa 2025-26 media guide, Year-by-Year Scores","2/22		 Michigan State L, 89-107",resolved,,,,,
1144,IOWARAW-01145,iowa,2025-26_media_guide_year_by_year,1963-1964,1964,1964-02-24,Northwestern,Northwestern,northwestern,Yes,76,98,L,0,,,at,OPPONENT_HOME,,,,,,,REGULAR_SEASON,,"Iowa 2025-26 media guide, Year-by-Year Scores","2/24		 at Northwestern L, 76-98",resolved,,,,,
1145,IOWARAW-01146,iowa,2025-26_media_guide_year_by_year,1963-1964,1964,1964-02-29,Minnesota,Minnesota,minnesota,Yes,63,70,L,0,,,at,OPPONENT_HOME,,,,,,,REGULAR_SEASON,,"Iowa 2025-26 media guide, Year-by-Year Scores","2/29		 at Minnesota L, 63-70",resolved,,,,,
1146,IOWARAW-01147,iowa,2025-26_media_guide_year_by_year,1963-1964,1964,1964-03-02,Purdue,Purdue,purdue,Yes,81,74,W,0,,,H,SOURCE_PROGRAM_HOME,Iowa Field House,Iowa Field House,Iowa City,IA,,,REGULAR_SEASON,,"Iowa 2025-26 media guide, Year-by-Year Scores","3/2		 Purdue W, 81-74",resolved,,,,,
1147,IOWARAW-01148,iowa,2025-26_media_guide_year_by_year,1963-1964,1964,1964-03-07,Michigan,Michigan,michigan,Yes,61,69,L,0,,,H,SOURCE_PROGRAM_HOME,Iowa Field House,Iowa Field House,Iowa City,IA,,,REGULAR_SEASON,,"Iowa 2025-26 media guide, Year-by-Year Scores","3/7 --/2 Michigan L, 61-69",resolved,,,,,
1148,IOWARAW-01149,iowa,2025-26_media_guide_year_by_year,1963-1964,1964,1964-03-09,Illinois,Illinois,illinois,Yes,67,90,L,0,,,at,OPPONENT_HOME,,,,,,,REGULAR_SEASON,,"Iowa 2025-26 media guide, Year-by-Year Scores","3/9		 at Illinois L, 67-90",resolved,,,,,
1149,IOWARAW-01150,iowa,2025-26_media_guide_year_by_year,1964-1965,1965,1964-12-01,South Dakota,South Dakota,south-dakota,Yes,93,68,W,0,,,H,SOURCE_PROGRAM_HOME,Iowa Field House,Iowa Field House,Iowa City,IA,,,REGULAR_SEASON,,"Iowa 2025-26 media guide, Year-by-Year Scores","12/1		 South Dakota W, 93-68",resolved,,,,,
1150,IOWARAW-01151,iowa,2025-26_media_guide_year_by_year,1964-1965,1965,1964-12-04,Kentucky,Kentucky,kentucky,Yes,77,85,L,0,,,at,OPPONENT_HOME,,,,,,,REGULAR_SEASON,,"Iowa 2025-26 media guide, Year-by-Year Scores","12/4		 at Kentucky L, 77-85",resolved,,,,,
1151,IOWARAW-01152,iowa,2025-26_media_guide_year_by_year,1964-1965,1965,1964-12-05,Evansville,Evansville,evansville,Yes,83,90,L,0,,,at,OPPONENT_HOME,,,,,,,REGULAR_SEASON,,"Iowa 2025-26 media guide, Year-by-Year Scores","12/5		 at Evansville L, 83-90",resolved,,,,,
1152,IOWARAW-01153,iowa,2025-26_media_guide_year_by_year,1964-1965,1965,1964-12-12,Creighton,Creighton,creighton,Yes,98,83,W,0,,,H,SOURCE_PROGRAM_HOME,Iowa Field House,Iowa Field House,Iowa City,IA,,,REGULAR_SEASON,,"Iowa 2025-26 media guide, Year-by-Year Scores","12/12		 Creighton W, 98-83",resolved,,,,,
1153,IOWARAW-01154,iowa,2025-26_media_guide_year_by_year,1964-1965,1965,1964-12-19,Providence,Providence,providence,Yes,70,71,L,0,,,H,SOURCE_PROGRAM_HOME,Iowa Field House,Iowa Field House,Iowa City,IA,,,REGULAR_SEASON,,"Iowa 2025-26 media guide, Year-by-Year Scores","12/19		 Providence L, 70-71",resolved,,,,,
1154,IOWARAW-01155,iowa,2025-26_media_guide_year_by_year,1964-1965,1965,1964-12-21,North Dakota,North Dakota,north-dakota,Yes,106,65,W,0,,,H,SOURCE_PROGRAM_HOME,Iowa Field House,Iowa Field House,Iowa City,IA,,,REGULAR_SEASON,,"Iowa 2025-26 media guide, Year-by-Year Scores","12/21		 North Dakota W, 106-65",resolved,,,,,
1155,IOWARAW-01156,iowa,2025-26_media_guide_year_by_year,1964-1965,1965,1964-12-28,USC,USC,usc,Yes,71,65,W,0,,,at,OPPONENT_HOME,,,,,,,REGULAR_SEASON,,"Iowa 2025-26 media guide, Year-by-Year Scores","12/28		 at USC W, 71-65",resolved,,,,,
1156,IOWARAW-01157,iowa,2025-26_media_guide_year_by_year,1964-1965,1965,1964-12-29,Utah,Utah,utah,Yes,88,92,L,0,,,vs.,NEUTRAL,,,,,,,REGULAR_SEASON,,"Iowa 2025-26 media guide, Year-by-Year Scores","12/29		 vs. Utah (n) L, 88-92",resolved,,,,,
1157,IOWARAW-01158,iowa,2025-26_media_guide_year_by_year,1964-1965,1965,1964-12-30,Minnesota,Minnesota,minnesota,Yes,76,74,W,0,,,vs.,NEUTRAL,,,,,,,REGULAR_SEASON,,"Iowa 2025-26 media guide, Year-by-Year Scores","12/30		 vs. Minnesota (n) W, 76-74",resolved,,,,,
1158,IOWARAW-01159,iowa,2025-26_media_guide_year_by_year,1964-1965,1965,1965-01-04,Wisconsin,Wisconsin,wisconsin,Yes,92,62,W,0,,,H,SOURCE_PROGRAM_HOME,Iowa Field House,Iowa Field House,Iowa City,IA,,,REGULAR_SEASON,,"Iowa 2025-26 media guide, Year-by-Year Scores","1/4		 Wisconsin W, 92-62",resolved,,,,,
1159,IOWARAW-01160,iowa,2025-26_media_guide_year_by_year,1964-1965,1965,1965-01-09,Michigan State,Michigan State,michigan-state,Yes,85,78,W,0,,,at,OPPONENT_HOME,,,,,,,REGULAR_SEASON,,"Iowa 2025-26 media guide, Year-by-Year Scores","1/9		 at Michigan State W, 85-78",resolved,,,,,
1160,IOWARAW-01161,iowa,2025-26_media_guide_year_by_year,1964-1965,1965,1965-01-11,Indiana,Indiana,indiana,Yes,76,85,L,0,,,H,SOURCE_PROGRAM_HOME,Iowa Field House,Iowa Field House,Iowa City,IA,,,REGULAR_SEASON,,"Iowa 2025-26 media guide, Year-by-Year Scores","1/11 --/5 Indiana L, 76-85",resolved,,,,,
1161,IOWARAW-01162,iowa,2025-26_media_guide_year_by_year,1964-1965,1965,1965-01-16,Michigan State,Michigan State,michigan-state,Yes,111,68,W,0,,,H,SOURCE_PROGRAM_HOME,Iowa Field House,Iowa Field House,Iowa City,IA,,,REGULAR_SEASON,,"Iowa 2025-26 media guide, Year-by-Year Scores","1/16		 Michigan State W, 111-68",resolved,,,,,
1162,IOWARAW-01163,iowa,2025-26_media_guide_year_by_year,1964-1965,1965,1965-01-18,Indiana,Indiana,indiana,Yes,74,68,W,0,,,at,OPPONENT_HOME,,,,,,,REGULAR_SEASON,,"Iowa 2025-26 media guide, Year-by-Year Scores","1/18 --/5 at Indiana W, 74-68",resolved,,,,,
1163,IOWARAW-01164,iowa,2025-26_media_guide_year_by_year,1964-1965,1965,1965-01-29,UCLA,UCLA,ucla,Yes,87,82,W,0,,,vs.,NEUTRAL,,,,,,,REGULAR_SEASON,,"Iowa 2025-26 media guide, Year-by-Year Scores","1/29 --/1 vs. UCLA W, 87-82",resolved,,,,,
1164,IOWARAW-01165,iowa,2025-26_media_guide_year_by_year,1964-1965,1965,1965-02-06,Northwestern,Northwestern,northwestern,Yes,78,72,W,0,,,H,SOURCE_PROGRAM_HOME,Iowa Field House,Iowa Field House,Iowa City,IA,,,REGULAR_SEASON,,"Iowa 2025-26 media guide, Year-by-Year Scores","2/6		 Northwestern W, 78-72",resolved,,,,,
1165,IOWARAW-01166,iowa,2025-26_media_guide_year_by_year,1964-1965,1965,1965-02-08,Michigan,Michigan,michigan,Yes,66,81,L,0,,,at,OPPONENT_HOME,,,,,,,REGULAR_SEASON,,"Iowa 2025-26 media guide, Year-by-Year Scores","2/8 --/1 at Michigan L, 66-81",resolved,,,,,
1166,IOWARAW-01167,iowa,2025-26_media_guide_year_by_year,1964-1965,1965,1965-02-13,Ohio State,Ohio State,ohio-state,Yes,82,81,W,0,,,at,OPPONENT_HOME,,,,,,,REGULAR_SEASON,,"Iowa 2025-26 media guide, Year-by-Year Scores","2/13		 at Ohio State W, 82-81",resolved,,,,,
1167,IOWARAW-01168,iowa,2025-26_media_guide_year_by_year,1964-1965,1965,1965-02-20,Purdue,Purdue,purdue,Yes,111,85,W,0,,,H,SOURCE_PROGRAM_HOME,Iowa Field House,Iowa Field House,Iowa City,IA,,,REGULAR_SEASON,,"Iowa 2025-26 media guide, Year-by-Year Scores","2/20		 Purdue W, 111-85",resolved,,,,,
1168,IOWARAW-01169,iowa,2025-26_media_guide_year_by_year,1964-1965,1965,1965-02-23,Illinois,Illinois,illinois,Yes,80,97,L,0,,,at,OPPONENT_HOME,,,,,,,REGULAR_SEASON,,"Iowa 2025-26 media guide, Year-by-Year Scores","2/23		 at Illinois L, 80-97",resolved,,,,,
1169,IOWARAW-01170,iowa,2025-26_media_guide_year_by_year,1964-1965,1965,1965-02-27,Purdue,Purdue,purdue,Yes,68,76,L,0,,,at,OPPONENT_HOME,,,,,,,REGULAR_SEASON,,"Iowa 2025-26 media guide, Year-by-Year Scores","2/27		 at Purdue L, 68-76",resolved,,,,,
1170,IOWARAW-01171,iowa,2025-26_media_guide_year_by_year,1964-1965,1965,1965-03-02,Minnesota,Minnesota,minnesota,Yes,70,78,L,0,,,H,SOURCE_PROGRAM_HOME,Iowa Field House,Iowa Field House,Iowa City,IA,,,REGULAR_SEASON,,"Iowa 2025-26 media guide, Year-by-Year Scores","3/2 --/6 Minnesota L, 70-78",resolved,,,,,
1171,IOWARAW-01172,iowa,2025-26_media_guide_year_by_year,1964-1965,1965,1965-03-06,Illinois,Illinois,illinois,Yes,94,84,W,0,,,H,SOURCE_PROGRAM_HOME,Iowa Field House,Iowa Field House,Iowa City,IA,,,REGULAR_SEASON,,"Iowa 2025-26 media guide, Year-by-Year Scores","3/6		 Illinois W, 94-84",resolved,,,,,
1172,IOWARAW-01173,iowa,2025-26_media_guide_year_by_year,1964-1965,1965,1965-03-09,Minnesota,Minnesota,minnesota,Yes,84,85,L,1,,,at,OPPONENT_HOME,,,,,,,REGULAR_SEASON,,"Iowa 2025-26 media guide, Year-by-Year Scores","3/9		 at Minnesota# L, 84-85",resolved,,,,,
1173,IOWARAW-01174,iowa,2025-26_media_guide_year_by_year,1965-1966,1966,1965-12-02,Pepperdine,Pepperdine,pepperdine,Yes,111,50,W,0,,,H,SOURCE_PROGRAM_HOME,Iowa Field House,Iowa Field House,Iowa City,IA,,,REGULAR_SEASON,,"Iowa 2025-26 media guide, Year-by-Year Scores","12/2		 Pepperdine W, 111-50",resolved,,,,,
1174,IOWARAW-01175,iowa,2025-26_media_guide_year_by_year,1965-1966,1966,1965-12-04,Evansville,Evansville,evansville,Yes,80,73,W,0,,,at,OPPONENT_HOME,,,,,,,REGULAR_SEASON,,"Iowa 2025-26 media guide, Year-by-Year Scores","12/4		 at Evansville W, 80-73",resolved,,,,,
1175,IOWARAW-01176,iowa,2025-26_media_guide_year_by_year,1965-1966,1966,1965-12-06,Southern Illinois,Southern Illinois,southern-illinois,Yes,69,58,W,0,,,H,SOURCE_PROGRAM_HOME,Iowa Field House,Iowa Field House,Iowa City,IA,,,REGULAR_SEASON,,"Iowa 2025-26 media guide, Year-by-Year Scores","12/6		 Southern Illinois W, 69-58",resolved,,,,,
1176,IOWARAW-01177,iowa,2025-26_media_guide_year_by_year,1965-1966,1966,1965-12-08,Creighton,Creighton,creighton,Yes,103,77,W,0,,,H,SOURCE_PROGRAM_HOME,Iowa Field House,Iowa Field House,Iowa City,IA,,,REGULAR_SEASON,,"Iowa 2025-26 media guide, Year-by-Year Scores","12/8		 Creighton W, 103-77",resolved,,,,,
1177,IOWARAW-01178,iowa,2025-26_media_guide_year_by_year,1965-1966,1966,1965-12-11,Drake,Drake,drake,Yes,66,60,W,0,,,at,OPPONENT_HOME,,,,,,,REGULAR_SEASON,,"Iowa 2025-26 media guide, Year-by-Year Scores","12/11		 at Drake W, 66-60",resolved,,,,,
1178,IOWARAW-01179,iowa,2025-26_media_guide_year_by_year,1965-1966,1966,1965-12-15,Washington,Washington,washington,Yes,99,70,W,0,,,H,SOURCE_PROGRAM_HOME,Iowa Field House,Iowa Field House,Iowa City,IA,,,REGULAR_SEASON,,"Iowa 2025-26 media guide, Year-by-Year Scores","12/15		 Washington W, 99-70",resolved,,,,,
1179,IOWARAW-01180,iowa,2025-26_media_guide_year_by_year,1965-1966,1966,1965-12-18,Drake,Drake,drake,Yes,69,51,W,0,,,H,SOURCE_PROGRAM_HOME,Iowa Field House,Iowa Field House,Iowa City,IA,,,REGULAR_SEASON,,"Iowa 2025-26 media guide, Year-by-Year Scores","12/18		 Drake W, 69-51",resolved,,,,,
1180,IOWARAW-01181,iowa,2025-26_media_guide_year_by_year,1965-1966,1966,1965-12-29,Arkansas,Arkansas,arkansas,Yes,77,75,W,0,,,vs.,NEUTRAL,,,,,,,REGULAR_SEASON,,"Iowa 2025-26 media guide, Year-by-Year Scores","12/29 4/-- vs. Arkansas (n) W, 77-75",resolved,,,,,
1181,IOWARAW-01182,iowa,2025-26_media_guide_year_by_year,1965-1966,1966,1965-12-30,UTEP,UTEP,utep,Yes,68,86,L,0,,,at,OPPONENT_HOME,,,,,,,REGULAR_SEASON,,"Iowa 2025-26 media guide, Year-by-Year Scores","12/30 4/-- at UTEP L, 68-86",resolved,,,,,
1182,IOWARAW-01183,iowa,2025-26_media_guide_year_by_year,1965-1966,1966,1966-01-08,Wisconsin,Wisconsin,wisconsin,Yes,68,69,L,0,,,H,SOURCE_PROGRAM_HOME,Iowa Field House,Iowa Field House,Iowa City,IA,,,REGULAR_SEASON,,"Iowa 2025-26 media guide, Year-by-Year Scores","1/8 7/-- atWisconsin L, 68-69",resolved,,,,,
1183,IOWARAW-01184,iowa,2025-26_media_guide_year_by_year,1965-1966,1966,1966-01-10,Northwestern,Northwestern,northwestern,Yes,70,58,W,0,,,H,SOURCE_PROGRAM_HOME,Iowa Field House,Iowa Field House,Iowa City,IA,,,REGULAR_SEASON,,"Iowa 2025-26 media guide, Year-by-Year Scores","1/10		 Northwestern W, 70-58",resolved,,,,,
1184,IOWARAW-01185,iowa,2025-26_media_guide_year_by_year,1965-1966,1966,1966-01-17,Indiana,Indiana,indiana,Yes,61,73,L,0,,,at,OPPONENT_HOME,,,,,,,REGULAR_SEASON,,"Iowa 2025-26 media guide, Year-by-Year Scores","1/17		 at Indiana L, 61-73",resolved,,,,,
1185,IOWARAW-01186,iowa,2025-26_media_guide_year_by_year,1965-1966,1966,1966-01-22,Michigan State,Michigan State,michigan-state,Yes,90,76,W,0,,,H,SOURCE_PROGRAM_HOME,Iowa Field House,Iowa Field House,Iowa City,IA,,,REGULAR_SEASON,,"Iowa 2025-26 media guide, Year-by-Year Scores","1/22		 Michigan State W, 90-76",resolved,,,,,
1186,IOWARAW-01187,iowa,2025-26_media_guide_year_by_year,1965-1966,1966,1966-01-24,Ohio State,Ohio State,ohio-state,Yes,98,89,W,0,,,H,SOURCE_PROGRAM_HOME,Iowa Field House,Iowa Field House,Iowa City,IA,,,REGULAR_SEASON,,"Iowa 2025-26 media guide, Year-by-Year Scores","1/24		 Ohio State W, 98-89",resolved,,,,,
1187,IOWARAW-01188,iowa,2025-26_media_guide_year_by_year,1965-1966,1966,1966-02-05,Detroit,Detroit Mercy,detroit-mercy,Yes,107,73,W,0,,,at,OPPONENT_HOME,,,,,,,REGULAR_SEASON,,"Iowa 2025-26 media guide, Year-by-Year Scores","2/5		 at Detroit W, 107-73",resolved,,,,,
1188,IOWARAW-01189,iowa,2025-26_media_guide_year_by_year,1965-1966,1966,1966-02-07,Purdue,Purdue,purdue,Yes,58,66,L,0,,,at,OPPONENT_HOME,,,,,,,REGULAR_SEASON,,"Iowa 2025-26 media guide, Year-by-Year Scores","2/7		 at Purdue L, 58-66",resolved,,,,,
1189,IOWARAW-01190,iowa,2025-26_media_guide_year_by_year,1965-1966,1966,1966-02-12,Northwestern,Northwestern,northwestern,Yes,73,81,L,0,,,at,OPPONENT_HOME,,,,,,,REGULAR_SEASON,,"Iowa 2025-26 media guide, Year-by-Year Scores","2/12		 at Northwestern L, 73-81",resolved,,,,,
1190,IOWARAW-01191,iowa,2025-26_media_guide_year_by_year,1965-1966,1966,1966-02-15,Minnesota,Minnesota,minnesota,Yes,96,87,W,0,,,H,SOURCE_PROGRAM_HOME,Iowa Field House,Iowa Field House,Iowa City,IA,,,REGULAR_SEASON,,"Iowa 2025-26 media guide, Year-by-Year Scores","2/15		 Minnesota W, 96-87",resolved,,,,,
1191,IOWARAW-01192,iowa,2025-26_media_guide_year_by_year,1965-1966,1966,1966-02-19,Ohio State,Ohio State,ohio-state,Yes,86,80,W,0,,,at,OPPONENT_HOME,,,,,,,REGULAR_SEASON,,"Iowa 2025-26 media guide, Year-by-Year Scores","2/19		 at Ohio State W, 86-80",resolved,,,,,
1192,IOWARAW-01193,iowa,2025-26_media_guide_year_by_year,1965-1966,1966,1966-02-21,Michigan,Michigan,michigan,Yes,91,82,W,0,,,H,SOURCE_PROGRAM_HOME,Iowa Field House,Iowa Field House,Iowa City,IA,,,REGULAR_SEASON,,"Iowa 2025-26 media guide, Year-by-Year Scores","2/21 --/10 Michigan W, 91-82",resolved,,,,,
1193,IOWARAW-01194,iowa,2025-26_media_guide_year_by_year,1965-1966,1966,1966-02-26,Wisconsin,Wisconsin,wisconsin,Yes,80,70,W,0,,,H,SOURCE_PROGRAM_HOME,Iowa Field House,Iowa Field House,Iowa City,IA,,,REGULAR_SEASON,,"Iowa 2025-26 media guide, Year-by-Year Scores","2/26		 Wisconsin W, 80-70",resolved,,,,,
1194,IOWARAW-01195,iowa,2025-26_media_guide_year_by_year,1965-1966,1966,1966-02-28,Michigan,Michigan,michigan,Yes,88,103,L,0,,,at,OPPONENT_HOME,,,,,,,REGULAR_SEASON,,"Iowa 2025-26 media guide, Year-by-Year Scores","2/28		 at Michigan L, 88-103",resolved,,,,,
1195,IOWARAW-01196,iowa,2025-26_media_guide_year_by_year,1965-1966,1966,1966-03-05,Illinois,Illinois,illinois,Yes,90,106,L,0,,,at,OPPONENT_HOME,,,,,,,REGULAR_SEASON,,"Iowa 2025-26 media guide, Year-by-Year Scores","3/5		 at Illinois L, 90-106",resolved,,,,,
1196,IOWARAW-01197,iowa,2025-26_media_guide_year_by_year,1965-1966,1966,1966-03-07,Indiana,Indiana,indiana,Yes,82,77,W,0,,,H,SOURCE_PROGRAM_HOME,Iowa Field House,Iowa Field House,Iowa City,IA,,,REGULAR_SEASON,,"Iowa 2025-26 media guide, Year-by-Year Scores","3/7		 Indiana W, 82-77",resolved,,,,,
1197,IOWARAW-01198,iowa,2025-26_media_guide_year_by_year,1966-1967,1967,1966-12-02,Washington,Washington,washington,Yes,66,50,W,0,,,H,SOURCE_PROGRAM_HOME,Iowa Field House,Iowa Field House,Iowa City,IA,,,REGULAR_SEASON,,"Iowa 2025-26 media guide, Year-by-Year Scores","12/2		 atWashington W, 66-50",resolved,,,,,
1198,IOWARAW-01199,iowa,2025-26_media_guide_year_by_year,1966-1967,1967,1966-12-03,Washington,Washington,washington,Yes,65,76,L,0,,,H,SOURCE_PROGRAM_HOME,Iowa Field House,Iowa Field House,Iowa City,IA,,,REGULAR_SEASON,,"Iowa 2025-26 media guide, Year-by-Year Scores","12/3		 atWashington L, 65-76",resolved,,,,,
1199,IOWARAW-01200,iowa,2025-26_media_guide_year_by_year,1966-1967,1967,1966-12-05,Creighton,Creighton,creighton,Yes,68,69,L,0,,,at,OPPONENT_HOME,,,,,,,REGULAR_SEASON,,"Iowa 2025-26 media guide, Year-by-Year Scores","12/5		 at Creighton L, 68-69",resolved,,,,,
1200,IOWARAW-01201,iowa,2025-26_media_guide_year_by_year,1966-1967,1967,1966-12-10,Drake,Drake,drake,Yes,90,83,W,0,,,at,OPPONENT_HOME,,,,,,,REGULAR_SEASON,,"Iowa 2025-26 media guide, Year-by-Year Scores","12/10		 at Drake W, 90-83",resolved,,,,,
1201,IOWARAW-01202,iowa,2025-26_media_guide_year_by_year,1966-1967,1967,1966-12-17,Drake,Drake,drake,Yes,83,75,W,0,,,H,SOURCE_PROGRAM_HOME,Iowa Field House,Iowa Field House,Iowa City,IA,,,REGULAR_SEASON,,"Iowa 2025-26 media guide, Year-by-Year Scores","12/17		 Drake W, 83-75",resolved,,,,,
1202,IOWARAW-01203,iowa,2025-26_media_guide_year_by_year,1966-1967,1967,1966-12-21,California,California,california,Yes,72,62,W,0,,,H,SOURCE_PROGRAM_HOME,Iowa Field House,Iowa Field House,Iowa City,IA,,,REGULAR_SEASON,,"Iowa 2025-26 media guide, Year-by-Year Scores","12/21		 California W, 72-62",resolved,,,,,
1203,IOWARAW-01204,iowa,2025-26_media_guide_year_by_year,1966-1967,1967,1966-12-23,Stanford,Stanford,stanford,Yes,77,74,W,0,,,H,SOURCE_PROGRAM_HOME,Iowa Field House,Iowa Field House,Iowa City,IA,,,REGULAR_SEASON,,"Iowa 2025-26 media guide, Year-by-Year Scores","12/23		 Stanford W, 77-74",resolved,,,,,
1204,IOWARAW-01205,iowa,2025-26_media_guide_year_by_year,1966-1967,1967,1966-12-28,Wichita State,Wichita State,wichita-state,Yes,94,76,W,0,,,H,SOURCE_PROGRAM_HOME,Iowa Field House,Iowa Field House,Iowa City,IA,,,REGULAR_SEASON,,"Iowa 2025-26 media guide, Year-by-Year Scores","12/28		 Wichita State W, 94-76",resolved,,,,,
1205,IOWARAW-01206,iowa,2025-26_media_guide_year_by_year,1966-1967,1967,1966-12-30,Cincinnati,Cincinnati,cincinnati,Yes,78,69,W,0,,,vs.,NEUTRAL,,,,,,,REGULAR_SEASON,,"Iowa 2025-26 media guide, Year-by-Year Scores","12/30 --/7 vs. Cincinnati W, 78-69",resolved,,,,,
1206,IOWARAW-01207,iowa,2025-26_media_guide_year_by_year,1966-1967,1967,1967-01-07,Indiana,Indiana,indiana,Yes,84,73,W,0,,,H,SOURCE_PROGRAM_HOME,Iowa Field House,Iowa Field House,Iowa City,IA,,,REGULAR_SEASON,,"Iowa 2025-26 media guide, Year-by-Year Scores","1/7		 Indiana W, 84-73",resolved,,,,,
1207,IOWARAW-01208,iowa,2025-26_media_guide_year_by_year,1966-1967,1967,1967-01-14,Michigan State,Michigan State,michigan-state,Yes,70,79,L,0,,,at,OPPONENT_HOME,,,,,,,REGULAR_SEASON,,"Iowa 2025-26 media guide, Year-by-Year Scores","1/14		 at Michigan State L, 70-79",resolved,,,,,
1208,IOWARAW-01209,iowa,2025-26_media_guide_year_by_year,1966-1967,1967,1967-01-21,Northwestern,Northwestern,northwestern,Yes,88,90,L,0,,,at,OPPONENT_HOME,,,,,,,REGULAR_SEASON,,"Iowa 2025-26 media guide, Year-by-Year Scores","1/21		 at Northwestern L, 88-90",resolved,,,,,
1209,IOWARAW-01210,iowa,2025-26_media_guide_year_by_year,1966-1967,1967,1967-01-23,Michigan,Michigan,michigan,Yes,91,81,W,0,,,H,SOURCE_PROGRAM_HOME,Iowa Field House,Iowa Field House,Iowa City,IA,,,REGULAR_SEASON,,"Iowa 2025-26 media guide, Year-by-Year Scores","1/23		 Michigan W, 91-81",resolved,,,,,
1210,IOWARAW-01211,iowa,2025-26_media_guide_year_by_year,1966-1967,1967,1967-02-04,Loyola (IL),Loyola Chicago,loyola-chicago,Yes,87,98,L,0,,,at,OPPONENT_HOME,,,,,,,REGULAR_SEASON,,"Iowa 2025-26 media guide, Year-by-Year Scores","2/4		 at Loyola (IL) L, 87-98",resolved,,,,,
1211,IOWARAW-01212,iowa,2025-26_media_guide_year_by_year,1966-1967,1967,1967-02-06,Illinois,Illinois,illinois,Yes,96,89,W,0,,,H,SOURCE_PROGRAM_HOME,Iowa Field House,Iowa Field House,Iowa City,IA,,,REGULAR_SEASON,,"Iowa 2025-26 media guide, Year-by-Year Scores","2/6		 Illinois W, 96-89",resolved,,,,,
1212,IOWARAW-01213,iowa,2025-26_media_guide_year_by_year,1966-1967,1967,1967-02-11,Ohio State,Ohio State,ohio-state,Yes,73,72,W,0,,,at,OPPONENT_HOME,,,,,,,REGULAR_SEASON,,"Iowa 2025-26 media guide, Year-by-Year Scores","2/11		 at Ohio State W, 73-72",resolved,,,,,
1213,IOWARAW-01214,iowa,2025-26_media_guide_year_by_year,1966-1967,1967,1967-02-14,Northwestern,Northwestern,northwestern,Yes,80,75,W,0,,,H,SOURCE_PROGRAM_HOME,Iowa Field House,Iowa Field House,Iowa City,IA,,,REGULAR_SEASON,,"Iowa 2025-26 media guide, Year-by-Year Scores","2/14		 Northwestern W, 80-75",resolved,,,,,
1214,IOWARAW-01215,iowa,2025-26_media_guide_year_by_year,1966-1967,1967,1967-02-18,Wisconsin,Wisconsin,wisconsin,Yes,95,96,L,3,,,H,SOURCE_PROGRAM_HOME,Iowa Field House,Iowa Field House,Iowa City,IA,,,REGULAR_SEASON,,"Iowa 2025-26 media guide, Year-by-Year Scores","2/18		 Wisconsin### L, 95-96",resolved,,,,,
1215,IOWARAW-01216,iowa,2025-26_media_guide_year_by_year,1966-1967,1967,1967-02-21,Minnesota,Minnesota,minnesota,Yes,86,88,L,0,,,at,OPPONENT_HOME,,,,,,,REGULAR_SEASON,,"Iowa 2025-26 media guide, Year-by-Year Scores","2/21		 at Minnesota L, 86-88",resolved,,,,,
1216,IOWARAW-01217,iowa,2025-26_media_guide_year_by_year,1966-1967,1967,1967-02-25,Indiana,Indiana,indiana,Yes,75,74,W,1,,,at,OPPONENT_HOME,,,,,,,REGULAR_SEASON,,"Iowa 2025-26 media guide, Year-by-Year Scores","2/25		 at Indiana# W, 75-74",resolved,,,,,
1217,IOWARAW-01218,iowa,2025-26_media_guide_year_by_year,1966-1967,1967,1967-02-27,Purdue,Purdue,purdue,Yes,75,78,L,0,,,H,SOURCE_PROGRAM_HOME,Iowa Field House,Iowa Field House,Iowa City,IA,,,REGULAR_SEASON,,"Iowa 2025-26 media guide, Year-by-Year Scores","2/27		 Purdue L, 75-78",resolved,,,,,
1218,IOWARAW-01219,iowa,2025-26_media_guide_year_by_year,1966-1967,1967,1967-03-04,Ohio State,Ohio State,ohio-state,Yes,90,56,W,0,,,H,SOURCE_PROGRAM_HOME,Iowa Field House,Iowa Field House,Iowa City,IA,,,REGULAR_SEASON,,"Iowa 2025-26 media guide, Year-by-Year Scores","3/4		 Ohio State W, 90-56",resolved,,,,,
1219,IOWARAW-01220,iowa,2025-26_media_guide_year_by_year,1966-1967,1967,1967-03-07,Wisconsin,Wisconsin,wisconsin,Yes,90,87,W,1,,,H,SOURCE_PROGRAM_HOME,Iowa Field House,Iowa Field House,Iowa City,IA,,,REGULAR_SEASON,,"Iowa 2025-26 media guide, Year-by-Year Scores","3/7		 atWisconsin# W, 90-87",resolved,,,,,
1220,IOWARAW-01221,iowa,2025-26_media_guide_year_by_year,1966-1967,1967,1967-03-11,Michigan,Michigan,michigan,Yes,83,76,W,0,,,at,OPPONENT_HOME,,,,,,,REGULAR_SEASON,,"Iowa 2025-26 media guide, Year-by-Year Scores","3/11		 at Michigan W, 83-76",resolved,,,,,
1221,IOWARAW-01222,iowa,2025-26_media_guide_year_by_year,1967-1968,1968,1967-12-02,Bowling Green,Bowling Green,bowling-green,Yes,79,73,W,0,,,H,SOURCE_PROGRAM_HOME,Iowa Field House,Iowa Field House,Iowa City,IA,,,REGULAR_SEASON,,"Iowa 2025-26 media guide, Year-by-Year Scores","12/2		 Bowling Green W, 79-73",resolved,,,,,
1222,IOWARAW-01223,iowa,2025-26_media_guide_year_by_year,1967-1968,1968,1967-12-04,Southern Illinois,Southern Illinois,southern-illinois,Yes,61,49,W,0,,,H,SOURCE_PROGRAM_HOME,Iowa Field House,Iowa Field House,Iowa City,IA,,,REGULAR_SEASON,,"Iowa 2025-26 media guide, Year-by-Year Scores","12/4		 Southern Illinois W, 61-49",resolved,,,,,
1223,IOWARAW-01224,iowa,2025-26_media_guide_year_by_year,1967-1968,1968,1967-12-16,Drake,Drake,drake,Yes,65,74,L,0,,,H,SOURCE_PROGRAM_HOME,Iowa Field House,Iowa Field House,Iowa City,IA,,,REGULAR_SEASON,,"Iowa 2025-26 media guide, Year-by-Year Scores","12/16		 Drake L, 65-74",resolved,,,,,
1224,IOWARAW-01225,iowa,2025-26_media_guide_year_by_year,1967-1968,1968,1967-12-18,UTEP,UTEP,utep,Yes,59,53,W,0,,,H,SOURCE_PROGRAM_HOME,Iowa Field House,Iowa Field House,Iowa City,IA,,,REGULAR_SEASON,,"Iowa 2025-26 media guide, Year-by-Year Scores","12/18		 UTEP W, 59-53",resolved,,,,,
1225,IOWARAW-01226,iowa,2025-26_media_guide_year_by_year,1967-1968,1968,1967-12-22,California,California,california,Yes,73,79,L,0,,,at,OPPONENT_HOME,,,,,,,REGULAR_SEASON,,"Iowa 2025-26 media guide, Year-by-Year Scores","12/22		 at California L, 73-79",resolved,,,,,
1226,IOWARAW-01227,iowa,2025-26_media_guide_year_by_year,1967-1968,1968,1967-12-23,Stanford,Stanford,stanford,Yes,86,87,L,0,,,at,OPPONENT_HOME,,,,,,,REGULAR_SEASON,,"Iowa 2025-26 media guide, Year-by-Year Scores","12/23		 at Stanford L, 86-87",resolved,,,,,
1227,IOWARAW-01228,iowa,2025-26_media_guide_year_by_year,1967-1968,1968,1967-12-28,Tennessee,Tennessee,tennessee,Yes,64,59,W,1,,,vs.,NEUTRAL,,,,,,,REGULAR_SEASON,,"Iowa 2025-26 media guide, Year-by-Year Scores","12/28 --/4 vs.Tennessee (n) # W, 64-59",resolved,,,,,
1228,IOWARAW-01229,iowa,2025-26_media_guide_year_by_year,1967-1968,1968,1967-12-29,Wyoming,Wyoming,wyoming,Yes,87,94,L,2,,,vs.,NEUTRAL,,,,,,,REGULAR_SEASON,,"Iowa 2025-26 media guide, Year-by-Year Scores","12/29		 vs.Wyoming (n) ## L, 87-94",resolved,,,,,
1229,IOWARAW-01230,iowa,2025-26_media_guide_year_by_year,1967-1968,1968,1967-12-30,Saint Louis,Saint Louis,saint-louis,Yes,80,77,W,1,,,vs.,NEUTRAL,,,,,,,REGULAR_SEASON,,"Iowa 2025-26 media guide, Year-by-Year Scores","12/30		 vs. Saint Louis (n) # W, 80-77",resolved,,,,,
1230,IOWARAW-01231,iowa,2025-26_media_guide_year_by_year,1967-1968,1968,1968-01-06,Northwestern,Northwestern,northwestern,Yes,67,76,L,0,,,at,OPPONENT_HOME,,,,,,,REGULAR_SEASON,,"Iowa 2025-26 media guide, Year-by-Year Scores","1/6		 at Northwestern L, 67-76",resolved,,,,,
1231,IOWARAW-01232,iowa,2025-26_media_guide_year_by_year,1967-1968,1968,1968-01-08,Loyola (IL),Loyola Chicago,loyola-chicago,Yes,71,65,W,0,,,H,SOURCE_PROGRAM_HOME,Iowa Field House,Iowa Field House,Iowa City,IA,,,REGULAR_SEASON,,"Iowa 2025-26 media guide, Year-by-Year Scores","1/8		 Loyola (IL) W, 71-65",resolved,,,,,
1232,IOWARAW-01233,iowa,2025-26_media_guide_year_by_year,1967-1968,1968,1968-01-13,Ohio State,Ohio State,ohio-state,Yes,74,72,W,1,,,H,SOURCE_PROGRAM_HOME,Iowa Field House,Iowa Field House,Iowa City,IA,,,REGULAR_SEASON,,"Iowa 2025-26 media guide, Year-by-Year Scores","1/13		 Ohio State# W, 74-72",resolved,,,,,
1233,IOWARAW-01234,iowa,2025-26_media_guide_year_by_year,1967-1968,1968,1968-01-20,Minnesota,Minnesota,minnesota,Yes,82,70,W,0,,,H,SOURCE_PROGRAM_HOME,Iowa Field House,Iowa Field House,Iowa City,IA,,,REGULAR_SEASON,,"Iowa 2025-26 media guide, Year-by-Year Scores","1/20		 Minnesota W, 82-70",resolved,,,,,
1234,IOWARAW-01235,iowa,2025-26_media_guide_year_by_year,1967-1968,1968,1968-01-23,Michigan State,Michigan State,michigan-state,Yes,76,71,W,0,,,at,OPPONENT_HOME,,,,,,,REGULAR_SEASON,,"Iowa 2025-26 media guide, Year-by-Year Scores","1/23		 at Michigan State W, 76-71",resolved,,,,,
1235,IOWARAW-01236,iowa,2025-26_media_guide_year_by_year,1967-1968,1968,1968-02-03,Illinois,Illinois,illinois,Yes,63,66,L,0,,,at,OPPONENT_HOME,,,,,,,REGULAR_SEASON,,"Iowa 2025-26 media guide, Year-by-Year Scores","2/3		 at Illinois L, 63-66",resolved,,,,,
1236,IOWARAW-01237,iowa,2025-26_media_guide_year_by_year,1967-1968,1968,1968-02-07,Purdue,Purdue,purdue,Yes,94,87,W,0,,,H,SOURCE_PROGRAM_HOME,Iowa Field House,Iowa Field House,Iowa City,IA,,,REGULAR_SEASON,,"Iowa 2025-26 media guide, Year-by-Year Scores","2/7		 Purdue W, 94-87",resolved,,,,,
1237,IOWARAW-01238,iowa,2025-26_media_guide_year_by_year,1967-1968,1968,1968-02-10,Michigan,Michigan,michigan,Yes,99,86,W,0,,,at,OPPONENT_HOME,,,,,,,REGULAR_SEASON,,"Iowa 2025-26 media guide, Year-by-Year Scores","2/10		 at Michigan W, 99-86",resolved,,,,,
1238,IOWARAW-01239,iowa,2025-26_media_guide_year_by_year,1967-1968,1968,1968-02-17,Wisconsin,Wisconsin,wisconsin,Yes,69,61,W,0,,,H,SOURCE_PROGRAM_HOME,Iowa Field House,Iowa Field House,Iowa City,IA,,,REGULAR_SEASON,,"Iowa 2025-26 media guide, Year-by-Year Scores","2/17		 Wisconsin W, 69-61",resolved,,,,,
1239,IOWARAW-01240,iowa,2025-26_media_guide_year_by_year,1967-1968,1968,1968-02-20,Purdue,Purdue,purdue,Yes,73,86,L,0,,,at,OPPONENT_HOME,,,,,,,REGULAR_SEASON,,"Iowa 2025-26 media guide, Year-by-Year Scores","2/20		 at Purdue L, 73-86",resolved,,,,,
1240,IOWARAW-01241,iowa,2025-26_media_guide_year_by_year,1967-1968,1968,1968-02-24,Indiana,Indiana,indiana,Yes,78,70,W,0,,,at,OPPONENT_HOME,,,,,,,REGULAR_SEASON,,"Iowa 2025-26 media guide, Year-by-Year Scores","2/24		 at Indiana W, 78-70",resolved,,,,,
1241,IOWARAW-01242,iowa,2025-26_media_guide_year_by_year,1967-1968,1968,1968-02-27,Michigan State,Michigan State,michigan-state,Yes,76,58,W,0,,,H,SOURCE_PROGRAM_HOME,Iowa Field House,Iowa Field House,Iowa City,IA,,,REGULAR_SEASON,,"Iowa 2025-26 media guide, Year-by-Year Scores","2/27		 Michigan State W, 76-58",resolved,,,,,
1242,IOWARAW-01243,iowa,2025-26_media_guide_year_by_year,1967-1968,1968,1968-03-02,Illinois,Illinois,illinois,Yes,61,56,W,0,,,H,SOURCE_PROGRAM_HOME,Iowa Field House,Iowa Field House,Iowa City,IA,,,REGULAR_SEASON,,"Iowa 2025-26 media guide, Year-by-Year Scores","3/2		 Illinois W, 61-56",resolved,,,,,
1243,IOWARAW-01244,iowa,2025-26_media_guide_year_by_year,1967-1968,1968,1968-03-04,Minnesota,Minnesota,minnesota,Yes,91,72,W,0,,,at,OPPONENT_HOME,,,,,,,REGULAR_SEASON,,"Iowa 2025-26 media guide, Year-by-Year Scores","3/4		 at Minnesota W, 91-72",resolved,,,,,
1244,IOWARAW-01245,iowa,2025-26_media_guide_year_by_year,1967-1968,1968,1968-03-09,Michigan,Michigan,michigan,Yes,70,71,L,0,,,H,SOURCE_PROGRAM_HOME,Iowa Field House,Iowa Field House,Iowa City,IA,,,REGULAR_SEASON,,"Iowa 2025-26 media guide, Year-by-Year Scores","3/9		 Michigan L, 70-71",resolved,,,,,
1245,IOWARAW-01246,iowa,2025-26_media_guide_year_by_year,1967-1968,1968,1968-03-12,Ohio State,Ohio State,ohio-state,Yes,81,85,L,0,,,vs.,NEUTRAL,,,,,Big Ten Playoff,,POSTSEASON,,"Iowa 2025-26 media guide, Year-by-Year Scores","3/12		 vs. Ohio State (B1G Playoff) L, 81-85",resolved,,,,,
1246,IOWARAW-01247,iowa,2025-26_media_guide_year_by_year,1968-1969,1969,1968-11-30,Cal Poly,Cal Poly,cal-poly,Yes,91,73,W,0,,,H,SOURCE_PROGRAM_HOME,Iowa Field House,Iowa Field House,Iowa City,IA,,,REGULAR_SEASON,,"Iowa 2025-26 media guide, Year-by-Year Scores","11/30		 Cal Poly W, 91-73",resolved,,,,,
1247,IOWARAW-01248,iowa,2025-26_media_guide_year_by_year,1968-1969,1969,1968-12-04,Northern Michigan,Northern Michigan,northern-michigan,No,99,69,W,0,,,H,SOURCE_PROGRAM_HOME,Iowa Field House,Iowa Field House,Iowa City,IA,,,REGULAR_SEASON,,"Iowa 2025-26 media guide, Year-by-Year Scores","12/4 20/-- Northern Michigan W, 99-69",resolved,,,,,
1248,IOWARAW-01249,iowa,2025-26_media_guide_year_by_year,1968-1969,1969,1968-12-07,UW-Milwaukee,Milwaukee,milwaukee,Yes,116,80,W,0,,,H,SOURCE_PROGRAM_HOME,Iowa Field House,Iowa Field House,Iowa City,IA,,,REGULAR_SEASON,,"Iowa 2025-26 media guide, Year-by-Year Scores","12/7 20/-- UW-Milwaukee W, 116-80",resolved,,,,,
1249,IOWARAW-01250,iowa,2025-26_media_guide_year_by_year,1968-1969,1969,1968-12-12,Wichita State,Wichita State,wichita-state,Yes,88,93,L,0,,,H,SOURCE_PROGRAM_HOME,Iowa Field House,Iowa Field House,Iowa City,IA,,,REGULAR_SEASON,,"Iowa 2025-26 media guide, Year-by-Year Scores","12/12 19/-- atWichita State L, 88-93",resolved,,,,,
1250,IOWARAW-01251,iowa,2025-26_media_guide_year_by_year,1968-1969,1969,1968-12-14,Drake,Drake,drake,Yes,74,89,L,0,,,at,OPPONENT_HOME,,,,,,,REGULAR_SEASON,,"Iowa 2025-26 media guide, Year-by-Year Scores","12/14 19/-- at Drake L, 74-89",resolved,,,,,
1251,IOWARAW-01252,iowa,2025-26_media_guide_year_by_year,1968-1969,1969,1968-12-19,North Dakota,North Dakota,north-dakota,Yes,91,59,W,0,,,H,SOURCE_PROGRAM_HOME,Iowa Field House,Iowa Field House,Iowa City,IA,,,REGULAR_SEASON,,"Iowa 2025-26 media guide, Year-by-Year Scores","12/19		 North Dakota W, 91-59",resolved,,,,,
1252,IOWARAW-01253,iowa,2025-26_media_guide_year_by_year,1968-1969,1969,1968-12-21,Creighton,Creighton,creighton,Yes,100,73,W,0,,,H,SOURCE_PROGRAM_HOME,Iowa Field House,Iowa Field House,Iowa City,IA,,,REGULAR_SEASON,,"Iowa 2025-26 media guide, Year-by-Year Scores","12/21		 Creighton W, 100-73",resolved,,,,,
1253,IOWARAW-01254,iowa,2025-26_media_guide_year_by_year,1968-1969,1969,1968-12-30,Houston,Houston,houston,Yes,95,87,W,0,,,vs.,NEUTRAL,,,,,,,REGULAR_SEASON,,"Iowa 2025-26 media guide, Year-by-Year Scores","12/30		 vs. Houston (n) W, 95-87",resolved,,,,,
1254,IOWARAW-01255,iowa,2025-26_media_guide_year_by_year,1968-1969,1969,1968-12-31,Duke,Duke,duke,Yes,82,85,L,0,,,vs.,NEUTRAL,,,,,,,REGULAR_SEASON,,"Iowa 2025-26 media guide, Year-by-Year Scores","12/31		 vs. Duke (n) L, 82-85",resolved,,,,,
1255,IOWARAW-01256,iowa,2025-26_media_guide_year_by_year,1968-1969,1969,1969-01-04,Michigan,Michigan,michigan,Yes,92,99,L,1,,,at,OPPONENT_HOME,,,,,,,REGULAR_SEASON,,"Iowa 2025-26 media guide, Year-by-Year Scores","1/4		 at Michigan# L, 92-99",resolved,,,,,
1256,IOWARAW-01257,iowa,2025-26_media_guide_year_by_year,1968-1969,1969,1969-01-11,Indiana,Indiana,indiana,Yes,91,72,W,0,,,H,SOURCE_PROGRAM_HOME,Iowa Field House,Iowa Field House,Iowa City,IA,,,REGULAR_SEASON,,"Iowa 2025-26 media guide, Year-by-Year Scores","1/11		 Indiana W, 91-72",resolved,,,,,
1257,IOWARAW-01258,iowa,2025-26_media_guide_year_by_year,1968-1969,1969,1969-01-14,Michigan State,Michigan State,michigan-state,Yes,77,76,W,0,,,H,SOURCE_PROGRAM_HOME,Iowa Field House,Iowa Field House,Iowa City,IA,,,REGULAR_SEASON,,"Iowa 2025-26 media guide, Year-by-Year Scores","1/14		 Michigan State W, 77-76",resolved,,,,,
1258,IOWARAW-01259,iowa,2025-26_media_guide_year_by_year,1968-1969,1969,1969-01-17,Minnesota,Minnesota,minnesota,Yes,89,68,W,0,,,H,SOURCE_PROGRAM_HOME,Iowa Field House,Iowa Field House,Iowa City,IA,,,REGULAR_SEASON,,"Iowa 2025-26 media guide, Year-by-Year Scores","1/17		 Minnesota W, 89-68",resolved,,,,,
1259,IOWARAW-01260,iowa,2025-26_media_guide_year_by_year,1968-1969,1969,1969-02-01,Davidson,Davidson,davidson,Yes,76,61,W,0,,,vs.,NEUTRAL,,,,,,,REGULAR_SEASON,,"Iowa 2025-26 media guide, Year-by-Year Scores","2/1 --/4 vs. Davidson W, 76-61",resolved,,,,,
1260,IOWARAW-01261,iowa,2025-26_media_guide_year_by_year,1968-1969,1969,1969-02-04,Purdue,Purdue,purdue,Yes,87,99,L,0,,,at,OPPONENT_HOME,,,,,,,REGULAR_SEASON,,"Iowa 2025-26 media guide, Year-by-Year Scores","2/4 --/9 at Purdue L, 87-99",resolved,,,,,
1261,IOWARAW-01262,iowa,2025-26_media_guide_year_by_year,1968-1969,1969,1969-02-08,Illinois,Illinois,illinois,Yes,69,98,L,0,,,at,OPPONENT_HOME,,,,,,,REGULAR_SEASON,,"Iowa 2025-26 media guide, Year-by-Year Scores","2/8 --/10 at Illinois L, 69-98",resolved,,,,,
1262,IOWARAW-01263,iowa,2025-26_media_guide_year_by_year,1968-1969,1969,1969-02-11,Northwestern,Northwestern,northwestern,Yes,84,80,W,1,,,H,SOURCE_PROGRAM_HOME,Iowa Field House,Iowa Field House,Iowa City,IA,,,REGULAR_SEASON,,"Iowa 2025-26 media guide, Year-by-Year Scores","2/11		 Northwestern# W, 84-80",resolved,,,,,
1263,IOWARAW-01264,iowa,2025-26_media_guide_year_by_year,1968-1969,1969,1969-02-15,Michigan,Michigan,michigan,Yes,85,86,L,0,,,H,SOURCE_PROGRAM_HOME,Iowa Field House,Iowa Field House,Iowa City,IA,,,REGULAR_SEASON,,"Iowa 2025-26 media guide, Year-by-Year Scores","2/15		 Michigan L, 85-86",resolved,,,,,
1264,IOWARAW-01265,iowa,2025-26_media_guide_year_by_year,1968-1969,1969,1969-02-18,Michigan State,Michigan State,michigan-state,Yes,60,78,L,0,,,at,OPPONENT_HOME,,,,,,,REGULAR_SEASON,,"Iowa 2025-26 media guide, Year-by-Year Scores","2/18		 at Michigan State L, 60-78",resolved,,,,,
1265,IOWARAW-01266,iowa,2025-26_media_guide_year_by_year,1968-1969,1969,1969-02-22,Ohio State,Ohio State,ohio-state,Yes,81,88,L,0,,,at,OPPONENT_HOME,,,,,,,REGULAR_SEASON,,"Iowa 2025-26 media guide, Year-by-Year Scores","2/22 --/10 at Ohio State L, 81-88",resolved,,,,,
1266,IOWARAW-01267,iowa,2025-26_media_guide_year_by_year,1968-1969,1969,1969-02-25,Illinois,Illinois,illinois,Yes,74,53,W,0,,,H,SOURCE_PROGRAM_HOME,Iowa Field House,Iowa Field House,Iowa City,IA,,,REGULAR_SEASON,,"Iowa 2025-26 media guide, Year-by-Year Scores","2/25 --/15 Illinois W, 74-53",resolved,,,,,
1267,IOWARAW-01268,iowa,2025-26_media_guide_year_by_year,1968-1969,1969,1969-02-28,Purdue,Purdue,purdue,Yes,85,97,L,0,,,H,SOURCE_PROGRAM_HOME,Iowa Field House,Iowa Field House,Iowa City,IA,,,REGULAR_SEASON,,"Iowa 2025-26 media guide, Year-by-Year Scores","2/28 --/9 Purdue L, 85-97",resolved,,,,,
1268,IOWARAW-01269,iowa,2025-26_media_guide_year_by_year,1968-1969,1969,1969-03-04,Minnesota,Minnesota,minnesota,Yes,65,71,L,0,,,at,OPPONENT_HOME,,,,,,,REGULAR_SEASON,,"Iowa 2025-26 media guide, Year-by-Year Scores","3/4		 at Minnesota L, 65-71",resolved,,,,,
1269,IOWARAW-01270,iowa,2025-26_media_guide_year_by_year,1968-1969,1969,1969-03-08,Wisconsin,Wisconsin,wisconsin,Yes,74,84,L,0,,,H,SOURCE_PROGRAM_HOME,Iowa Field House,Iowa Field House,Iowa City,IA,,,REGULAR_SEASON,,"Iowa 2025-26 media guide, Year-by-Year Scores","3/8		 atWisconsin L, 74-84",resolved,,,,,
1270,IOWARAW-01271,iowa,2025-26_media_guide_year_by_year,1969-1970,1970,1969-12-06,Southern Illinois,Southern Illinois,southern-illinois,Yes,67,73,L,0,,,at,OPPONENT_HOME,,,,,,,REGULAR_SEASON,,"Iowa 2025-26 media guide, Year-by-Year Scores","12/6		 at Southern Illinois L, 67-73",resolved,,,,,
1271,IOWARAW-01272,iowa,2025-26_media_guide_year_by_year,1969-1970,1970,1969-12-09,St. Francis (PA),Saint Francis (PA),saint-francis-pa,Yes,81,68,W,0,,,H,SOURCE_PROGRAM_HOME,Iowa Field House,Iowa Field House,Iowa City,IA,,,REGULAR_SEASON,,"Iowa 2025-26 media guide, Year-by-Year Scores","12/9		 St. Francis (PA) W, 81-68",resolved,,,,,
1272,IOWARAW-01273,iowa,2025-26_media_guide_year_by_year,1969-1970,1970,1969-12-11,Duquesne,Duquesne,duquesne,Yes,98,87,W,0,,,H,SOURCE_PROGRAM_HOME,Iowa Field House,Iowa Field House,Iowa City,IA,,,REGULAR_SEASON,,"Iowa 2025-26 media guide, Year-by-Year Scores","12/11 --/7 Duquesne W, 98-87",resolved,,,,,
1273,IOWARAW-01274,iowa,2025-26_media_guide_year_by_year,1969-1970,1970,1969-12-18,Cincinnati,Cincinnati,cincinnati,Yes,105,114,L,0,,,at,OPPONENT_HOME,,,,,,,REGULAR_SEASON,,"Iowa 2025-26 media guide, Year-by-Year Scores","12/18		 at Cincinnati L, 105-114",resolved,,,,,
1274,IOWARAW-01275,iowa,2025-26_media_guide_year_by_year,1969-1970,1970,1969-12-20,Creighton,Creighton,creighton,Yes,88,97,L,0,,,H,SOURCE_PROGRAM_HOME,Iowa Field House,Iowa Field House,Iowa City,IA,,,REGULAR_SEASON,,"Iowa 2025-26 media guide, Year-by-Year Scores","12/20		 Creighton L, 88-97",resolved,,,,,
1275,IOWARAW-01276,iowa,2025-26_media_guide_year_by_year,1969-1970,1970,1969-12-22,Drake,Drake,drake,Yes,101,78,W,0,,,H,SOURCE_PROGRAM_HOME,Iowa Field House,Iowa Field House,Iowa City,IA,,,REGULAR_SEASON,,"Iowa 2025-26 media guide, Year-by-Year Scores","12/22		 Drake W, 101-78",resolved,,,,,
1276,IOWARAW-01277,iowa,2025-26_media_guide_year_by_year,1969-1970,1970,1969-12-26,St. John’s,St. John's,st-john-s,Yes,55,57,L,0,,,vs.,NEUTRAL,,,,,,,REGULAR_SEASON,,"Iowa 2025-26 media guide, Year-by-Year Scores","12/26		 vs. St. John’s (n) L, 55-57",resolved,,,,,
1277,IOWARAW-01278,iowa,2025-26_media_guide_year_by_year,1969-1970,1970,1969-12-30,Hawai’i,Hawai'i,hawai-i,Yes,111,60,W,0,,,at,OPPONENT_HOME,,,,,,,REGULAR_SEASON,,"Iowa 2025-26 media guide, Year-by-Year Scores","12/30		 at Hawai’i W, 111-60",resolved,,,,,
1278,IOWARAW-01279,iowa,2025-26_media_guide_year_by_year,1969-1970,1970,1970-01-03,Purdue,Purdue,purdue,Yes,94,88,W,0,,,H,SOURCE_PROGRAM_HOME,Iowa Field House,Iowa Field House,Iowa City,IA,,,REGULAR_SEASON,,"Iowa 2025-26 media guide, Year-by-Year Scores","1/3 --/17 Purdue W, 94-88",resolved,,,,,
1279,IOWARAW-01280,iowa,2025-26_media_guide_year_by_year,1969-1970,1970,1970-01-06,Michigan,Michigan,michigan,Yes,107,99,W,0,,,at,OPPONENT_HOME,,,,,,,REGULAR_SEASON,,"Iowa 2025-26 media guide, Year-by-Year Scores","1/6		 at Michigan W, 107-99",resolved,,,,,
1280,IOWARAW-01281,iowa,2025-26_media_guide_year_by_year,1969-1970,1970,1970-01-10,Wisconsin,Wisconsin,wisconsin,Yes,92,74,W,0,,,H,SOURCE_PROGRAM_HOME,Iowa Field House,Iowa Field House,Iowa City,IA,,,REGULAR_SEASON,,"Iowa 2025-26 media guide, Year-by-Year Scores","1/10		 atWisconsin W, 92-74",resolved,,,,,
1281,IOWARAW-01282,iowa,2025-26_media_guide_year_by_year,1969-1970,1970,1970-01-24,Tennessee Tech,Tennessee Tech,tennessee-tech,No,96,68,W,0,,,H,SOURCE_PROGRAM_HOME,Iowa Field House,Iowa Field House,Iowa City,IA,,,REGULAR_SEASON,,"Iowa 2025-26 media guide, Year-by-Year Scores","1/24 18/-- TennesseeTech W, 96-68",resolved,,,,,
1282,IOWARAW-01283,iowa,2025-26_media_guide_year_by_year,1969-1970,1970,1970-01-31,Indiana,Indiana,indiana,Yes,100,93,W,0,,,H,SOURCE_PROGRAM_HOME,Iowa Field House,Iowa Field House,Iowa City,IA,,,REGULAR_SEASON,,"Iowa 2025-26 media guide, Year-by-Year Scores","1/31 20/-- Indiana W, 100-93",resolved,,,,,
1283,IOWARAW-01284,iowa,2025-26_media_guide_year_by_year,1969-1970,1970,1970-02-03,Minnesota,Minnesota,minnesota,Yes,90,77,W,0,,,H,SOURCE_PROGRAM_HOME,Iowa Field House,Iowa Field House,Iowa City,IA,,,REGULAR_SEASON,,"Iowa 2025-26 media guide, Year-by-Year Scores","2/3 20/-- Minnesota W, 90-77",resolved,,,,,
1284,IOWARAW-01285,iowa,2025-26_media_guide_year_by_year,1969-1970,1970,1970-02-07,Indiana,Indiana,indiana,Yes,104,89,W,0,,,at,OPPONENT_HOME,,,,,,,REGULAR_SEASON,,"Iowa 2025-26 media guide, Year-by-Year Scores","2/7 20/-- at Indiana W, 104-89",resolved,,,,,
1285,IOWARAW-01286,iowa,2025-26_media_guide_year_by_year,1969-1970,1970,1970-02-10,Wisconsin,Wisconsin,wisconsin,Yes,119,100,W,0,,,H,SOURCE_PROGRAM_HOME,Iowa Field House,Iowa Field House,Iowa City,IA,,,REGULAR_SEASON,,"Iowa 2025-26 media guide, Year-by-Year Scores","2/10 14/-- Wisconsin W, 119-100",resolved,,,,,
1286,IOWARAW-01287,iowa,2025-26_media_guide_year_by_year,1969-1970,1970,1970-02-14,Michigan State,Michigan State,michigan-state,Yes,103,77,W,0,,,H,SOURCE_PROGRAM_HOME,Iowa Field House,Iowa Field House,Iowa City,IA,,,REGULAR_SEASON,,"Iowa 2025-26 media guide, Year-by-Year Scores","2/14 14/-- Michigan State W, 103-77",resolved,,,,,
1287,IOWARAW-01288,iowa,2025-26_media_guide_year_by_year,1969-1970,1970,1970-02-17,Illinois,Illinois,illinois,Yes,83,81,W,0,,,at,OPPONENT_HOME,,,,,,,REGULAR_SEASON,,"Iowa 2025-26 media guide, Year-by-Year Scores","2/17 11/-- at Illinois W, 83-81",resolved,,,,,
1288,IOWARAW-01289,iowa,2025-26_media_guide_year_by_year,1969-1970,1970,1970-02-21,Ohio State,Ohio State,ohio-state,Yes,97,89,W,0,,,at,OPPONENT_HOME,,,,,,,REGULAR_SEASON,,"Iowa 2025-26 media guide, Year-by-Year Scores","2/21 11/-- at Ohio State W, 97-89",resolved,,,,,
1289,IOWARAW-01290,iowa,2025-26_media_guide_year_by_year,1969-1970,1970,1970-02-24,Northwestern,Northwestern,northwestern,Yes,116,97,W,0,,,H,SOURCE_PROGRAM_HOME,Iowa Field House,Iowa Field House,Iowa City,IA,,,REGULAR_SEASON,,"Iowa 2025-26 media guide, Year-by-Year Scores","2/24 9/-- Northwestern W, 116-97",resolved,,,,,
1290,IOWARAW-01291,iowa,2025-26_media_guide_year_by_year,1969-1970,1970,1970-02-28,Purdue,Purdue,purdue,Yes,108,107,W,0,,,at,OPPONENT_HOME,,,,,,,REGULAR_SEASON,,"Iowa 2025-26 media guide, Year-by-Year Scores","2/28 9/-- at Purdue W, 108-107",resolved,,,,,
1291,IOWARAW-01292,iowa,2025-26_media_guide_year_by_year,1969-1970,1970,1970-03-03,Ohio State,Ohio State,ohio-state,Yes,113,92,W,0,,,H,SOURCE_PROGRAM_HOME,Iowa Field House,Iowa Field House,Iowa City,IA,,,REGULAR_SEASON,,"Iowa 2025-26 media guide, Year-by-Year Scores","3/3 8/-- Ohio State W, 113-92",resolved,,,,,
1292,IOWARAW-01293,iowa,2025-26_media_guide_year_by_year,1969-1970,1970,1970-03-07,Northwestern,Northwestern,northwestern,Yes,115,101,W,0,,,at,OPPONENT_HOME,,,,,,,REGULAR_SEASON,,"Iowa 2025-26 media guide, Year-by-Year Scores","3/7 8/-- at Northwestern W, 115-101",resolved,,,,,
1293,IOWARAW-01294,iowa,2025-26_media_guide_year_by_year,1969-1970,1970,1970-03-12,Jacksonville,Jacksonville,jacksonville,Yes,103,104,L,0,,,vs.,NEUTRAL,St. John Arena,St. John Arena,Columbus,OH,NCAA Tournament,,NCAA_TOURNAMENT,Sweet Sixteen,"Iowa 2025-26 media guide, Year-by-Year Scores","3/12 8/6 vs. Jacksonville (n) L, 103-104",resolved,,,,,
1294,IOWARAW-01295,iowa,2025-26_media_guide_year_by_year,1969-1970,1970,1970-03-14,Notre Dame,Notre Dame,notre-dame,Yes,121,106,W,0,,,vs.,NEUTRAL,St. John Arena,St. John Arena,Columbus,OH,NCAA Tournament,,NCAA_TOURNAMENT,Elite Eight,"Iowa 2025-26 media guide, Year-by-Year Scores","3/14 8/15 vs. Notre Dame (n) W, 121-106",resolved,,,,,
1295,IOWARAW-01296,iowa,2025-26_media_guide_year_by_year,1970-1971,1971,1970-12-04,Creighton,Creighton,creighton,Yes,73,98,L,0,,,at,OPPONENT_HOME,,,,,,,REGULAR_SEASON,,"Iowa 2025-26 media guide, Year-by-Year Scores","12/4		 at Creighton L, 73-98",resolved,,,,,
1296,IOWARAW-01297,iowa,2025-26_media_guide_year_by_year,1970-1971,1971,1970-12-05,Nebraska,Nebraska,nebraska,Yes,71,73,L,0,,,at,OPPONENT_HOME,,,,,,,REGULAR_SEASON,,"Iowa 2025-26 media guide, Year-by-Year Scores","12/5		 at Nebraska L, 71-73",resolved,,,,,
1297,IOWARAW-01298,iowa,2025-26_media_guide_year_by_year,1970-1971,1971,1970-12-08,Ashland (OH),Ashland,ashland,No,82,56,W,0,,,H,SOURCE_PROGRAM_HOME,Iowa Field House,Iowa Field House,Iowa City,IA,,,REGULAR_SEASON,,"Iowa 2025-26 media guide, Year-by-Year Scores","12/8		 Ashland (OH) W, 82-56",resolved,,,,,
1298,IOWARAW-01299,iowa,2025-26_media_guide_year_by_year,1970-1971,1971,1970-12-12,Drake,Drake,drake,Yes,70,72,L,0,,,at,OPPONENT_HOME,,,,,,,REGULAR_SEASON,,"Iowa 2025-26 media guide, Year-by-Year Scores","12/12 --/7 at Drake L, 70-72",resolved,,,,,
1299,IOWARAW-01300,iowa,2025-26_media_guide_year_by_year,1970-1971,1971,1970-12-14,Bowling Green,Bowling Green,bowling-green,Yes,89,78,W,0,,,at,OPPONENT_HOME,,,,,,,REGULAR_SEASON,,"Iowa 2025-26 media guide, Year-by-Year Scores","12/14		 at Bowling Green W, 89-78",resolved,,,,,
1300,IOWARAW-01301,iowa,2025-26_media_guide_year_by_year,1970-1971,1971,1970-12-17,Cincinnati,Cincinnati,cincinnati,Yes,70,73,L,1,,,H,SOURCE_PROGRAM_HOME,Iowa Field House,Iowa Field House,Iowa City,IA,,,REGULAR_SEASON,,"Iowa 2025-26 media guide, Year-by-Year Scores","12/17		 Cincinnati# L, 70-73",resolved,,,,,
1301,IOWARAW-01302,iowa,2025-26_media_guide_year_by_year,1970-1971,1971,1970-12-21,Hardin-Simmons,Hardin-Simmons,hardin-simmons,No,90,77,W,0,,,H,SOURCE_PROGRAM_HOME,Iowa Field House,Iowa Field House,Iowa City,IA,,,REGULAR_SEASON,,"Iowa 2025-26 media guide, Year-by-Year Scores","12/21		 Hardin-Simmons W, 90-77",resolved,,,,,
1302,IOWARAW-01303,iowa,2025-26_media_guide_year_by_year,1970-1971,1971,1970-12-23,Iowa State,Iowa State,iowa-state,Yes,87,68,W,0,,,H,SOURCE_PROGRAM_HOME,Iowa Field House,Iowa Field House,Iowa City,IA,,,REGULAR_SEASON,,"Iowa 2025-26 media guide, Year-by-Year Scores","12/23		 Iowa State W, 87-68",resolved,,,,,
1303,IOWARAW-01304,iowa,2025-26_media_guide_year_by_year,1970-1971,1971,1971-01-02,Wyoming,Wyoming,wyoming,Yes,87,84,W,0,,,H,SOURCE_PROGRAM_HOME,Iowa Field House,Iowa Field House,Iowa City,IA,,,REGULAR_SEASON,,"Iowa 2025-26 media guide, Year-by-Year Scores","1/2		 Wyoming W, 87-84",resolved,,,,,
1304,IOWARAW-01305,iowa,2025-26_media_guide_year_by_year,1970-1971,1971,1971-01-09,Ohio State,Ohio State,ohio-state,Yes,76,97,L,0,,,H,SOURCE_PROGRAM_HOME,Iowa Field House,Iowa Field House,Iowa City,IA,,,REGULAR_SEASON,,"Iowa 2025-26 media guide, Year-by-Year Scores","1/9		 Ohio State L, 76-97",resolved,,,,,
1305,IOWARAW-01306,iowa,2025-26_media_guide_year_by_year,1970-1971,1971,1971-01-12,Michigan State,Michigan State,michigan-state,Yes,81,84,L,0,,,at,OPPONENT_HOME,,,,,,,REGULAR_SEASON,,"Iowa 2025-26 media guide, Year-by-Year Scores","1/12		 at Michigan State L, 81-84",resolved,,,,,
1306,IOWARAW-01307,iowa,2025-26_media_guide_year_by_year,1970-1971,1971,1971-01-22,Cincinnati,Cincinnati,cincinnati,Yes,69,73,L,0,,,at,OPPONENT_HOME,,,,,,,REGULAR_SEASON,,"Iowa 2025-26 media guide, Year-by-Year Scores","1/22		 at Cincinnati L, 69-73",resolved,,,,,
1307,IOWARAW-01308,iowa,2025-26_media_guide_year_by_year,1970-1971,1971,1971-01-30,Northwestern,Northwestern,northwestern,Yes,87,85,W,0,,,at,OPPONENT_HOME,,,,,,,REGULAR_SEASON,,"Iowa 2025-26 media guide, Year-by-Year Scores","1/30		 at Northwestern W, 87-85",resolved,,,,,
1308,IOWARAW-01309,iowa,2025-26_media_guide_year_by_year,1970-1971,1971,1971-02-02,Illinois,Illinois,illinois,Yes,92,84,W,0,,,H,SOURCE_PROGRAM_HOME,Iowa Field House,Iowa Field House,Iowa City,IA,,,REGULAR_SEASON,,"Iowa 2025-26 media guide, Year-by-Year Scores","2/2 --/15 Illinois W, 92-84",resolved,,,,,
1309,IOWARAW-01310,iowa,2025-26_media_guide_year_by_year,1970-1971,1971,1971-02-06,Wisconsin,Wisconsin,wisconsin,Yes,93,91,W,0,,,H,SOURCE_PROGRAM_HOME,Iowa Field House,Iowa Field House,Iowa City,IA,,,REGULAR_SEASON,,"Iowa 2025-26 media guide, Year-by-Year Scores","2/6		 atWisconsin W, 93-91",resolved,,,,,
1310,IOWARAW-01311,iowa,2025-26_media_guide_year_by_year,1970-1971,1971,1971-02-13,Indiana,Indiana,indiana,Yes,84,86,L,0,,,H,SOURCE_PROGRAM_HOME,Iowa Field House,Iowa Field House,Iowa City,IA,,,REGULAR_SEASON,,"Iowa 2025-26 media guide, Year-by-Year Scores","2/13		 Indiana L, 84-86",resolved,,,,,
1311,IOWARAW-01312,iowa,2025-26_media_guide_year_by_year,1970-1971,1971,1971-02-16,Minnesota,Minnesota,minnesota,Yes,76,88,L,0,,,at,OPPONENT_HOME,,,,,,,REGULAR_SEASON,,"Iowa 2025-26 media guide, Year-by-Year Scores","2/16		 at Minnesota L, 76-88",resolved,,,,,
1312,IOWARAW-01313,iowa,2025-26_media_guide_year_by_year,1970-1971,1971,1971-02-20,Purdue,Purdue,purdue,Yes,85,87,L,0,,,H,SOURCE_PROGRAM_HOME,Iowa Field House,Iowa Field House,Iowa City,IA,,,REGULAR_SEASON,,"Iowa 2025-26 media guide, Year-by-Year Scores","2/20		 Purdue L, 85-87",resolved,,,,,
1313,IOWARAW-01314,iowa,2025-26_media_guide_year_by_year,1970-1971,1971,1971-02-23,Ohio State,Ohio State,ohio-state,Yes,71,80,L,0,,,at,OPPONENT_HOME,,,,,,,REGULAR_SEASON,,"Iowa 2025-26 media guide, Year-by-Year Scores","2/23 --/18 at Ohio State L, 71-80",resolved,,,,,
1314,IOWARAW-01315,iowa,2025-26_media_guide_year_by_year,1970-1971,1971,1971-02-27,Wisconsin,Wisconsin,wisconsin,Yes,83,89,L,0,,,H,SOURCE_PROGRAM_HOME,Iowa Field House,Iowa Field House,Iowa City,IA,,,REGULAR_SEASON,,"Iowa 2025-26 media guide, Year-by-Year Scores","2/27		 Wisconsin L, 83-89",resolved,,,,,
1315,IOWARAW-01316,iowa,2025-26_media_guide_year_by_year,1970-1971,1971,1971-03-02,Northwestern,Northwestern,northwestern,Yes,78,64,W,0,,,H,SOURCE_PROGRAM_HOME,Iowa Field House,Iowa Field House,Iowa City,IA,,,REGULAR_SEASON,,"Iowa 2025-26 media guide, Year-by-Year Scores","3/2		 Northwestern W, 78-64",resolved,,,,,
1316,IOWARAW-01317,iowa,2025-26_media_guide_year_by_year,1970-1971,1971,1971-03-06,Indiana,Indiana,indiana,Yes,88,104,L,0,,,at,OPPONENT_HOME,,,,,,,REGULAR_SEASON,,"Iowa 2025-26 media guide, Year-by-Year Scores","3/6 --/18 at Indiana L, 88-104",resolved,,,,,
1317,IOWARAW-01318,iowa,2025-26_media_guide_year_by_year,1970-1971,1971,1971-03-09,Michigan,Michigan,michigan,Yes,82,86,L,0,,,H,SOURCE_PROGRAM_HOME,Iowa Field House,Iowa Field House,Iowa City,IA,,,REGULAR_SEASON,,"Iowa 2025-26 media guide, Year-by-Year Scores","3/9		 Michigan L, 82-86",resolved,,,,,
1318,IOWARAW-01319,iowa,2025-26_media_guide_year_by_year,1970-1971,1971,1971-03-13,Purdue,Purdue,purdue,Yes,84,110,L,0,,,at,OPPONENT_HOME,,,,,,,REGULAR_SEASON,,"Iowa 2025-26 media guide, Year-by-Year Scores","3/13		 at Purdue L, 84-110",resolved,,,,,
1319,IOWARAW-01320,iowa,2025-26_media_guide_year_by_year,1971-1972,1972,1971-12-01,Hardin-Simmons,Hardin-Simmons,hardin-simmons,No,80,58,W,0,,,H,SOURCE_PROGRAM_HOME,Iowa Field House,Iowa Field House,Iowa City,IA,,,REGULAR_SEASON,,"Iowa 2025-26 media guide, Year-by-Year Scores","12/1		 Hardin-Simmons W, 80-58",resolved,,,,,
1320,IOWARAW-01321,iowa,2025-26_media_guide_year_by_year,1971-1972,1972,1971-12-04,UCLA,UCLA,ucla,Yes,72,106,L,0,,,at,OPPONENT_HOME,,,,,,,REGULAR_SEASON,,"Iowa 2025-26 media guide, Year-by-Year Scores","12/4 --/1 at UCLA L, 72-106",resolved,,,,,
1321,IOWARAW-01322,iowa,2025-26_media_guide_year_by_year,1971-1972,1972,1971-12-07,UTEP,UTEP,utep,Yes,57,65,L,0,,,at,OPPONENT_HOME,,,,,,,REGULAR_SEASON,,"Iowa 2025-26 media guide, Year-by-Year Scores","12/7		 at UTEP L, 57-65",resolved,,,,,
1322,IOWARAW-01323,iowa,2025-26_media_guide_year_by_year,1971-1972,1972,1971-12-10,Duquesne,Duquesne,duquesne,Yes,75,80,L,0,,,at,OPPONENT_HOME,,,,,,,REGULAR_SEASON,,"Iowa 2025-26 media guide, Year-by-Year Scores","12/10		 at Duquesne L, 75-80",resolved,,,,,
1323,IOWARAW-01324,iowa,2025-26_media_guide_year_by_year,1971-1972,1972,1971-12-13,Nevada,Nevada,nevada,Yes,87,85,W,0,,,H,SOURCE_PROGRAM_HOME,Iowa Field House,Iowa Field House,Iowa City,IA,,,REGULAR_SEASON,,"Iowa 2025-26 media guide, Year-by-Year Scores","12/13		 Nevada W, 87-85",resolved,,,,,
1324,IOWARAW-01325,iowa,2025-26_media_guide_year_by_year,1971-1972,1972,1971-12-18,Iowa State,Iowa State,iowa-state,Yes,94,97,L,0,,,at,OPPONENT_HOME,,,,,,,REGULAR_SEASON,,"Iowa 2025-26 media guide, Year-by-Year Scores","12/18		 at Iowa State L, 94-97",resolved,,,,,
1325,IOWARAW-01326,iowa,2025-26_media_guide_year_by_year,1971-1972,1972,1971-12-21,Nebraska,Nebraska,nebraska,Yes,86,77,W,0,,,H,SOURCE_PROGRAM_HOME,Iowa Field House,Iowa Field House,Iowa City,IA,,,REGULAR_SEASON,,"Iowa 2025-26 media guide, Year-by-Year Scores","12/21		 Nebraska W, 86-77",resolved,,,,,
1326,IOWARAW-01327,iowa,2025-26_media_guide_year_by_year,1971-1972,1972,1971-12-30,Drake,Drake,drake,Yes,89,83,W,0,,,H,SOURCE_PROGRAM_HOME,Iowa Field House,Iowa Field House,Iowa City,IA,,,REGULAR_SEASON,,"Iowa 2025-26 media guide, Year-by-Year Scores","12/30		 Drake W, 89-83",resolved,,,,,
1327,IOWARAW-01328,iowa,2025-26_media_guide_year_by_year,1971-1972,1972,1972-01-03,Kansas,Kansas,kansas,Yes,81,68,W,0,,,H,SOURCE_PROGRAM_HOME,Iowa Field House,Iowa Field House,Iowa City,IA,,,REGULAR_SEASON,,"Iowa 2025-26 media guide, Year-by-Year Scores","1/3		 Kansas W, 81-68",resolved,,,,,
1328,IOWARAW-01329,iowa,2025-26_media_guide_year_by_year,1971-1972,1972,1972-01-08,Wisconsin,Wisconsin,wisconsin,Yes,80,81,L,0,,,H,SOURCE_PROGRAM_HOME,Iowa Field House,Iowa Field House,Iowa City,IA,,,REGULAR_SEASON,,"Iowa 2025-26 media guide, Year-by-Year Scores","1/8		 atWisconsin L, 80-81",resolved,,,,,
1329,IOWARAW-01330,iowa,2025-26_media_guide_year_by_year,1971-1972,1972,1972-01-11,Northwestern,Northwestern,northwestern,Yes,76,67,W,0,,,H,SOURCE_PROGRAM_HOME,Iowa Field House,Iowa Field House,Iowa City,IA,,,REGULAR_SEASON,,"Iowa 2025-26 media guide, Year-by-Year Scores","1/11		 Northwestern W, 76-67",resolved,,,,,
1330,IOWARAW-01331,iowa,2025-26_media_guide_year_by_year,1971-1972,1972,1972-01-22,South Carolina,South Carolina,south-carolina,Yes,91,85,W,0,,,vs.,NEUTRAL,,,,,,,REGULAR_SEASON,,"Iowa 2025-26 media guide, Year-by-Year Scores","1/22 --/5 vs. South Carolina W, 91-85",resolved,,,,,
1331,IOWARAW-01332,iowa,2025-26_media_guide_year_by_year,1971-1972,1972,1972-01-25,Michigan,Michigan,michigan,Yes,86,90,L,0,,,at,OPPONENT_HOME,,,,,,,REGULAR_SEASON,,"Iowa 2025-26 media guide, Year-by-Year Scores","1/25		 at Michigan L, 86-90",resolved,,,,,
1332,IOWARAW-01333,iowa,2025-26_media_guide_year_by_year,1971-1972,1972,1972-01-29,Minnesota,Minnesota,minnesota,Yes,50,61,L,0,,,H,SOURCE_PROGRAM_HOME,Iowa Field House,Iowa Field House,Iowa City,IA,,,REGULAR_SEASON,,"Iowa 2025-26 media guide, Year-by-Year Scores","1/29 --/16 Minnesota L, 50-61",resolved,,,,,
1333,IOWARAW-01334,iowa,2025-26_media_guide_year_by_year,1971-1972,1972,1972-02-01,Ohio State,Ohio State,ohio-state,Yes,77,82,L,0,,,at,OPPONENT_HOME,,,,,,,REGULAR_SEASON,,"Iowa 2025-26 media guide, Year-by-Year Scores","2/1 --/9 at Ohio State L, 77-82",resolved,,,,,
1334,IOWARAW-01335,iowa,2025-26_media_guide_year_by_year,1971-1972,1972,1972-02-05,Minnesota,Minnesota,minnesota,Yes,52,53,L,0,,,at,OPPONENT_HOME,,,,,,,REGULAR_SEASON,,"Iowa 2025-26 media guide, Year-by-Year Scores","2/5 --/19 at Minnesota L, 52-53",resolved,,,,,
1335,IOWARAW-01336,iowa,2025-26_media_guide_year_by_year,1971-1972,1972,1972-02-08,Ohio State,Ohio State,ohio-state,Yes,80,67,W,0,,,H,SOURCE_PROGRAM_HOME,Iowa Field House,Iowa Field House,Iowa City,IA,,,REGULAR_SEASON,,"Iowa 2025-26 media guide, Year-by-Year Scores","2/8 --/7 Ohio State W, 80-67",resolved,,,,,
1336,IOWARAW-01337,iowa,2025-26_media_guide_year_by_year,1971-1972,1972,1972-02-12,Michigan State,Michigan State,michigan-state,Yes,91,100,L,0,,,H,SOURCE_PROGRAM_HOME,Iowa Field House,Iowa Field House,Iowa City,IA,,,REGULAR_SEASON,,"Iowa 2025-26 media guide, Year-by-Year Scores","2/12		 Michigan State L, 91-100",resolved,,,,,
1337,IOWARAW-01338,iowa,2025-26_media_guide_year_by_year,1971-1972,1972,1972-02-15,Illinois,Illinois,illinois,Yes,87,84,W,1,,,H,SOURCE_PROGRAM_HOME,Iowa Field House,Iowa Field House,Iowa City,IA,,,REGULAR_SEASON,,"Iowa 2025-26 media guide, Year-by-Year Scores","2/15		 Illinois# W, 87-84",resolved,,,,,
1338,IOWARAW-01339,iowa,2025-26_media_guide_year_by_year,1971-1972,1972,1972-02-19,Indiana,Indiana,indiana,Yes,79,86,L,0,,,at,OPPONENT_HOME,,,,,,,REGULAR_SEASON,,"Iowa 2025-26 media guide, Year-by-Year Scores","2/19		 at Indiana L, 79-86",resolved,,,,,
1339,IOWARAW-01340,iowa,2025-26_media_guide_year_by_year,1971-1972,1972,1972-02-26,Michigan State,Michigan State,michigan-state,Yes,102,98,W,0,,,at,OPPONENT_HOME,,,,,,,REGULAR_SEASON,,"Iowa 2025-26 media guide, Year-by-Year Scores","2/26		 at Michigan State W, 102-98",resolved,,,,,
1340,IOWARAW-01341,iowa,2025-26_media_guide_year_by_year,1971-1972,1972,1972-03-04,Purdue,Purdue,purdue,Yes,85,87,L,0,,,H,SOURCE_PROGRAM_HOME,Iowa Field House,Iowa Field House,Iowa City,IA,,,REGULAR_SEASON,,"Iowa 2025-26 media guide, Year-by-Year Scores","3/4		 Purdue L, 85-87",resolved,,,,,
1341,IOWARAW-01342,iowa,2025-26_media_guide_year_by_year,1971-1972,1972,1972-03-07,Illinois,Illinois,illinois,Yes,84,91,L,0,,,at,OPPONENT_HOME,,,,,,,REGULAR_SEASON,,"Iowa 2025-26 media guide, Year-by-Year Scores","3/7		 at Illinois L, 84-91",resolved,,,,,
1342,IOWARAW-01343,iowa,2025-26_media_guide_year_by_year,1971-1972,1972,1972-03-11,Michigan,Michigan,michigan,Yes,95,69,W,0,,,H,SOURCE_PROGRAM_HOME,Iowa Field House,Iowa Field House,Iowa City,IA,,,REGULAR_SEASON,,"Iowa 2025-26 media guide, Year-by-Year Scores","3/11		 Michigan W, 95-69",resolved,,,,,
1343,IOWARAW-01344,iowa,2025-26_media_guide_year_by_year,1972-1973,1973,1972-12-01,Chicago State,Chicago State,chicago-state,Yes,101,44,W,0,,,H,SOURCE_PROGRAM_HOME,Iowa Field House,Iowa Field House,Iowa City,IA,,,REGULAR_SEASON,,"Iowa 2025-26 media guide, Year-by-Year Scores","12/1		 Chicago State W, 101-44",resolved,,,,,
1344,IOWARAW-01345,iowa,2025-26_media_guide_year_by_year,1972-1973,1973,1972-12-04,Kentucky,Kentucky,kentucky,Yes,79,66,W,0,,,at,OPPONENT_HOME,,,,,,,REGULAR_SEASON,,"Iowa 2025-26 media guide, Year-by-Year Scores","12/4 --/8 at Kentucky W, 79-66",resolved,,,,,
1345,IOWARAW-01346,iowa,2025-26_media_guide_year_by_year,1972-1973,1973,1972-12-09,Kansas,Kansas,kansas,Yes,69,56,W,0,,,at,OPPONENT_HOME,,,,,,,REGULAR_SEASON,,"Iowa 2025-26 media guide, Year-by-Year Scores","12/9		 at Kansas W, 69-56",resolved,,,,,
1346,IOWARAW-01347,iowa,2025-26_media_guide_year_by_year,1972-1973,1973,1972-12-13,Kansas State,Kansas State,kansas-state,Yes,62,68,L,0,,,H,SOURCE_PROGRAM_HOME,Iowa Field House,Iowa Field House,Iowa City,IA,,,REGULAR_SEASON,,"Iowa 2025-26 media guide, Year-by-Year Scores","12/13 --/20 Kansas State L, 62-68",resolved,,,,,
1347,IOWARAW-01348,iowa,2025-26_media_guide_year_by_year,1972-1973,1973,1972-12-23,Marquette,Marquette,marquette,Yes,61,69,L,0,,,H,SOURCE_PROGRAM_HOME,Iowa Field House,Iowa Field House,Iowa City,IA,,,REGULAR_SEASON,,"Iowa 2025-26 media guide, Year-by-Year Scores","12/23 --/3 Marquette L, 61-69",resolved,,,,,
1348,IOWARAW-01349,iowa,2025-26_media_guide_year_by_year,1972-1973,1973,1972-12-27,Drake,Drake,drake,Yes,80,98,L,0,,,at,OPPONENT_HOME,,,,,,,REGULAR_SEASON,,"Iowa 2025-26 media guide, Year-by-Year Scores","12/27		 at Drake L, 80-98",resolved,,,,,
1349,IOWARAW-01350,iowa,2025-26_media_guide_year_by_year,1972-1973,1973,1972-12-30,Minnesota-Duluth,Minnesota Duluth,minnesota-duluth,No,92,72,W,0,,,H,SOURCE_PROGRAM_HOME,Iowa Field House,Iowa Field House,Iowa City,IA,,,REGULAR_SEASON,,"Iowa 2025-26 media guide, Year-by-Year Scores","12/30		 Minnesota-Duluth W, 92-72",resolved,,,,,
1350,IOWARAW-01351,iowa,2025-26_media_guide_year_by_year,1972-1973,1973,1973-01-02,Iowa State,Iowa State,iowa-state,Yes,66,57,W,0,,,H,SOURCE_PROGRAM_HOME,Iowa Field House,Iowa Field House,Iowa City,IA,,,REGULAR_SEASON,,"Iowa 2025-26 media guide, Year-by-Year Scores","1/2		 Iowa State W, 66-57",resolved,,,,,
1351,IOWARAW-01352,iowa,2025-26_media_guide_year_by_year,1972-1973,1973,1973-01-06,Minnesota,Minnesota,minnesota,Yes,65,62,W,1,,,H,SOURCE_PROGRAM_HOME,Iowa Field House,Iowa Field House,Iowa City,IA,,,REGULAR_SEASON,,"Iowa 2025-26 media guide, Year-by-Year Scores","1/6 --/6 Minnesota# W, 65-62",resolved,,,,,
1352,IOWARAW-01353,iowa,2025-26_media_guide_year_by_year,1972-1973,1973,1973-01-08,Michigan,Michigan,michigan,Yes,59,71,L,0,,,at,OPPONENT_HOME,,,,,,,REGULAR_SEASON,,"Iowa 2025-26 media guide, Year-by-Year Scores","1/8		 at Michigan L, 59-71",resolved,,,,,
1353,IOWARAW-01354,iowa,2025-26_media_guide_year_by_year,1972-1973,1973,1973-01-13,Illinois,Illinois,illinois,Yes,78,80,L,0,,,at,OPPONENT_HOME,,,,,,,REGULAR_SEASON,,"Iowa 2025-26 media guide, Year-by-Year Scores","1/13		 at Illinois L, 78-80",resolved,,,,,
1354,IOWARAW-01355,iowa,2025-26_media_guide_year_by_year,1972-1973,1973,1973-01-15,Michigan State,Michigan State,michigan-state,Yes,74,76,L,0,,,H,SOURCE_PROGRAM_HOME,Iowa Field House,Iowa Field House,Iowa City,IA,,,REGULAR_SEASON,,"Iowa 2025-26 media guide, Year-by-Year Scores","1/15		 Michigan State L, 74-76",resolved,,,,,
1355,IOWARAW-01356,iowa,2025-26_media_guide_year_by_year,1972-1973,1973,1973-01-20,Ohio State,Ohio State,ohio-state,Yes,72,75,L,0,,,at,OPPONENT_HOME,,,,,,,REGULAR_SEASON,,"Iowa 2025-26 media guide, Year-by-Year Scores","1/20		 at Ohio State L, 72-75",resolved,,,,,
1356,IOWARAW-01357,iowa,2025-26_media_guide_year_by_year,1972-1973,1973,1973-01-27,UNC-Charlotte,Charlotte,charlotte,Yes,72,49,W,0,,,H,SOURCE_PROGRAM_HOME,Iowa Field House,Iowa Field House,Iowa City,IA,,,REGULAR_SEASON,,"Iowa 2025-26 media guide, Year-by-Year Scores","1/27		 UNC-Charlotte W, 72-49",resolved,,,,,
1357,IOWARAW-01358,iowa,2025-26_media_guide_year_by_year,1972-1973,1973,1973-01-29,Michigan,Michigan,michigan,Yes,75,68,W,0,,,H,SOURCE_PROGRAM_HOME,Iowa Field House,Iowa Field House,Iowa City,IA,,,REGULAR_SEASON,,"Iowa 2025-26 media guide, Year-by-Year Scores","1/29		 Michigan W, 75-68",resolved,,,,,
1358,IOWARAW-01359,iowa,2025-26_media_guide_year_by_year,1972-1973,1973,1973-02-03,Michigan State,Michigan State,michigan-state,Yes,89,94,L,0,,,at,OPPONENT_HOME,,,,,,,REGULAR_SEASON,,"Iowa 2025-26 media guide, Year-by-Year Scores","2/3		 at Michigan State L, 89-94",resolved,,,,,
1359,IOWARAW-01360,iowa,2025-26_media_guide_year_by_year,1972-1973,1973,1973-02-10,Bradley,Bradley,bradley,Yes,90,73,W,0,,,at,OPPONENT_HOME,,,,,,,REGULAR_SEASON,,"Iowa 2025-26 media guide, Year-by-Year Scores","2/10		 at Bradley W, 90-73",resolved,,,,,
1360,IOWARAW-01361,iowa,2025-26_media_guide_year_by_year,1972-1973,1973,1973-02-12,Ohio State,Ohio State,ohio-state,Yes,80,86,L,0,,,H,SOURCE_PROGRAM_HOME,Iowa Field House,Iowa Field House,Iowa City,IA,,,REGULAR_SEASON,,"Iowa 2025-26 media guide, Year-by-Year Scores","2/12		 Ohio State L, 80-86",resolved,,,,,
1361,IOWARAW-01362,iowa,2025-26_media_guide_year_by_year,1972-1973,1973,1973-02-17,Wisconsin,Wisconsin,wisconsin,Yes,100,76,W,0,,,H,SOURCE_PROGRAM_HOME,Iowa Field House,Iowa Field House,Iowa City,IA,,,REGULAR_SEASON,,"Iowa 2025-26 media guide, Year-by-Year Scores","2/17		 Wisconsin W, 100-76",resolved,,,,,
1362,IOWARAW-01363,iowa,2025-26_media_guide_year_by_year,1972-1973,1973,1973-02-19,Northwestern,Northwestern,northwestern,Yes,94,83,W,1,,,at,OPPONENT_HOME,,,,,,,REGULAR_SEASON,,"Iowa 2025-26 media guide, Year-by-Year Scores","2/19		 at Northwestern# W, 94-83",resolved,,,,,
1363,IOWARAW-01364,iowa,2025-26_media_guide_year_by_year,1972-1973,1973,1973-02-24,Purdue,Purdue,purdue,Yes,66,74,L,0,,,at,OPPONENT_HOME,,,,,,,REGULAR_SEASON,,"Iowa 2025-26 media guide, Year-by-Year Scores","2/24 --/17 at Purdue L, 66-74",resolved,,,,,
1364,IOWARAW-01365,iowa,2025-26_media_guide_year_by_year,1972-1973,1973,1973-03-03,Indiana,Indiana,indiana,Yes,64,80,L,0,,,H,SOURCE_PROGRAM_HOME,Iowa Field House,Iowa Field House,Iowa City,IA,,,REGULAR_SEASON,,"Iowa 2025-26 media guide, Year-by-Year Scores","3/3 --/12 Indiana L, 64-80",resolved,,,,,
1365,IOWARAW-01366,iowa,2025-26_media_guide_year_by_year,1972-1973,1973,1973-03-05,Minnesota,Minnesota,minnesota,Yes,79,77,W,0,,,at,OPPONENT_HOME,,,,,,,REGULAR_SEASON,,"Iowa 2025-26 media guide, Year-by-Year Scores","3/5 --/3 at Minnesota W, 79-77",resolved,,,,,
1366,IOWARAW-01367,iowa,2025-26_media_guide_year_by_year,1972-1973,1973,1973-03-10,Illinois,Illinois,illinois,Yes,93,76,W,0,,,H,SOURCE_PROGRAM_HOME,Iowa Field House,Iowa Field House,Iowa City,IA,,,REGULAR_SEASON,,"Iowa 2025-26 media guide, Year-by-Year Scores","3/10		 Illinois W, 93-76",resolved,,,,,
1367,IOWARAW-01368,iowa,2025-26_media_guide_year_by_year,1973-1974,1974,1973-12-01,Northern Illinois,Northern Illinois,northern-illinois,Yes,85,83,W,0,,,H,SOURCE_PROGRAM_HOME,Iowa Field House,Iowa Field House,Iowa City,IA,,,REGULAR_SEASON,,"Iowa 2025-26 media guide, Year-by-Year Scores","12/1		 Northern Illinois W, 85-83",resolved,,,,,
1368,IOWARAW-01369,iowa,2025-26_media_guide_year_by_year,1973-1974,1974,1973-12-04,Drake,Drake,drake,Yes,70,55,W,0,,,H,SOURCE_PROGRAM_HOME,Iowa Field House,Iowa Field House,Iowa City,IA,,,REGULAR_SEASON,,"Iowa 2025-26 media guide, Year-by-Year Scores","12/4		 Drake W, 70-55",resolved,,,,,
1369,IOWARAW-01370,iowa,2025-26_media_guide_year_by_year,1973-1974,1974,1973-12-08,Marquette,Marquette,marquette,Yes,70,86,L,0,,,at,OPPONENT_HOME,,,,,,,REGULAR_SEASON,,"Iowa 2025-26 media guide, Year-by-Year Scores","12/8 --/7 at Marquette L, 70-86",resolved,,,,,
1370,IOWARAW-01371,iowa,2025-26_media_guide_year_by_year,1973-1974,1974,1973-12-11,Kansas State,Kansas State,kansas-state,Yes,67,105,L,0,,,at,OPPONENT_HOME,,,,,,,REGULAR_SEASON,,"Iowa 2025-26 media guide, Year-by-Year Scores","12/11 --/15 at Kansas State L, 67-105",resolved,,,,,
1371,IOWARAW-01372,iowa,2025-26_media_guide_year_by_year,1973-1974,1974,1973-12-14,Kentucky,Kentucky,kentucky,Yes,80,88,L,0,,,H,SOURCE_PROGRAM_HOME,Iowa Field House,Iowa Field House,Iowa City,IA,,,REGULAR_SEASON,,"Iowa 2025-26 media guide, Year-by-Year Scores","12/14		 Kentucky L, 80-88",resolved,,,,,
1372,IOWARAW-01373,iowa,2025-26_media_guide_year_by_year,1973-1974,1974,1973-12-22,Wyoming,Wyoming,wyoming,Yes,79,86,L,0,,,H,SOURCE_PROGRAM_HOME,Iowa Field House,Iowa Field House,Iowa City,IA,,,REGULAR_SEASON,,"Iowa 2025-26 media guide, Year-by-Year Scores","12/22		 atWyoming L, 79-86",resolved,,,,,
1373,IOWARAW-01374,iowa,2025-26_media_guide_year_by_year,1973-1974,1974,1973-12-29,Wisc.-Green Bay,Green Bay,green-bay,Yes,74,67,W,1,,,H,SOURCE_PROGRAM_HOME,Iowa Field House,Iowa Field House,Iowa City,IA,,,REGULAR_SEASON,,"Iowa 2025-26 media guide, Year-by-Year Scores","12/29		 Wisc.-Green Bay# W, 74-67",resolved,,,,,
1374,IOWARAW-01375,iowa,2025-26_media_guide_year_by_year,1973-1974,1974,1974-01-02,Kansas,Kansas,kansas,Yes,71,72,L,0,,,H,SOURCE_PROGRAM_HOME,Iowa Field House,Iowa Field House,Iowa City,IA,,,REGULAR_SEASON,,"Iowa 2025-26 media guide, Year-by-Year Scores","1/2		 Kansas L, 71-72",resolved,,,,,
1375,IOWARAW-01376,iowa,2025-26_media_guide_year_by_year,1973-1974,1974,1974-01-05,Minnesota,Minnesota,minnesota,Yes,66,55,W,0,,,H,SOURCE_PROGRAM_HOME,Iowa Field House,Iowa Field House,Iowa City,IA,,,REGULAR_SEASON,,"Iowa 2025-26 media guide, Year-by-Year Scores","1/5		 Minnesota W, 66-55",resolved,,,,,
1376,IOWARAW-01377,iowa,2025-26_media_guide_year_by_year,1973-1974,1974,1974-01-07,Iowa State,Iowa State,iowa-state,Yes,77,94,L,0,,,at,OPPONENT_HOME,,,,,,,REGULAR_SEASON,,"Iowa 2025-26 media guide, Year-by-Year Scores","1/7		 at Iowa State L, 77-94",resolved,,,,,
1377,IOWARAW-01378,iowa,2025-26_media_guide_year_by_year,1973-1974,1974,1974-01-12,Northwestern,Northwestern,northwestern,Yes,67,87,L,0,,,at,OPPONENT_HOME,,,,,,,REGULAR_SEASON,,"Iowa 2025-26 media guide, Year-by-Year Scores","1/12		 at Northwestern L, 67-87",resolved,,,,,
1378,IOWARAW-01379,iowa,2025-26_media_guide_year_by_year,1973-1974,1974,1974-01-17,UCLA,UCLA,ucla,Yes,44,68,L,0,,,at,OPPONENT_HOME,,,,,,,REGULAR_SEASON,,"Iowa 2025-26 media guide, Year-by-Year Scores","1/17 --/1 at UCLA L, 44-68",resolved,,,,,
1379,IOWARAW-01380,iowa,2025-26_media_guide_year_by_year,1973-1974,1974,1974-01-19,Indiana,Indiana,indiana,Yes,51,55,L,0,,,H,SOURCE_PROGRAM_HOME,Iowa Field House,Iowa Field House,Iowa City,IA,,,REGULAR_SEASON,,"Iowa 2025-26 media guide, Year-by-Year Scores","1/19 --/12 Indiana L, 51-55",resolved,,,,,
1380,IOWARAW-01381,iowa,2025-26_media_guide_year_by_year,1973-1974,1974,1974-01-21,Michigan State,Michigan State,michigan-state,Yes,86,95,L,0,,,at,OPPONENT_HOME,,,,,,,REGULAR_SEASON,,"Iowa 2025-26 media guide, Year-by-Year Scores","1/21		 at Michigan State L, 86-95",resolved,,,,,
1381,IOWARAW-01382,iowa,2025-26_media_guide_year_by_year,1973-1974,1974,1974-01-26,Michigan,Michigan,michigan,Yes,84,86,L,1,,,H,SOURCE_PROGRAM_HOME,Iowa Field House,Iowa Field House,Iowa City,IA,,,REGULAR_SEASON,,"Iowa 2025-26 media guide, Year-by-Year Scores","1/26 --/15 Michigan# L, 84-86",resolved,,,,,
1382,IOWARAW-01383,iowa,2025-26_media_guide_year_by_year,1973-1974,1974,1974-02-02,Indiana,Indiana,indiana,Yes,50,85,L,0,,,at,OPPONENT_HOME,,,,,,,REGULAR_SEASON,,"Iowa 2025-26 media guide, Year-by-Year Scores","2/2		 at Indiana L, 50-85",resolved,,,,,
1383,IOWARAW-01384,iowa,2025-26_media_guide_year_by_year,1973-1974,1974,1974-02-09,Wisconsin,Wisconsin,wisconsin,Yes,87,113,L,0,,,H,SOURCE_PROGRAM_HOME,Iowa Field House,Iowa Field House,Iowa City,IA,,,REGULAR_SEASON,,"Iowa 2025-26 media guide, Year-by-Year Scores","2/9		 atWisconsin L, 87-113",resolved,,,,,
1384,IOWARAW-01385,iowa,2025-26_media_guide_year_by_year,1973-1974,1974,1974-02-11,Purdue,Purdue,purdue,Yes,112,111,W,3,,,H,SOURCE_PROGRAM_HOME,Iowa Field House,Iowa Field House,Iowa City,IA,,,REGULAR_SEASON,,"Iowa 2025-26 media guide, Year-by-Year Scores","2/11		 Purdue### W, 112-111",resolved,,,,,
1385,IOWARAW-01386,iowa,2025-26_media_guide_year_by_year,1973-1974,1974,1974-02-16,Ohio State,Ohio State,ohio-state,Yes,69,67,W,0,,,H,SOURCE_PROGRAM_HOME,Iowa Field House,Iowa Field House,Iowa City,IA,,,REGULAR_SEASON,,"Iowa 2025-26 media guide, Year-by-Year Scores","2/16		 Ohio State W, 69-67",resolved,,,,,
1386,IOWARAW-01387,iowa,2025-26_media_guide_year_by_year,1973-1974,1974,1974-02-18,Purdue,Purdue,purdue,Yes,78,99,L,0,,,at,OPPONENT_HOME,,,,,,,REGULAR_SEASON,,"Iowa 2025-26 media guide, Year-by-Year Scores","2/18		 at Purdue L, 78-99",resolved,,,,,
1387,IOWARAW-01388,iowa,2025-26_media_guide_year_by_year,1973-1974,1974,1974-02-23,Illinois,Illinois,illinois,Yes,84,91,L,0,,,at,OPPONENT_HOME,,,,,,,REGULAR_SEASON,,"Iowa 2025-26 media guide, Year-by-Year Scores","2/23		 at Illinois L, 84-91",resolved,,,,,
1388,IOWARAW-01389,iowa,2025-26_media_guide_year_by_year,1973-1974,1974,1974-03-02,Northwestern,Northwestern,northwestern,Yes,85,76,W,0,,,H,SOURCE_PROGRAM_HOME,Iowa Field House,Iowa Field House,Iowa City,IA,,,REGULAR_SEASON,,"Iowa 2025-26 media guide, Year-by-Year Scores","3/2		 Northwestern W, 85-76",resolved,,,,,
1389,IOWARAW-01390,iowa,2025-26_media_guide_year_by_year,1973-1974,1974,1974-03-04,Wisconsin,Wisconsin,wisconsin,Yes,58,74,L,0,,,H,SOURCE_PROGRAM_HOME,Iowa Field House,Iowa Field House,Iowa City,IA,,,REGULAR_SEASON,,"Iowa 2025-26 media guide, Year-by-Year Scores","3/4		 Wisconsin L, 58-74",resolved,,,,,
1390,IOWARAW-01391,iowa,2025-26_media_guide_year_by_year,1973-1974,1974,1974-03-09,Minnesota,Minnesota,minnesota,Yes,60,50,W,0,,,at,OPPONENT_HOME,,,,,,,REGULAR_SEASON,,"Iowa 2025-26 media guide, Year-by-Year Scores","3/9		 at Minnesota W, 60-50",resolved,,,,,
1391,IOWARAW-01392,iowa,2025-26_media_guide_year_by_year,1974-1975,1975,1974-11-30,VCU,VCU,vcu,Yes,95,80,W,0,,,H,SOURCE_PROGRAM_HOME,Iowa Field House,Iowa Field House,Iowa City,IA,,,REGULAR_SEASON,,"Iowa 2025-26 media guide, Year-by-Year Scores","11/30		 VCU W, 95-80",resolved,,,,,
1392,IOWARAW-01393,iowa,2025-26_media_guide_year_by_year,1974-1975,1975,1974-12-03,Drake,Drake,drake,Yes,86,81,W,0,,,at,OPPONENT_HOME,,,,,,,REGULAR_SEASON,,"Iowa 2025-26 media guide, Year-by-Year Scores","12/3		 at Drake W, 86-81",resolved,,,,,
1393,IOWARAW-01394,iowa,2025-26_media_guide_year_by_year,1974-1975,1975,1974-12-07,Kansas,Kansas,kansas,Yes,54,89,L,0,,,at,OPPONENT_HOME,,,,,,,REGULAR_SEASON,,"Iowa 2025-26 media guide, Year-by-Year Scores","12/7 --/7 at Kansas L, 54-89",resolved,,,,,
1394,IOWARAW-01395,iowa,2025-26_media_guide_year_by_year,1974-1975,1975,1974-12-12,Iowa State,Iowa State,iowa-state,Yes,77,66,W,0,,,at,OPPONENT_HOME,,,,,,,REGULAR_SEASON,,"Iowa 2025-26 media guide, Year-by-Year Scores","12/12		 at Iowa State W, 77-66",resolved,,,,,
1395,IOWARAW-01396,iowa,2025-26_media_guide_year_by_year,1974-1975,1975,1974-12-21,San Jose State,San Jose State,san-jose-state,Yes,103,105,L,3,,,H,SOURCE_PROGRAM_HOME,Iowa Field House,Iowa Field House,Iowa City,IA,,,REGULAR_SEASON,,"Iowa 2025-26 media guide, Year-by-Year Scores","12/21		 San Jose State### L, 103-105",resolved,,,,,
1396,IOWARAW-01397,iowa,2025-26_media_guide_year_by_year,1974-1975,1975,1974-12-27,Oregon State,Oregon State,oregon-state,Yes,60,97,L,0,,,vs.,NEUTRAL,,,,,,,REGULAR_SEASON,,"Iowa 2025-26 media guide, Year-by-Year Scores","12/27		 vs. Oregon State (n) L, 60-97",resolved,,,,,
1397,IOWARAW-01398,iowa,2025-26_media_guide_year_by_year,1974-1975,1975,1974-12-28,Wake Forest,Wake Forest,wake-forest,Yes,71,92,L,0,,,vs.,NEUTRAL,,,,,,,REGULAR_SEASON,,"Iowa 2025-26 media guide, Year-by-Year Scores","12/28		 vs.Wake Forest (n) L, 71-92",resolved,,,,,
1398,IOWARAW-01399,iowa,2025-26_media_guide_year_by_year,1974-1975,1975,1974-12-30,Boston College,Boston College,boston-college,Yes,81,86,L,0,,,vs.,NEUTRAL,,,,,,,REGULAR_SEASON,,"Iowa 2025-26 media guide, Year-by-Year Scores","12/30		 vs. Boston College (n) L, 81-86",resolved,,,,,
1399,IOWARAW-01400,iowa,2025-26_media_guide_year_by_year,1974-1975,1975,1975-01-02,Northwestern,Northwestern,northwestern,Yes,75,73,W,0,,,at,OPPONENT_HOME,,,,,,,REGULAR_SEASON,,"Iowa 2025-26 media guide, Year-by-Year Scores","1/2		 at Northwestern W, 75-73",resolved,,,,,
1400,IOWARAW-01401,iowa,2025-26_media_guide_year_by_year,1974-1975,1975,1975-01-04,Illinois,Illinois,illinois,Yes,95,70,W,0,,,H,SOURCE_PROGRAM_HOME,Iowa Field House,Iowa Field House,Iowa City,IA,,,REGULAR_SEASON,,"Iowa 2025-26 media guide, Year-by-Year Scores","1/4		 Illinois W, 95-70",resolved,,,,,
1401,IOWARAW-01402,iowa,2025-26_media_guide_year_by_year,1974-1975,1975,1975-01-06,Purdue,Purdue,purdue,Yes,54,63,L,0,,,H,SOURCE_PROGRAM_HOME,Iowa Field House,Iowa Field House,Iowa City,IA,,,REGULAR_SEASON,,"Iowa 2025-26 media guide, Year-by-Year Scores","1/6		 Purdue L, 54-63",resolved,,,,,
1402,IOWARAW-01403,iowa,2025-26_media_guide_year_by_year,1974-1975,1975,1975-01-11,Indiana,Indiana,indiana,Yes,49,102,L,0,,,at,OPPONENT_HOME,,,,,,,REGULAR_SEASON,,"Iowa 2025-26 media guide, Year-by-Year Scores","1/11 --/1 at Indiana L, 49-102",resolved,,,,,
1403,IOWARAW-01404,iowa,2025-26_media_guide_year_by_year,1974-1975,1975,1975-01-13,Ohio State,Ohio State,ohio-state,Yes,77,94,L,0,,,at,OPPONENT_HOME,,,,,,,REGULAR_SEASON,,"Iowa 2025-26 media guide, Year-by-Year Scores","1/13		 at Ohio State L, 77-94",resolved,,,,,
1404,IOWARAW-01405,iowa,2025-26_media_guide_year_by_year,1974-1975,1975,1975-01-18,Michigan,Michigan,michigan,Yes,70,75,L,0,,,H,SOURCE_PROGRAM_HOME,Iowa Field House,Iowa Field House,Iowa City,IA,,,REGULAR_SEASON,,"Iowa 2025-26 media guide, Year-by-Year Scores","1/18 --/19 Michigan L, 70-75",resolved,,,,,
1405,IOWARAW-01406,iowa,2025-26_media_guide_year_by_year,1974-1975,1975,1975-01-20,Michigan State,Michigan State,michigan-state,Yes,83,79,W,0,,,H,SOURCE_PROGRAM_HOME,Iowa Field House,Iowa Field House,Iowa City,IA,,,REGULAR_SEASON,,"Iowa 2025-26 media guide, Year-by-Year Scores","1/20		 Michigan State W, 83-79",resolved,,,,,
1406,IOWARAW-01407,iowa,2025-26_media_guide_year_by_year,1974-1975,1975,1975-01-25,Minnesota,Minnesota,minnesota,Yes,53,44,W,0,,,H,SOURCE_PROGRAM_HOME,Iowa Field House,Iowa Field House,Iowa City,IA,,,REGULAR_SEASON,,"Iowa 2025-26 media guide, Year-by-Year Scores","1/25 --/17 Minnesota W, 53-44",resolved,,,,,
1407,IOWARAW-01408,iowa,2025-26_media_guide_year_by_year,1974-1975,1975,1975-02-01,Wisconsin,Wisconsin,wisconsin,Yes,85,86,L,1,,,H,SOURCE_PROGRAM_HOME,Iowa Field House,Iowa Field House,Iowa City,IA,,,REGULAR_SEASON,,"Iowa 2025-26 media guide, Year-by-Year Scores","2/1		 atWisconsin# L, 85-86",resolved,,,,,
1408,IOWARAW-01409,iowa,2025-26_media_guide_year_by_year,1974-1975,1975,1975-02-03,Purdue,Purdue,purdue,Yes,72,107,L,0,,,at,OPPONENT_HOME,,,,,,,REGULAR_SEASON,,"Iowa 2025-26 media guide, Year-by-Year Scores","2/3		 at Purdue L, 72-107",resolved,,,,,
1409,IOWARAW-01410,iowa,2025-26_media_guide_year_by_year,1974-1975,1975,1975-02-08,Indiana,Indiana,indiana,Yes,56,79,L,0,,,H,SOURCE_PROGRAM_HOME,Iowa Field House,Iowa Field House,Iowa City,IA,,,REGULAR_SEASON,,"Iowa 2025-26 media guide, Year-by-Year Scores","2/8 --/1 Indiana L, 56-79",resolved,,,,,
1410,IOWARAW-01411,iowa,2025-26_media_guide_year_by_year,1974-1975,1975,1975-02-10,Ohio State,Ohio State,ohio-state,Yes,69,75,L,0,,,H,SOURCE_PROGRAM_HOME,Iowa Field House,Iowa Field House,Iowa City,IA,,,REGULAR_SEASON,,"Iowa 2025-26 media guide, Year-by-Year Scores","2/10		 Ohio State L, 69-75",resolved,,,,,
1411,IOWARAW-01412,iowa,2025-26_media_guide_year_by_year,1974-1975,1975,1975-02-15,Michigan,Michigan,michigan,Yes,75,99,L,0,,,at,OPPONENT_HOME,,,,,,,REGULAR_SEASON,,"Iowa 2025-26 media guide, Year-by-Year Scores","2/15		 at Michigan L, 75-99",resolved,,,,,
1412,IOWARAW-01413,iowa,2025-26_media_guide_year_by_year,1974-1975,1975,1975-02-17,Michigan State,Michigan State,michigan-state,Yes,78,90,L,0,,,at,OPPONENT_HOME,,,,,,,REGULAR_SEASON,,"Iowa 2025-26 media guide, Year-by-Year Scores","2/17		 at Michigan State L, 78-90",resolved,,,,,
1413,IOWARAW-01414,iowa,2025-26_media_guide_year_by_year,1974-1975,1975,1975-02-22,Minnesota,Minnesota,minnesota,Yes,67,68,L,0,,,at,OPPONENT_HOME,,,,,,,REGULAR_SEASON,,"Iowa 2025-26 media guide, Year-by-Year Scores","2/22		 at Minnesota L, 67-68",resolved,,,,,
1414,IOWARAW-01415,iowa,2025-26_media_guide_year_by_year,1974-1975,1975,1975-03-01,Wisconsin,Wisconsin,wisconsin,Yes,75,68,W,0,,,H,SOURCE_PROGRAM_HOME,Iowa Field House,Iowa Field House,Iowa City,IA,,,REGULAR_SEASON,,"Iowa 2025-26 media guide, Year-by-Year Scores","3/1		 Wisconsin W, 75-68",resolved,,,,,
1415,IOWARAW-01416,iowa,2025-26_media_guide_year_by_year,1974-1975,1975,1975-03-03,Northwestern,Northwestern,northwestern,Yes,65,58,W,2,,,H,SOURCE_PROGRAM_HOME,Iowa Field House,Iowa Field House,Iowa City,IA,,,REGULAR_SEASON,,"Iowa 2025-26 media guide, Year-by-Year Scores","3/3		 Northwestern## W, 65-58",resolved,,,,,
1416,IOWARAW-01417,iowa,2025-26_media_guide_year_by_year,1974-1975,1975,1975-03-08,Illinois,Illinois,illinois,Yes,73,70,W,0,,,at,OPPONENT_HOME,,,,,,,REGULAR_SEASON,,"Iowa 2025-26 media guide, Year-by-Year Scores","3/8		 at Illinois W, 73-70",resolved,,,,,
1417,IOWARAW-01418,iowa,2025-26_media_guide_year_by_year,1975-1976,1976,1975-11-29,Augustana (SD),Augustana (SD),augustana-sd,No,111,81,W,0,,,H,SOURCE_PROGRAM_HOME,Iowa Field House,Iowa Field House,Iowa City,IA,,,REGULAR_SEASON,,"Iowa 2025-26 media guide, Year-by-Year Scores","11/29		 Augustana (SD) W, 111-81",resolved,,,,,
1418,IOWARAW-01419,iowa,2025-26_media_guide_year_by_year,1975-1976,1976,1975-12-02,Nebraska,Nebraska,nebraska,Yes,72,65,W,0,,,H,SOURCE_PROGRAM_HOME,Iowa Field House,Iowa Field House,Iowa City,IA,,,REGULAR_SEASON,,"Iowa 2025-26 media guide, Year-by-Year Scores","12/2		 Nebraska W, 72-65",resolved,,,,,
1419,IOWARAW-01420,iowa,2025-26_media_guide_year_by_year,1975-1976,1976,1975-12-06,Northeast Louisiana,Louisiana-Monroe,louisiana-monroe,Yes,97,87,W,0,,,H,SOURCE_PROGRAM_HOME,Iowa Field House,Iowa Field House,Iowa City,IA,,,REGULAR_SEASON,,"Iowa 2025-26 media guide, Year-by-Year Scores","12/6		 Northeast Louisiana W, 97-87",resolved,,,,,
1420,IOWARAW-01421,iowa,2025-26_media_guide_year_by_year,1975-1976,1976,1975-12-08,Bradley,Bradley,bradley,Yes,100,96,W,0,,,at,OPPONENT_HOME,,,,,,,REGULAR_SEASON,,"Iowa 2025-26 media guide, Year-by-Year Scores","12/8		 at Bradley W, 100-96",resolved,,,,,
1421,IOWARAW-01422,iowa,2025-26_media_guide_year_by_year,1975-1976,1976,1975-12-12,Iowa State,Iowa State,iowa-state,Yes,91,77,W,0,,,at,OPPONENT_HOME,,,,,,,REGULAR_SEASON,,"Iowa 2025-26 media guide, Year-by-Year Scores","12/12		 at Iowa State W, 91-77",resolved,,,,,
1422,IOWARAW-01423,iowa,2025-26_media_guide_year_by_year,1975-1976,1976,1975-12-20,U.S. International,U.S. International,us-international,No,67,52,W,0,,,H,SOURCE_PROGRAM_HOME,Iowa Field House,Iowa Field House,Iowa City,IA,,,REGULAR_SEASON,,"Iowa 2025-26 media guide, Year-by-Year Scores","12/20		 U.S. International W, 67-52",resolved,,,,,
1423,IOWARAW-01424,iowa,2025-26_media_guide_year_by_year,1975-1976,1976,1975-12-23,Drake,Drake,drake,Yes,77,73,W,0,,,H,SOURCE_PROGRAM_HOME,Iowa Field House,Iowa Field House,Iowa City,IA,,,REGULAR_SEASON,,"Iowa 2025-26 media guide, Year-by-Year Scores","12/23		 Drake W, 77-73",resolved,,,,,
1424,IOWARAW-01425,iowa,2025-26_media_guide_year_by_year,1975-1976,1976,1975-12-27,Holy Cross,Holy Cross,holy-cross,Yes,98,75,W,0,,,vs.,NEUTRAL,,,,,,,REGULAR_SEASON,,"Iowa 2025-26 media guide, Year-by-Year Scores","12/27		 vs. Holy Cross (n) W, 98-75",resolved,,,,,
1425,IOWARAW-01426,iowa,2025-26_media_guide_year_by_year,1975-1976,1976,1975-12-29,Arizona,Arizona,arizona,Yes,82,80,W,0,,,vs.,NEUTRAL,,,,,,,REGULAR_SEASON,,"Iowa 2025-26 media guide, Year-by-Year Scores","12/29		 vs. Arizona (n) W, 82-80",resolved,,,,,
1426,IOWARAW-01427,iowa,2025-26_media_guide_year_by_year,1975-1976,1976,1975-12-30,USC,USC,usc,Yes,73,81,L,0,,,vs.,NEUTRAL,,,,,,,REGULAR_SEASON,,"Iowa 2025-26 media guide, Year-by-Year Scores","12/30		 vs. USC (n) L, 73-81",resolved,,,,,
1427,IOWARAW-01428,iowa,2025-26_media_guide_year_by_year,1975-1976,1976,1976-01-03,Illinois,Illinois,illinois,Yes,84,60,W,0,,,H,SOURCE_PROGRAM_HOME,Iowa Field House,Iowa Field House,Iowa City,IA,,,REGULAR_SEASON,,"Iowa 2025-26 media guide, Year-by-Year Scores","1/3		 Illinois W, 84-60",resolved,,,,,
1428,IOWARAW-01429,iowa,2025-26_media_guide_year_by_year,1975-1976,1976,1976-01-05,Michigan State,Michigan State,michigan-state,Yes,88,105,L,0,,,at,OPPONENT_HOME,,,,,,,REGULAR_SEASON,,"Iowa 2025-26 media guide, Year-by-Year Scores","1/5		 at Michigan State L, 88-105",resolved,,,,,
1429,IOWARAW-01430,iowa,2025-26_media_guide_year_by_year,1975-1976,1976,1976-01-10,Minnesota,Minnesota,minnesota,Yes,71,68,W,0,,,at,OPPONENT_HOME,,,,,,,REGULAR_SEASON,,"Iowa 2025-26 media guide, Year-by-Year Scores","1/10 --/17 at Minnesota W, 71-68",resolved,,,,,
1430,IOWARAW-01431,iowa,2025-26_media_guide_year_by_year,1975-1976,1976,1976-01-17,Wisconsin,Wisconsin,wisconsin,Yes,81,71,W,0,,,H,SOURCE_PROGRAM_HOME,Iowa Field House,Iowa Field House,Iowa City,IA,,,REGULAR_SEASON,,"Iowa 2025-26 media guide, Year-by-Year Scores","1/17		 atWisconsin W, 81-71",resolved,,,,,
1431,IOWARAW-01432,iowa,2025-26_media_guide_year_by_year,1975-1976,1976,1976-01-19,Northwestern,Northwestern,northwestern,Yes,92,99,L,1,,,at,OPPONENT_HOME,,,,,,,REGULAR_SEASON,,"Iowa 2025-26 media guide, Year-by-Year Scores","1/19		 at Northwestern# L, 92-99",resolved,,,,,
1432,IOWARAW-01433,iowa,2025-26_media_guide_year_by_year,1975-1976,1976,1976-01-24,Ohio State,Ohio State,ohio-state,Yes,78,67,W,0,,,H,SOURCE_PROGRAM_HOME,Iowa Field House,Iowa Field House,Iowa City,IA,,,REGULAR_SEASON,,"Iowa 2025-26 media guide, Year-by-Year Scores","1/24		 Ohio State W, 78-67",resolved,,,,,
1433,IOWARAW-01434,iowa,2025-26_media_guide_year_by_year,1975-1976,1976,1976-01-26,Indiana,Indiana,indiana,Yes,73,88,L,0,,,H,SOURCE_PROGRAM_HOME,Iowa Field House,Iowa Field House,Iowa City,IA,,,REGULAR_SEASON,,"Iowa 2025-26 media guide, Year-by-Year Scores","1/26 --/1 Indiana L, 73-88",resolved,,,,,
1434,IOWARAW-01435,iowa,2025-26_media_guide_year_by_year,1975-1976,1976,1976-01-31,Michigan,Michigan,michigan,Yes,95,104,L,0,,,at,OPPONENT_HOME,,,,,,,REGULAR_SEASON,,"Iowa 2025-26 media guide, Year-by-Year Scores","1/31 --/15 at Michigan L, 95-104",resolved,,,,,
1435,IOWARAW-01436,iowa,2025-26_media_guide_year_by_year,1975-1976,1976,1976-02-02,Purdue,Purdue,purdue,Yes,76,91,L,0,,,at,OPPONENT_HOME,,,,,,,REGULAR_SEASON,,"Iowa 2025-26 media guide, Year-by-Year Scores","2/2		 at Purdue L, 76-91",resolved,,,,,
1436,IOWARAW-01437,iowa,2025-26_media_guide_year_by_year,1975-1976,1976,1976-02-07,Minnesota,Minnesota,minnesota,Yes,65,58,W,0,,,H,SOURCE_PROGRAM_HOME,Iowa Field House,Iowa Field House,Iowa City,IA,,,REGULAR_SEASON,,"Iowa 2025-26 media guide, Year-by-Year Scores","2/7		 Minnesota W, 65-58",resolved,,,,,
1437,IOWARAW-01438,iowa,2025-26_media_guide_year_by_year,1975-1976,1976,1976-02-10,Drake,Drake,drake,Yes,71,65,W,0,,,at,OPPONENT_HOME,,,,,,,REGULAR_SEASON,,"Iowa 2025-26 media guide, Year-by-Year Scores","2/10		 at Drake W, 71-65",resolved,,,,,
1438,IOWARAW-01439,iowa,2025-26_media_guide_year_by_year,1975-1976,1976,1976-02-14,Wisconsin,Wisconsin,wisconsin,Yes,96,82,W,0,,,H,SOURCE_PROGRAM_HOME,Iowa Field House,Iowa Field House,Iowa City,IA,,,REGULAR_SEASON,,"Iowa 2025-26 media guide, Year-by-Year Scores","2/14		 Wisconsin W, 96-82",resolved,,,,,
1439,IOWARAW-01440,iowa,2025-26_media_guide_year_by_year,1975-1976,1976,1976-02-16,Northwestern,Northwestern,northwestern,Yes,81,68,W,0,,,H,SOURCE_PROGRAM_HOME,Iowa Field House,Iowa Field House,Iowa City,IA,,,REGULAR_SEASON,,"Iowa 2025-26 media guide, Year-by-Year Scores","2/16		 Northwestern W, 81-68",resolved,,,,,
1440,IOWARAW-01441,iowa,2025-26_media_guide_year_by_year,1975-1976,1976,1976-02-21,Ohio State,Ohio State,ohio-state,Yes,69,66,W,0,,,at,OPPONENT_HOME,,,,,,,REGULAR_SEASON,,"Iowa 2025-26 media guide, Year-by-Year Scores","2/21		 at Ohio State W, 69-66",resolved,,,,,
1441,IOWARAW-01442,iowa,2025-26_media_guide_year_by_year,1975-1976,1976,1976-02-23,Indiana,Indiana,indiana,Yes,81,101,L,0,,,at,OPPONENT_HOME,,,,,,,REGULAR_SEASON,,"Iowa 2025-26 media guide, Year-by-Year Scores","2/23 --/1 at Indiana L, 81-101",resolved,,,,,
1442,IOWARAW-01443,iowa,2025-26_media_guide_year_by_year,1975-1976,1976,1976-02-28,Michigan,Michigan,michigan,Yes,74,88,L,0,,,H,SOURCE_PROGRAM_HOME,Iowa Field House,Iowa Field House,Iowa City,IA,,,REGULAR_SEASON,,"Iowa 2025-26 media guide, Year-by-Year Scores","2/28 --/13 Michigan L, 74-88",resolved,,,,,
1443,IOWARAW-01444,iowa,2025-26_media_guide_year_by_year,1975-1976,1976,1976-03-01,Michigan State,Michigan State,michigan-state,Yes,88,93,L,0,,,H,SOURCE_PROGRAM_HOME,Iowa Field House,Iowa Field House,Iowa City,IA,,,REGULAR_SEASON,,"Iowa 2025-26 media guide, Year-by-Year Scores","3/1		 Michigan State L, 88-93",resolved,,,,,
1444,IOWARAW-01445,iowa,2025-26_media_guide_year_by_year,1975-1976,1976,1976-03-03,Purdue,Purdue,purdue,Yes,78,94,L,0,,,H,SOURCE_PROGRAM_HOME,Iowa Field House,Iowa Field House,Iowa City,IA,,,REGULAR_SEASON,,"Iowa 2025-26 media guide, Year-by-Year Scores","3/3		 Purdue L, 78-94",resolved,,,,,
1445,IOWARAW-01446,iowa,2025-26_media_guide_year_by_year,1975-1976,1976,1976-03-06,Illinois,Illinois,illinois,Yes,82,70,W,0,,,at,OPPONENT_HOME,,,,,,,REGULAR_SEASON,,"Iowa 2025-26 media guide, Year-by-Year Scores","3/6		 at Illinois W, 82-70",resolved,,,,,
1446,IOWARAW-01447,iowa,2025-26_media_guide_year_by_year,1976-1977,1977,1976-11-27,Nebraska,Nebraska,nebraska,Yes,71,57,W,0,,,at,OPPONENT_HOME,,,,,,,REGULAR_SEASON,,"Iowa 2025-26 media guide, Year-by-Year Scores","11/27		 at Nebraska W, 71-57",resolved,,,,,
1447,IOWARAW-01448,iowa,2025-26_media_guide_year_by_year,1976-1977,1977,1976-11-29,Kent State,Kent State,kent-state,Yes,84,55,W,0,,,H,SOURCE_PROGRAM_HOME,Iowa Field House,Iowa Field House,Iowa City,IA,,,REGULAR_SEASON,,"Iowa 2025-26 media guide, Year-by-Year Scores","11/29		 Kent State W, 84-55",resolved,,,,,
1448,IOWARAW-01449,iowa,2025-26_media_guide_year_by_year,1976-1977,1977,1976-12-04,Drake,Drake,drake,Yes,86,71,W,0,,,at,OPPONENT_HOME,,,,,,,REGULAR_SEASON,,"Iowa 2025-26 media guide, Year-by-Year Scores","12/4		 at Drake W, 86-71",resolved,,,,,
1449,IOWARAW-01450,iowa,2025-26_media_guide_year_by_year,1976-1977,1977,1976-12-06,Bradley,Bradley,bradley,Yes,90,77,W,0,,,H,SOURCE_PROGRAM_HOME,Iowa Field House,Iowa Field House,Iowa City,IA,,,REGULAR_SEASON,,"Iowa 2025-26 media guide, Year-by-Year Scores","12/6		 Bradley W, 90-77",resolved,,,,,
1450,IOWARAW-01451,iowa,2025-26_media_guide_year_by_year,1976-1977,1977,1976-12-10,California,California,california,Yes,94,73,W,0,,,H,SOURCE_PROGRAM_HOME,Iowa Field House,Iowa Field House,Iowa City,IA,,,REGULAR_SEASON,,"Iowa 2025-26 media guide, Year-by-Year Scores","12/10		 California W, 94-73",resolved,,,,,
1451,IOWARAW-01452,iowa,2025-26_media_guide_year_by_year,1976-1977,1977,1976-12-18,Iowa State,Iowa State,iowa-state,Yes,85,64,W,0,,,H,SOURCE_PROGRAM_HOME,Iowa Field House,Iowa Field House,Iowa City,IA,,,REGULAR_SEASON,,"Iowa 2025-26 media guide, Year-by-Year Scores","12/18		 Iowa State W, 85-64",resolved,,,,,
1452,IOWARAW-01453,iowa,2025-26_media_guide_year_by_year,1976-1977,1977,1976-12-21,Drake,Drake,drake,Yes,82,69,W,0,,,H,SOURCE_PROGRAM_HOME,Iowa Field House,Iowa Field House,Iowa City,IA,,,REGULAR_SEASON,,"Iowa 2025-26 media guide, Year-by-Year Scores","12/21		 Drake W, 82-69",resolved,,,,,
1453,IOWARAW-01454,iowa,2025-26_media_guide_year_by_year,1976-1977,1977,1976-12-29,New Mexico,New Mexico,new-mexico,Yes,83,96,L,0,,,at,OPPONENT_HOME,,,,,,,REGULAR_SEASON,,"Iowa 2025-26 media guide, Year-by-Year Scores","12/29		 at New Mexico L, 83-96",resolved,,,,,
1454,IOWARAW-01455,iowa,2025-26_media_guide_year_by_year,1976-1977,1977,1976-12-30,Pittsburgh,Pittsburgh,pittsburgh,Yes,103,80,W,0,,,vs.,NEUTRAL,,,,,,,REGULAR_SEASON,,"Iowa 2025-26 media guide, Year-by-Year Scores","12/30		 vs. Pittsburgh (n) W, 103-80",resolved,,,,,
1455,IOWARAW-01456,iowa,2025-26_media_guide_year_by_year,1976-1977,1977,1977-01-08,Minnesota,Minnesota,minnesota,Yes,68,78,L,0,FORFEIT,Iowa media guide marks '+' = Awarded Forfeit; source score/on-court result retained under project policy.,at,OPPONENT_HOME,,,,,,,REGULAR_SEASON,,"Iowa 2025-26 media guide, Year-by-Year Scores","1/8 --/13 at Minnesota+ W, 68-78",resolved,,,,,
1456,IOWARAW-01457,iowa,2025-26_media_guide_year_by_year,1976-1977,1977,1977-01-13,Purdue,Purdue,purdue,Yes,76,87,L,0,,,at,OPPONENT_HOME,,,,,,,REGULAR_SEASON,,"Iowa 2025-26 media guide, Year-by-Year Scores","1/13		 at Purdue L, 76-87",resolved,,,,,
1457,IOWARAW-01458,iowa,2025-26_media_guide_year_by_year,1976-1977,1977,1977-01-15,Illinois,Illinois,illinois,Yes,84,81,W,1,,,at,OPPONENT_HOME,,,,,,,REGULAR_SEASON,,"Iowa 2025-26 media guide, Year-by-Year Scores","1/15		 at Illinois# W, 84-81",resolved,,,,,
1458,IOWARAW-01459,iowa,2025-26_media_guide_year_by_year,1976-1977,1977,1977-01-17,Michigan,Michigan,michigan,Yes,75,99,L,0,,,H,SOURCE_PROGRAM_HOME,Iowa Field House,Iowa Field House,Iowa City,IA,,,REGULAR_SEASON,,"Iowa 2025-26 media guide, Year-by-Year Scores","1/17 --/5 Michigan L, 75-99",resolved,,,,,
1459,IOWARAW-01460,iowa,2025-26_media_guide_year_by_year,1976-1977,1977,1977-01-22,Northwestern,Northwestern,northwestern,Yes,76,74,W,0,,,H,SOURCE_PROGRAM_HOME,Iowa Field House,Iowa Field House,Iowa City,IA,,,REGULAR_SEASON,,"Iowa 2025-26 media guide, Year-by-Year Scores","1/22		 Northwestern W, 76-74",resolved,,,,,
1460,IOWARAW-01461,iowa,2025-26_media_guide_year_by_year,1976-1977,1977,1977-01-27,Ohio State,Ohio State,ohio-state,Yes,84,66,W,0,,,H,SOURCE_PROGRAM_HOME,Iowa Field House,Iowa Field House,Iowa City,IA,,,REGULAR_SEASON,,"Iowa 2025-26 media guide, Year-by-Year Scores","1/27		 Ohio State W, 84-66",resolved,,,,,
1461,IOWARAW-01462,iowa,2025-26_media_guide_year_by_year,1976-1977,1977,1977-01-29,Indiana,Indiana,indiana,Yes,65,81,L,0,,,at,OPPONENT_HOME,,,,,,,REGULAR_SEASON,,"Iowa 2025-26 media guide, Year-by-Year Scores","1/29		 at Indiana L, 65-81",resolved,,,,,
1462,IOWARAW-01463,iowa,2025-26_media_guide_year_by_year,1976-1977,1977,1977-02-05,Wisconsin,Wisconsin,wisconsin,Yes,90,73,W,0,,,H,SOURCE_PROGRAM_HOME,Iowa Field House,Iowa Field House,Iowa City,IA,,,REGULAR_SEASON,,"Iowa 2025-26 media guide, Year-by-Year Scores","2/5		 Wisconsin W, 90-73",resolved,,,,,
1463,IOWARAW-01464,iowa,2025-26_media_guide_year_by_year,1976-1977,1977,1977-02-07,Michigan State,Michigan State,michigan-state,Yes,87,79,W,0,,,H,SOURCE_PROGRAM_HOME,Iowa Field House,Iowa Field House,Iowa City,IA,,,REGULAR_SEASON,,"Iowa 2025-26 media guide, Year-by-Year Scores","2/7		 Michigan State W, 87-79",resolved,,,,,
1464,IOWARAW-01465,iowa,2025-26_media_guide_year_by_year,1976-1977,1977,1977-02-12,Minnesota,Minnesota,minnesota,Yes,58,61,L,0,FORFEIT,Iowa media guide marks '+' = Awarded Forfeit; source score/on-court result retained under project policy.,H,SOURCE_PROGRAM_HOME,Iowa Field House,Iowa Field House,Iowa City,IA,,,REGULAR_SEASON,,"Iowa 2025-26 media guide, Year-by-Year Scores","2/12 --/8 Minnesota+ W, 58-61",resolved,,,,,
1465,IOWARAW-01466,iowa,2025-26_media_guide_year_by_year,1976-1977,1977,1977-02-14,Ohio State,Ohio State,ohio-state,Yes,74,70,W,1,,,at,OPPONENT_HOME,,,,,,,REGULAR_SEASON,,"Iowa 2025-26 media guide, Year-by-Year Scores","2/14		 at Ohio State# W, 74-70",resolved,,,,,
1466,IOWARAW-01467,iowa,2025-26_media_guide_year_by_year,1976-1977,1977,1977-02-17,Michigan,Michigan,michigan,Yes,80,91,L,0,,,at,OPPONENT_HOME,,,,,,,REGULAR_SEASON,,"Iowa 2025-26 media guide, Year-by-Year Scores","2/17 --/5 at Michigan L, 80-91",resolved,,,,,
1467,IOWARAW-01468,iowa,2025-26_media_guide_year_by_year,1976-1977,1977,1977-02-19,Michigan State,Michigan State,michigan-state,Yes,79,81,L,0,,,at,OPPONENT_HOME,,,,,,,REGULAR_SEASON,,"Iowa 2025-26 media guide, Year-by-Year Scores","2/19		 at Michigan State L, 79-81",resolved,,,,,
1468,IOWARAW-01469,iowa,2025-26_media_guide_year_by_year,1976-1977,1977,1977-02-24,Illinois,Illinois,illinois,Yes,76,64,W,0,,,H,SOURCE_PROGRAM_HOME,Iowa Field House,Iowa Field House,Iowa City,IA,,,REGULAR_SEASON,,"Iowa 2025-26 media guide, Year-by-Year Scores","2/24		 Illinois W, 76-64",resolved,,,,,
1469,IOWARAW-01470,iowa,2025-26_media_guide_year_by_year,1976-1977,1977,1977-02-26,Purdue,Purdue,purdue,Yes,70,81,L,0,,,H,SOURCE_PROGRAM_HOME,Iowa Field House,Iowa Field House,Iowa City,IA,,,REGULAR_SEASON,,"Iowa 2025-26 media guide, Year-by-Year Scores","2/26		 Purdue L, 70-81",resolved,,,,,
1470,IOWARAW-01471,iowa,2025-26_media_guide_year_by_year,1976-1977,1977,1977-02-28,Indiana,Indiana,indiana,Yes,80,73,W,0,,,H,SOURCE_PROGRAM_HOME,Iowa Field House,Iowa Field House,Iowa City,IA,,,REGULAR_SEASON,,"Iowa 2025-26 media guide, Year-by-Year Scores","2/28		 Indiana W, 80-73",resolved,,,,,
1471,IOWARAW-01472,iowa,2025-26_media_guide_year_by_year,1976-1977,1977,1977-03-03,Northwestern,Northwestern,northwestern,Yes,78,60,W,0,,,at,OPPONENT_HOME,,,,,,,REGULAR_SEASON,,"Iowa 2025-26 media guide, Year-by-Year Scores","3/3		 at Northwestern W, 78-60",resolved,,,,,
1472,IOWARAW-01473,iowa,2025-26_media_guide_year_by_year,1976-1977,1977,1977-03-05,Wisconsin,Wisconsin,wisconsin,Yes,94,93,W,2,,,H,SOURCE_PROGRAM_HOME,Iowa Field House,Iowa Field House,Iowa City,IA,,,REGULAR_SEASON,,"Iowa 2025-26 media guide, Year-by-Year Scores","3/5		 atWisconsin## W, 94-93",resolved,,,,,
1473,IOWARAW-01474,iowa,2025-26_media_guide_year_by_year,1977-1978,1978,1977-11-26,Iowa State,Iowa State,iowa-state,Yes,78,79,L,0,,,at,OPPONENT_HOME,,,,,,,REGULAR_SEASON,,"Iowa 2025-26 media guide, Year-by-Year Scores","11/26		 at Iowa State L, 78-79",resolved,,,,,
1474,IOWARAW-01475,iowa,2025-26_media_guide_year_by_year,1977-1978,1978,1977-11-28,Kent State,Kent State,kent-state,Yes,82,64,W,0,,,at,OPPONENT_HOME,,,,,,,REGULAR_SEASON,,"Iowa 2025-26 media guide, Year-by-Year Scores","11/28		 at Kent State W, 82-64",resolved,,,,,
1475,IOWARAW-01476,iowa,2025-26_media_guide_year_by_year,1977-1978,1978,1977-12-01,Mankato State,Minnesota State Mankato,minnesota-state-mankato,No,91,71,W,0,,,H,SOURCE_PROGRAM_HOME,Iowa Field House,Iowa Field House,Iowa City,IA,,,REGULAR_SEASON,,"Iowa 2025-26 media guide, Year-by-Year Scores","12/1		 Mankato State W, 91-71",resolved,,,,,
1476,IOWARAW-01477,iowa,2025-26_media_guide_year_by_year,1977-1978,1978,1977-12-03,Cal-Northridge,CSUN,cal-state-northridge,Yes,66,63,W,0,,,H,SOURCE_PROGRAM_HOME,Iowa Field House,Iowa Field House,Iowa City,IA,,,REGULAR_SEASON,,"Iowa 2025-26 media guide, Year-by-Year Scores","12/3		 Cal-Northridge W, 66-63",resolved,,,,,
1477,IOWARAW-01478,iowa,2025-26_media_guide_year_by_year,1977-1978,1978,1977-12-10,California,California,california,Yes,75,70,W,0,,,at,OPPONENT_HOME,,,,,,,REGULAR_SEASON,,"Iowa 2025-26 media guide, Year-by-Year Scores","12/10		 at California W, 75-70",resolved,,,,,
1478,IOWARAW-01479,iowa,2025-26_media_guide_year_by_year,1977-1978,1978,1977-12-17,Denver,Denver,denver,Yes,107,65,W,0,,,H,SOURCE_PROGRAM_HOME,Iowa Field House,Iowa Field House,Iowa City,IA,,,REGULAR_SEASON,,"Iowa 2025-26 media guide, Year-by-Year Scores","12/17		 Denver W, 107-65",resolved,,,,,
1479,IOWARAW-01480,iowa,2025-26_media_guide_year_by_year,1977-1978,1978,1977-12-20,Tennessee,Tennessee,tennessee,Yes,92,86,W,0,,,vs.,NEUTRAL,,,,,,,REGULAR_SEASON,,"Iowa 2025-26 media guide, Year-by-Year Scores","12/20		 vs.Tennessee (n) W, 92-86",resolved,,,,,
1480,IOWARAW-01481,iowa,2025-26_media_guide_year_by_year,1977-1978,1978,1977-12-21,UNLV,UNLV,unlv,Yes,84,85,L,0,,,at,OPPONENT_HOME,,,,,,,REGULAR_SEASON,,"Iowa 2025-26 media guide, Year-by-Year Scores","12/21 --/9 at UNLV L, 84-85",resolved,,,,,
1481,IOWARAW-01482,iowa,2025-26_media_guide_year_by_year,1977-1978,1978,1977-12-30,Drake,Drake,drake,Yes,89,87,W,0,,,H,SOURCE_PROGRAM_HOME,Iowa Field House,Iowa Field House,Iowa City,IA,,,REGULAR_SEASON,,"Iowa 2025-26 media guide, Year-by-Year Scores","12/30		 Drake W, 89-87",resolved,,,,,
1482,IOWARAW-01483,iowa,2025-26_media_guide_year_by_year,1977-1978,1978,1978-01-05,Indiana,Indiana,indiana,Yes,51,69,L,0,,,at,OPPONENT_HOME,,,,,,,REGULAR_SEASON,,"Iowa 2025-26 media guide, Year-by-Year Scores","1/5 --/11 at Indiana L, 51-69",resolved,,,,,
1483,IOWARAW-01484,iowa,2025-26_media_guide_year_by_year,1977-1978,1978,1978-01-07,Ohio State,Ohio State,ohio-state,Yes,87,75,W,0,,,at,OPPONENT_HOME,,,,,,,REGULAR_SEASON,,"Iowa 2025-26 media guide, Year-by-Year Scores","1/7		 at Ohio State W, 87-75",resolved,,,,,
1484,IOWARAW-01485,iowa,2025-26_media_guide_year_by_year,1977-1978,1978,1978-01-12,Michigan,Michigan,michigan,Yes,56,66,L,0,,,H,SOURCE_PROGRAM_HOME,Iowa Field House,Iowa Field House,Iowa City,IA,,,REGULAR_SEASON,,"Iowa 2025-26 media guide, Year-by-Year Scores","1/12		 Michigan L, 56-66",resolved,,,,,
1485,IOWARAW-01486,iowa,2025-26_media_guide_year_by_year,1977-1978,1978,1978-01-14,Purdue,Purdue,purdue,Yes,66,60,W,0,,,H,SOURCE_PROGRAM_HOME,Iowa Field House,Iowa Field House,Iowa City,IA,,,REGULAR_SEASON,,"Iowa 2025-26 media guide, Year-by-Year Scores","1/14		 Purdue W, 66-60",resolved,,,,,
1486,IOWARAW-01487,iowa,2025-26_media_guide_year_by_year,1977-1978,1978,1978-01-19,Northwestern,Northwestern,northwestern,Yes,59,62,L,0,,,at,OPPONENT_HOME,,,,,,,REGULAR_SEASON,,"Iowa 2025-26 media guide, Year-by-Year Scores","1/19		 at Northwestern L, 59-62",resolved,,,,,
1487,IOWARAW-01488,iowa,2025-26_media_guide_year_by_year,1977-1978,1978,1978-01-21,Michigan State,Michigan State,michigan-state,Yes,58,68,L,0,,,at,OPPONENT_HOME,,,,,,,REGULAR_SEASON,,"Iowa 2025-26 media guide, Year-by-Year Scores","1/21 --/10 at Michigan State L, 58-68",resolved,,,,,
1488,IOWARAW-01489,iowa,2025-26_media_guide_year_by_year,1977-1978,1978,1978-01-26,Illinois,Illinois,illinois,Yes,61,70,L,0,,,H,SOURCE_PROGRAM_HOME,Iowa Field House,Iowa Field House,Iowa City,IA,,,REGULAR_SEASON,,"Iowa 2025-26 media guide, Year-by-Year Scores","1/26		 Illinois L, 61-70",resolved,,,,,
1489,IOWARAW-01490,iowa,2025-26_media_guide_year_by_year,1977-1978,1978,1978-01-30,Wisconsin,Wisconsin,wisconsin,Yes,88,73,W,0,,,H,SOURCE_PROGRAM_HOME,Iowa Field House,Iowa Field House,Iowa City,IA,,,REGULAR_SEASON,,"Iowa 2025-26 media guide, Year-by-Year Scores","1/30		 Wisconsin W, 88-73",resolved,,,,,
1490,IOWARAW-01491,iowa,2025-26_media_guide_year_by_year,1977-1978,1978,1978-02-02,Minnesota,Minnesota,minnesota,Yes,71,82,L,0,,,at,OPPONENT_HOME,,,,,,,REGULAR_SEASON,,"Iowa 2025-26 media guide, Year-by-Year Scores","2/2		 at Minnesota L, 71-82",resolved,,,,,
1491,IOWARAW-01492,iowa,2025-26_media_guide_year_by_year,1977-1978,1978,1978-02-04,Wisconsin,Wisconsin,wisconsin,Yes,72,82,L,0,,,H,SOURCE_PROGRAM_HOME,Iowa Field House,Iowa Field House,Iowa City,IA,,,REGULAR_SEASON,,"Iowa 2025-26 media guide, Year-by-Year Scores","2/4		 atWisconsin L, 72-82",resolved,,,,,
1492,IOWARAW-01493,iowa,2025-26_media_guide_year_by_year,1977-1978,1978,1978-02-09,Michigan State,Michigan State,michigan-state,Yes,70,71,L,0,,,H,SOURCE_PROGRAM_HOME,Iowa Field House,Iowa Field House,Iowa City,IA,,,REGULAR_SEASON,,"Iowa 2025-26 media guide, Year-by-Year Scores","2/9 --/10 Michigan State L, 70-71",resolved,,,,,
1493,IOWARAW-01494,iowa,2025-26_media_guide_year_by_year,1977-1978,1978,1978-02-11,Minnesota,Minnesota,minnesota,Yes,65,78,L,0,,,H,SOURCE_PROGRAM_HOME,Iowa Field House,Iowa Field House,Iowa City,IA,,,REGULAR_SEASON,,"Iowa 2025-26 media guide, Year-by-Year Scores","2/11		 Minnesota L, 65-78",resolved,,,,,
1494,IOWARAW-01495,iowa,2025-26_media_guide_year_by_year,1977-1978,1978,1978-02-16,Northwestern,Northwestern,northwestern,Yes,76,74,W,0,,,H,SOURCE_PROGRAM_HOME,Iowa Field House,Iowa Field House,Iowa City,IA,,,REGULAR_SEASON,,"Iowa 2025-26 media guide, Year-by-Year Scores","2/16		 Northwestern W, 76-74",resolved,,,,,
1495,IOWARAW-01496,iowa,2025-26_media_guide_year_by_year,1977-1978,1978,1978-02-18,Illinois,Illinois,illinois,Yes,76,77,L,0,,,at,OPPONENT_HOME,,,,,,,REGULAR_SEASON,,"Iowa 2025-26 media guide, Year-by-Year Scores","2/18		 at Illinois L, 76-77",resolved,,,,,
1496,IOWARAW-01497,iowa,2025-26_media_guide_year_by_year,1977-1978,1978,1978-02-23,Purdue,Purdue,purdue,Yes,69,82,L,0,,,at,OPPONENT_HOME,,,,,,,REGULAR_SEASON,,"Iowa 2025-26 media guide, Year-by-Year Scores","2/23		 at Purdue L, 69-82",resolved,,,,,
1497,IOWARAW-01498,iowa,2025-26_media_guide_year_by_year,1977-1978,1978,1978-02-25,Michigan,Michigan,michigan,Yes,76,82,L,0,,,at,OPPONENT_HOME,,,,,,,REGULAR_SEASON,,"Iowa 2025-26 media guide, Year-by-Year Scores","2/25		 at Michigan L, 76-82",resolved,,,,,
1498,IOWARAW-01499,iowa,2025-26_media_guide_year_by_year,1977-1978,1978,1978-03-02,Ohio State,Ohio State,ohio-state,Yes,87,70,W,0,,,H,SOURCE_PROGRAM_HOME,Iowa Field House,Iowa Field House,Iowa City,IA,,,REGULAR_SEASON,,"Iowa 2025-26 media guide, Year-by-Year Scores","3/2		 Ohio State W, 87-70",resolved,,,,,
1499,IOWARAW-01500,iowa,2025-26_media_guide_year_by_year,1977-1978,1978,1978-03-04,Indiana,Indiana,indiana,Yes,55,71,L,0,,,H,SOURCE_PROGRAM_HOME,Iowa Field House,Iowa Field House,Iowa City,IA,,,REGULAR_SEASON,,"Iowa 2025-26 media guide, Year-by-Year Scores","3/4		 Indiana L, 55-71",resolved,,,,,
1500,IOWARAW-01501,iowa,2025-26_media_guide_year_by_year,1978-1979,1979,1978-11-25,Kent State,Kent State,kent-state,Yes,111,76,W,0,,,H,SOURCE_PROGRAM_HOME,Iowa Field House,Iowa Field House,Iowa City,IA,,,REGULAR_SEASON,,"Iowa 2025-26 media guide, Year-by-Year Scores","11/25		 Kent State W, 111-76",resolved,,,,,
1501,IOWARAW-01502,iowa,2025-26_media_guide_year_by_year,1978-1979,1979,1978-11-28,Wichita State,Wichita State,wichita-state,Yes,91,67,W,0,,,H,SOURCE_PROGRAM_HOME,Iowa Field House,Iowa Field House,Iowa City,IA,,,REGULAR_SEASON,,"Iowa 2025-26 media guide, Year-by-Year Scores","11/28		 Wichita State W, 91-67",resolved,,,,,
1502,IOWARAW-01503,iowa,2025-26_media_guide_year_by_year,1978-1979,1979,1978-12-02,Colorado State,Colorado State,colorado-state,Yes,69,72,L,0,,,at,OPPONENT_HOME,,,,,,,REGULAR_SEASON,,"Iowa 2025-26 media guide, Year-by-Year Scores","12/2		 at Colorado State L, 69-72",resolved,,,,,
1503,IOWARAW-01504,iowa,2025-26_media_guide_year_by_year,1978-1979,1979,1978-12-09,Drake,Drake,drake,Yes,69,72,L,0,,,at,OPPONENT_HOME,,,,,,,REGULAR_SEASON,,"Iowa 2025-26 media guide, Year-by-Year Scores","12/9		 at Drake L, 69-72",resolved,,,,,
1504,IOWARAW-01505,iowa,2025-26_media_guide_year_by_year,1978-1979,1979,1978-12-11,Iowa State,Iowa State,iowa-state,Yes,67,66,W,0,,,H,SOURCE_PROGRAM_HOME,Iowa Field House,Iowa Field House,Iowa City,IA,,,REGULAR_SEASON,,"Iowa 2025-26 media guide, Year-by-Year Scores","12/11		 Iowa State W, 67-66",resolved,,,,,
1505,IOWARAW-01506,iowa,2025-26_media_guide_year_by_year,1978-1979,1979,1978-12-16,Illinois Wesleyan,Illinois Wesleyan,illinois-wesleyan,No,95,55,W,0,,,at,OPPONENT_HOME,,,,,,,REGULAR_SEASON,,"Iowa 2025-26 media guide, Year-by-Year Scores","12/16		 at IllinoisWesleyan W, 95-55",resolved,,,,,
1506,IOWARAW-01507,iowa,2025-26_media_guide_year_by_year,1978-1979,1979,1978-12-23,Drake,Drake,drake,Yes,112,73,W,0,,,H,SOURCE_PROGRAM_HOME,Iowa Field House,Iowa Field House,Iowa City,IA,,,REGULAR_SEASON,,"Iowa 2025-26 media guide, Year-by-Year Scores","12/23		 Drake W, 112-73",resolved,,,,,
1507,IOWARAW-01508,iowa,2025-26_media_guide_year_by_year,1978-1979,1979,1978-12-29,Pennsylvania,Pennsylvania,pennsylvania,Yes,87,84,W,2,,,vs.,NEUTRAL,,,,,,,REGULAR_SEASON,,"Iowa 2025-26 media guide, Year-by-Year Scores","12/29		 vs. Pennsylvania (n) ## W, 87-84",resolved,,,,,
1508,IOWARAW-01509,iowa,2025-26_media_guide_year_by_year,1978-1979,1979,1978-12-30,Stanford,Stanford,stanford,Yes,83,68,W,0,,,vs.,NEUTRAL,,,,,,,REGULAR_SEASON,,"Iowa 2025-26 media guide, Year-by-Year Scores","12/30		 vs. Stanford (n) W, 83-68",resolved,,,,,
1509,IOWARAW-01510,iowa,2025-26_media_guide_year_by_year,1978-1979,1979,1979-01-04,Northwestern,Northwestern,northwestern,Yes,65,57,W,0,,,at,OPPONENT_HOME,,,,,,,REGULAR_SEASON,,"Iowa 2025-26 media guide, Year-by-Year Scores","1/4		 at Northwestern W, 65-57",resolved,,,,,
1510,IOWARAW-01511,iowa,2025-26_media_guide_year_by_year,1978-1979,1979,1979-01-06,Michigan,Michigan,michigan,Yes,85,79,W,0,,,at,OPPONENT_HOME,,,,,,,REGULAR_SEASON,,"Iowa 2025-26 media guide, Year-by-Year Scores","1/6 --/13 at Michigan W, 85-79",resolved,,,,,
1511,IOWARAW-01512,iowa,2025-26_media_guide_year_by_year,1978-1979,1979,1979-01-11,Ohio State,Ohio State,ohio-state,Yes,67,72,L,0,,,H,SOURCE_PROGRAM_HOME,Iowa Field House,Iowa Field House,Iowa City,IA,,,REGULAR_SEASON,,"Iowa 2025-26 media guide, Year-by-Year Scores","1/11		 Ohio State L, 67-72",resolved,,,,,
1512,IOWARAW-01513,iowa,2025-26_media_guide_year_by_year,1978-1979,1979,1979-01-14,Indiana,Indiana,indiana,Yes,90,61,W,0,,,H,SOURCE_PROGRAM_HOME,Iowa Field House,Iowa Field House,Iowa City,IA,,,REGULAR_SEASON,,"Iowa 2025-26 media guide, Year-by-Year Scores","1/14		 Indiana W, 90-61",resolved,,,,,
1513,IOWARAW-01514,iowa,2025-26_media_guide_year_by_year,1978-1979,1979,1979-01-18,Purdue,Purdue,purdue,Yes,56,46,W,0,,,at,OPPONENT_HOME,,,,,,,REGULAR_SEASON,,"Iowa 2025-26 media guide, Year-by-Year Scores","1/18		 at Purdue W, 56-46",resolved,,,,,
1514,IOWARAW-01515,iowa,2025-26_media_guide_year_by_year,1978-1979,1979,1979-01-20,Michigan State,Michigan State,michigan-state,Yes,72,83,L,1,,,at,OPPONENT_HOME,,,,,,,REGULAR_SEASON,,"Iowa 2025-26 media guide, Year-by-Year Scores","1/20 --/6 at Michigan State# L, 72-83",resolved,,,,,
1515,IOWARAW-01516,iowa,2025-26_media_guide_year_by_year,1978-1979,1979,1979-01-25,Illinois,Illinois,illinois,Yes,58,52,W,0,,,H,SOURCE_PROGRAM_HOME,Iowa Field House,Iowa Field House,Iowa City,IA,,,REGULAR_SEASON,,"Iowa 2025-26 media guide, Year-by-Year Scores","1/25 --/8 Illinois W, 58-52",resolved,,,,,
1516,IOWARAW-01517,iowa,2025-26_media_guide_year_by_year,1978-1979,1979,1979-01-27,Minnesota,Minnesota,minnesota,Yes,81,64,W,0,,,H,SOURCE_PROGRAM_HOME,Iowa Field House,Iowa Field House,Iowa City,IA,,,REGULAR_SEASON,,"Iowa 2025-26 media guide, Year-by-Year Scores","1/27		 Minnesota W, 81-64",resolved,,,,,
1517,IOWARAW-01518,iowa,2025-26_media_guide_year_by_year,1978-1979,1979,1979-02-01,Wisconsin,Wisconsin,wisconsin,Yes,70,64,W,0,,,H,SOURCE_PROGRAM_HOME,Iowa Field House,Iowa Field House,Iowa City,IA,,,REGULAR_SEASON,,"Iowa 2025-26 media guide, Year-by-Year Scores","2/1		 atWisconsin W, 70-64",resolved,,,,,
1518,IOWARAW-01519,iowa,2025-26_media_guide_year_by_year,1978-1979,1979,1979-02-03,Minnesota,Minnesota,minnesota,Yes,97,71,W,0,,,at,OPPONENT_HOME,,,,,,,REGULAR_SEASON,,"Iowa 2025-26 media guide, Year-by-Year Scores","2/3		 at Minnesota W, 97-71",resolved,,,,,
1519,IOWARAW-01520,iowa,2025-26_media_guide_year_by_year,1978-1979,1979,1979-02-08,Michigan State,Michigan State,michigan-state,Yes,57,60,L,0,,,H,SOURCE_PROGRAM_HOME,Iowa Field House,Iowa Field House,Iowa City,IA,,,REGULAR_SEASON,,"Iowa 2025-26 media guide, Year-by-Year Scores","2/8 15/10 Michigan State L, 57-60",resolved,,,,,
1520,IOWARAW-01521,iowa,2025-26_media_guide_year_by_year,1978-1979,1979,1979-02-10,Wisconsin,Wisconsin,wisconsin,Yes,79,65,W,0,,,H,SOURCE_PROGRAM_HOME,Iowa Field House,Iowa Field House,Iowa City,IA,,,REGULAR_SEASON,,"Iowa 2025-26 media guide, Year-by-Year Scores","2/10 15/-- Wisconsin W, 79-65",resolved,,,,,
1521,IOWARAW-01522,iowa,2025-26_media_guide_year_by_year,1978-1979,1979,1979-02-15,Purdue,Purdue,purdue,Yes,75,72,W,0,,,H,SOURCE_PROGRAM_HOME,Iowa Field House,Iowa Field House,Iowa City,IA,,,REGULAR_SEASON,,"Iowa 2025-26 media guide, Year-by-Year Scores","2/15 14/13 Purdue W, 75-72",resolved,,,,,
1522,IOWARAW-01523,iowa,2025-26_media_guide_year_by_year,1978-1979,1979,1979-02-17,Illinois,Illinois,illinois,Yes,67,53,W,0,,,at,OPPONENT_HOME,,,,,,,REGULAR_SEASON,,"Iowa 2025-26 media guide, Year-by-Year Scores","2/17 14/-- at Illinois W, 67-53",resolved,,,,,
1523,IOWARAW-01524,iowa,2025-26_media_guide_year_by_year,1978-1979,1979,1979-02-22,Indiana,Indiana,indiana,Yes,62,64,L,0,,,at,OPPONENT_HOME,,,,,,,REGULAR_SEASON,,"Iowa 2025-26 media guide, Year-by-Year Scores","2/22 12/-- at Indiana L, 62-64",resolved,,,,,
1524,IOWARAW-01525,iowa,2025-26_media_guide_year_by_year,1978-1979,1979,1979-02-24,Ohio State,Ohio State,ohio-state,Yes,83,68,W,0,,,at,OPPONENT_HOME,,,,,,,REGULAR_SEASON,,"Iowa 2025-26 media guide, Year-by-Year Scores","2/24 12/14 at Ohio State W, 83-68",resolved,,,,,
1525,IOWARAW-01526,iowa,2025-26_media_guide_year_by_year,1978-1979,1979,1979-03-01,Michigan,Michigan,michigan,Yes,53,61,L,0,,,H,SOURCE_PROGRAM_HOME,Iowa Field House,Iowa Field House,Iowa City,IA,,,REGULAR_SEASON,,"Iowa 2025-26 media guide, Year-by-Year Scores","3/1 11/-- Michigan L, 53-61",resolved,,,,,
1526,IOWARAW-01527,iowa,2025-26_media_guide_year_by_year,1978-1979,1979,1979-03-03,Northwestern,Northwestern,northwestern,Yes,95,64,W,0,,,H,SOURCE_PROGRAM_HOME,Iowa Field House,Iowa Field House,Iowa City,IA,,,REGULAR_SEASON,,"Iowa 2025-26 media guide, Year-by-Year Scores","3/3 11/-- Northwestern W, 95-64",resolved,,,,,
1527,IOWARAW-01528,iowa,2025-26_media_guide_year_by_year,1978-1979,1979,1979-03-10,Toledo,Toledo,toledo,Yes,72,74,L,0,,,vs.,NEUTRAL,Assembly Hall,Assembly Hall,Bloomington,IN,NCAA Tournament,,NCAA_TOURNAMENT,R32,"Iowa 2025-26 media guide, Year-by-Year Scores","3/10 14/-- vs.Toledo (n) L, 72-74",resolved,,,,,
1528,IOWARAW-01529,iowa,2025-26_media_guide_year_by_year,1979-1980,1980,1979-12-01,Northern Illinois,Northern Illinois,northern-illinois,Yes,86,43,W,0,,,H,SOURCE_PROGRAM_HOME,Iowa Field House,Iowa Field House,Iowa City,IA,,,REGULAR_SEASON,,"Iowa 2025-26 media guide, Year-by-Year Scores","12/1		 Northern Illinois W, 86-43",resolved,,,,,
1529,IOWARAW-01530,iowa,2025-26_media_guide_year_by_year,1979-1980,1980,1979-12-03,Colorado State,Colorado State,colorado-state,Yes,113,66,W,0,,,H,SOURCE_PROGRAM_HOME,Iowa Field House,Iowa Field House,Iowa City,IA,,,REGULAR_SEASON,,"Iowa 2025-26 media guide, Year-by-Year Scores","12/3 20/-- Colorado State W, 113-66",resolved,,,,,
1530,IOWARAW-01531,iowa,2025-26_media_guide_year_by_year,1979-1980,1980,1979-12-06,UNI,UNI,northern-iowa,Yes,78,46,W,0,,,H,SOURCE_PROGRAM_HOME,Iowa Field House,Iowa Field House,Iowa City,IA,,,REGULAR_SEASON,,"Iowa 2025-26 media guide, Year-by-Year Scores","12/6 20/-- UNI W, 78-46",resolved,,,,,
1531,IOWARAW-01532,iowa,2025-26_media_guide_year_by_year,1979-1980,1980,1979-12-08,Detroit,Detroit Mercy,detroit-mercy,Yes,80,54,W,0,,,at,OPPONENT_HOME,,,,,,,REGULAR_SEASON,,"Iowa 2025-26 media guide, Year-by-Year Scores","12/8 20/-- at Detroit W, 80-54",resolved,,,,,
1532,IOWARAW-01533,iowa,2025-26_media_guide_year_by_year,1979-1980,1980,1979-12-11,Wichita State,Wichita State,wichita-state,Yes,81,62,W,0,,,H,SOURCE_PROGRAM_HOME,Iowa Field House,Iowa Field House,Iowa City,IA,,,REGULAR_SEASON,,"Iowa 2025-26 media guide, Year-by-Year Scores","12/11 17/-- atWichita State W, 81-62",resolved,,,,,
1533,IOWARAW-01534,iowa,2025-26_media_guide_year_by_year,1979-1980,1980,1979-12-15,Iowa State,Iowa State,iowa-state,Yes,67,64,W,0,,,at,OPPONENT_HOME,,,,,,,REGULAR_SEASON,,"Iowa 2025-26 media guide, Year-by-Year Scores","12/15 17/-- at Iowa State W, 67-64",resolved,,,,,
1534,IOWARAW-01535,iowa,2025-26_media_guide_year_by_year,1979-1980,1980,1979-12-21,Mississippi State,Mississippi State,mississippi-state,Yes,81,62,W,0,,,vs.,NEUTRAL,,,,,,,REGULAR_SEASON,,"Iowa 2025-26 media guide, Year-by-Year Scores","12/21 13/-- vs. Mississippi State (n) W, 81-62",resolved,,,,,
1535,IOWARAW-01536,iowa,2025-26_media_guide_year_by_year,1979-1980,1980,1979-12-22,Dayton,Dayton,dayton,Yes,61,54,W,0,,,at,OPPONENT_HOME,,,,,,,REGULAR_SEASON,,"Iowa 2025-26 media guide, Year-by-Year Scores","12/22 13/-- at Dayton W, 61-54",resolved,,,,,
1536,IOWARAW-01537,iowa,2025-26_media_guide_year_by_year,1979-1980,1980,1979-12-29,Drake,Drake,drake,Yes,77,66,W,0,,,H,SOURCE_PROGRAM_HOME,Iowa Field House,Iowa Field House,Iowa City,IA,,,REGULAR_SEASON,,"Iowa 2025-26 media guide, Year-by-Year Scores","12/29 11/-- Drake W, 77-66",resolved,,,,,
1537,IOWARAW-01538,iowa,2025-26_media_guide_year_by_year,1979-1980,1980,1980-01-03,Illinois,Illinois,illinois,Yes,72,71,W,0,,,at,OPPONENT_HOME,,,,,,,REGULAR_SEASON,,"Iowa 2025-26 media guide, Year-by-Year Scores","1/3 10/20 at Illinois W, 72-71",resolved,,,,,
1538,IOWARAW-01539,iowa,2025-26_media_guide_year_by_year,1979-1980,1980,1980-01-05,Michigan,Michigan,michigan,Yes,65,68,L,0,,,at,OPPONENT_HOME,,,,,,,REGULAR_SEASON,,"Iowa 2025-26 media guide, Year-by-Year Scores","1/5 10/-- at Michigan L, 65-68",resolved,,,,,
1539,IOWARAW-01540,iowa,2025-26_media_guide_year_by_year,1979-1980,1980,1980-01-10,Ohio State,Ohio State,ohio-state,Yes,71,77,L,0,,,H,SOURCE_PROGRAM_HOME,Iowa Field House,Iowa Field House,Iowa City,IA,,,REGULAR_SEASON,,"Iowa 2025-26 media guide, Year-by-Year Scores","1/10 12/3 Ohio State L, 71-77",resolved,,,,,
1540,IOWARAW-01541,iowa,2025-26_media_guide_year_by_year,1979-1980,1980,1980-01-12,Wisconsin,Wisconsin,wisconsin,Yes,66,65,W,0,,,H,SOURCE_PROGRAM_HOME,Iowa Field House,Iowa Field House,Iowa City,IA,,,REGULAR_SEASON,,"Iowa 2025-26 media guide, Year-by-Year Scores","1/12 12/-- Wisconsin W, 66-65",resolved,,,,,
1541,IOWARAW-01542,iowa,2025-26_media_guide_year_by_year,1979-1980,1980,1980-01-17,Indiana,Indiana,indiana,Yes,69,81,L,0,,,at,OPPONENT_HOME,,,,,,,REGULAR_SEASON,,"Iowa 2025-26 media guide, Year-by-Year Scores","1/17 13/19 at Indiana L, 69-81",resolved,,,,,
1542,IOWARAW-01543,iowa,2025-26_media_guide_year_by_year,1979-1980,1980,1980-01-19,Michigan State,Michigan State,michigan-state,Yes,67,75,L,0,,,at,OPPONENT_HOME,,,,,,,REGULAR_SEASON,,"Iowa 2025-26 media guide, Year-by-Year Scores","1/19 13/-- at Michigan State L, 67-75",resolved,,,,,
1543,IOWARAW-01544,iowa,2025-26_media_guide_year_by_year,1979-1980,1980,1980-01-24,Northwestern,Northwestern,northwestern,Yes,86,64,W,0,,,H,SOURCE_PROGRAM_HOME,Iowa Field House,Iowa Field House,Iowa City,IA,,,REGULAR_SEASON,,"Iowa 2025-26 media guide, Year-by-Year Scores","1/24		 Northwestern W, 86-64",resolved,,,,,
1544,IOWARAW-01545,iowa,2025-26_media_guide_year_by_year,1979-1980,1980,1980-01-26,Minnesota,Minnesota,minnesota,Yes,80,73,W,0,,,H,SOURCE_PROGRAM_HOME,Iowa Field House,Iowa Field House,Iowa City,IA,,,REGULAR_SEASON,,"Iowa 2025-26 media guide, Year-by-Year Scores","1/26		 Minnesota W, 80-73",resolved,,,,,
1545,IOWARAW-01546,iowa,2025-26_media_guide_year_by_year,1979-1980,1980,1980-01-31,Purdue,Purdue,purdue,Yes,56,70,L,0,,,at,OPPONENT_HOME,,,,,,,REGULAR_SEASON,,"Iowa 2025-26 media guide, Year-by-Year Scores","1/31 --/17 at Purdue L, 56-70",resolved,,,,,
1546,IOWARAW-01547,iowa,2025-26_media_guide_year_by_year,1979-1980,1980,1980-02-02,Minnesota,Minnesota,minnesota,Yes,73,63,W,0,,,at,OPPONENT_HOME,,,,,,,REGULAR_SEASON,,"Iowa 2025-26 media guide, Year-by-Year Scores","2/2		 at Minnesota W, 73-63",resolved,,,,,
1547,IOWARAW-01548,iowa,2025-26_media_guide_year_by_year,1979-1980,1980,1980-02-07,Michigan State,Michigan State,michigan-state,Yes,44,39,W,1,,,H,SOURCE_PROGRAM_HOME,Iowa Field House,Iowa Field House,Iowa City,IA,,,REGULAR_SEASON,,"Iowa 2025-26 media guide, Year-by-Year Scores","2/7		 Michigan State# W, 44-39",resolved,,,,,
1548,IOWARAW-01549,iowa,2025-26_media_guide_year_by_year,1979-1980,1980,1980-02-09,Purdue,Purdue,purdue,Yes,74,59,W,0,,,H,SOURCE_PROGRAM_HOME,Iowa Field House,Iowa Field House,Iowa City,IA,,,REGULAR_SEASON,,"Iowa 2025-26 media guide, Year-by-Year Scores","2/9 --/12 Purdue W, 74-59",resolved,,,,,
1549,IOWARAW-01550,iowa,2025-26_media_guide_year_by_year,1979-1980,1980,1980-02-14,Indiana,Indiana,indiana,Yes,55,66,L,0,,,H,SOURCE_PROGRAM_HOME,Iowa Field House,Iowa Field House,Iowa City,IA,,,REGULAR_SEASON,,"Iowa 2025-26 media guide, Year-by-Year Scores","2/14 20/-- Indiana L, 55-66",resolved,,,,,
1550,IOWARAW-01551,iowa,2025-26_media_guide_year_by_year,1979-1980,1980,1980-02-16,Northwestern,Northwestern,northwestern,Yes,60,58,W,0,,,at,OPPONENT_HOME,,,,,,,REGULAR_SEASON,,"Iowa 2025-26 media guide, Year-by-Year Scores","2/16 20/-- at Northwestern W, 60-58",resolved,,,,,
1551,IOWARAW-01552,iowa,2025-26_media_guide_year_by_year,1979-1980,1980,1980-02-21,Wisconsin,Wisconsin,wisconsin,Yes,58,62,L,0,,,H,SOURCE_PROGRAM_HOME,Iowa Field House,Iowa Field House,Iowa City,IA,,,REGULAR_SEASON,,"Iowa 2025-26 media guide, Year-by-Year Scores","2/21		 atWisconsin L, 58-62",resolved,,,,,
1552,IOWARAW-01553,iowa,2025-26_media_guide_year_by_year,1979-1980,1980,1980-02-23,Ohio State,Ohio State,ohio-state,Yes,69,70,L,0,,,at,OPPONENT_HOME,,,,,,,REGULAR_SEASON,,"Iowa 2025-26 media guide, Year-by-Year Scores","2/23 --/11 at Ohio State L, 69-70",resolved,,,,,
1553,IOWARAW-01554,iowa,2025-26_media_guide_year_by_year,1979-1980,1980,1980-02-28,Michigan,Michigan,michigan,Yes,83,67,W,0,,,H,SOURCE_PROGRAM_HOME,Iowa Field House,Iowa Field House,Iowa City,IA,,,REGULAR_SEASON,,"Iowa 2025-26 media guide, Year-by-Year Scores","2/28		 Michigan W, 83-67",resolved,,,,,
1554,IOWARAW-01555,iowa,2025-26_media_guide_year_by_year,1979-1980,1980,1980-03-01,Illinois,Illinois,illinois,Yes,75,71,W,0,,,H,SOURCE_PROGRAM_HOME,Iowa Field House,Iowa Field House,Iowa City,IA,,,REGULAR_SEASON,,"Iowa 2025-26 media guide, Year-by-Year Scores","3/1		 Illinois W, 75-71",resolved,,,,,
1555,IOWARAW-01556,iowa,2025-26_media_guide_year_by_year,1979-1980,1980,1980-03-06,VCU,VCU,vcu,Yes,86,72,W,0,,,vs.,NEUTRAL,Greensboro Coliseum,Greensboro Coliseum,Greensboro,NC,NCAA Tournament,,NCAA_TOURNAMENT,,"Iowa 2025-26 media guide, Year-by-Year Scores","3/6		 vs.VCU (n) W, 86-72",resolved,,,,,
1556,IOWARAW-01557,iowa,2025-26_media_guide_year_by_year,1979-1980,1980,1980-03-08,N.C. State,NC State,nc-state,Yes,77,64,W,0,,,vs.,NEUTRAL,Greensboro Coliseum,Greensboro Coliseum,Greensboro,NC,NCAA Tournament,,NCAA_TOURNAMENT,R32,"Iowa 2025-26 media guide, Year-by-Year Scores","3/8 --/19 vs. N.C. State (n) W, 77-64",resolved,,,,,
1557,IOWARAW-01558,iowa,2025-26_media_guide_year_by_year,1979-1980,1980,1980-03-14,Syracuse,Syracuse,syracuse,Yes,88,77,W,0,,,vs.,NEUTRAL,The Spectrum,The Spectrum,Philadelphia,PA,NCAA Tournament,,NCAA_TOURNAMENT,Sweet Sixteen,"Iowa 2025-26 media guide, Year-by-Year Scores","3/14 --/3 vs. Syracuse (n) W, 88-77",resolved,,,,,
1558,IOWARAW-01559,iowa,2025-26_media_guide_year_by_year,1979-1980,1980,1980-03-16,Georgetown,Georgetown,georgetown,Yes,81,80,W,0,,,vs.,NEUTRAL,The Spectrum,The Spectrum,Philadelphia,PA,NCAA Tournament,,NCAA_TOURNAMENT,Elite Eight,"Iowa 2025-26 media guide, Year-by-Year Scores","3/16 --/20 vs. Georgetown (n) W, 81-80",resolved,,,,,
1559,IOWARAW-01560,iowa,2025-26_media_guide_year_by_year,1979-1980,1980,1980-03-22,Louisville,Louisville,louisville,Yes,72,80,L,0,,,vs.,NEUTRAL,Market Square Arena,Market Square Arena,Indianapolis,IN,NCAA Tournament,,NCAA_TOURNAMENT,Final Four,"Iowa 2025-26 media guide, Year-by-Year Scores","3/22 --/4 vs. Louisville (n) L, 72-80",resolved,,,,,
1560,IOWARAW-01561,iowa,2025-26_media_guide_year_by_year,1979-1980,1980,1980-03-24,Purdue,Purdue,purdue,Yes,58,75,L,0,,,vs.,NEUTRAL,Market Square Arena,Market Square Arena,Indianapolis,IN,NCAA Tournament,,NCAA_TOURNAMENT,,"Iowa 2025-26 media guide, Year-by-Year Scores","3/24 --/18 vs. Purdue (n) L, 58-75",resolved,,,,,
1561,IOWARAW-01562,iowa,2025-26_media_guide_year_by_year,1980-1981,1981,1980-11-29,Northern Illinois,Northern Illinois,northern-illinois,Yes,61,47,W,0,,,at,OPPONENT_HOME,,,,,,,REGULAR_SEASON,,"Iowa 2025-26 media guide, Year-by-Year Scores","11/29 14/-- at Northern Illinois W, 61-47",resolved,,,,,
1562,IOWARAW-01563,iowa,2025-26_media_guide_year_by_year,1980-1981,1981,1980-12-01,Detroit,Detroit Mercy,detroit-mercy,Yes,98,55,W,0,,,H,SOURCE_PROGRAM_HOME,Iowa Field House,Iowa Field House,Iowa City,IA,,,REGULAR_SEASON,,"Iowa 2025-26 media guide, Year-by-Year Scores","12/1 12/-- Detroit W, 98-55",resolved,,,,,
1563,IOWARAW-01564,iowa,2025-26_media_guide_year_by_year,1980-1981,1981,1980-12-06,Cincinnati,Cincinnati,cincinnati,Yes,69,64,W,0,,,vs.,NEUTRAL,,,,,,,REGULAR_SEASON,,"Iowa 2025-26 media guide, Year-by-Year Scores","12/6 12/-- vs. Cincinnati (n) W, 69-64",resolved,,,,,
1564,IOWARAW-01565,iowa,2025-26_media_guide_year_by_year,1980-1981,1981,1980-12-07,Arizona State,Arizona State,arizona-state,Yes,88,96,L,0,,,H,SOURCE_PROGRAM_HOME,Iowa Field House,Iowa Field House,Iowa City,IA,,,REGULAR_SEASON,,"Iowa 2025-26 media guide, Year-by-Year Scores","12/7 12/-- Arizona State L, 88-96",resolved,,,,,
1565,IOWARAW-01566,iowa,2025-26_media_guide_year_by_year,1980-1981,1981,1980-12-09,Nevada,Nevada,nevada,Yes,112,71,W,0,,,H,SOURCE_PROGRAM_HOME,Iowa Field House,Iowa Field House,Iowa City,IA,,,REGULAR_SEASON,,"Iowa 2025-26 media guide, Year-by-Year Scores","12/9 16/-- Nevada W, 112-71",resolved,,,,,
1566,IOWARAW-01567,iowa,2025-26_media_guide_year_by_year,1980-1981,1981,1980-12-13,Drake,Drake,drake,Yes,90,68,W,0,,,at,OPPONENT_HOME,,,,,,,REGULAR_SEASON,,"Iowa 2025-26 media guide, Year-by-Year Scores","12/13 16/-- at Drake W, 90-68",resolved,,,,,
1567,IOWARAW-01568,iowa,2025-26_media_guide_year_by_year,1980-1981,1981,1980-12-20,Iowa State,Iowa State,iowa-state,Yes,85,59,W,0,,,H,SOURCE_PROGRAM_HOME,Iowa Field House,Iowa Field House,Iowa City,IA,,,REGULAR_SEASON,,"Iowa 2025-26 media guide, Year-by-Year Scores","12/20 16/-- Iowa State W, 85-59",resolved,,,,,
1568,IOWARAW-01569,iowa,2025-26_media_guide_year_by_year,1980-1981,1981,1980-12-30,UNI,UNI,northern-iowa,Yes,86,52,W,0,,,H,SOURCE_PROGRAM_HOME,Iowa Field House,Iowa Field House,Iowa City,IA,,,REGULAR_SEASON,,"Iowa 2025-26 media guide, Year-by-Year Scores","12/30 14/-- UNI W, 86-52",resolved,,,,,
1569,IOWARAW-01570,iowa,2025-26_media_guide_year_by_year,1980-1981,1981,1981-01-03,Wisconsin-Eau Claire,Wisconsin-Eau Claire,wisconsin-eau-claire,No,86,62,W,0,,,H,SOURCE_PROGRAM_HOME,Iowa Field House,Iowa Field House,Iowa City,IA,,,REGULAR_SEASON,,"Iowa 2025-26 media guide, Year-by-Year Scores","1/3 14/-- Wisconsin-Eau Claire W, 86-62",resolved,,,,,
1570,IOWARAW-01571,iowa,2025-26_media_guide_year_by_year,1980-1981,1981,1981-01-08,Ohio State,Ohio State,ohio-state,Yes,56,58,L,0,,,H,SOURCE_PROGRAM_HOME,Iowa Field House,Iowa Field House,Iowa City,IA,,,REGULAR_SEASON,,"Iowa 2025-26 media guide, Year-by-Year Scores","1/8 11/-- Ohio State L, 56-58",resolved,,,,,
1571,IOWARAW-01572,iowa,2025-26_media_guide_year_by_year,1980-1981,1981,1981-01-10,Michigan State,Michigan State,michigan-state,Yes,65,57,W,0,,,H,SOURCE_PROGRAM_HOME,Iowa Field House,Iowa Field House,Iowa City,IA,,,REGULAR_SEASON,,"Iowa 2025-26 media guide, Year-by-Year Scores","1/10 11/-- Michigan State W, 65-57",resolved,,,,,
1572,IOWARAW-01573,iowa,2025-26_media_guide_year_by_year,1980-1981,1981,1981-01-15,Wisconsin,Wisconsin,wisconsin,Yes,76,66,W,0,,,H,SOURCE_PROGRAM_HOME,Iowa Field House,Iowa Field House,Iowa City,IA,,,REGULAR_SEASON,,"Iowa 2025-26 media guide, Year-by-Year Scores","1/15 14/-- atWisconsin W, 76-66",resolved,,,,,
1573,IOWARAW-01574,iowa,2025-26_media_guide_year_by_year,1980-1981,1981,1981-01-17,Michigan,Michigan,michigan,Yes,73,58,W,0,,,at,OPPONENT_HOME,,,,,,,REGULAR_SEASON,,"Iowa 2025-26 media guide, Year-by-Year Scores","1/17 14/9 at Michigan W, 73-58",resolved,,,,,
1574,IOWARAW-01575,iowa,2025-26_media_guide_year_by_year,1980-1981,1981,1981-01-22,Indiana,Indiana,indiana,Yes,56,53,W,0,,,at,OPPONENT_HOME,,,,,,,REGULAR_SEASON,,"Iowa 2025-26 media guide, Year-by-Year Scores","1/22 9/-- at Indiana W, 56-53",resolved,,,,,
1575,IOWARAW-01576,iowa,2025-26_media_guide_year_by_year,1980-1981,1981,1981-01-24,Minnesota,Minnesota,minnesota,Yes,48,60,L,0,,,H,SOURCE_PROGRAM_HOME,Iowa Field House,Iowa Field House,Iowa City,IA,,,REGULAR_SEASON,,"Iowa 2025-26 media guide, Year-by-Year Scores","1/24 9/-- Minnesota L, 48-60",resolved,,,,,
1576,IOWARAW-01577,iowa,2025-26_media_guide_year_by_year,1980-1981,1981,1981-01-29,Purdue,Purdue,purdue,Yes,84,67,W,0,,,H,SOURCE_PROGRAM_HOME,Iowa Field House,Iowa Field House,Iowa City,IA,,,REGULAR_SEASON,,"Iowa 2025-26 media guide, Year-by-Year Scores","1/29 13/-- Purdue W, 84-67",resolved,,,,,
1577,IOWARAW-01578,iowa,2025-26_media_guide_year_by_year,1980-1981,1981,1981-01-31,Illinois,Illinois,illinois,Yes,66,79,L,0,,,at,OPPONENT_HOME,,,,,,,REGULAR_SEASON,,"Iowa 2025-26 media guide, Year-by-Year Scores","1/31 13/-- at Illinois L, 66-79",resolved,,,,,
1578,IOWARAW-01579,iowa,2025-26_media_guide_year_by_year,1980-1981,1981,1981-02-05,Northwestern,Northwestern,northwestern,Yes,76,65,W,0,,,at,OPPONENT_HOME,,,,,,,REGULAR_SEASON,,"Iowa 2025-26 media guide, Year-by-Year Scores","2/5 15/-- at Northwestern W, 76-65",resolved,,,,,
1579,IOWARAW-01580,iowa,2025-26_media_guide_year_by_year,1980-1981,1981,1981-02-07,Illinois,Illinois,illinois,Yes,72,66,W,0,,,H,SOURCE_PROGRAM_HOME,Iowa Field House,Iowa Field House,Iowa City,IA,,,REGULAR_SEASON,,"Iowa 2025-26 media guide, Year-by-Year Scores","2/7 15/18 Illinois W, 72-66",resolved,,,,,
1580,IOWARAW-01581,iowa,2025-26_media_guide_year_by_year,1980-1981,1981,1981-02-12,Minnesota,Minnesota,minnesota,Yes,60,58,W,1,,,at,OPPONENT_HOME,,,,,,,REGULAR_SEASON,,"Iowa 2025-26 media guide, Year-by-Year Scores","2/12 14/-- at Minnesota# W, 60-58",resolved,,,,,
1581,IOWARAW-01582,iowa,2025-26_media_guide_year_by_year,1980-1981,1981,1981-02-14,Northwestern,Northwestern,northwestern,Yes,82,64,W,0,,,H,SOURCE_PROGRAM_HOME,Iowa Field House,Iowa Field House,Iowa City,IA,,,REGULAR_SEASON,,"Iowa 2025-26 media guide, Year-by-Year Scores","2/14 14/-- Northwestern W, 82-64",resolved,,,,,
1582,IOWARAW-01583,iowa,2025-26_media_guide_year_by_year,1980-1981,1981,1981-02-19,Indiana,Indiana,indiana,Yes,78,65,W,0,,,H,SOURCE_PROGRAM_HOME,Iowa Field House,Iowa Field House,Iowa City,IA,,,REGULAR_SEASON,,"Iowa 2025-26 media guide, Year-by-Year Scores","2/19 12/16 Indiana W, 78-65",resolved,,,,,
1583,IOWARAW-01584,iowa,2025-26_media_guide_year_by_year,1980-1981,1981,1981-02-21,Purdue,Purdue,purdue,Yes,67,62,W,0,,,at,OPPONENT_HOME,,,,,,,REGULAR_SEASON,,"Iowa 2025-26 media guide, Year-by-Year Scores","2/21 12/-- at Purdue W, 67-62",resolved,,,,,
1584,IOWARAW-01585,iowa,2025-26_media_guide_year_by_year,1980-1981,1981,1981-02-26,Michigan,Michigan,michigan,Yes,69,66,W,0,,,H,SOURCE_PROGRAM_HOME,Iowa Field House,Iowa Field House,Iowa City,IA,,,REGULAR_SEASON,,"Iowa 2025-26 media guide, Year-by-Year Scores","2/26 8/-- Michigan W, 69-66",resolved,,,,,
1585,IOWARAW-01586,iowa,2025-26_media_guide_year_by_year,1980-1981,1981,1981-02-28,Wisconsin,Wisconsin,wisconsin,Yes,96,75,W,0,,,H,SOURCE_PROGRAM_HOME,Iowa Field House,Iowa Field House,Iowa City,IA,,,REGULAR_SEASON,,"Iowa 2025-26 media guide, Year-by-Year Scores","2/28 8/-- Wisconsin W, 96-75",resolved,,,,,
1586,IOWARAW-01587,iowa,2025-26_media_guide_year_by_year,1980-1981,1981,1981-03-05,Michigan State,Michigan State,michigan-state,Yes,70,71,L,1,,,at,OPPONENT_HOME,,,,,,,REGULAR_SEASON,,"Iowa 2025-26 media guide, Year-by-Year Scores","3/5 8/-- at Michigan State# L, 70-71",resolved,,,,,
1587,IOWARAW-01588,iowa,2025-26_media_guide_year_by_year,1980-1981,1981,1981-03-07,Ohio State,Ohio State,ohio-state,Yes,70,78,L,0,,,at,OPPONENT_HOME,,,,,,,REGULAR_SEASON,,"Iowa 2025-26 media guide, Year-by-Year Scores","3/7 8/-- at Ohio State L, 70-78",resolved,,,,,
1588,IOWARAW-01589,iowa,2025-26_media_guide_year_by_year,1980-1981,1981,1981-03-15,Wichita State,Wichita State,wichita-state,Yes,56,60,L,0,,,vs.,NEUTRAL,Charles Koch Arena,Charles Koch Arena,Wichita,KS,NCAA Tournament,,NCAA_TOURNAMENT,R32,"Iowa 2025-26 media guide, Year-by-Year Scores","3/15 8/-- vs.Wichita State (n) L, 56-60",resolved,,,,,
1589,IOWARAW-01590,iowa,2025-26_media_guide_year_by_year,1981-1982,1982,1981-11-28,Northern Illinois,Northern Illinois,northern-illinois,Yes,84,66,W,0,,,H,SOURCE_PROGRAM_HOME,Iowa Field House,Iowa Field House,Iowa City,IA,,,REGULAR_SEASON,,"Iowa 2025-26 media guide, Year-by-Year Scores","11/28 9/-- Northern Illinois W, 84-66",resolved,,,,,
1590,IOWARAW-01591,iowa,2025-26_media_guide_year_by_year,1981-1982,1982,1981-11-30,Nebraska-Omaha,Omaha,omaha,Yes,71,58,W,0,,,H,SOURCE_PROGRAM_HOME,Iowa Field House,Iowa Field House,Iowa City,IA,,,REGULAR_SEASON,,"Iowa 2025-26 media guide, Year-by-Year Scores","11/30 6/-- Nebraska-Omaha W, 71-58",resolved,,,,,
1591,IOWARAW-01592,iowa,2025-26_media_guide_year_by_year,1981-1982,1982,1981-12-05,Marquette,Marquette,marquette,Yes,68,65,W,1,,,at,OPPONENT_HOME,,,,,,,REGULAR_SEASON,,"Iowa 2025-26 media guide, Year-by-Year Scores","12/5 6/-- at Marquette# W, 68-65",resolved,,,,,
1592,IOWARAW-01593,iowa,2025-26_media_guide_year_by_year,1981-1982,1982,1981-12-08,Iowa State,Iowa State,iowa-state,Yes,79,68,W,0,,,at,OPPONENT_HOME,,,,,,,REGULAR_SEASON,,"Iowa 2025-26 media guide, Year-by-Year Scores","12/8 6/-- at Iowa State W, 79-68",resolved,,,,,
1593,IOWARAW-01594,iowa,2025-26_media_guide_year_by_year,1981-1982,1982,1981-12-12,UNI,UNI,northern-iowa,Yes,84,53,W,0,,,H,SOURCE_PROGRAM_HOME,Iowa Field House,Iowa Field House,Iowa City,IA,,,REGULAR_SEASON,,"Iowa 2025-26 media guide, Year-by-Year Scores","12/12 6/-- UNI W, 84-53",resolved,,,,,
1594,IOWARAW-01595,iowa,2025-26_media_guide_year_by_year,1981-1982,1982,1981-12-18,Clemson,Clemson,clemson,Yes,80,68,W,0,,,vs.,NEUTRAL,,,,,,,REGULAR_SEASON,,"Iowa 2025-26 media guide, Year-by-Year Scores","12/18 6/-- vs. Clemson (n) W, 80-68",resolved,,,,,
1595,IOWARAW-01596,iowa,2025-26_media_guide_year_by_year,1981-1982,1982,1981-12-19,Houston,Houston,houston,Yes,52,62,L,0,,,at,OPPONENT_HOME,,,,,,,REGULAR_SEASON,,"Iowa 2025-26 media guide, Year-by-Year Scores","12/19 6/-- at Houston L, 52-62",resolved,,,,,
1596,IOWARAW-01597,iowa,2025-26_media_guide_year_by_year,1981-1982,1982,1981-12-30,Drake,Drake,drake,Yes,60,49,W,0,,,H,SOURCE_PROGRAM_HOME,Iowa Field House,Iowa Field House,Iowa City,IA,,,REGULAR_SEASON,,"Iowa 2025-26 media guide, Year-by-Year Scores","12/30 10/-- Drake W, 60-49",resolved,,,,,
1597,IOWARAW-01598,iowa,2025-26_media_guide_year_by_year,1981-1982,1982,1982-01-02,South Carolina,South Carolina,south-carolina,Yes,57,47,W,0,,,at,OPPONENT_HOME,,,,,,,REGULAR_SEASON,,"Iowa 2025-26 media guide, Year-by-Year Scores","1/2 10/-- at South Carolina W, 57-47",resolved,,,,,
1598,IOWARAW-01599,iowa,2025-26_media_guide_year_by_year,1981-1982,1982,1982-01-07,Purdue,Purdue,purdue,Yes,62,40,W,0,,,H,SOURCE_PROGRAM_HOME,Iowa Field House,Iowa Field House,Iowa City,IA,,,REGULAR_SEASON,,"Iowa 2025-26 media guide, Year-by-Year Scores","1/7 7/-- Purdue W, 62-40",resolved,,,,,
1599,IOWARAW-01600,iowa,2025-26_media_guide_year_by_year,1981-1982,1982,1982-01-09,Illinois,Illinois,illinois,Yes,56,50,W,0,,,H,SOURCE_PROGRAM_HOME,Iowa Field House,Iowa Field House,Iowa City,IA,,,REGULAR_SEASON,,"Iowa 2025-26 media guide, Year-by-Year Scores","1/9 7/-- Illinois W, 56-50",resolved,,,,,
1600,IOWARAW-01601,iowa,2025-26_media_guide_year_by_year,1981-1982,1982,1982-01-14,Minnesota,Minnesota,minnesota,Yes,56,61,L,0,,,at,OPPONENT_HOME,,,,,,,REGULAR_SEASON,,"Iowa 2025-26 media guide, Year-by-Year Scores","1/14 5/11 at Minnesota L, 56-61",resolved,,,,,
1601,IOWARAW-01602,iowa,2025-26_media_guide_year_by_year,1981-1982,1982,1982-01-16,Wisconsin,Wisconsin,wisconsin,Yes,78,62,W,0,,,H,SOURCE_PROGRAM_HOME,Iowa Field House,Iowa Field House,Iowa City,IA,,,REGULAR_SEASON,,"Iowa 2025-26 media guide, Year-by-Year Scores","1/16 5/-- atWisconsin W, 78-62",resolved,,,,,
1602,IOWARAW-01603,iowa,2025-26_media_guide_year_by_year,1981-1982,1982,1982-01-21,Northwestern,Northwestern,northwestern,Yes,49,48,W,0,,,at,OPPONENT_HOME,,,,,,,REGULAR_SEASON,,"Iowa 2025-26 media guide, Year-by-Year Scores","1/21 6/-- at Northwestern W, 49-48",resolved,,,,,
1603,IOWARAW-01604,iowa,2025-26_media_guide_year_by_year,1981-1982,1982,1982-01-23,Michigan,Michigan,michigan,Yes,56,38,W,0,,,H,SOURCE_PROGRAM_HOME,Iowa Field House,Iowa Field House,Iowa City,IA,,,REGULAR_SEASON,,"Iowa 2025-26 media guide, Year-by-Year Scores","1/23 6/-- Michigan W, 56-38",resolved,,,,,
1604,IOWARAW-01605,iowa,2025-26_media_guide_year_by_year,1981-1982,1982,1982-01-28,Michigan State,Michigan State,michigan-state,Yes,57,56,W,0,,,at,OPPONENT_HOME,,,,,,,REGULAR_SEASON,,"Iowa 2025-26 media guide, Year-by-Year Scores","1/28 6/-- at Michigan State W, 57-56",resolved,,,,,
1605,IOWARAW-01606,iowa,2025-26_media_guide_year_by_year,1981-1982,1982,1982-01-30,Ohio State,Ohio State,ohio-state,Yes,76,66,W,0,,,H,SOURCE_PROGRAM_HOME,Iowa Field House,Iowa Field House,Iowa City,IA,,,REGULAR_SEASON,,"Iowa 2025-26 media guide, Year-by-Year Scores","1/30 6/-- Ohio State W, 76-66",resolved,,,,,
1606,IOWARAW-01607,iowa,2025-26_media_guide_year_by_year,1981-1982,1982,1982-02-04,Indiana,Indiana,indiana,Yes,62,40,W,0,,,H,SOURCE_PROGRAM_HOME,Iowa Field House,Iowa Field House,Iowa City,IA,,,REGULAR_SEASON,,"Iowa 2025-26 media guide, Year-by-Year Scores","2/4 5/-- Indiana W, 62-40",resolved,,,,,
1607,IOWARAW-01608,iowa,2025-26_media_guide_year_by_year,1981-1982,1982,1982-02-06,Ohio State,Ohio State,ohio-state,Yes,69,65,W,1,,,at,OPPONENT_HOME,,,,,,,REGULAR_SEASON,,"Iowa 2025-26 media guide, Year-by-Year Scores","2/6 5/-- at Ohio State# W, 69-65",resolved,,,,,
1608,IOWARAW-01609,iowa,2025-26_media_guide_year_by_year,1981-1982,1982,1982-02-11,Northwestern,Northwestern,northwestern,Yes,62,49,W,0,,,H,SOURCE_PROGRAM_HOME,Iowa Field House,Iowa Field House,Iowa City,IA,,,REGULAR_SEASON,,"Iowa 2025-26 media guide, Year-by-Year Scores","2/11 5/-- Northwestern W, 62-49",resolved,,,,,
1609,IOWARAW-01610,iowa,2025-26_media_guide_year_by_year,1981-1982,1982,1982-02-13,Indiana,Indiana,indiana,Yes,58,73,L,0,,,at,OPPONENT_HOME,,,,,,,REGULAR_SEASON,,"Iowa 2025-26 media guide, Year-by-Year Scores","2/13 5/-- at Indiana L, 58-73",resolved,,,,,
1610,IOWARAW-01611,iowa,2025-26_media_guide_year_by_year,1981-1982,1982,1982-02-18,Michigan State,Michigan State,michigan-state,Yes,59,53,W,0,,,H,SOURCE_PROGRAM_HOME,Iowa Field House,Iowa Field House,Iowa City,IA,,,REGULAR_SEASON,,"Iowa 2025-26 media guide, Year-by-Year Scores","2/18 7/-- Michigan State W, 59-53",resolved,,,,,
1611,IOWARAW-01612,iowa,2025-26_media_guide_year_by_year,1981-1982,1982,1982-02-20,Michigan,Michigan,michigan,Yes,58,68,L,0,,,at,OPPONENT_HOME,,,,,,,REGULAR_SEASON,,"Iowa 2025-26 media guide, Year-by-Year Scores","2/20 7/-- at Michigan L, 58-68",resolved,,,,,
1612,IOWARAW-01613,iowa,2025-26_media_guide_year_by_year,1981-1982,1982,1982-02-25,Wisconsin,Wisconsin,wisconsin,Yes,79,55,W,0,,,H,SOURCE_PROGRAM_HOME,Iowa Field House,Iowa Field House,Iowa City,IA,,,REGULAR_SEASON,,"Iowa 2025-26 media guide, Year-by-Year Scores","2/25 11/-- Wisconsin W, 79-55",resolved,,,,,
1613,IOWARAW-01614,iowa,2025-26_media_guide_year_by_year,1981-1982,1982,1982-02-27,Minnesota,Minnesota,minnesota,Yes,55,57,L,3,,,H,SOURCE_PROGRAM_HOME,Iowa Field House,Iowa Field House,Iowa City,IA,,,REGULAR_SEASON,,"Iowa 2025-26 media guide, Year-by-Year Scores","2/27 11/13 Minnesota### L, 55-57",resolved,,,,,
1614,IOWARAW-01615,iowa,2025-26_media_guide_year_by_year,1981-1982,1982,1982-03-04,Illinois,Illinois,illinois,Yes,67,73,L,1,,,at,OPPONENT_HOME,,,,,,,REGULAR_SEASON,,"Iowa 2025-26 media guide, Year-by-Year Scores","3/4 11/-- at Illinois# L, 67-73",resolved,,,,,
1615,IOWARAW-01616,iowa,2025-26_media_guide_year_by_year,1981-1982,1982,1982-03-06,Purdue,Purdue,purdue,Yes,65,66,L,0,,,at,OPPONENT_HOME,,,,,,,REGULAR_SEASON,,"Iowa 2025-26 media guide, Year-by-Year Scores","3/6 11/-- at Purdue L, 65-66",resolved,,,,,
1616,IOWARAW-01617,iowa,2025-26_media_guide_year_by_year,1981-1982,1982,1982-03-12,Northeast Louisiana,Louisiana-Monroe,louisiana-monroe,Yes,70,63,W,0,,,vs.,NEUTRAL,Beasley Coliseum,Beasley Coliseum,Pullman,WA,NCAA Tournament,,NCAA_TOURNAMENT,R32,"Iowa 2025-26 media guide, Year-by-Year Scores","3/12 11/-- vs. Northeast Louisiana (n) W, 70-63",resolved,,,,,
1617,IOWARAW-01618,iowa,2025-26_media_guide_year_by_year,1981-1982,1982,1982-03-14,Idaho,Idaho,idaho,Yes,67,69,L,1,,,vs.,NEUTRAL,Beasley Coliseum,Beasley Coliseum,Pullman,WA,NCAA Tournament,,NCAA_TOURNAMENT,Sweet Sixteen,"Iowa 2025-26 media guide, Year-by-Year Scores","3/14 11/6 vs. Idaho# (n) L, 67-69",resolved,,,,,
1618,IOWARAW-01619,iowa,2025-26_media_guide_year_by_year,1982-1983,1983,1982-11-27,BYU,BYU,byu,Yes,91,80,W,0,,,at,OPPONENT_HOME,,,,,,,REGULAR_SEASON,,"Iowa 2025-26 media guide, Year-by-Year Scores","11/27 11/-- at BYU W, 91-80",resolved,,,,,
1619,IOWARAW-01620,iowa,2025-26_media_guide_year_by_year,1982-1983,1983,1982-11-29,Drake,Drake,drake,Yes,68,63,W,0,,,at,OPPONENT_HOME,,,,,,,REGULAR_SEASON,,"Iowa 2025-26 media guide, Year-by-Year Scores","11/29 10/-- at Drake W, 68-63",resolved,,,,,
1620,IOWARAW-01621,iowa,2025-26_media_guide_year_by_year,1982-1983,1983,1982-12-03,Navy,Navy,navy,Yes,76,65,W,0,,,H,SOURCE_PROGRAM_HOME,Iowa Field House,Iowa Field House,Iowa City,IA,,,REGULAR_SEASON,,"Iowa 2025-26 media guide, Year-by-Year Scores","12/3 10/-- Navy W, 76-65",resolved,,,,,
1621,IOWARAW-01622,iowa,2025-26_media_guide_year_by_year,1982-1983,1983,1982-12-04,Hawai’i,Hawai'i,hawai-i,Yes,99,67,W,0,,,H,SOURCE_PROGRAM_HOME,Iowa Field House,Iowa Field House,Iowa City,IA,,,REGULAR_SEASON,,"Iowa 2025-26 media guide, Year-by-Year Scores","12/4 10/-- Hawai’i W, 99-67",resolved,,,,,
1622,IOWARAW-01623,iowa,2025-26_media_guide_year_by_year,1982-1983,1983,1982-12-08,Marquette,Marquette,marquette,Yes,87,66,W,0,,,H,SOURCE_PROGRAM_HOME,Iowa Field House,Iowa Field House,Iowa City,IA,,,REGULAR_SEASON,,"Iowa 2025-26 media guide, Year-by-Year Scores","12/8 7/16 Marquette W, 87-66",resolved,,,,,
1623,IOWARAW-01624,iowa,2025-26_media_guide_year_by_year,1982-1983,1983,1982-12-11,USC,USC,usc,Yes,66,55,W,0,,,H,SOURCE_PROGRAM_HOME,Iowa Field House,Iowa Field House,Iowa City,IA,,,REGULAR_SEASON,,"Iowa 2025-26 media guide, Year-by-Year Scores","12/11 7/-- USC W, 66-55",resolved,,,,,
1624,IOWARAW-01625,iowa,2025-26_media_guide_year_by_year,1982-1983,1983,1982-12-18,UCLA,UCLA,ucla,Yes,66,75,L,0,,,at,OPPONENT_HOME,,,,,,,REGULAR_SEASON,,"Iowa 2025-26 media guide, Year-by-Year Scores","12/18 7/4 at UCLA L, 66-75",resolved,,,,,
1625,IOWARAW-01626,iowa,2025-26_media_guide_year_by_year,1982-1983,1983,1982-12-28,James Madison,James Madison,james-madison,Yes,47,45,W,0,,,vs.,NEUTRAL,,,,,,,REGULAR_SEASON,,"Iowa 2025-26 media guide, Year-by-Year Scores","12/28 9/-- vs. James Madison (n) W, 47-45",resolved,,,,,
1626,IOWARAW-01627,iowa,2025-26_media_guide_year_by_year,1982-1983,1983,1982-12-29,Seton Hall,Seton Hall,seton-hall,Yes,85,63,W,0,,,vs.,NEUTRAL,,,,,,,REGULAR_SEASON,,"Iowa 2025-26 media guide, Year-by-Year Scores","12/29 9/-- vs. Seton Hall (n) W, 85-63",resolved,,,,,
1627,IOWARAW-01628,iowa,2025-26_media_guide_year_by_year,1982-1983,1983,1983-01-05,Michigan State,Michigan State,michigan-state,Yes,59,61,L,0,,,H,SOURCE_PROGRAM_HOME,Carver-Hawkeye Arena,Carver-Hawkeye Arena,Iowa City,IA,,,REGULAR_SEASON,,"Iowa 2025-26 media guide, Year-by-Year Scores","1/5 8/-- Michigan State L, 59-61",resolved,,,,,
1628,IOWARAW-01629,iowa,2025-26_media_guide_year_by_year,1982-1983,1983,1983-01-08,Michigan,Michigan,michigan,Yes,79,72,W,0,,,H,SOURCE_PROGRAM_HOME,Carver-Hawkeye Arena,Carver-Hawkeye Arena,Iowa City,IA,,,REGULAR_SEASON,,"Iowa 2025-26 media guide, Year-by-Year Scores","1/8 8/-- Michigan W, 79-72",resolved,,,,,
1629,IOWARAW-01630,iowa,2025-26_media_guide_year_by_year,1982-1983,1983,1983-01-13,Northwestern,Northwestern,northwestern,Yes,66,57,W,0,,,at,OPPONENT_HOME,,,,,,,REGULAR_SEASON,,"Iowa 2025-26 media guide, Year-by-Year Scores","1/13 12/-- at Northwestern W, 66-57",resolved,,,,,
1630,IOWARAW-01631,iowa,2025-26_media_guide_year_by_year,1982-1983,1983,1983-01-15,Iowa State,Iowa State,iowa-state,Yes,73,56,W,0,,,H,SOURCE_PROGRAM_HOME,Carver-Hawkeye Arena,Carver-Hawkeye Arena,Iowa City,IA,,,REGULAR_SEASON,,"Iowa 2025-26 media guide, Year-by-Year Scores","1/15 12/-- Iowa State W, 73-56",resolved,,,,,
1631,IOWARAW-01632,iowa,2025-26_media_guide_year_by_year,1982-1983,1983,1983-01-20,Minnesota,Minnesota,minnesota,Yes,68,52,W,0,,,at,OPPONENT_HOME,,,,,,,REGULAR_SEASON,,"Iowa 2025-26 media guide, Year-by-Year Scores","1/20 10/16 at Minnesota W, 68-52",resolved,,,,,
1632,IOWARAW-01633,iowa,2025-26_media_guide_year_by_year,1982-1983,1983,1983-01-22,Wisconsin,Wisconsin,wisconsin,Yes,62,65,L,0,FORFEIT,Iowa media guide marks '+' = Awarded Forfeit; source score/on-court result retained under project policy.,H,SOURCE_PROGRAM_HOME,Carver-Hawkeye Arena,Carver-Hawkeye Arena,Iowa City,IA,,,REGULAR_SEASON,,"Iowa 2025-26 media guide, Year-by-Year Scores","1/22 10/-- atWisconsin+ L, 62-65",resolved,,,,,
1633,IOWARAW-01634,iowa,2025-26_media_guide_year_by_year,1982-1983,1983,1983-01-27,Ohio State,Ohio State,ohio-state,Yes,83,89,L,2,,,H,SOURCE_PROGRAM_HOME,Carver-Hawkeye Arena,Carver-Hawkeye Arena,Iowa City,IA,,,REGULAR_SEASON,,"Iowa 2025-26 media guide, Year-by-Year Scores","1/27 14/-- Ohio State## L, 83-89",resolved,,,,,
1634,IOWARAW-01635,iowa,2025-26_media_guide_year_by_year,1982-1983,1983,1983-01-29,Indiana,Indiana,indiana,Yes,63,48,W,0,,,H,SOURCE_PROGRAM_HOME,Carver-Hawkeye Arena,Carver-Hawkeye Arena,Iowa City,IA,,,REGULAR_SEASON,,"Iowa 2025-26 media guide, Year-by-Year Scores","1/29 14/2 Indiana W, 63-48",resolved,,,,,
1635,IOWARAW-01636,iowa,2025-26_media_guide_year_by_year,1982-1983,1983,1983-02-03,Illinois,Illinois,illinois,Yes,61,62,L,0,,,at,OPPONENT_HOME,,,,,,,REGULAR_SEASON,,"Iowa 2025-26 media guide, Year-by-Year Scores","2/3 13/-- at Illinois L, 61-62",resolved,,,,,
1636,IOWARAW-01637,iowa,2025-26_media_guide_year_by_year,1982-1983,1983,1983-02-05,Purdue,Purdue,purdue,Yes,57,60,L,0,,,at,OPPONENT_HOME,,,,,,,REGULAR_SEASON,,"Iowa 2025-26 media guide, Year-by-Year Scores","2/5 13/-- at Purdue L, 57-60",resolved,,,,,
1637,IOWARAW-01638,iowa,2025-26_media_guide_year_by_year,1982-1983,1983,1983-02-10,Purdue,Purdue,purdue,Yes,55,46,W,0,,,H,SOURCE_PROGRAM_HOME,Carver-Hawkeye Arena,Carver-Hawkeye Arena,Iowa City,IA,,,REGULAR_SEASON,,"Iowa 2025-26 media guide, Year-by-Year Scores","2/10 20/18 Purdue W, 55-46",resolved,,,,,
1638,IOWARAW-01639,iowa,2025-26_media_guide_year_by_year,1982-1983,1983,1983-02-12,Illinois,Illinois,illinois,Yes,68,66,W,0,,,H,SOURCE_PROGRAM_HOME,Carver-Hawkeye Arena,Carver-Hawkeye Arena,Iowa City,IA,,,REGULAR_SEASON,,"Iowa 2025-26 media guide, Year-by-Year Scores","2/12 20/-- Illinois W, 68-66",resolved,,,,,
1639,IOWARAW-01640,iowa,2025-26_media_guide_year_by_year,1982-1983,1983,1983-02-16,Indiana,Indiana,indiana,Yes,58,57,W,0,,,at,OPPONENT_HOME,,,,,,,REGULAR_SEASON,,"Iowa 2025-26 media guide, Year-by-Year Scores","2/16 16/2 at Indiana W, 58-57",resolved,,,,,
1640,IOWARAW-01641,iowa,2025-26_media_guide_year_by_year,1982-1983,1983,1983-02-19,Ohio State,Ohio State,ohio-state,Yes,69,85,L,0,,,at,OPPONENT_HOME,,,,,,,REGULAR_SEASON,,"Iowa 2025-26 media guide, Year-by-Year Scores","2/19 16/20 at Ohio State L, 69-85",resolved,,,,,
1641,IOWARAW-01642,iowa,2025-26_media_guide_year_by_year,1982-1983,1983,1983-02-24,Wisconsin,Wisconsin,wisconsin,Yes,93,63,W,0,,,H,SOURCE_PROGRAM_HOME,Carver-Hawkeye Arena,Carver-Hawkeye Arena,Iowa City,IA,,,REGULAR_SEASON,,"Iowa 2025-26 media guide, Year-by-Year Scores","2/24 17/-- Wisconsin W, 93-63",resolved,,,,,
1642,IOWARAW-01643,iowa,2025-26_media_guide_year_by_year,1982-1983,1983,1983-02-27,Minnesota,Minnesota,minnesota,Yes,69,71,L,0,,,H,SOURCE_PROGRAM_HOME,Carver-Hawkeye Arena,Carver-Hawkeye Arena,Iowa City,IA,,,REGULAR_SEASON,,"Iowa 2025-26 media guide, Year-by-Year Scores","2/27 17/-- Minnesota L, 69-71",resolved,,,,,
1643,IOWARAW-01644,iowa,2025-26_media_guide_year_by_year,1982-1983,1983,1983-03-03,Northwestern,Northwestern,northwestern,Yes,63,50,W,0,,,H,SOURCE_PROGRAM_HOME,Carver-Hawkeye Arena,Carver-Hawkeye Arena,Iowa City,IA,,,REGULAR_SEASON,,"Iowa 2025-26 media guide, Year-by-Year Scores","3/3		 Northwestern W, 63-50",resolved,,,,,
1644,IOWARAW-01645,iowa,2025-26_media_guide_year_by_year,1982-1983,1983,1983-03-10,Michigan,Michigan,michigan,Yes,60,66,L,0,,,at,OPPONENT_HOME,,,,,,,REGULAR_SEASON,,"Iowa 2025-26 media guide, Year-by-Year Scores","3/10		 at Michigan L, 60-66",resolved,,,,,
1645,IOWARAW-01646,iowa,2025-26_media_guide_year_by_year,1982-1983,1983,1983-03-12,Michigan State,Michigan State,michigan-state,Yes,75,57,W,0,,,at,OPPONENT_HOME,,,,,,,REGULAR_SEASON,,"Iowa 2025-26 media guide, Year-by-Year Scores","3/12		 at Michigan State W, 75-57",resolved,,,,,
1646,IOWARAW-01647,iowa,2025-26_media_guide_year_by_year,1982-1983,1983,1983-03-17,Utah State,Utah State,utah-state,Yes,64,59,W,0,,,vs.,NEUTRAL,Freedom Hall,Freedom Hall,Louisville,KY,NCAA Tournament,,NCAA_TOURNAMENT,R32,"Iowa 2025-26 media guide, Year-by-Year Scores","3/17		 vs. Utah State (n) W, 64-59",resolved,,,,,
1647,IOWARAW-01648,iowa,2025-26_media_guide_year_by_year,1982-1983,1983,1983-03-19,Missouri,Missouri,missouri,Yes,77,63,W,0,,,vs.,NEUTRAL,Freedom Hall,Freedom Hall,Louisville,KY,NCAA Tournament,,NCAA_TOURNAMENT,Sweet Sixteen,"Iowa 2025-26 media guide, Year-by-Year Scores","3/19 --/12 vs. Missouri (n) W, 77-63",resolved,,,,,
1648,IOWARAW-01649,iowa,2025-26_media_guide_year_by_year,1982-1983,1983,1983-03-25,Villanova,Villanova,villanova,Yes,54,55,L,0,,,vs.,NEUTRAL,Kemper Arena,Kemper Arena,Kansas City,MO,NCAA Tournament,,NCAA_TOURNAMENT,Elite Eight,"Iowa 2025-26 media guide, Year-by-Year Scores","3/25 --/13 vs.Villanova (n) L, 54-55",resolved,,,,,
1649,IOWARAW-01650,iowa,2025-26_media_guide_year_by_year,1983-1984,1984,1983-11-26,Illinois Wesleyan,Illinois Wesleyan,illinois-wesleyan,No,86,60,W,0,,,H,SOURCE_PROGRAM_HOME,Carver-Hawkeye Arena,Carver-Hawkeye Arena,Iowa City,IA,,,REGULAR_SEASON,,"Iowa 2025-26 media guide, Year-by-Year Scores","11/26 7/-- IllinoisWesleyan W, 86-60",resolved,,,,,
1650,IOWARAW-01651,iowa,2025-26_media_guide_year_by_year,1983-1984,1984,1983-12-02,Baylor,Baylor,baylor,Yes,67,44,W,0,,,H,SOURCE_PROGRAM_HOME,Carver-Hawkeye Arena,Carver-Hawkeye Arena,Iowa City,IA,,,REGULAR_SEASON,,"Iowa 2025-26 media guide, Year-by-Year Scores","12/2 5/-- Baylor W, 67-44",resolved,,,,,
1651,IOWARAW-01652,iowa,2025-26_media_guide_year_by_year,1983-1984,1984,1983-12-03,Oregon State,Oregon State,oregon-state,Yes,56,45,W,0,,,H,SOURCE_PROGRAM_HOME,Carver-Hawkeye Arena,Carver-Hawkeye Arena,Iowa City,IA,,,REGULAR_SEASON,,"Iowa 2025-26 media guide, Year-by-Year Scores","12/3 5/10 Oregon State W, 56-45",resolved,,,,,
1652,IOWARAW-01653,iowa,2025-26_media_guide_year_by_year,1983-1984,1984,1983-12-07,Louisville,Louisville,louisville,Yes,58,79,L,0,,,at,OPPONENT_HOME,,,,,,,REGULAR_SEASON,,"Iowa 2025-26 media guide, Year-by-Year Scores","12/7 5/-- at Louisville L, 58-79",resolved,,,,,
1653,IOWARAW-01654,iowa,2025-26_media_guide_year_by_year,1983-1984,1984,1983-12-10,Oregon State,Oregon State,oregon-state,Yes,48,53,L,0,,,at,OPPONENT_HOME,,,,,,,REGULAR_SEASON,,"Iowa 2025-26 media guide, Year-by-Year Scores","12/10 5/18 at Oregon State L, 48-53",resolved,,,,,
1654,IOWARAW-01655,iowa,2025-26_media_guide_year_by_year,1983-1984,1984,1983-12-19,Colorado,Colorado,colorado,Yes,72,56,W,0,,,H,SOURCE_PROGRAM_HOME,Carver-Hawkeye Arena,Carver-Hawkeye Arena,Iowa City,IA,,,REGULAR_SEASON,,"Iowa 2025-26 media guide, Year-by-Year Scores","12/19		 Colorado W, 72-56",resolved,,,,,
1655,IOWARAW-01656,iowa,2025-26_media_guide_year_by_year,1983-1984,1984,1983-12-21,Drake,Drake,drake,Yes,66,43,W,0,,,H,SOURCE_PROGRAM_HOME,Carver-Hawkeye Arena,Carver-Hawkeye Arena,Iowa City,IA,,,REGULAR_SEASON,,"Iowa 2025-26 media guide, Year-by-Year Scores","12/21		 Drake W, 66-43",resolved,,,,,
1656,IOWARAW-01657,iowa,2025-26_media_guide_year_by_year,1983-1984,1984,1983-12-29,USC,USC,usc,Yes,62,61,W,0,,,at,OPPONENT_HOME,,,,,,,REGULAR_SEASON,,"Iowa 2025-26 media guide, Year-by-Year Scores","12/29		 at USC W, 62-61",resolved,,,,,
1657,IOWARAW-01658,iowa,2025-26_media_guide_year_by_year,1983-1984,1984,1983-12-30,Memphis,Memphis,memphis,Yes,73,66,W,0,,,vs.,NEUTRAL,,,,,,,REGULAR_SEASON,,"Iowa 2025-26 media guide, Year-by-Year Scores","12/30 --/17 vs. Memphis (n) W, 73-66",resolved,,,,,
1658,IOWARAW-01659,iowa,2025-26_media_guide_year_by_year,1983-1984,1984,1984-01-04,Michigan State,Michigan State,michigan-state,Yes,72,73,L,0,,,at,OPPONENT_HOME,,,,,,,REGULAR_SEASON,,"Iowa 2025-26 media guide, Year-by-Year Scores","1/4		 at Michigan State L, 72-73",resolved,,,,,
1659,IOWARAW-01660,iowa,2025-26_media_guide_year_by_year,1983-1984,1984,1984-01-07,Michigan,Michigan,michigan,Yes,49,53,L,0,,,at,OPPONENT_HOME,,,,,,,REGULAR_SEASON,,"Iowa 2025-26 media guide, Year-by-Year Scores","1/7		 at Michigan L, 49-53",resolved,,,,,
1660,IOWARAW-01661,iowa,2025-26_media_guide_year_by_year,1983-1984,1984,1984-01-12,Northwestern,Northwestern,northwestern,Yes,42,39,W,0,,,H,SOURCE_PROGRAM_HOME,Carver-Hawkeye Arena,Carver-Hawkeye Arena,Iowa City,IA,,,REGULAR_SEASON,,"Iowa 2025-26 media guide, Year-by-Year Scores","1/12		 Northwestern W, 42-39",resolved,,,,,
1661,IOWARAW-01662,iowa,2025-26_media_guide_year_by_year,1983-1984,1984,1984-01-14,Iowa State,Iowa State,iowa-state,Yes,72,76,L,2,,,at,OPPONENT_HOME,,,,,,,REGULAR_SEASON,,"Iowa 2025-26 media guide, Year-by-Year Scores","1/14		 at Iowa State## L, 72-76",resolved,,,,,
1662,IOWARAW-01663,iowa,2025-26_media_guide_year_by_year,1983-1984,1984,1984-01-19,Minnesota,Minnesota,minnesota,Yes,49,56,L,0,,,H,SOURCE_PROGRAM_HOME,Carver-Hawkeye Arena,Carver-Hawkeye Arena,Iowa City,IA,,,REGULAR_SEASON,,"Iowa 2025-26 media guide, Year-by-Year Scores","1/19		 Minnesota L, 49-56",resolved,,,,,
1663,IOWARAW-01664,iowa,2025-26_media_guide_year_by_year,1983-1984,1984,1984-01-21,Wisconsin,Wisconsin,wisconsin,Yes,75,62,W,0,,,H,SOURCE_PROGRAM_HOME,Carver-Hawkeye Arena,Carver-Hawkeye Arena,Iowa City,IA,,,REGULAR_SEASON,,"Iowa 2025-26 media guide, Year-by-Year Scores","1/21		 Wisconsin W, 75-62",resolved,,,,,
1664,IOWARAW-01665,iowa,2025-26_media_guide_year_by_year,1983-1984,1984,1984-01-26,Ohio State,Ohio State,ohio-state,Yes,54,65,L,0,,,at,OPPONENT_HOME,,,,,,,REGULAR_SEASON,,"Iowa 2025-26 media guide, Year-by-Year Scores","1/26		 at Ohio State L, 54-65",resolved,,,,,
1665,IOWARAW-01666,iowa,2025-26_media_guide_year_by_year,1983-1984,1984,1984-01-28,Indiana,Indiana,indiana,Yes,47,54,L,0,,,at,OPPONENT_HOME,,,,,,,REGULAR_SEASON,,"Iowa 2025-26 media guide, Year-by-Year Scores","1/28		 at Indiana L, 47-54",resolved,,,,,
1666,IOWARAW-01667,iowa,2025-26_media_guide_year_by_year,1983-1984,1984,1984-02-02,Illinois,Illinois,illinois,Yes,52,54,L,2,,,H,SOURCE_PROGRAM_HOME,Carver-Hawkeye Arena,Carver-Hawkeye Arena,Iowa City,IA,,,REGULAR_SEASON,,"Iowa 2025-26 media guide, Year-by-Year Scores","2/2 --/8 Illinois## L, 52-54",resolved,,,,,
1667,IOWARAW-01668,iowa,2025-26_media_guide_year_by_year,1983-1984,1984,1984-02-04,Purdue,Purdue,purdue,Yes,46,48,L,0,,,H,SOURCE_PROGRAM_HOME,Carver-Hawkeye Arena,Carver-Hawkeye Arena,Iowa City,IA,,,REGULAR_SEASON,,"Iowa 2025-26 media guide, Year-by-Year Scores","2/4 --/16 Purdue L, 46-48",resolved,,,,,
1668,IOWARAW-01669,iowa,2025-26_media_guide_year_by_year,1983-1984,1984,1984-02-09,Purdue,Purdue,purdue,Yes,58,79,L,0,,,at,OPPONENT_HOME,,,,,,,REGULAR_SEASON,,"Iowa 2025-26 media guide, Year-by-Year Scores","2/9 --/11 at Purdue L, 58-79",resolved,,,,,
1669,IOWARAW-01670,iowa,2025-26_media_guide_year_by_year,1983-1984,1984,1984-02-12,Illinois,Illinois,illinois,Yes,53,73,L,0,,,at,OPPONENT_HOME,,,,,,,REGULAR_SEASON,,"Iowa 2025-26 media guide, Year-by-Year Scores","2/12 --/8 at Illinois L, 53-73",resolved,,,,,
1670,IOWARAW-01671,iowa,2025-26_media_guide_year_by_year,1983-1984,1984,1984-02-16,Indiana,Indiana,indiana,Yes,45,49,L,0,,,H,SOURCE_PROGRAM_HOME,Carver-Hawkeye Arena,Carver-Hawkeye Arena,Iowa City,IA,,,REGULAR_SEASON,,"Iowa 2025-26 media guide, Year-by-Year Scores","2/16 --/17 Indiana L, 45-49",resolved,,,,,
1671,IOWARAW-01672,iowa,2025-26_media_guide_year_by_year,1983-1984,1984,1984-02-18,Ohio State,Ohio State,ohio-state,Yes,74,60,W,0,,,H,SOURCE_PROGRAM_HOME,Carver-Hawkeye Arena,Carver-Hawkeye Arena,Iowa City,IA,,,REGULAR_SEASON,,"Iowa 2025-26 media guide, Year-by-Year Scores","2/18		 Ohio State W, 74-60",resolved,,,,,
1672,IOWARAW-01673,iowa,2025-26_media_guide_year_by_year,1983-1984,1984,1984-02-23,Wisconsin,Wisconsin,wisconsin,Yes,63,55,W,0,,,H,SOURCE_PROGRAM_HOME,Carver-Hawkeye Arena,Carver-Hawkeye Arena,Iowa City,IA,,,REGULAR_SEASON,,"Iowa 2025-26 media guide, Year-by-Year Scores","2/23		 atWisconsin W, 63-55",resolved,,,,,
1673,IOWARAW-01674,iowa,2025-26_media_guide_year_by_year,1983-1984,1984,1984-02-25,Minnesota,Minnesota,minnesota,Yes,62,50,W,0,,,at,OPPONENT_HOME,,,,,,,REGULAR_SEASON,,"Iowa 2025-26 media guide, Year-by-Year Scores","2/25		 at Minnesota W, 62-50",resolved,,,,,
1674,IOWARAW-01675,iowa,2025-26_media_guide_year_by_year,1983-1984,1984,1984-03-01,Northwestern,Northwestern,northwestern,Yes,57,48,W,0,,,at,OPPONENT_HOME,,,,,,,REGULAR_SEASON,,"Iowa 2025-26 media guide, Year-by-Year Scores","3/1		 at Northwestern W, 57-48",resolved,,,,,
1675,IOWARAW-01676,iowa,2025-26_media_guide_year_by_year,1983-1984,1984,1984-03-07,Michigan,Michigan,michigan,Yes,46,53,L,0,,,H,SOURCE_PROGRAM_HOME,Carver-Hawkeye Arena,Carver-Hawkeye Arena,Iowa City,IA,,,REGULAR_SEASON,,"Iowa 2025-26 media guide, Year-by-Year Scores","3/7		 Michigan L, 46-53",resolved,,,,,
1676,IOWARAW-01677,iowa,2025-26_media_guide_year_by_year,1983-1984,1984,1984-03-11,Michigan State,Michigan State,michigan-state,Yes,44,51,L,0,,,H,SOURCE_PROGRAM_HOME,Carver-Hawkeye Arena,Carver-Hawkeye Arena,Iowa City,IA,,,REGULAR_SEASON,,"Iowa 2025-26 media guide, Year-by-Year Scores","3/11		 Michigan State L, 44-51",resolved,,,,,
1677,IOWARAW-01678,iowa,2025-26_media_guide_year_by_year,1984-1985,1985,1984-11-24,Arkansas-Little Rock,Little Rock,little-rock,Yes,76,47,W,0,,,H,SOURCE_PROGRAM_HOME,Carver-Hawkeye Arena,Carver-Hawkeye Arena,Iowa City,IA,,,REGULAR_SEASON,,"Iowa 2025-26 media guide, Year-by-Year Scores","11/24		 Arkansas-Little Rock W, 76-47",resolved,,,,,
1678,IOWARAW-01679,iowa,2025-26_media_guide_year_by_year,1984-1985,1985,1984-11-26,Gonzaga,Gonzaga,gonzaga,Yes,62,40,W,0,,,H,SOURCE_PROGRAM_HOME,Carver-Hawkeye Arena,Carver-Hawkeye Arena,Iowa City,IA,,,REGULAR_SEASON,,"Iowa 2025-26 media guide, Year-by-Year Scores","11/26		 Gonzaga W, 62-40",resolved,,,,,
1679,IOWARAW-01680,iowa,2025-26_media_guide_year_by_year,1984-1985,1985,1984-11-28,Morehead State,Morehead State,morehead-state,Yes,89,46,W,0,,,H,SOURCE_PROGRAM_HOME,Carver-Hawkeye Arena,Carver-Hawkeye Arena,Iowa City,IA,,,REGULAR_SEASON,,"Iowa 2025-26 media guide, Year-by-Year Scores","11/28		 Morehead State W, 89-46",resolved,,,,,
1680,IOWARAW-01681,iowa,2025-26_media_guide_year_by_year,1984-1985,1985,1984-12-01,George Mason,George Mason,george-mason,Yes,111,82,W,0,,,H,SOURCE_PROGRAM_HOME,Carver-Hawkeye Arena,Carver-Hawkeye Arena,Iowa City,IA,,,REGULAR_SEASON,,"Iowa 2025-26 media guide, Year-by-Year Scores","12/1		 George Mason W, 111-82",resolved,,,,,
1681,IOWARAW-01682,iowa,2025-26_media_guide_year_by_year,1984-1985,1985,1984-12-04,Iowa State,Iowa State,iowa-state,Yes,50,54,L,0,,,H,SOURCE_PROGRAM_HOME,Carver-Hawkeye Arena,Carver-Hawkeye Arena,Iowa City,IA,,,REGULAR_SEASON,,"Iowa 2025-26 media guide, Year-by-Year Scores","12/4		 Iowa State L, 50-54",resolved,,,,,
1682,IOWARAW-01683,iowa,2025-26_media_guide_year_by_year,1984-1985,1985,1984-12-07,Boston University,Boston University,boston-university,Yes,67,53,W,0,,,H,SOURCE_PROGRAM_HOME,Carver-Hawkeye Arena,Carver-Hawkeye Arena,Iowa City,IA,,,REGULAR_SEASON,,"Iowa 2025-26 media guide, Year-by-Year Scores","12/7		 Boston University W, 67-53",resolved,,,,,
1683,IOWARAW-01684,iowa,2025-26_media_guide_year_by_year,1984-1985,1985,1984-12-08,Texas Tech,Texas Tech,texas-tech,No,58,48,W,0,,,H,SOURCE_PROGRAM_HOME,Carver-Hawkeye Arena,Carver-Hawkeye Arena,Iowa City,IA,,,REGULAR_SEASON,,"Iowa 2025-26 media guide, Year-by-Year Scores","12/8		 TexasTech W, 58-48",resolved,,,,,
1684,IOWARAW-01685,iowa,2025-26_media_guide_year_by_year,1984-1985,1985,1984-12-12,Georgia State,Georgia State,georgia-state,Yes,89,40,W,0,,,H,SOURCE_PROGRAM_HOME,Carver-Hawkeye Arena,Carver-Hawkeye Arena,Iowa City,IA,,,REGULAR_SEASON,,"Iowa 2025-26 media guide, Year-by-Year Scores","12/12		 Georgia State W, 89-40",resolved,,,,,
1685,IOWARAW-01686,iowa,2025-26_media_guide_year_by_year,1984-1985,1985,1984-12-15,Illinois Wesleyan,Illinois Wesleyan,illinois-wesleyan,No,99,39,W,0,,,H,SOURCE_PROGRAM_HOME,Carver-Hawkeye Arena,Carver-Hawkeye Arena,Iowa City,IA,,,REGULAR_SEASON,,"Iowa 2025-26 media guide, Year-by-Year Scores","12/15		 IllinoisWesleyan W, 99-39",resolved,,,,,
1686,IOWARAW-01687,iowa,2025-26_media_guide_year_by_year,1984-1985,1985,1984-12-22,South Carolina,South Carolina,south-carolina,Yes,88,78,W,0,,,H,SOURCE_PROGRAM_HOME,Carver-Hawkeye Arena,Carver-Hawkeye Arena,Iowa City,IA,,,REGULAR_SEASON,,"Iowa 2025-26 media guide, Year-by-Year Scores","12/22		 South Carolina W, 88-78",resolved,,,,,
1687,IOWARAW-01688,iowa,2025-26_media_guide_year_by_year,1984-1985,1985,1984-12-25,Maryland,Maryland,maryland,Yes,68,70,L,1,,,vs.,NEUTRAL,,,,,,,REGULAR_SEASON,,"Iowa 2025-26 media guide, Year-by-Year Scores","12/25		 vs. Maryland (n)# L, 68-70",resolved,,,,,
1688,IOWARAW-01689,iowa,2025-26_media_guide_year_by_year,1984-1985,1985,1984-12-27,Cornell - NY,Cornell,cornell,Yes,59,56,W,1,,,vs.,NEUTRAL,,,,,,,REGULAR_SEASON,,"Iowa 2025-26 media guide, Year-by-Year Scores","12/27		 vs. Cornell - NY (n) # W, 59-56",resolved,,,,,
1689,IOWARAW-01690,iowa,2025-26_media_guide_year_by_year,1984-1985,1985,1984-12-28,Arkansas,Arkansas,arkansas,Yes,71,52,W,0,,,vs.,NEUTRAL,,,,,,,REGULAR_SEASON,,"Iowa 2025-26 media guide, Year-by-Year Scores","12/28		 vs. Arkansas (n) W, 71-52",resolved,,,,,
1690,IOWARAW-01691,iowa,2025-26_media_guide_year_by_year,1984-1985,1985,1985-01-03,Purdue,Purdue,purdue,Yes,75,63,W,0,,,H,SOURCE_PROGRAM_HOME,Carver-Hawkeye Arena,Carver-Hawkeye Arena,Iowa City,IA,,,REGULAR_SEASON,,"Iowa 2025-26 media guide, Year-by-Year Scores","1/3		 Purdue W, 75-63",resolved,,,,,
1691,IOWARAW-01692,iowa,2025-26_media_guide_year_by_year,1984-1985,1985,1985-01-05,Illinois,Illinois,illinois,Yes,64,60,W,0,,,H,SOURCE_PROGRAM_HOME,Carver-Hawkeye Arena,Carver-Hawkeye Arena,Iowa City,IA,,,REGULAR_SEASON,,"Iowa 2025-26 media guide, Year-by-Year Scores","1/5 --/6 Illinois W, 64-60",resolved,,,,,
1692,IOWARAW-01693,iowa,2025-26_media_guide_year_by_year,1984-1985,1985,1985-01-12,Minnesota,Minnesota,minnesota,Yes,57,65,L,0,,,at,OPPONENT_HOME,,,,,,,REGULAR_SEASON,,"Iowa 2025-26 media guide, Year-by-Year Scores","1/12 19/-- at Minnesota L, 57-65",resolved,,,,,
1693,IOWARAW-01694,iowa,2025-26_media_guide_year_by_year,1984-1985,1985,1985-01-17,Michigan State,Michigan State,michigan-state,Yes,79,65,W,0,,,at,OPPONENT_HOME,,,,,,,REGULAR_SEASON,,"Iowa 2025-26 media guide, Year-by-Year Scores","1/17 --/19 at Michigan State W, 79-65",resolved,,,,,
1694,IOWARAW-01695,iowa,2025-26_media_guide_year_by_year,1984-1985,1985,1985-01-19,Michigan,Michigan,michigan,Yes,67,69,L,3,,,at,OPPONENT_HOME,,,,,,,REGULAR_SEASON,,"Iowa 2025-26 media guide, Year-by-Year Scores","1/19		 at Michigan### L, 67-69",resolved,,,,,
1695,IOWARAW-01696,iowa,2025-26_media_guide_year_by_year,1984-1985,1985,1985-01-24,Northwestern,Northwestern,northwestern,Yes,66,47,W,0,,,H,SOURCE_PROGRAM_HOME,Carver-Hawkeye Arena,Carver-Hawkeye Arena,Iowa City,IA,,,REGULAR_SEASON,,"Iowa 2025-26 media guide, Year-by-Year Scores","1/24		 Northwestern W, 66-47",resolved,,,,,
1696,IOWARAW-01697,iowa,2025-26_media_guide_year_by_year,1984-1985,1985,1985-01-26,Wisconsin,Wisconsin,wisconsin,Yes,105,65,W,0,,,H,SOURCE_PROGRAM_HOME,Carver-Hawkeye Arena,Carver-Hawkeye Arena,Iowa City,IA,,,REGULAR_SEASON,,"Iowa 2025-26 media guide, Year-by-Year Scores","1/26		 Wisconsin W, 105-65",resolved,,,,,
1697,IOWARAW-01698,iowa,2025-26_media_guide_year_by_year,1984-1985,1985,1985-01-31,Indiana,Indiana,indiana,Yes,72,59,W,0,,,at,OPPONENT_HOME,,,,,,,REGULAR_SEASON,,"Iowa 2025-26 media guide, Year-by-Year Scores","1/31		 at Indiana W, 72-59",resolved,,,,,
1698,IOWARAW-01699,iowa,2025-26_media_guide_year_by_year,1984-1985,1985,1985-02-02,Ohio State,Ohio State,ohio-state,Yes,67,58,W,0,,,at,OPPONENT_HOME,,,,,,,REGULAR_SEASON,,"Iowa 2025-26 media guide, Year-by-Year Scores","2/2		 at Ohio State W, 67-58",resolved,,,,,
1699,IOWARAW-01700,iowa,2025-26_media_guide_year_by_year,1984-1985,1985,1985-02-06,Minnesota,Minnesota,minnesota,Yes,70,65,W,0,,,H,SOURCE_PROGRAM_HOME,Carver-Hawkeye Arena,Carver-Hawkeye Arena,Iowa City,IA,,,REGULAR_SEASON,,"Iowa 2025-26 media guide, Year-by-Year Scores","2/6 12/-- Minnesota W, 70-65",resolved,,,,,
1700,IOWARAW-01701,iowa,2025-26_media_guide_year_by_year,1984-1985,1985,1985-02-14,Michigan,Michigan,michigan,Yes,52,56,L,0,,,H,SOURCE_PROGRAM_HOME,Carver-Hawkeye Arena,Carver-Hawkeye Arena,Iowa City,IA,,,REGULAR_SEASON,,"Iowa 2025-26 media guide, Year-by-Year Scores","2/14 11/3 Michigan L, 52-56",resolved,,,,,
1701,IOWARAW-01702,iowa,2025-26_media_guide_year_by_year,1984-1985,1985,1985-02-16,Michigan State,Michigan State,michigan-state,Yes,55,57,L,0,,,H,SOURCE_PROGRAM_HOME,Carver-Hawkeye Arena,Carver-Hawkeye Arena,Iowa City,IA,,,REGULAR_SEASON,,"Iowa 2025-26 media guide, Year-by-Year Scores","2/16 11/-- Michigan State L, 55-57",resolved,,,,,
1702,IOWARAW-01703,iowa,2025-26_media_guide_year_by_year,1984-1985,1985,1985-02-20,Wisconsin,Wisconsin,wisconsin,Yes,53,54,L,0,,,H,SOURCE_PROGRAM_HOME,Carver-Hawkeye Arena,Carver-Hawkeye Arena,Iowa City,IA,,,REGULAR_SEASON,,"Iowa 2025-26 media guide, Year-by-Year Scores","2/20 14/-- atWisconsin L, 53-54",resolved,,,,,
1703,IOWARAW-01704,iowa,2025-26_media_guide_year_by_year,1984-1985,1985,1985-02-23,Northwestern,Northwestern,northwestern,Yes,58,78,L,0,,,at,OPPONENT_HOME,,,,,,,REGULAR_SEASON,,"Iowa 2025-26 media guide, Year-by-Year Scores","2/23 14/-- at Northwestern L, 58-78",resolved,,,,,
1704,IOWARAW-01705,iowa,2025-26_media_guide_year_by_year,1984-1985,1985,1985-02-28,Ohio State,Ohio State,ohio-state,Yes,87,82,W,0,,,H,SOURCE_PROGRAM_HOME,Carver-Hawkeye Arena,Carver-Hawkeye Arena,Iowa City,IA,,,REGULAR_SEASON,,"Iowa 2025-26 media guide, Year-by-Year Scores","2/28		 Ohio State W, 87-82",resolved,,,,,
1705,IOWARAW-01706,iowa,2025-26_media_guide_year_by_year,1984-1985,1985,1985-03-03,Indiana,Indiana,indiana,Yes,70,50,W,0,,,H,SOURCE_PROGRAM_HOME,Carver-Hawkeye Arena,Carver-Hawkeye Arena,Iowa City,IA,,,REGULAR_SEASON,,"Iowa 2025-26 media guide, Year-by-Year Scores","3/3		 Indiana W, 70-50",resolved,,,,,
1706,IOWARAW-01707,iowa,2025-26_media_guide_year_by_year,1984-1985,1985,1985-03-07,Illinois,Illinois,illinois,Yes,53,59,L,1,,,at,OPPONENT_HOME,,,,,,,REGULAR_SEASON,,"Iowa 2025-26 media guide, Year-by-Year Scores","3/7		 at Illinois# L, 53-59",resolved,,,,,
1707,IOWARAW-01708,iowa,2025-26_media_guide_year_by_year,1984-1985,1985,1985-03-09,Purdue,Purdue,purdue,Yes,54,60,L,0,,,at,OPPONENT_HOME,,,,,,,REGULAR_SEASON,,"Iowa 2025-26 media guide, Year-by-Year Scores","3/9		 at Purdue L, 54-60",resolved,,,,,
1708,IOWARAW-01709,iowa,2025-26_media_guide_year_by_year,1984-1985,1985,1985-03-14,Arkansas,Arkansas,arkansas,Yes,54,63,L,0,,,vs.,NEUTRAL,Jon M. Huntsman Center,Jon M. Huntsman Center,Salt Lake City,UT,NCAA Tournament,,NCAA_TOURNAMENT,R64,"Iowa 2025-26 media guide, Year-by-Year Scores","3/14		 vs. Arkansas (n) L, 54-63",resolved,,,,,
1709,IOWARAW-01710,iowa,2025-26_media_guide_year_by_year,1985-1986,1986,1985-11-22,Hawaii-Hilo,Hawai'i Hilo,hawaii-hilo,No,80,69,W,0,,,at,OPPONENT_HOME,,,,,,,REGULAR_SEASON,,"Iowa 2025-26 media guide, Year-by-Year Scores","11/22		 at Hawaii-Hilo W, 80-69",resolved,,,,,
1710,IOWARAW-01711,iowa,2025-26_media_guide_year_by_year,1985-1986,1986,1985-11-23,Hawaii-Pacific,Hawaii Pacific,hawaii-pacific,No,85,68,W,0,,,at,OPPONENT_HOME,,,,,,,REGULAR_SEASON,,"Iowa 2025-26 media guide, Year-by-Year Scores","11/23		 at Hawaii-Pacific W, 85-68",resolved,,,,,
1711,IOWARAW-01712,iowa,2025-26_media_guide_year_by_year,1985-1986,1986,1985-11-25,Arkansas-Little Rock,Little Rock,little-rock,Yes,108,99,W,1,,,vs.,NEUTRAL,,,,,,,REGULAR_SEASON,,"Iowa 2025-26 media guide, Year-by-Year Scores","11/25		 vs. Arkansas-Little Rock# (n) W, 108-99",resolved,,,,,
1712,IOWARAW-01713,iowa,2025-26_media_guide_year_by_year,1985-1986,1986,1985-11-30,Abilene Christian,Abilene Christian,abilene-christian,Yes,92,62,W,0,,,H,SOURCE_PROGRAM_HOME,Carver-Hawkeye Arena,Carver-Hawkeye Arena,Iowa City,IA,,,REGULAR_SEASON,,"Iowa 2025-26 media guide, Year-by-Year Scores","11/30		 Abilene Christian W, 92-62",resolved,,,,,
1713,IOWARAW-01714,iowa,2025-26_media_guide_year_by_year,1985-1986,1986,1985-12-03,Drake,Drake,drake,Yes,55,43,W,0,,,at,OPPONENT_HOME,,,,,,,REGULAR_SEASON,,"Iowa 2025-26 media guide, Year-by-Year Scores","12/3 18/-- at Drake W, 55-43",resolved,,,,,
1714,IOWARAW-01715,iowa,2025-26_media_guide_year_by_year,1985-1986,1986,1985-12-06,Arkansas State,Arkansas State,arkansas-state,Yes,62,66,L,0,,,H,SOURCE_PROGRAM_HOME,Carver-Hawkeye Arena,Carver-Hawkeye Arena,Iowa City,IA,,,REGULAR_SEASON,,"Iowa 2025-26 media guide, Year-by-Year Scores","12/6 18/-- Arkansas State L, 62-66",resolved,,,,,
1715,IOWARAW-01716,iowa,2025-26_media_guide_year_by_year,1985-1986,1986,1985-12-07,Lehigh,Lehigh,lehigh,Yes,89,68,W,0,,,H,SOURCE_PROGRAM_HOME,Carver-Hawkeye Arena,Carver-Hawkeye Arena,Iowa City,IA,,,REGULAR_SEASON,,"Iowa 2025-26 media guide, Year-by-Year Scores","12/7 18/-- Lehigh W, 89-68",resolved,,,,,
1716,IOWARAW-01717,iowa,2025-26_media_guide_year_by_year,1985-1986,1986,1985-12-10,Iowa State,Iowa State,iowa-state,Yes,61,74,L,0,,,at,OPPONENT_HOME,,,,,,,REGULAR_SEASON,,"Iowa 2025-26 media guide, Year-by-Year Scores","12/10		 at Iowa State L, 61-74",resolved,,,,,
1717,IOWARAW-01718,iowa,2025-26_media_guide_year_by_year,1985-1986,1986,1985-12-14,Furman,Furman,furman,Yes,81,61,W,0,,,H,SOURCE_PROGRAM_HOME,Carver-Hawkeye Arena,Carver-Hawkeye Arena,Iowa City,IA,,,REGULAR_SEASON,,"Iowa 2025-26 media guide, Year-by-Year Scores","12/14		 Furman W, 81-61",resolved,,,,,
1718,IOWARAW-01719,iowa,2025-26_media_guide_year_by_year,1985-1986,1986,1985-12-23,Gonzaga,Gonzaga,gonzaga,Yes,84,64,W,0,,,at,OPPONENT_HOME,,,,,,,REGULAR_SEASON,,"Iowa 2025-26 media guide, Year-by-Year Scores","12/23		 at Gonzaga W, 84-64",resolved,,,,,
1719,IOWARAW-01720,iowa,2025-26_media_guide_year_by_year,1985-1986,1986,1985-12-27,Tampa,Tampa,tampa,No,54,45,W,0,,,vs.,NEUTRAL,,,,,,,REGULAR_SEASON,,"Iowa 2025-26 media guide, Year-by-Year Scores","12/27		 vs.Tampa (n) W, 54-45",resolved,,,,,
1720,IOWARAW-01721,iowa,2025-26_media_guide_year_by_year,1985-1986,1986,1985-12-28,Boston University,Boston University,boston-university,Yes,76,71,W,0,,,vs.,NEUTRAL,,,,,,,REGULAR_SEASON,,"Iowa 2025-26 media guide, Year-by-Year Scores","12/28		 vs. Boston University (n) W, 76-71",resolved,,,,,
1721,IOWARAW-01722,iowa,2025-26_media_guide_year_by_year,1985-1986,1986,1985-12-29,St. Joseph’s,Saint Joseph's,saint-joseph-s,Yes,56,60,L,0,,,vs.,NEUTRAL,,,,,,,REGULAR_SEASON,,"Iowa 2025-26 media guide, Year-by-Year Scores","12/29		 vs. St. Joseph’s (n) L, 56-60",resolved,,,,,
1722,IOWARAW-01723,iowa,2025-26_media_guide_year_by_year,1985-1986,1986,1986-01-02,Purdue,Purdue,purdue,Yes,73,76,L,1,,,at,OPPONENT_HOME,,,,,,,REGULAR_SEASON,,"Iowa 2025-26 media guide, Year-by-Year Scores","1/2		 at Purdue# L, 73-76",resolved,,,,,
1723,IOWARAW-01724,iowa,2025-26_media_guide_year_by_year,1985-1986,1986,1986-01-04,Illinois,Illinois,illinois,Yes,60,59,W,0,,,at,OPPONENT_HOME,,,,,,,REGULAR_SEASON,,"Iowa 2025-26 media guide, Year-by-Year Scores","1/4 --/14 at Illinois W, 60-59",resolved,,,,,
1724,IOWARAW-01725,iowa,2025-26_media_guide_year_by_year,1985-1986,1986,1986-01-11,Minnesota,Minnesota,minnesota,Yes,75,62,W,0,,,H,SOURCE_PROGRAM_HOME,Carver-Hawkeye Arena,Carver-Hawkeye Arena,Iowa City,IA,,,REGULAR_SEASON,,"Iowa 2025-26 media guide, Year-by-Year Scores","1/11		 Minnesota W, 75-62",resolved,,,,,
1725,IOWARAW-01726,iowa,2025-26_media_guide_year_by_year,1985-1986,1986,1986-01-16,Michigan State,Michigan State,michigan-state,Yes,82,71,W,0,,,H,SOURCE_PROGRAM_HOME,Carver-Hawkeye Arena,Carver-Hawkeye Arena,Iowa City,IA,,,REGULAR_SEASON,,"Iowa 2025-26 media guide, Year-by-Year Scores","1/16		 Michigan State W, 82-71",resolved,,,,,
1726,IOWARAW-01727,iowa,2025-26_media_guide_year_by_year,1985-1986,1986,1986-01-18,Michigan,Michigan,michigan,Yes,57,61,L,0,,,H,SOURCE_PROGRAM_HOME,Carver-Hawkeye Arena,Carver-Hawkeye Arena,Iowa City,IA,,,REGULAR_SEASON,,"Iowa 2025-26 media guide, Year-by-Year Scores","1/18 --/2 Michigan L, 57-61",resolved,,,,,
1727,IOWARAW-01728,iowa,2025-26_media_guide_year_by_year,1985-1986,1986,1986-01-23,Northwestern,Northwestern,northwestern,Yes,76,43,W,0,,,at,OPPONENT_HOME,,,,,,,REGULAR_SEASON,,"Iowa 2025-26 media guide, Year-by-Year Scores","1/23		 at Northwestern W, 76-43",resolved,,,,,
1728,IOWARAW-01729,iowa,2025-26_media_guide_year_by_year,1985-1986,1986,1986-01-25,Wisconsin,Wisconsin,wisconsin,Yes,63,69,L,0,,,H,SOURCE_PROGRAM_HOME,Carver-Hawkeye Arena,Carver-Hawkeye Arena,Iowa City,IA,,,REGULAR_SEASON,,"Iowa 2025-26 media guide, Year-by-Year Scores","1/25		 atWisconsin L, 63-69",resolved,,,,,
1729,IOWARAW-01730,iowa,2025-26_media_guide_year_by_year,1985-1986,1986,1986-01-30,Indiana,Indiana,indiana,Yes,79,69,W,0,,,H,SOURCE_PROGRAM_HOME,Carver-Hawkeye Arena,Carver-Hawkeye Arena,Iowa City,IA,,,REGULAR_SEASON,,"Iowa 2025-26 media guide, Year-by-Year Scores","1/30 --/15 Indiana W, 79-69",resolved,,,,,
1730,IOWARAW-01731,iowa,2025-26_media_guide_year_by_year,1985-1986,1986,1986-02-01,Ohio State,Ohio State,ohio-state,Yes,86,75,W,0,,,H,SOURCE_PROGRAM_HOME,Carver-Hawkeye Arena,Carver-Hawkeye Arena,Iowa City,IA,,,REGULAR_SEASON,,"Iowa 2025-26 media guide, Year-by-Year Scores","2/1		 Ohio State W, 86-75",resolved,,,,,
1731,IOWARAW-01732,iowa,2025-26_media_guide_year_by_year,1985-1986,1986,1986-02-09,Minnesota,Minnesota,minnesota,Yes,60,65,L,0,,,at,OPPONENT_HOME,,,,,,,REGULAR_SEASON,,"Iowa 2025-26 media guide, Year-by-Year Scores","2/9		 at Minnesota L, 60-65",resolved,,,,,
1732,IOWARAW-01733,iowa,2025-26_media_guide_year_by_year,1985-1986,1986,1986-02-13,Michigan State,Michigan State,michigan-state,Yes,73,83,L,0,,,at,OPPONENT_HOME,,,,,,,REGULAR_SEASON,,"Iowa 2025-26 media guide, Year-by-Year Scores","2/13		 at Michigan State L, 73-83",resolved,,,,,
1733,IOWARAW-01734,iowa,2025-26_media_guide_year_by_year,1985-1986,1986,1986-02-15,Michigan,Michigan,michigan,Yes,66,82,L,0,,,at,OPPONENT_HOME,,,,,,,REGULAR_SEASON,,"Iowa 2025-26 media guide, Year-by-Year Scores","2/15 --/10 at Michigan L, 66-82",resolved,,,,,
1734,IOWARAW-01735,iowa,2025-26_media_guide_year_by_year,1985-1986,1986,1986-02-20,Wisconsin,Wisconsin,wisconsin,Yes,101,48,W,0,,,H,SOURCE_PROGRAM_HOME,Carver-Hawkeye Arena,Carver-Hawkeye Arena,Iowa City,IA,,,REGULAR_SEASON,,"Iowa 2025-26 media guide, Year-by-Year Scores","2/20		 Wisconsin W, 101-48",resolved,,,,,
1735,IOWARAW-01736,iowa,2025-26_media_guide_year_by_year,1985-1986,1986,1986-02-22,Northwestern,Northwestern,northwestern,Yes,76,45,W,0,,,H,SOURCE_PROGRAM_HOME,Carver-Hawkeye Arena,Carver-Hawkeye Arena,Iowa City,IA,,,REGULAR_SEASON,,"Iowa 2025-26 media guide, Year-by-Year Scores","2/22		 Northwestern W, 76-45",resolved,,,,,
1736,IOWARAW-01737,iowa,2025-26_media_guide_year_by_year,1985-1986,1986,1986-02-26,Ohio State,Ohio State,ohio-state,Yes,74,81,L,0,,,at,OPPONENT_HOME,,,,,,,REGULAR_SEASON,,"Iowa 2025-26 media guide, Year-by-Year Scores","2/26		 at Ohio State L, 74-81",resolved,,,,,
1737,IOWARAW-01738,iowa,2025-26_media_guide_year_by_year,1985-1986,1986,1986-03-02,Indiana,Indiana,indiana,Yes,73,80,L,0,,,at,OPPONENT_HOME,,,,,,,REGULAR_SEASON,,"Iowa 2025-26 media guide, Year-by-Year Scores","3/2 --/16 at Indiana L, 73-80",resolved,,,,,
1738,IOWARAW-01739,iowa,2025-26_media_guide_year_by_year,1985-1986,1986,1986-03-06,Illinois,Illinois,illinois,Yes,57,53,W,0,,,H,SOURCE_PROGRAM_HOME,Carver-Hawkeye Arena,Carver-Hawkeye Arena,Iowa City,IA,,,REGULAR_SEASON,,"Iowa 2025-26 media guide, Year-by-Year Scores","3/6 --/19 Illinois W, 57-53",resolved,,,,,
1739,IOWARAW-01740,iowa,2025-26_media_guide_year_by_year,1985-1986,1986,1986-03-08,Purdue,Purdue,purdue,Yes,77,64,W,0,,,H,SOURCE_PROGRAM_HOME,Carver-Hawkeye Arena,Carver-Hawkeye Arena,Iowa City,IA,,,REGULAR_SEASON,,"Iowa 2025-26 media guide, Year-by-Year Scores","3/8		 Purdue W, 77-64",resolved,,,,,
1740,IOWARAW-01741,iowa,2025-26_media_guide_year_by_year,1985-1986,1986,1986-03-14,NC State,NC State,nc-state,Yes,64,66,L,0,,,vs.,NEUTRAL,Hubert H. Humphrey Metrodome,Hubert H. Humphrey Metrodome,Minneapolis,MN,NCAA Tournament,,NCAA_TOURNAMENT,R64,"Iowa 2025-26 media guide, Year-by-Year Scores","3/14 --/20 vs. NC State (n) L, 64-66",resolved,,,,,
1741,IOWARAW-01742,iowa,2025-26_media_guide_year_by_year,1986-1987,1987,1986-11-28,Alaska-Anchorage,Alaska Anchorage,alaska-anchorage,No,91,81,W,0,,,at,OPPONENT_HOME,,,,,,,REGULAR_SEASON,,"Iowa 2025-26 media guide, Year-by-Year Scores","11/28 10/-- at Alaska-Anchorage (n) W, 91-81",resolved,,,,,
1742,IOWARAW-01743,iowa,2025-26_media_guide_year_by_year,1986-1987,1987,1986-11-29,N.C. State,NC State,nc-state,Yes,90,89,W,1,,,vs.,NEUTRAL,,,,,,,REGULAR_SEASON,,"Iowa 2025-26 media guide, Year-by-Year Scores","11/29 10/17 vs. N.C. State (n) # W, 90-89",resolved,,,,,
1743,IOWARAW-01744,iowa,2025-26_media_guide_year_by_year,1986-1987,1987,1986-11-30,Northeastern,Northeastern,northeastern,Yes,103,80,W,0,,,vs.,NEUTRAL,,,,,,,REGULAR_SEASON,,"Iowa 2025-26 media guide, Year-by-Year Scores","11/30 10/-- vs. Northeastern (n) W, 103-80",resolved,,,,,
1744,IOWARAW-01745,iowa,2025-26_media_guide_year_by_year,1986-1987,1987,1986-12-03,Missouri-St. Louis,Missouri-St. Louis,missouri-st-louis,No,89,64,W,0,,,H,SOURCE_PROGRAM_HOME,Carver-Hawkeye Arena,Carver-Hawkeye Arena,Iowa City,IA,,,REGULAR_SEASON,,"Iowa 2025-26 media guide, Year-by-Year Scores","12/3 5/-- Missouri-St. Louis W, 89-64",resolved,,,,,
1745,IOWARAW-01746,iowa,2025-26_media_guide_year_by_year,1986-1987,1987,1986-12-05,Delaware,Delaware,delaware,Yes,95,47,W,0,,,H,SOURCE_PROGRAM_HOME,Carver-Hawkeye Arena,Carver-Hawkeye Arena,Iowa City,IA,,,REGULAR_SEASON,,"Iowa 2025-26 media guide, Year-by-Year Scores","12/5 5/-- Delaware W, 95-47",resolved,,,,,
1746,IOWARAW-01747,iowa,2025-26_media_guide_year_by_year,1986-1987,1987,1986-12-06,Loyola-Marymount,Loyola Marymount,loyola-marymount,Yes,103,80,W,0,,,H,SOURCE_PROGRAM_HOME,Carver-Hawkeye Arena,Carver-Hawkeye Arena,Iowa City,IA,,,REGULAR_SEASON,,"Iowa 2025-26 media guide, Year-by-Year Scores","12/6 5/-- Loyola-Marymount W, 103-80",resolved,,,,,
1747,IOWARAW-01748,iowa,2025-26_media_guide_year_by_year,1986-1987,1987,1986-12-09,BYU,BYU,byu,Yes,86,75,W,0,,,H,SOURCE_PROGRAM_HOME,Carver-Hawkeye Arena,Carver-Hawkeye Arena,Iowa City,IA,,,REGULAR_SEASON,,"Iowa 2025-26 media guide, Year-by-Year Scores","12/9 4/-- BYU W, 86-75",resolved,,,,,
1748,IOWARAW-01749,iowa,2025-26_media_guide_year_by_year,1986-1987,1987,1986-12-13,Drake,Drake,drake,Yes,69,62,W,0,,,at,OPPONENT_HOME,,,,,,,REGULAR_SEASON,,"Iowa 2025-26 media guide, Year-by-Year Scores","12/13 4/-- at Drake W, 69-62",resolved,,,,,
1749,IOWARAW-01750,iowa,2025-26_media_guide_year_by_year,1986-1987,1987,1986-12-20,Iowa State,Iowa State,iowa-state,Yes,89,64,W,0,,,H,SOURCE_PROGRAM_HOME,Carver-Hawkeye Arena,Carver-Hawkeye Arena,Iowa City,IA,,,REGULAR_SEASON,,"Iowa 2025-26 media guide, Year-by-Year Scores","12/20 3/-- Iowa State W, 89-64",resolved,,,,,
1750,IOWARAW-01751,iowa,2025-26_media_guide_year_by_year,1986-1987,1987,1986-12-22,Rider,Rider,rider,Yes,104,71,W,0,,,H,SOURCE_PROGRAM_HOME,Carver-Hawkeye Arena,Carver-Hawkeye Arena,Iowa City,IA,,,REGULAR_SEASON,,"Iowa 2025-26 media guide, Year-by-Year Scores","12/22 3/-- Rider W, 104-71",resolved,,,,,
1751,IOWARAW-01752,iowa,2025-26_media_guide_year_by_year,1986-1987,1987,1986-12-28,Portland,Portland,portland,Yes,84,65,W,0,,,vs.,NEUTRAL,,,,,,,REGULAR_SEASON,,"Iowa 2025-26 media guide, Year-by-Year Scores","12/28 3/-- vs. Portland (n) W, 84-65",resolved,,,,,
1752,IOWARAW-01753,iowa,2025-26_media_guide_year_by_year,1986-1987,1987,1986-12-29,UC-Irvine,UC-Irvine,uc-irvine,No,105,103,W,0,,,at,OPPONENT_HOME,,,,,,,REGULAR_SEASON,,"Iowa 2025-26 media guide, Year-by-Year Scores","12/29 3/-- at UC-Irvine W, 105-103",resolved,,,,,
1753,IOWARAW-01754,iowa,2025-26_media_guide_year_by_year,1986-1987,1987,1987-01-03,Northwestern,Northwestern,northwestern,Yes,80,44,W,0,,,H,SOURCE_PROGRAM_HOME,Carver-Hawkeye Arena,Carver-Hawkeye Arena,Iowa City,IA,,,REGULAR_SEASON,,"Iowa 2025-26 media guide, Year-by-Year Scores","1/3 3/-- Northwestern W, 80-44",resolved,,,,,
1754,IOWARAW-01755,iowa,2025-26_media_guide_year_by_year,1986-1987,1987,1987-01-05,Wisconsin,Wisconsin,wisconsin,Yes,78,63,W,0,,,H,SOURCE_PROGRAM_HOME,Carver-Hawkeye Arena,Carver-Hawkeye Arena,Iowa City,IA,,,REGULAR_SEASON,,"Iowa 2025-26 media guide, Year-by-Year Scores","1/5 2/-- Wisconsin W, 78-63",resolved,,,,,
1755,IOWARAW-01756,iowa,2025-26_media_guide_year_by_year,1986-1987,1987,1987-01-10,Minnesota,Minnesota,minnesota,Yes,78,57,W,0,,,at,OPPONENT_HOME,,,,,,,REGULAR_SEASON,,"Iowa 2025-26 media guide, Year-by-Year Scores","1/10 2/-- at Minnesota W, 78-57",resolved,,,,,
1756,IOWARAW-01757,iowa,2025-26_media_guide_year_by_year,1986-1987,1987,1987-01-14,Illinois,Illinois,illinois,Yes,91,88,W,1,,,at,OPPONENT_HOME,,,,,,,REGULAR_SEASON,,"Iowa 2025-26 media guide, Year-by-Year Scores","1/14 2/8 at Illinois# W, 91-88",resolved,,,,,
1757,IOWARAW-01758,iowa,2025-26_media_guide_year_by_year,1986-1987,1987,1987-01-19,Purdue,Purdue,purdue,Yes,70,67,W,0,,,at,OPPONENT_HOME,,,,,,,REGULAR_SEASON,,"Iowa 2025-26 media guide, Year-by-Year Scores","1/19 2/6 at Purdue W, 70-67",resolved,,,,,
1758,IOWARAW-01759,iowa,2025-26_media_guide_year_by_year,1986-1987,1987,1987-01-22,Indiana,Indiana,indiana,Yes,101,88,W,0,,,H,SOURCE_PROGRAM_HOME,Carver-Hawkeye Arena,Carver-Hawkeye Arena,Iowa City,IA,,,REGULAR_SEASON,,"Iowa 2025-26 media guide, Year-by-Year Scores","1/22 1/3 Indiana W, 101-88",resolved,,,,,
1759,IOWARAW-01760,iowa,2025-26_media_guide_year_by_year,1986-1987,1987,1987-01-24,Ohio State,Ohio State,ohio-state,Yes,76,80,L,0,,,H,SOURCE_PROGRAM_HOME,Carver-Hawkeye Arena,Carver-Hawkeye Arena,Iowa City,IA,,,REGULAR_SEASON,,"Iowa 2025-26 media guide, Year-by-Year Scores","1/24 1/-- Ohio State L, 76-80",resolved,,,,,
1760,IOWARAW-01761,iowa,2025-26_media_guide_year_by_year,1986-1987,1987,1987-01-29,Michigan State,Michigan State,michigan-state,Yes,89,75,W,0,,,at,OPPONENT_HOME,,,,,,,REGULAR_SEASON,,"Iowa 2025-26 media guide, Year-by-Year Scores","1/29 2/-- at Michigan State W, 89-75",resolved,,,,,
1761,IOWARAW-01762,iowa,2025-26_media_guide_year_by_year,1986-1987,1987,1987-01-31,Michigan,Michigan,michigan,Yes,92,100,L,0,,,at,OPPONENT_HOME,,,,,,,REGULAR_SEASON,,"Iowa 2025-26 media guide, Year-by-Year Scores","1/31 2/-- at Michigan L, 92-100",resolved,,,,,
1762,IOWARAW-01763,iowa,2025-26_media_guide_year_by_year,1986-1987,1987,1987-02-04,Minnesota,Minnesota,minnesota,Yes,78,47,W,0,,,H,SOURCE_PROGRAM_HOME,Carver-Hawkeye Arena,Carver-Hawkeye Arena,Iowa City,IA,,,REGULAR_SEASON,,"Iowa 2025-26 media guide, Year-by-Year Scores","2/4 4/-- Minnesota W, 78-47",resolved,,,,,
1763,IOWARAW-01764,iowa,2025-26_media_guide_year_by_year,1986-1987,1987,1987-02-07,Arizona,Arizona,arizona,Yes,89,80,W,0,,,at,OPPONENT_HOME,,,,,,,REGULAR_SEASON,,"Iowa 2025-26 media guide, Year-by-Year Scores","2/7 4/-- at Arizona W, 89-80",resolved,,,,,
1764,IOWARAW-01765,iowa,2025-26_media_guide_year_by_year,1986-1987,1987,1987-02-12,Purdue,Purdue,purdue,Yes,73,80,L,0,,,H,SOURCE_PROGRAM_HOME,Carver-Hawkeye Arena,Carver-Hawkeye Arena,Iowa City,IA,,,REGULAR_SEASON,,"Iowa 2025-26 media guide, Year-by-Year Scores","2/12 4/7 Purdue L, 73-80",resolved,,,,,
1765,IOWARAW-01766,iowa,2025-26_media_guide_year_by_year,1986-1987,1987,1987-02-14,Illinois,Illinois,illinois,Yes,66,61,W,0,,,H,SOURCE_PROGRAM_HOME,Carver-Hawkeye Arena,Carver-Hawkeye Arena,Iowa City,IA,,,REGULAR_SEASON,,"Iowa 2025-26 media guide, Year-by-Year Scores","2/14 4/11 Illinois W, 66-61",resolved,,,,,
1766,IOWARAW-01767,iowa,2025-26_media_guide_year_by_year,1986-1987,1987,1987-02-18,Ohio State,Ohio State,ohio-state,Yes,82,80,W,0,,,at,OPPONENT_HOME,,,,,,,REGULAR_SEASON,,"Iowa 2025-26 media guide, Year-by-Year Scores","2/18 7/-- at Ohio State W, 82-80",resolved,,,,,
1767,IOWARAW-01768,iowa,2025-26_media_guide_year_by_year,1986-1987,1987,1987-02-21,Indiana,Indiana,indiana,Yes,75,84,L,0,,,at,OPPONENT_HOME,,,,,,,REGULAR_SEASON,,"Iowa 2025-26 media guide, Year-by-Year Scores","2/21 7/2 at Indiana L, 75-84",resolved,,,,,
1768,IOWARAW-01769,iowa,2025-26_media_guide_year_by_year,1986-1987,1987,1987-02-26,Michigan State,Michigan State,michigan-state,Yes,93,64,W,0,,,H,SOURCE_PROGRAM_HOME,Carver-Hawkeye Arena,Carver-Hawkeye Arena,Iowa City,IA,,,REGULAR_SEASON,,"Iowa 2025-26 media guide, Year-by-Year Scores","2/26 7/-- Michigan State W, 93-64",resolved,,,,,
1769,IOWARAW-01770,iowa,2025-26_media_guide_year_by_year,1986-1987,1987,1987-02-28,Michigan,Michigan,michigan,Yes,95,85,W,0,,,H,SOURCE_PROGRAM_HOME,Carver-Hawkeye Arena,Carver-Hawkeye Arena,Iowa City,IA,,,REGULAR_SEASON,,"Iowa 2025-26 media guide, Year-by-Year Scores","2/28 7/-- Michigan W, 95-85",resolved,,,,,
1770,IOWARAW-01771,iowa,2025-26_media_guide_year_by_year,1986-1987,1987,1987-03-05,Northwestern,Northwestern,northwestern,Yes,103,76,W,0,,,at,OPPONENT_HOME,,,,,,,REGULAR_SEASON,,"Iowa 2025-26 media guide, Year-by-Year Scores","3/5 6/-- at Northwestern W, 103-76",resolved,,,,,
1771,IOWARAW-01772,iowa,2025-26_media_guide_year_by_year,1986-1987,1987,1987-03-08,Wisconsin,Wisconsin,wisconsin,Yes,81,71,W,0,,,H,SOURCE_PROGRAM_HOME,Carver-Hawkeye Arena,Carver-Hawkeye Arena,Iowa City,IA,,,REGULAR_SEASON,,"Iowa 2025-26 media guide, Year-by-Year Scores","3/8 6/-- atWisconsin W, 81-71",resolved,,,,,
1772,IOWARAW-01773,iowa,2025-26_media_guide_year_by_year,1986-1987,1987,1987-03-13,Santa Clara,Santa Clara,santa-clara,Yes,99,76,W,0,,,vs.,NEUTRAL,McKale Center,McKale Center,Tucson,AZ,NCAA Tournament,,NCAA_TOURNAMENT,R64,"Iowa 2025-26 media guide, Year-by-Year Scores","3/13 6/-- vs. Santa Clara (n) W, 99-76",resolved,,,,,
1773,IOWARAW-01774,iowa,2025-26_media_guide_year_by_year,1986-1987,1987,1987-03-15,UTEP,UTEP,utep,Yes,84,82,W,0,,,vs.,NEUTRAL,McKale Center,McKale Center,Tucson,AZ,NCAA Tournament,,NCAA_TOURNAMENT,R32,"Iowa 2025-26 media guide, Year-by-Year Scores","3/15 6/-- vs. UTEP (n) W, 84-82",resolved,,,,,
1774,IOWARAW-01775,iowa,2025-26_media_guide_year_by_year,1986-1987,1987,1987-03-20,Oklahoma,Oklahoma,oklahoma,Yes,93,91,W,0,,,vs.,NEUTRAL,Kingdome,Kingdome,Seattle,WA,NCAA Tournament,,NCAA_TOURNAMENT,Sweet Sixteen,"Iowa 2025-26 media guide, Year-by-Year Scores","3/20 6/17 vs. Oklahoma (n) W, 93-91",resolved,,,,,
1775,IOWARAW-01776,iowa,2025-26_media_guide_year_by_year,1986-1987,1987,1987-03-22,UNLV,UNLV,unlv,Yes,81,84,L,0,,,vs.,NEUTRAL,Kingdome,Kingdome,Seattle,WA,NCAA Tournament,,NCAA_TOURNAMENT,Elite Eight,"Iowa 2025-26 media guide, Year-by-Year Scores","3/22 6/1 vs. UNLV (n) L, 81-84",resolved,,,,,
1776,IOWARAW-01777,iowa,2025-26_media_guide_year_by_year,1987-1988,1988,1987-11-27,Stanford,Stanford,stanford,Yes,78,75,W,0,,,vs.,NEUTRAL,,,,,,,REGULAR_SEASON,,"Iowa 2025-26 media guide, Year-by-Year Scores","11/27 11/-- vs. Stanford (n) W, 78-75",resolved,,,,,
1777,IOWARAW-01778,iowa,2025-26_media_guide_year_by_year,1987-1988,1988,1987-11-28,Kansas,Kansas,kansas,Yes,100,81,W,0,,,vs.,NEUTRAL,,,,,,,REGULAR_SEASON,,"Iowa 2025-26 media guide, Year-by-Year Scores","11/28 11/7 vs. Kansas (n) W, 100-81",resolved,,,,,
1778,IOWARAW-01779,iowa,2025-26_media_guide_year_by_year,1987-1988,1988,1987-11-29,Villanova,Villanova,villanova,Yes,97,74,W,0,,,vs.,NEUTRAL,,,,,,,REGULAR_SEASON,,"Iowa 2025-26 media guide, Year-by-Year Scores","11/29 11/-- vs.Villanova (n) W, 97-74",resolved,,,,,
1779,IOWARAW-01780,iowa,2025-26_media_guide_year_by_year,1987-1988,1988,1987-12-01,Drake,Drake,drake,Yes,70,59,W,0,,,H,SOURCE_PROGRAM_HOME,Carver-Hawkeye Arena,Carver-Hawkeye Arena,Iowa City,IA,,,REGULAR_SEASON,,"Iowa 2025-26 media guide, Year-by-Year Scores","12/1 6/-- Drake W, 70-59",resolved,,,,,
1780,IOWARAW-01781,iowa,2025-26_media_guide_year_by_year,1987-1988,1988,1987-12-04,Navy,Navy,navy,Yes,91,61,W,0,,,H,SOURCE_PROGRAM_HOME,Carver-Hawkeye Arena,Carver-Hawkeye Arena,Iowa City,IA,,,REGULAR_SEASON,,"Iowa 2025-26 media guide, Year-by-Year Scores","12/4 6/-- Navy W, 91-61",resolved,,,,,
1781,IOWARAW-01782,iowa,2025-26_media_guide_year_by_year,1987-1988,1988,1987-12-05,UC-Irvine,UC-Irvine,uc-irvine,No,124,88,W,0,,,H,SOURCE_PROGRAM_HOME,Carver-Hawkeye Arena,Carver-Hawkeye Arena,Iowa City,IA,,,REGULAR_SEASON,,"Iowa 2025-26 media guide, Year-by-Year Scores","12/5 6/-- UC-Irvine W, 124-88",resolved,,,,,
1782,IOWARAW-01783,iowa,2025-26_media_guide_year_by_year,1987-1988,1988,1987-12-12,Arizona,Arizona,arizona,Yes,59,66,L,0,,,H,SOURCE_PROGRAM_HOME,Carver-Hawkeye Arena,Carver-Hawkeye Arena,Iowa City,IA,,,REGULAR_SEASON,,"Iowa 2025-26 media guide, Year-by-Year Scores","12/12 3/4 Arizona L, 59-66",resolved,,,,,
1783,IOWARAW-01784,iowa,2025-26_media_guide_year_by_year,1987-1988,1988,1987-12-19,Iowa State,Iowa State,iowa-state,Yes,100,102,L,1,,,at,OPPONENT_HOME,,,,,,,REGULAR_SEASON,,"Iowa 2025-26 media guide, Year-by-Year Scores","12/19 7/20 at Iowa State# L, 100-102",resolved,,,,,
1784,IOWARAW-01785,iowa,2025-26_media_guide_year_by_year,1987-1988,1988,1987-12-21,Pan American,UTRGV,utrgv,Yes,110,64,W,0,,,H,SOURCE_PROGRAM_HOME,Carver-Hawkeye Arena,Carver-Hawkeye Arena,Iowa City,IA,,,REGULAR_SEASON,,"Iowa 2025-26 media guide, Year-by-Year Scores","12/21 7/-- Pan American W, 110-64",resolved,,,,,
1785,IOWARAW-01786,iowa,2025-26_media_guide_year_by_year,1987-1988,1988,1987-12-29,Illinois State,Illinois State,illinois-state,Yes,88,89,L,0,,,vs.,NEUTRAL,,,,,,,REGULAR_SEASON,,"Iowa 2025-26 media guide, Year-by-Year Scores","12/29 14/-- vs. Illinois State (n) L, 88-89",resolved,,,,,
1786,IOWARAW-01787,iowa,2025-26_media_guide_year_by_year,1987-1988,1988,1987-12-30,Oral Roberts,Oral Roberts,oral-roberts,Yes,126,94,W,0,,,vs.,NEUTRAL,,,,,,,REGULAR_SEASON,,"Iowa 2025-26 media guide, Year-by-Year Scores","12/30 14/-- vs. Oral Roberts (n) W, 126-94",resolved,,,,,
1787,IOWARAW-01788,iowa,2025-26_media_guide_year_by_year,1987-1988,1988,1988-01-06,Indiana,Indiana,indiana,Yes,84,70,W,0,,,H,SOURCE_PROGRAM_HOME,Carver-Hawkeye Arena,Carver-Hawkeye Arena,Iowa City,IA,,,REGULAR_SEASON,,"Iowa 2025-26 media guide, Year-by-Year Scores","1/6 16/12 Indiana W, 84-70",resolved,,,,,
1788,IOWARAW-01789,iowa,2025-26_media_guide_year_by_year,1987-1988,1988,1988-01-09,Purdue,Purdue,purdue,Yes,79,80,L,0,,,at,OPPONENT_HOME,,,,,,,REGULAR_SEASON,,"Iowa 2025-26 media guide, Year-by-Year Scores","1/9 16/10 at Purdue L, 79-80",resolved,,,,,
1789,IOWARAW-01790,iowa,2025-26_media_guide_year_by_year,1987-1988,1988,1988-01-11,Lafayette,Lafayette,lafayette,Yes,109,68,W,0,,,H,SOURCE_PROGRAM_HOME,Carver-Hawkeye Arena,Carver-Hawkeye Arena,Iowa City,IA,,,REGULAR_SEASON,,"Iowa 2025-26 media guide, Year-by-Year Scores","1/11 17/-- Lafayette W, 109-68",resolved,,,,,
1790,IOWARAW-01791,iowa,2025-26_media_guide_year_by_year,1987-1988,1988,1988-01-14,Ohio State,Ohio State,ohio-state,Yes,83,87,L,0,,,at,OPPONENT_HOME,,,,,,,REGULAR_SEASON,,"Iowa 2025-26 media guide, Year-by-Year Scores","1/14 17/-- at Ohio State L, 83-87",resolved,,,,,
1791,IOWARAW-01792,iowa,2025-26_media_guide_year_by_year,1987-1988,1988,1988-01-16,Northwestern,Northwestern,northwestern,Yes,92,68,W,0,,,H,SOURCE_PROGRAM_HOME,Carver-Hawkeye Arena,Carver-Hawkeye Arena,Iowa City,IA,,,REGULAR_SEASON,,"Iowa 2025-26 media guide, Year-by-Year Scores","1/16 17/-- Northwestern W, 92-68",resolved,,,,,
1792,IOWARAW-01793,iowa,2025-26_media_guide_year_by_year,1987-1988,1988,1988-01-21,Illinois,Illinois,illinois,Yes,93,79,W,0,,,H,SOURCE_PROGRAM_HOME,Carver-Hawkeye Arena,Carver-Hawkeye Arena,Iowa City,IA,,,REGULAR_SEASON,,"Iowa 2025-26 media guide, Year-by-Year Scores","1/21 19/13 Illinois W, 93-79",resolved,,,,,
1793,IOWARAW-01794,iowa,2025-26_media_guide_year_by_year,1987-1988,1988,1988-01-23,Dartmouth,Dartmouth,dartmouth,Yes,102,87,W,0,,,H,SOURCE_PROGRAM_HOME,Carver-Hawkeye Arena,Carver-Hawkeye Arena,Iowa City,IA,,,REGULAR_SEASON,,"Iowa 2025-26 media guide, Year-by-Year Scores","1/23 19/-- Dartmouth W, 102-87",resolved,,,,,
1794,IOWARAW-01795,iowa,2025-26_media_guide_year_by_year,1987-1988,1988,1988-01-25,Wisconsin,Wisconsin,wisconsin,Yes,104,89,W,0,,,H,SOURCE_PROGRAM_HOME,Carver-Hawkeye Arena,Carver-Hawkeye Arena,Iowa City,IA,,,REGULAR_SEASON,,"Iowa 2025-26 media guide, Year-by-Year Scores","1/25 16/-- atWisconsin W, 104-89",resolved,,,,,
1795,IOWARAW-01796,iowa,2025-26_media_guide_year_by_year,1987-1988,1988,1988-01-30,Minnesota,Minnesota,minnesota,Yes,76,51,W,0,,,H,SOURCE_PROGRAM_HOME,Carver-Hawkeye Arena,Carver-Hawkeye Arena,Iowa City,IA,,,REGULAR_SEASON,,"Iowa 2025-26 media guide, Year-by-Year Scores","1/30 16/-- Minnesota W, 76-51",resolved,,,,,
1796,IOWARAW-01797,iowa,2025-26_media_guide_year_by_year,1987-1988,1988,1988-02-03,Michigan,Michigan,michigan,Yes,103,120,L,0,,,at,OPPONENT_HOME,,,,,,,REGULAR_SEASON,,"Iowa 2025-26 media guide, Year-by-Year Scores","2/3 13/11 at Michigan L, 103-120",resolved,,,,,
1797,IOWARAW-01798,iowa,2025-26_media_guide_year_by_year,1987-1988,1988,1988-02-06,Michigan State,Michigan State,michigan-state,Yes,101,72,W,0,,,H,SOURCE_PROGRAM_HOME,Carver-Hawkeye Arena,Carver-Hawkeye Arena,Iowa City,IA,,,REGULAR_SEASON,,"Iowa 2025-26 media guide, Year-by-Year Scores","2/6 13/-- Michigan State W, 101-72",resolved,,,,,
1798,IOWARAW-01799,iowa,2025-26_media_guide_year_by_year,1987-1988,1988,1988-02-10,Ohio State,Ohio State,ohio-state,Yes,92,75,W,0,,,H,SOURCE_PROGRAM_HOME,Carver-Hawkeye Arena,Carver-Hawkeye Arena,Iowa City,IA,,,REGULAR_SEASON,,"Iowa 2025-26 media guide, Year-by-Year Scores","2/10 13/-- Ohio State W, 92-75",resolved,,,,,
1799,IOWARAW-01800,iowa,2025-26_media_guide_year_by_year,1987-1988,1988,1988-02-15,Purdue,Purdue,purdue,Yes,66,73,L,0,,,H,SOURCE_PROGRAM_HOME,Carver-Hawkeye Arena,Carver-Hawkeye Arena,Iowa City,IA,,,REGULAR_SEASON,,"Iowa 2025-26 media guide, Year-by-Year Scores","2/15 13/2 Purdue L, 66-73",resolved,,,,,
1800,IOWARAW-01801,iowa,2025-26_media_guide_year_by_year,1987-1988,1988,1988-02-20,Minnesota,Minnesota,minnesota,Yes,107,86,W,0,,,at,OPPONENT_HOME,,,,,,,REGULAR_SEASON,,"Iowa 2025-26 media guide, Year-by-Year Scores","2/20 13/-- at Minnesota W, 107-86",resolved,,,,,
1801,IOWARAW-01802,iowa,2025-26_media_guide_year_by_year,1987-1988,1988,1988-02-24,Northwestern,Northwestern,northwestern,Yes,91,74,W,0,,,at,OPPONENT_HOME,,,,,,,REGULAR_SEASON,,"Iowa 2025-26 media guide, Year-by-Year Scores","2/24 13/-- at Northwestern W, 91-74",resolved,,,,,
1802,IOWARAW-01803,iowa,2025-26_media_guide_year_by_year,1987-1988,1988,1988-02-27,Michigan,Michigan,michigan,Yes,95,87,W,0,,,H,SOURCE_PROGRAM_HOME,Carver-Hawkeye Arena,Carver-Hawkeye Arena,Iowa City,IA,,,REGULAR_SEASON,,"Iowa 2025-26 media guide, Year-by-Year Scores","2/27 13/7 Michigan W, 95-87",resolved,,,,,
1803,IOWARAW-01804,iowa,2025-26_media_guide_year_by_year,1987-1988,1988,1988-03-03,Michigan State,Michigan State,michigan-state,Yes,103,87,W,0,,,at,OPPONENT_HOME,,,,,,,REGULAR_SEASON,,"Iowa 2025-26 media guide, Year-by-Year Scores","3/3 11/-- at Michigan State W, 103-87",resolved,,,,,
1804,IOWARAW-01805,iowa,2025-26_media_guide_year_by_year,1987-1988,1988,1988-03-06,Illinois,Illinois,illinois,Yes,81,94,L,0,,,at,OPPONENT_HOME,,,,,,,REGULAR_SEASON,,"Iowa 2025-26 media guide, Year-by-Year Scores","3/6 11/-- at Illinois L, 81-94",resolved,,,,,
1805,IOWARAW-01806,iowa,2025-26_media_guide_year_by_year,1987-1988,1988,1988-03-10,Wisconsin,Wisconsin,wisconsin,Yes,103,70,W,0,,,H,SOURCE_PROGRAM_HOME,Carver-Hawkeye Arena,Carver-Hawkeye Arena,Iowa City,IA,,,REGULAR_SEASON,,"Iowa 2025-26 media guide, Year-by-Year Scores","3/10 15/-- Wisconsin W, 103-70",resolved,,,,,
1806,IOWARAW-01807,iowa,2025-26_media_guide_year_by_year,1987-1988,1988,1988-03-12,Indiana,Indiana,indiana,Yes,89,116,L,0,,,at,OPPONENT_HOME,,,,,,,REGULAR_SEASON,,"Iowa 2025-26 media guide, Year-by-Year Scores","3/12 15/-- at Indiana L, 89-116",resolved,,,,,
1807,IOWARAW-01808,iowa,2025-26_media_guide_year_by_year,1987-1988,1988,1988-03-18,Florida State,Florida State,florida-state,Yes,102,98,W,0,,,vs.,NEUTRAL,Los Angeles Memorial Sports Arena,Los Angeles Memorial Sports Arena,Los Angeles,CA,NCAA Tournament,,NCAA_TOURNAMENT,R64,"Iowa 2025-26 media guide, Year-by-Year Scores","3/18 15/-- vs. Florida State (n) W, 102-98",resolved,,,,,
1808,IOWARAW-01809,iowa,2025-26_media_guide_year_by_year,1987-1988,1988,1988-03-20,UNLV,UNLV,unlv,Yes,104,86,W,0,,,vs.,NEUTRAL,Pauley Pavilion,Pauley Pavilion,Los Angeles,CA,NCAA Tournament,,NCAA_TOURNAMENT,R32,"Iowa 2025-26 media guide, Year-by-Year Scores","3/20 15/7 vs. UNLV (n) W, 104-86",resolved,,,,,
1809,IOWARAW-01810,iowa,2025-26_media_guide_year_by_year,1987-1988,1988,1988-03-25,Arizona,Arizona,arizona,Yes,79,99,L,0,,,vs.,NEUTRAL,Kingdome,Kingdome,Seattle,WA,NCAA Tournament,,NCAA_TOURNAMENT,Sweet Sixteen,"Iowa 2025-26 media guide, Year-by-Year Scores","3/25 15/3 vs. Arizona (n) L, 79-99",resolved,,,,,
1810,IOWARAW-01811,iowa,2025-26_media_guide_year_by_year,1988-1989,1989,1988-11-26,McNeese State,McNeese State,mcneese-state,Yes,77,56,W,0,,,H,SOURCE_PROGRAM_HOME,Carver-Hawkeye Arena,Carver-Hawkeye Arena,Iowa City,IA,,,REGULAR_SEASON,,"Iowa 2025-26 media guide, Year-by-Year Scores","11/26 7/-- McNeese State W, 77-56",resolved,,,,,
1811,IOWARAW-01812,iowa,2025-26_media_guide_year_by_year,1988-1989,1989,1988-11-29,Drake,Drake,drake,Yes,96,72,W,0,,,at,OPPONENT_HOME,,,,,,,REGULAR_SEASON,,"Iowa 2025-26 media guide, Year-by-Year Scores","11/29 6/-- at Drake W, 96-72",resolved,,,,,
1812,IOWARAW-01813,iowa,2025-26_media_guide_year_by_year,1988-1989,1989,1988-12-02,Brown,Brown,brown,Yes,109,61,W,0,,,H,SOURCE_PROGRAM_HOME,Carver-Hawkeye Arena,Carver-Hawkeye Arena,Iowa City,IA,,,REGULAR_SEASON,,"Iowa 2025-26 media guide, Year-by-Year Scores","12/2 6/-- Brown W, 109-61",resolved,,,,,
1813,IOWARAW-01814,iowa,2025-26_media_guide_year_by_year,1988-1989,1989,1988-12-03,Georgia,Georgia,georgia,Yes,102,76,W,0,,,H,SOURCE_PROGRAM_HOME,Carver-Hawkeye Arena,Carver-Hawkeye Arena,Iowa City,IA,,,REGULAR_SEASON,,"Iowa 2025-26 media guide, Year-by-Year Scores","12/3 6/-- Georgia W, 102-76",resolved,,,,,
1814,IOWARAW-01815,iowa,2025-26_media_guide_year_by_year,1988-1989,1989,1988-12-06,UNI,UNI,northern-iowa,Yes,95,76,W,0,,,H,SOURCE_PROGRAM_HOME,Carver-Hawkeye Arena,Carver-Hawkeye Arena,Iowa City,IA,,,REGULAR_SEASON,,"Iowa 2025-26 media guide, Year-by-Year Scores","12/6 5/-- UNI W, 95-76",resolved,,,,,
1815,IOWARAW-01816,iowa,2025-26_media_guide_year_by_year,1988-1989,1989,1988-12-10,Iowa State,Iowa State,iowa-state,Yes,91,71,W,0,,,H,SOURCE_PROGRAM_HOME,Carver-Hawkeye Arena,Carver-Hawkeye Arena,Iowa City,IA,,,REGULAR_SEASON,,"Iowa 2025-26 media guide, Year-by-Year Scores","12/10 5/-- Iowa State W, 91-71",resolved,,,,,
1816,IOWARAW-01817,iowa,2025-26_media_guide_year_by_year,1988-1989,1989,1988-12-12,Jackson State,Jackson State,jackson-state,Yes,86,71,W,0,,,H,SOURCE_PROGRAM_HOME,Carver-Hawkeye Arena,Carver-Hawkeye Arena,Iowa City,IA,,,REGULAR_SEASON,,"Iowa 2025-26 media guide, Year-by-Year Scores","12/12 4/-- Jackson State W, 86-71",resolved,,,,,
1817,IOWARAW-01818,iowa,2025-26_media_guide_year_by_year,1988-1989,1989,1988-12-14,Central Florida,UCF,ucf,Yes,102,68,W,0,,,H,SOURCE_PROGRAM_HOME,Carver-Hawkeye Arena,Carver-Hawkeye Arena,Iowa City,IA,,,REGULAR_SEASON,,"Iowa 2025-26 media guide, Year-by-Year Scores","12/14 4/-- Central Florida W, 102-68",resolved,,,,,
1818,IOWARAW-01819,iowa,2025-26_media_guide_year_by_year,1988-1989,1989,1988-12-23,Eastern Illinois,Eastern Illinois,eastern-illinois,Yes,89,71,W,0,,,vs.,NEUTRAL,,,,,,,REGULAR_SEASON,,"Iowa 2025-26 media guide, Year-by-Year Scores","12/23 4/-- vs. Eastern Illinois (n) W, 89-71",resolved,,,,,
1819,IOWARAW-01820,iowa,2025-26_media_guide_year_by_year,1988-1989,1989,1988-12-24,Saint Louis,Saint Louis,saint-louis,Yes,83,80,W,0,,,vs.,NEUTRAL,,,,,,,REGULAR_SEASON,,"Iowa 2025-26 media guide, Year-by-Year Scores","12/24 4/-- vs. Saint Louis (n) W, 83-80",resolved,,,,,
1820,IOWARAW-01821,iowa,2025-26_media_guide_year_by_year,1988-1989,1989,1988-12-25,UC-Riverside,UC-Riverside,uc-riverside,Yes,92,110,L,0,,,vs.,NEUTRAL,,,,,,,REGULAR_SEASON,,"Iowa 2025-26 media guide, Year-by-Year Scores","12/25 4/-- vs. UC-Riverside (n) L, 92-110",resolved,,,,,
1821,IOWARAW-01822,iowa,2025-26_media_guide_year_by_year,1988-1989,1989,1988-12-30,SWTexas State,SWTexas State,swtexas-state,No,96,77,W,0,,,H,SOURCE_PROGRAM_HOME,Carver-Hawkeye Arena,Carver-Hawkeye Arena,Iowa City,IA,,,REGULAR_SEASON,,"Iowa 2025-26 media guide, Year-by-Year Scores","12/30 9/-- SWTexas State W, 96-77",resolved,,,,,
1822,IOWARAW-01823,iowa,2025-26_media_guide_year_by_year,1988-1989,1989,1989-01-05,Michigan State,Michigan State,michigan-state,Yes,93,82,W,0,,,at,OPPONENT_HOME,,,,,,,REGULAR_SEASON,,"Iowa 2025-26 media guide, Year-by-Year Scores","1/5 9/-- at Michigan State W, 93-82",resolved,,,,,
1823,IOWARAW-01824,iowa,2025-26_media_guide_year_by_year,1988-1989,1989,1989-01-07,North Carolina,North Carolina,north-carolina,Yes,98,97,W,0,,,at,OPPONENT_HOME,,,,,,,REGULAR_SEASON,,"Iowa 2025-26 media guide, Year-by-Year Scores","1/7 9/6 at North Carolina W, 98-97",resolved,,,,,
1824,IOWARAW-01825,iowa,2025-26_media_guide_year_by_year,1988-1989,1989,1989-01-14,Minnesota,Minnesota,minnesota,Yes,78,80,L,0,,,at,OPPONENT_HOME,,,,,,,REGULAR_SEASON,,"Iowa 2025-26 media guide, Year-by-Year Scores","1/14 5/-- at Minnesota L, 78-80",resolved,,,,,
1825,IOWARAW-01826,iowa,2025-26_media_guide_year_by_year,1988-1989,1989,1989-01-19,Ohio State,Ohio State,ohio-state,Yes,91,102,L,0,,,at,OPPONENT_HOME,,,,,,,REGULAR_SEASON,,"Iowa 2025-26 media guide, Year-by-Year Scores","1/19 7/16 at Ohio State L, 91-102",resolved,,,,,
1826,IOWARAW-01827,iowa,2025-26_media_guide_year_by_year,1988-1989,1989,1989-01-21,Purdue,Purdue,purdue,Yes,67,66,W,0,,,at,OPPONENT_HOME,,,,,,,REGULAR_SEASON,,"Iowa 2025-26 media guide, Year-by-Year Scores","1/21 7/-- at Purdue W, 67-66",resolved,,,,,
1827,IOWARAW-01828,iowa,2025-26_media_guide_year_by_year,1988-1989,1989,1989-01-26,Wisconsin,Wisconsin,wisconsin,Yes,78,70,W,0,,,H,SOURCE_PROGRAM_HOME,Carver-Hawkeye Arena,Carver-Hawkeye Arena,Iowa City,IA,,,REGULAR_SEASON,,"Iowa 2025-26 media guide, Year-by-Year Scores","1/26 12/-- Wisconsin W, 78-70",resolved,,,,,
1828,IOWARAW-01829,iowa,2025-26_media_guide_year_by_year,1988-1989,1989,1989-01-30,Indiana,Indiana,indiana,Yes,89,104,L,0,,,at,OPPONENT_HOME,,,,,,,REGULAR_SEASON,,"Iowa 2025-26 media guide, Year-by-Year Scores","1/30 9/17 at Indiana L, 89-104",resolved,,,,,
1829,IOWARAW-01830,iowa,2025-26_media_guide_year_by_year,1988-1989,1989,1989-02-02,Northwestern,Northwestern,northwestern,Yes,102,84,W,0,,,H,SOURCE_PROGRAM_HOME,Carver-Hawkeye Arena,Carver-Hawkeye Arena,Iowa City,IA,,,REGULAR_SEASON,,"Iowa 2025-26 media guide, Year-by-Year Scores","2/2 9/-- Northwestern W, 102-84",resolved,,,,,
1830,IOWARAW-01831,iowa,2025-26_media_guide_year_by_year,1988-1989,1989,1989-02-05,Illinois,Illinois,illinois,Yes,86,82,W,0,,,H,SOURCE_PROGRAM_HOME,Carver-Hawkeye Arena,Carver-Hawkeye Arena,Iowa City,IA,,,REGULAR_SEASON,,"Iowa 2025-26 media guide, Year-by-Year Scores","2/5 9/2 Illinois W, 86-82",resolved,,,,,
1831,IOWARAW-01832,iowa,2025-26_media_guide_year_by_year,1988-1989,1989,1989-02-09,Michigan,Michigan,michigan,Yes,107,108,L,2,,,H,SOURCE_PROGRAM_HOME,Carver-Hawkeye Arena,Carver-Hawkeye Arena,Iowa City,IA,,,REGULAR_SEASON,,"Iowa 2025-26 media guide, Year-by-Year Scores","2/9 8/10 Michigan## L, 107-108",resolved,,,,,
1832,IOWARAW-01833,iowa,2025-26_media_guide_year_by_year,1988-1989,1989,1989-02-11,Wisconsin,Wisconsin,wisconsin,Yes,54,65,L,0,,,H,SOURCE_PROGRAM_HOME,Carver-Hawkeye Arena,Carver-Hawkeye Arena,Iowa City,IA,,,REGULAR_SEASON,,"Iowa 2025-26 media guide, Year-by-Year Scores","2/11 8/-- atWisconsin L, 54-65",resolved,,,,,
1833,IOWARAW-01834,iowa,2025-26_media_guide_year_by_year,1988-1989,1989,1989-02-13,Ohio State,Ohio State,ohio-state,Yes,83,75,W,0,,,H,SOURCE_PROGRAM_HOME,Carver-Hawkeye Arena,Carver-Hawkeye Arena,Iowa City,IA,,,REGULAR_SEASON,,"Iowa 2025-26 media guide, Year-by-Year Scores","2/13 15/16 Ohio State W, 83-75",resolved,,,,,
1834,IOWARAW-01835,iowa,2025-26_media_guide_year_by_year,1988-1989,1989,1989-02-18,Minnesota,Minnesota,minnesota,Yes,99,61,W,0,,,H,SOURCE_PROGRAM_HOME,Carver-Hawkeye Arena,Carver-Hawkeye Arena,Iowa City,IA,,,REGULAR_SEASON,,"Iowa 2025-26 media guide, Year-by-Year Scores","2/18 15/-- Minnesota W, 99-61",resolved,,,,,
1835,IOWARAW-01836,iowa,2025-26_media_guide_year_by_year,1988-1989,1989,1989-02-22,Northwestern,Northwestern,northwestern,Yes,89,84,W,0,,,at,OPPONENT_HOME,,,,,,,REGULAR_SEASON,,"Iowa 2025-26 media guide, Year-by-Year Scores","2/22 14/-- at Northwestern W, 89-84",resolved,,,,,
1836,IOWARAW-01837,iowa,2025-26_media_guide_year_by_year,1988-1989,1989,1989-02-26,Purdue,Purdue,purdue,Yes,84,67,W,0,,,H,SOURCE_PROGRAM_HOME,Carver-Hawkeye Arena,Carver-Hawkeye Arena,Iowa City,IA,,,REGULAR_SEASON,,"Iowa 2025-26 media guide, Year-by-Year Scores","2/26 14/-- Purdue W, 84-67",resolved,,,,,
1837,IOWARAW-01838,iowa,2025-26_media_guide_year_by_year,1988-1989,1989,1989-03-02,Michigan State,Michigan State,michigan-state,Yes,81,83,L,0,,,H,SOURCE_PROGRAM_HOME,Carver-Hawkeye Arena,Carver-Hawkeye Arena,Iowa City,IA,,,REGULAR_SEASON,,"Iowa 2025-26 media guide, Year-by-Year Scores","3/2 11/-- Michigan State L, 81-83",resolved,,,,,
1838,IOWARAW-01839,iowa,2025-26_media_guide_year_by_year,1988-1989,1989,1989-03-04,Michigan,Michigan,michigan,Yes,96,119,L,0,,,at,OPPONENT_HOME,,,,,,,REGULAR_SEASON,,"Iowa 2025-26 media guide, Year-by-Year Scores","3/4 11/10 at Michigan L, 96-119",resolved,,,,,
1839,IOWARAW-01840,iowa,2025-26_media_guide_year_by_year,1988-1989,1989,1989-03-08,Illinois,Illinois,illinois,Yes,94,118,L,0,,,at,OPPONENT_HOME,,,,,,,REGULAR_SEASON,,"Iowa 2025-26 media guide, Year-by-Year Scores","3/8 15/4 at Illinois L, 94-118",resolved,,,,,
1840,IOWARAW-01841,iowa,2025-26_media_guide_year_by_year,1988-1989,1989,1989-03-11,Indiana,Indiana,indiana,Yes,87,70,W,0,,,H,SOURCE_PROGRAM_HOME,Carver-Hawkeye Arena,Carver-Hawkeye Arena,Iowa City,IA,,,REGULAR_SEASON,,"Iowa 2025-26 media guide, Year-by-Year Scores","3/11 15/6 Indiana W, 87-70",resolved,,,,,
1841,IOWARAW-01842,iowa,2025-26_media_guide_year_by_year,1988-1989,1989,1989-03-17,Rutgers,Rutgers,rutgers,Yes,87,73,W,0,,,vs.,NEUTRAL,Providence Civic Center,Providence Civic Center,Providence,RI,NCAA Tournament,,NCAA_TOURNAMENT,R64,"Iowa 2025-26 media guide, Year-by-Year Scores","3/17		 vs. Rutgers (n) W, 87-73",resolved,,,,,
1842,IOWARAW-01843,iowa,2025-26_media_guide_year_by_year,1988-1989,1989,1989-03-19,N.C. State,NC State,nc-state,Yes,96,102,L,2,,,vs.,NEUTRAL,Providence Civic Center,Providence Civic Center,Providence,RI,NCAA Tournament,,NCAA_TOURNAMENT,R32,"Iowa 2025-26 media guide, Year-by-Year Scores","3/19 15/17 vs. N.C. State (n)## L, 96-102",resolved,,,,,
1843,IOWARAW-01844,iowa,2025-26_media_guide_year_by_year,1989-1990,1990,1989-11-24,Texas Southern,Texas Southern,texas-southern,Yes,80,64,W,0,,,H,SOURCE_PROGRAM_HOME,Carver-Hawkeye Arena,Carver-Hawkeye Arena,Iowa City,IA,,,REGULAR_SEASON,,"Iowa 2025-26 media guide, Year-by-Year Scores","11/24		 Texas Southern W, 80-64",resolved,,,,,
1844,IOWARAW-01845,iowa,2025-26_media_guide_year_by_year,1989-1990,1990,1989-11-28,Drake,Drake,drake,Yes,68,54,W,0,,,H,SOURCE_PROGRAM_HOME,Carver-Hawkeye Arena,Carver-Hawkeye Arena,Iowa City,IA,,,REGULAR_SEASON,,"Iowa 2025-26 media guide, Year-by-Year Scores","11/28		 Drake W, 68-54",resolved,,,,,
1845,IOWARAW-01846,iowa,2025-26_media_guide_year_by_year,1989-1990,1990,1989-12-01,Ohio University,Ohio University,ohio-university,Yes,75,49,W,0,,,H,SOURCE_PROGRAM_HOME,Carver-Hawkeye Arena,Carver-Hawkeye Arena,Iowa City,IA,,,REGULAR_SEASON,,"Iowa 2025-26 media guide, Year-by-Year Scores","12/1		 Ohio University W, 75-49",resolved,,,,,
1846,IOWARAW-01847,iowa,2025-26_media_guide_year_by_year,1989-1990,1990,1989-12-02,UC-Santa Barbara,UC-Santa Barbara,uc-santa-barbara,Yes,85,79,W,0,,,H,SOURCE_PROGRAM_HOME,Carver-Hawkeye Arena,Carver-Hawkeye Arena,Iowa City,IA,,,REGULAR_SEASON,,"Iowa 2025-26 media guide, Year-by-Year Scores","12/2		 UC-Santa Barbara W, 85-79",resolved,,,,,
1847,IOWARAW-01848,iowa,2025-26_media_guide_year_by_year,1989-1990,1990,1989-12-07,Iowa State,Iowa State,iowa-state,Yes,89,87,W,0,,,at,OPPONENT_HOME,,,,,,,REGULAR_SEASON,,"Iowa 2025-26 media guide, Year-by-Year Scores","12/7		 at Iowa State W, 89-87",resolved,,,,,
1848,IOWARAW-01849,iowa,2025-26_media_guide_year_by_year,1989-1990,1990,1989-12-09,North Carolina,North Carolina,north-carolina,Yes,87,74,W,0,,,H,SOURCE_PROGRAM_HOME,Carver-Hawkeye Arena,Carver-Hawkeye Arena,Iowa City,IA,,,REGULAR_SEASON,,"Iowa 2025-26 media guide, Year-by-Year Scores","12/9 --/17 North Carolina W, 87-74",resolved,,,,,
1849,IOWARAW-01850,iowa,2025-26_media_guide_year_by_year,1989-1990,1990,1989-12-18,Drexel,Drexel,drexel,Yes,59,50,W,0,,,H,SOURCE_PROGRAM_HOME,Carver-Hawkeye Arena,Carver-Hawkeye Arena,Iowa City,IA,,,REGULAR_SEASON,,"Iowa 2025-26 media guide, Year-by-Year Scores","12/18 21/-- Drexel W, 59-50",resolved,,,,,
1850,IOWARAW-01851,iowa,2025-26_media_guide_year_by_year,1989-1990,1990,1989-12-23,UNLV,UNLV,unlv,Yes,80,97,L,0,,,at,OPPONENT_HOME,,,,,,,REGULAR_SEASON,,"Iowa 2025-26 media guide, Year-by-Year Scores","12/23 16/13 at UNLV L, 80-97",resolved,,,,,
1851,IOWARAW-01852,iowa,2025-26_media_guide_year_by_year,1989-1990,1990,1989-12-30,Monmouth (NJ),Monmouth,monmouth,Yes,55,46,W,0,,,H,SOURCE_PROGRAM_HOME,Carver-Hawkeye Arena,Carver-Hawkeye Arena,Iowa City,IA,,,REGULAR_SEASON,,"Iowa 2025-26 media guide, Year-by-Year Scores","12/30 18/-- Monmouth (NJ) W, 55-46",resolved,,,,,
1852,IOWARAW-01853,iowa,2025-26_media_guide_year_by_year,1989-1990,1990,1990-01-03,UNI,UNI,northern-iowa,Yes,74,77,L,0,,,at,OPPONENT_HOME,,,,,,,REGULAR_SEASON,,"Iowa 2025-26 media guide, Year-by-Year Scores","1/3 20/-- at UNI L, 74-77",resolved,,,,,
1853,IOWARAW-01854,iowa,2025-26_media_guide_year_by_year,1989-1990,1990,1990-01-06,Ohio State,Ohio State,ohio-state,Yes,73,79,L,0,,,H,SOURCE_PROGRAM_HOME,Carver-Hawkeye Arena,Carver-Hawkeye Arena,Iowa City,IA,,,REGULAR_SEASON,,"Iowa 2025-26 media guide, Year-by-Year Scores","1/6		 Ohio State L, 73-79",resolved,,,,,
1854,IOWARAW-01855,iowa,2025-26_media_guide_year_by_year,1989-1990,1990,1990-01-11,Wisconsin,Wisconsin,wisconsin,Yes,69,73,L,1,,,H,SOURCE_PROGRAM_HOME,Carver-Hawkeye Arena,Carver-Hawkeye Arena,Iowa City,IA,,,REGULAR_SEASON,,"Iowa 2025-26 media guide, Year-by-Year Scores","1/11		 atWisconsin# L, 69-73",resolved,,,,,
1855,IOWARAW-01856,iowa,2025-26_media_guide_year_by_year,1989-1990,1990,1990-01-13,Michigan State,Michigan State,michigan-state,Yes,80,87,L,0,,,at,OPPONENT_HOME,,,,,,,REGULAR_SEASON,,"Iowa 2025-26 media guide, Year-by-Year Scores","1/13		 at Michigan State L, 80-87",resolved,,,,,
1856,IOWARAW-01857,iowa,2025-26_media_guide_year_by_year,1989-1990,1990,1990-01-18,Indiana,Indiana,indiana,Yes,79,83,L,0,,,H,SOURCE_PROGRAM_HOME,Carver-Hawkeye Arena,Carver-Hawkeye Arena,Iowa City,IA,,,REGULAR_SEASON,,"Iowa 2025-26 media guide, Year-by-Year Scores","1/18 --/14 Indiana L, 79-83",resolved,,,,,
1857,IOWARAW-01858,iowa,2025-26_media_guide_year_by_year,1989-1990,1990,1990-01-20,Michigan,Michigan,michigan,Yes,78,76,W,1,,,H,SOURCE_PROGRAM_HOME,Carver-Hawkeye Arena,Carver-Hawkeye Arena,Iowa City,IA,,,REGULAR_SEASON,,"Iowa 2025-26 media guide, Year-by-Year Scores","1/20 --/6 Michigan# W, 78-76",resolved,,,,,
1858,IOWARAW-01859,iowa,2025-26_media_guide_year_by_year,1989-1990,1990,1990-01-25,Minnesota,Minnesota,minnesota,Yes,72,84,L,0,,,at,OPPONENT_HOME,,,,,,,REGULAR_SEASON,,"Iowa 2025-26 media guide, Year-by-Year Scores","1/25 --/21 at Minnesota L, 72-84",resolved,,,,,
1859,IOWARAW-01860,iowa,2025-26_media_guide_year_by_year,1989-1990,1990,1990-01-27,Purdue,Purdue,purdue,Yes,59,80,L,0,,,at,OPPONENT_HOME,,,,,,,REGULAR_SEASON,,"Iowa 2025-26 media guide, Year-by-Year Scores","1/27 --/13 at Purdue L, 59-80",resolved,,,,,
1860,IOWARAW-01861,iowa,2025-26_media_guide_year_by_year,1989-1990,1990,1990-01-29,Illinois,Illinois,illinois,Yes,69,67,W,0,,,H,SOURCE_PROGRAM_HOME,Carver-Hawkeye Arena,Carver-Hawkeye Arena,Iowa City,IA,,,REGULAR_SEASON,,"Iowa 2025-26 media guide, Year-by-Year Scores","1/29 --/11 Illinois W, 69-67",resolved,,,,,
1861,IOWARAW-01862,iowa,2025-26_media_guide_year_by_year,1989-1990,1990,1990-02-03,Northwestern,Northwestern,northwestern,Yes,98,80,W,0,,,H,SOURCE_PROGRAM_HOME,Carver-Hawkeye Arena,Carver-Hawkeye Arena,Iowa City,IA,,,REGULAR_SEASON,,"Iowa 2025-26 media guide, Year-by-Year Scores","2/3		 Northwestern W, 98-80",resolved,,,,,
1862,IOWARAW-01863,iowa,2025-26_media_guide_year_by_year,1989-1990,1990,1990-02-08,Ohio State,Ohio State,ohio-state,Yes,80,98,L,0,,,at,OPPONENT_HOME,,,,,,,REGULAR_SEASON,,"Iowa 2025-26 media guide, Year-by-Year Scores","2/8		 at Ohio State L, 80-98",resolved,,,,,
1863,IOWARAW-01864,iowa,2025-26_media_guide_year_by_year,1989-1990,1990,1990-02-10,Wisconsin,Wisconsin,wisconsin,Yes,71,80,L,0,,,H,SOURCE_PROGRAM_HOME,Carver-Hawkeye Arena,Carver-Hawkeye Arena,Iowa City,IA,,,REGULAR_SEASON,,"Iowa 2025-26 media guide, Year-by-Year Scores","2/10		 Wisconsin L, 71-80",resolved,,,,,
1864,IOWARAW-01865,iowa,2025-26_media_guide_year_by_year,1989-1990,1990,1990-02-12,Michigan State,Michigan State,michigan-state,Yes,70,80,L,0,,,H,SOURCE_PROGRAM_HOME,Carver-Hawkeye Arena,Carver-Hawkeye Arena,Iowa City,IA,,,REGULAR_SEASON,,"Iowa 2025-26 media guide, Year-by-Year Scores","2/12 --/21 Michigan State L, 70-80",resolved,,,,,
1865,IOWARAW-01866,iowa,2025-26_media_guide_year_by_year,1989-1990,1990,1990-02-17,Indiana,Indiana,indiana,Yes,71,118,L,0,,,at,OPPONENT_HOME,,,,,,,REGULAR_SEASON,,"Iowa 2025-26 media guide, Year-by-Year Scores","2/17		 at Indiana L, 71-118",resolved,,,,,
1866,IOWARAW-01867,iowa,2025-26_media_guide_year_by_year,1989-1990,1990,1990-02-22,Northwestern,Northwestern,northwestern,Yes,66,72,L,0,,,at,OPPONENT_HOME,,,,,,,REGULAR_SEASON,,"Iowa 2025-26 media guide, Year-by-Year Scores","2/22		 at Northwestern L, 66-72",resolved,,,,,
1867,IOWARAW-01868,iowa,2025-26_media_guide_year_by_year,1989-1990,1990,1990-02-24,Minnesota,Minnesota,minnesota,Yes,80,102,L,0,,,H,SOURCE_PROGRAM_HOME,Carver-Hawkeye Arena,Carver-Hawkeye Arena,Iowa City,IA,,,REGULAR_SEASON,,"Iowa 2025-26 media guide, Year-by-Year Scores","2/24 --/18 Minnesota L, 80-102",resolved,,,,,
1868,IOWARAW-01869,iowa,2025-26_media_guide_year_by_year,1989-1990,1990,1990-02-28,Purdue,Purdue,purdue,Yes,64,63,W,0,,,H,SOURCE_PROGRAM_HOME,Carver-Hawkeye Arena,Carver-Hawkeye Arena,Iowa City,IA,,,REGULAR_SEASON,,"Iowa 2025-26 media guide, Year-by-Year Scores","2/28 --/9 Purdue W, 64-63",resolved,,,,,
1869,IOWARAW-01870,iowa,2025-26_media_guide_year_by_year,1989-1990,1990,1990-03-04,Illinois,Illinois,illinois,Yes,85,118,L,0,,,at,OPPONENT_HOME,,,,,,,REGULAR_SEASON,,"Iowa 2025-26 media guide, Year-by-Year Scores","3/4 --/18 at Illinois L, 85-118",resolved,,,,,
1870,IOWARAW-01871,iowa,2025-26_media_guide_year_by_year,1989-1990,1990,1990-03-10,Michigan,Michigan,michigan,Yes,96,127,L,0,,,at,OPPONENT_HOME,,,,,,,REGULAR_SEASON,,"Iowa 2025-26 media guide, Year-by-Year Scores","3/10		 at Michigan L, 96-127",resolved,,,,,
1871,IOWARAW-01872,iowa,2025-26_media_guide_year_by_year,1990-1991,1991,1990-11-15,Temple,Temple,temple,No,73,71,W,0,,,H,SOURCE_PROGRAM_HOME,Carver-Hawkeye Arena,Carver-Hawkeye Arena,Iowa City,IA,,,REGULAR_SEASON,,"Iowa 2025-26 media guide, Year-by-Year Scores","11/15 --/19 Temple W, 73-71",resolved,,,,,
1872,IOWARAW-01873,iowa,2025-26_media_guide_year_by_year,1990-1991,1991,1990-11-17,Notre Dame,Notre Dame,notre-dame,Yes,68,77,L,0,,,at,OPPONENT_HOME,,,,,,,REGULAR_SEASON,,"Iowa 2025-26 media guide, Year-by-Year Scores","11/17		 at Notre Dame L, 68-77",resolved,,,,,
1873,IOWARAW-01874,iowa,2025-26_media_guide_year_by_year,1990-1991,1991,1990-11-27,Drake,Drake,drake,Yes,80,61,W,0,,,at,OPPONENT_HOME,,,,,,,REGULAR_SEASON,,"Iowa 2025-26 media guide, Year-by-Year Scores","11/27		 at Drake W, 80-61",resolved,,,,,
1874,IOWARAW-01875,iowa,2025-26_media_guide_year_by_year,1990-1991,1991,1990-11-30,Colgate,Colgate,colgate,Yes,80,59,W,0,,,H,SOURCE_PROGRAM_HOME,Carver-Hawkeye Arena,Carver-Hawkeye Arena,Iowa City,IA,,,REGULAR_SEASON,,"Iowa 2025-26 media guide, Year-by-Year Scores","11/30		 Colgate W, 80-59",resolved,,,,,
1875,IOWARAW-01876,iowa,2025-26_media_guide_year_by_year,1990-1991,1991,1990-12-01,Creighton,Creighton,creighton,Yes,83,77,W,0,,,H,SOURCE_PROGRAM_HOME,Carver-Hawkeye Arena,Carver-Hawkeye Arena,Iowa City,IA,,,REGULAR_SEASON,,"Iowa 2025-26 media guide, Year-by-Year Scores","12/1		 Creighton W, 83-77",resolved,,,,,
1876,IOWARAW-01877,iowa,2025-26_media_guide_year_by_year,1990-1991,1991,1990-12-04,UNI,UNI,northern-iowa,Yes,72,68,W,0,,,H,SOURCE_PROGRAM_HOME,Carver-Hawkeye Arena,Carver-Hawkeye Arena,Iowa City,IA,,,REGULAR_SEASON,,"Iowa 2025-26 media guide, Year-by-Year Scores","12/4		 UNI W, 72-68",resolved,,,,,
1877,IOWARAW-01878,iowa,2025-26_media_guide_year_by_year,1990-1991,1991,1990-12-08,Iowa State,Iowa State,iowa-state,Yes,75,73,W,0,,,H,SOURCE_PROGRAM_HOME,Carver-Hawkeye Arena,Carver-Hawkeye Arena,Iowa City,IA,,,REGULAR_SEASON,,"Iowa 2025-26 media guide, Year-by-Year Scores","12/8		 Iowa State W, 75-73",resolved,,,,,
1878,IOWARAW-01879,iowa,2025-26_media_guide_year_by_year,1990-1991,1991,1990-12-15,UMBC,UMBC,umbc,Yes,98,81,W,0,,,H,SOURCE_PROGRAM_HOME,Carver-Hawkeye Arena,Carver-Hawkeye Arena,Iowa City,IA,,,REGULAR_SEASON,,"Iowa 2025-26 media guide, Year-by-Year Scores","12/15		 UMBC W, 98-81",resolved,,,,,
1879,IOWARAW-01880,iowa,2025-26_media_guide_year_by_year,1990-1991,1991,1990-12-18,Chicago State,Chicago State,chicago-state,Yes,93,70,W,0,,,H,SOURCE_PROGRAM_HOME,Carver-Hawkeye Arena,Carver-Hawkeye Arena,Iowa City,IA,,,REGULAR_SEASON,,"Iowa 2025-26 media guide, Year-by-Year Scores","12/18		 Chicago State W, 93-70",resolved,,,,,
1880,IOWARAW-01881,iowa,2025-26_media_guide_year_by_year,1990-1991,1991,1990-12-22,UCLA,UCLA,ucla,Yes,88,71,W,0,,,H,SOURCE_PROGRAM_HOME,Carver-Hawkeye Arena,Carver-Hawkeye Arena,Iowa City,IA,,,REGULAR_SEASON,,"Iowa 2025-26 media guide, Year-by-Year Scores","12/22 --/5 UCLA W, 88-71",resolved,,,,,
1881,IOWARAW-01882,iowa,2025-26_media_guide_year_by_year,1990-1991,1991,1990-12-28,Hawaii-Hilo,Hawai'i Hilo,hawaii-hilo,No,78,65,W,0,,,at,OPPONENT_HOME,,,,,,,REGULAR_SEASON,,"Iowa 2025-26 media guide, Year-by-Year Scores","12/28 23/-- at Hawaii-Hilo W, 78-65",resolved,,,,,
1882,IOWARAW-01883,iowa,2025-26_media_guide_year_by_year,1990-1991,1991,1990-12-30,Chaminade,Chaminade,chaminade,No,104,64,W,0,,,at,OPPONENT_HOME,,,,,,,REGULAR_SEASON,,"Iowa 2025-26 media guide, Year-by-Year Scores","12/30 23/-- at Chaminade W, 104-64",resolved,,,,,
1883,IOWARAW-01884,iowa,2025-26_media_guide_year_by_year,1990-1991,1991,1991-01-03,Ohio State,Ohio State,ohio-state,Yes,59,63,L,0,,,at,OPPONENT_HOME,,,,,,,REGULAR_SEASON,,"Iowa 2025-26 media guide, Year-by-Year Scores","1/3 22/6 at Ohio State L, 59-63",resolved,,,,,
1884,IOWARAW-01885,iowa,2025-26_media_guide_year_by_year,1990-1991,1991,1991-01-05,Michigan State,Michigan State,michigan-state,Yes,79,66,W,0,,,H,SOURCE_PROGRAM_HOME,Carver-Hawkeye Arena,Carver-Hawkeye Arena,Iowa City,IA,,,REGULAR_SEASON,,"Iowa 2025-26 media guide, Year-by-Year Scores","1/5 22/25 Michigan State W, 79-66",resolved,,,,,
1885,IOWARAW-01886,iowa,2025-26_media_guide_year_by_year,1990-1991,1991,1991-01-10,Michigan,Michigan,michigan,Yes,79,78,W,0,,,H,SOURCE_PROGRAM_HOME,Carver-Hawkeye Arena,Carver-Hawkeye Arena,Iowa City,IA,,,REGULAR_SEASON,,"Iowa 2025-26 media guide, Year-by-Year Scores","1/10 22/-- Michigan W, 79-78",resolved,,,,,
1886,IOWARAW-01887,iowa,2025-26_media_guide_year_by_year,1990-1991,1991,1991-01-12,Minnesota,Minnesota,minnesota,Yes,77,79,L,0,,,at,OPPONENT_HOME,,,,,,,REGULAR_SEASON,,"Iowa 2025-26 media guide, Year-by-Year Scores","1/12 22/-- at Minnesota L, 77-79",resolved,,,,,
1887,IOWARAW-01888,iowa,2025-26_media_guide_year_by_year,1990-1991,1991,1991-01-17,Wisconsin,Wisconsin,wisconsin,Yes,79,91,L,0,,,H,SOURCE_PROGRAM_HOME,Carver-Hawkeye Arena,Carver-Hawkeye Arena,Iowa City,IA,,,REGULAR_SEASON,,"Iowa 2025-26 media guide, Year-by-Year Scores","1/17 24/-- atWisconsin L, 79-91",resolved,,,,,
1888,IOWARAW-01889,iowa,2025-26_media_guide_year_by_year,1990-1991,1991,1991-01-19,Indiana,Indiana,indiana,Yes,79,99,L,0,,,H,SOURCE_PROGRAM_HOME,Carver-Hawkeye Arena,Carver-Hawkeye Arena,Iowa City,IA,,,REGULAR_SEASON,,"Iowa 2025-26 media guide, Year-by-Year Scores","1/19 24/3 Indiana L, 79-99",resolved,,,,,
1889,IOWARAW-01890,iowa,2025-26_media_guide_year_by_year,1990-1991,1991,1991-01-28,Illinois,Illinois,illinois,Yes,50,53,L,0,,,at,OPPONENT_HOME,,,,,,,REGULAR_SEASON,,"Iowa 2025-26 media guide, Year-by-Year Scores","1/28		 at Illinois L, 50-53",resolved,,,,,
1890,IOWARAW-01891,iowa,2025-26_media_guide_year_by_year,1990-1991,1991,1991-01-31,Purdue,Purdue,purdue,Yes,78,69,W,0,,,at,OPPONENT_HOME,,,,,,,REGULAR_SEASON,,"Iowa 2025-26 media guide, Year-by-Year Scores","1/31		 at Purdue W, 78-69",resolved,,,,,
1891,IOWARAW-01892,iowa,2025-26_media_guide_year_by_year,1990-1991,1991,1991-02-02,Northwestern,Northwestern,northwestern,Yes,82,66,W,0,,,H,SOURCE_PROGRAM_HOME,Carver-Hawkeye Arena,Carver-Hawkeye Arena,Iowa City,IA,,,REGULAR_SEASON,,"Iowa 2025-26 media guide, Year-by-Year Scores","2/2		 Northwestern W, 82-66",resolved,,,,,
1892,IOWARAW-01893,iowa,2025-26_media_guide_year_by_year,1990-1991,1991,1991-02-07,Michigan State,Michigan State,michigan-state,Yes,71,67,W,0,,,at,OPPONENT_HOME,,,,,,,REGULAR_SEASON,,"Iowa 2025-26 media guide, Year-by-Year Scores","2/7 --/25 at Michigan State W, 71-67",resolved,,,,,
1893,IOWARAW-01894,iowa,2025-26_media_guide_year_by_year,1990-1991,1991,1991-02-09,Michigan,Michigan,michigan,Yes,70,84,L,0,,,at,OPPONENT_HOME,,,,,,,REGULAR_SEASON,,"Iowa 2025-26 media guide, Year-by-Year Scores","2/9		 at Michigan L, 70-84",resolved,,,,,
1894,IOWARAW-01895,iowa,2025-26_media_guide_year_by_year,1990-1991,1991,1991-02-14,Minnesota,Minnesota,minnesota,Yes,82,69,W,0,,,H,SOURCE_PROGRAM_HOME,Carver-Hawkeye Arena,Carver-Hawkeye Arena,Iowa City,IA,,,REGULAR_SEASON,,"Iowa 2025-26 media guide, Year-by-Year Scores","2/14		 Minnesota W, 82-69",resolved,,,,,
1895,IOWARAW-01896,iowa,2025-26_media_guide_year_by_year,1990-1991,1991,1991-02-16,Wisconsin,Wisconsin,wisconsin,Yes,55,56,L,0,,,H,SOURCE_PROGRAM_HOME,Carver-Hawkeye Arena,Carver-Hawkeye Arena,Iowa City,IA,,,REGULAR_SEASON,,"Iowa 2025-26 media guide, Year-by-Year Scores","2/16		 Wisconsin L, 55-56",resolved,,,,,
1896,IOWARAW-01897,iowa,2025-26_media_guide_year_by_year,1990-1991,1991,1991-02-21,Indiana,Indiana,indiana,Yes,80,79,W,1,,,at,OPPONENT_HOME,,,,,,,REGULAR_SEASON,,"Iowa 2025-26 media guide, Year-by-Year Scores","2/21 --/4 at Indiana# W, 80-79",resolved,,,,,
1897,IOWARAW-01898,iowa,2025-26_media_guide_year_by_year,1990-1991,1991,1991-02-23,Illinois,Illinois,illinois,Yes,74,79,L,0,,,H,SOURCE_PROGRAM_HOME,Carver-Hawkeye Arena,Carver-Hawkeye Arena,Iowa City,IA,,,REGULAR_SEASON,,"Iowa 2025-26 media guide, Year-by-Year Scores","2/23		 Illinois L, 74-79",resolved,,,,,
1898,IOWARAW-01899,iowa,2025-26_media_guide_year_by_year,1990-1991,1991,1991-03-02,Purdue,Purdue,purdue,Yes,65,70,L,0,,,H,SOURCE_PROGRAM_HOME,Carver-Hawkeye Arena,Carver-Hawkeye Arena,Iowa City,IA,,,REGULAR_SEASON,,"Iowa 2025-26 media guide, Year-by-Year Scores","3/2		 Purdue L, 65-70",resolved,,,,,
1899,IOWARAW-01900,iowa,2025-26_media_guide_year_by_year,1990-1991,1991,1991-03-07,Northwestern,Northwestern,northwestern,Yes,79,76,W,0,,,at,OPPONENT_HOME,,,,,,,REGULAR_SEASON,,"Iowa 2025-26 media guide, Year-by-Year Scores","3/7		 at Northwestern W, 79-76",resolved,,,,,
1900,IOWARAW-01901,iowa,2025-26_media_guide_year_by_year,1990-1991,1991,1991-03-10,Ohio State,Ohio State,ohio-state,Yes,80,69,W,0,,,H,SOURCE_PROGRAM_HOME,Carver-Hawkeye Arena,Carver-Hawkeye Arena,Iowa City,IA,,,REGULAR_SEASON,,"Iowa 2025-26 media guide, Year-by-Year Scores","3/10 --/2 Ohio State W, 80-69",resolved,,,,,
1901,IOWARAW-01902,iowa,2025-26_media_guide_year_by_year,1990-1991,1991,1991-03-14,East Tennessee State,East Tennessee State,east-tennessee-state,Yes,76,73,W,0,,,vs.,NEUTRAL,Hubert H. Humphrey Metrodome,Hubert H. Humphrey Metrodome,Minneapolis,MN,NCAA Tournament,,NCAA_TOURNAMENT,R64,"Iowa 2025-26 media guide, Year-by-Year Scores","3/14		 vs. EastTennessee State (n) W, 76-73",resolved,,,,,
1902,IOWARAW-01903,iowa,2025-26_media_guide_year_by_year,1990-1991,1991,1991-03-16,Duke,Duke,duke,Yes,70,85,L,0,,,vs.,NEUTRAL,Hubert H. Humphrey Metrodome,Hubert H. Humphrey Metrodome,Minneapolis,MN,NCAA Tournament,,NCAA_TOURNAMENT,R32,"Iowa 2025-26 media guide, Year-by-Year Scores","3/16 --/6 vs. Duke (n) L, 70-85",resolved,,,,,
1903,IOWARAW-01904,iowa,2025-26_media_guide_year_by_year,1991-1992,1992,1991-11-23,UMES,Maryland Eastern Shore,maryland-eastern-shore,Yes,101,45,W,0,,,H,SOURCE_PROGRAM_HOME,Carver-Hawkeye Arena,Carver-Hawkeye Arena,Iowa City,IA,,,REGULAR_SEASON,,"Iowa 2025-26 media guide, Year-by-Year Scores","11/23 21/-- UMES W, 101-45",resolved,,,,,
1904,IOWARAW-01905,iowa,2025-26_media_guide_year_by_year,1991-1992,1992,1991-11-26,Western Illinois,Western Illinois,western-illinois,Yes,95,58,W,0,,,H,SOURCE_PROGRAM_HOME,Carver-Hawkeye Arena,Carver-Hawkeye Arena,Iowa City,IA,,,REGULAR_SEASON,,"Iowa 2025-26 media guide, Year-by-Year Scores","11/26 21/-- Western Illinois W, 95-58",resolved,,,,,
1905,IOWARAW-01906,iowa,2025-26_media_guide_year_by_year,1991-1992,1992,1991-12-03,Drake,Drake,drake,Yes,83,56,W,0,,,H,SOURCE_PROGRAM_HOME,Carver-Hawkeye Arena,Carver-Hawkeye Arena,Iowa City,IA,,,REGULAR_SEASON,,"Iowa 2025-26 media guide, Year-by-Year Scores","12/3 21/-- Drake W, 83-56",resolved,,,,,
1906,IOWARAW-01907,iowa,2025-26_media_guide_year_by_year,1991-1992,1992,1991-12-06,Army,Army,army,Yes,74,39,W,0,,,H,SOURCE_PROGRAM_HOME,Carver-Hawkeye Arena,Carver-Hawkeye Arena,Iowa City,IA,,,REGULAR_SEASON,,"Iowa 2025-26 media guide, Year-by-Year Scores","12/6 21/-- Army W, 74-39",resolved,,,,,
1907,IOWARAW-01908,iowa,2025-26_media_guide_year_by_year,1991-1992,1992,1991-12-07,Louisiana Tech,Louisiana Tech,louisiana-tech,Yes,84,65,W,0,,,H,SOURCE_PROGRAM_HOME,Carver-Hawkeye Arena,Carver-Hawkeye Arena,Iowa City,IA,,,REGULAR_SEASON,,"Iowa 2025-26 media guide, Year-by-Year Scores","12/7 21/-- LouisianaTech W, 84-65",resolved,,,,,
1908,IOWARAW-01909,iowa,2025-26_media_guide_year_by_year,1991-1992,1992,1991-12-10,UNI,UNI,northern-iowa,Yes,108,85,W,0,,,at,OPPONENT_HOME,,,,,,,REGULAR_SEASON,,"Iowa 2025-26 media guide, Year-by-Year Scores","12/10 16/-- at UNI W, 108-85",resolved,,,,,
1909,IOWARAW-01910,iowa,2025-26_media_guide_year_by_year,1991-1992,1992,1991-12-14,Iowa State,Iowa State,iowa-state,Yes,84,98,L,0,,,at,OPPONENT_HOME,,,,,,,REGULAR_SEASON,,"Iowa 2025-26 media guide, Year-by-Year Scores","12/14 16/-- at Iowa State L, 84-98",resolved,,,,,
1910,IOWARAW-01911,iowa,2025-26_media_guide_year_by_year,1991-1992,1992,1991-12-27,Butler,Butler,butler,Yes,114,92,W,0,,,vs.,NEUTRAL,,,,,,,REGULAR_SEASON,,"Iowa 2025-26 media guide, Year-by-Year Scores","12/27 23/-- vs. Butler (n) W, 114-92",resolved,,,,,
1911,IOWARAW-01912,iowa,2025-26_media_guide_year_by_year,1991-1992,1992,1991-12-28,South Florida,South Florida,south-florida,Yes,78,85,L,0,,,vs.,NEUTRAL,,,,,,,REGULAR_SEASON,,"Iowa 2025-26 media guide, Year-by-Year Scores","12/28 23/-- vs. South Florida (n) L, 78-85",resolved,,,,,
1912,IOWARAW-01913,iowa,2025-26_media_guide_year_by_year,1991-1992,1992,1992-01-04,Centenary,Centenary,centenary,No,121,76,W,0,,,H,SOURCE_PROGRAM_HOME,Carver-Hawkeye Arena,Carver-Hawkeye Arena,Iowa City,IA,,,REGULAR_SEASON,,"Iowa 2025-26 media guide, Year-by-Year Scores","1/4		 Centenary W, 121-76",resolved,,,,,
1913,IOWARAW-01914,iowa,2025-26_media_guide_year_by_year,1991-1992,1992,1992-01-09,Michigan,Michigan,michigan,Yes,77,80,L,1,,,H,SOURCE_PROGRAM_HOME,Carver-Hawkeye Arena,Carver-Hawkeye Arena,Iowa City,IA,,,REGULAR_SEASON,,"Iowa 2025-26 media guide, Year-by-Year Scores","1/9 --/11 Michigan# L, 77-80",resolved,,,,,
1914,IOWARAW-01915,iowa,2025-26_media_guide_year_by_year,1991-1992,1992,1992-01-11,Purdue,Purdue,purdue,Yes,69,77,L,1,,,at,OPPONENT_HOME,,,,,,,REGULAR_SEASON,,"Iowa 2025-26 media guide, Year-by-Year Scores","1/11		 at Purdue# L, 69-77",resolved,,,,,
1915,IOWARAW-01916,iowa,2025-26_media_guide_year_by_year,1991-1992,1992,1992-01-15,Illinois,Illinois,illinois,Yes,74,69,W,0,,,H,SOURCE_PROGRAM_HOME,Carver-Hawkeye Arena,Carver-Hawkeye Arena,Iowa City,IA,,,REGULAR_SEASON,,"Iowa 2025-26 media guide, Year-by-Year Scores","1/15		 Illinois W, 74-69",resolved,,,,,
1916,IOWARAW-01917,iowa,2025-26_media_guide_year_by_year,1991-1992,1992,1992-01-19,Ohio State,Ohio State,ohio-state,Yes,81,85,L,0,,,at,OPPONENT_HOME,,,,,,,REGULAR_SEASON,,"Iowa 2025-26 media guide, Year-by-Year Scores","1/19 --/4 at Ohio State L, 81-85",resolved,,,,,
1917,IOWARAW-01918,iowa,2025-26_media_guide_year_by_year,1991-1992,1992,1992-01-22,Northwestern,Northwestern,northwestern,Yes,78,71,W,0,,,at,OPPONENT_HOME,,,,,,,REGULAR_SEASON,,"Iowa 2025-26 media guide, Year-by-Year Scores","1/22		 at Northwestern W, 78-71",resolved,,,,,
1918,IOWARAW-01919,iowa,2025-26_media_guide_year_by_year,1991-1992,1992,1992-01-29,Wisconsin,Wisconsin,wisconsin,Yes,73,66,W,0,,,H,SOURCE_PROGRAM_HOME,Carver-Hawkeye Arena,Carver-Hawkeye Arena,Iowa City,IA,,,REGULAR_SEASON,,"Iowa 2025-26 media guide, Year-by-Year Scores","1/29		 Wisconsin W, 73-66",resolved,,,,,
1919,IOWARAW-01920,iowa,2025-26_media_guide_year_by_year,1991-1992,1992,1992-02-01,Minnesota,Minnesota,minnesota,Yes,87,70,W,0,,,H,SOURCE_PROGRAM_HOME,Carver-Hawkeye Arena,Carver-Hawkeye Arena,Iowa City,IA,,,REGULAR_SEASON,,"Iowa 2025-26 media guide, Year-by-Year Scores","2/1		 Minnesota W, 87-70",resolved,,,,,
1920,IOWARAW-01921,iowa,2025-26_media_guide_year_by_year,1991-1992,1992,1992-02-06,Michigan State,Michigan State,michigan-state,Yes,77,63,W,0,,,H,SOURCE_PROGRAM_HOME,Carver-Hawkeye Arena,Carver-Hawkeye Arena,Iowa City,IA,,,REGULAR_SEASON,,"Iowa 2025-26 media guide, Year-by-Year Scores","2/6 --/11 Michigan State W, 77-63",resolved,,,,,
1921,IOWARAW-01922,iowa,2025-26_media_guide_year_by_year,1991-1992,1992,1992-02-09,Indiana,Indiana,indiana,Yes,66,81,L,0,,,at,OPPONENT_HOME,,,,,,,REGULAR_SEASON,,"Iowa 2025-26 media guide, Year-by-Year Scores","2/9 --/6 at Indiana L, 66-81",resolved,,,,,
1922,IOWARAW-01923,iowa,2025-26_media_guide_year_by_year,1991-1992,1992,1992-02-12,Michigan,Michigan,michigan,Yes,74,79,L,0,,,at,OPPONENT_HOME,,,,,,,REGULAR_SEASON,,"Iowa 2025-26 media guide, Year-by-Year Scores","2/12 --/17 at Michigan L, 74-79",resolved,,,,,
1923,IOWARAW-01924,iowa,2025-26_media_guide_year_by_year,1991-1992,1992,1992-02-15,Purdue,Purdue,purdue,Yes,80,68,W,0,,,H,SOURCE_PROGRAM_HOME,Carver-Hawkeye Arena,Carver-Hawkeye Arena,Iowa City,IA,,,REGULAR_SEASON,,"Iowa 2025-26 media guide, Year-by-Year Scores","2/15		 Purdue W, 80-68",resolved,,,,,
1924,IOWARAW-01925,iowa,2025-26_media_guide_year_by_year,1991-1992,1992,1992-02-18,Ohio State,Ohio State,ohio-state,Yes,92,86,W,0,,,H,SOURCE_PROGRAM_HOME,Carver-Hawkeye Arena,Carver-Hawkeye Arena,Iowa City,IA,,,REGULAR_SEASON,,"Iowa 2025-26 media guide, Year-by-Year Scores","2/18 --/6 Ohio State W, 92-86",resolved,,,,,
1925,IOWARAW-01926,iowa,2025-26_media_guide_year_by_year,1991-1992,1992,1992-02-23,Illinois,Illinois,illinois,Yes,72,77,L,1,,,at,OPPONENT_HOME,,,,,,,REGULAR_SEASON,,"Iowa 2025-26 media guide, Year-by-Year Scores","2/23		 at Illinois# L, 72-77",resolved,,,,,
1926,IOWARAW-01927,iowa,2025-26_media_guide_year_by_year,1991-1992,1992,1992-02-25,Minnesota,Minnesota,minnesota,Yes,79,64,W,0,,,at,OPPONENT_HOME,,,,,,,REGULAR_SEASON,,"Iowa 2025-26 media guide, Year-by-Year Scores","2/25		 at Minnesota W, 79-64",resolved,,,,,
1927,IOWARAW-01928,iowa,2025-26_media_guide_year_by_year,1991-1992,1992,1992-03-04,Indiana,Indiana,indiana,Yes,60,64,L,0,,,H,SOURCE_PROGRAM_HOME,Carver-Hawkeye Arena,Carver-Hawkeye Arena,Iowa City,IA,,,REGULAR_SEASON,,"Iowa 2025-26 media guide, Year-by-Year Scores","3/4		 Indiana L, 60-64",resolved,,,,,
1928,IOWARAW-01929,iowa,2025-26_media_guide_year_by_year,1991-1992,1992,1992-03-07,Wisconsin,Wisconsin,wisconsin,Yes,70,65,W,0,,,H,SOURCE_PROGRAM_HOME,Carver-Hawkeye Arena,Carver-Hawkeye Arena,Iowa City,IA,,,REGULAR_SEASON,,"Iowa 2025-26 media guide, Year-by-Year Scores","3/7		 atWisconsin W, 70-65",resolved,,,,,
1929,IOWARAW-01930,iowa,2025-26_media_guide_year_by_year,1991-1992,1992,1992-03-11,Northwestern,Northwestern,northwestern,Yes,69,66,W,0,,,H,SOURCE_PROGRAM_HOME,Carver-Hawkeye Arena,Carver-Hawkeye Arena,Iowa City,IA,,,REGULAR_SEASON,,"Iowa 2025-26 media guide, Year-by-Year Scores","3/11		 Northwestern W, 69-66",resolved,,,,,
1930,IOWARAW-01931,iowa,2025-26_media_guide_year_by_year,1991-1992,1992,1992-03-15,Michigan State,Michigan State,michigan-state,Yes,53,64,L,0,,,at,OPPONENT_HOME,,,,,,,REGULAR_SEASON,,"Iowa 2025-26 media guide, Year-by-Year Scores","3/15 --/16 at Michigan State L, 53-64",resolved,,,,,
1931,IOWARAW-01932,iowa,2025-26_media_guide_year_by_year,1991-1992,1992,1992-03-19,Texas,Texas,texas,Yes,98,92,W,0,,,vs.,NEUTRAL,Greensboro Coliseum,Greensboro Coliseum,Greensboro,NC,NCAA Tournament,,NCAA_TOURNAMENT,R64,"Iowa 2025-26 media guide, Year-by-Year Scores","3/19		 vs.Texas (n) W, 98-92",resolved,,,,,
1932,IOWARAW-01933,iowa,2025-26_media_guide_year_by_year,1991-1992,1992,1992-03-21,Duke,Duke,duke,Yes,62,75,L,0,,,vs.,NEUTRAL,Greensboro Coliseum,Greensboro Coliseum,Greensboro,NC,NCAA Tournament,,NCAA_TOURNAMENT,R32,"Iowa 2025-26 media guide, Year-by-Year Scores","3/21 --/1 vs. Duke (n) L, 62-75",resolved,,,,,
1933,IOWARAW-01934,iowa,2025-26_media_guide_year_by_year,1992-1993,1993,1992-12-01,Mississippi Valley State,Mississippi Valley State,mississippi-valley-state,No,100,69,W,0,,,H,SOURCE_PROGRAM_HOME,Carver-Hawkeye Arena,Carver-Hawkeye Arena,Iowa City,IA,,,REGULAR_SEASON,,"Iowa 2025-26 media guide, Year-by-Year Scores","12/1 10/-- MississippiValley State W, 100-69",resolved,,,,,
1934,IOWARAW-01935,iowa,2025-26_media_guide_year_by_year,1992-1993,1993,1992-12-04,Texas-Pan American,UTRGV,utrgv,Yes,85,29,W,0,,,H,SOURCE_PROGRAM_HOME,Carver-Hawkeye Arena,Carver-Hawkeye Arena,Iowa City,IA,,,REGULAR_SEASON,,"Iowa 2025-26 media guide, Year-by-Year Scores","12/4 10/-- Texas-Pan American W, 85-29",resolved,,,,,
1935,IOWARAW-01936,iowa,2025-26_media_guide_year_by_year,1992-1993,1993,1992-12-05,Mississippi State,Mississippi State,mississippi-state,Yes,69,54,W,0,,,H,SOURCE_PROGRAM_HOME,Carver-Hawkeye Arena,Carver-Hawkeye Arena,Iowa City,IA,,,REGULAR_SEASON,,"Iowa 2025-26 media guide, Year-by-Year Scores","12/5 10/-- Mississippi State W, 69-54",resolved,,,,,
1936,IOWARAW-01937,iowa,2025-26_media_guide_year_by_year,1992-1993,1993,1992-12-08,UNI,UNI,northern-iowa,Yes,64,44,W,0,,,H,SOURCE_PROGRAM_HOME,Carver-Hawkeye Arena,Carver-Hawkeye Arena,Iowa City,IA,,,REGULAR_SEASON,,"Iowa 2025-26 media guide, Year-by-Year Scores","12/8 8/-- UNI W, 64-44",resolved,,,,,
1937,IOWARAW-01938,iowa,2025-26_media_guide_year_by_year,1992-1993,1993,1992-12-12,Iowa State,Iowa State,iowa-state,Yes,78,51,W,0,,,H,SOURCE_PROGRAM_HOME,Carver-Hawkeye Arena,Carver-Hawkeye Arena,Iowa City,IA,,,REGULAR_SEASON,,"Iowa 2025-26 media guide, Year-by-Year Scores","12/12 8/-- Iowa State W, 78-51",resolved,,,,,
1938,IOWARAW-01939,iowa,2025-26_media_guide_year_by_year,1992-1993,1993,1992-12-20,American University,American University,american-university,Yes,101,47,W,0,,,vs.,NEUTRAL,,,,,,,REGULAR_SEASON,,"Iowa 2025-26 media guide, Year-by-Year Scores","12/20 8/-- vs. American University (n) W, 101-47",resolved,,,,,
1939,IOWARAW-01940,iowa,2025-26_media_guide_year_by_year,1992-1993,1993,1992-12-21,Eastern Michigan,Eastern Michigan,eastern-michigan,Yes,103,66,W,0,,,vs.,NEUTRAL,,,,,,,REGULAR_SEASON,,"Iowa 2025-26 media guide, Year-by-Year Scores","12/21 8/-- vs. Eastern Michigan (n) W, 103-66",resolved,,,,,
1940,IOWARAW-01941,iowa,2025-26_media_guide_year_by_year,1992-1993,1993,1992-12-22,Southern Illinois,Southern Illinois,southern-illinois,Yes,90,70,W,0,,,vs.,NEUTRAL,,,,,,,REGULAR_SEASON,,"Iowa 2025-26 media guide, Year-by-Year Scores","12/22 8/-- vs. Southern Illinois (n) W, 90-70",resolved,,,,,
1941,IOWARAW-01942,iowa,2025-26_media_guide_year_by_year,1992-1993,1993,1992-12-28,Texas Southern,Texas Southern,texas-southern,Yes,91,70,W,0,,,H,SOURCE_PROGRAM_HOME,Carver-Hawkeye Arena,Carver-Hawkeye Arena,Iowa City,IA,,,REGULAR_SEASON,,"Iowa 2025-26 media guide, Year-by-Year Scores","12/28 8/-- Texas Southern W, 91-70",resolved,,,,,
1942,IOWARAW-01943,iowa,2025-26_media_guide_year_by_year,1992-1993,1993,1993-01-02,Central Conn. State,Central Connecticut,central-connecticut,Yes,104,58,W,0,,,H,SOURCE_PROGRAM_HOME,Carver-Hawkeye Arena,Carver-Hawkeye Arena,Iowa City,IA,,,REGULAR_SEASON,,"Iowa 2025-26 media guide, Year-by-Year Scores","1/2 8/-- Central Conn. State W, 104-58",resolved,,,,,
1943,IOWARAW-01944,iowa,2025-26_media_guide_year_by_year,1992-1993,1993,1993-01-04,Drake,Drake,drake,Yes,80,65,W,0,,,at,OPPONENT_HOME,,,,,,,REGULAR_SEASON,,"Iowa 2025-26 media guide, Year-by-Year Scores","1/4 8/-- at Drake W, 80-65",resolved,,,,,
1944,IOWARAW-01945,iowa,2025-26_media_guide_year_by_year,1992-1993,1993,1993-01-06,Indiana,Indiana,indiana,Yes,67,75,L,0,,,at,OPPONENT_HOME,,,,,,,REGULAR_SEASON,,"Iowa 2025-26 media guide, Year-by-Year Scores","1/6 8/5 at Indiana L, 67-75",resolved,,,,,
1945,IOWARAW-01946,iowa,2025-26_media_guide_year_by_year,1992-1993,1993,1993-01-09,Ohio State,Ohio State,ohio-state,Yes,81,92,L,0,,,at,OPPONENT_HOME,,,,,,,REGULAR_SEASON,,"Iowa 2025-26 media guide, Year-by-Year Scores","1/9 8/-- at Ohio State L, 81-92",resolved,,,,,
1946,IOWARAW-01947,iowa,2025-26_media_guide_year_by_year,1992-1993,1993,1993-01-13,Minnesota,Minnesota,minnesota,Yes,84,77,W,0,,,H,SOURCE_PROGRAM_HOME,Carver-Hawkeye Arena,Carver-Hawkeye Arena,Iowa City,IA,,,REGULAR_SEASON,,"Iowa 2025-26 media guide, Year-by-Year Scores","1/13 13/19 Minnesota W, 84-77",resolved,,,,,
1947,IOWARAW-01948,iowa,2025-26_media_guide_year_by_year,1992-1993,1993,1993-01-16,Duke,Duke,duke,Yes,56,65,L,0,,,at,OPPONENT_HOME,,,,,,,REGULAR_SEASON,,"Iowa 2025-26 media guide, Year-by-Year Scores","1/16 13/3 at Duke L, 56-65",resolved,,,,,
1948,IOWARAW-01949,iowa,2025-26_media_guide_year_by_year,1992-1993,1993,1993-01-28,Michigan State,Michigan State,michigan-state,Yes,96,90,W,1,,,at,OPPONENT_HOME,,,,,,,REGULAR_SEASON,,"Iowa 2025-26 media guide, Year-by-Year Scores","1/28 11/-- at Michigan State# W, 96-90",resolved,,,,,
1949,IOWARAW-01950,iowa,2025-26_media_guide_year_by_year,1992-1993,1993,1993-01-31,Michigan,Michigan,michigan,Yes,88,80,W,0,,,H,SOURCE_PROGRAM_HOME,Carver-Hawkeye Arena,Carver-Hawkeye Arena,Iowa City,IA,,,REGULAR_SEASON,,"Iowa 2025-26 media guide, Year-by-Year Scores","1/31 11/5 Michigan W, 88-80",resolved,,,,,
1950,IOWARAW-01951,iowa,2025-26_media_guide_year_by_year,1992-1993,1993,1993-02-04,Illinois,Illinois,illinois,Yes,77,78,L,0,,,at,OPPONENT_HOME,,,,,,,REGULAR_SEASON,,"Iowa 2025-26 media guide, Year-by-Year Scores","2/4 9/-- at Illinois L, 77-78",resolved,,,,,
1951,IOWARAW-01952,iowa,2025-26_media_guide_year_by_year,1992-1993,1993,1993-02-06,Indiana,Indiana,indiana,Yes,66,73,L,0,,,H,SOURCE_PROGRAM_HOME,Carver-Hawkeye Arena,Carver-Hawkeye Arena,Iowa City,IA,,,REGULAR_SEASON,,"Iowa 2025-26 media guide, Year-by-Year Scores","2/6 9/1 Indiana L, 66-73",resolved,,,,,
1952,IOWARAW-01953,iowa,2025-26_media_guide_year_by_year,1992-1993,1993,1993-02-13,Minnesota,Minnesota,minnesota,Yes,85,91,L,0,,,at,OPPONENT_HOME,,,,,,,REGULAR_SEASON,,"Iowa 2025-26 media guide, Year-by-Year Scores","2/13 13/-- at Minnesota L, 85-91",resolved,,,,,
1953,IOWARAW-01954,iowa,2025-26_media_guide_year_by_year,1992-1993,1993,1993-02-16,Ohio State,Ohio State,ohio-state,Yes,68,54,W,0,,,H,SOURCE_PROGRAM_HOME,Carver-Hawkeye Arena,Carver-Hawkeye Arena,Iowa City,IA,,,REGULAR_SEASON,,"Iowa 2025-26 media guide, Year-by-Year Scores","2/16 20/-- Ohio State W, 68-54",resolved,,,,,
1954,IOWARAW-01955,iowa,2025-26_media_guide_year_by_year,1992-1993,1993,1993-02-20,Northwestern,Northwestern,northwestern,Yes,75,63,W,0,,,at,OPPONENT_HOME,,,,,,,REGULAR_SEASON,,"Iowa 2025-26 media guide, Year-by-Year Scores","2/20 20/-- at Northwestern W, 75-63",resolved,,,,,
1955,IOWARAW-01956,iowa,2025-26_media_guide_year_by_year,1992-1993,1993,1993-02-22,Penn State,Penn State,penn-state,Yes,74,58,W,0,,,at,OPPONENT_HOME,,,,,,,REGULAR_SEASON,,"Iowa 2025-26 media guide, Year-by-Year Scores","2/22 18/-- at Penn State W, 74-58",resolved,,,,,
1956,IOWARAW-01957,iowa,2025-26_media_guide_year_by_year,1992-1993,1993,1993-02-24,Penn State,Penn State,penn-state,Yes,58,38,W,0,,,H,SOURCE_PROGRAM_HOME,Carver-Hawkeye Arena,Carver-Hawkeye Arena,Iowa City,IA,,,REGULAR_SEASON,,"Iowa 2025-26 media guide, Year-by-Year Scores","2/24 18/-- Penn State W, 58-38",resolved,,,,,
1957,IOWARAW-01958,iowa,2025-26_media_guide_year_by_year,1992-1993,1993,1993-02-27,Michigan State,Michigan State,michigan-state,Yes,66,64,W,0,,,H,SOURCE_PROGRAM_HOME,Carver-Hawkeye Arena,Carver-Hawkeye Arena,Iowa City,IA,,,REGULAR_SEASON,,"Iowa 2025-26 media guide, Year-by-Year Scores","2/27 18/-- Michigan State W, 66-64",resolved,,,,,
1958,IOWARAW-01959,iowa,2025-26_media_guide_year_by_year,1992-1993,1993,1993-03-02,Michigan,Michigan,michigan,Yes,73,82,L,0,,,at,OPPONENT_HOME,,,,,,,REGULAR_SEASON,,"Iowa 2025-26 media guide, Year-by-Year Scores","3/2 15/4 at Michigan L, 73-82",resolved,,,,,
1959,IOWARAW-01960,iowa,2025-26_media_guide_year_by_year,1992-1993,1993,1993-03-06,Purdue,Purdue,purdue,Yes,58,69,L,0,,,at,OPPONENT_HOME,,,,,,,REGULAR_SEASON,,"Iowa 2025-26 media guide, Year-by-Year Scores","3/6 15/24 at Purdue L, 58-69",resolved,,,,,
1960,IOWARAW-01961,iowa,2025-26_media_guide_year_by_year,1992-1993,1993,1993-03-08,Northwestern,Northwestern,northwestern,Yes,56,50,W,0,,,H,SOURCE_PROGRAM_HOME,Carver-Hawkeye Arena,Carver-Hawkeye Arena,Iowa City,IA,,,REGULAR_SEASON,,"Iowa 2025-26 media guide, Year-by-Year Scores","3/8 17/-- Northwestern W, 56-50",resolved,,,,,
1961,IOWARAW-01962,iowa,2025-26_media_guide_year_by_year,1992-1993,1993,1993-03-10,Wisconsin,Wisconsin,wisconsin,Yes,91,65,W,0,,,H,SOURCE_PROGRAM_HOME,Carver-Hawkeye Arena,Carver-Hawkeye Arena,Iowa City,IA,,,REGULAR_SEASON,,"Iowa 2025-26 media guide, Year-by-Year Scores","3/10 17/-- Wisconsin W, 91-65",resolved,,,,,
1962,IOWARAW-01963,iowa,2025-26_media_guide_year_by_year,1992-1993,1993,1993-03-13,Illinois,Illinois,illinois,Yes,63,53,W,0,,,H,SOURCE_PROGRAM_HOME,Carver-Hawkeye Arena,Carver-Hawkeye Arena,Iowa City,IA,,,REGULAR_SEASON,,"Iowa 2025-26 media guide, Year-by-Year Scores","3/13 17/-- Illinois W, 63-53",resolved,,,,,
1963,IOWARAW-01964,iowa,2025-26_media_guide_year_by_year,1992-1993,1993,1993-03-19,Northeast Louisiana,Louisiana-Monroe,louisiana-monroe,Yes,82,69,W,0,,,vs.,NEUTRAL,Memorial Gymnasium,Memorial Gymnasium,Nashville,TN,NCAA Tournament,,NCAA_TOURNAMENT,R64,"Iowa 2025-26 media guide, Year-by-Year Scores","3/19 17/-- vs. Northeast Louisiana (n) W, 82-69",resolved,,,,,
1964,IOWARAW-01965,iowa,2025-26_media_guide_year_by_year,1992-1993,1993,1993-03-21,Wake Forest,Wake Forest,wake-forest,Yes,78,84,L,0,,,vs.,NEUTRAL,Memorial Gymnasium,Memorial Gymnasium,Nashville,TN,NCAA Tournament,,NCAA_TOURNAMENT,R32,"Iowa 2025-26 media guide, Year-by-Year Scores","3/21 17/12 vs.Wake Forest (n) L, 78-84",resolved,,,,,
1965,IOWARAW-01966,iowa,2025-26_media_guide_year_by_year,1993-1994,1994,1993-11-30,Drake,Drake,drake,Yes,90,86,W,0,,,H,SOURCE_PROGRAM_HOME,Carver-Hawkeye Arena,Carver-Hawkeye Arena,Iowa City,IA,,,REGULAR_SEASON,,"Iowa 2025-26 media guide, Year-by-Year Scores","11/30		 Drake W, 90-86",resolved,,,,,
1966,IOWARAW-01967,iowa,2025-26_media_guide_year_by_year,1993-1994,1994,1993-12-03,Lehigh,Lehigh,lehigh,Yes,104,77,W,0,,,H,SOURCE_PROGRAM_HOME,Carver-Hawkeye Arena,Carver-Hawkeye Arena,Iowa City,IA,,,REGULAR_SEASON,,"Iowa 2025-26 media guide, Year-by-Year Scores","12/3		 Lehigh W, 104-77",resolved,,,,,
1967,IOWARAW-01968,iowa,2025-26_media_guide_year_by_year,1993-1994,1994,1993-12-04,Long Beach State,Long Beach State,long-beach-state,Yes,101,79,W,0,,,H,SOURCE_PROGRAM_HOME,Carver-Hawkeye Arena,Carver-Hawkeye Arena,Iowa City,IA,,,REGULAR_SEASON,,"Iowa 2025-26 media guide, Year-by-Year Scores","12/4		 Long Beach State W, 101-79",resolved,,,,,
1968,IOWARAW-01969,iowa,2025-26_media_guide_year_by_year,1993-1994,1994,1993-12-07,UNI,UNI,northern-iowa,Yes,81,76,W,0,,,at,OPPONENT_HOME,,,,,,,REGULAR_SEASON,,"Iowa 2025-26 media guide, Year-by-Year Scores","12/7		 at UNI W, 81-76",resolved,,,,,
1969,IOWARAW-01970,iowa,2025-26_media_guide_year_by_year,1993-1994,1994,1993-12-11,Iowa State,Iowa State,iowa-state,Yes,79,86,L,0,,,at,OPPONENT_HOME,,,,,,,REGULAR_SEASON,,"Iowa 2025-26 media guide, Year-by-Year Scores","12/11		 at Iowa State L, 79-86",resolved,,,,,
1970,IOWARAW-01971,iowa,2025-26_media_guide_year_by_year,1993-1994,1994,1993-12-20,Dartmouth,Dartmouth,dartmouth,Yes,104,65,W,0,,,H,SOURCE_PROGRAM_HOME,Carver-Hawkeye Arena,Carver-Hawkeye Arena,Iowa City,IA,,,REGULAR_SEASON,,"Iowa 2025-26 media guide, Year-by-Year Scores","12/20		 Dartmouth W, 104-65",resolved,,,,,
1971,IOWARAW-01972,iowa,2025-26_media_guide_year_by_year,1993-1994,1994,1993-12-22,Duke,Duke,duke,Yes,76,79,L,0,,,H,SOURCE_PROGRAM_HOME,Carver-Hawkeye Arena,Carver-Hawkeye Arena,Iowa City,IA,,,REGULAR_SEASON,,"Iowa 2025-26 media guide, Year-by-Year Scores","12/22 --/3 Duke L, 76-79",resolved,,,,,
1972,IOWARAW-01973,iowa,2025-26_media_guide_year_by_year,1993-1994,1994,1993-12-29,Cal-Irvine,UC Irvine,uc-irvine,Yes,78,86,L,0,,,at,OPPONENT_HOME,,,,,,,REGULAR_SEASON,,"Iowa 2025-26 media guide, Year-by-Year Scores","12/29		 at Cal-Irvine L, 78-86",resolved,,,,,
1973,IOWARAW-01974,iowa,2025-26_media_guide_year_by_year,1993-1994,1994,1994-01-02,Eastern Illinois,Eastern Illinois,eastern-illinois,Yes,91,52,W,0,,,H,SOURCE_PROGRAM_HOME,Carver-Hawkeye Arena,Carver-Hawkeye Arena,Iowa City,IA,,,REGULAR_SEASON,,"Iowa 2025-26 media guide, Year-by-Year Scores","1/2		 Eastern Illinois W, 91-52",resolved,,,,,
1974,IOWARAW-01975,iowa,2025-26_media_guide_year_by_year,1993-1994,1994,1994-01-04,Ohio State,Ohio State,ohio-state,Yes,68,72,L,0,,,at,OPPONENT_HOME,,,,,,,REGULAR_SEASON,,"Iowa 2025-26 media guide, Year-by-Year Scores","1/4		 at Ohio State L, 68-72",resolved,,,,,
1975,IOWARAW-01976,iowa,2025-26_media_guide_year_by_year,1993-1994,1994,1994-01-08,Michigan,Michigan,michigan,Yes,70,71,L,0,,,H,SOURCE_PROGRAM_HOME,Carver-Hawkeye Arena,Carver-Hawkeye Arena,Iowa City,IA,,,REGULAR_SEASON,,"Iowa 2025-26 media guide, Year-by-Year Scores","1/8 --/13 Michigan L, 70-71",resolved,,,,,
1976,IOWARAW-01977,iowa,2025-26_media_guide_year_by_year,1993-1994,1994,1994-01-11,Indiana,Indiana,indiana,Yes,75,89,L,0,,,H,SOURCE_PROGRAM_HOME,Carver-Hawkeye Arena,Carver-Hawkeye Arena,Iowa City,IA,,,REGULAR_SEASON,,"Iowa 2025-26 media guide, Year-by-Year Scores","1/11 --/11 Indiana L, 75-89",resolved,,,,,
1977,IOWARAW-01978,iowa,2025-26_media_guide_year_by_year,1993-1994,1994,1994-01-19,Illinois,Illinois,illinois,Yes,90,105,L,0,,,at,OPPONENT_HOME,,,,,,,REGULAR_SEASON,,"Iowa 2025-26 media guide, Year-by-Year Scores","1/19		 at Illinois L, 90-105",resolved,,,,,
1978,IOWARAW-01979,iowa,2025-26_media_guide_year_by_year,1993-1994,1994,1994-01-22,Penn State,Penn State,penn-state,Yes,81,70,W,0,,,H,SOURCE_PROGRAM_HOME,Carver-Hawkeye Arena,Carver-Hawkeye Arena,Iowa City,IA,,,REGULAR_SEASON,,"Iowa 2025-26 media guide, Year-by-Year Scores","1/22		 Penn State W, 81-70",resolved,,,,,
1979,IOWARAW-01980,iowa,2025-26_media_guide_year_by_year,1993-1994,1994,1994-01-26,Northwestern,Northwestern,northwestern,Yes,86,76,W,0,,,at,OPPONENT_HOME,,,,,,,REGULAR_SEASON,,"Iowa 2025-26 media guide, Year-by-Year Scores","1/26		 at Northwestern W, 86-76",resolved,,,,,
1980,IOWARAW-01981,iowa,2025-26_media_guide_year_by_year,1993-1994,1994,1994-01-29,Michigan State,Michigan State,michigan-state,Yes,84,87,L,0,,,at,OPPONENT_HOME,,,,,,,REGULAR_SEASON,,"Iowa 2025-26 media guide, Year-by-Year Scores","1/29		 at Michigan State L, 84-87",resolved,,,,,
1981,IOWARAW-01982,iowa,2025-26_media_guide_year_by_year,1993-1994,1994,1994-02-02,Minnesota,Minnesota,minnesota,Yes,92,88,W,0,,,H,SOURCE_PROGRAM_HOME,Carver-Hawkeye Arena,Carver-Hawkeye Arena,Iowa City,IA,,,REGULAR_SEASON,,"Iowa 2025-26 media guide, Year-by-Year Scores","2/2 --/22 Minnesota W, 92-88",resolved,,,,,
1982,IOWARAW-01983,iowa,2025-26_media_guide_year_by_year,1993-1994,1994,1994-02-06,Purdue,Purdue,purdue,Yes,78,87,L,0,,,H,SOURCE_PROGRAM_HOME,Carver-Hawkeye Arena,Carver-Hawkeye Arena,Iowa City,IA,,,REGULAR_SEASON,,"Iowa 2025-26 media guide, Year-by-Year Scores","2/6 --/8 Purdue L, 78-87",resolved,,,,,
1983,IOWARAW-01984,iowa,2025-26_media_guide_year_by_year,1993-1994,1994,1994-02-12,Indiana,Indiana,indiana,Yes,91,93,L,0,,,at,OPPONENT_HOME,,,,,,,REGULAR_SEASON,,"Iowa 2025-26 media guide, Year-by-Year Scores","2/12 --/12 at Indiana L, 91-93",resolved,,,,,
1984,IOWARAW-01985,iowa,2025-26_media_guide_year_by_year,1993-1994,1994,1994-02-16,Michigan,Michigan,michigan,Yes,76,89,L,0,,,at,OPPONENT_HOME,,,,,,,REGULAR_SEASON,,"Iowa 2025-26 media guide, Year-by-Year Scores","2/16 --/7 at Michigan L, 76-89",resolved,,,,,
1985,IOWARAW-01986,iowa,2025-26_media_guide_year_by_year,1993-1994,1994,1994-02-19,Illinois,Illinois,illinois,Yes,83,69,W,0,,,H,SOURCE_PROGRAM_HOME,Carver-Hawkeye Arena,Carver-Hawkeye Arena,Iowa City,IA,,,REGULAR_SEASON,,"Iowa 2025-26 media guide, Year-by-Year Scores","2/19		 Illinois W, 83-69",resolved,,,,,
1986,IOWARAW-01987,iowa,2025-26_media_guide_year_by_year,1993-1994,1994,1994-02-23,Penn State,Penn State,penn-state,Yes,80,89,L,0,,,at,OPPONENT_HOME,,,,,,,REGULAR_SEASON,,"Iowa 2025-26 media guide, Year-by-Year Scores","2/23		 at Penn State L, 80-89",resolved,,,,,
1987,IOWARAW-01988,iowa,2025-26_media_guide_year_by_year,1993-1994,1994,1994-02-26,Northwestern,Northwestern,northwestern,Yes,74,80,L,0,,,H,SOURCE_PROGRAM_HOME,Carver-Hawkeye Arena,Carver-Hawkeye Arena,Iowa City,IA,,,REGULAR_SEASON,,"Iowa 2025-26 media guide, Year-by-Year Scores","2/26		 Northwestern L, 74-80",resolved,,,,,
1988,IOWARAW-01989,iowa,2025-26_media_guide_year_by_year,1993-1994,1994,1994-03-02,Michigan State,Michigan State,michigan-state,Yes,72,80,L,0,,,H,SOURCE_PROGRAM_HOME,Carver-Hawkeye Arena,Carver-Hawkeye Arena,Iowa City,IA,,,REGULAR_SEASON,,"Iowa 2025-26 media guide, Year-by-Year Scores","3/2		 Michigan State L, 72-80",resolved,,,,,
1989,IOWARAW-01990,iowa,2025-26_media_guide_year_by_year,1993-1994,1994,1994-03-05,Minnesota,Minnesota,minnesota,Yes,96,107,L,3,,,at,OPPONENT_HOME,,,,,,,REGULAR_SEASON,,"Iowa 2025-26 media guide, Year-by-Year Scores","3/5 --/18 at Minnesota### L, 96-107",resolved,,,,,
1990,IOWARAW-01991,iowa,2025-26_media_guide_year_by_year,1993-1994,1994,1994-03-09,Wisconsin,Wisconsin,wisconsin,Yes,71,95,L,0,,,H,SOURCE_PROGRAM_HOME,Carver-Hawkeye Arena,Carver-Hawkeye Arena,Iowa City,IA,,,REGULAR_SEASON,,"Iowa 2025-26 media guide, Year-by-Year Scores","3/9		 atWisconsin L, 71-95",resolved,,,,,
1991,IOWARAW-01992,iowa,2025-26_media_guide_year_by_year,1993-1994,1994,1994-03-12,Ohio State,Ohio State,ohio-state,Yes,83,74,W,0,,,H,SOURCE_PROGRAM_HOME,Carver-Hawkeye Arena,Carver-Hawkeye Arena,Iowa City,IA,,,REGULAR_SEASON,,"Iowa 2025-26 media guide, Year-by-Year Scores","3/12		 Ohio State W, 83-74",resolved,,,,,
1992,IOWARAW-01993,iowa,2025-26_media_guide_year_by_year,1994-1995,1995,1994-11-25,Morgan State,Morgan State,morgan-state,Yes,126,79,W,0,,,H,SOURCE_PROGRAM_HOME,Carver-Hawkeye Arena,Carver-Hawkeye Arena,Iowa City,IA,,,REGULAR_SEASON,,"Iowa 2025-26 media guide, Year-by-Year Scores","11/25		 Morgan State W, 126-79",resolved,,,,,
1993,IOWARAW-01994,iowa,2025-26_media_guide_year_by_year,1994-1995,1995,1994-11-29,Drake,Drake,drake,Yes,103,68,W,0,,,at,OPPONENT_HOME,,,,,,,REGULAR_SEASON,,"Iowa 2025-26 media guide, Year-by-Year Scores","11/29		 at Drake W, 103-68",resolved,,,,,
1994,IOWARAW-01995,iowa,2025-26_media_guide_year_by_year,1994-1995,1995,1994-12-02,Pepperdine,Pepperdine,pepperdine,Yes,99,63,W,0,,,H,SOURCE_PROGRAM_HOME,Carver-Hawkeye Arena,Carver-Hawkeye Arena,Iowa City,IA,,,REGULAR_SEASON,,"Iowa 2025-26 media guide, Year-by-Year Scores","12/2		 Pepperdine W, 99-63",resolved,,,,,
1995,IOWARAW-01996,iowa,2025-26_media_guide_year_by_year,1994-1995,1995,1994-12-03,Ohio University,Ohio University,ohio-university,Yes,91,75,W,0,,,H,SOURCE_PROGRAM_HOME,Carver-Hawkeye Arena,Carver-Hawkeye Arena,Iowa City,IA,,,REGULAR_SEASON,,"Iowa 2025-26 media guide, Year-by-Year Scores","12/3 --/14 Ohio University W, 91-75",resolved,,,,,
1996,IOWARAW-01997,iowa,2025-26_media_guide_year_by_year,1994-1995,1995,1994-12-07,UNI,UNI,northern-iowa,Yes,80,48,W,0,,,H,SOURCE_PROGRAM_HOME,Carver-Hawkeye Arena,Carver-Hawkeye Arena,Iowa City,IA,,,REGULAR_SEASON,,"Iowa 2025-26 media guide, Year-by-Year Scores","12/7		 UNI W, 80-48",resolved,,,,,
1997,IOWARAW-01998,iowa,2025-26_media_guide_year_by_year,1994-1995,1995,1994-12-10,Iowa State,Iowa State,iowa-state,Yes,63,76,L,0,,,H,SOURCE_PROGRAM_HOME,Carver-Hawkeye Arena,Carver-Hawkeye Arena,Iowa City,IA,,,REGULAR_SEASON,,"Iowa 2025-26 media guide, Year-by-Year Scores","12/10		 Iowa State L, 63-76",resolved,,,,,
1998,IOWARAW-01999,iowa,2025-26_media_guide_year_by_year,1994-1995,1995,1994-12-17,Long Island,LIU,long-island-university,Yes,102,72,W,0,,,H,SOURCE_PROGRAM_HOME,Carver-Hawkeye Arena,Carver-Hawkeye Arena,Iowa City,IA,,,REGULAR_SEASON,,"Iowa 2025-26 media guide, Year-by-Year Scores","12/17		 Long Island W, 102-72",resolved,,,,,
1999,IOWARAW-02000,iowa,2025-26_media_guide_year_by_year,1994-1995,1995,1994-12-20,Western Carolina,Western Carolina,western-carolina,Yes,85,60,W,0,,,H,SOURCE_PROGRAM_HOME,Carver-Hawkeye Arena,Carver-Hawkeye Arena,Iowa City,IA,,,REGULAR_SEASON,,"Iowa 2025-26 media guide, Year-by-Year Scores","12/20		 Western Carolina W, 85-60",resolved,,,,,
2000,IOWARAW-02001,iowa,2025-26_media_guide_year_by_year,1994-1995,1995,1994-12-23,BYU-Hawaii,BYU-Hawaii,byu-hawaii,No,61,57,W,0,,,at,OPPONENT_HOME,,,,,,,REGULAR_SEASON,,"Iowa 2025-26 media guide, Year-by-Year Scores","12/23		 at BYU-Hawaii W, 61-57",resolved,,,,,
2001,IOWARAW-02002,iowa,2025-26_media_guide_year_by_year,1994-1995,1995,1994-12-27,Duke,Duke,duke,Yes,81,71,W,0,,,vs.,NEUTRAL,,,,,,,REGULAR_SEASON,,"Iowa 2025-26 media guide, Year-by-Year Scores","12/27 --/7 vs. Duke (n) W, 81-71",resolved,,,,,
2002,IOWARAW-02003,iowa,2025-26_media_guide_year_by_year,1994-1995,1995,1994-12-29,Hawai’i,Hawai'i,hawai-i,Yes,84,82,W,0,,,vs.,NEUTRAL,,,,,,,REGULAR_SEASON,,"Iowa 2025-26 media guide, Year-by-Year Scores","12/29		 vs. Hawai’i (n) W, 84-82",resolved,,,,,
2003,IOWARAW-02004,iowa,2025-26_media_guide_year_by_year,1994-1995,1995,1994-12-30,Arkansas,Arkansas,arkansas,Yes,92,101,L,0,,,vs.,NEUTRAL,,,,,,,REGULAR_SEASON,,"Iowa 2025-26 media guide, Year-by-Year Scores","12/30 --/3 vs. Arkansas (n) L, 92-101",resolved,,,,,
2004,IOWARAW-02005,iowa,2025-26_media_guide_year_by_year,1994-1995,1995,1995-01-04,Indiana,Indiana,indiana,Yes,74,55,W,0,,,H,SOURCE_PROGRAM_HOME,Carver-Hawkeye Arena,Carver-Hawkeye Arena,Iowa City,IA,,,REGULAR_SEASON,,"Iowa 2025-26 media guide, Year-by-Year Scores","1/4 22/-- Indiana W, 74-55",resolved,,,,,
2005,IOWARAW-02006,iowa,2025-26_media_guide_year_by_year,1994-1995,1995,1995-01-07,Michigan State,Michigan State,michigan-state,Yes,68,69,L,0,,,at,OPPONENT_HOME,,,,,,,REGULAR_SEASON,,"Iowa 2025-26 media guide, Year-by-Year Scores","1/7 22/14 at Michigan State L, 68-69",resolved,,,,,
2006,IOWARAW-02007,iowa,2025-26_media_guide_year_by_year,1994-1995,1995,1995-01-11,Michigan,Michigan,michigan,Yes,82,83,L,2,,,at,OPPONENT_HOME,,,,,,,REGULAR_SEASON,,"Iowa 2025-26 media guide, Year-by-Year Scores","1/11 19/-- at Michigan## L, 82-83",resolved,,,,,
2007,IOWARAW-02008,iowa,2025-26_media_guide_year_by_year,1994-1995,1995,1995-01-14,Purdue,Purdue,purdue,Yes,83,84,L,0,,,H,SOURCE_PROGRAM_HOME,Carver-Hawkeye Arena,Carver-Hawkeye Arena,Iowa City,IA,,,REGULAR_SEASON,,"Iowa 2025-26 media guide, Year-by-Year Scores","1/14 19/-- Purdue L, 83-84",resolved,,,,,
2008,IOWARAW-02009,iowa,2025-26_media_guide_year_by_year,1994-1995,1995,1995-01-21,Wisconsin,Wisconsin,wisconsin,Yes,96,84,W,0,,,H,SOURCE_PROGRAM_HOME,Carver-Hawkeye Arena,Carver-Hawkeye Arena,Iowa City,IA,,,REGULAR_SEASON,,"Iowa 2025-26 media guide, Year-by-Year Scores","1/21		 Wisconsin W, 96-84",resolved,,,,,
2009,IOWARAW-02010,iowa,2025-26_media_guide_year_by_year,1994-1995,1995,1995-01-25,Ohio State,Ohio State,ohio-state,Yes,81,66,W,0,,,at,OPPONENT_HOME,,,,,,,REGULAR_SEASON,,"Iowa 2025-26 media guide, Year-by-Year Scores","1/25		 at Ohio State W, 81-66",resolved,,,,,
2010,IOWARAW-02011,iowa,2025-26_media_guide_year_by_year,1994-1995,1995,1995-01-28,Minnesota,Minnesota,minnesota,Yes,54,55,L,0,,,H,SOURCE_PROGRAM_HOME,Carver-Hawkeye Arena,Carver-Hawkeye Arena,Iowa City,IA,,,REGULAR_SEASON,,"Iowa 2025-26 media guide, Year-by-Year Scores","1/28		 Minnesota L, 54-55",resolved,,,,,
2011,IOWARAW-02012,iowa,2025-26_media_guide_year_by_year,1994-1995,1995,1995-02-01,Illinois,Illinois,illinois,Yes,74,79,L,0,,,H,SOURCE_PROGRAM_HOME,Carver-Hawkeye Arena,Carver-Hawkeye Arena,Iowa City,IA,,,REGULAR_SEASON,,"Iowa 2025-26 media guide, Year-by-Year Scores","2/1		 Illinois L, 74-79",resolved,,,,,
2012,IOWARAW-02013,iowa,2025-26_media_guide_year_by_year,1994-1995,1995,1995-02-04,Penn State,Penn State,penn-state,Yes,64,74,L,0,,,at,OPPONENT_HOME,,,,,,,REGULAR_SEASON,,"Iowa 2025-26 media guide, Year-by-Year Scores","2/4		 at Penn State L, 64-74",resolved,,,,,
2013,IOWARAW-02014,iowa,2025-26_media_guide_year_by_year,1994-1995,1995,1995-02-09,Northwestern,Northwestern,northwestern,Yes,116,77,W,0,,,H,SOURCE_PROGRAM_HOME,Carver-Hawkeye Arena,Carver-Hawkeye Arena,Iowa City,IA,,,REGULAR_SEASON,,"Iowa 2025-26 media guide, Year-by-Year Scores","2/9		 Northwestern W, 116-77",resolved,,,,,
2014,IOWARAW-02015,iowa,2025-26_media_guide_year_by_year,1994-1995,1995,1995-02-11,Illinois,Illinois,illinois,Yes,97,104,L,1,,,at,OPPONENT_HOME,,,,,,,REGULAR_SEASON,,"Iowa 2025-26 media guide, Year-by-Year Scores","2/11		 at Illinois# L, 97-104",resolved,,,,,
2015,IOWARAW-02016,iowa,2025-26_media_guide_year_by_year,1994-1995,1995,1995-02-15,Minnesota,Minnesota,minnesota,Yes,74,70,W,0,,,at,OPPONENT_HOME,,,,,,,REGULAR_SEASON,,"Iowa 2025-26 media guide, Year-by-Year Scores","2/15 --/24 at Minnesota W, 74-70",resolved,,,,,
2016,IOWARAW-02017,iowa,2025-26_media_guide_year_by_year,1994-1995,1995,1995-02-18,Ohio State,Ohio State,ohio-state,Yes,85,66,W,0,,,H,SOURCE_PROGRAM_HOME,Carver-Hawkeye Arena,Carver-Hawkeye Arena,Iowa City,IA,,,REGULAR_SEASON,,"Iowa 2025-26 media guide, Year-by-Year Scores","2/18		 Ohio State W, 85-66",resolved,,,,,
2017,IOWARAW-02018,iowa,2025-26_media_guide_year_by_year,1994-1995,1995,1995-02-22,Wisconsin,Wisconsin,wisconsin,Yes,84,77,W,0,,,H,SOURCE_PROGRAM_HOME,Carver-Hawkeye Arena,Carver-Hawkeye Arena,Iowa City,IA,,,REGULAR_SEASON,,"Iowa 2025-26 media guide, Year-by-Year Scores","2/22		 atWisconsin W, 84-77",resolved,,,,,
2018,IOWARAW-02019,iowa,2025-26_media_guide_year_by_year,1994-1995,1995,1995-03-01,Purdue,Purdue,purdue,Yes,85,92,L,0,,,at,OPPONENT_HOME,,,,,,,REGULAR_SEASON,,"Iowa 2025-26 media guide, Year-by-Year Scores","3/1 --/17 at Purdue L, 85-92",resolved,,,,,
2019,IOWARAW-02020,iowa,2025-26_media_guide_year_by_year,1994-1995,1995,1995-03-05,Michigan,Michigan,michigan,Yes,89,69,W,0,,,H,SOURCE_PROGRAM_HOME,Carver-Hawkeye Arena,Carver-Hawkeye Arena,Iowa City,IA,,,REGULAR_SEASON,,"Iowa 2025-26 media guide, Year-by-Year Scores","3/5		 Michigan W, 89-69",resolved,,,,,
2020,IOWARAW-02021,iowa,2025-26_media_guide_year_by_year,1994-1995,1995,1995-03-08,Michigan State,Michigan State,michigan-state,Yes,79,78,W,0,,,H,SOURCE_PROGRAM_HOME,Carver-Hawkeye Arena,Carver-Hawkeye Arena,Iowa City,IA,,,REGULAR_SEASON,,"Iowa 2025-26 media guide, Year-by-Year Scores","3/8 --/9 Michigan State W, 79-78",resolved,,,,,
2021,IOWARAW-02022,iowa,2025-26_media_guide_year_by_year,1994-1995,1995,1995-03-12,Indiana,Indiana,indiana,Yes,79,110,L,0,,,at,OPPONENT_HOME,,,,,,,REGULAR_SEASON,,"Iowa 2025-26 media guide, Year-by-Year Scores","3/12		 at Indiana L, 79-110",resolved,,,,,
2022,IOWARAW-02023,iowa,2025-26_media_guide_year_by_year,1994-1995,1995,1995-03-15,DePaul,DePaul,depaul,Yes,97,86,W,0,,,vs.,NEUTRAL,,,,,National Invitation Tournament,,NIT,,"Iowa 2025-26 media guide, Year-by-Year Scores","3/15		 vs. DePaul (n) W, 97-86",resolved,,,,,
2023,IOWARAW-02024,iowa,2025-26_media_guide_year_by_year,1994-1995,1995,1995-03-21,Ohio University,Ohio University,ohio-university,Yes,66,62,W,0,,,H,SOURCE_PROGRAM_HOME,Carver-Hawkeye Arena,Carver-Hawkeye Arena,Iowa City,IA,National Invitation Tournament,,NIT,,"Iowa 2025-26 media guide, Year-by-Year Scores","3/21		 Ohio University W, 66-62",resolved,,,,,
2024,IOWARAW-02025,iowa,2025-26_media_guide_year_by_year,1994-1995,1995,1995-03-23,Penn State,Penn State,penn-state,Yes,64,67,L,0,,,H,SOURCE_PROGRAM_HOME,Carver-Hawkeye Arena,Carver-Hawkeye Arena,Iowa City,IA,National Invitation Tournament,,NIT,,"Iowa 2025-26 media guide, Year-by-Year Scores","3/23		 Penn State L, 64-67",resolved,,,,,
2025,IOWARAW-02026,iowa,2025-26_media_guide_year_by_year,1995-1996,1996,1995-11-22,Ohio University,Ohio University,ohio-university,Yes,78,51,W,0,,,vs.,NEUTRAL,,,,,,,REGULAR_SEASON,,"Iowa 2025-26 media guide, Year-by-Year Scores","11/22 10/-- vs. Ohio University (n) W, 78-51",resolved,,,,,
2026,IOWARAW-02027,iowa,2025-26_media_guide_year_by_year,1995-1996,1996,1995-11-24,Connecticut,Connecticut,connecticut,Yes,101,95,W,1,,,vs.,NEUTRAL,,,,,,,REGULAR_SEASON,,"Iowa 2025-26 media guide, Year-by-Year Scores","11/24 10/6 vs. Connecticut (n) # W, 101-95",resolved,,,,,
2027,IOWARAW-02028,iowa,2025-26_media_guide_year_by_year,1995-1996,1996,1995-11-25,Duke,Duke,duke,Yes,81,88,L,0,,,vs.,NEUTRAL,,,,,,,REGULAR_SEASON,,"Iowa 2025-26 media guide, Year-by-Year Scores","11/25 10/-- vs. Duke (n) L, 81-88",resolved,,,,,
2028,IOWARAW-02029,iowa,2025-26_media_guide_year_by_year,1995-1996,1996,1995-11-28,Drake,Drake,drake,Yes,98,66,W,0,,,H,SOURCE_PROGRAM_HOME,Carver-Hawkeye Arena,Carver-Hawkeye Arena,Iowa City,IA,,,REGULAR_SEASON,,"Iowa 2025-26 media guide, Year-by-Year Scores","11/28 11/-- Drake W, 98-66",resolved,,,,,
2029,IOWARAW-02030,iowa,2025-26_media_guide_year_by_year,1995-1996,1996,1995-12-01,East Tennessee State,East Tennessee State,east-tennessee-state,Yes,104,58,W,0,,,H,SOURCE_PROGRAM_HOME,Carver-Hawkeye Arena,Carver-Hawkeye Arena,Iowa City,IA,,,REGULAR_SEASON,,"Iowa 2025-26 media guide, Year-by-Year Scores","12/1 11/-- EastTennessee State W, 104-58",resolved,,,,,
2030,IOWARAW-02031,iowa,2025-26_media_guide_year_by_year,1995-1996,1996,1995-12-02,Colgate,Colgate,colgate,Yes,79,59,W,0,,,H,SOURCE_PROGRAM_HOME,Carver-Hawkeye Arena,Carver-Hawkeye Arena,Iowa City,IA,,,REGULAR_SEASON,,"Iowa 2025-26 media guide, Year-by-Year Scores","12/2 11/-- Colgate W, 79-59",resolved,,,,,
2031,IOWARAW-02032,iowa,2025-26_media_guide_year_by_year,1995-1996,1996,1995-12-05,UNI,UNI,northern-iowa,Yes,78,73,W,0,,,at,OPPONENT_HOME,,,,,,,REGULAR_SEASON,,"Iowa 2025-26 media guide, Year-by-Year Scores","12/5 12/-- at UNI W, 78-73",resolved,,,,,
2032,IOWARAW-02033,iowa,2025-26_media_guide_year_by_year,1995-1996,1996,1995-12-09,Iowa State,Iowa State,iowa-state,Yes,56,50,W,0,,,at,OPPONENT_HOME,,,,,,,REGULAR_SEASON,,"Iowa 2025-26 media guide, Year-by-Year Scores","12/9 12/-- at Iowa State W, 56-50",resolved,,,,,
2033,IOWARAW-02034,iowa,2025-26_media_guide_year_by_year,1995-1996,1996,1995-12-16,Texas Southern,Texas Southern,texas-southern,Yes,110,67,W,0,,,H,SOURCE_PROGRAM_HOME,Carver-Hawkeye Arena,Carver-Hawkeye Arena,Iowa City,IA,,,REGULAR_SEASON,,"Iowa 2025-26 media guide, Year-by-Year Scores","12/16 9/-- Texas Southern W, 110-67",resolved,,,,,
2034,IOWARAW-02035,iowa,2025-26_media_guide_year_by_year,1995-1996,1996,1995-12-20,Western Illinois,Western Illinois,western-illinois,Yes,93,41,W,0,,,H,SOURCE_PROGRAM_HOME,Carver-Hawkeye Arena,Carver-Hawkeye Arena,Iowa City,IA,,,REGULAR_SEASON,,"Iowa 2025-26 media guide, Year-by-Year Scores","12/20 10/-- Western Illinois W, 93-41",resolved,,,,,
2035,IOWARAW-02036,iowa,2025-26_media_guide_year_by_year,1995-1996,1996,1995-12-23,Morehead State,Morehead State,morehead-state,Yes,82,57,W,0,,,H,SOURCE_PROGRAM_HOME,Carver-Hawkeye Arena,Carver-Hawkeye Arena,Iowa City,IA,,,REGULAR_SEASON,,"Iowa 2025-26 media guide, Year-by-Year Scores","12/23 10/-- Morehead State W, 82-57",resolved,,,,,
2036,IOWARAW-02037,iowa,2025-26_media_guide_year_by_year,1995-1996,1996,1995-12-28,Colorado,Colorado,colorado,Yes,100,85,W,0,,,at,OPPONENT_HOME,,,,,,,REGULAR_SEASON,,"Iowa 2025-26 media guide, Year-by-Year Scores","12/28 10/-- at Colorado W, 100-85",resolved,,,,,
2037,IOWARAW-02038,iowa,2025-26_media_guide_year_by_year,1995-1996,1996,1996-01-03,Purdue,Purdue,purdue,Yes,61,85,L,0,FORFEIT,Iowa media guide marks '+' = Awarded Forfeit; source score/on-court result retained under project policy.,at,OPPONENT_HOME,,,,,,,REGULAR_SEASON,,"Iowa 2025-26 media guide, Year-by-Year Scores","1/3 10/-- at Purdue+ L, 61-85",resolved,,,,,
2038,IOWARAW-02039,iowa,2025-26_media_guide_year_by_year,1995-1996,1996,1996-01-06,Minnesota,Minnesota,minnesota,Yes,92,63,W,0,,,H,SOURCE_PROGRAM_HOME,Carver-Hawkeye Arena,Carver-Hawkeye Arena,Iowa City,IA,,,REGULAR_SEASON,,"Iowa 2025-26 media guide, Year-by-Year Scores","1/6 10/-- Minnesota W, 92-63",resolved,,,,,
2039,IOWARAW-02040,iowa,2025-26_media_guide_year_by_year,1995-1996,1996,1996-01-10,Ohio State,Ohio State,ohio-state,Yes,81,53,W,0,,,H,SOURCE_PROGRAM_HOME,Carver-Hawkeye Arena,Carver-Hawkeye Arena,Iowa City,IA,,,REGULAR_SEASON,,"Iowa 2025-26 media guide, Year-by-Year Scores","1/10 11/-- Ohio State W, 81-53",resolved,,,,,
2040,IOWARAW-02041,iowa,2025-26_media_guide_year_by_year,1995-1996,1996,1996-01-13,Wisconsin,Wisconsin,wisconsin,Yes,71,80,L,0,,,H,SOURCE_PROGRAM_HOME,Carver-Hawkeye Arena,Carver-Hawkeye Arena,Iowa City,IA,,,REGULAR_SEASON,,"Iowa 2025-26 media guide, Year-by-Year Scores","1/13 11/-- atWisconsin L, 71-80",resolved,,,,,
2041,IOWARAW-02042,iowa,2025-26_media_guide_year_by_year,1995-1996,1996,1996-01-18,Illinois,Illinois,illinois,Yes,82,79,W,0,,,H,SOURCE_PROGRAM_HOME,Carver-Hawkeye Arena,Carver-Hawkeye Arena,Iowa City,IA,,,REGULAR_SEASON,,"Iowa 2025-26 media guide, Year-by-Year Scores","1/18 16/-- Illinois W, 82-79",resolved,,,,,
2042,IOWARAW-02043,iowa,2025-26_media_guide_year_by_year,1995-1996,1996,1996-01-20,Michigan State,Michigan State,michigan-state,Yes,60,62,L,0,,,at,OPPONENT_HOME,,,,,,,REGULAR_SEASON,,"Iowa 2025-26 media guide, Year-by-Year Scores","1/20 16/-- at Michigan State L, 60-62",resolved,,,,,
2043,IOWARAW-02044,iowa,2025-26_media_guide_year_by_year,1995-1996,1996,1996-01-28,Michigan,Michigan,michigan,Yes,70,61,W,0,,,H,SOURCE_PROGRAM_HOME,Carver-Hawkeye Arena,Carver-Hawkeye Arena,Iowa City,IA,,,REGULAR_SEASON,,"Iowa 2025-26 media guide, Year-by-Year Scores","1/28 22/16 Michigan W, 70-61",resolved,,,,,
2044,IOWARAW-02045,iowa,2025-26_media_guide_year_by_year,1995-1996,1996,1996-01-30,Indiana,Indiana,indiana,Yes,73,76,L,0,,,at,OPPONENT_HOME,,,,,,,REGULAR_SEASON,,"Iowa 2025-26 media guide, Year-by-Year Scores","1/30 16/-- at Indiana L, 73-76",resolved,,,,,
2045,IOWARAW-02046,iowa,2025-26_media_guide_year_by_year,1995-1996,1996,1996-02-03,Penn State,Penn State,penn-state,Yes,87,95,L,1,,,H,SOURCE_PROGRAM_HOME,Carver-Hawkeye Arena,Carver-Hawkeye Arena,Iowa City,IA,,,REGULAR_SEASON,,"Iowa 2025-26 media guide, Year-by-Year Scores","2/3 16/10 Penn State# L, 87-95",resolved,,,,,
2046,IOWARAW-02047,iowa,2025-26_media_guide_year_by_year,1995-1996,1996,1996-02-07,Northwestern,Northwestern,northwestern,Yes,88,77,W,0,,,at,OPPONENT_HOME,,,,,,,REGULAR_SEASON,,"Iowa 2025-26 media guide, Year-by-Year Scores","2/7 19/-- at Northwestern W, 88-77",resolved,,,,,
2047,IOWARAW-02048,iowa,2025-26_media_guide_year_by_year,1995-1996,1996,1996-02-11,Indiana,Indiana,indiana,Yes,76,50,W,0,,,H,SOURCE_PROGRAM_HOME,Carver-Hawkeye Arena,Carver-Hawkeye Arena,Iowa City,IA,,,REGULAR_SEASON,,"Iowa 2025-26 media guide, Year-by-Year Scores","2/11 19/-- Indiana W, 76-50",resolved,,,,,
2048,IOWARAW-02049,iowa,2025-26_media_guide_year_by_year,1995-1996,1996,1996-02-13,Michigan,Michigan,michigan,Yes,62,55,W,0,,,at,OPPONENT_HOME,,,,,,,REGULAR_SEASON,,"Iowa 2025-26 media guide, Year-by-Year Scores","2/13 19/-- at Michigan W, 62-55",resolved,,,,,
2049,IOWARAW-02050,iowa,2025-26_media_guide_year_by_year,1995-1996,1996,1996-02-21,Michigan State,Michigan State,michigan-state,Yes,83,47,W,0,,,H,SOURCE_PROGRAM_HOME,Carver-Hawkeye Arena,Carver-Hawkeye Arena,Iowa City,IA,,,REGULAR_SEASON,,"Iowa 2025-26 media guide, Year-by-Year Scores","2/21 19/-- Michigan State W, 83-47",resolved,,,,,
2050,IOWARAW-02051,iowa,2025-26_media_guide_year_by_year,1995-1996,1996,1996-02-24,Illinois,Illinois,illinois,Yes,86,91,L,0,,,at,OPPONENT_HOME,,,,,,,REGULAR_SEASON,,"Iowa 2025-26 media guide, Year-by-Year Scores","2/24 18/-- at Illinois L, 86-91",resolved,,,,,
2051,IOWARAW-02052,iowa,2025-26_media_guide_year_by_year,1995-1996,1996,1996-02-28,Wisconsin,Wisconsin,wisconsin,Yes,69,54,W,0,,,H,SOURCE_PROGRAM_HOME,Carver-Hawkeye Arena,Carver-Hawkeye Arena,Iowa City,IA,,,REGULAR_SEASON,,"Iowa 2025-26 media guide, Year-by-Year Scores","2/28 20/-- Wisconsin W, 69-54",resolved,,,,,
2052,IOWARAW-02053,iowa,2025-26_media_guide_year_by_year,1995-1996,1996,1996-03-02,Ohio State,Ohio State,ohio-state,Yes,73,64,W,0,,,at,OPPONENT_HOME,,,,,,,REGULAR_SEASON,,"Iowa 2025-26 media guide, Year-by-Year Scores","3/2 20/-- at Ohio State W, 73-64",resolved,,,,,
2053,IOWARAW-02054,iowa,2025-26_media_guide_year_by_year,1995-1996,1996,1996-03-06,Minnesota,Minnesota,minnesota,Yes,64,72,L,0,,,at,OPPONENT_HOME,,,,,,,REGULAR_SEASON,,"Iowa 2025-26 media guide, Year-by-Year Scores","3/6 19/-- at Minnesota L, 64-72",resolved,,,,,
2054,IOWARAW-02055,iowa,2025-26_media_guide_year_by_year,1995-1996,1996,1996-03-09,Purdue,Purdue,purdue,Yes,56,52,W,0,,,H,SOURCE_PROGRAM_HOME,Carver-Hawkeye Arena,Carver-Hawkeye Arena,Iowa City,IA,,,REGULAR_SEASON,,"Iowa 2025-26 media guide, Year-by-Year Scores","3/9 19/4 Purdue W, 56-52",resolved,,,,,
2055,IOWARAW-02056,iowa,2025-26_media_guide_year_by_year,1995-1996,1996,1996-03-15,George Washington,George Washington,george-washington,Yes,81,79,W,0,,,vs.,NEUTRAL,Desert Financial Arena,Desert Financial Arena,Tempe,AZ,NCAA Tournament,,NCAA_TOURNAMENT,R64,"Iowa 2025-26 media guide, Year-by-Year Scores","3/15 19/-- vs. GeorgeWashington (n) W, 81-79",resolved,,,,,
2056,IOWARAW-02057,iowa,2025-26_media_guide_year_by_year,1995-1996,1996,1996-03-17,Arizona,Arizona,arizona,Yes,73,87,L,0,,,vs.,NEUTRAL,Desert Financial Arena,Desert Financial Arena,Tempe,AZ,NCAA Tournament,,NCAA_TOURNAMENT,R32,"Iowa 2025-26 media guide, Year-by-Year Scores","3/17 19/11 vs. Arizona (n) L, 73-87",resolved,,,,,
2057,IOWARAW-02058,iowa,2025-26_media_guide_year_by_year,1996-1997,1997,1996-11-22,Western Illinois,Western Illinois,western-illinois,Yes,81,66,W,0,,,vs.,NEUTRAL,,,,,,,REGULAR_SEASON,,"Iowa 2025-26 media guide, Year-by-Year Scores","11/22 23/-- vs.Western Illinois (n) W, 81-66",resolved,,,,,
2058,IOWARAW-02059,iowa,2025-26_media_guide_year_by_year,1996-1997,1997,1996-11-25,California,California,california,Yes,59,75,L,0,,,vs.,NEUTRAL,,,,,,,REGULAR_SEASON,,"Iowa 2025-26 media guide, Year-by-Year Scores","11/25		 vs. California (n) L, 59-75",resolved,,,,,
2059,IOWARAW-02060,iowa,2025-26_media_guide_year_by_year,1996-1997,1997,1996-11-26,LSU,LSU,lsu,No,60,70,L,0,FORFEIT,Iowa media guide marks '+' = Awarded Forfeit; source score/on-court result retained under project policy.,vs.,NEUTRAL,,,,,,,REGULAR_SEASON,,"Iowa 2025-26 media guide, Year-by-Year Scores","11/26		 vs. LSU (n)+ L, 60-70",resolved,,,,,
2060,IOWARAW-02061,iowa,2025-26_media_guide_year_by_year,1996-1997,1997,1996-11-27,Chaminade,Chaminade,chaminade,No,67,37,W,0,,,at,OPPONENT_HOME,,,,,,,REGULAR_SEASON,,"Iowa 2025-26 media guide, Year-by-Year Scores","11/27		 at Chaminade W, 67-37",resolved,,,,,
2061,IOWARAW-02062,iowa,2025-26_media_guide_year_by_year,1996-1997,1997,1996-12-03,Drake,Drake,drake,Yes,79,59,W,0,,,at,OPPONENT_HOME,,,,,,,REGULAR_SEASON,,"Iowa 2025-26 media guide, Year-by-Year Scores","12/3		 at Drake W, 79-59",resolved,,,,,
2062,IOWARAW-02063,iowa,2025-26_media_guide_year_by_year,1996-1997,1997,1996-12-06,Grambling State,Grambling State,grambling-state,Yes,93,73,W,0,,,H,SOURCE_PROGRAM_HOME,Carver-Hawkeye Arena,Carver-Hawkeye Arena,Iowa City,IA,,,REGULAR_SEASON,,"Iowa 2025-26 media guide, Year-by-Year Scores","12/6		 Grambling State W, 93-73",resolved,,,,,
2063,IOWARAW-02064,iowa,2025-26_media_guide_year_by_year,1996-1997,1997,1996-12-07,LaSalle,La Salle,la-salle,Yes,65,60,W,0,,,H,SOURCE_PROGRAM_HOME,Carver-Hawkeye Arena,Carver-Hawkeye Arena,Iowa City,IA,,,REGULAR_SEASON,,"Iowa 2025-26 media guide, Year-by-Year Scores","12/7		 LaSalle W, 65-60",resolved,,,,,
2064,IOWARAW-02065,iowa,2025-26_media_guide_year_by_year,1996-1997,1997,1996-12-10,UNI,UNI,northern-iowa,Yes,72,63,W,0,,,H,SOURCE_PROGRAM_HOME,Carver-Hawkeye Arena,Carver-Hawkeye Arena,Iowa City,IA,,,REGULAR_SEASON,,"Iowa 2025-26 media guide, Year-by-Year Scores","12/10		 UNI W, 72-63",resolved,,,,,
2065,IOWARAW-02066,iowa,2025-26_media_guide_year_by_year,1996-1997,1997,1996-12-14,Iowa State,Iowa State,iowa-state,Yes,74,81,L,0,,,H,SOURCE_PROGRAM_HOME,Carver-Hawkeye Arena,Carver-Hawkeye Arena,Iowa City,IA,,,REGULAR_SEASON,,"Iowa 2025-26 media guide, Year-by-Year Scores","12/14 --/6 Iowa State L, 74-81",resolved,,,,,
2066,IOWARAW-02067,iowa,2025-26_media_guide_year_by_year,1996-1997,1997,1996-12-21,Missouri,Missouri,missouri,Yes,88,77,W,0,,,H,SOURCE_PROGRAM_HOME,Carver-Hawkeye Arena,Carver-Hawkeye Arena,Iowa City,IA,,,REGULAR_SEASON,,"Iowa 2025-26 media guide, Year-by-Year Scores","12/21		 Missouri W, 88-77",resolved,,,,,
2067,IOWARAW-02068,iowa,2025-26_media_guide_year_by_year,1996-1997,1997,1996-12-27,Austin Peay,Austin Peay,austin-peay,Yes,90,58,W,0,,,H,SOURCE_PROGRAM_HOME,Carver-Hawkeye Arena,Carver-Hawkeye Arena,Iowa City,IA,,,REGULAR_SEASON,,"Iowa 2025-26 media guide, Year-by-Year Scores","12/27		 Austin Peay W, 90-58",resolved,,,,,
2068,IOWARAW-02069,iowa,2025-26_media_guide_year_by_year,1996-1997,1997,1996-12-29,Cal-Northridge,CSUN,cal-state-northridge,Yes,90,65,W,0,,,H,SOURCE_PROGRAM_HOME,Carver-Hawkeye Arena,Carver-Hawkeye Arena,Iowa City,IA,,,REGULAR_SEASON,,"Iowa 2025-26 media guide, Year-by-Year Scores","12/29		 Cal-Northridge W, 90-65",resolved,,,,,
2069,IOWARAW-02070,iowa,2025-26_media_guide_year_by_year,1996-1997,1997,1997-01-02,Northwestern,Northwestern,northwestern,Yes,72,55,W,0,,,H,SOURCE_PROGRAM_HOME,Carver-Hawkeye Arena,Carver-Hawkeye Arena,Iowa City,IA,,,REGULAR_SEASON,,"Iowa 2025-26 media guide, Year-by-Year Scores","1/2		 Northwestern W, 72-55",resolved,,,,,
2070,IOWARAW-02071,iowa,2025-26_media_guide_year_by_year,1996-1997,1997,1997-01-04,Penn State,Penn State,penn-state,Yes,69,57,W,0,,,at,OPPONENT_HOME,,,,,,,REGULAR_SEASON,,"Iowa 2025-26 media guide, Year-by-Year Scores","1/4		 at Penn State W, 69-57",resolved,,,,,
2071,IOWARAW-02072,iowa,2025-26_media_guide_year_by_year,1996-1997,1997,1997-01-07,Purdue,Purdue,purdue,Yes,59,56,W,0,,,at,OPPONENT_HOME,,,,,,,REGULAR_SEASON,,"Iowa 2025-26 media guide, Year-by-Year Scores","1/7		 at Purdue W, 59-56",resolved,,,,,
2072,IOWARAW-02073,iowa,2025-26_media_guide_year_by_year,1996-1997,1997,1997-01-11,Wisconsin,Wisconsin,wisconsin,Yes,78,53,W,0,,,H,SOURCE_PROGRAM_HOME,Carver-Hawkeye Arena,Carver-Hawkeye Arena,Iowa City,IA,,,REGULAR_SEASON,,"Iowa 2025-26 media guide, Year-by-Year Scores","1/11		 Wisconsin W, 78-53",resolved,,,,,
2073,IOWARAW-02074,iowa,2025-26_media_guide_year_by_year,1996-1997,1997,1997-01-15,Ohio State,Ohio State,ohio-state,Yes,76,62,W,0,,,H,SOURCE_PROGRAM_HOME,Carver-Hawkeye Arena,Carver-Hawkeye Arena,Iowa City,IA,,,REGULAR_SEASON,,"Iowa 2025-26 media guide, Year-by-Year Scores","1/15		 Ohio State W, 76-62",resolved,,,,,
2074,IOWARAW-02075,iowa,2025-26_media_guide_year_by_year,1996-1997,1997,1997-01-19,Michigan,Michigan,michigan,Yes,71,79,L,0,,,at,OPPONENT_HOME,,,,,,,REGULAR_SEASON,,"Iowa 2025-26 media guide, Year-by-Year Scores","1/19 --/18 at Michigan L, 71-79",resolved,,,,,
2075,IOWARAW-02076,iowa,2025-26_media_guide_year_by_year,1996-1997,1997,1997-01-23,Minnesota,Minnesota,minnesota,Yes,51,66,L,0,,,at,OPPONENT_HOME,,,,,,,REGULAR_SEASON,,"Iowa 2025-26 media guide, Year-by-Year Scores","1/23 --/8 at Minnesota L, 51-66",resolved,,,,,
2076,IOWARAW-02077,iowa,2025-26_media_guide_year_by_year,1996-1997,1997,1997-01-29,Illinois,Illinois,illinois,Yes,82,65,W,0,,,H,SOURCE_PROGRAM_HOME,Carver-Hawkeye Arena,Carver-Hawkeye Arena,Iowa City,IA,,,REGULAR_SEASON,,"Iowa 2025-26 media guide, Year-by-Year Scores","1/29		 Illinois W, 82-65",resolved,,,,,
2077,IOWARAW-02078,iowa,2025-26_media_guide_year_by_year,1996-1997,1997,1997-02-04,Indiana,Indiana,indiana,Yes,75,67,W,0,,,H,SOURCE_PROGRAM_HOME,Carver-Hawkeye Arena,Carver-Hawkeye Arena,Iowa City,IA,,,REGULAR_SEASON,,"Iowa 2025-26 media guide, Year-by-Year Scores","2/4 25/24 Indiana W, 75-67",resolved,,,,,
2078,IOWARAW-02079,iowa,2025-26_media_guide_year_by_year,1996-1997,1997,1997-02-09,Illinois,Illinois,illinois,Yes,51,66,L,0,,,at,OPPONENT_HOME,,,,,,,REGULAR_SEASON,,"Iowa 2025-26 media guide, Year-by-Year Scores","2/9		 at Illinois L, 51-66",resolved,,,,,
2079,IOWARAW-02080,iowa,2025-26_media_guide_year_by_year,1996-1997,1997,1997-02-12,Michigan State,Michigan State,michigan-state,Yes,67,69,L,0,,,at,OPPONENT_HOME,,,,,,,REGULAR_SEASON,,"Iowa 2025-26 media guide, Year-by-Year Scores","2/12		 at Michigan State L, 67-69",resolved,,,,,
2080,IOWARAW-02081,iowa,2025-26_media_guide_year_by_year,1996-1997,1997,1997-02-15,Minnesota,Minnesota,minnesota,Yes,66,68,L,0,,,H,SOURCE_PROGRAM_HOME,Carver-Hawkeye Arena,Carver-Hawkeye Arena,Iowa City,IA,,,REGULAR_SEASON,,"Iowa 2025-26 media guide, Year-by-Year Scores","2/15 --/3 Minnesota L, 66-68",resolved,,,,,
2081,IOWARAW-02082,iowa,2025-26_media_guide_year_by_year,1996-1997,1997,1997-02-20,Michigan,Michigan,michigan,Yes,80,75,W,0,,,H,SOURCE_PROGRAM_HOME,Carver-Hawkeye Arena,Carver-Hawkeye Arena,Iowa City,IA,,,REGULAR_SEASON,,"Iowa 2025-26 media guide, Year-by-Year Scores","2/20 --/18 Michigan W, 80-75",resolved,,,,,
2082,IOWARAW-02083,iowa,2025-26_media_guide_year_by_year,1996-1997,1997,1997-02-22,Ohio State,Ohio State,ohio-state,Yes,69,56,W,0,,,at,OPPONENT_HOME,,,,,,,REGULAR_SEASON,,"Iowa 2025-26 media guide, Year-by-Year Scores","2/22		 at Ohio State W, 69-56",resolved,,,,,
2083,IOWARAW-02084,iowa,2025-26_media_guide_year_by_year,1996-1997,1997,1997-02-26,Wisconsin,Wisconsin,wisconsin,Yes,48,49,L,0,,,H,SOURCE_PROGRAM_HOME,Carver-Hawkeye Arena,Carver-Hawkeye Arena,Iowa City,IA,,,REGULAR_SEASON,,"Iowa 2025-26 media guide, Year-by-Year Scores","2/26		 atWisconsin L, 48-49",resolved,,,,,
2084,IOWARAW-02085,iowa,2025-26_media_guide_year_by_year,1996-1997,1997,1997-03-01,Purdue,Purdue,purdue,Yes,84,62,W,0,,,H,SOURCE_PROGRAM_HOME,Carver-Hawkeye Arena,Carver-Hawkeye Arena,Iowa City,IA,,,REGULAR_SEASON,,"Iowa 2025-26 media guide, Year-by-Year Scores","3/1		 Purdue W, 84-62",resolved,,,,,
2085,IOWARAW-02086,iowa,2025-26_media_guide_year_by_year,1996-1997,1997,1997-03-05,Penn State,Penn State,penn-state,Yes,81,55,W,0,,,H,SOURCE_PROGRAM_HOME,Carver-Hawkeye Arena,Carver-Hawkeye Arena,Iowa City,IA,,,REGULAR_SEASON,,"Iowa 2025-26 media guide, Year-by-Year Scores","3/5		 Penn State W, 81-55",resolved,,,,,
2086,IOWARAW-02087,iowa,2025-26_media_guide_year_by_year,1996-1997,1997,1997-03-08,Northwestern,Northwestern,northwestern,Yes,75,59,W,0,,,at,OPPONENT_HOME,,,,,,,REGULAR_SEASON,,"Iowa 2025-26 media guide, Year-by-Year Scores","3/8		 at Northwestern W, 75-59",resolved,,,,,
2087,IOWARAW-02088,iowa,2025-26_media_guide_year_by_year,1996-1997,1997,1997-03-13,Virginia,Virginia,virginia,Yes,73,60,W,0,,,vs.,NEUTRAL,Delta Center,Delta Center,Salt Lake City,UT,NCAA Tournament,,NCAA_TOURNAMENT,R64,"Iowa 2025-26 media guide, Year-by-Year Scores","3/13		 vs.Virginia (n) W, 73-60",resolved,,,,,
2088,IOWARAW-02089,iowa,2025-26_media_guide_year_by_year,1996-1997,1997,1997-03-15,Kentucky,Kentucky,kentucky,Yes,69,75,L,0,,,vs.,NEUTRAL,Delta Center,Delta Center,Salt Lake City,UT,NCAA Tournament,,NCAA_TOURNAMENT,R32,"Iowa 2025-26 media guide, Year-by-Year Scores","3/15 --/6 vs. Kentucky (n) L, 69-75",resolved,,,,,
2089,IOWARAW-02090,iowa,2025-26_media_guide_year_by_year,1997-1998,1998,1997-11-14,Chicago State,Chicago State,chicago-state,Yes,105,60,W,0,,,H,SOURCE_PROGRAM_HOME,Carver-Hawkeye Arena,Carver-Hawkeye Arena,Iowa City,IA,,,REGULAR_SEASON,,"Iowa 2025-26 media guide, Year-by-Year Scores","11/14 15/-- Chicago State W, 105-60",resolved,,,,,
2090,IOWARAW-02091,iowa,2025-26_media_guide_year_by_year,1997-1998,1998,1997-11-16,North Texas,North Texas,north-texas,No,112,64,W,0,,,H,SOURCE_PROGRAM_HOME,Carver-Hawkeye Arena,Carver-Hawkeye Arena,Iowa City,IA,,,REGULAR_SEASON,,"Iowa 2025-26 media guide, Year-by-Year Scores","11/16 15/-- NorthTexas W, 112-64",resolved,,,,,
2091,IOWARAW-02092,iowa,2025-26_media_guide_year_by_year,1997-1998,1998,1997-11-29,Long Island,LIU,long-island-university,Yes,101,69,W,0,,,H,SOURCE_PROGRAM_HOME,Carver-Hawkeye Arena,Carver-Hawkeye Arena,Iowa City,IA,,,REGULAR_SEASON,,"Iowa 2025-26 media guide, Year-by-Year Scores","11/29 14/-- Long Island W, 101-69",resolved,,,,,
2092,IOWARAW-02093,iowa,2025-26_media_guide_year_by_year,1997-1998,1998,1997-12-02,Drake,Drake,drake,Yes,90,60,W,0,,,H,SOURCE_PROGRAM_HOME,Carver-Hawkeye Arena,Carver-Hawkeye Arena,Iowa City,IA,,,REGULAR_SEASON,,"Iowa 2025-26 media guide, Year-by-Year Scores","12/2 10/-- Drake W, 90-60",resolved,,,,,
2093,IOWARAW-02094,iowa,2025-26_media_guide_year_by_year,1997-1998,1998,1997-12-05,Rice,Rice,rice,No,81,52,W,0,,,H,SOURCE_PROGRAM_HOME,Carver-Hawkeye Arena,Carver-Hawkeye Arena,Iowa City,IA,,,REGULAR_SEASON,,"Iowa 2025-26 media guide, Year-by-Year Scores","12/5 10/-- Rice W, 81-52",resolved,,,,,
2094,IOWARAW-02095,iowa,2025-26_media_guide_year_by_year,1997-1998,1998,1997-12-06,Weber State,Weber State,weber-state,Yes,81,56,W,0,,,H,SOURCE_PROGRAM_HOME,Carver-Hawkeye Arena,Carver-Hawkeye Arena,Iowa City,IA,,,REGULAR_SEASON,,"Iowa 2025-26 media guide, Year-by-Year Scores","12/6 10/-- Weber State W, 81-56",resolved,,,,,
2095,IOWARAW-02096,iowa,2025-26_media_guide_year_by_year,1997-1998,1998,1997-12-09,UNI,UNI,northern-iowa,Yes,78,84,L,0,,,at,OPPONENT_HOME,,,,,,,REGULAR_SEASON,,"Iowa 2025-26 media guide, Year-by-Year Scores","12/9 10/-- at UNI L, 78-84",resolved,,,,,
2096,IOWARAW-02097,iowa,2025-26_media_guide_year_by_year,1997-1998,1998,1997-12-13,Iowa State,Iowa State,iowa-state,Yes,60,59,W,0,,,at,OPPONENT_HOME,,,,,,,REGULAR_SEASON,,"Iowa 2025-26 media guide, Year-by-Year Scores","12/13 10/-- at Iowa State W, 60-59",resolved,,,,,
2097,IOWARAW-02098,iowa,2025-26_media_guide_year_by_year,1997-1998,1998,1997-12-21,Puerto Rico-Mayaguez,Puerto Rico-Mayaguez,puerto-rico-mayaguez,No,96,37,W,0,,,vs.,NEUTRAL,,,,,,,REGULAR_SEASON,,"Iowa 2025-26 media guide, Year-by-Year Scores","12/21 15/-- vs. Puerto Rico-Mayaguez (n) W, 96-37",resolved,,,,,
2098,IOWARAW-02099,iowa,2025-26_media_guide_year_by_year,1997-1998,1998,1997-12-22,Southern Mississippi,Southern Miss,southern-miss,Yes,82,58,W,0,,,vs.,NEUTRAL,,,,,,,REGULAR_SEASON,,"Iowa 2025-26 media guide, Year-by-Year Scores","12/22 15/-- vs. Southern Mississippi (n) W, 82-58",resolved,,,,,
2099,IOWARAW-02100,iowa,2025-26_media_guide_year_by_year,1997-1998,1998,1997-12-23,St. Bonaventure,St. Bonaventure,st-bonaventure,Yes,81,67,W,0,,,vs.,NEUTRAL,,,,,,,REGULAR_SEASON,,"Iowa 2025-26 media guide, Year-by-Year Scores","12/23 15/-- vs. St. Bonaventure (n) W, 81-67",resolved,,,,,
2100,IOWARAW-02101,iowa,2025-26_media_guide_year_by_year,1997-1998,1998,1997-12-28,Bucknell,Bucknell,bucknell,Yes,91,52,W,0,,,H,SOURCE_PROGRAM_HOME,Carver-Hawkeye Arena,Carver-Hawkeye Arena,Iowa City,IA,,,REGULAR_SEASON,,"Iowa 2025-26 media guide, Year-by-Year Scores","12/28 15/-- Bucknell W, 91-52",resolved,,,,,
2101,IOWARAW-02102,iowa,2025-26_media_guide_year_by_year,1997-1998,1998,1997-12-31,Indiana,Indiana,indiana,Yes,89,76,W,0,,,at,OPPONENT_HOME,,,,,,,REGULAR_SEASON,,"Iowa 2025-26 media guide, Year-by-Year Scores","12/31 14/-- at Indiana W, 89-76",resolved,,,,,
2102,IOWARAW-02103,iowa,2025-26_media_guide_year_by_year,1997-1998,1998,1998-01-03,Northwestern,Northwestern,northwestern,Yes,91,57,W,0,,,H,SOURCE_PROGRAM_HOME,Carver-Hawkeye Arena,Carver-Hawkeye Arena,Iowa City,IA,,,REGULAR_SEASON,,"Iowa 2025-26 media guide, Year-by-Year Scores","1/3 11/-- Northwestern W, 91-57",resolved,,,,,
2103,IOWARAW-02104,iowa,2025-26_media_guide_year_by_year,1997-1998,1998,1998-01-08,Illinois,Illinois,illinois,Yes,64,76,L,0,,,H,SOURCE_PROGRAM_HOME,Carver-Hawkeye Arena,Carver-Hawkeye Arena,Iowa City,IA,,,REGULAR_SEASON,,"Iowa 2025-26 media guide, Year-by-Year Scores","1/8 11/-- Illinois L, 64-76",resolved,,,,,
2104,IOWARAW-02105,iowa,2025-26_media_guide_year_by_year,1997-1998,1998,1998-01-14,Ohio State,Ohio State,ohio-state,Yes,61,46,W,0,,,at,OPPONENT_HOME,,,,,,,REGULAR_SEASON,,"Iowa 2025-26 media guide, Year-by-Year Scores","1/14 13/-- at Ohio State W, 61-46",resolved,,,,,
2105,IOWARAW-02106,iowa,2025-26_media_guide_year_by_year,1997-1998,1998,1998-01-18,Minnesota,Minnesota,minnesota,Yes,82,69,W,0,,,at,OPPONENT_HOME,,,,,,,REGULAR_SEASON,,"Iowa 2025-26 media guide, Year-by-Year Scores","1/18 13/-- at Minnesota W, 82-69",resolved,,,,,
2106,IOWARAW-02107,iowa,2025-26_media_guide_year_by_year,1997-1998,1998,1998-01-21,Michigan State,Michigan State,michigan-state,Yes,57,78,L,0,,,H,SOURCE_PROGRAM_HOME,Carver-Hawkeye Arena,Carver-Hawkeye Arena,Iowa City,IA,,,REGULAR_SEASON,,"Iowa 2025-26 media guide, Year-by-Year Scores","1/21 10/-- Michigan State L, 57-78",resolved,,,,,
2107,IOWARAW-02108,iowa,2025-26_media_guide_year_by_year,1997-1998,1998,1998-01-24,Missouri,Missouri,missouri,Yes,79,80,L,1,,,at,OPPONENT_HOME,,,,,,,REGULAR_SEASON,,"Iowa 2025-26 media guide, Year-by-Year Scores","1/24 10/-- at Missouri# L, 79-80",resolved,,,,,
2108,IOWARAW-02109,iowa,2025-26_media_guide_year_by_year,1997-1998,1998,1998-01-28,Penn State,Penn State,penn-state,Yes,65,67,L,0,,,at,OPPONENT_HOME,,,,,,,REGULAR_SEASON,,"Iowa 2025-26 media guide, Year-by-Year Scores","1/28 16/-- at Penn State L, 65-67",resolved,,,,,
2109,IOWARAW-02110,iowa,2025-26_media_guide_year_by_year,1997-1998,1998,1998-02-01,Michigan,Michigan,michigan,Yes,66,80,L,0,,,H,SOURCE_PROGRAM_HOME,Carver-Hawkeye Arena,Carver-Hawkeye Arena,Iowa City,IA,,,REGULAR_SEASON,,"Iowa 2025-26 media guide, Year-by-Year Scores","2/1 16/19 Michigan L, 66-80",resolved,,,,,
2110,IOWARAW-02111,iowa,2025-26_media_guide_year_by_year,1997-1998,1998,1998-02-03,Wisconsin,Wisconsin,wisconsin,Yes,79,76,W,0,,,H,SOURCE_PROGRAM_HOME,Carver-Hawkeye Arena,Carver-Hawkeye Arena,Iowa City,IA,,,REGULAR_SEASON,,"Iowa 2025-26 media guide, Year-by-Year Scores","2/3 24/-- atWisconsin W, 79-76",resolved,,,,,
2111,IOWARAW-02112,iowa,2025-26_media_guide_year_by_year,1997-1998,1998,1998-02-07,Michigan State,Michigan State,michigan-state,Yes,64,75,L,0,,,at,OPPONENT_HOME,,,,,,,REGULAR_SEASON,,"Iowa 2025-26 media guide, Year-by-Year Scores","2/7 24/16 at Michigan State L, 64-75",resolved,,,,,
2112,IOWARAW-02113,iowa,2025-26_media_guide_year_by_year,1997-1998,1998,1998-02-12,Minnesota,Minnesota,minnesota,Yes,71,73,L,0,,,H,SOURCE_PROGRAM_HOME,Carver-Hawkeye Arena,Carver-Hawkeye Arena,Iowa City,IA,,,REGULAR_SEASON,,"Iowa 2025-26 media guide, Year-by-Year Scores","2/12		 Minnesota L, 71-73",resolved,,,,,
2113,IOWARAW-02114,iowa,2025-26_media_guide_year_by_year,1997-1998,1998,1998-02-14,Ohio State,Ohio State,ohio-state,Yes,82,70,W,0,,,H,SOURCE_PROGRAM_HOME,Carver-Hawkeye Arena,Carver-Hawkeye Arena,Iowa City,IA,,,REGULAR_SEASON,,"Iowa 2025-26 media guide, Year-by-Year Scores","2/14		 Ohio State W, 82-70",resolved,,,,,
2114,IOWARAW-02115,iowa,2025-26_media_guide_year_by_year,1997-1998,1998,1998-02-18,Purdue,Purdue,purdue,Yes,88,69,W,0,,,H,SOURCE_PROGRAM_HOME,Carver-Hawkeye Arena,Carver-Hawkeye Arena,Iowa City,IA,,,REGULAR_SEASON,,"Iowa 2025-26 media guide, Year-by-Year Scores","2/18 --/5 Purdue W, 88-69",resolved,,,,,
2115,IOWARAW-02116,iowa,2025-26_media_guide_year_by_year,1997-1998,1998,1998-02-22,Illinois,Illinois,illinois,Yes,72,79,L,0,,,at,OPPONENT_HOME,,,,,,,REGULAR_SEASON,,"Iowa 2025-26 media guide, Year-by-Year Scores","2/22 --/23 at Illinois L, 72-79",resolved,,,,,
2116,IOWARAW-02117,iowa,2025-26_media_guide_year_by_year,1997-1998,1998,1998-02-25,Northwestern,Northwestern,northwestern,Yes,75,55,W,0,,,at,OPPONENT_HOME,,,,,,,REGULAR_SEASON,,"Iowa 2025-26 media guide, Year-by-Year Scores","2/25		 at Northwestern W, 75-55",resolved,,,,,
2117,IOWARAW-02118,iowa,2025-26_media_guide_year_by_year,1997-1998,1998,1998-02-28,Indiana,Indiana,indiana,Yes,84,70,W,0,,,H,SOURCE_PROGRAM_HOME,Carver-Hawkeye Arena,Carver-Hawkeye Arena,Iowa City,IA,,,REGULAR_SEASON,,"Iowa 2025-26 media guide, Year-by-Year Scores","2/28		 Indiana W, 84-70",resolved,,,,,
2118,IOWARAW-02119,iowa,2025-26_media_guide_year_by_year,1997-1998,1998,1998-03-06,Michigan,Michigan,michigan,Yes,66,77,L,0,,,vs.,NEUTRAL,United Center,United Center,Chicago,IL,Big Ten Tournament,,CONFERENCE_TOURNAMENT,,"Iowa 2025-26 media guide, Year-by-Year Scores","3/6		 vs. Michigan (n) L, 66-77",resolved,,,,,
2119,IOWARAW-02120,iowa,2025-26_media_guide_year_by_year,1997-1998,1998,1998-03-11,Georgia,Georgia,georgia,Yes,93,100,L,0,,,H,SOURCE_PROGRAM_HOME,Carver-Hawkeye Arena,Carver-Hawkeye Arena,Iowa City,IA,National Invitation Tournament,,NIT,,"Iowa 2025-26 media guide, Year-by-Year Scores","3/11		 Georgia L, 93-100",resolved,,,,,
2120,IOWARAW-02121,iowa,2025-26_media_guide_year_by_year,1998-1999,1999,1998-11-15,Western Illinois,Western Illinois,western-illinois,Yes,74,63,W,0,,,vs.,NEUTRAL,,,,,,,REGULAR_SEASON,,"Iowa 2025-26 media guide, Year-by-Year Scores","11/15		 vs.Western Illinois (n) W, 74-63",resolved,,,,,
2121,IOWARAW-02122,iowa,2025-26_media_guide_year_by_year,1998-1999,1999,1998-11-19,UNI,UNI,northern-iowa,Yes,83,67,W,0,,,H,SOURCE_PROGRAM_HOME,Carver-Hawkeye Arena,Carver-Hawkeye Arena,Iowa City,IA,,,REGULAR_SEASON,,"Iowa 2025-26 media guide, Year-by-Year Scores","11/19		 UNI W, 83-67",resolved,,,,,
2122,IOWARAW-02123,iowa,2025-26_media_guide_year_by_year,1998-1999,1999,1998-11-25,Creighton,Creighton,creighton,Yes,73,75,L,0,,,H,SOURCE_PROGRAM_HOME,Carver-Hawkeye Arena,Carver-Hawkeye Arena,Iowa City,IA,,,REGULAR_SEASON,,"Iowa 2025-26 media guide, Year-by-Year Scores","11/25		 Creighton L, 73-75",resolved,,,,,
2123,IOWARAW-02124,iowa,2025-26_media_guide_year_by_year,1998-1999,1999,1998-12-01,Drake,Drake,drake,Yes,78,74,W,0,,,at,OPPONENT_HOME,,,,,,,REGULAR_SEASON,,"Iowa 2025-26 media guide, Year-by-Year Scores","12/1		 at Drake W, 78-74",resolved,,,,,
2124,IOWARAW-02125,iowa,2025-26_media_guide_year_by_year,1998-1999,1999,1998-12-04,South Alabama,South Alabama,south-alabama,Yes,82,58,W,0,,,H,SOURCE_PROGRAM_HOME,Carver-Hawkeye Arena,Carver-Hawkeye Arena,Iowa City,IA,,,REGULAR_SEASON,,"Iowa 2025-26 media guide, Year-by-Year Scores","12/4		 South Alabama W, 82-58",resolved,,,,,
2125,IOWARAW-02126,iowa,2025-26_media_guide_year_by_year,1998-1999,1999,1998-12-05,Detroit Mercy,Detroit Mercy,detroit-mercy,Yes,61,60,W,0,,,H,SOURCE_PROGRAM_HOME,Carver-Hawkeye Arena,Carver-Hawkeye Arena,Iowa City,IA,,,REGULAR_SEASON,,"Iowa 2025-26 media guide, Year-by-Year Scores","12/5		 Detroit Mercy W, 61-60",resolved,,,,,
2126,IOWARAW-02127,iowa,2025-26_media_guide_year_by_year,1998-1999,1999,1998-12-08,Kansas,Kansas,kansas,Yes,85,81,W,0,,,at,OPPONENT_HOME,,,,,,,REGULAR_SEASON,,"Iowa 2025-26 media guide, Year-by-Year Scores","12/8 --/10 at Kansas W, 85-81",resolved,,,,,
2127,IOWARAW-02128,iowa,2025-26_media_guide_year_by_year,1998-1999,1999,1998-12-12,Iowa State,Iowa State,iowa-state,Yes,74,54,W,0,,,H,SOURCE_PROGRAM_HOME,Carver-Hawkeye Arena,Carver-Hawkeye Arena,Iowa City,IA,,,REGULAR_SEASON,,"Iowa 2025-26 media guide, Year-by-Year Scores","12/12		 Iowa State W, 74-54",resolved,,,,,
2128,IOWARAW-02129,iowa,2025-26_media_guide_year_by_year,1998-1999,1999,1998-12-19,Missouri,Missouri,missouri,Yes,82,68,W,0,,,H,SOURCE_PROGRAM_HOME,Carver-Hawkeye Arena,Carver-Hawkeye Arena,Iowa City,IA,,,REGULAR_SEASON,,"Iowa 2025-26 media guide, Year-by-Year Scores","12/19 25/-- Missouri W, 82-68",resolved,,,,,
2129,IOWARAW-02130,iowa,2025-26_media_guide_year_by_year,1998-1999,1999,1998-12-23,Coppin State,Coppin State,coppin-state,Yes,87,73,W,0,,,H,SOURCE_PROGRAM_HOME,Carver-Hawkeye Arena,Carver-Hawkeye Arena,Iowa City,IA,,,REGULAR_SEASON,,"Iowa 2025-26 media guide, Year-by-Year Scores","12/23 21/-- Coppin State W, 87-73",resolved,,,,,
2130,IOWARAW-02131,iowa,2025-26_media_guide_year_by_year,1998-1999,1999,1998-12-31,Indiana,Indiana,indiana,Yes,67,52,W,0,,,H,SOURCE_PROGRAM_HOME,Carver-Hawkeye Arena,Carver-Hawkeye Arena,Iowa City,IA,,,REGULAR_SEASON,,"Iowa 2025-26 media guide, Year-by-Year Scores","12/31 21/8 Indiana W, 67-52",resolved,,,,,
2131,IOWARAW-02132,iowa,2025-26_media_guide_year_by_year,1998-1999,1999,1999-01-03,Northwestern,Northwestern,northwestern,Yes,52,48,W,0,,,at,OPPONENT_HOME,,,,,,,REGULAR_SEASON,,"Iowa 2025-26 media guide, Year-by-Year Scores","1/3 21/-- at Northwestern W, 52-48",resolved,,,,,
2132,IOWARAW-02133,iowa,2025-26_media_guide_year_by_year,1998-1999,1999,1999-01-07,Illinois,Illinois,illinois,Yes,84,62,W,0,,,H,SOURCE_PROGRAM_HOME,Carver-Hawkeye Arena,Carver-Hawkeye Arena,Iowa City,IA,,,REGULAR_SEASON,,"Iowa 2025-26 media guide, Year-by-Year Scores","1/7 17/11 Illinois W, 84-62",resolved,,,,,
2133,IOWARAW-02134,iowa,2025-26_media_guide_year_by_year,1998-1999,1999,1999-01-12,Ohio State,Ohio State,ohio-state,Yes,71,68,W,0,,,at,OPPONENT_HOME,,,,,,,REGULAR_SEASON,,"Iowa 2025-26 media guide, Year-by-Year Scores","1/12 12/21 at Ohio State W, 71-68",resolved,,,,,
2134,IOWARAW-02135,iowa,2025-26_media_guide_year_by_year,1998-1999,1999,1999-01-16,Minnesota,Minnesota,minnesota,Yes,70,75,L,0,,,at,OPPONENT_HOME,,,,,,,REGULAR_SEASON,,"Iowa 2025-26 media guide, Year-by-Year Scores","1/16 12/19 at Minnesota L, 70-75",resolved,,,,,
2135,IOWARAW-02136,iowa,2025-26_media_guide_year_by_year,1998-1999,1999,1999-01-21,Michigan State,Michigan State,michigan-state,Yes,65,80,L,0,,,at,OPPONENT_HOME,,,,,,,REGULAR_SEASON,,"Iowa 2025-26 media guide, Year-by-Year Scores","1/21 14/11 at Michigan State L, 65-80",resolved,,,,,
2136,IOWARAW-02137,iowa,2025-26_media_guide_year_by_year,1998-1999,1999,1999-01-23,Wisconsin,Wisconsin,wisconsin,Yes,52,72,L,0,,,H,SOURCE_PROGRAM_HOME,Carver-Hawkeye Arena,Carver-Hawkeye Arena,Iowa City,IA,,,REGULAR_SEASON,,"Iowa 2025-26 media guide, Year-by-Year Scores","1/23 14/15 Wisconsin L, 52-72",resolved,,,,,
2137,IOWARAW-02138,iowa,2025-26_media_guide_year_by_year,1998-1999,1999,1999-01-27,Penn State,Penn State,penn-state,Yes,84,74,W,0,,,H,SOURCE_PROGRAM_HOME,Carver-Hawkeye Arena,Carver-Hawkeye Arena,Iowa City,IA,,,REGULAR_SEASON,,"Iowa 2025-26 media guide, Year-by-Year Scores","1/27 16/-- Penn State W, 84-74",resolved,,,,,
2138,IOWARAW-02139,iowa,2025-26_media_guide_year_by_year,1998-1999,1999,1999-01-30,Michigan,Michigan,michigan,Yes,81,68,W,0,,,at,OPPONENT_HOME,,,,,,,REGULAR_SEASON,,"Iowa 2025-26 media guide, Year-by-Year Scores","1/30 16/-- at Michigan W, 81-68",resolved,,,,,
2139,IOWARAW-02140,iowa,2025-26_media_guide_year_by_year,1998-1999,1999,1999-02-04,Purdue,Purdue,purdue,Yes,75,90,L,0,,,at,OPPONENT_HOME,,,,,,,REGULAR_SEASON,,"Iowa 2025-26 media guide, Year-by-Year Scores","2/4 14/18 at Purdue L, 75-90",resolved,,,,,
2140,IOWARAW-02141,iowa,2025-26_media_guide_year_by_year,1998-1999,1999,1999-02-06,Michigan State,Michigan State,michigan-state,Yes,81,95,L,0,,,H,SOURCE_PROGRAM_HOME,Carver-Hawkeye Arena,Carver-Hawkeye Arena,Iowa City,IA,,,REGULAR_SEASON,,"Iowa 2025-26 media guide, Year-by-Year Scores","2/6 14/8 Michigan State L, 81-95",resolved,,,,,
2141,IOWARAW-02142,iowa,2025-26_media_guide_year_by_year,1998-1999,1999,1999-02-10,Minnesota,Minnesota,minnesota,Yes,76,73,W,0,,,H,SOURCE_PROGRAM_HOME,Carver-Hawkeye Arena,Carver-Hawkeye Arena,Iowa City,IA,,,REGULAR_SEASON,,"Iowa 2025-26 media guide, Year-by-Year Scores","2/10 19/22 Minnesota W, 76-73",resolved,,,,,
2142,IOWARAW-02143,iowa,2025-26_media_guide_year_by_year,1998-1999,1999,1999-02-13,Ohio State,Ohio State,ohio-state,Yes,69,73,L,0,,,H,SOURCE_PROGRAM_HOME,Carver-Hawkeye Arena,Carver-Hawkeye Arena,Iowa City,IA,,,REGULAR_SEASON,,"Iowa 2025-26 media guide, Year-by-Year Scores","2/13 19/13 Ohio State L, 69-73",resolved,,,,,
2143,IOWARAW-02144,iowa,2025-26_media_guide_year_by_year,1998-1999,1999,1999-02-21,Illinois,Illinois,illinois,Yes,78,72,W,0,,,at,OPPONENT_HOME,,,,,,,REGULAR_SEASON,,"Iowa 2025-26 media guide, Year-by-Year Scores","2/21 20/-- at Illinois W, 78-72",resolved,,,,,
2144,IOWARAW-02145,iowa,2025-26_media_guide_year_by_year,1998-1999,1999,1999-02-23,Northwestern,Northwestern,northwestern,Yes,65,48,W,0,,,H,SOURCE_PROGRAM_HOME,Carver-Hawkeye Arena,Carver-Hawkeye Arena,Iowa City,IA,,,REGULAR_SEASON,,"Iowa 2025-26 media guide, Year-by-Year Scores","2/23 18/-- Northwestern W, 65-48",resolved,,,,,
2145,IOWARAW-02146,iowa,2025-26_media_guide_year_by_year,1998-1999,1999,1999-02-27,Indiana,Indiana,indiana,Yes,81,88,L,0,,,at,OPPONENT_HOME,,,,,,,REGULAR_SEASON,,"Iowa 2025-26 media guide, Year-by-Year Scores","2/27 18/20 at Indiana L, 81-88",resolved,,,,,
2146,IOWARAW-02147,iowa,2025-26_media_guide_year_by_year,1998-1999,1999,1999-03-05,Wisconsin,Wisconsin,wisconsin,Yes,60,74,L,0,,,vs.,NEUTRAL,United Center,United Center,Chicago,IL,Big Ten Tournament,,CONFERENCE_TOURNAMENT,,"Iowa 2025-26 media guide, Year-by-Year Scores","3/5 20/19 vs.Wisconsin (n) L, 60-74",resolved,,,,,
2147,IOWARAW-02148,iowa,2025-26_media_guide_year_by_year,1998-1999,1999,1999-03-11,UAB,UAB,uab,Yes,77,64,W,0,,,vs.,NEUTRAL,McNichols Sports Arena,McNichols Sports Arena,Denver,CO,NCAA Tournament,,NCAA_TOURNAMENT,R64,"Iowa 2025-26 media guide, Year-by-Year Scores","3/11 20/-- vs. UAB (n) W, 77-64",resolved,,,,,
2148,IOWARAW-02149,iowa,2025-26_media_guide_year_by_year,1998-1999,1999,1999-03-13,Arkansas,Arkansas,arkansas,Yes,82,72,W,0,,,vs.,NEUTRAL,McNichols Sports Arena,McNichols Sports Arena,Denver,CO,NCAA Tournament,,NCAA_TOURNAMENT,R32,"Iowa 2025-26 media guide, Year-by-Year Scores","3/13 20/22 vs. Arkansas (n) W, 82-72",resolved,,,,,
2149,IOWARAW-02150,iowa,2025-26_media_guide_year_by_year,1998-1999,1999,1999-03-18,Connecticut,Connecticut,connecticut,Yes,68,78,L,0,,,vs.,NEUTRAL,Mortgage Matchup Center,Mortgage Matchup Center,Phoenix,AZ,NCAA Tournament,,NCAA_TOURNAMENT,Sweet Sixteen,"Iowa 2025-26 media guide, Year-by-Year Scores","3/18 20/3 vs. Connecticut (n) L, 68-78",resolved,,,,,
2150,IOWARAW-02151,iowa,2025-26_media_guide_year_by_year,1999-2000,2000,1999-11-11,Connecticut,Connecticut,connecticut,Yes,70,68,W,0,,,vs.,NEUTRAL,,,,,,,REGULAR_SEASON,,"Iowa 2025-26 media guide, Year-by-Year Scores","11/11 --/1 vs. Connecticut (n) W, 70-68",resolved,,,,,
2151,IOWARAW-02152,iowa,2025-26_media_guide_year_by_year,1999-2000,2000,1999-11-12,Stanford,Stanford,stanford,Yes,58,72,L,0,,,vs.,NEUTRAL,,,,,,,REGULAR_SEASON,,"Iowa 2025-26 media guide, Year-by-Year Scores","11/12		 vs. Stanford (n) L, 58-72",resolved,,,,,
2152,IOWARAW-02153,iowa,2025-26_media_guide_year_by_year,1999-2000,2000,1999-11-21,Eastern Illinois,Eastern Illinois,eastern-illinois,Yes,95,79,W,0,,,H,SOURCE_PROGRAM_HOME,Carver-Hawkeye Arena,Carver-Hawkeye Arena,Iowa City,IA,,,REGULAR_SEASON,,"Iowa 2025-26 media guide, Year-by-Year Scores","11/21 22/-- Eastern Illinois W, 95-79",resolved,,,,,
2153,IOWARAW-02154,iowa,2025-26_media_guide_year_by_year,1999-2000,2000,1999-11-27,Creighton,Creighton,creighton,Yes,76,85,L,0,,,at,OPPONENT_HOME,,,,,,,REGULAR_SEASON,,"Iowa 2025-26 media guide, Year-by-Year Scores","11/27 23/-- at Creighton L, 76-85",resolved,,,,,
2154,IOWARAW-02155,iowa,2025-26_media_guide_year_by_year,1999-2000,2000,1999-11-30,Maryland,Maryland,maryland,Yes,65,83,L,0,,,vs.,NEUTRAL,,,,,,,REGULAR_SEASON,,"Iowa 2025-26 media guide, Year-by-Year Scores","11/30 --/24 vs. Maryland (n) L, 65-83",resolved,,,,,
2155,IOWARAW-02156,iowa,2025-26_media_guide_year_by_year,1999-2000,2000,1999-12-03,Texas Southern,Texas Southern,texas-southern,Yes,73,51,W,0,,,H,SOURCE_PROGRAM_HOME,Carver-Hawkeye Arena,Carver-Hawkeye Arena,Iowa City,IA,,,REGULAR_SEASON,,"Iowa 2025-26 media guide, Year-by-Year Scores","12/3		 Texas Southern W, 73-51",resolved,,,,,
2156,IOWARAW-02157,iowa,2025-26_media_guide_year_by_year,1999-2000,2000,1999-12-04,Ohio University,Ohio University,ohio-university,Yes,86,66,W,0,,,H,SOURCE_PROGRAM_HOME,Carver-Hawkeye Arena,Carver-Hawkeye Arena,Iowa City,IA,,,REGULAR_SEASON,,"Iowa 2025-26 media guide, Year-by-Year Scores","12/4		 Ohio University W, 86-66",resolved,,,,,
2157,IOWARAW-02158,iowa,2025-26_media_guide_year_by_year,1999-2000,2000,1999-12-07,UNI,UNI,northern-iowa,Yes,67,59,W,0,,,at,OPPONENT_HOME,,,,,,,REGULAR_SEASON,,"Iowa 2025-26 media guide, Year-by-Year Scores","12/7		 at UNI W, 67-59",resolved,,,,,
2158,IOWARAW-02159,iowa,2025-26_media_guide_year_by_year,1999-2000,2000,1999-12-11,Iowa State,Iowa State,iowa-state,Yes,59,66,L,0,,,at,OPPONENT_HOME,,,,,,,REGULAR_SEASON,,"Iowa 2025-26 media guide, Year-by-Year Scores","12/11		 at Iowa State L, 59-66",resolved,,,,,
2159,IOWARAW-02160,iowa,2025-26_media_guide_year_by_year,1999-2000,2000,1999-12-18,Missouri,Missouri,missouri,Yes,61,72,L,0,,,at,OPPONENT_HOME,,,,,,,REGULAR_SEASON,,"Iowa 2025-26 media guide, Year-by-Year Scores","12/18		 at Missouri L, 61-72",resolved,,,,,
2160,IOWARAW-02161,iowa,2025-26_media_guide_year_by_year,1999-2000,2000,1999-12-28,Drake,Drake,drake,Yes,83,76,W,2,,,H,SOURCE_PROGRAM_HOME,Carver-Hawkeye Arena,Carver-Hawkeye Arena,Iowa City,IA,,,REGULAR_SEASON,,"Iowa 2025-26 media guide, Year-by-Year Scores","12/28		 Drake## W, 83-76",resolved,,,,,
2161,IOWARAW-02162,iowa,2025-26_media_guide_year_by_year,1999-2000,2000,2000-01-05,Northwestern,Northwestern,northwestern,Yes,58,52,W,0,,,H,SOURCE_PROGRAM_HOME,Carver-Hawkeye Arena,Carver-Hawkeye Arena,Iowa City,IA,,,REGULAR_SEASON,,"Iowa 2025-26 media guide, Year-by-Year Scores","1/5		 Northwestern W, 58-52",resolved,,,,,
2162,IOWARAW-02163,iowa,2025-26_media_guide_year_by_year,1999-2000,2000,2000-01-08,Michigan State,Michigan State,michigan-state,Yes,53,75,L,0,,,H,SOURCE_PROGRAM_HOME,Carver-Hawkeye Arena,Carver-Hawkeye Arena,Iowa City,IA,,,REGULAR_SEASON,,"Iowa 2025-26 media guide, Year-by-Year Scores","1/8 --/11 Michigan State L, 53-75",resolved,,,,,
2163,IOWARAW-02164,iowa,2025-26_media_guide_year_by_year,1999-2000,2000,2000-01-12,Minnesota,Minnesota,minnesota,Yes,82,85,L,0,,,at,OPPONENT_HOME,,,,,,,REGULAR_SEASON,,"Iowa 2025-26 media guide, Year-by-Year Scores","1/12		 at Minnesota L, 82-85",resolved,,,,,
2164,IOWARAW-02165,iowa,2025-26_media_guide_year_by_year,1999-2000,2000,2000-01-15,Penn State,Penn State,penn-state,Yes,61,73,L,0,,,at,OPPONENT_HOME,,,,,,,REGULAR_SEASON,,"Iowa 2025-26 media guide, Year-by-Year Scores","1/15		 at Penn State L, 61-73",resolved,,,,,
2165,IOWARAW-02166,iowa,2025-26_media_guide_year_by_year,1999-2000,2000,2000-01-18,Indiana,Indiana,indiana,Yes,71,74,L,0,,,at,OPPONENT_HOME,,,,,,,REGULAR_SEASON,,"Iowa 2025-26 media guide, Year-by-Year Scores","1/18 --/11 at Indiana L, 71-74",resolved,,,,,
2166,IOWARAW-02167,iowa,2025-26_media_guide_year_by_year,1999-2000,2000,2000-01-22,Michigan,Michigan,michigan,Yes,83,78,W,0,,,H,SOURCE_PROGRAM_HOME,Carver-Hawkeye Arena,Carver-Hawkeye Arena,Iowa City,IA,,,REGULAR_SEASON,,"Iowa 2025-26 media guide, Year-by-Year Scores","1/22		 Michigan W, 83-78",resolved,,,,,
2167,IOWARAW-02168,iowa,2025-26_media_guide_year_by_year,1999-2000,2000,2000-01-26,Illinois,Illinois,illinois,Yes,58,69,L,0,,,H,SOURCE_PROGRAM_HOME,Carver-Hawkeye Arena,Carver-Hawkeye Arena,Iowa City,IA,,,REGULAR_SEASON,,"Iowa 2025-26 media guide, Year-by-Year Scores","1/26		 Illinois L, 58-69",resolved,,,,,
2168,IOWARAW-02169,iowa,2025-26_media_guide_year_by_year,1999-2000,2000,2000-01-29,Wisconsin,Wisconsin,wisconsin,Yes,61,55,W,0,,,H,SOURCE_PROGRAM_HOME,Carver-Hawkeye Arena,Carver-Hawkeye Arena,Iowa City,IA,,,REGULAR_SEASON,,"Iowa 2025-26 media guide, Year-by-Year Scores","1/29		 atWisconsin W, 61-55",resolved,,,,,
2169,IOWARAW-02170,iowa,2025-26_media_guide_year_by_year,1999-2000,2000,2000-02-03,Kansas,Kansas,kansas,Yes,77,69,W,0,,,H,SOURCE_PROGRAM_HOME,Carver-Hawkeye Arena,Carver-Hawkeye Arena,Iowa City,IA,,,REGULAR_SEASON,,"Iowa 2025-26 media guide, Year-by-Year Scores","2/3 --/15 Kansas W, 77-69",resolved,,,,,
2170,IOWARAW-02171,iowa,2025-26_media_guide_year_by_year,1999-2000,2000,2000-02-05,Purdue,Purdue,purdue,Yes,58,84,L,0,,,H,SOURCE_PROGRAM_HOME,Carver-Hawkeye Arena,Carver-Hawkeye Arena,Iowa City,IA,,,REGULAR_SEASON,,"Iowa 2025-26 media guide, Year-by-Year Scores","2/5		 Purdue L, 58-84",resolved,,,,,
2171,IOWARAW-02172,iowa,2025-26_media_guide_year_by_year,1999-2000,2000,2000-02-09,Ohio State,Ohio State,ohio-state,Yes,67,64,W,0,,,at,OPPONENT_HOME,,,,,,,REGULAR_SEASON,,"Iowa 2025-26 media guide, Year-by-Year Scores","2/9 --/5 at Ohio State W, 67-64",resolved,,,,,
2172,IOWARAW-02173,iowa,2025-26_media_guide_year_by_year,1999-2000,2000,2000-02-12,Illinois,Illinois,illinois,Yes,50,78,L,0,,,at,OPPONENT_HOME,,,,,,,REGULAR_SEASON,,"Iowa 2025-26 media guide, Year-by-Year Scores","2/12		 at Illinois L, 50-78",resolved,,,,,
2173,IOWARAW-02174,iowa,2025-26_media_guide_year_by_year,1999-2000,2000,2000-02-16,Purdue,Purdue,purdue,Yes,59,67,L,0,,,at,OPPONENT_HOME,,,,,,,REGULAR_SEASON,,"Iowa 2025-26 media guide, Year-by-Year Scores","2/16 --/25 at Purdue L, 59-67",resolved,,,,,
2174,IOWARAW-02175,iowa,2025-26_media_guide_year_by_year,1999-2000,2000,2000-02-23,Wisconsin,Wisconsin,wisconsin,Yes,45,54,L,0,,,H,SOURCE_PROGRAM_HOME,Carver-Hawkeye Arena,Carver-Hawkeye Arena,Iowa City,IA,,,REGULAR_SEASON,,"Iowa 2025-26 media guide, Year-by-Year Scores","2/23		 Wisconsin L, 45-54",resolved,,,,,
2175,IOWARAW-02176,iowa,2025-26_media_guide_year_by_year,1999-2000,2000,2000-02-27,Minnesota,Minnesota,minnesota,Yes,71,59,W,0,,,H,SOURCE_PROGRAM_HOME,Carver-Hawkeye Arena,Carver-Hawkeye Arena,Iowa City,IA,,,REGULAR_SEASON,,"Iowa 2025-26 media guide, Year-by-Year Scores","2/27		 Minnesota W, 71-59",resolved,,,,,
2176,IOWARAW-02177,iowa,2025-26_media_guide_year_by_year,1999-2000,2000,2000-03-01,Michigan,Michigan,michigan,Yes,78,87,L,0,,,at,OPPONENT_HOME,,,,,,,REGULAR_SEASON,,"Iowa 2025-26 media guide, Year-by-Year Scores","3/1		 at Michigan L, 78-87",resolved,,,,,
2177,IOWARAW-02178,iowa,2025-26_media_guide_year_by_year,1999-2000,2000,2000-03-04,Penn State,Penn State,penn-state,Yes,86,83,W,0,,,H,SOURCE_PROGRAM_HOME,Carver-Hawkeye Arena,Carver-Hawkeye Arena,Iowa City,IA,,,REGULAR_SEASON,,"Iowa 2025-26 media guide, Year-by-Year Scores","3/4		 Penn State W, 86-83",resolved,,,,,
2178,IOWARAW-02179,iowa,2025-26_media_guide_year_by_year,1999-2000,2000,2000-03-09,Minnesota,Minnesota,minnesota,Yes,81,78,W,0,,,vs.,NEUTRAL,United Center,United Center,Chicago,IL,Big Ten Tournament,,CONFERENCE_TOURNAMENT,,"Iowa 2025-26 media guide, Year-by-Year Scores","3/9		 vs. Minnesota (n) W, 81-78",resolved,,,,,
2179,IOWARAW-02180,iowa,2025-26_media_guide_year_by_year,1999-2000,2000,2000-03-10,Michigan State,Michigan State,michigan-state,Yes,65,75,L,0,,,vs.,NEUTRAL,United Center,United Center,Chicago,IL,Big Ten Tournament,,CONFERENCE_TOURNAMENT,,"Iowa 2025-26 media guide, Year-by-Year Scores","3/10 --/5 vs. Michigan State (n) L, 65-75",resolved,,,,,
2180,IOWARAW-02181,iowa,2025-26_media_guide_year_by_year,2000-2001,2001,2000-11-19,UW-Milwaukee,Milwaukee,milwaukee,Yes,83,79,W,0,,,H,SOURCE_PROGRAM_HOME,Carver-Hawkeye Arena,Carver-Hawkeye Arena,Iowa City,IA,,,REGULAR_SEASON,,"Iowa 2025-26 media guide, Year-by-Year Scores","11/19		 UW-Milwaukee W, 83-79",resolved,,,,,
2181,IOWARAW-02182,iowa,2025-26_media_guide_year_by_year,2000-2001,2001,2000-11-21,Drake,Drake,drake,Yes,73,71,W,0,,,at,OPPONENT_HOME,,,,,,,REGULAR_SEASON,,"Iowa 2025-26 media guide, Year-by-Year Scores","11/21		 at Drake W, 73-71",resolved,,,,,
2182,IOWARAW-02183,iowa,2025-26_media_guide_year_by_year,2000-2001,2001,2000-11-28,Georgia Tech,Georgia Tech,georgia-tech,No,85,67,W,0,,,H,SOURCE_PROGRAM_HOME,Carver-Hawkeye Arena,Carver-Hawkeye Arena,Iowa City,IA,,,REGULAR_SEASON,,"Iowa 2025-26 media guide, Year-by-Year Scores","11/28		 GeorgiaTech W, 85-67",resolved,,,,,
2183,IOWARAW-02184,iowa,2025-26_media_guide_year_by_year,2000-2001,2001,2000-12-01,Tennessee-Chattanooga,Chattanooga,chattanooga,Yes,79,60,W,0,,,H,SOURCE_PROGRAM_HOME,Carver-Hawkeye Arena,Carver-Hawkeye Arena,Iowa City,IA,,,REGULAR_SEASON,,"Iowa 2025-26 media guide, Year-by-Year Scores","12/1		 Tennessee-Chattanooga W, 79-60",resolved,,,,,
2184,IOWARAW-02185,iowa,2025-26_media_guide_year_by_year,2000-2001,2001,2000-12-02,Tulsa,Tulsa,tulsa,Yes,66,65,W,0,,,H,SOURCE_PROGRAM_HOME,Carver-Hawkeye Arena,Carver-Hawkeye Arena,Iowa City,IA,,,REGULAR_SEASON,,"Iowa 2025-26 media guide, Year-by-Year Scores","12/2		 Tulsa W, 66-65",resolved,,,,,
2185,IOWARAW-02186,iowa,2025-26_media_guide_year_by_year,2000-2001,2001,2000-12-05,UNI,UNI,northern-iowa,Yes,74,42,W,0,,,H,SOURCE_PROGRAM_HOME,Carver-Hawkeye Arena,Carver-Hawkeye Arena,Iowa City,IA,,,REGULAR_SEASON,,"Iowa 2025-26 media guide, Year-by-Year Scores","12/5		 UNI W, 74-42",resolved,,,,,
2186,IOWARAW-02187,iowa,2025-26_media_guide_year_by_year,2000-2001,2001,2000-12-09,Iowa State,Iowa State,iowa-state,Yes,80,68,W,0,,,H,SOURCE_PROGRAM_HOME,Carver-Hawkeye Arena,Carver-Hawkeye Arena,Iowa City,IA,,,REGULAR_SEASON,,"Iowa 2025-26 media guide, Year-by-Year Scores","12/9		 Iowa State W, 80-68",resolved,,,,,
2187,IOWARAW-02188,iowa,2025-26_media_guide_year_by_year,2000-2001,2001,2000-12-16,Missouri,Missouri,missouri,Yes,99,94,W,2,,,H,SOURCE_PROGRAM_HOME,Carver-Hawkeye Arena,Carver-Hawkeye Arena,Iowa City,IA,,,REGULAR_SEASON,,"Iowa 2025-26 media guide, Year-by-Year Scores","12/16 22/-- Missouri## W, 99-94",resolved,,,,,
2188,IOWARAW-02189,iowa,2025-26_media_guide_year_by_year,2000-2001,2001,2000-12-19,Centenary,Centenary,centenary,No,72,52,W,0,,,H,SOURCE_PROGRAM_HOME,Carver-Hawkeye Arena,Carver-Hawkeye Arena,Iowa City,IA,,,REGULAR_SEASON,,"Iowa 2025-26 media guide, Year-by-Year Scores","12/19 19/-- Centenary W, 72-52",resolved,,,,,
2189,IOWARAW-02190,iowa,2025-26_media_guide_year_by_year,2000-2001,2001,2000-12-23,Kansas State,Kansas State,kansas-state,Yes,78,86,L,0,,,at,OPPONENT_HOME,,,,,,,REGULAR_SEASON,,"Iowa 2025-26 media guide, Year-by-Year Scores","12/23 19/-- at Kansas State L, 78-86",resolved,,,,,
2190,IOWARAW-02191,iowa,2025-26_media_guide_year_by_year,2000-2001,2001,2000-12-28,Detroit-Mercy,Detroit Mercy,detroit-mercy,Yes,69,68,W,0,,,vs.,NEUTRAL,,,,,,,REGULAR_SEASON,,"Iowa 2025-26 media guide, Year-by-Year Scores","12/28 23/-- vs. Detroit-Mercy (n) W, 69-68",resolved,,,,,
2191,IOWARAW-02192,iowa,2025-26_media_guide_year_by_year,2000-2001,2001,2000-12-29,Tennessee,Tennessee,tennessee,Yes,68,80,L,0,,,vs.,NEUTRAL,,,,,,,REGULAR_SEASON,,"Iowa 2025-26 media guide, Year-by-Year Scores","12/29 23/6 vs.Tennessee (n) L, 68-80",resolved,,,,,
2192,IOWARAW-02193,iowa,2025-26_media_guide_year_by_year,2000-2001,2001,2000-12-30,Saint Louis,Saint Louis,saint-louis,Yes,68,56,W,0,,,vs.,NEUTRAL,,,,,,,REGULAR_SEASON,,"Iowa 2025-26 media guide, Year-by-Year Scores","12/30 23/-- vs. Saint Louis (n) W, 68-56",resolved,,,,,
2193,IOWARAW-02194,iowa,2025-26_media_guide_year_by_year,2000-2001,2001,2001-01-06,Penn State,Penn State,penn-state,Yes,86,85,W,0,,,at,OPPONENT_HOME,,,,,,,REGULAR_SEASON,,"Iowa 2025-26 media guide, Year-by-Year Scores","1/6		 at Penn State W, 86-85",resolved,,,,,
2194,IOWARAW-02195,iowa,2025-26_media_guide_year_by_year,2000-2001,2001,2001-01-11,Illinois,Illinois,illinois,Yes,78,62,W,0,,,H,SOURCE_PROGRAM_HOME,Carver-Hawkeye Arena,Carver-Hawkeye Arena,Iowa City,IA,,,REGULAR_SEASON,,"Iowa 2025-26 media guide, Year-by-Year Scores","1/11 --/7 Illinois W, 78-62",resolved,,,,,
2195,IOWARAW-02196,iowa,2025-26_media_guide_year_by_year,2000-2001,2001,2001-01-13,Purdue,Purdue,purdue,Yes,83,73,W,0,,,at,OPPONENT_HOME,,,,,,,REGULAR_SEASON,,"Iowa 2025-26 media guide, Year-by-Year Scores","1/13		 at Purdue W, 83-73",resolved,,,,,
2196,IOWARAW-02197,iowa,2025-26_media_guide_year_by_year,2000-2001,2001,2001-01-16,Wisconsin,Wisconsin,wisconsin,Yes,54,67,L,0,,,H,SOURCE_PROGRAM_HOME,Carver-Hawkeye Arena,Carver-Hawkeye Arena,Iowa City,IA,,,REGULAR_SEASON,,"Iowa 2025-26 media guide, Year-by-Year Scores","1/16 14/-- atWisconsin L, 54-67",resolved,,,,,
2197,IOWARAW-02198,iowa,2025-26_media_guide_year_by_year,2000-2001,2001,2001-01-20,Michigan,Michigan,michigan,Yes,69,70,L,0,,,H,SOURCE_PROGRAM_HOME,Carver-Hawkeye Arena,Carver-Hawkeye Arena,Iowa City,IA,,,REGULAR_SEASON,,"Iowa 2025-26 media guide, Year-by-Year Scores","1/20 14/-- Michigan L, 69-70",resolved,,,,,
2198,IOWARAW-02199,iowa,2025-26_media_guide_year_by_year,2000-2001,2001,2001-01-24,Minnesota,Minnesota,minnesota,Yes,87,74,W,0,,,at,OPPONENT_HOME,,,,,,,REGULAR_SEASON,,"Iowa 2025-26 media guide, Year-by-Year Scores","1/24 21/-- at Minnesota W, 87-74",resolved,,,,,
2199,IOWARAW-02200,iowa,2025-26_media_guide_year_by_year,2000-2001,2001,2001-01-27,Indiana,Indiana,indiana,Yes,71,66,W,0,,,H,SOURCE_PROGRAM_HOME,Carver-Hawkeye Arena,Carver-Hawkeye Arena,Iowa City,IA,,,REGULAR_SEASON,,"Iowa 2025-26 media guide, Year-by-Year Scores","1/27 21/-- Indiana W, 71-66",resolved,,,,,
2200,IOWARAW-02201,iowa,2025-26_media_guide_year_by_year,2000-2001,2001,2001-01-31,Minnesota,Minnesota,minnesota,Yes,64,55,W,0,,,H,SOURCE_PROGRAM_HOME,Carver-Hawkeye Arena,Carver-Hawkeye Arena,Iowa City,IA,,,REGULAR_SEASON,,"Iowa 2025-26 media guide, Year-by-Year Scores","1/31 18/-- Minnesota W, 64-55",resolved,,,,,
2201,IOWARAW-02202,iowa,2025-26_media_guide_year_by_year,2000-2001,2001,2001-02-07,Ohio State,Ohio State,ohio-state,Yes,68,69,L,0,,,H,SOURCE_PROGRAM_HOME,Carver-Hawkeye Arena,Carver-Hawkeye Arena,Iowa City,IA,,,REGULAR_SEASON,,"Iowa 2025-26 media guide, Year-by-Year Scores","2/7 14/-- Ohio State L, 68-69",resolved,,,,,
2202,IOWARAW-02203,iowa,2025-26_media_guide_year_by_year,2000-2001,2001,2001-02-10,Northwestern,Northwestern,northwestern,Yes,61,69,L,0,,,at,OPPONENT_HOME,,,,,,,REGULAR_SEASON,,"Iowa 2025-26 media guide, Year-by-Year Scores","2/10 14/-- at Northwestern L, 61-69",resolved,,,,,
2203,IOWARAW-02204,iowa,2025-26_media_guide_year_by_year,2000-2001,2001,2001-02-14,Michigan,Michigan,michigan,Yes,85,95,L,0,,,at,OPPONENT_HOME,,,,,,,REGULAR_SEASON,,"Iowa 2025-26 media guide, Year-by-Year Scores","2/14 25/-- at Michigan L, 85-95",resolved,,,,,
2204,IOWARAW-02205,iowa,2025-26_media_guide_year_by_year,2000-2001,2001,2001-02-18,Michigan State,Michigan State,michigan-state,Yes,70,94,L,0,,,at,OPPONENT_HOME,,,,,,,REGULAR_SEASON,,"Iowa 2025-26 media guide, Year-by-Year Scores","2/18 25/5 at Michigan State L, 70-94",resolved,,,,,
2205,IOWARAW-02206,iowa,2025-26_media_guide_year_by_year,2000-2001,2001,2001-02-21,Purdue,Purdue,purdue,Yes,78,72,W,1,,,H,SOURCE_PROGRAM_HOME,Carver-Hawkeye Arena,Carver-Hawkeye Arena,Iowa City,IA,,,REGULAR_SEASON,,"Iowa 2025-26 media guide, Year-by-Year Scores","2/21		 Purdue# W, 78-72",resolved,,,,,
2206,IOWARAW-02207,iowa,2025-26_media_guide_year_by_year,2000-2001,2001,2001-02-24,Illinois,Illinois,illinois,Yes,63,89,L,0,,,at,OPPONENT_HOME,,,,,,,REGULAR_SEASON,,"Iowa 2025-26 media guide, Year-by-Year Scores","2/24 --/3 at Illinois L, 63-89",resolved,,,,,
2207,IOWARAW-02208,iowa,2025-26_media_guide_year_by_year,2000-2001,2001,2001-03-01,Penn State,Penn State,penn-state,Yes,73,78,L,0,,,H,SOURCE_PROGRAM_HOME,Carver-Hawkeye Arena,Carver-Hawkeye Arena,Iowa City,IA,,,REGULAR_SEASON,,"Iowa 2025-26 media guide, Year-by-Year Scores","3/1		 Penn State L, 73-78",resolved,,,,,
2208,IOWARAW-02209,iowa,2025-26_media_guide_year_by_year,2000-2001,2001,2001-03-03,Wisconsin,Wisconsin,wisconsin,Yes,57,59,L,0,,,H,SOURCE_PROGRAM_HOME,Carver-Hawkeye Arena,Carver-Hawkeye Arena,Iowa City,IA,,,REGULAR_SEASON,,"Iowa 2025-26 media guide, Year-by-Year Scores","3/3 --/22 Wisconsin L, 57-59",resolved,,,,,
2209,IOWARAW-02210,iowa,2025-26_media_guide_year_by_year,2000-2001,2001,2001-03-08,Northwestern,Northwestern,northwestern,Yes,72,55,W,0,,,vs.,NEUTRAL,United Center,United Center,Chicago,IL,Big Ten Tournament,,CONFERENCE_TOURNAMENT,,"Iowa 2025-26 media guide, Year-by-Year Scores","3/8		 vs. Northwestern (n) W, 72-55",resolved,,,,,
2210,IOWARAW-02211,iowa,2025-26_media_guide_year_by_year,2000-2001,2001,2001-03-09,Ohio State,Ohio State,ohio-state,Yes,75,66,W,0,,,vs.,NEUTRAL,United Center,United Center,Chicago,IL,Big Ten Tournament,,CONFERENCE_TOURNAMENT,,"Iowa 2025-26 media guide, Year-by-Year Scores","3/9 --/24 vs. Ohio State (n) W, 75-66",resolved,,,,,
2211,IOWARAW-02212,iowa,2025-26_media_guide_year_by_year,2000-2001,2001,2001-03-10,Penn State,Penn State,penn-state,Yes,94,74,W,0,,,vs.,NEUTRAL,United Center,United Center,Chicago,IL,Big Ten Tournament,,CONFERENCE_TOURNAMENT,,"Iowa 2025-26 media guide, Year-by-Year Scores","3/10		 vs. Penn State (n) W, 94-74",resolved,,,,,
2212,IOWARAW-02213,iowa,2025-26_media_guide_year_by_year,2000-2001,2001,2001-03-11,Indiana,Indiana,indiana,Yes,63,61,W,0,,,vs.,NEUTRAL,United Center,United Center,Chicago,IL,Big Ten Tournament,,CONFERENCE_TOURNAMENT,Championship,"Iowa 2025-26 media guide, Year-by-Year Scores","3/11		 vs. Indiana (n) W, 63-61",resolved,,,,,
2213,IOWARAW-02214,iowa,2025-26_media_guide_year_by_year,2000-2001,2001,2001-03-15,Creighton,Creighton,creighton,Yes,69,56,W,0,,,vs.,NEUTRAL,Nassau Coliseum,Nassau Coliseum,Uniondale,NY,NCAA Tournament,,NCAA_TOURNAMENT,R64,"Iowa 2025-26 media guide, Year-by-Year Scores","3/15		 vs. Creighton (n) W, 69-56",resolved,,,,,
2214,IOWARAW-02215,iowa,2025-26_media_guide_year_by_year,2000-2001,2001,2001-03-17,Kentucky,Kentucky,kentucky,Yes,79,92,L,0,,,vs.,NEUTRAL,Nassau Coliseum,Nassau Coliseum,Uniondale,NY,NCAA Tournament,,NCAA_TOURNAMENT,R32,"Iowa 2025-26 media guide, Year-by-Year Scores","3/17 --/15 vs. Kentucky (n) L, 79-92",resolved,,,,,
2215,IOWARAW-02216,iowa,2025-26_media_guide_year_by_year,2001-2002,2002,2001-11-13,UMES,Maryland Eastern Shore,maryland-eastern-shore,Yes,89,59,W,0,,,H,SOURCE_PROGRAM_HOME,Carver-Hawkeye Arena,Carver-Hawkeye Arena,Iowa City,IA,,,REGULAR_SEASON,,"Iowa 2025-26 media guide, Year-by-Year Scores","11/13 9/-- UMES W, 89-59",resolved,,,,,
2216,IOWARAW-02217,iowa,2025-26_media_guide_year_by_year,2001-2002,2002,2001-11-14,Boston University,Boston University,boston-university,Yes,90,61,W,0,,,H,SOURCE_PROGRAM_HOME,Carver-Hawkeye Arena,Carver-Hawkeye Arena,Iowa City,IA,,,REGULAR_SEASON,,"Iowa 2025-26 media guide, Year-by-Year Scores","11/14 9/-- Boston University W, 90-61",resolved,,,,,
2217,IOWARAW-02218,iowa,2025-26_media_guide_year_by_year,2001-2002,2002,2001-11-17,Louisiana Tech,Louisiana Tech,louisiana-tech,Yes,75,67,W,0,,,H,SOURCE_PROGRAM_HOME,Carver-Hawkeye Arena,Carver-Hawkeye Arena,Iowa City,IA,,,REGULAR_SEASON,,"Iowa 2025-26 media guide, Year-by-Year Scores","11/17 9/-- LouisianaTech W, 75-67",resolved,,,,,
2218,IOWARAW-02219,iowa,2025-26_media_guide_year_by_year,2001-2002,2002,2001-11-20,Memphis,Memphis,memphis,Yes,75,71,W,0,,,vs.,NEUTRAL,,,,,,,REGULAR_SEASON,,"Iowa 2025-26 media guide, Year-by-Year Scores","11/20 9/12 vs. Memphis (n) W, 75-71",resolved,,,,,
2219,IOWARAW-02220,iowa,2025-26_media_guide_year_by_year,2001-2002,2002,2001-11-21,Missouri,Missouri,missouri,Yes,77,78,L,0,,,vs.,NEUTRAL,,,,,,,REGULAR_SEASON,,"Iowa 2025-26 media guide, Year-by-Year Scores","11/21 9/5 vs. Missouri (n) L, 77-78",resolved,,,,,
2220,IOWARAW-02221,iowa,2025-26_media_guide_year_by_year,2001-2002,2002,2001-11-27,Duke,Duke,duke,Yes,62,80,L,0,,,vs.,NEUTRAL,,,,,,,REGULAR_SEASON,,"Iowa 2025-26 media guide, Year-by-Year Scores","11/27 7/1 vs. Duke (n) L, 62-80",resolved,,,,,
2221,IOWARAW-02222,iowa,2025-26_media_guide_year_by_year,2001-2002,2002,2001-11-30,Alabama State,Alabama State,alabama-state,Yes,73,64,W,0,,,H,SOURCE_PROGRAM_HOME,Carver-Hawkeye Arena,Carver-Hawkeye Arena,Iowa City,IA,,,REGULAR_SEASON,,"Iowa 2025-26 media guide, Year-by-Year Scores","11/30 7/-- Alabama State W, 73-64",resolved,,,,,
2222,IOWARAW-02223,iowa,2025-26_media_guide_year_by_year,2001-2002,2002,2001-12-01,SMU,SMU,smu,Yes,86,69,W,0,,,H,SOURCE_PROGRAM_HOME,Carver-Hawkeye Arena,Carver-Hawkeye Arena,Iowa City,IA,,,REGULAR_SEASON,,"Iowa 2025-26 media guide, Year-by-Year Scores","12/1 7/-- SMU W, 86-69",resolved,,,,,
2223,IOWARAW-02224,iowa,2025-26_media_guide_year_by_year,2001-2002,2002,2001-12-04,UNI,UNI,northern-iowa,Yes,76,78,L,0,,,at,OPPONENT_HOME,,,,,,,REGULAR_SEASON,,"Iowa 2025-26 media guide, Year-by-Year Scores","12/4 12/-- at UNI L, 76-78",resolved,,,,,
2224,IOWARAW-02225,iowa,2025-26_media_guide_year_by_year,2001-2002,2002,2001-12-08,Iowa State,Iowa State,iowa-state,Yes,78,53,W,0,,,at,OPPONENT_HOME,,,,,,,REGULAR_SEASON,,"Iowa 2025-26 media guide, Year-by-Year Scores","12/8 12/-- at Iowa State W, 78-53",resolved,,,,,
2225,IOWARAW-02226,iowa,2025-26_media_guide_year_by_year,2001-2002,2002,2001-12-12,Drake,Drake,drake,Yes,101,59,W,0,,,H,SOURCE_PROGRAM_HOME,Carver-Hawkeye Arena,Carver-Hawkeye Arena,Iowa City,IA,,,REGULAR_SEASON,,"Iowa 2025-26 media guide, Year-by-Year Scores","12/12 15/-- Drake W, 101-59",resolved,,,,,
2226,IOWARAW-02227,iowa,2025-26_media_guide_year_by_year,2001-2002,2002,2001-12-15,Missouri,Missouri,missouri,Yes,83,65,W,0,,,at,OPPONENT_HOME,,,,,,,REGULAR_SEASON,,"Iowa 2025-26 media guide, Year-by-Year Scores","12/15 15/2 at Missouri W, 83-65",resolved,,,,,
2227,IOWARAW-02228,iowa,2025-26_media_guide_year_by_year,2001-2002,2002,2001-12-22,Kansas State,Kansas State,kansas-state,Yes,89,70,W,0,,,H,SOURCE_PROGRAM_HOME,Carver-Hawkeye Arena,Carver-Hawkeye Arena,Iowa City,IA,,,REGULAR_SEASON,,"Iowa 2025-26 media guide, Year-by-Year Scores","12/22 12/-- Kansas State W, 89-70",resolved,,,,,
2228,IOWARAW-02229,iowa,2025-26_media_guide_year_by_year,2001-2002,2002,2001-12-28,Mercer,Mercer,mercer,Yes,77,43,W,0,,,H,SOURCE_PROGRAM_HOME,Carver-Hawkeye Arena,Carver-Hawkeye Arena,Iowa City,IA,,,REGULAR_SEASON,,"Iowa 2025-26 media guide, Year-by-Year Scores","12/28 9/-- Mercer W, 77-43",resolved,,,,,
2229,IOWARAW-02230,iowa,2025-26_media_guide_year_by_year,2001-2002,2002,2002-01-02,Wisconsin,Wisconsin,wisconsin,Yes,69,57,W,0,,,H,SOURCE_PROGRAM_HOME,Carver-Hawkeye Arena,Carver-Hawkeye Arena,Iowa City,IA,,,REGULAR_SEASON,,"Iowa 2025-26 media guide, Year-by-Year Scores","1/2 9/-- Wisconsin W, 69-57",resolved,,,,,
2230,IOWARAW-02231,iowa,2025-26_media_guide_year_by_year,2001-2002,2002,2002-01-05,Ohio State,Ohio State,ohio-state,Yes,62,72,L,0,,,at,OPPONENT_HOME,,,,,,,REGULAR_SEASON,,"Iowa 2025-26 media guide, Year-by-Year Scores","1/5 9/-- at Ohio State L, 62-72",resolved,,,,,
2231,IOWARAW-02232,iowa,2025-26_media_guide_year_by_year,2001-2002,2002,2002-01-09,Northwestern,Northwestern,northwestern,Yes,70,60,W,0,,,H,SOURCE_PROGRAM_HOME,Carver-Hawkeye Arena,Carver-Hawkeye Arena,Iowa City,IA,,,REGULAR_SEASON,,"Iowa 2025-26 media guide, Year-by-Year Scores","1/9 13/-- Northwestern W, 70-60",resolved,,,,,
2232,IOWARAW-02233,iowa,2025-26_media_guide_year_by_year,2001-2002,2002,2002-01-13,Indiana,Indiana,indiana,Yes,66,77,L,0,,,H,SOURCE_PROGRAM_HOME,Carver-Hawkeye Arena,Carver-Hawkeye Arena,Iowa City,IA,,,REGULAR_SEASON,,"Iowa 2025-26 media guide, Year-by-Year Scores","1/13 13/-- Indiana L, 66-77",resolved,,,,,
2233,IOWARAW-02234,iowa,2025-26_media_guide_year_by_year,2001-2002,2002,2002-01-15,Illinois,Illinois,illinois,Yes,66,77,L,0,,,at,OPPONENT_HOME,,,,,,,REGULAR_SEASON,,"Iowa 2025-26 media guide, Year-by-Year Scores","1/15 17/11 at Illinois L, 66-77",resolved,,,,,
2234,IOWARAW-02235,iowa,2025-26_media_guide_year_by_year,2001-2002,2002,2002-01-19,Northwestern,Northwestern,northwestern,Yes,50,63,L,0,,,at,OPPONENT_HOME,,,,,,,REGULAR_SEASON,,"Iowa 2025-26 media guide, Year-by-Year Scores","1/19 17/-- at Northwestern L, 50-63",resolved,,,,,
2235,IOWARAW-02236,iowa,2025-26_media_guide_year_by_year,2001-2002,2002,2002-01-22,Michigan State,Michigan State,michigan-state,Yes,75,71,W,0,,,H,SOURCE_PROGRAM_HOME,Carver-Hawkeye Arena,Carver-Hawkeye Arena,Iowa City,IA,,,REGULAR_SEASON,,"Iowa 2025-26 media guide, Year-by-Year Scores","1/22		 Michigan State W, 75-71",resolved,,,,,
2236,IOWARAW-02237,iowa,2025-26_media_guide_year_by_year,2001-2002,2002,2002-01-26,Purdue,Purdue,purdue,Yes,68,73,L,0,,,at,OPPONENT_HOME,,,,,,,REGULAR_SEASON,,"Iowa 2025-26 media guide, Year-by-Year Scores","1/26		 at Purdue L, 68-73",resolved,,,,,
2237,IOWARAW-02238,iowa,2025-26_media_guide_year_by_year,2001-2002,2002,2002-02-02,Penn State,Penn State,penn-state,Yes,81,64,W,0,,,H,SOURCE_PROGRAM_HOME,Carver-Hawkeye Arena,Carver-Hawkeye Arena,Iowa City,IA,,,REGULAR_SEASON,,"Iowa 2025-26 media guide, Year-by-Year Scores","2/2		 Penn State W, 81-64",resolved,,,,,
2238,IOWARAW-02239,iowa,2025-26_media_guide_year_by_year,2001-2002,2002,2002-02-05,Indiana,Indiana,indiana,Yes,51,79,L,0,,,at,OPPONENT_HOME,,,,,,,REGULAR_SEASON,,"Iowa 2025-26 media guide, Year-by-Year Scores","2/5		 at Indiana L, 51-79",resolved,,,,,
2239,IOWARAW-02240,iowa,2025-26_media_guide_year_by_year,2001-2002,2002,2002-02-09,Minnesota,Minnesota,minnesota,Yes,78,86,L,0,,,H,SOURCE_PROGRAM_HOME,Carver-Hawkeye Arena,Carver-Hawkeye Arena,Iowa City,IA,,,REGULAR_SEASON,,"Iowa 2025-26 media guide, Year-by-Year Scores","2/9		 Minnesota L, 78-86",resolved,,,,,
2240,IOWARAW-02241,iowa,2025-26_media_guide_year_by_year,2001-2002,2002,2002-02-13,Penn State,Penn State,penn-state,Yes,65,71,L,0,,,at,OPPONENT_HOME,,,,,,,REGULAR_SEASON,,"Iowa 2025-26 media guide, Year-by-Year Scores","2/13		 at Penn State L, 65-71",resolved,,,,,
2241,IOWARAW-02242,iowa,2025-26_media_guide_year_by_year,2001-2002,2002,2002-02-16,Ohio State,Ohio State,ohio-state,Yes,66,72,L,0,,,H,SOURCE_PROGRAM_HOME,Carver-Hawkeye Arena,Carver-Hawkeye Arena,Iowa City,IA,,,REGULAR_SEASON,,"Iowa 2025-26 media guide, Year-by-Year Scores","2/16 --/23 Ohio State L, 66-72",resolved,,,,,
2242,IOWARAW-02243,iowa,2025-26_media_guide_year_by_year,2001-2002,2002,2002-02-19,Wisconsin,Wisconsin,wisconsin,Yes,56,64,L,0,,,H,SOURCE_PROGRAM_HOME,Carver-Hawkeye Arena,Carver-Hawkeye Arena,Iowa City,IA,,,REGULAR_SEASON,,"Iowa 2025-26 media guide, Year-by-Year Scores","2/19		 atWisconsin L, 56-64",resolved,,,,,
2243,IOWARAW-02244,iowa,2025-26_media_guide_year_by_year,2001-2002,2002,2002-02-23,Michigan,Michigan,michigan,Yes,75,56,W,0,,,H,SOURCE_PROGRAM_HOME,Carver-Hawkeye Arena,Carver-Hawkeye Arena,Iowa City,IA,,,REGULAR_SEASON,,"Iowa 2025-26 media guide, Year-by-Year Scores","2/23		 Michigan W, 75-56",resolved,,,,,
2244,IOWARAW-02245,iowa,2025-26_media_guide_year_by_year,2001-2002,2002,2002-03-02,Michigan State,Michigan State,michigan-state,Yes,79,93,L,0,,,at,OPPONENT_HOME,,,,,,,REGULAR_SEASON,,"Iowa 2025-26 media guide, Year-by-Year Scores","3/2		 at Michigan State L, 79-93",resolved,,,,,
2245,IOWARAW-02246,iowa,2025-26_media_guide_year_by_year,2001-2002,2002,2002-03-07,Purdue,Purdue,purdue,Yes,87,72,W,0,,,vs.,NEUTRAL,Gainbridge Fieldhouse,Gainbridge Fieldhouse,Indianapolis,IN,Big Ten Tournament,,CONFERENCE_TOURNAMENT,,"Iowa 2025-26 media guide, Year-by-Year Scores","3/7		 vs. Purdue (n) W, 87-72",resolved,,,,,
2246,IOWARAW-02247,iowa,2025-26_media_guide_year_by_year,2001-2002,2002,2002-03-08,Wisconsin,Wisconsin,wisconsin,Yes,58,56,W,0,,,vs.,NEUTRAL,Gainbridge Fieldhouse,Gainbridge Fieldhouse,Indianapolis,IN,Big Ten Tournament,,CONFERENCE_TOURNAMENT,,"Iowa 2025-26 media guide, Year-by-Year Scores","3/8		 vs.Wisconsin (n) W, 58-56",resolved,,,,,
2247,IOWARAW-02248,iowa,2025-26_media_guide_year_by_year,2001-2002,2002,2002-03-09,Indiana,Indiana,indiana,Yes,62,60,W,0,,,vs.,NEUTRAL,Gainbridge Fieldhouse,Gainbridge Fieldhouse,Indianapolis,IN,Big Ten Tournament,,CONFERENCE_TOURNAMENT,,"Iowa 2025-26 media guide, Year-by-Year Scores","3/9 --/23 vs. Indiana (n) W, 62-60",resolved,,,,,
2248,IOWARAW-02249,iowa,2025-26_media_guide_year_by_year,2001-2002,2002,2002-03-10,Ohio State,Ohio State,ohio-state,Yes,64,81,L,0,,,vs.,NEUTRAL,Gainbridge Fieldhouse,Gainbridge Fieldhouse,Indianapolis,IN,Big Ten Tournament,,CONFERENCE_TOURNAMENT,Championship,"Iowa 2025-26 media guide, Year-by-Year Scores","3/10 --/21 vs. Ohio State (n) L, 64-81",resolved,,,,,
2249,IOWARAW-02250,iowa,2025-26_media_guide_year_by_year,2001-2002,2002,2002-03-13,LSU,LSU,lsu,No,61,63,L,0,,,H,SOURCE_PROGRAM_HOME,Carver-Hawkeye Arena,Carver-Hawkeye Arena,Iowa City,IA,National Invitation Tournament,,NIT,,"Iowa 2025-26 media guide, Year-by-Year Scores","3/13		 LSU L, 61-63",resolved,,,,,
2250,IOWARAW-02251,iowa,2025-26_media_guide_year_by_year,2002-2003,2003,2002-11-24,Florida Atlantic,Florida Atlantic,florida-atlantic,Yes,79,52,W,0,,,H,SOURCE_PROGRAM_HOME,Carver-Hawkeye Arena,Carver-Hawkeye Arena,Iowa City,IA,,,REGULAR_SEASON,,"Iowa 2025-26 media guide, Year-by-Year Scores","11/24		 Florida Atlantic W, 79-52",resolved,,,,,
2251,IOWARAW-02252,iowa,2025-26_media_guide_year_by_year,2002-2003,2003,2002-11-26,Drake,Drake,drake,Yes,50,49,W,0,,,at,OPPONENT_HOME,,,,,,,REGULAR_SEASON,,"Iowa 2025-26 media guide, Year-by-Year Scores","11/26		 at Drake W, 50-49",resolved,,,,,
2252,IOWARAW-02253,iowa,2025-26_media_guide_year_by_year,2002-2003,2003,2002-11-30,Tennessee State,Tennessee State,tennessee-state,Yes,84,51,W,0,,,H,SOURCE_PROGRAM_HOME,Carver-Hawkeye Arena,Carver-Hawkeye Arena,Iowa City,IA,,,REGULAR_SEASON,,"Iowa 2025-26 media guide, Year-by-Year Scores","11/30		 Tennessee State W, 84-51",resolved,,,,,
2253,IOWARAW-02254,iowa,2025-26_media_guide_year_by_year,2002-2003,2003,2002-12-02,Florida State,Florida State,florida-state,Yes,67,80,L,0,,,at,OPPONENT_HOME,,,,,,,REGULAR_SEASON,,"Iowa 2025-26 media guide, Year-by-Year Scores","12/2		 at Florida State L, 67-80",resolved,,,,,
2254,IOWARAW-02255,iowa,2025-26_media_guide_year_by_year,2002-2003,2003,2002-12-06,Montana State,Montana State,montana-state,Yes,65,44,W,0,,,H,SOURCE_PROGRAM_HOME,Carver-Hawkeye Arena,Carver-Hawkeye Arena,Iowa City,IA,,,REGULAR_SEASON,,"Iowa 2025-26 media guide, Year-by-Year Scores","12/6		 Montana State W, 65-44",resolved,,,,,
2255,IOWARAW-02256,iowa,2025-26_media_guide_year_by_year,2002-2003,2003,2002-12-07,Southern Mississippi,Southern Miss,southern-miss,Yes,65,63,W,0,,,H,SOURCE_PROGRAM_HOME,Carver-Hawkeye Arena,Carver-Hawkeye Arena,Iowa City,IA,,,REGULAR_SEASON,,"Iowa 2025-26 media guide, Year-by-Year Scores","12/7		 Southern Mississippi W, 65-63",resolved,,,,,
2256,IOWARAW-02257,iowa,2025-26_media_guide_year_by_year,2002-2003,2003,2002-12-10,UNI,UNI,northern-iowa,Yes,63,54,W,0,,,H,SOURCE_PROGRAM_HOME,Carver-Hawkeye Arena,Carver-Hawkeye Arena,Iowa City,IA,,,REGULAR_SEASON,,"Iowa 2025-26 media guide, Year-by-Year Scores","12/10		 UNI W, 63-54",resolved,,,,,
2257,IOWARAW-02258,iowa,2025-26_media_guide_year_by_year,2002-2003,2003,2002-12-13,Iowa State,Iowa State,iowa-state,Yes,69,73,L,0,,,H,SOURCE_PROGRAM_HOME,Carver-Hawkeye Arena,Carver-Hawkeye Arena,Iowa City,IA,,,REGULAR_SEASON,,"Iowa 2025-26 media guide, Year-by-Year Scores","12/13		 Iowa State L, 69-73",resolved,,,,,
2258,IOWARAW-02259,iowa,2025-26_media_guide_year_by_year,2002-2003,2003,2002-12-22,Liberty,Liberty,liberty,Yes,87,49,W,0,,,H,SOURCE_PROGRAM_HOME,Carver-Hawkeye Arena,Carver-Hawkeye Arena,Iowa City,IA,,,REGULAR_SEASON,,"Iowa 2025-26 media guide, Year-by-Year Scores","12/22		 Liberty W, 87-49",resolved,,,,,
2259,IOWARAW-02260,iowa,2025-26_media_guide_year_by_year,2002-2003,2003,2002-12-28,Tulsa,Tulsa,tulsa,Yes,73,67,W,0,,,H,SOURCE_PROGRAM_HOME,Carver-Hawkeye Arena,Carver-Hawkeye Arena,Iowa City,IA,,,REGULAR_SEASON,,"Iowa 2025-26 media guide, Year-by-Year Scores","12/28		 atTulsa W, 73-67",resolved,,,,,
2260,IOWARAW-02261,iowa,2025-26_media_guide_year_by_year,2002-2003,2003,2003-01-04,Missouri,Missouri,missouri,Yes,82,88,L,0,,,H,SOURCE_PROGRAM_HOME,Carver-Hawkeye Arena,Carver-Hawkeye Arena,Iowa City,IA,,,REGULAR_SEASON,,"Iowa 2025-26 media guide, Year-by-Year Scores","1/4		 Missouri L, 82-88",resolved,,,,,
2261,IOWARAW-02262,iowa,2025-26_media_guide_year_by_year,2002-2003,2003,2003-01-08,Northwestern,Northwestern,northwestern,Yes,68,63,W,0,,,at,OPPONENT_HOME,,,,,,,REGULAR_SEASON,,"Iowa 2025-26 media guide, Year-by-Year Scores","1/8		 at Northwestern W, 68-63",resolved,,,,,
2262,IOWARAW-02263,iowa,2025-26_media_guide_year_by_year,2002-2003,2003,2003-01-11,Michigan State,Michigan State,michigan-state,Yes,68,64,W,0,,,H,SOURCE_PROGRAM_HOME,Carver-Hawkeye Arena,Carver-Hawkeye Arena,Iowa City,IA,,,REGULAR_SEASON,,"Iowa 2025-26 media guide, Year-by-Year Scores","1/11 --/25 Michigan State W, 68-64",resolved,,,,,
2263,IOWARAW-02264,iowa,2025-26_media_guide_year_by_year,2002-2003,2003,2003-01-15,Illinois,Illinois,illinois,Yes,68,61,W,0,,,H,SOURCE_PROGRAM_HOME,Carver-Hawkeye Arena,Carver-Hawkeye Arena,Iowa City,IA,,,REGULAR_SEASON,,"Iowa 2025-26 media guide, Year-by-Year Scores","1/15 --/8 Illinois W, 68-61",resolved,,,,,
2264,IOWARAW-02265,iowa,2025-26_media_guide_year_by_year,2002-2003,2003,2003-01-22,Wisconsin,Wisconsin,wisconsin,Yes,61,74,L,0,,,H,SOURCE_PROGRAM_HOME,Carver-Hawkeye Arena,Carver-Hawkeye Arena,Iowa City,IA,,,REGULAR_SEASON,,"Iowa 2025-26 media guide, Year-by-Year Scores","1/22		 atWisconsin L, 61-74",resolved,,,,,
2265,IOWARAW-02266,iowa,2025-26_media_guide_year_by_year,2002-2003,2003,2003-01-25,Ohio State,Ohio State,ohio-state,Yes,72,83,L,0,,,H,SOURCE_PROGRAM_HOME,Carver-Hawkeye Arena,Carver-Hawkeye Arena,Iowa City,IA,,,REGULAR_SEASON,,"Iowa 2025-26 media guide, Year-by-Year Scores","1/25		 Ohio State L, 72-83",resolved,,,,,
2266,IOWARAW-02267,iowa,2025-26_media_guide_year_by_year,2002-2003,2003,2003-02-01,Purdue,Purdue,purdue,Yes,77,80,L,1,,,H,SOURCE_PROGRAM_HOME,Carver-Hawkeye Arena,Carver-Hawkeye Arena,Iowa City,IA,,,REGULAR_SEASON,,"Iowa 2025-26 media guide, Year-by-Year Scores","2/1		 Purdue# L, 77-80",resolved,,,,,
2267,IOWARAW-02268,iowa,2025-26_media_guide_year_by_year,2002-2003,2003,2003-02-05,Penn State,Penn State,penn-state,Yes,75,55,W,0,,,at,OPPONENT_HOME,,,,,,,REGULAR_SEASON,,"Iowa 2025-26 media guide, Year-by-Year Scores","2/5		 at Penn State W, 75-55",resolved,,,,,
2268,IOWARAW-02269,iowa,2025-26_media_guide_year_by_year,2002-2003,2003,2003-02-08,Michigan,Michigan,michigan,Yes,62,70,L,0,,,at,OPPONENT_HOME,,,,,,,REGULAR_SEASON,,"Iowa 2025-26 media guide, Year-by-Year Scores","2/8		 at Michigan L, 62-70",resolved,,,,,
2269,IOWARAW-02270,iowa,2025-26_media_guide_year_by_year,2002-2003,2003,2003-02-12,Minnesota,Minnesota,minnesota,Yes,64,77,L,0,,,at,OPPONENT_HOME,,,,,,,REGULAR_SEASON,,"Iowa 2025-26 media guide, Year-by-Year Scores","2/12		 at Minnesota L, 64-77",resolved,,,,,
2270,IOWARAW-02271,iowa,2025-26_media_guide_year_by_year,2002-2003,2003,2003-02-15,Penn State,Penn State,penn-state,Yes,84,71,W,0,,,H,SOURCE_PROGRAM_HOME,Carver-Hawkeye Arena,Carver-Hawkeye Arena,Iowa City,IA,,,REGULAR_SEASON,,"Iowa 2025-26 media guide, Year-by-Year Scores","2/15		 Penn State W, 84-71",resolved,,,,,
2271,IOWARAW-02272,iowa,2025-26_media_guide_year_by_year,2002-2003,2003,2003-02-19,Indiana,Indiana,indiana,Yes,63,79,L,0,,,H,SOURCE_PROGRAM_HOME,Carver-Hawkeye Arena,Carver-Hawkeye Arena,Iowa City,IA,,,REGULAR_SEASON,,"Iowa 2025-26 media guide, Year-by-Year Scores","2/19		 Indiana L, 63-79",resolved,,,,,
2272,IOWARAW-02273,iowa,2025-26_media_guide_year_by_year,2002-2003,2003,2003-02-22,Wisconsin,Wisconsin,wisconsin,Yes,53,61,L,0,,,H,SOURCE_PROGRAM_HOME,Carver-Hawkeye Arena,Carver-Hawkeye Arena,Iowa City,IA,,,REGULAR_SEASON,,"Iowa 2025-26 media guide, Year-by-Year Scores","2/22		 Wisconsin L, 53-61",resolved,,,,,
2273,IOWARAW-02274,iowa,2025-26_media_guide_year_by_year,2002-2003,2003,2003-02-25,Ohio State,Ohio State,ohio-state,Yes,71,64,W,0,,,at,OPPONENT_HOME,,,,,,,REGULAR_SEASON,,"Iowa 2025-26 media guide, Year-by-Year Scores","2/25		 at Ohio State W, 71-64",resolved,,,,,
2274,IOWARAW-02275,iowa,2025-26_media_guide_year_by_year,2002-2003,2003,2003-03-01,Indiana,Indiana,indiana,Yes,88,91,L,1,,,at,OPPONENT_HOME,,,,,,,REGULAR_SEASON,,"Iowa 2025-26 media guide, Year-by-Year Scores","3/1		 at Indiana# L, 88-91",resolved,,,,,
2275,IOWARAW-02276,iowa,2025-26_media_guide_year_by_year,2002-2003,2003,2003-03-05,Michigan State,Michigan State,michigan-state,Yes,54,82,L,0,,,at,OPPONENT_HOME,,,,,,,REGULAR_SEASON,,"Iowa 2025-26 media guide, Year-by-Year Scores","3/5		 at Michigan State L, 54-82",resolved,,,,,
2276,IOWARAW-02277,iowa,2025-26_media_guide_year_by_year,2002-2003,2003,2003-03-08,Northwestern,Northwestern,northwestern,Yes,77,61,W,0,,,H,SOURCE_PROGRAM_HOME,Carver-Hawkeye Arena,Carver-Hawkeye Arena,Iowa City,IA,,,REGULAR_SEASON,,"Iowa 2025-26 media guide, Year-by-Year Scores","3/8		 Northwestern W, 77-61",resolved,,,,,
2277,IOWARAW-02278,iowa,2025-26_media_guide_year_by_year,2002-2003,2003,2003-03-13,Ohio State,Ohio State,ohio-state,Yes,64,66,L,0,,,vs.,NEUTRAL,United Center,United Center,Chicago,IL,Big Ten Tournament,,CONFERENCE_TOURNAMENT,,"Iowa 2025-26 media guide, Year-by-Year Scores","3/13		 vs. Ohio State (n) L, 64-66",resolved,,,,,
2278,IOWARAW-02279,iowa,2025-26_media_guide_year_by_year,2002-2003,2003,2003-03-17,Valparaiso,Valparaiso,valparaiso,Yes,62,60,W,0,,,H,SOURCE_PROGRAM_HOME,Carver-Hawkeye Arena,Carver-Hawkeye Arena,Iowa City,IA,National Invitation Tournament,,NIT,,"Iowa 2025-26 media guide, Year-by-Year Scores","3/17		 Valparaiso W, 62-60",resolved,,,,,
2279,IOWARAW-02280,iowa,2025-26_media_guide_year_by_year,2002-2003,2003,2003-03-21,Iowa State,Iowa State,iowa-state,Yes,54,53,W,0,,,at,OPPONENT_HOME,,,,,National Invitation Tournament,,NIT,,"Iowa 2025-26 media guide, Year-by-Year Scores","3/21		 at Iowa State W, 54-53",resolved,,,,,
2280,IOWARAW-02281,iowa,2025-26_media_guide_year_by_year,2002-2003,2003,2003-03-24,Georgia Tech,Georgia Tech,georgia-tech,No,78,79,L,0,,,H,SOURCE_PROGRAM_HOME,Carver-Hawkeye Arena,Carver-Hawkeye Arena,Iowa City,IA,National Invitation Tournament,,NIT,,"Iowa 2025-26 media guide, Year-by-Year Scores","3/24		 GeorgiaTech L, 78-79",resolved,,,,,
2281,IOWARAW-02282,iowa,2025-26_media_guide_year_by_year,2003-2004,2004,2003-11-23,UNC-Asheville,UNC Asheville,unc-asheville,Yes,107,80,W,0,,,H,SOURCE_PROGRAM_HOME,Carver-Hawkeye Arena,Carver-Hawkeye Arena,Iowa City,IA,,,REGULAR_SEASON,,"Iowa 2025-26 media guide, Year-by-Year Scores","11/23		 UNC-Asheville W, 107-80",resolved,,,,,
2282,IOWARAW-02283,iowa,2025-26_media_guide_year_by_year,2003-2004,2004,2003-11-25,Drake,Drake,drake,Yes,74,56,W,0,,,H,SOURCE_PROGRAM_HOME,Carver-Hawkeye Arena,Carver-Hawkeye Arena,Iowa City,IA,,,REGULAR_SEASON,,"Iowa 2025-26 media guide, Year-by-Year Scores","11/25		 Drake W, 74-56",resolved,,,,,
2283,IOWARAW-02284,iowa,2025-26_media_guide_year_by_year,2003-2004,2004,2003-11-29,Louisville,Louisville,louisville,Yes,70,69,W,1,,,vs.,NEUTRAL,,,,,,,REGULAR_SEASON,,"Iowa 2025-26 media guide, Year-by-Year Scores","11/29 --/17 vs. Louisville# (n) W, 70-69",resolved,,,,,
2284,IOWARAW-02285,iowa,2025-26_media_guide_year_by_year,2003-2004,2004,2003-12-02,UW-Green Bay,Green Bay,green-bay,Yes,82,56,W,0,,,H,SOURCE_PROGRAM_HOME,Carver-Hawkeye Arena,Carver-Hawkeye Arena,Iowa City,IA,,,REGULAR_SEASON,,"Iowa 2025-26 media guide, Year-by-Year Scores","12/2		 UW-Green Bay W, 82-56",resolved,,,,,
2285,IOWARAW-02286,iowa,2025-26_media_guide_year_by_year,2003-2004,2004,2003-12-05,Eastern Washington,Eastern Washington,eastern-washington,No,70,54,W,0,,,H,SOURCE_PROGRAM_HOME,Carver-Hawkeye Arena,Carver-Hawkeye Arena,Iowa City,IA,,,REGULAR_SEASON,,"Iowa 2025-26 media guide, Year-by-Year Scores","12/5		 EasternWashington W, 70-54",resolved,,,,,
2286,IOWARAW-02287,iowa,2025-26_media_guide_year_by_year,2003-2004,2004,2003-12-06,Northern Illinois,Northern Illinois,northern-illinois,Yes,65,57,W,0,,,H,SOURCE_PROGRAM_HOME,Carver-Hawkeye Arena,Carver-Hawkeye Arena,Iowa City,IA,,,REGULAR_SEASON,,"Iowa 2025-26 media guide, Year-by-Year Scores","12/6		 Northern Illinois W, 65-57",resolved,,,,,
2287,IOWARAW-02288,iowa,2025-26_media_guide_year_by_year,2003-2004,2004,2003-12-09,UNI,UNI,northern-iowa,Yes,66,77,L,0,,,at,OPPONENT_HOME,,,,,,,REGULAR_SEASON,,"Iowa 2025-26 media guide, Year-by-Year Scores","12/9 24/-- at UNI L, 66-77",resolved,,,,,
2288,IOWARAW-02289,iowa,2025-26_media_guide_year_by_year,2003-2004,2004,2003-12-22,Texas Tech,Texas Tech,texas-tech,No,59,65,L,0,,,vs.,NEUTRAL,,,,,,,REGULAR_SEASON,,"Iowa 2025-26 media guide, Year-by-Year Scores","12/22		 vs.TexasTech (n) L, 59-65",resolved,,,,,
2289,IOWARAW-02290,iowa,2025-26_media_guide_year_by_year,2003-2004,2004,2003-12-30,Eastern Illinois,Eastern Illinois,eastern-illinois,Yes,71,62,W,0,,,H,SOURCE_PROGRAM_HOME,Carver-Hawkeye Arena,Carver-Hawkeye Arena,Iowa City,IA,,,REGULAR_SEASON,,"Iowa 2025-26 media guide, Year-by-Year Scores","12/30		 Eastern Illinois W, 71-62",resolved,,,,,
2290,IOWARAW-02291,iowa,2025-26_media_guide_year_by_year,2003-2004,2004,2004-01-03,Missouri,Missouri,missouri,Yes,56,76,L,0,,,at,OPPONENT_HOME,,,,,,,REGULAR_SEASON,,"Iowa 2025-26 media guide, Year-by-Year Scores","1/3 --/23 at Missouri L, 56-76",resolved,,,,,
2291,IOWARAW-02292,iowa,2025-26_media_guide_year_by_year,2003-2004,2004,2004-01-07,Purdue,Purdue,purdue,Yes,71,61,W,0,,,H,SOURCE_PROGRAM_HOME,Carver-Hawkeye Arena,Carver-Hawkeye Arena,Iowa City,IA,,,REGULAR_SEASON,,"Iowa 2025-26 media guide, Year-by-Year Scores","1/7 --/24 Purdue W, 71-61",resolved,,,,,
2292,IOWARAW-02293,iowa,2025-26_media_guide_year_by_year,2003-2004,2004,2004-01-10,Northwestern,Northwestern,northwestern,Yes,68,77,L,0,,,H,SOURCE_PROGRAM_HOME,Carver-Hawkeye Arena,Carver-Hawkeye Arena,Iowa City,IA,,,REGULAR_SEASON,,"Iowa 2025-26 media guide, Year-by-Year Scores","1/10		 Northwestern L, 68-77",resolved,,,,,
2293,IOWARAW-02294,iowa,2025-26_media_guide_year_by_year,2003-2004,2004,2004-01-13,Minnesota,Minnesota,minnesota,Yes,83,68,W,0,,,at,OPPONENT_HOME,,,,,,,REGULAR_SEASON,,"Iowa 2025-26 media guide, Year-by-Year Scores","1/13		 at Minnesota W, 83-68",resolved,,,,,
2294,IOWARAW-02295,iowa,2025-26_media_guide_year_by_year,2003-2004,2004,2004-01-17,Illinois,Illinois,illinois,Yes,82,88,L,0,,,at,OPPONENT_HOME,,,,,,,REGULAR_SEASON,,"Iowa 2025-26 media guide, Year-by-Year Scores","1/17 --/25 at Illinois L, 82-88",resolved,,,,,
2295,IOWARAW-02296,iowa,2025-26_media_guide_year_by_year,2003-2004,2004,2004-01-21,Iowa State,Iowa State,iowa-state,Yes,76,84,L,0,,,at,OPPONENT_HOME,,,,,,,REGULAR_SEASON,,"Iowa 2025-26 media guide, Year-by-Year Scores","1/21		 at Iowa State L, 76-84",resolved,,,,,
2296,IOWARAW-02297,iowa,2025-26_media_guide_year_by_year,2003-2004,2004,2004-01-24,Ohio State,Ohio State,ohio-state,Yes,79,65,W,0,,,H,SOURCE_PROGRAM_HOME,Carver-Hawkeye Arena,Carver-Hawkeye Arena,Iowa City,IA,,,REGULAR_SEASON,,"Iowa 2025-26 media guide, Year-by-Year Scores","1/24		 Ohio State W, 79-65",resolved,,,,,
2297,IOWARAW-02298,iowa,2025-26_media_guide_year_by_year,2003-2004,2004,2004-01-28,Michigan,Michigan,michigan,Yes,84,90,L,0,,,at,OPPONENT_HOME,,,,,,,REGULAR_SEASON,,"Iowa 2025-26 media guide, Year-by-Year Scores","1/28		 at Michigan L, 84-90",resolved,,,,,
2298,IOWARAW-02299,iowa,2025-26_media_guide_year_by_year,2003-2004,2004,2004-01-31,Penn State,Penn State,penn-state,Yes,77,58,W,0,,,H,SOURCE_PROGRAM_HOME,Carver-Hawkeye Arena,Carver-Hawkeye Arena,Iowa City,IA,,,REGULAR_SEASON,,"Iowa 2025-26 media guide, Year-by-Year Scores","1/31		 Penn State W, 77-58",resolved,,,,,
2299,IOWARAW-02300,iowa,2025-26_media_guide_year_by_year,2003-2004,2004,2004-02-04,Michigan State,Michigan State,michigan-state,Yes,72,89,L,0,,,at,OPPONENT_HOME,,,,,,,REGULAR_SEASON,,"Iowa 2025-26 media guide, Year-by-Year Scores","2/4		 at Michigan State L, 72-89",resolved,,,,,
2300,IOWARAW-02301,iowa,2025-26_media_guide_year_by_year,2003-2004,2004,2004-02-07,Indiana,Indiana,indiana,Yes,84,82,W,2,,,at,OPPONENT_HOME,,,,,,,REGULAR_SEASON,,"Iowa 2025-26 media guide, Year-by-Year Scores","2/7		 at Indiana## W, 84-82",resolved,,,,,
2301,IOWARAW-02302,iowa,2025-26_media_guide_year_by_year,2003-2004,2004,2004-02-11,Wisconsin,Wisconsin,wisconsin,Yes,52,54,L,0,,,H,SOURCE_PROGRAM_HOME,Carver-Hawkeye Arena,Carver-Hawkeye Arena,Iowa City,IA,,,REGULAR_SEASON,,"Iowa 2025-26 media guide, Year-by-Year Scores","2/11 --/17 Wisconsin L, 52-54",resolved,,,,,
2302,IOWARAW-02303,iowa,2025-26_media_guide_year_by_year,2003-2004,2004,2004-02-14,Michigan,Michigan,michigan,Yes,69,61,W,0,,,H,SOURCE_PROGRAM_HOME,Carver-Hawkeye Arena,Carver-Hawkeye Arena,Iowa City,IA,,,REGULAR_SEASON,,"Iowa 2025-26 media guide, Year-by-Year Scores","2/14		 Michigan W, 69-61",resolved,,,,,
2303,IOWARAW-02304,iowa,2025-26_media_guide_year_by_year,2003-2004,2004,2004-02-18,Ohio State,Ohio State,ohio-state,Yes,78,67,W,0,,,at,OPPONENT_HOME,,,,,,,REGULAR_SEASON,,"Iowa 2025-26 media guide, Year-by-Year Scores","2/18		 at Ohio State W, 78-67",resolved,,,,,
2304,IOWARAW-02305,iowa,2025-26_media_guide_year_by_year,2003-2004,2004,2004-02-25,Illinois,Illinois,illinois,Yes,59,78,L,0,,,H,SOURCE_PROGRAM_HOME,Carver-Hawkeye Arena,Carver-Hawkeye Arena,Iowa City,IA,,,REGULAR_SEASON,,"Iowa 2025-26 media guide, Year-by-Year Scores","2/25 --/23 Illinois L, 59-78",resolved,,,,,
2305,IOWARAW-02306,iowa,2025-26_media_guide_year_by_year,2003-2004,2004,2004-02-28,Minnesota,Minnesota,minnesota,Yes,66,62,W,0,,,H,SOURCE_PROGRAM_HOME,Carver-Hawkeye Arena,Carver-Hawkeye Arena,Iowa City,IA,,,REGULAR_SEASON,,"Iowa 2025-26 media guide, Year-by-Year Scores","2/28		 Minnesota W, 66-62",resolved,,,,,
2306,IOWARAW-02307,iowa,2025-26_media_guide_year_by_year,2003-2004,2004,2004-03-03,Northwestern,Northwestern,northwestern,Yes,49,51,L,0,,,at,OPPONENT_HOME,,,,,,,REGULAR_SEASON,,"Iowa 2025-26 media guide, Year-by-Year Scores","3/3		 at Northwestern L, 49-51",resolved,,,,,
2307,IOWARAW-02308,iowa,2025-26_media_guide_year_by_year,2003-2004,2004,2004-03-06,Purdue,Purdue,purdue,Yes,63,62,W,0,,,at,OPPONENT_HOME,,,,,,,REGULAR_SEASON,,"Iowa 2025-26 media guide, Year-by-Year Scores","3/6		 at Purdue W, 63-62",resolved,,,,,
2308,IOWARAW-02309,iowa,2025-26_media_guide_year_by_year,2003-2004,2004,2004-03-12,Michigan,Michigan,michigan,Yes,70,79,L,0,,,vs.,NEUTRAL,Gainbridge Fieldhouse,Gainbridge Fieldhouse,Indianapolis,IN,Big Ten Tournament,,CONFERENCE_TOURNAMENT,,"Iowa 2025-26 media guide, Year-by-Year Scores","3/12		 vs. Michigan (n) L, 70-79",resolved,,,,,
2309,IOWARAW-02310,iowa,2025-26_media_guide_year_by_year,2003-2004,2004,2004-03-17,Saint Louis,Saint Louis,saint-louis,Yes,69,70,L,0,,,at,OPPONENT_HOME,,,,,National Invitation Tournament,,NIT,,"Iowa 2025-26 media guide, Year-by-Year Scores","3/17		 at Saint Louis L, 69-70",resolved,,,,,
2310,IOWARAW-02311,iowa,2025-26_media_guide_year_by_year,2004-2005,2005,2004-11-19,Western Illinois,Western Illinois,western-illinois,Yes,85,62,W,0,,,H,SOURCE_PROGRAM_HOME,Carver-Hawkeye Arena,Carver-Hawkeye Arena,Iowa City,IA,,,REGULAR_SEASON,,"Iowa 2025-26 media guide, Year-by-Year Scores","11/19		 Western Illinois W, 85-62",resolved,,,,,
2311,IOWARAW-02312,iowa,2025-26_media_guide_year_by_year,2004-2005,2005,2004-11-22,Louisville,Louisville,louisville,Yes,76,71,W,0,,,vs.,NEUTRAL,,,,,,,REGULAR_SEASON,,"Iowa 2025-26 media guide, Year-by-Year Scores","11/22 --/12 vs. Louisville (n) W, 76-71",resolved,,,,,
2312,IOWARAW-02313,iowa,2025-26_media_guide_year_by_year,2004-2005,2005,2004-11-23,Texas,Texas,texas,Yes,82,80,W,0,,,vs.,NEUTRAL,,,,,,,REGULAR_SEASON,,"Iowa 2025-26 media guide, Year-by-Year Scores","11/23 --/15 vs.Texas (n) W, 82-80",resolved,,,,,
2313,IOWARAW-02314,iowa,2025-26_media_guide_year_by_year,2004-2005,2005,2004-11-24,North Carolina,North Carolina,north-carolina,Yes,92,106,L,0,,,vs.,NEUTRAL,,,,,,,REGULAR_SEASON,,"Iowa 2025-26 media guide, Year-by-Year Scores","11/24 --/11 vs. North Carolina (n) L, 92-106",resolved,,,,,
2314,IOWARAW-02315,iowa,2025-26_media_guide_year_by_year,2004-2005,2005,2004-11-30,Drake,Drake,drake,Yes,91,75,W,0,,,H,SOURCE_PROGRAM_HOME,Carver-Hawkeye Arena,Carver-Hawkeye Arena,Iowa City,IA,,,REGULAR_SEASON,,"Iowa 2025-26 media guide, Year-by-Year Scores","11/30 23/-- Drake W, 91-75",resolved,,,,,
2315,IOWARAW-02316,iowa,2025-26_media_guide_year_by_year,2004-2005,2005,2004-12-03,Centenary,Centenary,centenary,No,88,53,W,0,,,H,SOURCE_PROGRAM_HOME,Carver-Hawkeye Arena,Carver-Hawkeye Arena,Iowa City,IA,,,REGULAR_SEASON,,"Iowa 2025-26 media guide, Year-by-Year Scores","12/3 23/-- Centenary W, 88-53",resolved,,,,,
2316,IOWARAW-02317,iowa,2025-26_media_guide_year_by_year,2004-2005,2005,2004-12-04,UNC Greensboro,UNC Greensboro,unc-greensboro,Yes,83,58,W,0,,,H,SOURCE_PROGRAM_HOME,Carver-Hawkeye Arena,Carver-Hawkeye Arena,Iowa City,IA,,,REGULAR_SEASON,,"Iowa 2025-26 media guide, Year-by-Year Scores","12/4 23/-- UNC Greensboro W, 83-58",resolved,,,,,
2317,IOWARAW-02318,iowa,2025-26_media_guide_year_by_year,2004-2005,2005,2004-12-07,UNI,UNI,northern-iowa,Yes,76,73,W,0,,,H,SOURCE_PROGRAM_HOME,Carver-Hawkeye Arena,Carver-Hawkeye Arena,Iowa City,IA,,,REGULAR_SEASON,,"Iowa 2025-26 media guide, Year-by-Year Scores","12/7 17/-- UNI W, 76-73",resolved,,,,,
2318,IOWARAW-02319,iowa,2025-26_media_guide_year_by_year,2004-2005,2005,2004-12-10,Iowa State,Iowa State,iowa-state,Yes,70,63,W,0,,,H,SOURCE_PROGRAM_HOME,Carver-Hawkeye Arena,Carver-Hawkeye Arena,Iowa City,IA,,,REGULAR_SEASON,,"Iowa 2025-26 media guide, Year-by-Year Scores","12/10 17/-- Iowa State W, 70-63",resolved,,,,,
2319,IOWARAW-02320,iowa,2025-26_media_guide_year_by_year,2004-2005,2005,2004-12-18,Western Carolina,Western Carolina,western-carolina,Yes,88,75,W,0,,,H,SOURCE_PROGRAM_HOME,Carver-Hawkeye Arena,Carver-Hawkeye Arena,Iowa City,IA,,,REGULAR_SEASON,,"Iowa 2025-26 media guide, Year-by-Year Scores","12/18 16/-- Western Carolina W, 88-75",resolved,,,,,
2320,IOWARAW-02321,iowa,2025-26_media_guide_year_by_year,2004-2005,2005,2004-12-21,Texas Tech,Texas Tech,texas-tech,No,83,53,W,0,,,vs.,NEUTRAL,,,,,,,REGULAR_SEASON,,"Iowa 2025-26 media guide, Year-by-Year Scores","12/21 17/-- vs.TexasTech (n) W, 83-53",resolved,,,,,
2321,IOWARAW-02322,iowa,2025-26_media_guide_year_by_year,2004-2005,2005,2004-12-28,Air Force,Air Force,air-force,Yes,73,63,W,0,,,H,SOURCE_PROGRAM_HOME,Carver-Hawkeye Arena,Carver-Hawkeye Arena,Iowa City,IA,,,REGULAR_SEASON,,"Iowa 2025-26 media guide, Year-by-Year Scores","12/28 16/-- Air Force W, 73-63",resolved,,,,,
2322,IOWARAW-02323,iowa,2025-26_media_guide_year_by_year,2004-2005,2005,2004-12-31,Saint Louis,Saint Louis,saint-louis,Yes,67,58,W,0,,,H,SOURCE_PROGRAM_HOME,Carver-Hawkeye Arena,Carver-Hawkeye Arena,Iowa City,IA,,,REGULAR_SEASON,,"Iowa 2025-26 media guide, Year-by-Year Scores","12/31 16/-- Saint Louis W, 67-58",resolved,,,,,
2323,IOWARAW-02324,iowa,2025-26_media_guide_year_by_year,2004-2005,2005,2005-01-05,Michigan,Michigan,michigan,Yes,63,65,L,0,,,H,SOURCE_PROGRAM_HOME,Carver-Hawkeye Arena,Carver-Hawkeye Arena,Iowa City,IA,,,REGULAR_SEASON,,"Iowa 2025-26 media guide, Year-by-Year Scores","1/5 14/-- Michigan L, 63-65",resolved,,,,,
2324,IOWARAW-02325,iowa,2025-26_media_guide_year_by_year,2004-2005,2005,2005-01-08,Ohio State,Ohio State,ohio-state,Yes,69,81,L,0,,,at,OPPONENT_HOME,,,,,,,REGULAR_SEASON,,"Iowa 2025-26 media guide, Year-by-Year Scores","1/8 14/-- at Ohio State L, 69-81",resolved,,,,,
2325,IOWARAW-02326,iowa,2025-26_media_guide_year_by_year,2004-2005,2005,2005-01-15,Minnesota,Minnesota,minnesota,Yes,66,60,W,0,,,H,SOURCE_PROGRAM_HOME,Carver-Hawkeye Arena,Carver-Hawkeye Arena,Iowa City,IA,,,REGULAR_SEASON,,"Iowa 2025-26 media guide, Year-by-Year Scores","1/15 24/-- Minnesota W, 66-60",resolved,,,,,
2326,IOWARAW-02327,iowa,2025-26_media_guide_year_by_year,2004-2005,2005,2005-01-20,Illinois,Illinois,illinois,Yes,68,73,L,1,,,at,OPPONENT_HOME,,,,,,,REGULAR_SEASON,,"Iowa 2025-26 media guide, Year-by-Year Scores","1/20 23/1 at Illinois# L, 68-73",resolved,,,,,
2327,IOWARAW-02328,iowa,2025-26_media_guide_year_by_year,2004-2005,2005,2005-01-22,Purdue,Purdue,purdue,Yes,71,57,W,0,,,H,SOURCE_PROGRAM_HOME,Carver-Hawkeye Arena,Carver-Hawkeye Arena,Iowa City,IA,,,REGULAR_SEASON,,"Iowa 2025-26 media guide, Year-by-Year Scores","1/22 23/-- Purdue W, 71-57",resolved,,,,,
2328,IOWARAW-02329,iowa,2025-26_media_guide_year_by_year,2004-2005,2005,2005-01-26,Northwestern,Northwestern,northwestern,Yes,74,75,L,1,,,at,OPPONENT_HOME,,,,,,,REGULAR_SEASON,,"Iowa 2025-26 media guide, Year-by-Year Scores","1/26 23/-- at Northwestern# L, 74-75",resolved,,,,,
2329,IOWARAW-02330,iowa,2025-26_media_guide_year_by_year,2004-2005,2005,2005-01-29,Indiana,Indiana,indiana,Yes,72,57,W,0,,,H,SOURCE_PROGRAM_HOME,Carver-Hawkeye Arena,Carver-Hawkeye Arena,Iowa City,IA,,,REGULAR_SEASON,,"Iowa 2025-26 media guide, Year-by-Year Scores","1/29 23/-- Indiana W, 72-57",resolved,,,,,
2330,IOWARAW-02331,iowa,2025-26_media_guide_year_by_year,2004-2005,2005,2005-02-05,Michigan State,Michigan State,michigan-state,Yes,64,75,L,0,,,H,SOURCE_PROGRAM_HOME,Carver-Hawkeye Arena,Carver-Hawkeye Arena,Iowa City,IA,,,REGULAR_SEASON,,"Iowa 2025-26 media guide, Year-by-Year Scores","2/5 --/12 Michigan State L, 64-75",resolved,,,,,
2331,IOWARAW-02332,iowa,2025-26_media_guide_year_by_year,2004-2005,2005,2005-02-09,Wisconsin,Wisconsin,wisconsin,Yes,69,72,L,0,,,H,SOURCE_PROGRAM_HOME,Carver-Hawkeye Arena,Carver-Hawkeye Arena,Iowa City,IA,,,REGULAR_SEASON,,"Iowa 2025-26 media guide, Year-by-Year Scores","2/9 --/20 atWisconsin L, 69-72",resolved,,,,,
2332,IOWARAW-02333,iowa,2025-26_media_guide_year_by_year,2004-2005,2005,2005-02-12,Northwestern,Northwestern,northwestern,Yes,64,54,W,0,,,H,SOURCE_PROGRAM_HOME,Carver-Hawkeye Arena,Carver-Hawkeye Arena,Iowa City,IA,,,REGULAR_SEASON,,"Iowa 2025-26 media guide, Year-by-Year Scores","2/12		 Northwestern W, 64-54",resolved,,,,,
2333,IOWARAW-02334,iowa,2025-26_media_guide_year_by_year,2004-2005,2005,2005-02-16,Purdue,Purdue,purdue,Yes,63,66,L,0,,,at,OPPONENT_HOME,,,,,,,REGULAR_SEASON,,"Iowa 2025-26 media guide, Year-by-Year Scores","2/16		 at Purdue L, 63-66",resolved,,,,,
2334,IOWARAW-02335,iowa,2025-26_media_guide_year_by_year,2004-2005,2005,2005-02-19,Illinois,Illinois,illinois,Yes,65,75,L,0,,,H,SOURCE_PROGRAM_HOME,Carver-Hawkeye Arena,Carver-Hawkeye Arena,Iowa City,IA,,,REGULAR_SEASON,,"Iowa 2025-26 media guide, Year-by-Year Scores","2/19 --/1 Illinois L, 65-75",resolved,,,,,
2335,IOWARAW-02336,iowa,2025-26_media_guide_year_by_year,2004-2005,2005,2005-02-23,Minnesota,Minnesota,minnesota,Yes,57,65,L,0,,,at,OPPONENT_HOME,,,,,,,REGULAR_SEASON,,"Iowa 2025-26 media guide, Year-by-Year Scores","2/23		 at Minnesota L, 57-65",resolved,,,,,
2336,IOWARAW-02337,iowa,2025-26_media_guide_year_by_year,2004-2005,2005,2005-02-26,Penn State,Penn State,penn-state,Yes,78,56,W,0,,,at,OPPONENT_HOME,,,,,,,REGULAR_SEASON,,"Iowa 2025-26 media guide, Year-by-Year Scores","2/26		 at Penn State W, 78-56",resolved,,,,,
2337,IOWARAW-02338,iowa,2025-26_media_guide_year_by_year,2004-2005,2005,2005-03-02,Ohio State,Ohio State,ohio-state,Yes,74,72,W,0,,,H,SOURCE_PROGRAM_HOME,Carver-Hawkeye Arena,Carver-Hawkeye Arena,Iowa City,IA,,,REGULAR_SEASON,,"Iowa 2025-26 media guide, Year-by-Year Scores","3/2		 Ohio State W, 74-72",resolved,,,,,
2338,IOWARAW-02339,iowa,2025-26_media_guide_year_by_year,2004-2005,2005,2005-03-05,Michigan,Michigan,michigan,Yes,74,72,W,1,,,at,OPPONENT_HOME,,,,,,,REGULAR_SEASON,,"Iowa 2025-26 media guide, Year-by-Year Scores","3/5		 at Michigan# W, 74-72",resolved,,,,,
2339,IOWARAW-02340,iowa,2025-26_media_guide_year_by_year,2004-2005,2005,2005-03-10,Purdue,Purdue,purdue,Yes,71,52,W,0,,,vs.,NEUTRAL,United Center,United Center,Chicago,IL,Big Ten Tournament,,CONFERENCE_TOURNAMENT,,"Iowa 2025-26 media guide, Year-by-Year Scores","3/10		 vs. Purdue (n) W, 71-52",resolved,,,,,
2340,IOWARAW-02341,iowa,2025-26_media_guide_year_by_year,2004-2005,2005,2005-03-11,Michigan State,Michigan State,michigan-state,Yes,71,69,W,0,,,vs.,NEUTRAL,United Center,United Center,Chicago,IL,Big Ten Tournament,,CONFERENCE_TOURNAMENT,,"Iowa 2025-26 media guide, Year-by-Year Scores","3/11 --/13 vs. Michigan State (n) W, 71-69",resolved,,,,,
2341,IOWARAW-02342,iowa,2025-26_media_guide_year_by_year,2004-2005,2005,2005-03-12,Wisconsin,Wisconsin,wisconsin,Yes,56,59,L,0,,,vs.,NEUTRAL,United Center,United Center,Chicago,IL,Big Ten Tournament,,CONFERENCE_TOURNAMENT,,"Iowa 2025-26 media guide, Year-by-Year Scores","3/12 --/23 vs.Wisconsin (n) L, 56-59",resolved,,,,,
2342,IOWARAW-02343,iowa,2025-26_media_guide_year_by_year,2004-2005,2005,2005-03-17,Cincinnati,Cincinnati,cincinnati,Yes,64,76,L,1,,,vs.,NEUTRAL,Hoosier Dome,Hoosier Dome,Indianapolis,IN,NCAA Tournament,,NCAA_TOURNAMENT,R64,"Iowa 2025-26 media guide, Year-by-Year Scores","3/17 --/21 vs. #23 Cincinnati (n) L, 64-76",resolved,,,,,
2343,IOWARAW-02344,iowa,2025-26_media_guide_year_by_year,2005-2006,2006,2005-11-14,UMES,Maryland Eastern Shore,maryland-eastern-shore,Yes,86,41,W,0,,,H,SOURCE_PROGRAM_HOME,Carver-Hawkeye Arena,Carver-Hawkeye Arena,Iowa City,IA,,,REGULAR_SEASON,,"Iowa 2025-26 media guide, Year-by-Year Scores","11/14 20/-- UMES W, 86-41",resolved,,,,,
2344,IOWARAW-02345,iowa,2025-26_media_guide_year_by_year,2005-2006,2006,2005-11-15,Colgate,Colgate,colgate,Yes,73,51,W,0,,,H,SOURCE_PROGRAM_HOME,Carver-Hawkeye Arena,Carver-Hawkeye Arena,Iowa City,IA,,,REGULAR_SEASON,,"Iowa 2025-26 media guide, Year-by-Year Scores","11/15 20/-- Colgate W, 73-51",resolved,,,,,
2345,IOWARAW-02346,iowa,2025-26_media_guide_year_by_year,2005-2006,2006,2005-11-21,Kentucky,Kentucky,kentucky,Yes,67,63,W,0,,,vs.,NEUTRAL,,,,,,,REGULAR_SEASON,,"Iowa 2025-26 media guide, Year-by-Year Scores","11/21 18/7 vs. Kentucky (n) W, 67-63",resolved,,,,,
2346,IOWARAW-02347,iowa,2025-26_media_guide_year_by_year,2005-2006,2006,2005-11-22,Texas,Texas,texas,Yes,59,68,L,0,,,vs.,NEUTRAL,,,,,,,REGULAR_SEASON,,"Iowa 2025-26 media guide, Year-by-Year Scores","11/22 18/2 vs.Texas (n) L, 59-68",resolved,,,,,
2347,IOWARAW-02348,iowa,2025-26_media_guide_year_by_year,2005-2006,2006,2005-11-26,Texas-San Antonio,UTSA,utsa,Yes,79,46,W,0,,,H,SOURCE_PROGRAM_HOME,Carver-Hawkeye Arena,Carver-Hawkeye Arena,Iowa City,IA,,,REGULAR_SEASON,,"Iowa 2025-26 media guide, Year-by-Year Scores","11/26 18/-- Texas-San Antonio W, 79-46",resolved,,,,,
2348,IOWARAW-02349,iowa,2025-26_media_guide_year_by_year,2005-2006,2006,2005-11-30,NC State,NC State,nc-state,Yes,45,42,W,0,,,H,SOURCE_PROGRAM_HOME,Carver-Hawkeye Arena,Carver-Hawkeye Arena,Iowa City,IA,,,REGULAR_SEASON,,"Iowa 2025-26 media guide, Year-by-Year Scores","11/30 14/24 NC State W, 45-42",resolved,,,,,
2349,IOWARAW-02350,iowa,2025-26_media_guide_year_by_year,2005-2006,2006,2005-12-02,Fairfield,Fairfield,fairfield,Yes,75,59,W,0,,,H,SOURCE_PROGRAM_HOME,Carver-Hawkeye Arena,Carver-Hawkeye Arena,Iowa City,IA,,,REGULAR_SEASON,,"Iowa 2025-26 media guide, Year-by-Year Scores","12/2 14/-- Fairfield W, 75-59",resolved,,,,,
2350,IOWARAW-02351,iowa,2025-26_media_guide_year_by_year,2005-2006,2006,2005-12-03,Valparaiso,Valparaiso,valparaiso,Yes,72,59,W,0,,,H,SOURCE_PROGRAM_HOME,Carver-Hawkeye Arena,Carver-Hawkeye Arena,Iowa City,IA,,,REGULAR_SEASON,,"Iowa 2025-26 media guide, Year-by-Year Scores","12/3 14/-- Valparaiso W, 72-59",resolved,,,,,
2351,IOWARAW-02352,iowa,2025-26_media_guide_year_by_year,2005-2006,2006,2005-12-06,UNI,UNI,northern-iowa,Yes,63,67,L,1,,,at,OPPONENT_HOME,,,,,,,REGULAR_SEASON,,"Iowa 2025-26 media guide, Year-by-Year Scores","12/6 12/-- at UNI# L, 63-67",resolved,,,,,
2352,IOWARAW-02353,iowa,2025-26_media_guide_year_by_year,2005-2006,2006,2005-12-09,Iowa State,Iowa State,iowa-state,Yes,60,72,L,0,,,at,OPPONENT_HOME,,,,,,,REGULAR_SEASON,,"Iowa 2025-26 media guide, Year-by-Year Scores","12/9 12/-- at Iowa State L, 60-72",resolved,,,,,
2353,IOWARAW-02354,iowa,2025-26_media_guide_year_by_year,2005-2006,2006,2005-12-17,Arizona State,Arizona State,arizona-state,Yes,62,43,W,0,,,H,SOURCE_PROGRAM_HOME,Carver-Hawkeye Arena,Carver-Hawkeye Arena,Iowa City,IA,,,REGULAR_SEASON,,"Iowa 2025-26 media guide, Year-by-Year Scores","12/17 22/-- Arizona State W, 62-43",resolved,,,,,
2354,IOWARAW-02355,iowa,2025-26_media_guide_year_by_year,2005-2006,2006,2005-12-20,Drake,Drake,drake,Yes,65,60,W,0,,,H,SOURCE_PROGRAM_HOME,Carver-Hawkeye Arena,Carver-Hawkeye Arena,Iowa City,IA,,,REGULAR_SEASON,,"Iowa 2025-26 media guide, Year-by-Year Scores","12/20 25/-- Drake W, 65-60",resolved,,,,,
2355,IOWARAW-02356,iowa,2025-26_media_guide_year_by_year,2005-2006,2006,2005-12-22,Robert Morris,Robert Morris,robert-morris,Yes,73,51,W,0,,,H,SOURCE_PROGRAM_HOME,Carver-Hawkeye Arena,Carver-Hawkeye Arena,Iowa City,IA,,,REGULAR_SEASON,,"Iowa 2025-26 media guide, Year-by-Year Scores","12/22 25/-- Robert Morris W, 73-51",resolved,,,,,
2356,IOWARAW-02357,iowa,2025-26_media_guide_year_by_year,2005-2006,2006,2005-12-30,Saint Louis,Saint Louis,saint-louis,Yes,60,50,W,0,,,at,OPPONENT_HOME,,,,,,,REGULAR_SEASON,,"Iowa 2025-26 media guide, Year-by-Year Scores","12/30		 at Saint Louis W, 60-50",resolved,,,,,
2357,IOWARAW-02358,iowa,2025-26_media_guide_year_by_year,2005-2006,2006,2006-01-05,Wisconsin,Wisconsin,wisconsin,Yes,52,66,L,0,,,H,SOURCE_PROGRAM_HOME,Carver-Hawkeye Arena,Carver-Hawkeye Arena,Iowa City,IA,,,REGULAR_SEASON,,"Iowa 2025-26 media guide, Year-by-Year Scores","1/5		 atWisconsin L, 52-66",resolved,,,,,
2358,IOWARAW-02359,iowa,2025-26_media_guide_year_by_year,2005-2006,2006,2006-01-07,Illinois,Illinois,illinois,Yes,63,48,W,0,,,H,SOURCE_PROGRAM_HOME,Carver-Hawkeye Arena,Carver-Hawkeye Arena,Iowa City,IA,,,REGULAR_SEASON,,"Iowa 2025-26 media guide, Year-by-Year Scores","1/7		 Illinois W, 63-48",resolved,,,,,
2359,IOWARAW-02360,iowa,2025-26_media_guide_year_by_year,2005-2006,2006,2006-01-14,Penn State,Penn State,penn-state,Yes,80,76,W,0,,,at,OPPONENT_HOME,,,,,,,REGULAR_SEASON,,"Iowa 2025-26 media guide, Year-by-Year Scores","1/14		 at Penn State W, 80-76",resolved,,,,,
2360,IOWARAW-02361,iowa,2025-26_media_guide_year_by_year,2005-2006,2006,2006-01-18,Minnesota,Minnesota,minnesota,Yes,76,72,W,3,,,H,SOURCE_PROGRAM_HOME,Carver-Hawkeye Arena,Carver-Hawkeye Arena,Iowa City,IA,,,REGULAR_SEASON,,"Iowa 2025-26 media guide, Year-by-Year Scores","1/18 23/-- Minnesota### W, 76-72",resolved,,,,,
2361,IOWARAW-02362,iowa,2025-26_media_guide_year_by_year,2005-2006,2006,2006-01-21,Michigan State,Michigan State,michigan-state,Yes,55,85,L,0,,,at,OPPONENT_HOME,,,,,,,REGULAR_SEASON,,"Iowa 2025-26 media guide, Year-by-Year Scores","1/21 23/-- at Michigan State L, 55-85",resolved,,,,,
2362,IOWARAW-02363,iowa,2025-26_media_guide_year_by_year,2005-2006,2006,2006-01-24,Indiana,Indiana,indiana,Yes,73,60,W,0,,,H,SOURCE_PROGRAM_HOME,Carver-Hawkeye Arena,Carver-Hawkeye Arena,Iowa City,IA,,,REGULAR_SEASON,,"Iowa 2025-26 media guide, Year-by-Year Scores","1/24 --/13 Indiana W, 73-60",resolved,,,,,
2363,IOWARAW-02364,iowa,2025-26_media_guide_year_by_year,2005-2006,2006,2006-01-28,Ohio State,Ohio State,ohio-state,Yes,67,62,W,0,,,H,SOURCE_PROGRAM_HOME,Carver-Hawkeye Arena,Carver-Hawkeye Arena,Iowa City,IA,,,REGULAR_SEASON,,"Iowa 2025-26 media guide, Year-by-Year Scores","1/28 --/16 Ohio State W, 67-62",resolved,,,,,
2364,IOWARAW-02365,iowa,2025-26_media_guide_year_by_year,2005-2006,2006,2006-02-01,Purdue,Purdue,purdue,Yes,77,68,W,0,,,at,OPPONENT_HOME,,,,,,,REGULAR_SEASON,,"Iowa 2025-26 media guide, Year-by-Year Scores","2/1 23/-- at Purdue W, 77-68",resolved,,,,,
2365,IOWARAW-02366,iowa,2025-26_media_guide_year_by_year,2005-2006,2006,2006-02-04,Michigan,Michigan,michigan,Yes,94,66,W,0,,,H,SOURCE_PROGRAM_HOME,Carver-Hawkeye Arena,Carver-Hawkeye Arena,Iowa City,IA,,,REGULAR_SEASON,,"Iowa 2025-26 media guide, Year-by-Year Scores","2/4 23/21 Michigan W, 94-66",resolved,,,,,
2366,IOWARAW-02367,iowa,2025-26_media_guide_year_by_year,2005-2006,2006,2006-02-08,Northwestern,Northwestern,northwestern,Yes,48,51,L,0,,,at,OPPONENT_HOME,,,,,,,REGULAR_SEASON,,"Iowa 2025-26 media guide, Year-by-Year Scores","2/8 18/-- at Northwestern L, 48-51",resolved,,,,,
2367,IOWARAW-02368,iowa,2025-26_media_guide_year_by_year,2005-2006,2006,2006-02-11,Indiana,Indiana,indiana,Yes,70,67,W,0,,,at,OPPONENT_HOME,,,,,,,REGULAR_SEASON,,"Iowa 2025-26 media guide, Year-by-Year Scores","2/11 18/24 at Indiana W, 70-67",resolved,,,,,
2368,IOWARAW-02369,iowa,2025-26_media_guide_year_by_year,2005-2006,2006,2006-02-14,Michigan State,Michigan State,michigan-state,Yes,66,54,W,0,,,H,SOURCE_PROGRAM_HOME,Carver-Hawkeye Arena,Carver-Hawkeye Arena,Iowa City,IA,,,REGULAR_SEASON,,"Iowa 2025-26 media guide, Year-by-Year Scores","2/14 18/16 Michigan State W, 66-54",resolved,,,,,
2369,IOWARAW-02370,iowa,2025-26_media_guide_year_by_year,2005-2006,2006,2006-02-18,Minnesota,Minnesota,minnesota,Yes,61,74,L,0,,,at,OPPONENT_HOME,,,,,,,REGULAR_SEASON,,"Iowa 2025-26 media guide, Year-by-Year Scores","2/18 18/-- at Minnesota L, 61-74",resolved,,,,,
2370,IOWARAW-02371,iowa,2025-26_media_guide_year_by_year,2005-2006,2006,2006-02-25,Illinois,Illinois,illinois,Yes,59,71,L,0,,,at,OPPONENT_HOME,,,,,,,REGULAR_SEASON,,"Iowa 2025-26 media guide, Year-by-Year Scores","2/25 20/-- at Illinois L, 59-71",resolved,,,,,
2371,IOWARAW-02372,iowa,2025-26_media_guide_year_by_year,2005-2006,2006,2006-03-01,Penn State,Penn State,penn-state,Yes,65,38,W,0,,,H,SOURCE_PROGRAM_HOME,Carver-Hawkeye Arena,Carver-Hawkeye Arena,Iowa City,IA,,,REGULAR_SEASON,,"Iowa 2025-26 media guide, Year-by-Year Scores","3/1 23/-- Penn State W, 65-38",resolved,,,,,
2372,IOWARAW-02373,iowa,2025-26_media_guide_year_by_year,2005-2006,2006,2006-03-04,Wisconsin,Wisconsin,wisconsin,Yes,59,44,W,0,,,H,SOURCE_PROGRAM_HOME,Carver-Hawkeye Arena,Carver-Hawkeye Arena,Iowa City,IA,,,REGULAR_SEASON,,"Iowa 2025-26 media guide, Year-by-Year Scores","3/4 23/-- Wisconsin W, 59-44",resolved,,,,,
2373,IOWARAW-02374,iowa,2025-26_media_guide_year_by_year,2005-2006,2006,2006-03-10,Minnesota,Minnesota,minnesota,Yes,67,57,W,0,,,vs.,NEUTRAL,Gainbridge Fieldhouse,Gainbridge Fieldhouse,Indianapolis,IN,Big Ten Tournament,,CONFERENCE_TOURNAMENT,,"Iowa 2025-26 media guide, Year-by-Year Scores","3/10 20/-- vs. Minnesota (n) W, 67-57",resolved,,,,,
2374,IOWARAW-02375,iowa,2025-26_media_guide_year_by_year,2005-2006,2006,2006-03-11,Michigan State,Michigan State,michigan-state,Yes,53,48,W,0,,,vs.,NEUTRAL,Gainbridge Fieldhouse,Gainbridge Fieldhouse,Indianapolis,IN,Big Ten Tournament,,CONFERENCE_TOURNAMENT,,"Iowa 2025-26 media guide, Year-by-Year Scores","3/11 20/-- vs. Michigan State (n) W, 53-48",resolved,,,,,
2375,IOWARAW-02376,iowa,2025-26_media_guide_year_by_year,2005-2006,2006,2006-03-12,Ohio State,Ohio State,ohio-state,Yes,67,60,W,0,,,vs.,NEUTRAL,Gainbridge Fieldhouse,Gainbridge Fieldhouse,Indianapolis,IN,Big Ten Tournament,,CONFERENCE_TOURNAMENT,Championship,"Iowa 2025-26 media guide, Year-by-Year Scores","3/12 20/7 vs. Ohio State (n) W, 67-60",resolved,,,,,
2376,IOWARAW-02377,iowa,2025-26_media_guide_year_by_year,2005-2006,2006,2006-03-17,Northwestern State,Northwestern State,northwestern-state,Yes,63,64,L,0,,,vs.,NEUTRAL,The Palace of Auburn Hills,The Palace of Auburn Hills,Auburn Hills,MI,NCAA Tournament,,NCAA_TOURNAMENT,R64,"Iowa 2025-26 media guide, Year-by-Year Scores","3/17 20/-- vs. Northwestern State (n) L, 63-64",resolved,,,,,
2377,IOWARAW-02378,iowa,2025-26_media_guide_year_by_year,2006-2007,2007,2006-11-13,The Citadel,The Citadel,the-citadel,No,75,53,W,0,,,H,SOURCE_PROGRAM_HOME,Carver-Hawkeye Arena,Carver-Hawkeye Arena,Iowa City,IA,,,REGULAR_SEASON,,"Iowa 2025-26 media guide, Year-by-Year Scores","11/13		 The Citadel W, 75-53",resolved,,,,,
2378,IOWARAW-02379,iowa,2025-26_media_guide_year_by_year,2006-2007,2007,2006-11-17,Toledo,Toledo,toledo,Yes,78,65,W,0,,,vs.,NEUTRAL,,,,,,,REGULAR_SEASON,,"Iowa 2025-26 media guide, Year-by-Year Scores","11/17		 vs.Toledo (n) W, 78-65",resolved,,,,,
2379,IOWARAW-02380,iowa,2025-26_media_guide_year_by_year,2006-2007,2007,2006-11-19,Alabama,Alabama,alabama,Yes,60,72,L,0,,,vs.,NEUTRAL,,,,,,,REGULAR_SEASON,,"Iowa 2025-26 media guide, Year-by-Year Scores","11/19 --/10 vs. Alabama (n) L, 60-72",resolved,,,,,
2380,IOWARAW-02381,iowa,2025-26_media_guide_year_by_year,2006-2007,2007,2006-11-20,Villanova,Villanova,villanova,Yes,60,89,L,0,,,vs.,NEUTRAL,,,,,,,REGULAR_SEASON,,"Iowa 2025-26 media guide, Year-by-Year Scores","11/20		 vs.Villanova (n) L, 60-89",resolved,,,,,
2381,IOWARAW-02382,iowa,2025-26_media_guide_year_by_year,2006-2007,2007,2006-11-25,Arizona State,Arizona State,arizona-state,Yes,64,67,L,0,,,at,OPPONENT_HOME,,,,,,,REGULAR_SEASON,,"Iowa 2025-26 media guide, Year-by-Year Scores","11/25		 at Arizona State L, 64-67",resolved,,,,,
2382,IOWARAW-02383,iowa,2025-26_media_guide_year_by_year,2006-2007,2007,2006-11-29,Virginia Tech,Virginia Tech,virginia-tech,No,65,69,L,0,,,H,SOURCE_PROGRAM_HOME,Carver-Hawkeye Arena,Carver-Hawkeye Arena,Iowa City,IA,,,REGULAR_SEASON,,"Iowa 2025-26 media guide, Year-by-Year Scores","11/29		 atVirginiaTech L, 65-69",resolved,,,,,
2383,IOWARAW-02384,iowa,2025-26_media_guide_year_by_year,2006-2007,2007,2006-12-01,Texas-Pan American,UTRGV,utrgv,Yes,62,46,W,0,,,H,SOURCE_PROGRAM_HOME,Carver-Hawkeye Arena,Carver-Hawkeye Arena,Iowa City,IA,,,REGULAR_SEASON,,"Iowa 2025-26 media guide, Year-by-Year Scores","12/1		 Texas-Pan American W, 62-46",resolved,,,,,
2384,IOWARAW-02385,iowa,2025-26_media_guide_year_by_year,2006-2007,2007,2006-12-02,Coppin State,Coppin State,coppin-state,Yes,83,67,W,0,,,H,SOURCE_PROGRAM_HOME,Carver-Hawkeye Arena,Carver-Hawkeye Arena,Iowa City,IA,,,REGULAR_SEASON,,"Iowa 2025-26 media guide, Year-by-Year Scores","12/2		 Coppin State W, 83-67",resolved,,,,,
2385,IOWARAW-02386,iowa,2025-26_media_guide_year_by_year,2006-2007,2007,2006-12-05,UNI,UNI,northern-iowa,Yes,55,57,L,0,,,H,SOURCE_PROGRAM_HOME,Carver-Hawkeye Arena,Carver-Hawkeye Arena,Iowa City,IA,,,REGULAR_SEASON,,"Iowa 2025-26 media guide, Year-by-Year Scores","12/5		 UNI L, 55-57",resolved,,,,,
2386,IOWARAW-02387,iowa,2025-26_media_guide_year_by_year,2006-2007,2007,2006-12-08,Iowa State,Iowa State,iowa-state,Yes,77,59,W,0,,,H,SOURCE_PROGRAM_HOME,Carver-Hawkeye Arena,Carver-Hawkeye Arena,Iowa City,IA,,,REGULAR_SEASON,,"Iowa 2025-26 media guide, Year-by-Year Scores","12/8		 Iowa State W, 77-59",resolved,,,,,
2387,IOWARAW-02388,iowa,2025-26_media_guide_year_by_year,2006-2007,2007,2006-12-16,Drake,Drake,drake,Yes,59,75,L,0,,,at,OPPONENT_HOME,,,,,,,REGULAR_SEASON,,"Iowa 2025-26 media guide, Year-by-Year Scores","12/16		 at Drake L, 59-75",resolved,,,,,
2388,IOWARAW-02389,iowa,2025-26_media_guide_year_by_year,2006-2007,2007,2006-12-20,Georgia State,Georgia State,georgia-state,Yes,101,59,W,0,,,H,SOURCE_PROGRAM_HOME,Carver-Hawkeye Arena,Carver-Hawkeye Arena,Iowa City,IA,,,REGULAR_SEASON,,"Iowa 2025-26 media guide, Year-by-Year Scores","12/20		 Georgia State W, 101-59",resolved,,,,,
2389,IOWARAW-02390,iowa,2025-26_media_guide_year_by_year,2006-2007,2007,2006-12-23,Texas Southern,Texas Southern,texas-southern,Yes,90,63,W,0,,,H,SOURCE_PROGRAM_HOME,Carver-Hawkeye Arena,Carver-Hawkeye Arena,Iowa City,IA,,,REGULAR_SEASON,,"Iowa 2025-26 media guide, Year-by-Year Scores","12/23		 Texas Southern W, 90-63",resolved,,,,,
2390,IOWARAW-02391,iowa,2025-26_media_guide_year_by_year,2006-2007,2007,2006-12-30,Cornell,Cornell,cornell,Yes,65,50,W,0,,,H,SOURCE_PROGRAM_HOME,Carver-Hawkeye Arena,Carver-Hawkeye Arena,Iowa City,IA,,,REGULAR_SEASON,,"Iowa 2025-26 media guide, Year-by-Year Scores","12/30		 Cornell W, 65-50",resolved,,,,,
2391,IOWARAW-02392,iowa,2025-26_media_guide_year_by_year,2006-2007,2007,2007-01-04,Michigan State,Michigan State,michigan-state,Yes,62,60,W,0,,,H,SOURCE_PROGRAM_HOME,Carver-Hawkeye Arena,Carver-Hawkeye Arena,Iowa City,IA,,,REGULAR_SEASON,,"Iowa 2025-26 media guide, Year-by-Year Scores","1/4		 Michigan State W, 62-60",resolved,,,,,
2392,IOWARAW-02393,iowa,2025-26_media_guide_year_by_year,2006-2007,2007,2007-01-10,Illinois,Illinois,illinois,Yes,70,74,L,0,,,at,OPPONENT_HOME,,,,,,,REGULAR_SEASON,,"Iowa 2025-26 media guide, Year-by-Year Scores","1/10		 at Illinois L, 70-74",resolved,,,,,
2393,IOWARAW-02394,iowa,2025-26_media_guide_year_by_year,2006-2007,2007,2007-01-13,Minnesota,Minnesota,minnesota,Yes,60,49,W,0,,,H,SOURCE_PROGRAM_HOME,Carver-Hawkeye Arena,Carver-Hawkeye Arena,Iowa City,IA,,,REGULAR_SEASON,,"Iowa 2025-26 media guide, Year-by-Year Scores","1/13		 Minnesota W, 60-49",resolved,,,,,
2394,IOWARAW-02395,iowa,2025-26_media_guide_year_by_year,2006-2007,2007,2007-01-16,Indiana,Indiana,indiana,Yes,64,71,L,0,,,at,OPPONENT_HOME,,,,,,,REGULAR_SEASON,,"Iowa 2025-26 media guide, Year-by-Year Scores","1/16		 at Indiana L, 64-71",resolved,,,,,
2395,IOWARAW-02396,iowa,2025-26_media_guide_year_by_year,2006-2007,2007,2007-01-20,Ohio State,Ohio State,ohio-state,Yes,63,82,L,0,,,at,OPPONENT_HOME,,,,,,,REGULAR_SEASON,,"Iowa 2025-26 media guide, Year-by-Year Scores","1/20		 at Ohio State L, 63-82",resolved,,,,,
2396,IOWARAW-02397,iowa,2025-26_media_guide_year_by_year,2006-2007,2007,2007-01-24,Penn State,Penn State,penn-state,Yes,79,63,W,0,,,H,SOURCE_PROGRAM_HOME,Carver-Hawkeye Arena,Carver-Hawkeye Arena,Iowa City,IA,,,REGULAR_SEASON,,"Iowa 2025-26 media guide, Year-by-Year Scores","1/24		 Penn State W, 79-63",resolved,,,,,
2397,IOWARAW-02398,iowa,2025-26_media_guide_year_by_year,2006-2007,2007,2007-01-28,Wisconsin,Wisconsin,wisconsin,Yes,46,57,L,0,,,H,SOURCE_PROGRAM_HOME,Carver-Hawkeye Arena,Carver-Hawkeye Arena,Iowa City,IA,,,REGULAR_SEASON,,"Iowa 2025-26 media guide, Year-by-Year Scores","1/28 --/2 Wisconsin L, 46-57",resolved,,,,,
2398,IOWARAW-02399,iowa,2025-26_media_guide_year_by_year,2006-2007,2007,2007-01-31,Michigan,Michigan,michigan,Yes,69,62,W,0,,,at,OPPONENT_HOME,,,,,,,REGULAR_SEASON,,"Iowa 2025-26 media guide, Year-by-Year Scores","1/31		 at Michigan W, 69-62",resolved,,,,,
2399,IOWARAW-02400,iowa,2025-26_media_guide_year_by_year,2006-2007,2007,2007-02-03,Indiana,Indiana,indiana,Yes,81,75,W,0,,,H,SOURCE_PROGRAM_HOME,Carver-Hawkeye Arena,Carver-Hawkeye Arena,Iowa City,IA,,,REGULAR_SEASON,,"Iowa 2025-26 media guide, Year-by-Year Scores","2/3		 Indiana W, 81-75",resolved,,,,,
2400,IOWARAW-02401,iowa,2025-26_media_guide_year_by_year,2006-2007,2007,2007-02-07,Minnesota,Minnesota,minnesota,Yes,91,78,W,0,,,at,OPPONENT_HOME,,,,,,,REGULAR_SEASON,,"Iowa 2025-26 media guide, Year-by-Year Scores","2/7		 at Minnesota W, 91-78",resolved,,,,,
2401,IOWARAW-02402,iowa,2025-26_media_guide_year_by_year,2006-2007,2007,2007-02-10,Wisconsin,Wisconsin,wisconsin,Yes,62,74,L,0,,,H,SOURCE_PROGRAM_HOME,Carver-Hawkeye Arena,Carver-Hawkeye Arena,Iowa City,IA,,,REGULAR_SEASON,,"Iowa 2025-26 media guide, Year-by-Year Scores","2/10 --/4 atWisconsin L, 62-74",resolved,,,,,
2402,IOWARAW-02403,iowa,2025-26_media_guide_year_by_year,2006-2007,2007,2007-02-15,Northwestern,Northwestern,northwestern,Yes,66,58,W,0,,,H,SOURCE_PROGRAM_HOME,Carver-Hawkeye Arena,Carver-Hawkeye Arena,Iowa City,IA,,,REGULAR_SEASON,,"Iowa 2025-26 media guide, Year-by-Year Scores","2/15		 Northwestern W, 66-58",resolved,,,,,
2403,IOWARAW-02404,iowa,2025-26_media_guide_year_by_year,2006-2007,2007,2007-02-17,Michigan State,Michigan State,michigan-state,Yes,49,81,L,0,,,at,OPPONENT_HOME,,,,,,,REGULAR_SEASON,,"Iowa 2025-26 media guide, Year-by-Year Scores","2/17		 at Michigan State L, 49-81",resolved,,,,,
2404,IOWARAW-02405,iowa,2025-26_media_guide_year_by_year,2006-2007,2007,2007-02-21,Purdue,Purdue,purdue,Yes,78,59,W,0,,,H,SOURCE_PROGRAM_HOME,Carver-Hawkeye Arena,Carver-Hawkeye Arena,Iowa City,IA,,,REGULAR_SEASON,,"Iowa 2025-26 media guide, Year-by-Year Scores","2/21		 Purdue W, 78-59",resolved,,,,,
2405,IOWARAW-02406,iowa,2025-26_media_guide_year_by_year,2006-2007,2007,2007-02-28,Penn State,Penn State,penn-state,Yes,72,74,L,0,,,at,OPPONENT_HOME,,,,,,,REGULAR_SEASON,,"Iowa 2025-26 media guide, Year-by-Year Scores","2/28		 at Penn State L, 72-74",resolved,,,,,
2406,IOWARAW-02407,iowa,2025-26_media_guide_year_by_year,2006-2007,2007,2007-03-03,Illinois,Illinois,illinois,Yes,60,53,W,0,,,H,SOURCE_PROGRAM_HOME,Carver-Hawkeye Arena,Carver-Hawkeye Arena,Iowa City,IA,,,REGULAR_SEASON,,"Iowa 2025-26 media guide, Year-by-Year Scores","3/3		 Illinois W, 60-53",resolved,,,,,
2407,IOWARAW-02408,iowa,2025-26_media_guide_year_by_year,2006-2007,2007,2007-03-09,Purdue,Purdue,purdue,Yes,55,74,L,0,,,vs.,NEUTRAL,United Center,United Center,Chicago,IL,Big Ten Tournament,,CONFERENCE_TOURNAMENT,,"Iowa 2025-26 media guide, Year-by-Year Scores","3/9		 vs. Purdue (n) L, 55-74",resolved,,,,,
2408,IOWARAW-02409,iowa,2025-26_media_guide_year_by_year,2007-2008,2008,2007-11-09,Idaho State,Idaho State,idaho-state,Yes,58,43,W,0,,,H,SOURCE_PROGRAM_HOME,Carver-Hawkeye Arena,Carver-Hawkeye Arena,Iowa City,IA,,,REGULAR_SEASON,,"Iowa 2025-26 media guide, Year-by-Year Scores","11/9		 Idaho State W, 58-43",resolved,,,,,
2409,IOWARAW-02410,iowa,2025-26_media_guide_year_by_year,2007-2008,2008,2007-11-14,Northern Colorado,Northern Colorado,northern-colorado,Yes,59,47,W,0,,,H,SOURCE_PROGRAM_HOME,Carver-Hawkeye Arena,Carver-Hawkeye Arena,Iowa City,IA,,,REGULAR_SEASON,,"Iowa 2025-26 media guide, Year-by-Year Scores","11/14		 Northern Colorado W, 59-47",resolved,,,,,
2410,IOWARAW-02411,iowa,2025-26_media_guide_year_by_year,2007-2008,2008,2007-11-18,Florida Gulf Coast,Florida Gulf Coast,florida-gulf-coast,Yes,62,49,W,0,,,H,SOURCE_PROGRAM_HOME,Carver-Hawkeye Arena,Carver-Hawkeye Arena,Iowa City,IA,,,REGULAR_SEASON,,"Iowa 2025-26 media guide, Year-by-Year Scores","11/18		 Florida Gulf Coast W, 62-49",resolved,,,,,
2411,IOWARAW-02412,iowa,2025-26_media_guide_year_by_year,2007-2008,2008,2007-11-20,UMES,Maryland Eastern Shore,maryland-eastern-shore,Yes,65,48,W,0,,,H,SOURCE_PROGRAM_HOME,Carver-Hawkeye Arena,Carver-Hawkeye Arena,Iowa City,IA,,,REGULAR_SEASON,,"Iowa 2025-26 media guide, Year-by-Year Scores","11/20		 UMES W, 65-48",resolved,,,,,
2412,IOWARAW-02413,iowa,2025-26_media_guide_year_by_year,2007-2008,2008,2007-11-23,Bradley,Bradley,bradley,Yes,56,67,L,0,,,vs.,NEUTRAL,,,,,,,REGULAR_SEASON,,"Iowa 2025-26 media guide, Year-by-Year Scores","11/23		 vs. Bradley (n) L, 56-67",resolved,,,,,
2413,IOWARAW-02414,iowa,2025-26_media_guide_year_by_year,2007-2008,2008,2007-11-24,Utah State,Utah State,utah-state,Yes,62,75,L,0,,,vs.,NEUTRAL,,,,,,,REGULAR_SEASON,,"Iowa 2025-26 media guide, Year-by-Year Scores","11/24		 vs. Utah State (n) L, 62-75",resolved,,,,,
2414,IOWARAW-02415,iowa,2025-26_media_guide_year_by_year,2007-2008,2008,2007-11-26,Wake Forest,Wake Forest,wake-forest,Yes,47,56,L,0,,,H,SOURCE_PROGRAM_HOME,Carver-Hawkeye Arena,Carver-Hawkeye Arena,Iowa City,IA,,,REGULAR_SEASON,,"Iowa 2025-26 media guide, Year-by-Year Scores","11/26		 Wake Forest L, 47-56",resolved,,,,,
2415,IOWARAW-02416,iowa,2025-26_media_guide_year_by_year,2007-2008,2008,2007-11-30,Louisiana-Monroe,Louisiana-Monroe,louisiana-monroe,Yes,67,72,L,1,,,H,SOURCE_PROGRAM_HOME,Carver-Hawkeye Arena,Carver-Hawkeye Arena,Iowa City,IA,,,REGULAR_SEASON,,"Iowa 2025-26 media guide, Year-by-Year Scores","11/30		 Louisiana-Monroe# L, 67-72",resolved,,,,,
2416,IOWARAW-02417,iowa,2025-26_media_guide_year_by_year,2007-2008,2008,2007-12-01,Eastern Illinois,Eastern Illinois,eastern-illinois,Yes,57,45,W,0,,,H,SOURCE_PROGRAM_HOME,Carver-Hawkeye Arena,Carver-Hawkeye Arena,Iowa City,IA,,,REGULAR_SEASON,,"Iowa 2025-26 media guide, Year-by-Year Scores","12/1		 Eastern Illinois W, 57-45",resolved,,,,,
2417,IOWARAW-02418,iowa,2025-26_media_guide_year_by_year,2007-2008,2008,2007-12-05,UNI,UNI,northern-iowa,Yes,62,55,W,0,,,at,OPPONENT_HOME,,,,,,,REGULAR_SEASON,,"Iowa 2025-26 media guide, Year-by-Year Scores","12/5		 at UNI W, 62-55",resolved,,,,,
2418,IOWARAW-02419,iowa,2025-26_media_guide_year_by_year,2007-2008,2008,2007-12-08,Iowa State,Iowa State,iowa-state,Yes,47,56,L,0,,,at,OPPONENT_HOME,,,,,,,REGULAR_SEASON,,"Iowa 2025-26 media guide, Year-by-Year Scores","12/8		 at Iowa State L, 47-56",resolved,,,,,
2419,IOWARAW-02420,iowa,2025-26_media_guide_year_by_year,2007-2008,2008,2007-12-14,Drake,Drake,drake,Yes,51,56,L,0,,,H,SOURCE_PROGRAM_HOME,Carver-Hawkeye Arena,Carver-Hawkeye Arena,Iowa City,IA,,,REGULAR_SEASON,,"Iowa 2025-26 media guide, Year-by-Year Scores","12/14		 Drake L, 51-56",resolved,,,,,
2420,IOWARAW-02421,iowa,2025-26_media_guide_year_by_year,2007-2008,2008,2007-12-29,Southeastern Louisiana,Southeastern Louisiana,southeastern-louisiana,Yes,57,50,W,0,,,H,SOURCE_PROGRAM_HOME,Carver-Hawkeye Arena,Carver-Hawkeye Arena,Iowa City,IA,,,REGULAR_SEASON,,"Iowa 2025-26 media guide, Year-by-Year Scores","12/29		 Southeastern Louisiana W, 57-50",resolved,,,,,
2421,IOWARAW-02422,iowa,2025-26_media_guide_year_by_year,2007-2008,2008,2008-01-02,Indiana,Indiana,indiana,Yes,76,79,L,0,,,H,SOURCE_PROGRAM_HOME,Carver-Hawkeye Arena,Carver-Hawkeye Arena,Iowa City,IA,,,REGULAR_SEASON,,"Iowa 2025-26 media guide, Year-by-Year Scores","1/2 --/11 Indiana L, 76-79",resolved,,,,,
2422,IOWARAW-02423,iowa,2025-26_media_guide_year_by_year,2007-2008,2008,2008-01-05,Wisconsin,Wisconsin,wisconsin,Yes,51,64,L,0,,,H,SOURCE_PROGRAM_HOME,Carver-Hawkeye Arena,Carver-Hawkeye Arena,Iowa City,IA,,,REGULAR_SEASON,,"Iowa 2025-26 media guide, Year-by-Year Scores","1/5 --/25 atWisconsin L, 51-64",resolved,,,,,
2423,IOWARAW-02424,iowa,2025-26_media_guide_year_by_year,2007-2008,2008,2008-01-09,Ohio State,Ohio State,ohio-state,Yes,48,79,L,0,,,at,OPPONENT_HOME,,,,,,,REGULAR_SEASON,,"Iowa 2025-26 media guide, Year-by-Year Scores","1/9		 at Ohio State L, 48-79",resolved,,,,,
2424,IOWARAW-02425,iowa,2025-26_media_guide_year_by_year,2007-2008,2008,2008-01-12,Michigan State,Michigan State,michigan-state,Yes,43,36,W,0,,,H,SOURCE_PROGRAM_HOME,Carver-Hawkeye Arena,Carver-Hawkeye Arena,Iowa City,IA,,,REGULAR_SEASON,,"Iowa 2025-26 media guide, Year-by-Year Scores","1/12 --/6 Michigan State W, 43-36",resolved,,,,,
2425,IOWARAW-02426,iowa,2025-26_media_guide_year_by_year,2007-2008,2008,2008-01-16,Purdue,Purdue,purdue,Yes,62,67,L,0,,,H,SOURCE_PROGRAM_HOME,Carver-Hawkeye Arena,Carver-Hawkeye Arena,Iowa City,IA,,,REGULAR_SEASON,,"Iowa 2025-26 media guide, Year-by-Year Scores","1/16		 Purdue L, 62-67",resolved,,,,,
2426,IOWARAW-02427,iowa,2025-26_media_guide_year_by_year,2007-2008,2008,2008-01-19,Michigan,Michigan,michigan,Yes,68,60,W,0,,,at,OPPONENT_HOME,,,,,,,REGULAR_SEASON,,"Iowa 2025-26 media guide, Year-by-Year Scores","1/19		 at Michigan W, 68-60",resolved,,,,,
2427,IOWARAW-02428,iowa,2025-26_media_guide_year_by_year,2007-2008,2008,2008-01-23,Indiana,Indiana,indiana,Yes,43,65,L,0,,,at,OPPONENT_HOME,,,,,,,REGULAR_SEASON,,"Iowa 2025-26 media guide, Year-by-Year Scores","1/23 --/7 at Indiana L, 43-65",resolved,,,,,
2428,IOWARAW-02429,iowa,2025-26_media_guide_year_by_year,2007-2008,2008,2008-01-26,Penn State,Penn State,penn-state,Yes,64,49,W,0,,,H,SOURCE_PROGRAM_HOME,Carver-Hawkeye Arena,Carver-Hawkeye Arena,Iowa City,IA,,,REGULAR_SEASON,,"Iowa 2025-26 media guide, Year-by-Year Scores","1/26		 Penn State W, 64-49",resolved,,,,,
2429,IOWARAW-02430,iowa,2025-26_media_guide_year_by_year,2007-2008,2008,2008-01-30,Purdue,Purdue,purdue,Yes,50,51,L,0,,,at,OPPONENT_HOME,,,,,,,REGULAR_SEASON,,"Iowa 2025-26 media guide, Year-by-Year Scores","1/30		 at Purdue L, 50-51",resolved,,,,,
2430,IOWARAW-02431,iowa,2025-26_media_guide_year_by_year,2007-2008,2008,2008-02-02,Ohio State,Ohio State,ohio-state,Yes,53,48,W,0,,,H,SOURCE_PROGRAM_HOME,Carver-Hawkeye Arena,Carver-Hawkeye Arena,Iowa City,IA,,,REGULAR_SEASON,,"Iowa 2025-26 media guide, Year-by-Year Scores","2/2		 Ohio State W, 53-48",resolved,,,,,
2431,IOWARAW-02432,iowa,2025-26_media_guide_year_by_year,2007-2008,2008,2008-02-06,Wisconsin,Wisconsin,wisconsin,Yes,54,60,L,0,,,H,SOURCE_PROGRAM_HOME,Carver-Hawkeye Arena,Carver-Hawkeye Arena,Iowa City,IA,,,REGULAR_SEASON,,"Iowa 2025-26 media guide, Year-by-Year Scores","2/6 --/8 Wisconsin L, 54-60",resolved,,,,,
2432,IOWARAW-02433,iowa,2025-26_media_guide_year_by_year,2007-2008,2008,2008-02-09,Minnesota,Minnesota,minnesota,Yes,50,63,L,0,,,at,OPPONENT_HOME,,,,,,,REGULAR_SEASON,,"Iowa 2025-26 media guide, Year-by-Year Scores","2/9		 at Minnesota L, 50-63",resolved,,,,,
2433,IOWARAW-02434,iowa,2025-26_media_guide_year_by_year,2007-2008,2008,2008-02-14,Michigan,Michigan,michigan,Yes,52,60,L,0,,,H,SOURCE_PROGRAM_HOME,Carver-Hawkeye Arena,Carver-Hawkeye Arena,Iowa City,IA,,,REGULAR_SEASON,,"Iowa 2025-26 media guide, Year-by-Year Scores","2/14		 Michigan L, 52-60",resolved,,,,,
2434,IOWARAW-02435,iowa,2025-26_media_guide_year_by_year,2007-2008,2008,2008-02-19,Northwestern,Northwestern,northwestern,Yes,53,51,W,0,,,H,SOURCE_PROGRAM_HOME,Carver-Hawkeye Arena,Carver-Hawkeye Arena,Iowa City,IA,,,REGULAR_SEASON,,"Iowa 2025-26 media guide, Year-by-Year Scores","2/19		 Northwestern W, 53-51",resolved,,,,,
2435,IOWARAW-02436,iowa,2025-26_media_guide_year_by_year,2007-2008,2008,2008-02-23,Michigan State,Michigan State,michigan-state,Yes,52,66,L,0,,,at,OPPONENT_HOME,,,,,,,REGULAR_SEASON,,"Iowa 2025-26 media guide, Year-by-Year Scores","2/23 --/19 at Michigan State L, 52-66",resolved,,,,,
2436,IOWARAW-02437,iowa,2025-26_media_guide_year_by_year,2007-2008,2008,2008-02-27,Penn State,Penn State,penn-state,Yes,64,65,L,0,,,at,OPPONENT_HOME,,,,,,,REGULAR_SEASON,,"Iowa 2025-26 media guide, Year-by-Year Scores","2/27		 at Penn State L, 64-65",resolved,,,,,
2437,IOWARAW-02438,iowa,2025-26_media_guide_year_by_year,2007-2008,2008,2008-03-01,Illinois,Illinois,illinois,Yes,47,58,L,0,,,H,SOURCE_PROGRAM_HOME,Carver-Hawkeye Arena,Carver-Hawkeye Arena,Iowa City,IA,,,REGULAR_SEASON,,"Iowa 2025-26 media guide, Year-by-Year Scores","3/1		 Illinois L, 47-58",resolved,,,,,
2438,IOWARAW-02439,iowa,2025-26_media_guide_year_by_year,2007-2008,2008,2008-03-04,Northwestern,Northwestern,northwestern,Yes,67,62,W,0,,,at,OPPONENT_HOME,,,,,,,REGULAR_SEASON,,"Iowa 2025-26 media guide, Year-by-Year Scores","3/4		 at Northwestern W, 67-62",resolved,,,,,
2439,IOWARAW-02440,iowa,2025-26_media_guide_year_by_year,2007-2008,2008,2008-03-13,Michigan,Michigan,michigan,Yes,47,55,L,0,,,vs.,NEUTRAL,Gainbridge Fieldhouse,Gainbridge Fieldhouse,Indianapolis,IN,Big Ten Tournament,,CONFERENCE_TOURNAMENT,,"Iowa 2025-26 media guide, Year-by-Year Scores","3/13		 vs. Michigan (n) L, 47-55",resolved,,,,,
2440,IOWARAW-02441,iowa,2025-26_media_guide_year_by_year,2008-2009,2009,2008-11-15,Charleston Southern,Charleston Southern,charleston-southern,Yes,68,48,W,0,,,H,SOURCE_PROGRAM_HOME,Carver-Hawkeye Arena,Carver-Hawkeye Arena,Iowa City,IA,,,REGULAR_SEASON,,"Iowa 2025-26 media guide, Year-by-Year Scores","11/15		 Charleston Southern W, 68-48",resolved,,,,,
2441,IOWARAW-02442,iowa,2025-26_media_guide_year_by_year,2008-2009,2009,2008-11-17,Texas-San Antonio,UTSA,utsa,Yes,73,67,W,0,,,H,SOURCE_PROGRAM_HOME,Carver-Hawkeye Arena,Carver-Hawkeye Arena,Iowa City,IA,,,REGULAR_SEASON,,"Iowa 2025-26 media guide, Year-by-Year Scores","11/17		 Texas-San Antonio W, 73-67",resolved,,,,,
2442,IOWARAW-02443,iowa,2025-26_media_guide_year_by_year,2008-2009,2009,2008-11-20,The Citadel,The Citadel,the-citadel,No,70,48,W,0,,,H,SOURCE_PROGRAM_HOME,Carver-Hawkeye Arena,Carver-Hawkeye Arena,Iowa City,IA,,,REGULAR_SEASON,,"Iowa 2025-26 media guide, Year-by-Year Scores","11/20		 atThe Citadel W, 70-48",resolved,,,,,
2443,IOWARAW-02444,iowa,2025-26_media_guide_year_by_year,2008-2009,2009,2008-11-23,Oakland,Oakland,oakland,Yes,66,57,W,0,,,H,SOURCE_PROGRAM_HOME,Carver-Hawkeye Arena,Carver-Hawkeye Arena,Iowa City,IA,,,REGULAR_SEASON,,"Iowa 2025-26 media guide, Year-by-Year Scores","11/23		 Oakland W, 66-57",resolved,,,,,
2444,IOWARAW-02445,iowa,2025-26_media_guide_year_by_year,2008-2009,2009,2008-11-25,Southeast MO State,Southeast Missouri State,southeast-missouri-state,Yes,75,41,W,0,,,H,SOURCE_PROGRAM_HOME,Carver-Hawkeye Arena,Carver-Hawkeye Arena,Iowa City,IA,,,REGULAR_SEASON,,"Iowa 2025-26 media guide, Year-by-Year Scores","11/25		 Southeast MO State W, 75-41",resolved,,,,,
2445,IOWARAW-02446,iowa,2025-26_media_guide_year_by_year,2008-2009,2009,2008-11-28,West Virginia,West Virginia,west-virginia,No,68,87,L,0,,,vs.,NEUTRAL,,,,,,,REGULAR_SEASON,,"Iowa 2025-26 media guide, Year-by-Year Scores","11/28		 vs.WestVirginia (n) L, 68-87",resolved,,,,,
2446,IOWARAW-02447,iowa,2025-26_media_guide_year_by_year,2008-2009,2009,2008-11-29,Kansas State,Kansas State,kansas-state,Yes,65,63,W,0,,,vs.,NEUTRAL,,,,,,,REGULAR_SEASON,,"Iowa 2025-26 media guide, Year-by-Year Scores","11/29		 vs. Kansas State (n) W, 65-63",resolved,,,,,
2447,IOWARAW-02448,iowa,2025-26_media_guide_year_by_year,2008-2009,2009,2008-12-02,Boston College,Boston College,boston-college,Yes,55,57,L,0,,,at,OPPONENT_HOME,,,,,,,REGULAR_SEASON,,"Iowa 2025-26 media guide, Year-by-Year Scores","12/2		 at Boston College L, 55-57",resolved,,,,,
2448,IOWARAW-02449,iowa,2025-26_media_guide_year_by_year,2008-2009,2009,2008-12-05,Bryant,Bryant,bryant,Yes,61,36,W,0,,,H,SOURCE_PROGRAM_HOME,Carver-Hawkeye Arena,Carver-Hawkeye Arena,Iowa City,IA,,,REGULAR_SEASON,,"Iowa 2025-26 media guide, Year-by-Year Scores","12/5		 Bryant W, 61-36",resolved,,,,,
2449,IOWARAW-02450,iowa,2025-26_media_guide_year_by_year,2008-2009,2009,2008-12-09,UNI,UNI,northern-iowa,Yes,65,46,W,0,,,H,SOURCE_PROGRAM_HOME,Carver-Hawkeye Arena,Carver-Hawkeye Arena,Iowa City,IA,,,REGULAR_SEASON,,"Iowa 2025-26 media guide, Year-by-Year Scores","12/9		 UNI W, 65-46",resolved,,,,,
2450,IOWARAW-02451,iowa,2025-26_media_guide_year_by_year,2008-2009,2009,2008-12-12,Iowa State,Iowa State,iowa-state,Yes,73,57,W,0,,,H,SOURCE_PROGRAM_HOME,Carver-Hawkeye Arena,Carver-Hawkeye Arena,Iowa City,IA,,,REGULAR_SEASON,,"Iowa 2025-26 media guide, Year-by-Year Scores","12/12		 Iowa State W, 73-57",resolved,,,,,
2451,IOWARAW-02452,iowa,2025-26_media_guide_year_by_year,2008-2009,2009,2008-12-20,Drake,Drake,drake,Yes,43,60,L,0,,,at,OPPONENT_HOME,,,,,,,REGULAR_SEASON,,"Iowa 2025-26 media guide, Year-by-Year Scores","12/20		 at Drake L, 43-60",resolved,,,,,
2452,IOWARAW-02453,iowa,2025-26_media_guide_year_by_year,2008-2009,2009,2008-12-27,Western Illinois,Western Illinois,western-illinois,Yes,58,43,W,0,,,H,SOURCE_PROGRAM_HOME,Carver-Hawkeye Arena,Carver-Hawkeye Arena,Iowa City,IA,,,REGULAR_SEASON,,"Iowa 2025-26 media guide, Year-by-Year Scores","12/27		 Western Illinois W, 58-43",resolved,,,,,
2453,IOWARAW-02454,iowa,2025-26_media_guide_year_by_year,2008-2009,2009,2008-12-31,Ohio State,Ohio State,ohio-state,Yes,65,68,L,0,,,at,OPPONENT_HOME,,,,,,,REGULAR_SEASON,,"Iowa 2025-26 media guide, Year-by-Year Scores","12/31 --/24 at Ohio State L, 65-68",resolved,,,,,
2454,IOWARAW-02455,iowa,2025-26_media_guide_year_by_year,2008-2009,2009,2009-01-03,Indiana,Indiana,indiana,Yes,65,60,W,0,,,H,SOURCE_PROGRAM_HOME,Carver-Hawkeye Arena,Carver-Hawkeye Arena,Iowa City,IA,,,REGULAR_SEASON,,"Iowa 2025-26 media guide, Year-by-Year Scores","1/3		 Indiana W, 65-60",resolved,,,,,
2455,IOWARAW-02456,iowa,2025-26_media_guide_year_by_year,2008-2009,2009,2009-01-08,Minnesota,Minnesota,minnesota,Yes,49,52,L,0,,,H,SOURCE_PROGRAM_HOME,Carver-Hawkeye Arena,Carver-Hawkeye Arena,Iowa City,IA,,,REGULAR_SEASON,,"Iowa 2025-26 media guide, Year-by-Year Scores","1/8 --/22 Minnesota L, 49-52",resolved,,,,,
2456,IOWARAW-02457,iowa,2025-26_media_guide_year_by_year,2008-2009,2009,2009-01-11,Michigan,Michigan,michigan,Yes,49,64,L,0,,,at,OPPONENT_HOME,,,,,,,REGULAR_SEASON,,"Iowa 2025-26 media guide, Year-by-Year Scores","1/11		 at Michigan L, 49-64",resolved,,,,,
2457,IOWARAW-02458,iowa,2025-26_media_guide_year_by_year,2008-2009,2009,2009-01-18,Purdue,Purdue,purdue,Yes,53,75,L,0,,,at,OPPONENT_HOME,,,,,,,REGULAR_SEASON,,"Iowa 2025-26 media guide, Year-by-Year Scores","1/18 --/19 at Purdue L, 53-75",resolved,,,,,
2458,IOWARAW-02459,iowa,2025-26_media_guide_year_by_year,2008-2009,2009,2009-01-21,Wisconsin,Wisconsin,wisconsin,Yes,73,69,W,1,,,H,SOURCE_PROGRAM_HOME,Carver-Hawkeye Arena,Carver-Hawkeye Arena,Iowa City,IA,,,REGULAR_SEASON,,"Iowa 2025-26 media guide, Year-by-Year Scores","1/21		 Wisconsin# W, 73-69",resolved,,,,,
2459,IOWARAW-02460,iowa,2025-26_media_guide_year_by_year,2008-2009,2009,2009-01-24,Penn State,Penn State,penn-state,Yes,59,63,L,0,,,at,OPPONENT_HOME,,,,,,,REGULAR_SEASON,,"Iowa 2025-26 media guide, Year-by-Year Scores","1/24		 at Penn State L, 59-63",resolved,,,,,
2460,IOWARAW-02461,iowa,2025-26_media_guide_year_by_year,2008-2009,2009,2009-01-29,Michigan State,Michigan State,michigan-state,Yes,56,71,L,0,,,H,SOURCE_PROGRAM_HOME,Carver-Hawkeye Arena,Carver-Hawkeye Arena,Iowa City,IA,,,REGULAR_SEASON,,"Iowa 2025-26 media guide, Year-by-Year Scores","1/29 --/9 Michigan State L, 56-71",resolved,,,,,
2461,IOWARAW-02462,iowa,2025-26_media_guide_year_by_year,2008-2009,2009,2009-02-01,Illinois,Illinois,illinois,Yes,54,62,L,0,,,at,OPPONENT_HOME,,,,,,,REGULAR_SEASON,,"Iowa 2025-26 media guide, Year-by-Year Scores","2/1 --/19 at Illinois L, 54-62",resolved,,,,,
2462,IOWARAW-02463,iowa,2025-26_media_guide_year_by_year,2008-2009,2009,2009-02-04,Indiana,Indiana,indiana,Yes,60,68,L,0,,,at,OPPONENT_HOME,,,,,,,REGULAR_SEASON,,"Iowa 2025-26 media guide, Year-by-Year Scores","2/4		 at Indiana L, 60-68",resolved,,,,,
2463,IOWARAW-02464,iowa,2025-26_media_guide_year_by_year,2008-2009,2009,2009-02-07,Northwestern,Northwestern,northwestern,Yes,56,51,W,0,,,H,SOURCE_PROGRAM_HOME,Carver-Hawkeye Arena,Carver-Hawkeye Arena,Iowa City,IA,,,REGULAR_SEASON,,"Iowa 2025-26 media guide, Year-by-Year Scores","2/7		 Northwestern W, 56-51",resolved,,,,,
2464,IOWARAW-02465,iowa,2025-26_media_guide_year_by_year,2008-2009,2009,2009-02-11,Wisconsin,Wisconsin,wisconsin,Yes,52,69,L,0,,,H,SOURCE_PROGRAM_HOME,Carver-Hawkeye Arena,Carver-Hawkeye Arena,Iowa City,IA,,,REGULAR_SEASON,,"Iowa 2025-26 media guide, Year-by-Year Scores","2/11		 atWisconsin L, 52-69",resolved,,,,,
2465,IOWARAW-02466,iowa,2025-26_media_guide_year_by_year,2008-2009,2009,2009-02-14,Purdue,Purdue,purdue,Yes,45,49,L,0,,,H,SOURCE_PROGRAM_HOME,Carver-Hawkeye Arena,Carver-Hawkeye Arena,Iowa City,IA,,,REGULAR_SEASON,,"Iowa 2025-26 media guide, Year-by-Year Scores","2/14 --/20 Purdue L, 45-49",resolved,,,,,
2466,IOWARAW-02467,iowa,2025-26_media_guide_year_by_year,2008-2009,2009,2009-02-22,Michigan,Michigan,michigan,Yes,70,60,W,1,,,H,SOURCE_PROGRAM_HOME,Carver-Hawkeye Arena,Carver-Hawkeye Arena,Iowa City,IA,,,REGULAR_SEASON,,"Iowa 2025-26 media guide, Year-by-Year Scores","2/22		 Michigan# W, 70-60",resolved,,,,,
2467,IOWARAW-02468,iowa,2025-26_media_guide_year_by_year,2008-2009,2009,2009-02-25,Michigan State,Michigan State,michigan-state,Yes,54,62,L,0,,,at,OPPONENT_HOME,,,,,,,REGULAR_SEASON,,"Iowa 2025-26 media guide, Year-by-Year Scores","2/25 --/9 at Michigan State L, 54-62",resolved,,,,,
2468,IOWARAW-02469,iowa,2025-26_media_guide_year_by_year,2008-2009,2009,2009-02-28,Northwestern,Northwestern,northwestern,Yes,49,55,L,0,,,at,OPPONENT_HOME,,,,,,,REGULAR_SEASON,,"Iowa 2025-26 media guide, Year-by-Year Scores","2/28		 at Northwestern L, 49-55",resolved,,,,,
2469,IOWARAW-02470,iowa,2025-26_media_guide_year_by_year,2008-2009,2009,2009-03-03,Ohio State,Ohio State,ohio-state,Yes,58,60,L,0,,,H,SOURCE_PROGRAM_HOME,Carver-Hawkeye Arena,Carver-Hawkeye Arena,Iowa City,IA,,,REGULAR_SEASON,,"Iowa 2025-26 media guide, Year-by-Year Scores","3/3		 Ohio State L, 58-60",resolved,,,,,
2470,IOWARAW-02471,iowa,2025-26_media_guide_year_by_year,2008-2009,2009,2009-03-07,Penn State,Penn State,penn-state,Yes,75,67,W,2,,,H,SOURCE_PROGRAM_HOME,Carver-Hawkeye Arena,Carver-Hawkeye Arena,Iowa City,IA,,,REGULAR_SEASON,,"Iowa 2025-26 media guide, Year-by-Year Scores","3/7		 Penn State## W, 75-67",resolved,,,,,
2471,IOWARAW-02472,iowa,2025-26_media_guide_year_by_year,2008-2009,2009,2009-03-12,Michigan,Michigan,michigan,Yes,45,73,L,0,,,vs.,NEUTRAL,Gainbridge Fieldhouse,Gainbridge Fieldhouse,Indianapolis,IN,Big Ten Tournament,,CONFERENCE_TOURNAMENT,,"Iowa 2025-26 media guide, Year-by-Year Scores","3/12		 vs. Michigan (n) L, 45-73",resolved,,,,,
2472,IOWARAW-02473,iowa,2025-26_media_guide_year_by_year,2009-2010,2010,2009-11-15,Texas-San Antonio,UTSA,utsa,Yes,50,62,L,0,,,H,SOURCE_PROGRAM_HOME,Carver-Hawkeye Arena,Carver-Hawkeye Arena,Iowa City,IA,,,REGULAR_SEASON,,"Iowa 2025-26 media guide, Year-by-Year Scores","11/15		 Texas-San Antonio L, 50-62",resolved,,,,,
2473,IOWARAW-02474,iowa,2025-26_media_guide_year_by_year,2009-2010,2010,2009-11-17,Duquesne,Duquesne,duquesne,Yes,50,52,L,0,,,H,SOURCE_PROGRAM_HOME,Carver-Hawkeye Arena,Carver-Hawkeye Arena,Iowa City,IA,,,REGULAR_SEASON,,"Iowa 2025-26 media guide, Year-by-Year Scores","11/17		 Duquesne L, 50-52",resolved,,,,,
2474,IOWARAW-02475,iowa,2025-26_media_guide_year_by_year,2009-2010,2010,2009-11-20,Bowling Green,Bowling Green,bowling-green,Yes,68,46,W,0,,,H,SOURCE_PROGRAM_HOME,Carver-Hawkeye Arena,Carver-Hawkeye Arena,Iowa City,IA,,,REGULAR_SEASON,,"Iowa 2025-26 media guide, Year-by-Year Scores","11/20		 Bowling Green W, 68-46",resolved,,,,,
2475,IOWARAW-02476,iowa,2025-26_media_guide_year_by_year,2009-2010,2010,2009-11-23,Texas,Texas,texas,Yes,60,85,L,0,,,vs.,NEUTRAL,,,,,,,REGULAR_SEASON,,"Iowa 2025-26 media guide, Year-by-Year Scores","11/23 --/3 vs.Texas (n) L, 60-85",resolved,,,,,
2476,IOWARAW-02477,iowa,2025-26_media_guide_year_by_year,2009-2010,2010,2009-11-24,Wichita State,Wichita State,wichita-state,Yes,57,74,L,0,,,vs.,NEUTRAL,,,,,,,REGULAR_SEASON,,"Iowa 2025-26 media guide, Year-by-Year Scores","11/24		 vs.Wichita State (n) L, 57-74",resolved,,,,,
2477,IOWARAW-02478,iowa,2025-26_media_guide_year_by_year,2009-2010,2010,2009-11-28,NC Central,NC Central,nc-central,Yes,73,63,W,0,,,H,SOURCE_PROGRAM_HOME,Carver-Hawkeye Arena,Carver-Hawkeye Arena,Iowa City,IA,,,REGULAR_SEASON,,"Iowa 2025-26 media guide, Year-by-Year Scores","11/28		 NC Central W, 73-63",resolved,,,,,
2478,IOWARAW-02479,iowa,2025-26_media_guide_year_by_year,2009-2010,2010,2009-12-01,Virginia Tech,Virginia Tech,virginia-tech,No,64,70,L,0,,,H,SOURCE_PROGRAM_HOME,Carver-Hawkeye Arena,Carver-Hawkeye Arena,Iowa City,IA,,,REGULAR_SEASON,,"Iowa 2025-26 media guide, Year-by-Year Scores","12/1		 VirginiaTech L, 64-70",resolved,,,,,
2479,IOWARAW-02480,iowa,2025-26_media_guide_year_by_year,2009-2010,2010,2009-12-05,Prairie View A&M,Prairie View A&M,prairie-view-a-m,Yes,80,51,W,0,,,H,SOURCE_PROGRAM_HOME,Carver-Hawkeye Arena,Carver-Hawkeye Arena,Iowa City,IA,,,REGULAR_SEASON,,"Iowa 2025-26 media guide, Year-by-Year Scores","12/5		 PrairieView A&M W, 80-51",resolved,,,,,
2480,IOWARAW-02481,iowa,2025-26_media_guide_year_by_year,2009-2010,2010,2009-12-08,UNI,UNI,northern-iowa,Yes,50,67,L,0,,,at,OPPONENT_HOME,,,,,,,REGULAR_SEASON,,"Iowa 2025-26 media guide, Year-by-Year Scores","12/8		 at UNI L, 50-67",resolved,,,,,
2481,IOWARAW-02482,iowa,2025-26_media_guide_year_by_year,2009-2010,2010,2009-12-11,Iowa State,Iowa State,iowa-state,Yes,71,81,L,0,,,at,OPPONENT_HOME,,,,,,,REGULAR_SEASON,,"Iowa 2025-26 media guide, Year-by-Year Scores","12/11		 at Iowa State L, 71-81",resolved,,,,,
2482,IOWARAW-02483,iowa,2025-26_media_guide_year_by_year,2009-2010,2010,2009-12-19,Drake,Drake,drake,Yes,71,67,W,0,,,H,SOURCE_PROGRAM_HOME,Carver-Hawkeye Arena,Carver-Hawkeye Arena,Iowa City,IA,,,REGULAR_SEASON,,"Iowa 2025-26 media guide, Year-by-Year Scores","12/19		 Drake W, 71-67",resolved,,,,,
2483,IOWARAW-02484,iowa,2025-26_media_guide_year_by_year,2009-2010,2010,2009-12-21,South Carolina State,South Carolina State,south-carolina-state,Yes,82,69,W,0,,,H,SOURCE_PROGRAM_HOME,Carver-Hawkeye Arena,Carver-Hawkeye Arena,Iowa City,IA,,,REGULAR_SEASON,,"Iowa 2025-26 media guide, Year-by-Year Scores","12/21		 South Carolina State W, 82-69",resolved,,,,,
2484,IOWARAW-02485,iowa,2025-26_media_guide_year_by_year,2009-2010,2010,2009-12-29,Purdue,Purdue,purdue,Yes,58,67,L,0,,,H,SOURCE_PROGRAM_HOME,Carver-Hawkeye Arena,Carver-Hawkeye Arena,Iowa City,IA,,,REGULAR_SEASON,,"Iowa 2025-26 media guide, Year-by-Year Scores","12/29 --/4 Purdue L, 58-67",resolved,,,,,
2485,IOWARAW-02486,iowa,2025-26_media_guide_year_by_year,2009-2010,2010,2010-01-02,Minnesota,Minnesota,minnesota,Yes,74,86,L,0,,,H,SOURCE_PROGRAM_HOME,Carver-Hawkeye Arena,Carver-Hawkeye Arena,Iowa City,IA,,,REGULAR_SEASON,,"Iowa 2025-26 media guide, Year-by-Year Scores","1/2		 Minnesota L, 74-86",resolved,,,,,
2486,IOWARAW-02487,iowa,2025-26_media_guide_year_by_year,2009-2010,2010,2010-01-05,Illinois,Illinois,illinois,Yes,42,59,L,0,,,at,OPPONENT_HOME,,,,,,,REGULAR_SEASON,,"Iowa 2025-26 media guide, Year-by-Year Scores","1/5		 at Illinois L, 42-59",resolved,,,,,
2487,IOWARAW-02488,iowa,2025-26_media_guide_year_by_year,2009-2010,2010,2010-01-09,Michigan State,Michigan State,michigan-state,Yes,53,71,L,0,,,H,SOURCE_PROGRAM_HOME,Carver-Hawkeye Arena,Carver-Hawkeye Arena,Iowa City,IA,,,REGULAR_SEASON,,"Iowa 2025-26 media guide, Year-by-Year Scores","1/9 --/10 Michigan State L, 53-71",resolved,,,,,
2488,IOWARAW-02489,iowa,2025-26_media_guide_year_by_year,2009-2010,2010,2010-01-12,Tennessee State,Tennessee State,tennessee-state,Yes,67,62,W,0,,,H,SOURCE_PROGRAM_HOME,Carver-Hawkeye Arena,Carver-Hawkeye Arena,Iowa City,IA,,,REGULAR_SEASON,,"Iowa 2025-26 media guide, Year-by-Year Scores","1/12		 Tennessee State W, 67-62",resolved,,,,,
2489,IOWARAW-02490,iowa,2025-26_media_guide_year_by_year,2009-2010,2010,2010-01-16,Penn State,Penn State,penn-state,Yes,67,64,W,0,,,H,SOURCE_PROGRAM_HOME,Carver-Hawkeye Arena,Carver-Hawkeye Arena,Iowa City,IA,,,REGULAR_SEASON,,"Iowa 2025-26 media guide, Year-by-Year Scores","1/16		 Penn State W, 67-64",resolved,,,,,
2490,IOWARAW-02491,iowa,2025-26_media_guide_year_by_year,2009-2010,2010,2010-01-20,Michigan State,Michigan State,michigan-state,Yes,63,70,L,0,,,at,OPPONENT_HOME,,,,,,,REGULAR_SEASON,,"Iowa 2025-26 media guide, Year-by-Year Scores","1/20 --/6 at Michigan State L, 63-70",resolved,,,,,
2491,IOWARAW-02492,iowa,2025-26_media_guide_year_by_year,2009-2010,2010,2010-01-24,Indiana,Indiana,indiana,Yes,58,43,W,0,,,at,OPPONENT_HOME,,,,,,,REGULAR_SEASON,,"Iowa 2025-26 media guide, Year-by-Year Scores","1/24		 at Indiana W, 58-43",resolved,,,,,
2492,IOWARAW-02493,iowa,2025-26_media_guide_year_by_year,2009-2010,2010,2010-01-27,Ohio State,Ohio State,ohio-state,Yes,57,65,L,0,,,H,SOURCE_PROGRAM_HOME,Carver-Hawkeye Arena,Carver-Hawkeye Arena,Iowa City,IA,,,REGULAR_SEASON,,"Iowa 2025-26 media guide, Year-by-Year Scores","1/27 --/20 Ohio State L, 57-65",resolved,,,,,
2493,IOWARAW-02494,iowa,2025-26_media_guide_year_by_year,2009-2010,2010,2010-01-30,Michigan,Michigan,michigan,Yes,46,60,L,0,,,at,OPPONENT_HOME,,,,,,,REGULAR_SEASON,,"Iowa 2025-26 media guide, Year-by-Year Scores","1/30		 at Michigan L, 46-60",resolved,,,,,
2494,IOWARAW-02495,iowa,2025-26_media_guide_year_by_year,2009-2010,2010,2010-02-03,Illinois,Illinois,illinois,Yes,49,57,L,0,,,H,SOURCE_PROGRAM_HOME,Carver-Hawkeye Arena,Carver-Hawkeye Arena,Iowa City,IA,,,REGULAR_SEASON,,"Iowa 2025-26 media guide, Year-by-Year Scores","2/3		 Illinois L, 49-57",resolved,,,,,
2495,IOWARAW-02496,iowa,2025-26_media_guide_year_by_year,2009-2010,2010,2010-02-07,Ohio State,Ohio State,ohio-state,Yes,58,68,L,0,,,at,OPPONENT_HOME,,,,,,,REGULAR_SEASON,,"Iowa 2025-26 media guide, Year-by-Year Scores","2/7 --/13 at Ohio State L, 58-68",resolved,,,,,
2496,IOWARAW-02497,iowa,2025-26_media_guide_year_by_year,2009-2010,2010,2010-02-10,Northwestern,Northwestern,northwestern,Yes,78,65,W,0,,,H,SOURCE_PROGRAM_HOME,Carver-Hawkeye Arena,Carver-Hawkeye Arena,Iowa City,IA,,,REGULAR_SEASON,,"Iowa 2025-26 media guide, Year-by-Year Scores","2/10		 Northwestern W, 78-65",resolved,,,,,
2497,IOWARAW-02498,iowa,2025-26_media_guide_year_by_year,2009-2010,2010,2010-02-13,Purdue,Purdue,purdue,Yes,40,63,L,0,,,at,OPPONENT_HOME,,,,,,,REGULAR_SEASON,,"Iowa 2025-26 media guide, Year-by-Year Scores","2/13 --/6 at Purdue L, 40-63",resolved,,,,,
2498,IOWARAW-02499,iowa,2025-26_media_guide_year_by_year,2009-2010,2010,2010-02-16,Michigan,Michigan,michigan,Yes,78,80,L,1,,,H,SOURCE_PROGRAM_HOME,Carver-Hawkeye Arena,Carver-Hawkeye Arena,Iowa City,IA,,,REGULAR_SEASON,,"Iowa 2025-26 media guide, Year-by-Year Scores","2/16		 Michigan# L, 78-80",resolved,,,,,
2499,IOWARAW-02500,iowa,2025-26_media_guide_year_by_year,2009-2010,2010,2010-02-25,Northwestern,Northwestern,northwestern,Yes,57,74,L,0,,,at,OPPONENT_HOME,,,,,,,REGULAR_SEASON,,"Iowa 2025-26 media guide, Year-by-Year Scores","2/25		 at Northwestern L, 57-74",resolved,,,,,
2500,IOWARAW-02501,iowa,2025-26_media_guide_year_by_year,2009-2010,2010,2010-02-28,Indiana,Indiana,indiana,Yes,73,57,W,0,,,H,SOURCE_PROGRAM_HOME,Carver-Hawkeye Arena,Carver-Hawkeye Arena,Iowa City,IA,,,REGULAR_SEASON,,"Iowa 2025-26 media guide, Year-by-Year Scores","2/28		 Indiana W, 73-57",resolved,,,,,
2501,IOWARAW-02502,iowa,2025-26_media_guide_year_by_year,2009-2010,2010,2010-03-03,Wisconsin,Wisconsin,wisconsin,Yes,40,67,L,0,,,H,SOURCE_PROGRAM_HOME,Carver-Hawkeye Arena,Carver-Hawkeye Arena,Iowa City,IA,,,REGULAR_SEASON,,"Iowa 2025-26 media guide, Year-by-Year Scores","3/3 --/15 atWisconsin L, 40-67",resolved,,,,,
2502,IOWARAW-02503,iowa,2025-26_media_guide_year_by_year,2009-2010,2010,2010-03-07,Minnesota,Minnesota,minnesota,Yes,53,88,L,0,,,at,OPPONENT_HOME,,,,,,,REGULAR_SEASON,,"Iowa 2025-26 media guide, Year-by-Year Scores","3/7		 at Minnesota L, 53-88",resolved,,,,,
2503,IOWARAW-02504,iowa,2025-26_media_guide_year_by_year,2009-2010,2010,2010-03-11,Michigan,Michigan,michigan,Yes,52,59,L,0,,,vs.,NEUTRAL,Gainbridge Fieldhouse,Gainbridge Fieldhouse,Indianapolis,IN,Big Ten Tournament,,CONFERENCE_TOURNAMENT,,"Iowa 2025-26 media guide, Year-by-Year Scores","3/11		 vs. Michigan (n) L, 52-59",resolved,"Media guide season heading prints 10-21, but ledger contains 32 games and on-court tally is 10-22; row-level results retained.",,,,
2504,IOWARAW-02505,iowa,2025-26_media_guide_year_by_year,2010-2011,2011,2010-11-14,South Dakota State,South Dakota State,south-dakota-state,Yes,69,79,L,0,,,H,SOURCE_PROGRAM_HOME,Carver-Hawkeye Arena,Carver-Hawkeye Arena,Iowa City,IA,,,REGULAR_SEASON,,"Iowa 2025-26 media guide, Year-by-Year Scores","11/14		 South Dakota State L, 69-79",resolved,,,,,
2505,IOWARAW-02506,iowa,2025-26_media_guide_year_by_year,2010-2011,2011,2010-11-16,Louisiana-Monroe,Louisiana-Monroe,louisiana-monroe,Yes,68,40,W,0,,,H,SOURCE_PROGRAM_HOME,Carver-Hawkeye Arena,Carver-Hawkeye Arena,Iowa City,IA,,,REGULAR_SEASON,,"Iowa 2025-26 media guide, Year-by-Year Scores","11/16		 Louisiana-Monroe W, 68-40",resolved,,,,,
2506,IOWARAW-02507,iowa,2025-26_media_guide_year_by_year,2010-2011,2011,2010-11-19,Xavier,Xavier,xavier,Yes,73,86,L,0,,,vs.,NEUTRAL,,,,,,,REGULAR_SEASON,,"Iowa 2025-26 media guide, Year-by-Year Scores","11/19		 vs. Xavier (n) L, 73-86",resolved,,,,,
2507,IOWARAW-02508,iowa,2025-26_media_guide_year_by_year,2010-2011,2011,2010-11-20,Alabama,Alabama,alabama,Yes,55,47,W,0,,,vs.,NEUTRAL,,,,,,,REGULAR_SEASON,,"Iowa 2025-26 media guide, Year-by-Year Scores","11/20		 vs. Alabama (n) W, 55-47",resolved,,,,,
2508,IOWARAW-02509,iowa,2025-26_media_guide_year_by_year,2010-2011,2011,2010-11-22,Long Beach State,Long Beach State,long-beach-state,Yes,72,78,L,0,,,vs.,NEUTRAL,,,,,,,REGULAR_SEASON,,"Iowa 2025-26 media guide, Year-by-Year Scores","11/22		 vs. Long Beach State (n) L, 72-78",resolved,,,,,
2509,IOWARAW-02510,iowa,2025-26_media_guide_year_by_year,2010-2011,2011,2010-11-26,SIUE,SIUE,siue,Yes,111,50,W,0,,,H,SOURCE_PROGRAM_HOME,Carver-Hawkeye Arena,Carver-Hawkeye Arena,Iowa City,IA,,,REGULAR_SEASON,,"Iowa 2025-26 media guide, Year-by-Year Scores","11/26		 SIUE W, 111-50",resolved,,,,,
2510,IOWARAW-02511,iowa,2025-26_media_guide_year_by_year,2010-2011,2011,2010-11-30,Wake Forest,Wake Forest,wake-forest,Yes,73,76,L,0,,,H,SOURCE_PROGRAM_HOME,Carver-Hawkeye Arena,Carver-Hawkeye Arena,Iowa City,IA,,,REGULAR_SEASON,,"Iowa 2025-26 media guide, Year-by-Year Scores","11/30		 atWake Forest L, 73-76",resolved,,,,,
2511,IOWARAW-02512,iowa,2025-26_media_guide_year_by_year,2010-2011,2011,2010-12-04,Idaho State,Idaho State,idaho-state,Yes,70,53,W,0,,,H,SOURCE_PROGRAM_HOME,Carver-Hawkeye Arena,Carver-Hawkeye Arena,Iowa City,IA,,,REGULAR_SEASON,,"Iowa 2025-26 media guide, Year-by-Year Scores","12/4		 Idaho State W, 70-53",resolved,,,,,
2512,IOWARAW-02513,iowa,2025-26_media_guide_year_by_year,2010-2011,2011,2010-12-07,UNI,UNI,northern-iowa,Yes,51,39,W,0,,,H,SOURCE_PROGRAM_HOME,Carver-Hawkeye Arena,Carver-Hawkeye Arena,Iowa City,IA,,,REGULAR_SEASON,,"Iowa 2025-26 media guide, Year-by-Year Scores","12/7		 UNI W, 51-39",resolved,,,,,
2513,IOWARAW-02514,iowa,2025-26_media_guide_year_by_year,2010-2011,2011,2010-12-10,Iowa State,Iowa State,iowa-state,Yes,72,75,L,0,,,H,SOURCE_PROGRAM_HOME,Carver-Hawkeye Arena,Carver-Hawkeye Arena,Iowa City,IA,,,REGULAR_SEASON,,"Iowa 2025-26 media guide, Year-by-Year Scores","12/10		 Iowa State L, 72-75",resolved,,,,,
2514,IOWARAW-02515,iowa,2025-26_media_guide_year_by_year,2010-2011,2011,2010-12-18,Drake,Drake,drake,Yes,59,52,W,0,,,at,OPPONENT_HOME,,,,,,,REGULAR_SEASON,,"Iowa 2025-26 media guide, Year-by-Year Scores","12/18		 at Drake W, 59-52",resolved,,,,,
2515,IOWARAW-02516,iowa,2025-26_media_guide_year_by_year,2010-2011,2011,2010-12-21,Louisiana Tech,Louisiana Tech,louisiana-tech,Yes,77,58,W,0,,,H,SOURCE_PROGRAM_HOME,Carver-Hawkeye Arena,Carver-Hawkeye Arena,Iowa City,IA,,,REGULAR_SEASON,,"Iowa 2025-26 media guide, Year-by-Year Scores","12/21		 LouisianaTech W, 77-58",resolved,,,,,
2516,IOWARAW-02517,iowa,2025-26_media_guide_year_by_year,2010-2011,2011,2010-12-29,Illinois,Illinois,illinois,Yes,77,87,L,0,,,H,SOURCE_PROGRAM_HOME,Carver-Hawkeye Arena,Carver-Hawkeye Arena,Iowa City,IA,,,REGULAR_SEASON,,"Iowa 2025-26 media guide, Year-by-Year Scores","12/29 --/23 Illinois L, 77-87",resolved,,,,,
2517,IOWARAW-02518,iowa,2025-26_media_guide_year_by_year,2010-2011,2011,2011-01-04,Ohio State,Ohio State,ohio-state,Yes,68,73,L,0,,,H,SOURCE_PROGRAM_HOME,Carver-Hawkeye Arena,Carver-Hawkeye Arena,Iowa City,IA,,,REGULAR_SEASON,,"Iowa 2025-26 media guide, Year-by-Year Scores","1/4 --/2 Ohio State L, 68-73",resolved,,,,,
2518,IOWARAW-02519,iowa,2025-26_media_guide_year_by_year,2010-2011,2011,2011-01-09,Purdue,Purdue,purdue,Yes,52,75,L,0,,,at,OPPONENT_HOME,,,,,,,REGULAR_SEASON,,"Iowa 2025-26 media guide, Year-by-Year Scores","1/9 --/11 at Purdue L, 52-75",resolved,,,,,
2519,IOWARAW-02520,iowa,2025-26_media_guide_year_by_year,2010-2011,2011,2011-01-12,Northwestern,Northwestern,northwestern,Yes,71,90,L,0,,,H,SOURCE_PROGRAM_HOME,Carver-Hawkeye Arena,Carver-Hawkeye Arena,Iowa City,IA,,,REGULAR_SEASON,,"Iowa 2025-26 media guide, Year-by-Year Scores","1/12		 Northwestern L, 71-90",resolved,,,,,
2520,IOWARAW-02521,iowa,2025-26_media_guide_year_by_year,2010-2011,2011,2011-01-16,Minnesota,Minnesota,minnesota,Yes,59,69,L,0,,,at,OPPONENT_HOME,,,,,,,REGULAR_SEASON,,"Iowa 2025-26 media guide, Year-by-Year Scores","1/16		 at Minnesota L, 59-69",resolved,,,,,
2521,IOWARAW-02522,iowa,2025-26_media_guide_year_by_year,2010-2011,2011,2011-01-19,Ohio State,Ohio State,ohio-state,Yes,48,70,L,0,,,at,OPPONENT_HOME,,,,,,,REGULAR_SEASON,,"Iowa 2025-26 media guide, Year-by-Year Scores","1/19 --/1 at Ohio State L, 48-70",resolved,,,,,
2522,IOWARAW-02523,iowa,2025-26_media_guide_year_by_year,2010-2011,2011,2011-01-23,Indiana,Indiana,indiana,Yes,91,77,W,0,,,H,SOURCE_PROGRAM_HOME,Carver-Hawkeye Arena,Carver-Hawkeye Arena,Iowa City,IA,,,REGULAR_SEASON,,"Iowa 2025-26 media guide, Year-by-Year Scores","1/23		 Indiana W, 91-77",resolved,,,,,
2523,IOWARAW-02524,iowa,2025-26_media_guide_year_by_year,2010-2011,2011,2011-01-26,Penn State,Penn State,penn-state,Yes,51,65,L,0,,,at,OPPONENT_HOME,,,,,,,REGULAR_SEASON,,"Iowa 2025-26 media guide, Year-by-Year Scores","1/26		 at Penn State L, 51-65",resolved,,,,,
2524,IOWARAW-02525,iowa,2025-26_media_guide_year_by_year,2010-2011,2011,2011-01-30,Michigan,Michigan,michigan,Yes,73,87,L,0,,,at,OPPONENT_HOME,,,,,,,REGULAR_SEASON,,"Iowa 2025-26 media guide, Year-by-Year Scores","1/30		 at Michigan L, 73-87",resolved,,,,,
2525,IOWARAW-02526,iowa,2025-26_media_guide_year_by_year,2010-2011,2011,2011-02-02,Michigan State,Michigan State,michigan-state,Yes,72,52,W,0,,,H,SOURCE_PROGRAM_HOME,Carver-Hawkeye Arena,Carver-Hawkeye Arena,Iowa City,IA,,,REGULAR_SEASON,,"Iowa 2025-26 media guide, Year-by-Year Scores","2/2		 Michigan State W, 72-52",resolved,,,,,
2526,IOWARAW-02527,iowa,2025-26_media_guide_year_by_year,2010-2011,2011,2011-02-05,Indiana,Indiana,indiana,Yes,64,63,W,0,,,at,OPPONENT_HOME,,,,,,,REGULAR_SEASON,,"Iowa 2025-26 media guide, Year-by-Year Scores","2/5		 at Indiana W, 64-63",resolved,,,,,
2527,IOWARAW-02528,iowa,2025-26_media_guide_year_by_year,2010-2011,2011,2011-02-09,Wisconsin,Wisconsin,wisconsin,Yes,59,62,L,1,,,H,SOURCE_PROGRAM_HOME,Carver-Hawkeye Arena,Carver-Hawkeye Arena,Iowa City,IA,,,REGULAR_SEASON,,"Iowa 2025-26 media guide, Year-by-Year Scores","2/9 --/13 Wisconsin# L, 59-62",resolved,,,,,
2528,IOWARAW-02529,iowa,2025-26_media_guide_year_by_year,2010-2011,2011,2011-02-13,Minnesota,Minnesota,minnesota,Yes,45,62,L,0,,,H,SOURCE_PROGRAM_HOME,Carver-Hawkeye Arena,Carver-Hawkeye Arena,Iowa City,IA,,,REGULAR_SEASON,,"Iowa 2025-26 media guide, Year-by-Year Scores","2/13		 Minnesota L, 45-62",resolved,,,,,
2529,IOWARAW-02530,iowa,2025-26_media_guide_year_by_year,2010-2011,2011,2011-02-17,Northwestern,Northwestern,northwestern,Yes,70,73,L,0,,,at,OPPONENT_HOME,,,,,,,REGULAR_SEASON,,"Iowa 2025-26 media guide, Year-by-Year Scores","2/17		 at Northwestern L, 70-73",resolved,,,,,
2530,IOWARAW-02531,iowa,2025-26_media_guide_year_by_year,2010-2011,2011,2011-02-19,Michigan,Michigan,michigan,Yes,72,75,L,1,,,H,SOURCE_PROGRAM_HOME,Carver-Hawkeye Arena,Carver-Hawkeye Arena,Iowa City,IA,,,REGULAR_SEASON,,"Iowa 2025-26 media guide, Year-by-Year Scores","2/19		 Michigan# L, 72-75",resolved,,,,,
2531,IOWARAW-02532,iowa,2025-26_media_guide_year_by_year,2010-2011,2011,2011-02-26,Illinois,Illinois,illinois,Yes,68,81,L,0,,,at,OPPONENT_HOME,,,,,,,REGULAR_SEASON,,"Iowa 2025-26 media guide, Year-by-Year Scores","2/26		 at Illinois L, 68-81",resolved,,,,,
2532,IOWARAW-02533,iowa,2025-26_media_guide_year_by_year,2010-2011,2011,2011-03-02,Michigan State,Michigan State,michigan-state,Yes,66,85,L,0,,,at,OPPONENT_HOME,,,,,,,REGULAR_SEASON,,"Iowa 2025-26 media guide, Year-by-Year Scores","3/2		 at Michigan State L, 66-85",resolved,,,,,
2533,IOWARAW-02534,iowa,2025-26_media_guide_year_by_year,2010-2011,2011,2011-03-05,Purdue,Purdue,purdue,Yes,67,65,W,0,,,H,SOURCE_PROGRAM_HOME,Carver-Hawkeye Arena,Carver-Hawkeye Arena,Iowa City,IA,,,REGULAR_SEASON,,"Iowa 2025-26 media guide, Year-by-Year Scores","3/5 --/6 Purdue W, 67-65",resolved,,,,,
2534,IOWARAW-02535,iowa,2025-26_media_guide_year_by_year,2010-2011,2011,2011-03-10,Michigan State,Michigan State,michigan-state,Yes,61,66,L,0,,,vs.,NEUTRAL,Gainbridge Fieldhouse,Gainbridge Fieldhouse,Indianapolis,IN,Big Ten Tournament,,CONFERENCE_TOURNAMENT,,"Iowa 2025-26 media guide, Year-by-Year Scores","3/10		 vs. Michigan State (n) L, 61-66",resolved,,,,,
2535,IOWARAW-02536,iowa,2025-26_media_guide_year_by_year,2011-2012,2012,2011-11-11,Chicago State,Chicago State,chicago-state,Yes,96,53,W,0,,,H,SOURCE_PROGRAM_HOME,Carver-Hawkeye Arena,Carver-Hawkeye Arena,Iowa City,IA,,,REGULAR_SEASON,,"Iowa 2025-26 media guide, Year-by-Year Scores","11/11		 Chicago State W, 96-53",resolved,,,,,
2536,IOWARAW-02537,iowa,2025-26_media_guide_year_by_year,2011-2012,2012,2011-11-14,North Carolina A&T,North Carolina A&T,north-carolina-a-a-m-t,Yes,95,79,W,0,,,H,SOURCE_PROGRAM_HOME,Carver-Hawkeye Arena,Carver-Hawkeye Arena,Iowa City,IA,,,REGULAR_SEASON,,"Iowa 2025-26 media guide, Year-by-Year Scores","11/14		 North Carolina A&T W, 95-79",resolved,,,,,
2537,IOWARAW-02538,iowa,2025-26_media_guide_year_by_year,2011-2012,2012,2011-11-17,Northern Illinois,Northern Illinois,northern-illinois,Yes,88,55,W,0,,,H,SOURCE_PROGRAM_HOME,Carver-Hawkeye Arena,Carver-Hawkeye Arena,Iowa City,IA,,,REGULAR_SEASON,,"Iowa 2025-26 media guide, Year-by-Year Scores","11/17		 Northern Illinois W, 88-55",resolved,,,,,
2538,IOWARAW-02539,iowa,2025-26_media_guide_year_by_year,2011-2012,2012,2011-11-20,Creighton,Creighton,creighton,Yes,59,82,L,0,,,vs.,NEUTRAL,,,,,,,REGULAR_SEASON,,"Iowa 2025-26 media guide, Year-by-Year Scores","11/20		 vs. Creighton (n) L, 59-82",resolved,,,,,
2539,IOWARAW-02540,iowa,2025-26_media_guide_year_by_year,2011-2012,2012,2011-11-23,Campbell,Campbell,campbell,Yes,61,77,L,0,,,H,SOURCE_PROGRAM_HOME,Carver-Hawkeye Arena,Carver-Hawkeye Arena,Iowa City,IA,,,REGULAR_SEASON,,"Iowa 2025-26 media guide, Year-by-Year Scores","11/23		 Campbell L, 61-77",resolved,,,,,
2540,IOWARAW-02541,iowa,2025-26_media_guide_year_by_year,2011-2012,2012,2011-11-26,IPFW,Purdue Fort Wayne,purdue-fort-wayne,Yes,82,72,W,0,,,H,SOURCE_PROGRAM_HOME,Carver-Hawkeye Arena,Carver-Hawkeye Arena,Iowa City,IA,,,REGULAR_SEASON,,"Iowa 2025-26 media guide, Year-by-Year Scores","11/26		 IPFW W, 82-72",resolved,,,,,
2541,IOWARAW-02542,iowa,2025-26_media_guide_year_by_year,2011-2012,2012,2011-11-29,Clemson,Clemson,clemson,Yes,55,71,L,0,,,H,SOURCE_PROGRAM_HOME,Carver-Hawkeye Arena,Carver-Hawkeye Arena,Iowa City,IA,,,REGULAR_SEASON,,"Iowa 2025-26 media guide, Year-by-Year Scores","11/29		 Clemson L, 55-71",resolved,,,,,
2542,IOWARAW-02543,iowa,2025-26_media_guide_year_by_year,2011-2012,2012,2011-12-03,Brown,Brown,brown,Yes,75,54,W,0,,,H,SOURCE_PROGRAM_HOME,Carver-Hawkeye Arena,Carver-Hawkeye Arena,Iowa City,IA,,,REGULAR_SEASON,,"Iowa 2025-26 media guide, Year-by-Year Scores","12/3		 Brown W, 75-54",resolved,,,,,
2543,IOWARAW-02544,iowa,2025-26_media_guide_year_by_year,2011-2012,2012,2011-12-06,UNI,UNI,northern-iowa,Yes,60,80,L,0,,,at,OPPONENT_HOME,,,,,,,REGULAR_SEASON,,"Iowa 2025-26 media guide, Year-by-Year Scores","12/6		 at UNI L, 60-80",resolved,,,,,
2544,IOWARAW-02545,iowa,2025-26_media_guide_year_by_year,2011-2012,2012,2011-12-09,Iowa State,Iowa State,iowa-state,Yes,76,86,L,0,,,at,OPPONENT_HOME,,,,,,,REGULAR_SEASON,,"Iowa 2025-26 media guide, Year-by-Year Scores","12/9		 at Iowa State L, 76-86",resolved,,,,,
2545,IOWARAW-02546,iowa,2025-26_media_guide_year_by_year,2011-2012,2012,2011-12-17,Drake,Drake,drake,Yes,82,68,W,0,,,H,SOURCE_PROGRAM_HOME,Carver-Hawkeye Arena,Carver-Hawkeye Arena,Iowa City,IA,,,REGULAR_SEASON,,"Iowa 2025-26 media guide, Year-by-Year Scores","12/17		 Drake W, 82-68",resolved,,,,,
2546,IOWARAW-02547,iowa,2025-26_media_guide_year_by_year,2011-2012,2012,2011-12-19,Central Arkansas,Central Arkansas,central-arkansas,Yes,105,64,W,0,,,H,SOURCE_PROGRAM_HOME,Carver-Hawkeye Arena,Carver-Hawkeye Arena,Iowa City,IA,,,REGULAR_SEASON,,"Iowa 2025-26 media guide, Year-by-Year Scores","12/19		 Central Arkansas W, 105-64",resolved,,,,,
2547,IOWARAW-02548,iowa,2025-26_media_guide_year_by_year,2011-2012,2012,2011-12-22,Boise State,Boise State,boise-state,Yes,81,72,W,0,,,H,SOURCE_PROGRAM_HOME,Carver-Hawkeye Arena,Carver-Hawkeye Arena,Iowa City,IA,,,REGULAR_SEASON,,"Iowa 2025-26 media guide, Year-by-Year Scores","12/22		 Boise State W, 81-72",resolved,,,,,
2548,IOWARAW-02549,iowa,2025-26_media_guide_year_by_year,2011-2012,2012,2011-12-28,Purdue,Purdue,purdue,Yes,76,79,L,0,,,H,SOURCE_PROGRAM_HOME,Carver-Hawkeye Arena,Carver-Hawkeye Arena,Iowa City,IA,,,REGULAR_SEASON,,"Iowa 2025-26 media guide, Year-by-Year Scores","12/28		 Purdue L, 76-79",resolved,,,,,
2549,IOWARAW-02550,iowa,2025-26_media_guide_year_by_year,2011-2012,2012,2011-12-31,Wisconsin,Wisconsin,wisconsin,Yes,72,65,W,0,,,H,SOURCE_PROGRAM_HOME,Carver-Hawkeye Arena,Carver-Hawkeye Arena,Iowa City,IA,,,REGULAR_SEASON,,"Iowa 2025-26 media guide, Year-by-Year Scores","12/31 --/11 atWisconsin W, 72-65",resolved,,,,,
2550,IOWARAW-02551,iowa,2025-26_media_guide_year_by_year,2011-2012,2012,2012-01-04,Minnesota,Minnesota,minnesota,Yes,64,62,W,0,,,at,OPPONENT_HOME,,,,,,,REGULAR_SEASON,,"Iowa 2025-26 media guide, Year-by-Year Scores","1/4		 at Minnesota W, 64-62",resolved,,,,,
2551,IOWARAW-02552,iowa,2025-26_media_guide_year_by_year,2011-2012,2012,2012-01-07,Ohio State,Ohio State,ohio-state,Yes,47,76,L,0,,,H,SOURCE_PROGRAM_HOME,Carver-Hawkeye Arena,Carver-Hawkeye Arena,Iowa City,IA,,,REGULAR_SEASON,,"Iowa 2025-26 media guide, Year-by-Year Scores","1/7 --/6 Ohio State L, 47-76",resolved,,,,,
2552,IOWARAW-02553,iowa,2025-26_media_guide_year_by_year,2011-2012,2012,2012-01-10,Michigan State,Michigan State,michigan-state,Yes,61,95,L,0,,,at,OPPONENT_HOME,,,,,,,REGULAR_SEASON,,"Iowa 2025-26 media guide, Year-by-Year Scores","1/10 --/6 at Michigan State L, 61-95",resolved,,,,,
2553,IOWARAW-02554,iowa,2025-26_media_guide_year_by_year,2011-2012,2012,2012-01-14,Michigan,Michigan,michigan,Yes,75,59,W,0,,,H,SOURCE_PROGRAM_HOME,Carver-Hawkeye Arena,Carver-Hawkeye Arena,Iowa City,IA,,,REGULAR_SEASON,,"Iowa 2025-26 media guide, Year-by-Year Scores","1/14 --/13 Michigan W, 75-59",resolved,,,,,
2554,IOWARAW-02555,iowa,2025-26_media_guide_year_by_year,2011-2012,2012,2012-01-17,Purdue,Purdue,purdue,Yes,68,75,L,0,,,at,OPPONENT_HOME,,,,,,,REGULAR_SEASON,,"Iowa 2025-26 media guide, Year-by-Year Scores","1/17		 at Purdue L, 68-75",resolved,,,,,
2555,IOWARAW-02556,iowa,2025-26_media_guide_year_by_year,2011-2012,2012,2012-01-26,Nebraska,Nebraska,nebraska,Yes,73,79,L,0,,,H,SOURCE_PROGRAM_HOME,Carver-Hawkeye Arena,Carver-Hawkeye Arena,Iowa City,IA,,,REGULAR_SEASON,,"Iowa 2025-26 media guide, Year-by-Year Scores","1/26		 Nebraska L, 73-79",resolved,,,,,
2556,IOWARAW-02557,iowa,2025-26_media_guide_year_by_year,2011-2012,2012,2012-01-29,Indiana,Indiana,indiana,Yes,89,103,L,0,,,at,OPPONENT_HOME,,,,,,,REGULAR_SEASON,,"Iowa 2025-26 media guide, Year-by-Year Scores","1/29 --/16 at Indiana L, 89-103",resolved,,,,,
2557,IOWARAW-02558,iowa,2025-26_media_guide_year_by_year,2011-2012,2012,2012-02-01,Minnesota,Minnesota,minnesota,Yes,63,59,W,0,,,H,SOURCE_PROGRAM_HOME,Carver-Hawkeye Arena,Carver-Hawkeye Arena,Iowa City,IA,,,REGULAR_SEASON,,"Iowa 2025-26 media guide, Year-by-Year Scores","2/1		 Minnesota W, 63-59",resolved,,,,,
2558,IOWARAW-02559,iowa,2025-26_media_guide_year_by_year,2011-2012,2012,2012-02-04,Penn State,Penn State,penn-state,Yes,77,64,W,0,,,H,SOURCE_PROGRAM_HOME,Carver-Hawkeye Arena,Carver-Hawkeye Arena,Iowa City,IA,,,REGULAR_SEASON,,"Iowa 2025-26 media guide, Year-by-Year Scores","2/4		 Penn State W, 77-64",resolved,,,,,
2559,IOWARAW-02560,iowa,2025-26_media_guide_year_by_year,2011-2012,2012,2012-02-09,Northwestern,Northwestern,northwestern,Yes,64,83,L,0,,,at,OPPONENT_HOME,,,,,,,REGULAR_SEASON,,"Iowa 2025-26 media guide, Year-by-Year Scores","2/9		 at Northwestern L, 64-83",resolved,,,,,
2560,IOWARAW-02561,iowa,2025-26_media_guide_year_by_year,2011-2012,2012,2012-02-16,Penn State,Penn State,penn-state,Yes,64,69,L,0,,,at,OPPONENT_HOME,,,,,,,REGULAR_SEASON,,"Iowa 2025-26 media guide, Year-by-Year Scores","2/16		 at Penn State L, 64-69",resolved,,,,,
2561,IOWARAW-02562,iowa,2025-26_media_guide_year_by_year,2011-2012,2012,2012-02-19,Indiana,Indiana,indiana,Yes,78,66,W,0,,,H,SOURCE_PROGRAM_HOME,Carver-Hawkeye Arena,Carver-Hawkeye Arena,Iowa City,IA,,,REGULAR_SEASON,,"Iowa 2025-26 media guide, Year-by-Year Scores","2/19 --/18 Indiana W, 78-66",resolved,,,,,
2562,IOWARAW-02563,iowa,2025-26_media_guide_year_by_year,2011-2012,2012,2012-02-23,Wisconsin,Wisconsin,wisconsin,Yes,67,66,W,0,,,H,SOURCE_PROGRAM_HOME,Carver-Hawkeye Arena,Carver-Hawkeye Arena,Iowa City,IA,,,REGULAR_SEASON,,"Iowa 2025-26 media guide, Year-by-Year Scores","2/23 --/16 Wisconsin W, 67-66",resolved,,,,,
2563,IOWARAW-02564,iowa,2025-26_media_guide_year_by_year,2011-2012,2012,2012-02-26,Illinois,Illinois,illinois,Yes,54,65,L,0,,,at,OPPONENT_HOME,,,,,,,REGULAR_SEASON,,"Iowa 2025-26 media guide, Year-by-Year Scores","2/26		 at Illinois L, 54-65",resolved,,,,,
2564,IOWARAW-02565,iowa,2025-26_media_guide_year_by_year,2011-2012,2012,2012-02-29,Nebraska,Nebraska,nebraska,Yes,62,53,W,0,,,at,OPPONENT_HOME,,,,,,,REGULAR_SEASON,,"Iowa 2025-26 media guide, Year-by-Year Scores","2/29		 at Nebraska W, 62-53",resolved,,,,,
2565,IOWARAW-02566,iowa,2025-26_media_guide_year_by_year,2011-2012,2012,2012-03-03,Northwestern,Northwestern,northwestern,Yes,66,70,L,0,,,H,SOURCE_PROGRAM_HOME,Carver-Hawkeye Arena,Carver-Hawkeye Arena,Iowa City,IA,,,REGULAR_SEASON,,"Iowa 2025-26 media guide, Year-by-Year Scores","3/3		 Northwestern L, 66-70",resolved,,,,,
2566,IOWARAW-02567,iowa,2025-26_media_guide_year_by_year,2011-2012,2012,2012-03-08,Illinois,Illinois,illinois,Yes,64,61,W,0,,,vs.,NEUTRAL,Gainbridge Fieldhouse,Gainbridge Fieldhouse,Indianapolis,IN,Big Ten Tournament,,CONFERENCE_TOURNAMENT,,"Iowa 2025-26 media guide, Year-by-Year Scores","3/8		 vs. Illinois (n) W, 64-61",resolved,,,,,
2567,IOWARAW-02568,iowa,2025-26_media_guide_year_by_year,2011-2012,2012,2012-03-09,Michigan State,Michigan State,michigan-state,Yes,75,92,L,0,,,vs.,NEUTRAL,Gainbridge Fieldhouse,Gainbridge Fieldhouse,Indianapolis,IN,Big Ten Tournament,,CONFERENCE_TOURNAMENT,,"Iowa 2025-26 media guide, Year-by-Year Scores","3/9		 vs. Michigan State (n) L, 75-92",resolved,,,,,
2568,IOWARAW-02569,iowa,2025-26_media_guide_year_by_year,2011-2012,2012,2012-03-13,Dayton,Dayton,dayton,Yes,84,75,W,0,,,H,SOURCE_PROGRAM_HOME,Carver-Hawkeye Arena,Carver-Hawkeye Arena,Iowa City,IA,National Invitation Tournament,,NIT,,"Iowa 2025-26 media guide, Year-by-Year Scores","3/13		 Dayton W, 84-75",resolved,,,,,
2569,IOWARAW-02570,iowa,2025-26_media_guide_year_by_year,2011-2012,2012,2012-03-18,Oregon,Oregon,oregon,Yes,97,108,L,0,,,at,OPPONENT_HOME,,,,,National Invitation Tournament,,NIT,,"Iowa 2025-26 media guide, Year-by-Year Scores","3/18		 at Oregon L, 97-108",resolved,,,,,
2570,IOWARAW-02571,iowa,2025-26_media_guide_year_by_year,2012-2013,2013,2012-11-09,UT-Pan American,UTRGV,utrgv,Yes,86,55,W,0,,,H,SOURCE_PROGRAM_HOME,Carver-Hawkeye Arena,Carver-Hawkeye Arena,Iowa City,IA,,,REGULAR_SEASON,,"Iowa 2025-26 media guide, Year-by-Year Scores","11/9		 UT-Pan American W, 86-55",resolved,,,,,
2571,IOWARAW-02572,iowa,2025-26_media_guide_year_by_year,2012-2013,2013,2012-11-12,Central Michigan,Central Michigan,central-michigan,Yes,73,61,W,0,,,H,SOURCE_PROGRAM_HOME,Carver-Hawkeye Arena,Carver-Hawkeye Arena,Iowa City,IA,,,REGULAR_SEASON,,"Iowa 2025-26 media guide, Year-by-Year Scores","11/12		 Central Michigan W, 73-61",resolved,,,,,
2572,IOWARAW-02573,iowa,2025-26_media_guide_year_by_year,2012-2013,2013,2012-11-15,Howard,Howard,howard,Yes,63,36,W,0,,,H,SOURCE_PROGRAM_HOME,Carver-Hawkeye Arena,Carver-Hawkeye Arena,Iowa City,IA,,,REGULAR_SEASON,,"Iowa 2025-26 media guide, Year-by-Year Scores","11/15		 Howard W, 63-36",resolved,,,,,
2573,IOWARAW-02574,iowa,2025-26_media_guide_year_by_year,2012-2013,2013,2012-11-17,Gardner-Webb,Gardner-Webb,gardner-webb,Yes,65,56,W,0,,,H,SOURCE_PROGRAM_HOME,Carver-Hawkeye Arena,Carver-Hawkeye Arena,Iowa City,IA,,,REGULAR_SEASON,,"Iowa 2025-26 media guide, Year-by-Year Scores","11/17		 Gardner-Webb W, 65-56",resolved,,,,,
2574,IOWARAW-02575,iowa,2025-26_media_guide_year_by_year,2012-2013,2013,2012-11-20,Western Kentucky,Western Kentucky,western-kentucky,Yes,63,55,W,0,,,vs.,NEUTRAL,,,,,,,REGULAR_SEASON,,"Iowa 2025-26 media guide, Year-by-Year Scores","11/20		 vs.Western Kentucky (n) W, 63-55",resolved,,,,,
2575,IOWARAW-02576,iowa,2025-26_media_guide_year_by_year,2012-2013,2013,2012-11-21,Wichita State,Wichita State,wichita-state,Yes,63,75,L,0,,,vs.,NEUTRAL,,,,,,,REGULAR_SEASON,,"Iowa 2025-26 media guide, Year-by-Year Scores","11/21		 vs.Wichita State (n) L, 63-75",resolved,,,,,
2576,IOWARAW-02577,iowa,2025-26_media_guide_year_by_year,2012-2013,2013,2012-11-27,Virginia Tech,Virginia Tech,virginia-tech,No,79,95,L,0,,,H,SOURCE_PROGRAM_HOME,Carver-Hawkeye Arena,Carver-Hawkeye Arena,Iowa City,IA,,,REGULAR_SEASON,,"Iowa 2025-26 media guide, Year-by-Year Scores","11/27		 atVirginiaTech L, 79-95",resolved,,,,,
2577,IOWARAW-02578,iowa,2025-26_media_guide_year_by_year,2012-2013,2013,2012-12-01,A&M-Corpus Christi,Texas A&M-Corpus Christi,texas-a-m-corpus-christi,Yes,88,59,W,0,,,H,SOURCE_PROGRAM_HOME,Carver-Hawkeye Arena,Carver-Hawkeye Arena,Iowa City,IA,,,REGULAR_SEASON,,"Iowa 2025-26 media guide, Year-by-Year Scores","12/1		 A&M-Corpus Christi W, 88-59",resolved,,,,,
2578,IOWARAW-02579,iowa,2025-26_media_guide_year_by_year,2012-2013,2013,2012-12-04,South Dakota,South Dakota,south-dakota,Yes,87,63,W,0,,,H,SOURCE_PROGRAM_HOME,Carver-Hawkeye Arena,Carver-Hawkeye Arena,Iowa City,IA,,,REGULAR_SEASON,,"Iowa 2025-26 media guide, Year-by-Year Scores","12/4		 South Dakota W, 87-63",resolved,,,,,
2579,IOWARAW-02580,iowa,2025-26_media_guide_year_by_year,2012-2013,2013,2012-12-07,Iowa State,Iowa State,iowa-state,Yes,80,71,W,0,,,H,SOURCE_PROGRAM_HOME,Carver-Hawkeye Arena,Carver-Hawkeye Arena,Iowa City,IA,,,REGULAR_SEASON,,"Iowa 2025-26 media guide, Year-by-Year Scores","12/7		 Iowa State W, 80-71",resolved,,,,,
2580,IOWARAW-02581,iowa,2025-26_media_guide_year_by_year,2012-2013,2013,2012-12-15,UNI,UNI,northern-iowa,Yes,80,73,W,0,,,vs.,NEUTRAL,,,,,,,REGULAR_SEASON,,"Iowa 2025-26 media guide, Year-by-Year Scores","12/15		 vs. UNI (n) W, 80-73",resolved,,,,,
2581,IOWARAW-02582,iowa,2025-26_media_guide_year_by_year,2012-2013,2013,2012-12-19,South Carolina State,South Carolina State,south-carolina-state,Yes,90,46,W,0,,,H,SOURCE_PROGRAM_HOME,Carver-Hawkeye Arena,Carver-Hawkeye Arena,Iowa City,IA,,,REGULAR_SEASON,,"Iowa 2025-26 media guide, Year-by-Year Scores","12/19		 South Carolina State W, 90-46",resolved,,,,,
2582,IOWARAW-02583,iowa,2025-26_media_guide_year_by_year,2012-2013,2013,2012-12-22,Coppin State,Coppin State,coppin-state,Yes,80,50,W,0,,,H,SOURCE_PROGRAM_HOME,Carver-Hawkeye Arena,Carver-Hawkeye Arena,Iowa City,IA,,,REGULAR_SEASON,,"Iowa 2025-26 media guide, Year-by-Year Scores","12/22		 Coppin State W, 80-50",resolved,,,,,
2583,IOWARAW-02584,iowa,2025-26_media_guide_year_by_year,2012-2013,2013,2012-12-31,Indiana,Indiana,indiana,Yes,65,69,L,0,,,H,SOURCE_PROGRAM_HOME,Carver-Hawkeye Arena,Carver-Hawkeye Arena,Iowa City,IA,,,REGULAR_SEASON,,"Iowa 2025-26 media guide, Year-by-Year Scores","12/31 --/5 Indiana L, 65-69",resolved,,,,,
2584,IOWARAW-02585,iowa,2025-26_media_guide_year_by_year,2012-2013,2013,2013-01-06,Michigan,Michigan,michigan,Yes,67,95,L,0,,,at,OPPONENT_HOME,,,,,,,REGULAR_SEASON,,"Iowa 2025-26 media guide, Year-by-Year Scores","1/6 --/2 at Michigan L, 67-95",resolved,,,,,
2585,IOWARAW-02586,iowa,2025-26_media_guide_year_by_year,2012-2013,2013,2013-01-10,Michigan State,Michigan State,michigan-state,Yes,59,62,L,0,,,H,SOURCE_PROGRAM_HOME,Carver-Hawkeye Arena,Carver-Hawkeye Arena,Iowa City,IA,,,REGULAR_SEASON,,"Iowa 2025-26 media guide, Year-by-Year Scores","1/10 --/22 Michigan State L, 59-62",resolved,,,,,
2586,IOWARAW-02587,iowa,2025-26_media_guide_year_by_year,2012-2013,2013,2013-01-13,Northwestern,Northwestern,northwestern,Yes,70,50,W,0,,,at,OPPONENT_HOME,,,,,,,REGULAR_SEASON,,"Iowa 2025-26 media guide, Year-by-Year Scores","1/13		 at Northwestern W, 70-50",resolved,,,,,
2587,IOWARAW-02588,iowa,2025-26_media_guide_year_by_year,2012-2013,2013,2013-01-19,Wisconsin,Wisconsin,wisconsin,Yes,70,66,W,0,,,H,SOURCE_PROGRAM_HOME,Carver-Hawkeye Arena,Carver-Hawkeye Arena,Iowa City,IA,,,REGULAR_SEASON,,"Iowa 2025-26 media guide, Year-by-Year Scores","1/19		 Wisconsin W, 70-66",resolved,,,,,
2588,IOWARAW-02589,iowa,2025-26_media_guide_year_by_year,2012-2013,2013,2013-01-22,Ohio State,Ohio State,ohio-state,Yes,63,72,L,0,,,at,OPPONENT_HOME,,,,,,,REGULAR_SEASON,,"Iowa 2025-26 media guide, Year-by-Year Scores","1/22 --/14 at Ohio State L, 63-72",resolved,,,,,
2589,IOWARAW-02590,iowa,2025-26_media_guide_year_by_year,2012-2013,2013,2013-01-27,Purdue,Purdue,purdue,Yes,62,65,L,1,,,at,OPPONENT_HOME,,,,,,,REGULAR_SEASON,,"Iowa 2025-26 media guide, Year-by-Year Scores","1/27		 at Purdue# L, 62-65",resolved,,,,,
2590,IOWARAW-02591,iowa,2025-26_media_guide_year_by_year,2012-2013,2013,2013-01-31,Penn State,Penn State,penn-state,Yes,76,67,W,0,,,H,SOURCE_PROGRAM_HOME,Carver-Hawkeye Arena,Carver-Hawkeye Arena,Iowa City,IA,,,REGULAR_SEASON,,"Iowa 2025-26 media guide, Year-by-Year Scores","1/31		 Penn State W, 76-67",resolved,,,,,
2591,IOWARAW-02592,iowa,2025-26_media_guide_year_by_year,2012-2013,2013,2013-02-03,Minnesota,Minnesota,minnesota,Yes,59,62,L,0,,,at,OPPONENT_HOME,,,,,,,REGULAR_SEASON,,"Iowa 2025-26 media guide, Year-by-Year Scores","2/3 --/23 at Minnesota L, 59-62",resolved,,,,,
2592,IOWARAW-02593,iowa,2025-26_media_guide_year_by_year,2012-2013,2013,2013-02-06,Wisconsin,Wisconsin,wisconsin,Yes,70,74,L,2,,,H,SOURCE_PROGRAM_HOME,Carver-Hawkeye Arena,Carver-Hawkeye Arena,Iowa City,IA,,,REGULAR_SEASON,,"Iowa 2025-26 media guide, Year-by-Year Scores","2/6		 atWisconsin## L, 70-74",resolved,,,,,
2593,IOWARAW-02594,iowa,2025-26_media_guide_year_by_year,2012-2013,2013,2013-02-09,Northwestern,Northwestern,northwestern,Yes,71,57,W,0,,,H,SOURCE_PROGRAM_HOME,Carver-Hawkeye Arena,Carver-Hawkeye Arena,Iowa City,IA,,,REGULAR_SEASON,,"Iowa 2025-26 media guide, Year-by-Year Scores","2/9		 Northwestern W, 71-57",resolved,,,,,
2594,IOWARAW-02595,iowa,2025-26_media_guide_year_by_year,2012-2013,2013,2013-02-14,Penn State,Penn State,penn-state,Yes,74,72,W,0,,,at,OPPONENT_HOME,,,,,,,REGULAR_SEASON,,"Iowa 2025-26 media guide, Year-by-Year Scores","2/14		 at Penn State W, 74-72",resolved,,,,,
2595,IOWARAW-02596,iowa,2025-26_media_guide_year_by_year,2012-2013,2013,2013-02-17,Minnesota,Minnesota,minnesota,Yes,72,51,W,0,,,H,SOURCE_PROGRAM_HOME,Carver-Hawkeye Arena,Carver-Hawkeye Arena,Iowa City,IA,,,REGULAR_SEASON,,"Iowa 2025-26 media guide, Year-by-Year Scores","2/17		 Minnesota W, 72-51",resolved,,,,,
2596,IOWARAW-02597,iowa,2025-26_media_guide_year_by_year,2012-2013,2013,2013-02-23,Nebraska,Nebraska,nebraska,Yes,60,64,L,0,,,at,OPPONENT_HOME,,,,,,,REGULAR_SEASON,,"Iowa 2025-26 media guide, Year-by-Year Scores","2/23		 at Nebraska L, 60-64",resolved,,,,,
2597,IOWARAW-02598,iowa,2025-26_media_guide_year_by_year,2012-2013,2013,2013-02-27,Purdue,Purdue,purdue,Yes,58,48,W,0,,,H,SOURCE_PROGRAM_HOME,Carver-Hawkeye Arena,Carver-Hawkeye Arena,Iowa City,IA,,,REGULAR_SEASON,,"Iowa 2025-26 media guide, Year-by-Year Scores","2/27		 Purdue W, 58-48",resolved,,,,,
2598,IOWARAW-02599,iowa,2025-26_media_guide_year_by_year,2012-2013,2013,2013-03-02,Indiana,Indiana,indiana,Yes,60,73,L,0,,,at,OPPONENT_HOME,,,,,,,REGULAR_SEASON,,"Iowa 2025-26 media guide, Year-by-Year Scores","3/2 --/1 at Indiana L, 60-73",resolved,,,,,
2599,IOWARAW-02600,iowa,2025-26_media_guide_year_by_year,2012-2013,2013,2013-03-05,Illinois,Illinois,illinois,Yes,63,55,W,0,,,H,SOURCE_PROGRAM_HOME,Carver-Hawkeye Arena,Carver-Hawkeye Arena,Iowa City,IA,,,REGULAR_SEASON,,"Iowa 2025-26 media guide, Year-by-Year Scores","3/5		 Illinois W, 63-55",resolved,,,,,
2600,IOWARAW-02601,iowa,2025-26_media_guide_year_by_year,2012-2013,2013,2013-03-09,Nebraska,Nebraska,nebraska,Yes,74,60,W,0,,,H,SOURCE_PROGRAM_HOME,Carver-Hawkeye Arena,Carver-Hawkeye Arena,Iowa City,IA,,,REGULAR_SEASON,,"Iowa 2025-26 media guide, Year-by-Year Scores","3/9		 Nebraska W, 74-60",resolved,,,,,
2601,IOWARAW-02602,iowa,2025-26_media_guide_year_by_year,2012-2013,2013,2013-03-14,Northwestern,Northwestern,northwestern,Yes,73,59,W,0,,,vs.,NEUTRAL,United Center,United Center,Chicago,IL,Big Ten Tournament,,CONFERENCE_TOURNAMENT,,"Iowa 2025-26 media guide, Year-by-Year Scores","3/14		 vs. Northwestern (n) W, 73-59",resolved,,,,,
2602,IOWARAW-02603,iowa,2025-26_media_guide_year_by_year,2012-2013,2013,2013-03-15,Michigan State,Michigan State,michigan-state,Yes,56,59,L,0,,,vs.,NEUTRAL,United Center,United Center,Chicago,IL,Big Ten Tournament,,CONFERENCE_TOURNAMENT,,"Iowa 2025-26 media guide, Year-by-Year Scores","3/15 --/8 vs. Michigan State (n) L, 56-59",resolved,,,,,
2603,IOWARAW-02604,iowa,2025-26_media_guide_year_by_year,2012-2013,2013,2013-03-20,Indiana State,Indiana State,indiana-state,Yes,68,52,W,0,,,H,SOURCE_PROGRAM_HOME,Carver-Hawkeye Arena,Carver-Hawkeye Arena,Iowa City,IA,National Invitation Tournament,,NIT,,"Iowa 2025-26 media guide, Year-by-Year Scores","3/20		 Indiana State W, 68-52",resolved,,,,,
2604,IOWARAW-02605,iowa,2025-26_media_guide_year_by_year,2012-2013,2013,2013-03-22,Stony Brook,Stony Brook,stony-brook,Yes,75,63,W,0,,,H,SOURCE_PROGRAM_HOME,Carver-Hawkeye Arena,Carver-Hawkeye Arena,Iowa City,IA,National Invitation Tournament,,NIT,,"Iowa 2025-26 media guide, Year-by-Year Scores","3/22		 Stony Brook W, 75-63",resolved,,,,,
2605,IOWARAW-02606,iowa,2025-26_media_guide_year_by_year,2012-2013,2013,2013-03-27,Virginia,Virginia,virginia,Yes,75,64,W,0,,,H,SOURCE_PROGRAM_HOME,Carver-Hawkeye Arena,Carver-Hawkeye Arena,Iowa City,IA,National Invitation Tournament,,NIT,,"Iowa 2025-26 media guide, Year-by-Year Scores","3/27		 atVirginia W, 75-64",resolved,,,,,
2606,IOWARAW-02607,iowa,2025-26_media_guide_year_by_year,2012-2013,2013,2013-04-02,Maryland,Maryland,maryland,Yes,71,60,W,0,,,vs.,NEUTRAL,,,,,National Invitation Tournament,,NIT,,"Iowa 2025-26 media guide, Year-by-Year Scores","4/2		 vs. Maryland (n) W, 71-60",resolved,,,,,
2607,IOWARAW-02608,iowa,2025-26_media_guide_year_by_year,2012-2013,2013,2013-04-04,Baylor,Baylor,baylor,Yes,54,74,L,0,,,vs.,NEUTRAL,,,,,National Invitation Tournament,,NIT,,"Iowa 2025-26 media guide, Year-by-Year Scores","4/4		 vs. Baylor (n) L, 54-74",resolved,,,,,
2608,IOWARAW-02609,iowa,2025-26_media_guide_year_by_year,2013-2014,2014,2013-11-08,UNC Wilmington,UNC Wilmington,unc-wilmington,No,82,39,W,0,,,H,SOURCE_PROGRAM_HOME,Carver-Hawkeye Arena,Carver-Hawkeye Arena,Iowa City,IA,,,REGULAR_SEASON,,"Iowa 2025-26 media guide, Year-by-Year Scores","11/8		 UNCWilmington W, 82-39",resolved,,,,,
2609,IOWARAW-02610,iowa,2025-26_media_guide_year_by_year,2013-2014,2014,2013-11-10,Omaha,Omaha,omaha,Yes,83,75,W,0,,,H,SOURCE_PROGRAM_HOME,Carver-Hawkeye Arena,Carver-Hawkeye Arena,Iowa City,IA,,,REGULAR_SEASON,,"Iowa 2025-26 media guide, Year-by-Year Scores","11/10		 Omaha W, 83-75",resolved,,,,,
2610,IOWARAW-02611,iowa,2025-26_media_guide_year_by_year,2013-2014,2014,2013-11-14,UMES,Maryland Eastern Shore,maryland-eastern-shore,Yes,109,63,W,0,,,H,SOURCE_PROGRAM_HOME,Carver-Hawkeye Arena,Carver-Hawkeye Arena,Iowa City,IA,,,REGULAR_SEASON,,"Iowa 2025-26 media guide, Year-by-Year Scores","11/14		 UMES W, 109-63",resolved,,,,,
2611,IOWARAW-02612,iowa,2025-26_media_guide_year_by_year,2013-2014,2014,2013-11-17,Abilene Christian,Abilene Christian,abilene-christian,Yes,103,41,W,0,,,H,SOURCE_PROGRAM_HOME,Carver-Hawkeye Arena,Carver-Hawkeye Arena,Iowa City,IA,,,REGULAR_SEASON,,"Iowa 2025-26 media guide, Year-by-Year Scores","11/17		 Abilene Christian W, 103-41",resolved,,,,,
2612,IOWARAW-02613,iowa,2025-26_media_guide_year_by_year,2013-2014,2014,2013-11-22,Penn,Penn,penn,Yes,86,55,W,0,,,H,SOURCE_PROGRAM_HOME,Carver-Hawkeye Arena,Carver-Hawkeye Arena,Iowa City,IA,,,REGULAR_SEASON,,"Iowa 2025-26 media guide, Year-by-Year Scores","11/22		 Penn W, 86-55",resolved,,,,,
2613,IOWARAW-02614,iowa,2025-26_media_guide_year_by_year,2013-2014,2014,2013-11-28,Xavier,Xavier,xavier,Yes,77,74,W,1,,,vs.,NEUTRAL,,,,,,,REGULAR_SEASON,,"Iowa 2025-26 media guide, Year-by-Year Scores","11/28 23/-- vs. Xavier# (n) W, 77-74",resolved,,,,,
2614,IOWARAW-02615,iowa,2025-26_media_guide_year_by_year,2013-2014,2014,2013-11-29,UTEP,UTEP,utep,Yes,89,53,W,0,,,vs.,NEUTRAL,,,,,,,REGULAR_SEASON,,"Iowa 2025-26 media guide, Year-by-Year Scores","11/29 23/-- vs. UTEP (n) W, 89-53",resolved,,,,,
2615,IOWARAW-02616,iowa,2025-26_media_guide_year_by_year,2013-2014,2014,2013-11-30,Villanova,Villanova,villanova,Yes,83,88,L,1,,,vs.,NEUTRAL,,,,,,,REGULAR_SEASON,,"Iowa 2025-26 media guide, Year-by-Year Scores","11/30 23/-- vs.Villanova# (n) L, 83-88",resolved,,,,,
2616,IOWARAW-02617,iowa,2025-26_media_guide_year_by_year,2013-2014,2014,2013-12-03,Notre Dame,Notre Dame,notre-dame,Yes,98,93,W,0,,,H,SOURCE_PROGRAM_HOME,Carver-Hawkeye Arena,Carver-Hawkeye Arena,Iowa City,IA,,,REGULAR_SEASON,,"Iowa 2025-26 media guide, Year-by-Year Scores","12/3 23/-- Notre Dame W, 98-93",resolved,,,,,
2617,IOWARAW-02618,iowa,2025-26_media_guide_year_by_year,2013-2014,2014,2013-12-07,Drake,Drake,drake,Yes,83,66,W,0,,,vs.,NEUTRAL,,,,,,,REGULAR_SEASON,,"Iowa 2025-26 media guide, Year-by-Year Scores","12/7 23/-- vs. Drake (n) W, 83-66",resolved,,,,,
2618,IOWARAW-02619,iowa,2025-26_media_guide_year_by_year,2013-2014,2014,2013-12-09,Fairleigh Dickinson,Fairleigh Dickinson,fairleigh-dickinson,Yes,92,59,W,0,,,H,SOURCE_PROGRAM_HOME,Carver-Hawkeye Arena,Carver-Hawkeye Arena,Iowa City,IA,,,REGULAR_SEASON,,"Iowa 2025-26 media guide, Year-by-Year Scores","12/9 23/-- Fairleigh Dickinson W, 92-59",resolved,,,,,
2619,IOWARAW-02620,iowa,2025-26_media_guide_year_by_year,2013-2014,2014,2013-12-13,Iowa State,Iowa State,iowa-state,Yes,82,85,L,0,,,at,OPPONENT_HOME,,,,,,,REGULAR_SEASON,,"Iowa 2025-26 media guide, Year-by-Year Scores","12/13 23/17 at Iowa State L, 82-85",resolved,,,,,
2620,IOWARAW-02621,iowa,2025-26_media_guide_year_by_year,2013-2014,2014,2013-12-22,Arkansas-Pine Bluff,Arkansas-Pine Bluff,arkansas-pine-bluff,Yes,86,61,W,0,,,H,SOURCE_PROGRAM_HOME,Carver-Hawkeye Arena,Carver-Hawkeye Arena,Iowa City,IA,,,REGULAR_SEASON,,"Iowa 2025-26 media guide, Year-by-Year Scores","12/22 25/-- Arkansas-Pine Bluff W, 86-61",resolved,,,,,
2621,IOWARAW-02622,iowa,2025-26_media_guide_year_by_year,2013-2014,2014,2013-12-31,Nebraska,Nebraska,nebraska,Yes,67,57,W,0,,,H,SOURCE_PROGRAM_HOME,Carver-Hawkeye Arena,Carver-Hawkeye Arena,Iowa City,IA,,,REGULAR_SEASON,,"Iowa 2025-26 media guide, Year-by-Year Scores","12/31 22/-- Nebraska W, 67-57",resolved,,,,,
2622,IOWARAW-02623,iowa,2025-26_media_guide_year_by_year,2013-2014,2014,2014-01-05,Wisconsin,Wisconsin,wisconsin,Yes,71,75,L,0,,,H,SOURCE_PROGRAM_HOME,Carver-Hawkeye Arena,Carver-Hawkeye Arena,Iowa City,IA,,,REGULAR_SEASON,,"Iowa 2025-26 media guide, Year-by-Year Scores","1/5 22/4 atWisconsin L, 71-75",resolved,,,,,
2623,IOWARAW-02624,iowa,2025-26_media_guide_year_by_year,2013-2014,2014,2014-01-09,Northwestern,Northwestern,northwestern,Yes,93,67,W,0,,,H,SOURCE_PROGRAM_HOME,Carver-Hawkeye Arena,Carver-Hawkeye Arena,Iowa City,IA,,,REGULAR_SEASON,,"Iowa 2025-26 media guide, Year-by-Year Scores","1/9 20/-- Northwestern W, 93-67",resolved,,,,,
2624,IOWARAW-02625,iowa,2025-26_media_guide_year_by_year,2013-2014,2014,2014-01-12,Ohio State,Ohio State,ohio-state,Yes,84,74,W,0,,,at,OPPONENT_HOME,,,,,,,REGULAR_SEASON,,"Iowa 2025-26 media guide, Year-by-Year Scores","1/12 20/3 at Ohio State W, 84-74",resolved,,,,,
2625,IOWARAW-02626,iowa,2025-26_media_guide_year_by_year,2013-2014,2014,2014-01-19,Minnesota,Minnesota,minnesota,Yes,94,73,W,0,,,H,SOURCE_PROGRAM_HOME,Carver-Hawkeye Arena,Carver-Hawkeye Arena,Iowa City,IA,,,REGULAR_SEASON,,"Iowa 2025-26 media guide, Year-by-Year Scores","1/19 14/-- Minnesota W, 94-73",resolved,,,,,
2626,IOWARAW-02627,iowa,2025-26_media_guide_year_by_year,2013-2014,2014,2014-01-22,Michigan,Michigan,michigan,Yes,67,75,L,0,,,at,OPPONENT_HOME,,,,,,,REGULAR_SEASON,,"Iowa 2025-26 media guide, Year-by-Year Scores","1/22 10/21 at Michigan L, 67-75",resolved,,,,,
2627,IOWARAW-02628,iowa,2025-26_media_guide_year_by_year,2013-2014,2014,2014-01-25,Northwestern,Northwestern,northwestern,Yes,76,50,W,0,,,at,OPPONENT_HOME,,,,,,,REGULAR_SEASON,,"Iowa 2025-26 media guide, Year-by-Year Scores","1/25 10/-- at Northwestern W, 76-50",resolved,,,,,
2628,IOWARAW-02629,iowa,2025-26_media_guide_year_by_year,2013-2014,2014,2014-01-28,Michigan State,Michigan State,michigan-state,Yes,69,71,L,1,,,H,SOURCE_PROGRAM_HOME,Carver-Hawkeye Arena,Carver-Hawkeye Arena,Iowa City,IA,,,REGULAR_SEASON,,"Iowa 2025-26 media guide, Year-by-Year Scores","1/28 15/7 Michigan State# L, 69-71",resolved,,,,,
2629,IOWARAW-02630,iowa,2025-26_media_guide_year_by_year,2013-2014,2014,2014-02-01,Illinois,Illinois,illinois,Yes,81,74,W,0,,,at,OPPONENT_HOME,,,,,,,REGULAR_SEASON,,"Iowa 2025-26 media guide, Year-by-Year Scores","2/1 15/-- at Illinois W, 81-74",resolved,,,,,
2630,IOWARAW-02631,iowa,2025-26_media_guide_year_by_year,2013-2014,2014,2014-02-04,Ohio State,Ohio State,ohio-state,Yes,69,76,L,0,,,H,SOURCE_PROGRAM_HOME,Carver-Hawkeye Arena,Carver-Hawkeye Arena,Iowa City,IA,,,REGULAR_SEASON,,"Iowa 2025-26 media guide, Year-by-Year Scores","2/4 17/-- Ohio State L, 69-76",resolved,,,,,
2631,IOWARAW-02632,iowa,2025-26_media_guide_year_by_year,2013-2014,2014,2014-02-08,Michigan,Michigan,michigan,Yes,85,67,W,0,,,H,SOURCE_PROGRAM_HOME,Carver-Hawkeye Arena,Carver-Hawkeye Arena,Iowa City,IA,,,REGULAR_SEASON,,"Iowa 2025-26 media guide, Year-by-Year Scores","2/8 17/10 Michigan W, 85-67",resolved,,,,,
2632,IOWARAW-02633,iowa,2025-26_media_guide_year_by_year,2013-2014,2014,2014-02-15,Penn State,Penn State,penn-state,Yes,82,70,W,0,,,at,OPPONENT_HOME,,,,,,,REGULAR_SEASON,,"Iowa 2025-26 media guide, Year-by-Year Scores","2/15 16/-- at Penn State W, 82-70",resolved,,,,,
2633,IOWARAW-02634,iowa,2025-26_media_guide_year_by_year,2013-2014,2014,2014-02-22,Wisconsin,Wisconsin,wisconsin,Yes,74,79,L,0,,,H,SOURCE_PROGRAM_HOME,Carver-Hawkeye Arena,Carver-Hawkeye Arena,Iowa City,IA,,,REGULAR_SEASON,,"Iowa 2025-26 media guide, Year-by-Year Scores","2/22 15/16 Wisconsin L, 74-79",resolved,,,,,
2634,IOWARAW-02635,iowa,2025-26_media_guide_year_by_year,2013-2014,2014,2014-02-25,Minnesota,Minnesota,minnesota,Yes,89,95,L,0,,,at,OPPONENT_HOME,,,,,,,REGULAR_SEASON,,"Iowa 2025-26 media guide, Year-by-Year Scores","2/25 20/-- at Minnesota L, 89-95",resolved,,,,,
2635,IOWARAW-02636,iowa,2025-26_media_guide_year_by_year,2013-2014,2014,2014-02-27,Indiana,Indiana,indiana,Yes,86,93,L,0,,,at,OPPONENT_HOME,,,,,,,REGULAR_SEASON,,"Iowa 2025-26 media guide, Year-by-Year Scores","2/27 20/-- at Indiana L, 86-93",resolved,,,,,
2636,IOWARAW-02637,iowa,2025-26_media_guide_year_by_year,2013-2014,2014,2014-03-02,Purdue,Purdue,purdue,Yes,83,76,W,0,,,H,SOURCE_PROGRAM_HOME,Carver-Hawkeye Arena,Carver-Hawkeye Arena,Iowa City,IA,,,REGULAR_SEASON,,"Iowa 2025-26 media guide, Year-by-Year Scores","3/2 20/-- Purdue W, 83-76",resolved,,,,,
2637,IOWARAW-02638,iowa,2025-26_media_guide_year_by_year,2013-2014,2014,2014-03-06,Michigan State,Michigan State,michigan-state,Yes,76,86,L,0,,,at,OPPONENT_HOME,,,,,,,REGULAR_SEASON,,"Iowa 2025-26 media guide, Year-by-Year Scores","3/6 24/22 at Michigan State L, 76-86",resolved,,,,,
2638,IOWARAW-02639,iowa,2025-26_media_guide_year_by_year,2013-2014,2014,2014-03-08,Illinois,Illinois,illinois,Yes,63,66,L,0,,,H,SOURCE_PROGRAM_HOME,Carver-Hawkeye Arena,Carver-Hawkeye Arena,Iowa City,IA,,,REGULAR_SEASON,,"Iowa 2025-26 media guide, Year-by-Year Scores","3/8 24/-- Illinois L, 63-66",resolved,,,,,
2639,IOWARAW-02640,iowa,2025-26_media_guide_year_by_year,2013-2014,2014,2014-03-13,Northwestern,Northwestern,northwestern,Yes,62,67,L,0,,,vs.,NEUTRAL,Gainbridge Fieldhouse,Gainbridge Fieldhouse,Indianapolis,IN,Big Ten Tournament,,CONFERENCE_TOURNAMENT,,"Iowa 2025-26 media guide, Year-by-Year Scores","3/13		 vs. Northwestern (n) L, 62-67",resolved,,,,,
2640,IOWARAW-02641,iowa,2025-26_media_guide_year_by_year,2013-2014,2014,2014-03-19,Tennessee,Tennessee,tennessee,Yes,65,78,L,1,,,vs.,NEUTRAL,University of Dayton Arena,University of Dayton Arena,Dayton,OH,NCAA Tournament,,NCAA_TOURNAMENT,Play-in,"Iowa 2025-26 media guide, Year-by-Year Scores","3/19		 vs.Tennessee# (n) L, 65-78",resolved,,,,,
2641,IOWARAW-02642,iowa,2025-26_media_guide_year_by_year,2014-2015,2015,2014-11-14,Hampton,Hampton,hampton,Yes,90,56,W,0,,,H,SOURCE_PROGRAM_HOME,Carver-Hawkeye Arena,Carver-Hawkeye Arena,Iowa City,IA,,,REGULAR_SEASON,,"Iowa 2025-26 media guide, Year-by-Year Scores","11/14		 Hampton W, 90-56",resolved,,,,,
2642,IOWARAW-02643,iowa,2025-26_media_guide_year_by_year,2014-2015,2015,2014-11-17,North Dakota State,North Dakota State,north-dakota-state,Yes,87,56,W,0,,,H,SOURCE_PROGRAM_HOME,Carver-Hawkeye Arena,Carver-Hawkeye Arena,Iowa City,IA,,,REGULAR_SEASON,,"Iowa 2025-26 media guide, Year-by-Year Scores","11/17		 North Dakota State W, 87-56",resolved,,,,,
2643,IOWARAW-02644,iowa,2025-26_media_guide_year_by_year,2014-2015,2015,2014-11-20,Texas,Texas,texas,Yes,57,71,L,0,,,vs.,NEUTRAL,,,,,,,REGULAR_SEASON,,"Iowa 2025-26 media guide, Year-by-Year Scores","11/20 --/10 vs.Texas (n) L, 57-71",resolved,,,,,
2644,IOWARAW-02645,iowa,2025-26_media_guide_year_by_year,2014-2015,2015,2014-11-21,Syracuse,Syracuse,syracuse,Yes,63,66,L,0,,,vs.,NEUTRAL,,,,,,,REGULAR_SEASON,,"Iowa 2025-26 media guide, Year-by-Year Scores","11/21 --/23 vs. Syracuse (n) L, 63-66",resolved,,,,,
2645,IOWARAW-02646,iowa,2025-26_media_guide_year_by_year,2014-2015,2015,2014-11-24,Pepperdine,Pepperdine,pepperdine,Yes,72,61,W,0,,,H,SOURCE_PROGRAM_HOME,Carver-Hawkeye Arena,Carver-Hawkeye Arena,Iowa City,IA,,,REGULAR_SEASON,,"Iowa 2025-26 media guide, Year-by-Year Scores","11/24		 Pepperdine W, 72-61",resolved,,,,,
2646,IOWARAW-02647,iowa,2025-26_media_guide_year_by_year,2014-2015,2015,2014-11-26,Northern Illinois,Northern Illinois,northern-illinois,Yes,70,49,W,0,,,H,SOURCE_PROGRAM_HOME,Carver-Hawkeye Arena,Carver-Hawkeye Arena,Iowa City,IA,,,REGULAR_SEASON,,"Iowa 2025-26 media guide, Year-by-Year Scores","11/26		 Northern Illinois W, 70-49",resolved,,,,,
2647,IOWARAW-02648,iowa,2025-26_media_guide_year_by_year,2014-2015,2015,2014-11-29,Longwood,Longwood,longwood,Yes,77,44,W,0,,,H,SOURCE_PROGRAM_HOME,Carver-Hawkeye Arena,Carver-Hawkeye Arena,Iowa City,IA,,,REGULAR_SEASON,,"Iowa 2025-26 media guide, Year-by-Year Scores","11/29		 Longwood W, 77-44",resolved,,,,,
2648,IOWARAW-02649,iowa,2025-26_media_guide_year_by_year,2014-2015,2015,2014-12-03,North Carolina,North Carolina,north-carolina,Yes,60,55,W,0,,,at,OPPONENT_HOME,,,,,,,REGULAR_SEASON,,"Iowa 2025-26 media guide, Year-by-Year Scores","12/3 --/12 at North Carolina W, 60-55",resolved,,,,,
2649,IOWARAW-02650,iowa,2025-26_media_guide_year_by_year,2014-2015,2015,2014-12-06,UMBC,UMBC,umbc,Yes,77,47,W,0,,,H,SOURCE_PROGRAM_HOME,Carver-Hawkeye Arena,Carver-Hawkeye Arena,Iowa City,IA,,,REGULAR_SEASON,,"Iowa 2025-26 media guide, Year-by-Year Scores","12/6		 UMBC W, 77-47",resolved,,,,,
2650,IOWARAW-02651,iowa,2025-26_media_guide_year_by_year,2014-2015,2015,2014-12-09,Alcorn State,Alcorn State,alcorn-state,Yes,67,44,W,0,,,H,SOURCE_PROGRAM_HOME,Carver-Hawkeye Arena,Carver-Hawkeye Arena,Iowa City,IA,,,REGULAR_SEASON,,"Iowa 2025-26 media guide, Year-by-Year Scores","12/9		 Alcorn State W, 67-44",resolved,,,,,
2651,IOWARAW-02652,iowa,2025-26_media_guide_year_by_year,2014-2015,2015,2014-12-12,Iowa State,Iowa State,iowa-state,Yes,75,90,L,0,,,H,SOURCE_PROGRAM_HOME,Carver-Hawkeye Arena,Carver-Hawkeye Arena,Iowa City,IA,,,REGULAR_SEASON,,"Iowa 2025-26 media guide, Year-by-Year Scores","12/12 --/14 Iowa State L, 75-90",resolved,,,,,
2652,IOWARAW-02653,iowa,2025-26_media_guide_year_by_year,2014-2015,2015,2014-12-20,UNI,UNI,northern-iowa,Yes,44,56,L,0,,,vs.,NEUTRAL,,,,,,,REGULAR_SEASON,,"Iowa 2025-26 media guide, Year-by-Year Scores","12/20		 vs. UNI (n) L, 44-56",resolved,,,,,
2653,IOWARAW-02654,iowa,2025-26_media_guide_year_by_year,2014-2015,2015,2014-12-22,North Florida,North Florida,north-florida,Yes,80,70,W,0,,,H,SOURCE_PROGRAM_HOME,Carver-Hawkeye Arena,Carver-Hawkeye Arena,Iowa City,IA,,,REGULAR_SEASON,,"Iowa 2025-26 media guide, Year-by-Year Scores","12/22		 North Florida W, 80-70",resolved,,,,,
2654,IOWARAW-02655,iowa,2025-26_media_guide_year_by_year,2014-2015,2015,2014-12-30,Ohio State,Ohio State,ohio-state,Yes,71,65,W,0,,,at,OPPONENT_HOME,,,,,,,REGULAR_SEASON,,"Iowa 2025-26 media guide, Year-by-Year Scores","12/30 --/20 at Ohio State W, 71-65",resolved,,,,,
2655,IOWARAW-02656,iowa,2025-26_media_guide_year_by_year,2014-2015,2015,2015-01-05,Nebraska,Nebraska,nebraska,Yes,70,59,W,0,,,H,SOURCE_PROGRAM_HOME,Carver-Hawkeye Arena,Carver-Hawkeye Arena,Iowa City,IA,,,REGULAR_SEASON,,"Iowa 2025-26 media guide, Year-by-Year Scores","1/5		 Nebraska W, 70-59",resolved,,,,,
2656,IOWARAW-02657,iowa,2025-26_media_guide_year_by_year,2014-2015,2015,2015-01-08,Michigan State,Michigan State,michigan-state,Yes,61,75,L,0,,,H,SOURCE_PROGRAM_HOME,Carver-Hawkeye Arena,Carver-Hawkeye Arena,Iowa City,IA,,,REGULAR_SEASON,,"Iowa 2025-26 media guide, Year-by-Year Scores","1/8		 Michigan State L, 61-75",resolved,,,,,
2657,IOWARAW-02658,iowa,2025-26_media_guide_year_by_year,2014-2015,2015,2015-01-13,Minnesota,Minnesota,minnesota,Yes,77,75,W,0,,,at,OPPONENT_HOME,,,,,,,REGULAR_SEASON,,"Iowa 2025-26 media guide, Year-by-Year Scores","1/13		 at Minnesota W, 77-75",resolved,,,,,
2658,IOWARAW-02659,iowa,2025-26_media_guide_year_by_year,2014-2015,2015,2015-01-17,Ohio State,Ohio State,ohio-state,Yes,76,67,W,0,,,H,SOURCE_PROGRAM_HOME,Carver-Hawkeye Arena,Carver-Hawkeye Arena,Iowa City,IA,,,REGULAR_SEASON,,"Iowa 2025-26 media guide, Year-by-Year Scores","1/17		 Ohio State W, 76-67",resolved,,,,,
2659,IOWARAW-02660,iowa,2025-26_media_guide_year_by_year,2014-2015,2015,2015-01-20,Wisconsin,Wisconsin,wisconsin,Yes,50,82,L,0,,,H,SOURCE_PROGRAM_HOME,Carver-Hawkeye Arena,Carver-Hawkeye Arena,Iowa City,IA,,,REGULAR_SEASON,,"Iowa 2025-26 media guide, Year-by-Year Scores","1/20 25/6 atWisconsin L, 50-82",resolved,,,,,
2660,IOWARAW-02661,iowa,2025-26_media_guide_year_by_year,2014-2015,2015,2015-01-24,Purdue,Purdue,purdue,Yes,63,67,L,0,,,at,OPPONENT_HOME,,,,,,,REGULAR_SEASON,,"Iowa 2025-26 media guide, Year-by-Year Scores","1/24		 at Purdue L, 63-67",resolved,,,,,
2661,IOWARAW-02662,iowa,2025-26_media_guide_year_by_year,2014-2015,2015,2015-01-31,Wisconsin,Wisconsin,wisconsin,Yes,50,82,L,0,,,H,SOURCE_PROGRAM_HOME,Carver-Hawkeye Arena,Carver-Hawkeye Arena,Iowa City,IA,,,REGULAR_SEASON,,"Iowa 2025-26 media guide, Year-by-Year Scores","1/31 --/5 Wisconsin L, 50-82",resolved,,,,,
2662,IOWARAW-02663,iowa,2025-26_media_guide_year_by_year,2014-2015,2015,2015-02-05,Michigan,Michigan,michigan,Yes,72,54,W,0,,,at,OPPONENT_HOME,,,,,,,REGULAR_SEASON,,"Iowa 2025-26 media guide, Year-by-Year Scores","2/5		 at Michigan W, 72-54",resolved,,,,,
2663,IOWARAW-02664,iowa,2025-26_media_guide_year_by_year,2014-2015,2015,2015-02-08,Maryland,Maryland,maryland,Yes,71,55,W,0,,,H,SOURCE_PROGRAM_HOME,Carver-Hawkeye Arena,Carver-Hawkeye Arena,Iowa City,IA,,,REGULAR_SEASON,,"Iowa 2025-26 media guide, Year-by-Year Scores","2/8 --/17 Maryland W, 71-55",resolved,,,,,
2664,IOWARAW-02665,iowa,2025-26_media_guide_year_by_year,2014-2015,2015,2015-02-12,Minnesota,Minnesota,minnesota,Yes,59,64,L,0,,,H,SOURCE_PROGRAM_HOME,Carver-Hawkeye Arena,Carver-Hawkeye Arena,Iowa City,IA,,,REGULAR_SEASON,,"Iowa 2025-26 media guide, Year-by-Year Scores","2/12		 Minnesota L, 59-64",resolved,,,,,
2665,IOWARAW-02666,iowa,2025-26_media_guide_year_by_year,2014-2015,2015,2015-02-15,Northwestern,Northwestern,northwestern,Yes,61,66,L,1,,,at,OPPONENT_HOME,,,,,,,REGULAR_SEASON,,"Iowa 2025-26 media guide, Year-by-Year Scores","2/15		 at Northwestern# L, 61-66",resolved,,,,,
2666,IOWARAW-02667,iowa,2025-26_media_guide_year_by_year,2014-2015,2015,2015-02-19,Rutgers,Rutgers,rutgers,Yes,81,47,W,0,,,H,SOURCE_PROGRAM_HOME,Carver-Hawkeye Arena,Carver-Hawkeye Arena,Iowa City,IA,,,REGULAR_SEASON,,"Iowa 2025-26 media guide, Year-by-Year Scores","2/19		 Rutgers W, 81-47",resolved,,,,,
2667,IOWARAW-02668,iowa,2025-26_media_guide_year_by_year,2014-2015,2015,2015-02-22,Nebraska,Nebraska,nebraska,Yes,74,46,W,0,,,at,OPPONENT_HOME,,,,,,,REGULAR_SEASON,,"Iowa 2025-26 media guide, Year-by-Year Scores","2/22		 at Nebraska W, 74-46",resolved,,,,,
2668,IOWARAW-02669,iowa,2025-26_media_guide_year_by_year,2014-2015,2015,2015-02-25,Illinois,Illinois,illinois,Yes,68,60,W,0,,,H,SOURCE_PROGRAM_HOME,Carver-Hawkeye Arena,Carver-Hawkeye Arena,Iowa City,IA,,,REGULAR_SEASON,,"Iowa 2025-26 media guide, Year-by-Year Scores","2/25		 Illinois W, 68-60",resolved,,,,,
2669,IOWARAW-02670,iowa,2025-26_media_guide_year_by_year,2014-2015,2015,2015-02-28,Penn State,Penn State,penn-state,Yes,81,77,W,1,,,at,OPPONENT_HOME,,,,,,,REGULAR_SEASON,,"Iowa 2025-26 media guide, Year-by-Year Scores","2/28		 at Penn State# W, 81-77",resolved,,,,,
2670,IOWARAW-02671,iowa,2025-26_media_guide_year_by_year,2014-2015,2015,2015-03-03,Indiana,Indiana,indiana,Yes,77,63,W,0,,,at,OPPONENT_HOME,,,,,,,REGULAR_SEASON,,"Iowa 2025-26 media guide, Year-by-Year Scores","3/3		 at Indiana W, 77-63",resolved,,,,,
2671,IOWARAW-02672,iowa,2025-26_media_guide_year_by_year,2014-2015,2015,2015-03-07,Northwestern,Northwestern,northwestern,Yes,69,52,W,0,,,H,SOURCE_PROGRAM_HOME,Carver-Hawkeye Arena,Carver-Hawkeye Arena,Iowa City,IA,,,REGULAR_SEASON,,"Iowa 2025-26 media guide, Year-by-Year Scores","3/7		 Northwestern W, 69-52",resolved,,,,,
2672,IOWARAW-02673,iowa,2025-26_media_guide_year_by_year,2014-2015,2015,2015-03-12,Penn State,Penn State,penn-state,Yes,58,67,L,0,,,vs.,NEUTRAL,United Center,United Center,Chicago,IL,Big Ten Tournament,,CONFERENCE_TOURNAMENT,,"Iowa 2025-26 media guide, Year-by-Year Scores","3/12		 vs. Penn State (n) L, 58-67",resolved,,,,,
2673,IOWARAW-02674,iowa,2025-26_media_guide_year_by_year,2014-2015,2015,2015-03-20,Davidson,Davidson,davidson,Yes,83,52,W,0,,,vs.,NEUTRAL,KeyArena,KeyArena,Seattle,WA,NCAA Tournament,,NCAA_TOURNAMENT,R64,"Iowa 2025-26 media guide, Year-by-Year Scores","3/20		 vs. Davidson (n) W, 83-52",resolved,,,,,
2674,IOWARAW-02675,iowa,2025-26_media_guide_year_by_year,2014-2015,2015,2015-03-22,Gonzaga,Gonzaga,gonzaga,Yes,68,87,L,1,,,vs.,NEUTRAL,KeyArena,KeyArena,Seattle,WA,NCAA Tournament,,NCAA_TOURNAMENT,R32,"Iowa 2025-26 media guide, Year-by-Year Scores","3/22 --/7 vs. #7 Gonzaga (n) L, 68-87",resolved,,,,,
2675,IOWARAW-02676,iowa,2025-26_media_guide_year_by_year,2015-2016,2016,2015-11-13,Gardner-Webb,Gardner-Webb,gardner-webb,Yes,76,59,W,0,,,H,SOURCE_PROGRAM_HOME,Carver-Hawkeye Arena,Carver-Hawkeye Arena,Iowa City,IA,,,REGULAR_SEASON,,"Iowa 2025-26 media guide, Year-by-Year Scores","11/13		 Gardner-Webb W, 76-59",resolved,,,,,
2676,IOWARAW-02677,iowa,2025-26_media_guide_year_by_year,2015-2016,2016,2015-11-15,Coppin State,Coppin State,coppin-state,Yes,103,68,W,0,,,H,SOURCE_PROGRAM_HOME,Carver-Hawkeye Arena,Carver-Hawkeye Arena,Iowa City,IA,,,REGULAR_SEASON,,"Iowa 2025-26 media guide, Year-by-Year Scores","11/15		 Coppin State W, 103-68",resolved,,,,,
2677,IOWARAW-02678,iowa,2025-26_media_guide_year_by_year,2015-2016,2016,2015-11-19,Marquette,Marquette,marquette,Yes,89,61,W,0,,,at,OPPONENT_HOME,,,,,,,REGULAR_SEASON,,"Iowa 2025-26 media guide, Year-by-Year Scores","11/19		 at Marquette W, 89-61",resolved,,,,,
2678,IOWARAW-02679,iowa,2025-26_media_guide_year_by_year,2015-2016,2016,2015-11-26,Dayton,Dayton,dayton,Yes,77,82,L,0,,,vs.,NEUTRAL,,,,,,,REGULAR_SEASON,,"Iowa 2025-26 media guide, Year-by-Year Scores","11/26		 vs. Dayton (n) L, 77-82",resolved,,,,,
2679,IOWARAW-02680,iowa,2025-26_media_guide_year_by_year,2015-2016,2016,2015-11-27,Notre Dame,Notre Dame,notre-dame,Yes,62,68,L,0,,,vs.,NEUTRAL,,,,,,,REGULAR_SEASON,,"Iowa 2025-26 media guide, Year-by-Year Scores","11/27 --/17 vs. Notre Dame (n) L, 62-68",resolved,,,,,
2680,IOWARAW-02681,iowa,2025-26_media_guide_year_by_year,2015-2016,2016,2015-11-29,Wichita State,Wichita State,wichita-state,Yes,84,61,W,0,,,vs.,NEUTRAL,,,,,,,REGULAR_SEASON,,"Iowa 2025-26 media guide, Year-by-Year Scores","11/29 --/20 vs.Wichita State (n) W, 84-61",resolved,,,,,
2681,IOWARAW-02682,iowa,2025-26_media_guide_year_by_year,2015-2016,2016,2015-12-02,Florida State,Florida State,florida-state,Yes,78,75,W,1,,,H,SOURCE_PROGRAM_HOME,Carver-Hawkeye Arena,Carver-Hawkeye Arena,Iowa City,IA,,,REGULAR_SEASON,,"Iowa 2025-26 media guide, Year-by-Year Scores","12/2		 Florida State# W, 78-75",resolved,,,,,
2682,IOWARAW-02683,iowa,2025-26_media_guide_year_by_year,2015-2016,2016,2015-12-05,UMKC,Kansas City,kansas-city,Yes,96,75,W,0,,,H,SOURCE_PROGRAM_HOME,Carver-Hawkeye Arena,Carver-Hawkeye Arena,Iowa City,IA,,,REGULAR_SEASON,,"Iowa 2025-26 media guide, Year-by-Year Scores","12/5		 UMKC W, 96-75",resolved,,,,,
2683,IOWARAW-02684,iowa,2025-26_media_guide_year_by_year,2015-2016,2016,2015-12-07,Western Illinois,Western Illinois,western-illinois,Yes,90,56,W,0,,,H,SOURCE_PROGRAM_HOME,Carver-Hawkeye Arena,Carver-Hawkeye Arena,Iowa City,IA,,,REGULAR_SEASON,,"Iowa 2025-26 media guide, Year-by-Year Scores","12/7		 Western Illinois W, 90-56",resolved,,,,,
2684,IOWARAW-02685,iowa,2025-26_media_guide_year_by_year,2015-2016,2016,2015-12-10,Iowa State,Iowa State,iowa-state,Yes,82,83,L,0,,,at,OPPONENT_HOME,,,,,,,REGULAR_SEASON,,"Iowa 2025-26 media guide, Year-by-Year Scores","12/10 --/4 at Iowa State L, 82-83",resolved,,,,,
2685,IOWARAW-02686,iowa,2025-26_media_guide_year_by_year,2015-2016,2016,2015-12-19,Drake,Drake,drake,Yes,70,64,W,0,,,vs.,NEUTRAL,,,,,,,REGULAR_SEASON,,"Iowa 2025-26 media guide, Year-by-Year Scores","12/19		 vs. Drake (n) W, 70-64",resolved,,,,,
2686,IOWARAW-02687,iowa,2025-26_media_guide_year_by_year,2015-2016,2016,2015-12-22,Tennessee Tech,Tennessee Tech,tennessee-tech,No,85,63,W,0,,,H,SOURCE_PROGRAM_HOME,Carver-Hawkeye Arena,Carver-Hawkeye Arena,Iowa City,IA,,,REGULAR_SEASON,,"Iowa 2025-26 media guide, Year-by-Year Scores","12/22		 TennesseeTech W, 85-63",resolved,,,,,
2687,IOWARAW-02688,iowa,2025-26_media_guide_year_by_year,2015-2016,2016,2015-12-29,Michigan State,Michigan State,michigan-state,Yes,83,70,W,0,,,H,SOURCE_PROGRAM_HOME,Carver-Hawkeye Arena,Carver-Hawkeye Arena,Iowa City,IA,,,REGULAR_SEASON,,"Iowa 2025-26 media guide, Year-by-Year Scores","12/29 --/1 Michigan State W, 83-70",resolved,,,,,
2688,IOWARAW-02689,iowa,2025-26_media_guide_year_by_year,2015-2016,2016,2016-01-02,Purdue,Purdue,purdue,Yes,70,63,W,0,,,at,OPPONENT_HOME,,,,,,,REGULAR_SEASON,,"Iowa 2025-26 media guide, Year-by-Year Scores","1/2 --/14 at Purdue W, 70-63",resolved,,,,,
2689,IOWARAW-02690,iowa,2025-26_media_guide_year_by_year,2015-2016,2016,2016-01-05,Nebraska,Nebraska,nebraska,Yes,77,66,W,0,,,H,SOURCE_PROGRAM_HOME,Carver-Hawkeye Arena,Carver-Hawkeye Arena,Iowa City,IA,,,REGULAR_SEASON,,"Iowa 2025-26 media guide, Year-by-Year Scores","1/5 19/-- Nebraska W, 77-66",resolved,,,,,
2690,IOWARAW-02691,iowa,2025-26_media_guide_year_by_year,2015-2016,2016,2016-01-14,Michigan State,Michigan State,michigan-state,Yes,76,59,W,0,,,at,OPPONENT_HOME,,,,,,,REGULAR_SEASON,,"Iowa 2025-26 media guide, Year-by-Year Scores","1/14 16/4 at Michigan State W, 76-59",resolved,,,,,
2691,IOWARAW-02692,iowa,2025-26_media_guide_year_by_year,2015-2016,2016,2016-01-17,Michigan,Michigan,michigan,Yes,82,71,W,0,,,H,SOURCE_PROGRAM_HOME,Carver-Hawkeye Arena,Carver-Hawkeye Arena,Iowa City,IA,,,REGULAR_SEASON,,"Iowa 2025-26 media guide, Year-by-Year Scores","1/17 16/-- Michigan W, 82-71",resolved,,,,,
2692,IOWARAW-02693,iowa,2025-26_media_guide_year_by_year,2015-2016,2016,2016-01-21,Rutgers,Rutgers,rutgers,Yes,90,76,W,0,,,at,OPPONENT_HOME,,,,,,,REGULAR_SEASON,,"Iowa 2025-26 media guide, Year-by-Year Scores","1/21 9/-- at Rutgers W, 90-76",resolved,,,,,
2693,IOWARAW-02694,iowa,2025-26_media_guide_year_by_year,2015-2016,2016,2016-01-24,Purdue,Purdue,purdue,Yes,83,71,W,0,,,H,SOURCE_PROGRAM_HOME,Carver-Hawkeye Arena,Carver-Hawkeye Arena,Iowa City,IA,,,REGULAR_SEASON,,"Iowa 2025-26 media guide, Year-by-Year Scores","1/24 9/22 Purdue W, 83-71",resolved,,,,,
2694,IOWARAW-02695,iowa,2025-26_media_guide_year_by_year,2015-2016,2016,2016-01-28,Maryland,Maryland,maryland,Yes,68,74,L,0,,,at,OPPONENT_HOME,,,,,,,REGULAR_SEASON,,"Iowa 2025-26 media guide, Year-by-Year Scores","1/28 3/8 at Maryland L, 68-74",resolved,,,,,
2695,IOWARAW-02696,iowa,2025-26_media_guide_year_by_year,2015-2016,2016,2016-01-31,Northwestern,Northwestern,northwestern,Yes,85,71,W,0,,,H,SOURCE_PROGRAM_HOME,Carver-Hawkeye Arena,Carver-Hawkeye Arena,Iowa City,IA,,,REGULAR_SEASON,,"Iowa 2025-26 media guide, Year-by-Year Scores","1/31 3/-- Northwestern W, 85-71",resolved,,,,,
2696,IOWARAW-02697,iowa,2025-26_media_guide_year_by_year,2015-2016,2016,2016-02-03,Penn State,Penn State,penn-state,Yes,73,49,W,0,,,H,SOURCE_PROGRAM_HOME,Carver-Hawkeye Arena,Carver-Hawkeye Arena,Iowa City,IA,,,REGULAR_SEASON,,"Iowa 2025-26 media guide, Year-by-Year Scores","2/3 5/-- Penn State W, 73-49",resolved,,,,,
2697,IOWARAW-02698,iowa,2025-26_media_guide_year_by_year,2015-2016,2016,2016-02-07,Illinois,Illinois,illinois,Yes,77,65,W,0,,,at,OPPONENT_HOME,,,,,,,REGULAR_SEASON,,"Iowa 2025-26 media guide, Year-by-Year Scores","2/7 5/-- at Illinois W, 77-65",resolved,,,,,
2698,IOWARAW-02699,iowa,2025-26_media_guide_year_by_year,2015-2016,2016,2016-02-11,Indiana,Indiana,indiana,Yes,78,85,L,0,,,at,OPPONENT_HOME,,,,,,,REGULAR_SEASON,,"Iowa 2025-26 media guide, Year-by-Year Scores","2/11 4/-- at Indiana L, 78-85",resolved,,,,,
2699,IOWARAW-02700,iowa,2025-26_media_guide_year_by_year,2015-2016,2016,2016-02-14,Minnesota,Minnesota,minnesota,Yes,75,71,W,0,,,H,SOURCE_PROGRAM_HOME,Carver-Hawkeye Arena,Carver-Hawkeye Arena,Iowa City,IA,,,REGULAR_SEASON,,"Iowa 2025-26 media guide, Year-by-Year Scores","2/14 4/-- Minnesota W, 75-71",resolved,,,,,
2700,IOWARAW-02701,iowa,2025-26_media_guide_year_by_year,2015-2016,2016,2016-02-17,Penn State,Penn State,penn-state,Yes,75,79,L,0,,,at,OPPONENT_HOME,,,,,,,REGULAR_SEASON,,"Iowa 2025-26 media guide, Year-by-Year Scores","2/17 4/-- at Penn State L, 75-79",resolved,,,,,
2701,IOWARAW-02702,iowa,2025-26_media_guide_year_by_year,2015-2016,2016,2016-02-24,Wisconsin,Wisconsin,wisconsin,Yes,59,67,L,0,,,H,SOURCE_PROGRAM_HOME,Carver-Hawkeye Arena,Carver-Hawkeye Arena,Iowa City,IA,,,REGULAR_SEASON,,"Iowa 2025-26 media guide, Year-by-Year Scores","2/24 8/-- Wisconsin L, 59-67",resolved,,,,,
2702,IOWARAW-02703,iowa,2025-26_media_guide_year_by_year,2015-2016,2016,2016-02-28,Ohio State,Ohio State,ohio-state,Yes,64,68,L,0,,,at,OPPONENT_HOME,,,,,,,REGULAR_SEASON,,"Iowa 2025-26 media guide, Year-by-Year Scores","2/28 8/-- at Ohio State L, 64-68",resolved,,,,,
2703,IOWARAW-02704,iowa,2025-26_media_guide_year_by_year,2015-2016,2016,2016-03-01,Indiana,Indiana,indiana,Yes,78,81,L,0,,,H,SOURCE_PROGRAM_HOME,Carver-Hawkeye Arena,Carver-Hawkeye Arena,Iowa City,IA,,,REGULAR_SEASON,,"Iowa 2025-26 media guide, Year-by-Year Scores","3/1 16/12 Indiana L, 78-81",resolved,,,,,
2704,IOWARAW-02705,iowa,2025-26_media_guide_year_by_year,2015-2016,2016,2016-03-05,Michigan,Michigan,michigan,Yes,71,61,W,0,,,at,OPPONENT_HOME,,,,,,,REGULAR_SEASON,,"Iowa 2025-26 media guide, Year-by-Year Scores","3/5 16/-- at Michigan W, 71-61",resolved,,,,,
2705,IOWARAW-02706,iowa,2025-26_media_guide_year_by_year,2015-2016,2016,2016-03-10,Illinois,Illinois,illinois,Yes,66,68,L,0,,,vs.,NEUTRAL,Gainbridge Fieldhouse,Gainbridge Fieldhouse,Indianapolis,IN,Big Ten Tournament,,CONFERENCE_TOURNAMENT,,"Iowa 2025-26 media guide, Year-by-Year Scores","3/10 20/-- vs. Illinois (n) L, 66-68",resolved,,,,,
2706,IOWARAW-02707,iowa,2025-26_media_guide_year_by_year,2015-2016,2016,2016-03-18,Temple,Temple,temple,No,72,70,W,1,,,vs.,NEUTRAL,Barclays Center,Barclays Center,Brooklyn,NY,NCAA Tournament,,NCAA_TOURNAMENT,R64,"Iowa 2025-26 media guide, Year-by-Year Scores","3/18 20/-- vs.Temple# (n) W, 72-70",resolved,,,,,
2707,IOWARAW-02708,iowa,2025-26_media_guide_year_by_year,2015-2016,2016,2016-03-20,Villanova,Villanova,villanova,Yes,68,87,L,0,,,vs.,NEUTRAL,Barclays Center,Barclays Center,Brooklyn,NY,NCAA Tournament,,NCAA_TOURNAMENT,R32,"Iowa 2025-26 media guide, Year-by-Year Scores","3/20 20/3 vs.Villanova (n) L, 68-87",resolved,,,,,
2708,IOWARAW-02709,iowa,2025-26_media_guide_year_by_year,2016-2017,2017,2016-11-11,Kennesaw State,Kennesaw State,kennesaw-state,Yes,91,74,W,0,,,H,SOURCE_PROGRAM_HOME,Carver-Hawkeye Arena,Carver-Hawkeye Arena,Iowa City,IA,,,REGULAR_SEASON,,"Iowa 2025-26 media guide, Year-by-Year Scores","11/11		 Kennesaw State W, 91-74",resolved,,,,,
2709,IOWARAW-02710,iowa,2025-26_media_guide_year_by_year,2016-2017,2017,2016-11-13,Savannah State,Savannah State,savannah-state,Yes,116,84,W,0,,,H,SOURCE_PROGRAM_HOME,Carver-Hawkeye Arena,Carver-Hawkeye Arena,Iowa City,IA,,,REGULAR_SEASON,,"Iowa 2025-26 media guide, Year-by-Year Scores","11/13		 Savannah State W, 116-84",resolved,,,,,
2710,IOWARAW-02711,iowa,2025-26_media_guide_year_by_year,2016-2017,2017,2016-11-17,Seton Hall,Seton Hall,seton-hall,Yes,83,91,L,0,,,H,SOURCE_PROGRAM_HOME,Carver-Hawkeye Arena,Carver-Hawkeye Arena,Iowa City,IA,,,REGULAR_SEASON,,"Iowa 2025-26 media guide, Year-by-Year Scores","11/17		 Seton Hall L, 83-91",resolved,,,,,
2711,IOWARAW-02712,iowa,2025-26_media_guide_year_by_year,2016-2017,2017,2016-11-20,UTRGV,UTRGV,utrgv,Yes,95,67,W,0,,,H,SOURCE_PROGRAM_HOME,Carver-Hawkeye Arena,Carver-Hawkeye Arena,Iowa City,IA,,,REGULAR_SEASON,,"Iowa 2025-26 media guide, Year-by-Year Scores","11/20		 UTRGV W, 95-67",resolved,,,,,
2712,IOWARAW-02713,iowa,2025-26_media_guide_year_by_year,2016-2017,2017,2016-11-25,Virginia,Virginia,virginia,Yes,41,74,L,0,,,vs.,NEUTRAL,,,,,,,REGULAR_SEASON,,"Iowa 2025-26 media guide, Year-by-Year Scores","11/25 --/7 vs.Virginia (n) L, 41-74",resolved,,,,,
2713,IOWARAW-02714,iowa,2025-26_media_guide_year_by_year,2016-2017,2017,2016-11-26,Memphis,Memphis,memphis,Yes,92,100,L,0,,,vs.,NEUTRAL,,,,,,,REGULAR_SEASON,,"Iowa 2025-26 media guide, Year-by-Year Scores","11/26		 vs. Memphis (n) L, 92-100",resolved,,,,,
2714,IOWARAW-02715,iowa,2025-26_media_guide_year_by_year,2016-2017,2017,2016-11-29,Notre Dame,Notre Dame,notre-dame,Yes,78,92,L,0,,,at,OPPONENT_HOME,,,,,,,REGULAR_SEASON,,"Iowa 2025-26 media guide, Year-by-Year Scores","11/29		 at Notre Dame L, 78-92",resolved,,,,,
2715,IOWARAW-02716,iowa,2025-26_media_guide_year_by_year,2016-2017,2017,2016-12-03,Omaha,Omaha,omaha,Yes,89,98,L,0,,,H,SOURCE_PROGRAM_HOME,Carver-Hawkeye Arena,Carver-Hawkeye Arena,Iowa City,IA,,,REGULAR_SEASON,,"Iowa 2025-26 media guide, Year-by-Year Scores","12/3		 Omaha L, 89-98",resolved,,,,,
2716,IOWARAW-02717,iowa,2025-26_media_guide_year_by_year,2016-2017,2017,2016-12-05,Stetson,Stetson,stetson,Yes,95,68,W,0,,,H,SOURCE_PROGRAM_HOME,Carver-Hawkeye Arena,Carver-Hawkeye Arena,Iowa City,IA,,,REGULAR_SEASON,,"Iowa 2025-26 media guide, Year-by-Year Scores","12/5		 Stetson W, 95-68",resolved,,,,,
2717,IOWARAW-02718,iowa,2025-26_media_guide_year_by_year,2016-2017,2017,2016-12-08,Iowa State,Iowa State,iowa-state,Yes,78,64,W,0,,,H,SOURCE_PROGRAM_HOME,Carver-Hawkeye Arena,Carver-Hawkeye Arena,Iowa City,IA,,,REGULAR_SEASON,,"Iowa 2025-26 media guide, Year-by-Year Scores","12/8 --/25 Iowa State W, 78-64",resolved,,,,,
2718,IOWARAW-02719,iowa,2025-26_media_guide_year_by_year,2016-2017,2017,2016-12-17,UNI,UNI,northern-iowa,Yes,69,46,W,0,,,vs.,NEUTRAL,,,,,,,REGULAR_SEASON,,"Iowa 2025-26 media guide, Year-by-Year Scores","12/17		 vs. UNI (n) W, 69-46",resolved,,,,,
2719,IOWARAW-02720,iowa,2025-26_media_guide_year_by_year,2016-2017,2017,2016-12-20,North Dakota,North Dakota,north-dakota,Yes,84,73,W,0,,,H,SOURCE_PROGRAM_HOME,Carver-Hawkeye Arena,Carver-Hawkeye Arena,Iowa City,IA,,,REGULAR_SEASON,,"Iowa 2025-26 media guide, Year-by-Year Scores","12/20		 North Dakota W, 84-73",resolved,,,,,
2720,IOWARAW-02721,iowa,2025-26_media_guide_year_by_year,2016-2017,2017,2016-12-22,Delaware State,Delaware State,delaware-state,Yes,89,57,W,0,,,H,SOURCE_PROGRAM_HOME,Carver-Hawkeye Arena,Carver-Hawkeye Arena,Iowa City,IA,,,REGULAR_SEASON,,"Iowa 2025-26 media guide, Year-by-Year Scores","12/22		 Delaware State W, 89-57",resolved,,,,,
2721,IOWARAW-02722,iowa,2025-26_media_guide_year_by_year,2016-2017,2017,2016-12-28,Purdue,Purdue,purdue,Yes,67,89,L,0,,,at,OPPONENT_HOME,,,,,,,REGULAR_SEASON,,"Iowa 2025-26 media guide, Year-by-Year Scores","12/28 --/15 at Purdue L, 67-89",resolved,,,,,
2722,IOWARAW-02723,iowa,2025-26_media_guide_year_by_year,2016-2017,2017,2017-01-01,Michigan,Michigan,michigan,Yes,86,83,W,1,,,H,SOURCE_PROGRAM_HOME,Carver-Hawkeye Arena,Carver-Hawkeye Arena,Iowa City,IA,,,REGULAR_SEASON,,"Iowa 2025-26 media guide, Year-by-Year Scores","1/1		 Michigan# W, 86-83",resolved,,,,,
2723,IOWARAW-02724,iowa,2025-26_media_guide_year_by_year,2016-2017,2017,2017-01-05,Nebraska,Nebraska,nebraska,Yes,90,93,L,2,,,at,OPPONENT_HOME,,,,,,,REGULAR_SEASON,,"Iowa 2025-26 media guide, Year-by-Year Scores","1/5		 at Nebraska## L, 90-93",resolved,,,,,
2724,IOWARAW-02725,iowa,2025-26_media_guide_year_by_year,2016-2017,2017,2017-01-08,Rutgers,Rutgers,rutgers,Yes,68,62,W,0,,,H,SOURCE_PROGRAM_HOME,Carver-Hawkeye Arena,Carver-Hawkeye Arena,Iowa City,IA,,,REGULAR_SEASON,,"Iowa 2025-26 media guide, Year-by-Year Scores","1/8		 Rutgers W, 68-62",resolved,,,,,
2725,IOWARAW-02726,iowa,2025-26_media_guide_year_by_year,2016-2017,2017,2017-01-12,Purdue,Purdue,purdue,Yes,83,78,W,0,,,H,SOURCE_PROGRAM_HOME,Carver-Hawkeye Arena,Carver-Hawkeye Arena,Iowa City,IA,,,REGULAR_SEASON,,"Iowa 2025-26 media guide, Year-by-Year Scores","1/12 --/17 Purdue W, 83-78",resolved,,,,,
2726,IOWARAW-02727,iowa,2025-26_media_guide_year_by_year,2016-2017,2017,2017-01-15,Northwestern,Northwestern,northwestern,Yes,54,89,L,0,,,at,OPPONENT_HOME,,,,,,,REGULAR_SEASON,,"Iowa 2025-26 media guide, Year-by-Year Scores","1/15		 at Northwestern L, 54-89",resolved,,,,,
2727,IOWARAW-02728,iowa,2025-26_media_guide_year_by_year,2016-2017,2017,2017-01-19,Maryland,Maryland,maryland,Yes,76,84,L,0,,,H,SOURCE_PROGRAM_HOME,Carver-Hawkeye Arena,Carver-Hawkeye Arena,Iowa City,IA,,,REGULAR_SEASON,,"Iowa 2025-26 media guide, Year-by-Year Scores","1/19 --/25 Maryland L, 76-84",resolved,,,,,
2728,IOWARAW-02729,iowa,2025-26_media_guide_year_by_year,2016-2017,2017,2017-01-25,Illinois,Illinois,illinois,Yes,64,76,L,0,,,at,OPPONENT_HOME,,,,,,,REGULAR_SEASON,,"Iowa 2025-26 media guide, Year-by-Year Scores","1/25		 at Illinois L, 64-76",resolved,,,,,
2729,IOWARAW-02730,iowa,2025-26_media_guide_year_by_year,2016-2017,2017,2017-01-28,Ohio State,Ohio State,ohio-state,Yes,85,72,W,0,,,H,SOURCE_PROGRAM_HOME,Carver-Hawkeye Arena,Carver-Hawkeye Arena,Iowa City,IA,,,REGULAR_SEASON,,"Iowa 2025-26 media guide, Year-by-Year Scores","1/28		 Ohio State W, 85-72",resolved,,,,,
2730,IOWARAW-02731,iowa,2025-26_media_guide_year_by_year,2016-2017,2017,2017-01-31,Rutgers,Rutgers,rutgers,Yes,83,63,W,0,,,at,OPPONENT_HOME,,,,,,,REGULAR_SEASON,,"Iowa 2025-26 media guide, Year-by-Year Scores","1/31		 at Rutgers W, 83-63",resolved,,,,,
2731,IOWARAW-02732,iowa,2025-26_media_guide_year_by_year,2016-2017,2017,2017-02-05,Nebraska,Nebraska,nebraska,Yes,81,70,W,0,,,H,SOURCE_PROGRAM_HOME,Carver-Hawkeye Arena,Carver-Hawkeye Arena,Iowa City,IA,,,REGULAR_SEASON,,"Iowa 2025-26 media guide, Year-by-Year Scores","2/5		 Nebraska W, 81-70",resolved,,,,,
2732,IOWARAW-02733,iowa,2025-26_media_guide_year_by_year,2016-2017,2017,2017-02-08,Minnesota,Minnesota,minnesota,Yes,89,101,L,2,,,at,OPPONENT_HOME,,,,,,,REGULAR_SEASON,,"Iowa 2025-26 media guide, Year-by-Year Scores","2/8		 at Minnesota## L, 89-101",resolved,,,,,
2733,IOWARAW-02734,iowa,2025-26_media_guide_year_by_year,2016-2017,2017,2017-02-11,Michigan State,Michigan State,michigan-state,Yes,66,77,L,0,,,at,OPPONENT_HOME,,,,,,,REGULAR_SEASON,,"Iowa 2025-26 media guide, Year-by-Year Scores","2/11		 at Michigan State L, 66-77",resolved,,,,,
2734,IOWARAW-02735,iowa,2025-26_media_guide_year_by_year,2016-2017,2017,2017-02-18,Illinois,Illinois,illinois,Yes,66,70,L,0,,,H,SOURCE_PROGRAM_HOME,Carver-Hawkeye Arena,Carver-Hawkeye Arena,Iowa City,IA,,,REGULAR_SEASON,,"Iowa 2025-26 media guide, Year-by-Year Scores","2/18		 Illinois L, 66-70",resolved,,,,,
2735,IOWARAW-02736,iowa,2025-26_media_guide_year_by_year,2016-2017,2017,2017-02-21,Indiana,Indiana,indiana,Yes,96,90,W,1,,,H,SOURCE_PROGRAM_HOME,Carver-Hawkeye Arena,Carver-Hawkeye Arena,Iowa City,IA,,,REGULAR_SEASON,,"Iowa 2025-26 media guide, Year-by-Year Scores","2/21		 Indiana# W, 96-90",resolved,,,,,
2736,IOWARAW-02737,iowa,2025-26_media_guide_year_by_year,2016-2017,2017,2017-02-25,Maryland,Maryland,maryland,Yes,83,69,W,0,,,at,OPPONENT_HOME,,,,,,,REGULAR_SEASON,,"Iowa 2025-26 media guide, Year-by-Year Scores","2/25 --/24 at Maryland W, 83-69",resolved,,,,,
2737,IOWARAW-02738,iowa,2025-26_media_guide_year_by_year,2016-2017,2017,2017-03-02,Wisconsin,Wisconsin,wisconsin,Yes,59,57,W,0,,,H,SOURCE_PROGRAM_HOME,Carver-Hawkeye Arena,Carver-Hawkeye Arena,Iowa City,IA,,,REGULAR_SEASON,,"Iowa 2025-26 media guide, Year-by-Year Scores","3/2 --/22 atWisconsin W, 59-57",resolved,,,,,
2738,IOWARAW-02739,iowa,2025-26_media_guide_year_by_year,2016-2017,2017,2017-03-05,Penn State,Penn State,penn-state,Yes,90,79,W,0,,,H,SOURCE_PROGRAM_HOME,Carver-Hawkeye Arena,Carver-Hawkeye Arena,Iowa City,IA,,,REGULAR_SEASON,,"Iowa 2025-26 media guide, Year-by-Year Scores","3/5		 Penn State W, 90-79",resolved,,,,,
2739,IOWARAW-02740,iowa,2025-26_media_guide_year_by_year,2016-2017,2017,2017-03-09,Indiana,Indiana,indiana,Yes,73,95,L,0,,,vs.,NEUTRAL,Capital One Arena,Capital One Arena,Washington,DC,Big Ten Tournament,,CONFERENCE_TOURNAMENT,,"Iowa 2025-26 media guide, Year-by-Year Scores","3/9		 vs. Indiana (n) L, 73-95",resolved,,,,,
2740,IOWARAW-02741,iowa,2025-26_media_guide_year_by_year,2016-2017,2017,2017-03-15,South Dakota,South Dakota,south-dakota,Yes,87,75,W,0,,,H,SOURCE_PROGRAM_HOME,Carver-Hawkeye Arena,Carver-Hawkeye Arena,Iowa City,IA,National Invitation Tournament,,NIT,,"Iowa 2025-26 media guide, Year-by-Year Scores","3/15		 South Dakota W, 87-75",resolved,,,,,
2741,IOWARAW-02742,iowa,2025-26_media_guide_year_by_year,2016-2017,2017,2017-03-19,TCU,TCU,tcu,Yes,92,94,L,1,,,H,SOURCE_PROGRAM_HOME,Carver-Hawkeye Arena,Carver-Hawkeye Arena,Iowa City,IA,National Invitation Tournament,,NIT,,"Iowa 2025-26 media guide, Year-by-Year Scores","3/19		 TCU# W, 92-94",source_typo_normalized,"Media guide raw row says W, 92-94; score and authoritative season record establish an on-court 92-94 overtime loss. Raw text preserved.",,,,
2742,IOWARAW-02743,iowa,2025-26_media_guide_year_by_year,2017-2018,2018,2017-11-10,Chicago State,Chicago State,chicago-state,Yes,95,62,W,0,,,H,SOURCE_PROGRAM_HOME,Carver-Hawkeye Arena,Carver-Hawkeye Arena,Iowa City,IA,,,REGULAR_SEASON,,"Iowa 2025-26 media guide, Year-by-Year Scores","11/10		 Chicago State W, 95-62",resolved,,,,,
2743,IOWARAW-02744,iowa,2025-26_media_guide_year_by_year,2017-2018,2018,2017-11-12,Alabama State,Alabama State,alabama-state,Yes,92,58,W,0,,,H,SOURCE_PROGRAM_HOME,Carver-Hawkeye Arena,Carver-Hawkeye Arena,Iowa City,IA,,,REGULAR_SEASON,,"Iowa 2025-26 media guide, Year-by-Year Scores","11/12		 Alabama State W, 92-58",resolved,,,,,
2744,IOWARAW-02745,iowa,2025-26_media_guide_year_by_year,2017-2018,2018,2017-11-16,Grambling State,Grambling State,grambling-state,Yes,85,74,W,0,,,H,SOURCE_PROGRAM_HOME,Carver-Hawkeye Arena,Carver-Hawkeye Arena,Iowa City,IA,,,REGULAR_SEASON,,"Iowa 2025-26 media guide, Year-by-Year Scores","11/16		 Grambling State W, 85-74",resolved,,,,,
2745,IOWARAW-02746,iowa,2025-26_media_guide_year_by_year,2017-2018,2018,2017-11-20,Louisiana,Louisiana,louisiana,Yes,71,80,L,0,,,vs.,NEUTRAL,,,,,,,REGULAR_SEASON,,"Iowa 2025-26 media guide, Year-by-Year Scores","11/20		 vs. Louisiana (n) L, 71-80",resolved,,,,,
2746,IOWARAW-02747,iowa,2025-26_media_guide_year_by_year,2017-2018,2018,2017-11-21,South Dakota State,South Dakota State,south-dakota-state,Yes,72,80,L,0,,,vs.,NEUTRAL,,,,,,,REGULAR_SEASON,,"Iowa 2025-26 media guide, Year-by-Year Scores","11/21		 vs. South Dakota State (n) L, 72-80",resolved,,,,,
2747,IOWARAW-02748,iowa,2025-26_media_guide_year_by_year,2017-2018,2018,2017-11-22,UAB,UAB,uab,Yes,95,85,W,0,,,vs.,NEUTRAL,,,,,,,REGULAR_SEASON,,"Iowa 2025-26 media guide, Year-by-Year Scores","11/22		 vs. UAB (n) W, 95-85",resolved,,,,,
2748,IOWARAW-02749,iowa,2025-26_media_guide_year_by_year,2017-2018,2018,2017-11-28,Virginia Tech,Virginia Tech,virginia-tech,No,55,79,L,0,,,H,SOURCE_PROGRAM_HOME,Carver-Hawkeye Arena,Carver-Hawkeye Arena,Iowa City,IA,,,REGULAR_SEASON,,"Iowa 2025-26 media guide, Year-by-Year Scores","11/28		 atVirginiaTech L, 55-79",resolved,,,,,
2749,IOWARAW-02750,iowa,2025-26_media_guide_year_by_year,2017-2018,2018,2017-12-02,Penn State,Penn State,penn-state,Yes,73,77,L,0,,,H,SOURCE_PROGRAM_HOME,Carver-Hawkeye Arena,Carver-Hawkeye Arena,Iowa City,IA,,,REGULAR_SEASON,,"Iowa 2025-26 media guide, Year-by-Year Scores","12/2		 Penn State L, 73-77",resolved,,,,,
2750,IOWARAW-02751,iowa,2025-26_media_guide_year_by_year,2017-2018,2018,2017-12-04,Indiana,Indiana,indiana,Yes,64,77,L,0,,,at,OPPONENT_HOME,,,,,,,REGULAR_SEASON,,"Iowa 2025-26 media guide, Year-by-Year Scores","12/4		 at Indiana L, 64-77",resolved,,,,,
2751,IOWARAW-02752,iowa,2025-26_media_guide_year_by_year,2017-2018,2018,2017-12-07,Iowa State,Iowa State,iowa-state,Yes,78,84,L,0,,,at,OPPONENT_HOME,,,,,,,REGULAR_SEASON,,"Iowa 2025-26 media guide, Year-by-Year Scores","12/7		 at Iowa State L, 78-84",resolved,,,,,
2752,IOWARAW-02753,iowa,2025-26_media_guide_year_by_year,2017-2018,2018,2017-12-10,Southern,Southern,southern,Yes,91,60,W,0,,,H,SOURCE_PROGRAM_HOME,Carver-Hawkeye Arena,Carver-Hawkeye Arena,Iowa City,IA,,,REGULAR_SEASON,,"Iowa 2025-26 media guide, Year-by-Year Scores","12/10		 Southern W, 91-60",resolved,,,,,
2753,IOWARAW-02754,iowa,2025-26_media_guide_year_by_year,2017-2018,2018,2017-12-16,Drake,Drake,drake,Yes,90,64,W,0,,,vs.,NEUTRAL,,,,,,,REGULAR_SEASON,,"Iowa 2025-26 media guide, Year-by-Year Scores","12/16		 vs. Drake (n) W, 90-64",resolved,,,,,
2754,IOWARAW-02755,iowa,2025-26_media_guide_year_by_year,2017-2018,2018,2017-12-19,Southern Utah,Southern Utah,southern-utah,Yes,82,64,W,0,,,H,SOURCE_PROGRAM_HOME,Carver-Hawkeye Arena,Carver-Hawkeye Arena,Iowa City,IA,,,REGULAR_SEASON,,"Iowa 2025-26 media guide, Year-by-Year Scores","12/19		 Southern Utah W, 82-64",resolved,,,,,
2755,IOWARAW-02756,iowa,2025-26_media_guide_year_by_year,2017-2018,2018,2017-12-22,Colorado,Colorado,colorado,Yes,80,73,W,0,,,vs.,NEUTRAL,,,,,,,REGULAR_SEASON,,"Iowa 2025-26 media guide, Year-by-Year Scores","12/22		 vs. Colorado W, 80-73",resolved,,,,,
2756,IOWARAW-02757,iowa,2025-26_media_guide_year_by_year,2017-2018,2018,2017-12-29,Northern Illinois,Northern Illinois,northern-illinois,Yes,98,75,W,0,,,H,SOURCE_PROGRAM_HOME,Carver-Hawkeye Arena,Carver-Hawkeye Arena,Iowa City,IA,,,REGULAR_SEASON,,"Iowa 2025-26 media guide, Year-by-Year Scores","12/29		 Northern Illinois W, 98-75",resolved,,,,,
2757,IOWARAW-02758,iowa,2025-26_media_guide_year_by_year,2017-2018,2018,2018-01-02,Michigan,Michigan,michigan,Yes,68,75,L,0,,,H,SOURCE_PROGRAM_HOME,Carver-Hawkeye Arena,Carver-Hawkeye Arena,Iowa City,IA,,,REGULAR_SEASON,,"Iowa 2025-26 media guide, Year-by-Year Scores","1/2		 Michigan L, 68-75",resolved,,,,,
2758,IOWARAW-02759,iowa,2025-26_media_guide_year_by_year,2017-2018,2018,2018-01-04,Ohio State,Ohio State,ohio-state,Yes,81,92,L,0,,,H,SOURCE_PROGRAM_HOME,Carver-Hawkeye Arena,Carver-Hawkeye Arena,Iowa City,IA,,,REGULAR_SEASON,,"Iowa 2025-26 media guide, Year-by-Year Scores","1/4		 Ohio State L, 81-92",resolved,,,,,
2759,IOWARAW-02760,iowa,2025-26_media_guide_year_by_year,2017-2018,2018,2018-01-07,Maryland,Maryland,maryland,Yes,73,91,L,0,,,at,OPPONENT_HOME,,,,,,,REGULAR_SEASON,,"Iowa 2025-26 media guide, Year-by-Year Scores","1/7		 at Maryland L, 73-91",resolved,,,,,
2760,IOWARAW-02761,iowa,2025-26_media_guide_year_by_year,2017-2018,2018,2018-01-11,Illinois,Illinois,illinois,Yes,104,97,W,1,,,at,OPPONENT_HOME,,,,,,,REGULAR_SEASON,,"Iowa 2025-26 media guide, Year-by-Year Scores","1/11		 at Illinois# W, 104-97",resolved,,,,,
2761,IOWARAW-02762,iowa,2025-26_media_guide_year_by_year,2017-2018,2018,2018-01-17,Rutgers,Rutgers,rutgers,Yes,64,80,L,0,,,at,OPPONENT_HOME,,,,,,,REGULAR_SEASON,,"Iowa 2025-26 media guide, Year-by-Year Scores","1/17		 at Rutgers L, 64-80",resolved,,,,,
2762,IOWARAW-02763,iowa,2025-26_media_guide_year_by_year,2017-2018,2018,2018-01-20,Purdue,Purdue,purdue,Yes,64,87,L,0,,,H,SOURCE_PROGRAM_HOME,Carver-Hawkeye Arena,Carver-Hawkeye Arena,Iowa City,IA,,,REGULAR_SEASON,,"Iowa 2025-26 media guide, Year-by-Year Scores","1/20 --/3 Purdue L, 64-87",resolved,,,,,
2763,IOWARAW-02764,iowa,2025-26_media_guide_year_by_year,2017-2018,2018,2018-01-23,Wisconsin,Wisconsin,wisconsin,Yes,85,67,W,0,,,H,SOURCE_PROGRAM_HOME,Carver-Hawkeye Arena,Carver-Hawkeye Arena,Iowa City,IA,,,REGULAR_SEASON,,"Iowa 2025-26 media guide, Year-by-Year Scores","1/23		 Wisconsin W, 85-67",resolved,,,,,
2764,IOWARAW-02765,iowa,2025-26_media_guide_year_by_year,2017-2018,2018,2018-01-27,Nebraska,Nebraska,nebraska,Yes,84,98,L,0,,,at,OPPONENT_HOME,,,,,,,REGULAR_SEASON,,"Iowa 2025-26 media guide, Year-by-Year Scores","1/27		 at Nebraska L, 84-98",resolved,,,,,
2765,IOWARAW-02766,iowa,2025-26_media_guide_year_by_year,2017-2018,2018,2018-01-30,Minnesota,Minnesota,minnesota,Yes,94,80,W,0,,,H,SOURCE_PROGRAM_HOME,Carver-Hawkeye Arena,Carver-Hawkeye Arena,Iowa City,IA,,,REGULAR_SEASON,,"Iowa 2025-26 media guide, Year-by-Year Scores","1/30		 Minnesota W, 94-80",resolved,,,,,
2766,IOWARAW-02767,iowa,2025-26_media_guide_year_by_year,2017-2018,2018,2018-02-03,Penn State,Penn State,penn-state,Yes,58,82,L,0,,,at,OPPONENT_HOME,,,,,,,REGULAR_SEASON,,"Iowa 2025-26 media guide, Year-by-Year Scores","2/3		 at Penn State L, 58-82",resolved,,,,,
2767,IOWARAW-02768,iowa,2025-26_media_guide_year_by_year,2017-2018,2018,2018-02-06,Michigan State,Michigan State,michigan-state,Yes,93,96,L,0,,,H,SOURCE_PROGRAM_HOME,Carver-Hawkeye Arena,Carver-Hawkeye Arena,Iowa City,IA,,,REGULAR_SEASON,,"Iowa 2025-26 media guide, Year-by-Year Scores","2/6 --/4 Michigan State L, 93-96",resolved,,,,,
2768,IOWARAW-02769,iowa,2025-26_media_guide_year_by_year,2017-2018,2018,2018-02-10,Ohio State,Ohio State,ohio-state,Yes,64,82,L,0,,,at,OPPONENT_HOME,,,,,,,REGULAR_SEASON,,"Iowa 2025-26 media guide, Year-by-Year Scores","2/10 --/14 at Ohio State L, 64-82",resolved,,,,,
2769,IOWARAW-02770,iowa,2025-26_media_guide_year_by_year,2017-2018,2018,2018-02-14,Michigan,Michigan,michigan,Yes,59,74,L,0,,,at,OPPONENT_HOME,,,,,,,REGULAR_SEASON,,"Iowa 2025-26 media guide, Year-by-Year Scores","2/14 --/22 at Michigan L, 59-74",resolved,,,,,
2770,IOWARAW-02771,iowa,2025-26_media_guide_year_by_year,2017-2018,2018,2018-02-17,Indiana,Indiana,indiana,Yes,82,84,L,0,,,H,SOURCE_PROGRAM_HOME,Carver-Hawkeye Arena,Carver-Hawkeye Arena,Iowa City,IA,,,REGULAR_SEASON,,"Iowa 2025-26 media guide, Year-by-Year Scores","2/17		 Indiana L, 82-84",resolved,,,,,
2771,IOWARAW-02772,iowa,2025-26_media_guide_year_by_year,2017-2018,2018,2018-02-21,Minnesota,Minnesota,minnesota,Yes,82,86,L,0,,,at,OPPONENT_HOME,,,,,,,REGULAR_SEASON,,"Iowa 2025-26 media guide, Year-by-Year Scores","2/21		 at Minnesota L, 82-86",resolved,,,,,
2772,IOWARAW-02773,iowa,2025-26_media_guide_year_by_year,2017-2018,2018,2018-02-25,Northwestern,Northwestern,northwestern,Yes,77,70,W,0,,,H,SOURCE_PROGRAM_HOME,Carver-Hawkeye Arena,Carver-Hawkeye Arena,Iowa City,IA,,,REGULAR_SEASON,,"Iowa 2025-26 media guide, Year-by-Year Scores","2/25		 Northwestern W, 77-70",resolved,,,,,
2773,IOWARAW-02774,iowa,2025-26_media_guide_year_by_year,2017-2018,2018,2018-02-28,Illinois,Illinois,illinois,Yes,96,87,W,0,,,vs.,NEUTRAL,Madison Square Garden,Madison Square Garden,New York,NY,Big Ten Tournament,,CONFERENCE_TOURNAMENT,,"Iowa 2025-26 media guide, Year-by-Year Scores","2/28		 vs. Illinois (n) W, 96-87",resolved,,,,,
2774,IOWARAW-02775,iowa,2025-26_media_guide_year_by_year,2017-2018,2018,2018-03-01,Michigan,Michigan,michigan,Yes,71,77,L,1,,,vs.,NEUTRAL,Madison Square Garden,Madison Square Garden,New York,NY,Big Ten Tournament,,CONFERENCE_TOURNAMENT,,"Iowa 2025-26 media guide, Year-by-Year Scores","3/1 --/15 vs. Michigan# (n) L, 71-77",resolved,,,,,
2775,IOWARAW-02776,iowa,2025-26_media_guide_year_by_year,2018-2019,2019,2018-11-08,UMKC,Kansas City,kansas-city,Yes,77,63,W,0,,,H,SOURCE_PROGRAM_HOME,Carver-Hawkeye Arena,Carver-Hawkeye Arena,Iowa City,IA,,,REGULAR_SEASON,,"Iowa 2025-26 media guide, Year-by-Year Scores","11/8		 UMKC W, 77-63",resolved,,,,,
2776,IOWARAW-02777,iowa,2025-26_media_guide_year_by_year,2018-2019,2019,2018-11-11,Green Bay,Green Bay,green-bay,Yes,93,82,W,0,,,H,SOURCE_PROGRAM_HOME,Carver-Hawkeye Arena,Carver-Hawkeye Arena,Iowa City,IA,,,REGULAR_SEASON,,"Iowa 2025-26 media guide, Year-by-Year Scores","11/11		 Green Bay W, 93-82",resolved,,,,,
2777,IOWARAW-02778,iowa,2025-26_media_guide_year_by_year,2018-2019,2019,2018-11-15,Oregon,Oregon,oregon,Yes,77,69,W,0,,,vs.,NEUTRAL,,,,,,,REGULAR_SEASON,,"Iowa 2025-26 media guide, Year-by-Year Scores","11/15 --/13 vs. Oregon (n) W, 77-69",resolved,,,,,
2778,IOWARAW-02779,iowa,2025-26_media_guide_year_by_year,2018-2019,2019,2018-11-16,Connecticut,Connecticut,connecticut,Yes,91,72,W,0,,,vs.,NEUTRAL,,,,,,,REGULAR_SEASON,,"Iowa 2025-26 media guide, Year-by-Year Scores","11/16		 vs. Connecticut (n) W, 91-72",resolved,,,,,
2779,IOWARAW-02780,iowa,2025-26_media_guide_year_by_year,2018-2019,2019,2018-11-21,Alabama State,Alabama State,alabama-state,Yes,105,78,W,0,,,H,SOURCE_PROGRAM_HOME,Carver-Hawkeye Arena,Carver-Hawkeye Arena,Iowa City,IA,,,REGULAR_SEASON,,"Iowa 2025-26 media guide, Year-by-Year Scores","11/21 20/-- Alabama State W, 105-78",resolved,,,,,
2780,IOWARAW-02781,iowa,2025-26_media_guide_year_by_year,2018-2019,2019,2018-11-27,Pittsburgh,Pittsburgh,pittsburgh,Yes,69,68,W,0,,,H,SOURCE_PROGRAM_HOME,Carver-Hawkeye Arena,Carver-Hawkeye Arena,Iowa City,IA,,,REGULAR_SEASON,,"Iowa 2025-26 media guide, Year-by-Year Scores","11/27 14/-- Pittsburgh W, 69-68",resolved,,,,,
2781,IOWARAW-02782,iowa,2025-26_media_guide_year_by_year,2018-2019,2019,2018-11-30,Wisconsin,Wisconsin,wisconsin,Yes,66,72,L,0,,,H,SOURCE_PROGRAM_HOME,Carver-Hawkeye Arena,Carver-Hawkeye Arena,Iowa City,IA,,,REGULAR_SEASON,,"Iowa 2025-26 media guide, Year-by-Year Scores","11/30 14/22 Wisconsin L, 66-72",resolved,,,,,
2782,IOWARAW-02783,iowa,2025-26_media_guide_year_by_year,2018-2019,2019,2018-12-03,Michigan State,Michigan State,michigan-state,Yes,68,90,L,0,,,at,OPPONENT_HOME,,,,,,,REGULAR_SEASON,,"Iowa 2025-26 media guide, Year-by-Year Scores","12/3 18/10 at Michigan State L, 68-90",resolved,,,,,
2783,IOWARAW-02784,iowa,2025-26_media_guide_year_by_year,2018-2019,2019,2018-12-06,Iowa State,Iowa State,iowa-state,Yes,98,84,W,0,,,H,SOURCE_PROGRAM_HOME,Carver-Hawkeye Arena,Carver-Hawkeye Arena,Iowa City,IA,,,REGULAR_SEASON,,"Iowa 2025-26 media guide, Year-by-Year Scores","12/6 18/-- Iowa State W, 98-84",resolved,,,,,
2784,IOWARAW-02785,iowa,2025-26_media_guide_year_by_year,2018-2019,2019,2018-12-15,UNI,UNI,northern-iowa,Yes,77,54,W,0,,,vs.,NEUTRAL,,,,,,,REGULAR_SEASON,,"Iowa 2025-26 media guide, Year-by-Year Scores","12/15 22/-- vs. UNI (n) W, 77-54",resolved,,,,,
2785,IOWARAW-02786,iowa,2025-26_media_guide_year_by_year,2018-2019,2019,2018-12-18,Western Carolina,Western Carolina,western-carolina,Yes,78,60,W,0,,,H,SOURCE_PROGRAM_HOME,Carver-Hawkeye Arena,Carver-Hawkeye Arena,Iowa City,IA,,,REGULAR_SEASON,,"Iowa 2025-26 media guide, Year-by-Year Scores","12/18 23/-- Western Carolina W, 78-60",resolved,,,,,
2786,IOWARAW-02787,iowa,2025-26_media_guide_year_by_year,2018-2019,2019,2018-12-22,Savannah State,Savannah State,savannah-state,Yes,110,64,W,0,,,H,SOURCE_PROGRAM_HOME,Carver-Hawkeye Arena,Carver-Hawkeye Arena,Iowa City,IA,,,REGULAR_SEASON,,"Iowa 2025-26 media guide, Year-by-Year Scores","12/22 23/-- Savannah State W, 110-64",resolved,,,,,
2787,IOWARAW-02788,iowa,2025-26_media_guide_year_by_year,2018-2019,2019,2018-12-29,Bryant,Bryant,bryant,Yes,72,67,W,0,,,H,SOURCE_PROGRAM_HOME,Carver-Hawkeye Arena,Carver-Hawkeye Arena,Iowa City,IA,,,REGULAR_SEASON,,"Iowa 2025-26 media guide, Year-by-Year Scores","12/29 24/-- Bryant W, 72-67",resolved,,,,,
2788,IOWARAW-02789,iowa,2025-26_media_guide_year_by_year,2018-2019,2019,2019-01-03,Purdue,Purdue,purdue,Yes,70,86,L,0,,,at,OPPONENT_HOME,,,,,,,REGULAR_SEASON,,"Iowa 2025-26 media guide, Year-by-Year Scores","1/3 25/-- at Purdue L, 70-86",resolved,,,,,
2789,IOWARAW-02790,iowa,2025-26_media_guide_year_by_year,2018-2019,2019,2019-01-06,Nebraska,Nebraska,nebraska,Yes,93,84,W,0,,,H,SOURCE_PROGRAM_HOME,Carver-Hawkeye Arena,Carver-Hawkeye Arena,Iowa City,IA,,,REGULAR_SEASON,,"Iowa 2025-26 media guide, Year-by-Year Scores","1/6 25/24 Nebraska W, 93-84",resolved,,,,,
2790,IOWARAW-02791,iowa,2025-26_media_guide_year_by_year,2018-2019,2019,2019-01-09,Northwestern,Northwestern,northwestern,Yes,73,63,W,0,,,at,OPPONENT_HOME,,,,,,,REGULAR_SEASON,,"Iowa 2025-26 media guide, Year-by-Year Scores","1/9		 at Northwestern W, 73-63",resolved,,,,,
2791,IOWARAW-02792,iowa,2025-26_media_guide_year_by_year,2018-2019,2019,2019-01-12,Ohio State,Ohio State,ohio-state,Yes,72,62,W,0,,,H,SOURCE_PROGRAM_HOME,Carver-Hawkeye Arena,Carver-Hawkeye Arena,Iowa City,IA,,,REGULAR_SEASON,,"Iowa 2025-26 media guide, Year-by-Year Scores","1/12 --/16 Ohio State W, 72-62",resolved,,,,,
2792,IOWARAW-02793,iowa,2025-26_media_guide_year_by_year,2018-2019,2019,2019-01-16,Penn State,Penn State,penn-state,Yes,89,82,W,0,,,at,OPPONENT_HOME,,,,,,,REGULAR_SEASON,,"Iowa 2025-26 media guide, Year-by-Year Scores","1/16 23/-- at Penn State W, 89-82",resolved,,,,,
2793,IOWARAW-02794,iowa,2025-26_media_guide_year_by_year,2018-2019,2019,2019-01-20,Illinois,Illinois,illinois,Yes,95,71,W,0,,,H,SOURCE_PROGRAM_HOME,Carver-Hawkeye Arena,Carver-Hawkeye Arena,Iowa City,IA,,,REGULAR_SEASON,,"Iowa 2025-26 media guide, Year-by-Year Scores","1/20 23/-- Illinois W, 95-71",resolved,,,,,
2794,IOWARAW-02795,iowa,2025-26_media_guide_year_by_year,2018-2019,2019,2019-01-24,Michigan State,Michigan State,michigan-state,Yes,67,82,L,0,,,H,SOURCE_PROGRAM_HOME,Carver-Hawkeye Arena,Carver-Hawkeye Arena,Iowa City,IA,,,REGULAR_SEASON,,"Iowa 2025-26 media guide, Year-by-Year Scores","1/24 19/6 Michigan State L, 67-82",resolved,,,,,
2795,IOWARAW-02796,iowa,2025-26_media_guide_year_by_year,2018-2019,2019,2019-01-27,Minnesota,Minnesota,minnesota,Yes,87,92,L,0,,,at,OPPONENT_HOME,,,,,,,REGULAR_SEASON,,"Iowa 2025-26 media guide, Year-by-Year Scores","1/27 19/-- at Minnesota L, 87-92",resolved,,,,,
2796,IOWARAW-02797,iowa,2025-26_media_guide_year_by_year,2018-2019,2019,2019-02-01,Michigan,Michigan,michigan,Yes,74,59,W,0,,,H,SOURCE_PROGRAM_HOME,Carver-Hawkeye Arena,Carver-Hawkeye Arena,Iowa City,IA,,,REGULAR_SEASON,,"Iowa 2025-26 media guide, Year-by-Year Scores","2/1 --/5 Michigan W, 74-59",resolved,,,,,
2797,IOWARAW-02798,iowa,2025-26_media_guide_year_by_year,2018-2019,2019,2019-02-07,Indiana,Indiana,indiana,Yes,77,72,W,0,,,at,OPPONENT_HOME,,,,,,,REGULAR_SEASON,,"Iowa 2025-26 media guide, Year-by-Year Scores","2/7 20/-- at Indiana W, 77-72",resolved,,,,,
2798,IOWARAW-02799,iowa,2025-26_media_guide_year_by_year,2018-2019,2019,2019-02-10,Northwestern,Northwestern,northwestern,Yes,80,79,W,0,,,H,SOURCE_PROGRAM_HOME,Carver-Hawkeye Arena,Carver-Hawkeye Arena,Iowa City,IA,,,REGULAR_SEASON,,"Iowa 2025-26 media guide, Year-by-Year Scores","2/10 20/-- Northwestern W, 80-79",resolved,,,,,
2799,IOWARAW-02800,iowa,2025-26_media_guide_year_by_year,2018-2019,2019,2019-02-16,Rutgers,Rutgers,rutgers,Yes,71,69,W,0,,,at,OPPONENT_HOME,,,,,,,REGULAR_SEASON,,"Iowa 2025-26 media guide, Year-by-Year Scores","2/16 21/-- at Rutgers W, 71-69",resolved,,,,,
2800,IOWARAW-02801,iowa,2025-26_media_guide_year_by_year,2018-2019,2019,2019-02-19,Maryland,Maryland,maryland,Yes,65,66,L,0,,,H,SOURCE_PROGRAM_HOME,Carver-Hawkeye Arena,Carver-Hawkeye Arena,Iowa City,IA,,,REGULAR_SEASON,,"Iowa 2025-26 media guide, Year-by-Year Scores","2/19 21/24 Maryland L, 65-66",resolved,,,,,
2801,IOWARAW-02802,iowa,2025-26_media_guide_year_by_year,2018-2019,2019,2019-02-22,Indiana,Indiana,indiana,Yes,76,70,W,1,,,H,SOURCE_PROGRAM_HOME,Carver-Hawkeye Arena,Carver-Hawkeye Arena,Iowa City,IA,,,REGULAR_SEASON,,"Iowa 2025-26 media guide, Year-by-Year Scores","2/22 21/-- Indiana# W, 76-70",resolved,,,,,
2802,IOWARAW-02803,iowa,2025-26_media_guide_year_by_year,2018-2019,2019,2019-02-26,Ohio State,Ohio State,ohio-state,Yes,70,90,L,0,,,at,OPPONENT_HOME,,,,,,,REGULAR_SEASON,,"Iowa 2025-26 media guide, Year-by-Year Scores","2/26 22/-- at Ohio State L, 70-90",resolved,,,,,
2803,IOWARAW-02804,iowa,2025-26_media_guide_year_by_year,2018-2019,2019,2019-03-02,Rutgers,Rutgers,rutgers,Yes,72,86,L,0,,,H,SOURCE_PROGRAM_HOME,Carver-Hawkeye Arena,Carver-Hawkeye Arena,Iowa City,IA,,,REGULAR_SEASON,,"Iowa 2025-26 media guide, Year-by-Year Scores","3/2 22/-- Rutgers L, 72-86",resolved,,,,,
2804,IOWARAW-02805,iowa,2025-26_media_guide_year_by_year,2018-2019,2019,2019-03-07,Wisconsin,Wisconsin,wisconsin,Yes,45,65,L,0,,,H,SOURCE_PROGRAM_HOME,Carver-Hawkeye Arena,Carver-Hawkeye Arena,Iowa City,IA,,,REGULAR_SEASON,,"Iowa 2025-26 media guide, Year-by-Year Scores","3/7 --/21 atWisconsin L, 45-65",resolved,,,,,
2805,IOWARAW-02806,iowa,2025-26_media_guide_year_by_year,2018-2019,2019,2019-03-10,Nebraska,Nebraska,nebraska,Yes,91,93,L,1,,,at,OPPONENT_HOME,,,,,,,REGULAR_SEASON,,"Iowa 2025-26 media guide, Year-by-Year Scores","3/10		 at Nebraska# L, 91-93",resolved,,,,,
2806,IOWARAW-02807,iowa,2025-26_media_guide_year_by_year,2018-2019,2019,2019-03-14,Illinois,Illinois,illinois,Yes,83,62,W,0,,,vs.,NEUTRAL,United Center,United Center,Chicago,IL,Big Ten Tournament,,CONFERENCE_TOURNAMENT,,"Iowa 2025-26 media guide, Year-by-Year Scores","3/14		 vs. Illinois (n) W, 83-62",resolved,,,,,
2807,IOWARAW-02808,iowa,2025-26_media_guide_year_by_year,2018-2019,2019,2019-03-15,Michigan,Michigan,michigan,Yes,53,74,L,0,,,vs.,NEUTRAL,United Center,United Center,Chicago,IL,Big Ten Tournament,,CONFERENCE_TOURNAMENT,,"Iowa 2025-26 media guide, Year-by-Year Scores","3/15 --/10 vs. Michigan (n) L, 53-74",resolved,,,,,
2808,IOWARAW-02809,iowa,2025-26_media_guide_year_by_year,2018-2019,2019,2019-03-22,Cincinnati,Cincinnati,cincinnati,Yes,79,72,W,0,,,vs.,NEUTRAL,Nationwide Arena,Nationwide Arena,Columbus,OH,NCAA Tournament,,NCAA_TOURNAMENT,R64,"Iowa 2025-26 media guide, Year-by-Year Scores","3/22 --/22 vs. Cincinnati (n) W, 79-72",resolved,,,,,
2809,IOWARAW-02810,iowa,2025-26_media_guide_year_by_year,2018-2019,2019,2019-03-24,Tennessee,Tennessee,tennessee,Yes,77,83,L,1,,,vs.,NEUTRAL,Nationwide Arena,Nationwide Arena,Columbus,OH,NCAA Tournament,,NCAA_TOURNAMENT,R32,"Iowa 2025-26 media guide, Year-by-Year Scores","3/24 --/6 vs.Tennessee# (n) L, 77-83",resolved,,,,,
2810,IOWARAW-02811,iowa,2025-26_media_guide_year_by_year,2019-2020,2020,2019-11-08,SIUE,SIUE,siue,Yes,87,60,W,0,,,H,SOURCE_PROGRAM_HOME,Carver-Hawkeye Arena,Carver-Hawkeye Arena,Iowa City,IA,,,REGULAR_SEASON,,"Iowa 2025-26 media guide, Year-by-Year Scores","11/8		 SIUE W, 87-60",resolved,,,,,
2811,IOWARAW-02812,iowa,2025-26_media_guide_year_by_year,2019-2020,2020,2019-11-11,DePaul,DePaul,depaul,Yes,78,93,L,0,,,H,SOURCE_PROGRAM_HOME,Carver-Hawkeye Arena,Carver-Hawkeye Arena,Iowa City,IA,,,REGULAR_SEASON,,"Iowa 2025-26 media guide, Year-by-Year Scores","11/11		 DePaul L, 78-93",resolved,,,,,
2812,IOWARAW-02813,iowa,2025-26_media_guide_year_by_year,2019-2020,2020,2019-11-15,Oral Roberts,Oral Roberts,oral-roberts,Yes,87,74,W,0,,,H,SOURCE_PROGRAM_HOME,Carver-Hawkeye Arena,Carver-Hawkeye Arena,Iowa City,IA,,,REGULAR_SEASON,,"Iowa 2025-26 media guide, Year-by-Year Scores","11/15		 Oral Roberts W, 87-74",resolved,,,,,
2813,IOWARAW-02814,iowa,2025-26_media_guide_year_by_year,2019-2020,2020,2019-11-21,North Florida,North Florida,north-florida,Yes,83,68,W,0,,,H,SOURCE_PROGRAM_HOME,Carver-Hawkeye Arena,Carver-Hawkeye Arena,Iowa City,IA,,,REGULAR_SEASON,,"Iowa 2025-26 media guide, Year-by-Year Scores","11/21		 North Florida W, 83-68",resolved,,,,,
2814,IOWARAW-02815,iowa,2025-26_media_guide_year_by_year,2019-2020,2020,2019-11-24,Cal Poly,Cal Poly,cal-poly,Yes,85,59,W,0,,,H,SOURCE_PROGRAM_HOME,Carver-Hawkeye Arena,Carver-Hawkeye Arena,Iowa City,IA,,,REGULAR_SEASON,,"Iowa 2025-26 media guide, Year-by-Year Scores","11/24		 Cal Poly W, 85-59",resolved,,,,,
2815,IOWARAW-02816,iowa,2025-26_media_guide_year_by_year,2019-2020,2020,2019-11-28,Texas Tech,Texas Tech,texas-tech,No,72,61,W,0,,,vs.,NEUTRAL,,,,,,,REGULAR_SEASON,,"Iowa 2025-26 media guide, Year-by-Year Scores","11/28 --/12 vs.TexasTech (n) W, 72-61",resolved,,,,,
2816,IOWARAW-02817,iowa,2025-26_media_guide_year_by_year,2019-2020,2020,2019-11-29,San Diego State,San Diego State,san-diego-state,Yes,73,83,L,0,,,vs.,NEUTRAL,,,,,,,REGULAR_SEASON,,"Iowa 2025-26 media guide, Year-by-Year Scores","11/29		 vs. San Diego State (n) L, 73-83",resolved,,,,,
2817,IOWARAW-02818,iowa,2025-26_media_guide_year_by_year,2019-2020,2020,2019-12-03,Syracuse,Syracuse,syracuse,Yes,68,54,W,0,,,at,OPPONENT_HOME,,,,,,,REGULAR_SEASON,,"Iowa 2025-26 media guide, Year-by-Year Scores","12/3		 at Syracuse W, 68-54",resolved,,,,,
2818,IOWARAW-02819,iowa,2025-26_media_guide_year_by_year,2019-2020,2020,2019-12-06,Michigan,Michigan,michigan,Yes,91,103,L,0,,,at,OPPONENT_HOME,,,,,,,REGULAR_SEASON,,"Iowa 2025-26 media guide, Year-by-Year Scores","12/6 --/4 at Michigan L, 91-103",resolved,,,,,
2819,IOWARAW-02820,iowa,2025-26_media_guide_year_by_year,2019-2020,2020,2019-12-09,Minnesota,Minnesota,minnesota,Yes,72,52,W,0,,,H,SOURCE_PROGRAM_HOME,Carver-Hawkeye Arena,Carver-Hawkeye Arena,Iowa City,IA,,,REGULAR_SEASON,,"Iowa 2025-26 media guide, Year-by-Year Scores","12/9		 Minnesota W, 72-52",resolved,,,,,
2820,IOWARAW-02821,iowa,2025-26_media_guide_year_by_year,2019-2020,2020,2019-12-12,Iowa State,Iowa State,iowa-state,Yes,84,68,W,0,,,at,OPPONENT_HOME,,,,,,,REGULAR_SEASON,,"Iowa 2025-26 media guide, Year-by-Year Scores","12/12		 at Iowa State W, 84-68",resolved,,,,,
2821,IOWARAW-02822,iowa,2025-26_media_guide_year_by_year,2019-2020,2020,2019-12-21,Cincinnati,Cincinnati,cincinnati,Yes,77,70,W,0,,,vs.,NEUTRAL,,,,,,,REGULAR_SEASON,,"Iowa 2025-26 media guide, Year-by-Year Scores","12/21		 vs. Cincinnati (n) W, 77-70",resolved,,,,,
2822,IOWARAW-02823,iowa,2025-26_media_guide_year_by_year,2019-2020,2020,2019-12-29,Kennesaw State,Kennesaw State,kennesaw-state,Yes,93,51,W,0,,,H,SOURCE_PROGRAM_HOME,Carver-Hawkeye Arena,Carver-Hawkeye Arena,Iowa City,IA,,,REGULAR_SEASON,,"Iowa 2025-26 media guide, Year-by-Year Scores","12/29 25/-- Kennesaw State W, 93-51",resolved,,,,,
2823,IOWARAW-02824,iowa,2025-26_media_guide_year_by_year,2019-2020,2020,2020-01-04,Penn State,Penn State,penn-state,Yes,86,89,L,0,,,vs.,NEUTRAL,,,,,,,REGULAR_SEASON,,"Iowa 2025-26 media guide, Year-by-Year Scores","1/4 23/21 vs. Penn State (n) L, 86-89",resolved,,,,,
2824,IOWARAW-02825,iowa,2025-26_media_guide_year_by_year,2019-2020,2020,2020-01-07,Nebraska,Nebraska,nebraska,Yes,70,76,L,0,,,at,OPPONENT_HOME,,,,,,,REGULAR_SEASON,,"Iowa 2025-26 media guide, Year-by-Year Scores","1/7		 at Nebraska L, 70-76",resolved,,,,,
2825,IOWARAW-02826,iowa,2025-26_media_guide_year_by_year,2019-2020,2020,2020-01-10,Maryland,Maryland,maryland,Yes,67,49,W,0,,,H,SOURCE_PROGRAM_HOME,Carver-Hawkeye Arena,Carver-Hawkeye Arena,Iowa City,IA,,,REGULAR_SEASON,,"Iowa 2025-26 media guide, Year-by-Year Scores","1/10 --/12 Maryland W, 67-49",resolved,,,,,
2826,IOWARAW-02827,iowa,2025-26_media_guide_year_by_year,2019-2020,2020,2020-01-14,Northwestern,Northwestern,northwestern,Yes,75,62,W,0,,,at,OPPONENT_HOME,,,,,,,REGULAR_SEASON,,"Iowa 2025-26 media guide, Year-by-Year Scores","1/14		 at Northwestern W, 75-62",resolved,,,,,
2827,IOWARAW-02828,iowa,2025-26_media_guide_year_by_year,2019-2020,2020,2020-01-17,Michigan,Michigan,michigan,Yes,90,83,W,0,,,H,SOURCE_PROGRAM_HOME,Carver-Hawkeye Arena,Carver-Hawkeye Arena,Iowa City,IA,,,REGULAR_SEASON,,"Iowa 2025-26 media guide, Year-by-Year Scores","1/17 --/19 Michigan W, 90-83",resolved,,,,,
2828,IOWARAW-02829,iowa,2025-26_media_guide_year_by_year,2019-2020,2020,2020-01-22,Rutgers,Rutgers,rutgers,Yes,85,80,W,0,,,H,SOURCE_PROGRAM_HOME,Carver-Hawkeye Arena,Carver-Hawkeye Arena,Iowa City,IA,,,REGULAR_SEASON,,"Iowa 2025-26 media guide, Year-by-Year Scores","1/22 19/24 Rutgers W, 85-80",resolved,,,,,
2829,IOWARAW-02830,iowa,2025-26_media_guide_year_by_year,2019-2020,2020,2020-01-27,Wisconsin,Wisconsin,wisconsin,Yes,68,62,W,0,,,H,SOURCE_PROGRAM_HOME,Carver-Hawkeye Arena,Carver-Hawkeye Arena,Iowa City,IA,,,REGULAR_SEASON,,"Iowa 2025-26 media guide, Year-by-Year Scores","1/27 19/-- Wisconsin W, 68-62",resolved,,,,,
2830,IOWARAW-02831,iowa,2025-26_media_guide_year_by_year,2019-2020,2020,2020-01-30,Maryland,Maryland,maryland,Yes,72,82,L,0,,,at,OPPONENT_HOME,,,,,,,REGULAR_SEASON,,"Iowa 2025-26 media guide, Year-by-Year Scores","1/30 18/15 at Maryland L, 72-82",resolved,,,,,
2831,IOWARAW-02832,iowa,2025-26_media_guide_year_by_year,2019-2020,2020,2020-02-02,Illinois,Illinois,illinois,Yes,72,65,W,0,,,H,SOURCE_PROGRAM_HOME,Carver-Hawkeye Arena,Carver-Hawkeye Arena,Iowa City,IA,,,REGULAR_SEASON,,"Iowa 2025-26 media guide, Year-by-Year Scores","2/2 18/19 Illinois W, 72-65",resolved,,,,,
2832,IOWARAW-02833,iowa,2025-26_media_guide_year_by_year,2019-2020,2020,2020-02-05,Purdue,Purdue,purdue,Yes,68,104,L,0,,,at,OPPONENT_HOME,,,,,,,REGULAR_SEASON,,"Iowa 2025-26 media guide, Year-by-Year Scores","2/5 17/-- at Purdue L, 68-104",resolved,,,,,
2833,IOWARAW-02834,iowa,2025-26_media_guide_year_by_year,2019-2020,2020,2020-02-08,Nebraska,Nebraska,nebraska,Yes,96,72,W,0,,,H,SOURCE_PROGRAM_HOME,Carver-Hawkeye Arena,Carver-Hawkeye Arena,Iowa City,IA,,,REGULAR_SEASON,,"Iowa 2025-26 media guide, Year-by-Year Scores","2/8 --/17 Nebraska W, 96-72",resolved,,,,,
2834,IOWARAW-02835,iowa,2025-26_media_guide_year_by_year,2019-2020,2020,2020-02-13,Indiana,Indiana,indiana,Yes,77,89,L,0,,,at,OPPONENT_HOME,,,,,,,REGULAR_SEASON,,"Iowa 2025-26 media guide, Year-by-Year Scores","2/13 21/-- at Indiana L, 77-89",resolved,,,,,
2835,IOWARAW-02836,iowa,2025-26_media_guide_year_by_year,2019-2020,2020,2020-02-16,Minnesota,Minnesota,minnesota,Yes,58,55,W,0,,,at,OPPONENT_HOME,,,,,,,REGULAR_SEASON,,"Iowa 2025-26 media guide, Year-by-Year Scores","2/16 21/-- at Minnesota W, 58-55",resolved,,,,,
2836,IOWARAW-02837,iowa,2025-26_media_guide_year_by_year,2019-2020,2020,2020-02-20,Ohio State,Ohio State,ohio-state,Yes,85,76,W,0,,,H,SOURCE_PROGRAM_HOME,Carver-Hawkeye Arena,Carver-Hawkeye Arena,Iowa City,IA,,,REGULAR_SEASON,,"Iowa 2025-26 media guide, Year-by-Year Scores","2/20 20/25 Ohio State W, 85-76",resolved,,,,,
2837,IOWARAW-02838,iowa,2025-26_media_guide_year_by_year,2019-2020,2020,2020-02-24,Michigan State,Michigan State,michigan-state,Yes,70,78,L,0,,,at,OPPONENT_HOME,,,,,,,REGULAR_SEASON,,"Iowa 2025-26 media guide, Year-by-Year Scores","2/24 18/24 at Michigan State L, 70-78",resolved,,,,,
2838,IOWARAW-02839,iowa,2025-26_media_guide_year_by_year,2019-2020,2020,2020-02-29,Penn State,Penn State,penn-state,Yes,77,68,W,0,,,H,SOURCE_PROGRAM_HOME,Carver-Hawkeye Arena,Carver-Hawkeye Arena,Iowa City,IA,,,REGULAR_SEASON,,"Iowa 2025-26 media guide, Year-by-Year Scores","2/29 18/16 Penn State W, 77-68",resolved,,,,,
2839,IOWARAW-02840,iowa,2025-26_media_guide_year_by_year,2019-2020,2020,2020-03-03,Purdue,Purdue,purdue,Yes,68,77,L,0,,,H,SOURCE_PROGRAM_HOME,Carver-Hawkeye Arena,Carver-Hawkeye Arena,Iowa City,IA,,,REGULAR_SEASON,,"Iowa 2025-26 media guide, Year-by-Year Scores","3/3 18/-- Purdue L, 68-77",resolved,,,,,
2840,IOWARAW-02841,iowa,2025-26_media_guide_year_by_year,2019-2020,2020,2020-03-08,Illinois,Illinois,illinois,Yes,76,78,L,0,,,at,OPPONENT_HOME,,,,,,,REGULAR_SEASON,,"Iowa 2025-26 media guide, Year-by-Year Scores","3/8 18/23 at Illinois L, 76-78",resolved,,,,,
2841,IOWARAW-02842,iowa,2025-26_media_guide_year_by_year,2020-2021,2021,2020-11-25,N.C. Central,NC Central,nc-central,Yes,97,67,W,0,,,H,SOURCE_PROGRAM_HOME,Carver-Hawkeye Arena,Carver-Hawkeye Arena,Iowa City,IA,,,REGULAR_SEASON,,"Iowa 2025-26 media guide, Year-by-Year Scores","11/25 6/-- N.C. Central W, 97-67",resolved,,,,,
2842,IOWARAW-02843,iowa,2025-26_media_guide_year_by_year,2020-2021,2021,2020-11-27,Southern University,Southern,southern,Yes,103,76,W,0,,,H,SOURCE_PROGRAM_HOME,Carver-Hawkeye Arena,Carver-Hawkeye Arena,Iowa City,IA,,,REGULAR_SEASON,,"Iowa 2025-26 media guide, Year-by-Year Scores","11/27 6/-- Southern University W, 103-76",resolved,,,,,
2843,IOWARAW-02844,iowa,2025-26_media_guide_year_by_year,2020-2021,2021,2020-12-03,Western Illinois,Western Illinois,western-illinois,Yes,99,58,W,0,,,H,SOURCE_PROGRAM_HOME,Carver-Hawkeye Arena,Carver-Hawkeye Arena,Iowa City,IA,,,REGULAR_SEASON,,"Iowa 2025-26 media guide, Year-by-Year Scores","12/3 3/-- Western Illinois W, 99-58",resolved,,,,,
2844,IOWARAW-02845,iowa,2025-26_media_guide_year_by_year,2020-2021,2021,2020-12-08,North Carolina,North Carolina,north-carolina,Yes,93,80,W,0,,,H,SOURCE_PROGRAM_HOME,Carver-Hawkeye Arena,Carver-Hawkeye Arena,Iowa City,IA,,,REGULAR_SEASON,,"Iowa 2025-26 media guide, Year-by-Year Scores","12/8 3/16 North Carolina W, 93-80",resolved,,,,,
2845,IOWARAW-02846,iowa,2025-26_media_guide_year_by_year,2020-2021,2021,2020-12-11,Iowa State,Iowa State,iowa-state,Yes,105,77,W,0,,,H,SOURCE_PROGRAM_HOME,Carver-Hawkeye Arena,Carver-Hawkeye Arena,Iowa City,IA,,,REGULAR_SEASON,,"Iowa 2025-26 media guide, Year-by-Year Scores","12/11 3/-- Iowa State W, 105-77",resolved,,,,,
2846,IOWARAW-02847,iowa,2025-26_media_guide_year_by_year,2020-2021,2021,2020-12-13,Northern Illinois,Northern Illinois,northern-illinois,Yes,106,53,W,0,,,H,SOURCE_PROGRAM_HOME,Carver-Hawkeye Arena,Carver-Hawkeye Arena,Iowa City,IA,,,REGULAR_SEASON,,"Iowa 2025-26 media guide, Year-by-Year Scores","12/13 3/-- Northern Illinois W, 106-53",resolved,,,,,
2847,IOWARAW-02848,iowa,2025-26_media_guide_year_by_year,2020-2021,2021,2020-12-19,Gonzaga,Gonzaga,gonzaga,Yes,88,99,L,0,,,H,SOURCE_PROGRAM_HOME,Carver-Hawkeye Arena,Carver-Hawkeye Arena,Iowa City,IA,,,REGULAR_SEASON,,"Iowa 2025-26 media guide, Year-by-Year Scores","12/19 3/1 Gonzaga (n) L, 88-99",resolved,,,,,
2848,IOWARAW-02849,iowa,2025-26_media_guide_year_by_year,2020-2021,2021,2020-12-22,Purdue,Purdue,purdue,Yes,70,55,W,0,,,H,SOURCE_PROGRAM_HOME,Carver-Hawkeye Arena,Carver-Hawkeye Arena,Iowa City,IA,,,REGULAR_SEASON,,"Iowa 2025-26 media guide, Year-by-Year Scores","12/22 4/-- Purdue W, 70-55",resolved,,,,,
2849,IOWARAW-02850,iowa,2025-26_media_guide_year_by_year,2020-2021,2021,2020-12-25,Minnesota,Minnesota,minnesota,Yes,95,102,L,1,,,at,OPPONENT_HOME,,,,,,,REGULAR_SEASON,,"Iowa 2025-26 media guide, Year-by-Year Scores","12/25 4/-- at Minnesota# L, 95-102",resolved,,,,,
2850,IOWARAW-02851,iowa,2025-26_media_guide_year_by_year,2020-2021,2021,2020-12-29,Northwestern,Northwestern,northwestern,Yes,87,72,W,0,,,H,SOURCE_PROGRAM_HOME,Carver-Hawkeye Arena,Carver-Hawkeye Arena,Iowa City,IA,,,REGULAR_SEASON,,"Iowa 2025-26 media guide, Year-by-Year Scores","12/29 10/19 Northwestern W, 87-72",resolved,,,,,
2851,IOWARAW-02852,iowa,2025-26_media_guide_year_by_year,2020-2021,2021,2021-01-02,Rutgers,Rutgers,rutgers,Yes,77,75,W,0,,,at,OPPONENT_HOME,,,,,,,REGULAR_SEASON,,"Iowa 2025-26 media guide, Year-by-Year Scores","1/2 10/14 at Rutgers W, 77-75",resolved,,,,,
2852,IOWARAW-02853,iowa,2025-26_media_guide_year_by_year,2020-2021,2021,2021-01-07,Maryland,Maryland,maryland,Yes,89,67,W,0,,,at,OPPONENT_HOME,,,,,,,REGULAR_SEASON,,"Iowa 2025-26 media guide, Year-by-Year Scores","1/7 5/-- at Maryland W, 89-67",resolved,,,,,
2853,IOWARAW-02854,iowa,2025-26_media_guide_year_by_year,2020-2021,2021,2021-01-10,Minnesota,Minnesota,minnesota,Yes,86,71,W,0,,,H,SOURCE_PROGRAM_HOME,Carver-Hawkeye Arena,Carver-Hawkeye Arena,Iowa City,IA,,,REGULAR_SEASON,,"Iowa 2025-26 media guide, Year-by-Year Scores","1/10 5/16 Minnesota W, 86-71",resolved,,,,,
2854,IOWARAW-02855,iowa,2025-26_media_guide_year_by_year,2020-2021,2021,2021-01-17,Northwestern,Northwestern,northwestern,Yes,96,73,W,0,,,at,OPPONENT_HOME,,,,,,,REGULAR_SEASON,,"Iowa 2025-26 media guide, Year-by-Year Scores","1/17 5/-- at Northwestern W, 96-73",resolved,,,,,
2855,IOWARAW-02856,iowa,2025-26_media_guide_year_by_year,2020-2021,2021,2021-01-21,Indiana,Indiana,indiana,Yes,69,81,L,0,,,H,SOURCE_PROGRAM_HOME,Carver-Hawkeye Arena,Carver-Hawkeye Arena,Iowa City,IA,,,REGULAR_SEASON,,"Iowa 2025-26 media guide, Year-by-Year Scores","1/21 4/-- Indiana L, 69-81",resolved,,,,,
2856,IOWARAW-02857,iowa,2025-26_media_guide_year_by_year,2020-2021,2021,2021-01-29,Illinois,Illinois,illinois,Yes,75,80,L,0,,,at,OPPONENT_HOME,,,,,,,REGULAR_SEASON,,"Iowa 2025-26 media guide, Year-by-Year Scores","1/29 7/19 at Illinois L, 75-80",resolved,,,,,
2857,IOWARAW-02858,iowa,2025-26_media_guide_year_by_year,2020-2021,2021,2021-02-02,Michigan State,Michigan State,michigan-state,Yes,84,78,W,0,,,H,SOURCE_PROGRAM_HOME,Carver-Hawkeye Arena,Carver-Hawkeye Arena,Iowa City,IA,,,REGULAR_SEASON,,"Iowa 2025-26 media guide, Year-by-Year Scores","2/2 8/-- Michigan State W, 84-78",resolved,,,,,
2858,IOWARAW-02859,iowa,2025-26_media_guide_year_by_year,2020-2021,2021,2021-02-04,Ohio State,Ohio State,ohio-state,Yes,85,89,L,0,,,H,SOURCE_PROGRAM_HOME,Carver-Hawkeye Arena,Carver-Hawkeye Arena,Iowa City,IA,,,REGULAR_SEASON,,"Iowa 2025-26 media guide, Year-by-Year Scores","2/4 8/7 Ohio State L, 85-89",resolved,,,,,
2859,IOWARAW-02860,iowa,2025-26_media_guide_year_by_year,2020-2021,2021,2021-02-07,Indiana,Indiana,indiana,Yes,65,67,L,0,,,at,OPPONENT_HOME,,,,,,,REGULAR_SEASON,,"Iowa 2025-26 media guide, Year-by-Year Scores","2/7 8/-- at Indiana L, 65-67",resolved,,,,,
2860,IOWARAW-02861,iowa,2025-26_media_guide_year_by_year,2020-2021,2021,2021-02-10,Rutgers,Rutgers,rutgers,Yes,79,66,W,0,,,H,SOURCE_PROGRAM_HOME,Carver-Hawkeye Arena,Carver-Hawkeye Arena,Iowa City,IA,,,REGULAR_SEASON,,"Iowa 2025-26 media guide, Year-by-Year Scores","2/10 15/25 Rutgers W, 79-66",resolved,,,,,
2861,IOWARAW-02862,iowa,2025-26_media_guide_year_by_year,2020-2021,2021,2021-02-13,Michigan State,Michigan State,michigan-state,Yes,88,58,W,0,,,at,OPPONENT_HOME,,,,,,,REGULAR_SEASON,,"Iowa 2025-26 media guide, Year-by-Year Scores","2/13 15/-- at Michigan State W, 88-58",resolved,,,,,
2862,IOWARAW-02863,iowa,2025-26_media_guide_year_by_year,2020-2021,2021,2021-02-18,Wisconsin,Wisconsin,wisconsin,Yes,77,62,W,0,,,H,SOURCE_PROGRAM_HOME,Carver-Hawkeye Arena,Carver-Hawkeye Arena,Iowa City,IA,,,REGULAR_SEASON,,"Iowa 2025-26 media guide, Year-by-Year Scores","2/18 11/21 atWisconsin W, 77-62",resolved,,,,,
2863,IOWARAW-02864,iowa,2025-26_media_guide_year_by_year,2020-2021,2021,2021-02-21,Penn State,Penn State,penn-state,Yes,74,68,W,0,,,H,SOURCE_PROGRAM_HOME,Carver-Hawkeye Arena,Carver-Hawkeye Arena,Iowa City,IA,,,REGULAR_SEASON,,"Iowa 2025-26 media guide, Year-by-Year Scores","2/21 11/-- Penn State W, 74-68",resolved,,,,,
2864,IOWARAW-02865,iowa,2025-26_media_guide_year_by_year,2020-2021,2021,2021-02-25,Michigan,Michigan,michigan,Yes,57,79,L,0,,,at,OPPONENT_HOME,,,,,,,REGULAR_SEASON,,"Iowa 2025-26 media guide, Year-by-Year Scores","2/25 9/3 at Michigan L, 57-79",resolved,,,,,
2865,IOWARAW-02866,iowa,2025-26_media_guide_year_by_year,2020-2021,2021,2021-02-28,Ohio State,Ohio State,ohio-state,Yes,73,57,W,0,,,at,OPPONENT_HOME,,,,,,,REGULAR_SEASON,,"Iowa 2025-26 media guide, Year-by-Year Scores","2/28 9/4 at Ohio State W, 73-57",resolved,,,,,
2866,IOWARAW-02867,iowa,2025-26_media_guide_year_by_year,2020-2021,2021,2021-03-04,Nebraska,Nebraska,nebraska,Yes,102,64,W,0,,,H,SOURCE_PROGRAM_HOME,Carver-Hawkeye Arena,Carver-Hawkeye Arena,Iowa City,IA,,,REGULAR_SEASON,,"Iowa 2025-26 media guide, Year-by-Year Scores","3/4 5/-- Nebraska W, 102-64",resolved,,,,,
2867,IOWARAW-02868,iowa,2025-26_media_guide_year_by_year,2020-2021,2021,2021-03-07,Wisconsin,Wisconsin,wisconsin,Yes,77,73,W,0,,,H,SOURCE_PROGRAM_HOME,Carver-Hawkeye Arena,Carver-Hawkeye Arena,Iowa City,IA,,,REGULAR_SEASON,,"Iowa 2025-26 media guide, Year-by-Year Scores","3/7 5/25 Wisconsin W, 77-73",resolved,,,,,
2868,IOWARAW-02869,iowa,2025-26_media_guide_year_by_year,2020-2021,2021,2021-03-12,Wisconsin,Wisconsin,wisconsin,Yes,62,57,W,0,,,vs.,NEUTRAL,Lucas Oil Stadium,Lucas Oil Stadium,Indianapolis,IN,Big Ten Tournament,,CONFERENCE_TOURNAMENT,,"Iowa 2025-26 media guide, Year-by-Year Scores","3/12 5/-- vs.Wisconsin (n) W, 62-57",resolved,,,,,
2869,IOWARAW-02870,iowa,2025-26_media_guide_year_by_year,2020-2021,2021,2021-03-13,Illinois,Illinois,illinois,Yes,71,82,L,0,,,vs.,NEUTRAL,Lucas Oil Stadium,Lucas Oil Stadium,Indianapolis,IN,Big Ten Tournament,,CONFERENCE_TOURNAMENT,,"Iowa 2025-26 media guide, Year-by-Year Scores","3/13 5/3 vs. Illinois (n) L, 71-82",resolved,,,,,
2870,IOWARAW-02871,iowa,2025-26_media_guide_year_by_year,2020-2021,2021,2021-03-20,Grand Canyon,Grand Canyon,grand-canyon,Yes,86,74,W,0,,,vs.,NEUTRAL,Indiana Farmers Coliseum,Indiana Farmers Coliseum,Indianapolis,IN,NCAA Tournament,,NCAA_TOURNAMENT,R64,"Iowa 2025-26 media guide, Year-by-Year Scores","3/20 5/-- vs. Grand Canyon (n) W, 86-74",resolved,,,,,
2871,IOWARAW-02872,iowa,2025-26_media_guide_year_by_year,2020-2021,2021,2021-03-22,Oregon,Oregon,oregon,Yes,80,95,L,0,,,vs.,NEUTRAL,Gainbridge Fieldhouse,Gainbridge Fieldhouse,Indianapolis,IN,NCAA Tournament,,NCAA_TOURNAMENT,R32,"Iowa 2025-26 media guide, Year-by-Year Scores","3/22 5/-- vs. Oregon (n) L, 80-95",resolved,,,,,
2872,IOWARAW-02873,iowa,2025-26_media_guide_year_by_year,2021-2022,2022,2021-11-09,Longwood,Longwood,longwood,Yes,106,73,W,0,,,H,SOURCE_PROGRAM_HOME,Carver-Hawkeye Arena,Carver-Hawkeye Arena,Iowa City,IA,,,REGULAR_SEASON,,"Iowa 2025-26 media guide, Year-by-Year Scores","11/9		 Longwood W, 106-73",resolved,,,,,
2873,IOWARAW-02874,iowa,2025-26_media_guide_year_by_year,2021-2022,2022,2021-11-12,Kansas City,Kansas City,kansas-city,Yes,89,57,W,0,,,H,SOURCE_PROGRAM_HOME,Carver-Hawkeye Arena,Carver-Hawkeye Arena,Iowa City,IA,,,REGULAR_SEASON,,"Iowa 2025-26 media guide, Year-by-Year Scores","11/12		 Kansas City W, 89-57",resolved,,,,,
2874,IOWARAW-02875,iowa,2025-26_media_guide_year_by_year,2021-2022,2022,2021-11-16,N.C. Central,NC Central,nc-central,Yes,86,69,W,0,,,H,SOURCE_PROGRAM_HOME,Carver-Hawkeye Arena,Carver-Hawkeye Arena,Iowa City,IA,,,REGULAR_SEASON,,"Iowa 2025-26 media guide, Year-by-Year Scores","11/16		 N.C. Central W, 86-69",resolved,,,,,
2875,IOWARAW-02876,iowa,2025-26_media_guide_year_by_year,2021-2022,2022,2021-11-18,Alabama State,Alabama State,alabama-state,Yes,108,82,W,0,,,H,SOURCE_PROGRAM_HOME,Carver-Hawkeye Arena,Carver-Hawkeye Arena,Iowa City,IA,,,REGULAR_SEASON,,"Iowa 2025-26 media guide, Year-by-Year Scores","11/18		 Alabama State W, 108-82",resolved,,,,,
2876,IOWARAW-02877,iowa,2025-26_media_guide_year_by_year,2021-2022,2022,2021-11-22,Western Michigan,Western Michigan,western-michigan,Yes,109,61,W,0,,,H,SOURCE_PROGRAM_HOME,Carver-Hawkeye Arena,Carver-Hawkeye Arena,Iowa City,IA,,,REGULAR_SEASON,,"Iowa 2025-26 media guide, Year-by-Year Scores","11/22		 Western Michigan W, 109-61",resolved,,,,,
2877,IOWARAW-02878,iowa,2025-26_media_guide_year_by_year,2021-2022,2022,2021-11-26,Portland State,Portland State,portland-state,Yes,85,51,W,0,,,H,SOURCE_PROGRAM_HOME,Carver-Hawkeye Arena,Carver-Hawkeye Arena,Iowa City,IA,,,REGULAR_SEASON,,"Iowa 2025-26 media guide, Year-by-Year Scores","11/26		 Portland State W, 85-51",resolved,,,,,
2878,IOWARAW-02879,iowa,2025-26_media_guide_year_by_year,2021-2022,2022,2021-11-29,Virginia,Virginia,virginia,Yes,75,74,W,0,,,H,SOURCE_PROGRAM_HOME,Carver-Hawkeye Arena,Carver-Hawkeye Arena,Iowa City,IA,,,REGULAR_SEASON,,"Iowa 2025-26 media guide, Year-by-Year Scores","11/29 --/-- atVirginia W, 75-74",resolved,,,,,
2879,IOWARAW-02880,iowa,2025-26_media_guide_year_by_year,2021-2022,2022,2021-12-03,Purdue,Purdue,purdue,Yes,70,77,L,0,,,at,OPPONENT_HOME,,,,,,,REGULAR_SEASON,,"Iowa 2025-26 media guide, Year-by-Year Scores","12/3 --/2 at Purdue L, 70-77",resolved,,,,,
2880,IOWARAW-02881,iowa,2025-26_media_guide_year_by_year,2021-2022,2022,2021-12-06,Illinois,Illinois,illinois,Yes,83,87,L,0,,,H,SOURCE_PROGRAM_HOME,Carver-Hawkeye Arena,Carver-Hawkeye Arena,Iowa City,IA,,,REGULAR_SEASON,,"Iowa 2025-26 media guide, Year-by-Year Scores","12/6		 Illinois L, 83-87",resolved,,,,,
2881,IOWARAW-02882,iowa,2025-26_media_guide_year_by_year,2021-2022,2022,2021-12-09,Iowa State,Iowa State,iowa-state,Yes,53,73,L,0,,,at,OPPONENT_HOME,,,,,,,REGULAR_SEASON,,"Iowa 2025-26 media guide, Year-by-Year Scores","12/9 --/17 at Iowa State L, 53-73",resolved,,,,,
2882,IOWARAW-02883,iowa,2025-26_media_guide_year_by_year,2021-2022,2022,2021-12-18,Utah State,Utah State,utah-state,Yes,94,75,W,0,,,vs.,NEUTRAL,,,,,,,REGULAR_SEASON,,"Iowa 2025-26 media guide, Year-by-Year Scores","12/18		 vs. Utah State (n) W, 94-75",resolved,,,,,
2883,IOWARAW-02884,iowa,2025-26_media_guide_year_by_year,2021-2022,2022,2021-12-21,Southeastern Louisiana,Southeastern Louisiana,southeastern-louisiana,Yes,93,62,W,0,,,H,SOURCE_PROGRAM_HOME,Carver-Hawkeye Arena,Carver-Hawkeye Arena,Iowa City,IA,,,REGULAR_SEASON,,"Iowa 2025-26 media guide, Year-by-Year Scores","12/21		 Southeastern Louisiana W, 93-62",resolved,,,,,
2884,IOWARAW-02885,iowa,2025-26_media_guide_year_by_year,2021-2022,2022,2021-12-29,Western Illinois,Western Illinois,western-illinois,Yes,92,71,W,0,,,H,SOURCE_PROGRAM_HOME,Carver-Hawkeye Arena,Carver-Hawkeye Arena,Iowa City,IA,,,REGULAR_SEASON,,"Iowa 2025-26 media guide, Year-by-Year Scores","12/29		 Western Illinois W, 92-71",resolved,,,,,
2885,IOWARAW-02886,iowa,2025-26_media_guide_year_by_year,2021-2022,2022,2022-01-03,Maryland,Maryland,maryland,Yes,80,75,W,0,,,H,SOURCE_PROGRAM_HOME,Carver-Hawkeye Arena,Carver-Hawkeye Arena,Iowa City,IA,,,REGULAR_SEASON,,"Iowa 2025-26 media guide, Year-by-Year Scores","1/3		 Maryland W, 80-75",resolved,,,,,
2886,IOWARAW-02887,iowa,2025-26_media_guide_year_by_year,2021-2022,2022,2022-01-06,Wisconsin,Wisconsin,wisconsin,Yes,78,87,L,0,,,H,SOURCE_PROGRAM_HOME,Carver-Hawkeye Arena,Carver-Hawkeye Arena,Iowa City,IA,,,REGULAR_SEASON,,"Iowa 2025-26 media guide, Year-by-Year Scores","1/6 --/23 atWisconsin L, 78-87",resolved,,,,,
2887,IOWARAW-02888,iowa,2025-26_media_guide_year_by_year,2021-2022,2022,2022-01-13,Indiana,Indiana,indiana,Yes,83,74,W,0,,,H,SOURCE_PROGRAM_HOME,Carver-Hawkeye Arena,Carver-Hawkeye Arena,Iowa City,IA,,,REGULAR_SEASON,,"Iowa 2025-26 media guide, Year-by-Year Scores","1/13		 Indiana W, 83-74",resolved,,,,,
2888,IOWARAW-02889,iowa,2025-26_media_guide_year_by_year,2021-2022,2022,2022-01-16,Minnesota,Minnesota,minnesota,Yes,81,71,W,0,,,at,OPPONENT_HOME,,,,,,,REGULAR_SEASON,,"Iowa 2025-26 media guide, Year-by-Year Scores","1/16		 at Minnesota W, 81-71",resolved,,,,,
2889,IOWARAW-02890,iowa,2025-26_media_guide_year_by_year,2021-2022,2022,2022-01-19,Rutgers,Rutgers,rutgers,Yes,46,48,L,0,,,at,OPPONENT_HOME,,,,,,,REGULAR_SEASON,,"Iowa 2025-26 media guide, Year-by-Year Scores","1/19		 at Rutgers L, 46-48",resolved,,,,,
2890,IOWARAW-02891,iowa,2025-26_media_guide_year_by_year,2021-2022,2022,2022-01-22,Penn State,Penn State,penn-state,Yes,68,51,W,0,,,H,SOURCE_PROGRAM_HOME,Carver-Hawkeye Arena,Carver-Hawkeye Arena,Iowa City,IA,,,REGULAR_SEASON,,"Iowa 2025-26 media guide, Year-by-Year Scores","1/22		 Penn State W, 68-51",resolved,,,,,
2891,IOWARAW-02892,iowa,2025-26_media_guide_year_by_year,2021-2022,2022,2022-01-27,Purdue,Purdue,purdue,Yes,73,83,L,0,,,H,SOURCE_PROGRAM_HOME,Carver-Hawkeye Arena,Carver-Hawkeye Arena,Iowa City,IA,,,REGULAR_SEASON,,"Iowa 2025-26 media guide, Year-by-Year Scores","1/27 --/6 Purdue L, 73-83",resolved,,,,,
2892,IOWARAW-02893,iowa,2025-26_media_guide_year_by_year,2021-2022,2022,2022-01-31,Penn State,Penn State,penn-state,Yes,86,90,L,2,,,at,OPPONENT_HOME,,,,,,,REGULAR_SEASON,,"Iowa 2025-26 media guide, Year-by-Year Scores","1/31		 at Penn State## L, 86-90",resolved,,,,,
2893,IOWARAW-02894,iowa,2025-26_media_guide_year_by_year,2021-2022,2022,2022-02-06,Minnesota,Minnesota,minnesota,Yes,71,59,W,0,,,H,SOURCE_PROGRAM_HOME,Carver-Hawkeye Arena,Carver-Hawkeye Arena,Iowa City,IA,,,REGULAR_SEASON,,"Iowa 2025-26 media guide, Year-by-Year Scores","2/6		 Minnesota W, 71-59",resolved,,,,,
2894,IOWARAW-02895,iowa,2025-26_media_guide_year_by_year,2021-2022,2022,2022-02-10,Maryland,Maryland,maryland,Yes,110,87,W,0,,,at,OPPONENT_HOME,,,,,,,REGULAR_SEASON,,"Iowa 2025-26 media guide, Year-by-Year Scores","2/10		 at Maryland W, 110-87",resolved,,,,,
2895,IOWARAW-02896,iowa,2025-26_media_guide_year_by_year,2021-2022,2022,2022-02-13,Nebraska,Nebraska,nebraska,Yes,98,75,W,0,,,H,SOURCE_PROGRAM_HOME,Carver-Hawkeye Arena,Carver-Hawkeye Arena,Iowa City,IA,,,REGULAR_SEASON,,"Iowa 2025-26 media guide, Year-by-Year Scores","2/13		 Nebraska W, 98-75",resolved,,,,,
2896,IOWARAW-02897,iowa,2025-26_media_guide_year_by_year,2021-2022,2022,2022-02-17,Michigan,Michigan,michigan,Yes,79,84,L,0,,,H,SOURCE_PROGRAM_HOME,Carver-Hawkeye Arena,Carver-Hawkeye Arena,Iowa City,IA,,,REGULAR_SEASON,,"Iowa 2025-26 media guide, Year-by-Year Scores","2/17		 Michigan L, 79-84",resolved,,,,,
2897,IOWARAW-02898,iowa,2025-26_media_guide_year_by_year,2021-2022,2022,2022-02-19,Ohio State,Ohio State,ohio-state,Yes,75,62,W,0,,,at,OPPONENT_HOME,,,,,,,REGULAR_SEASON,,"Iowa 2025-26 media guide, Year-by-Year Scores","2/19 --/18 at Ohio State W, 75-62",resolved,,,,,
2898,IOWARAW-02899,iowa,2025-26_media_guide_year_by_year,2021-2022,2022,2022-02-22,Michigan State,Michigan State,michigan-state,Yes,86,60,W,0,,,H,SOURCE_PROGRAM_HOME,Carver-Hawkeye Arena,Carver-Hawkeye Arena,Iowa City,IA,,,REGULAR_SEASON,,"Iowa 2025-26 media guide, Year-by-Year Scores","2/22 25/-- Michigan State W, 86-60",resolved,,,,,
2899,IOWARAW-02900,iowa,2025-26_media_guide_year_by_year,2021-2022,2022,2022-02-25,Nebraska,Nebraska,nebraska,Yes,88,78,W,0,,,at,OPPONENT_HOME,,,,,,,REGULAR_SEASON,,"Iowa 2025-26 media guide, Year-by-Year Scores","2/25 25/-- at Nebraska W, 88-78",resolved,,,,,
2900,IOWARAW-02901,iowa,2025-26_media_guide_year_by_year,2021-2022,2022,2022-02-28,Northwestern,Northwestern,northwestern,Yes,82,61,W,0,,,H,SOURCE_PROGRAM_HOME,Carver-Hawkeye Arena,Carver-Hawkeye Arena,Iowa City,IA,,,REGULAR_SEASON,,"Iowa 2025-26 media guide, Year-by-Year Scores","2/28 24/-- Northwestern W, 82-61",resolved,,,,,
2901,IOWARAW-02902,iowa,2025-26_media_guide_year_by_year,2021-2022,2022,2022-03-03,Michigan,Michigan,michigan,Yes,82,71,W,0,,,at,OPPONENT_HOME,,,,,,,REGULAR_SEASON,,"Iowa 2025-26 media guide, Year-by-Year Scores","3/3 24/-- at Michigan W, 82-71",resolved,,,,,
2902,IOWARAW-02903,iowa,2025-26_media_guide_year_by_year,2021-2022,2022,2022-03-06,Illinois,Illinois,illinois,Yes,72,74,L,0,,,at,OPPONENT_HOME,,,,,,,REGULAR_SEASON,,"Iowa 2025-26 media guide, Year-by-Year Scores","3/6 24/20 at Illinois L, 72-74",resolved,,,,,
2903,IOWARAW-02904,iowa,2025-26_media_guide_year_by_year,2021-2022,2022,2022-03-10,Northwestern,Northwestern,northwestern,Yes,112,76,W,0,,,vs.,NEUTRAL,Gainbridge Fieldhouse,Gainbridge Fieldhouse,Indianapolis,IN,Big Ten Tournament,,CONFERENCE_TOURNAMENT,,"Iowa 2025-26 media guide, Year-by-Year Scores","3/10 24/-- vs. Northwestern (n) W, 112-76",resolved,,,,,
2904,IOWARAW-02905,iowa,2025-26_media_guide_year_by_year,2021-2022,2022,2022-03-11,Rutgers,Rutgers,rutgers,Yes,84,74,W,0,,,vs.,NEUTRAL,Gainbridge Fieldhouse,Gainbridge Fieldhouse,Indianapolis,IN,Big Ten Tournament,,CONFERENCE_TOURNAMENT,,"Iowa 2025-26 media guide, Year-by-Year Scores","3/11 24/-- vs. Rutgers (n) W, 84-74",resolved,,,,,
2905,IOWARAW-02906,iowa,2025-26_media_guide_year_by_year,2021-2022,2022,2022-03-12,Indiana,Indiana,indiana,Yes,80,77,W,0,,,vs.,NEUTRAL,Gainbridge Fieldhouse,Gainbridge Fieldhouse,Indianapolis,IN,Big Ten Tournament,,CONFERENCE_TOURNAMENT,,"Iowa 2025-26 media guide, Year-by-Year Scores","3/12 24/-- vs. Indiana (n) W, 80-77",resolved,,,,,
2906,IOWARAW-02907,iowa,2025-26_media_guide_year_by_year,2021-2022,2022,2022-03-13,Purdue,Purdue,purdue,Yes,75,66,W,0,,,vs.,NEUTRAL,Gainbridge Fieldhouse,Gainbridge Fieldhouse,Indianapolis,IN,Big Ten Tournament,,CONFERENCE_TOURNAMENT,Championship,"Iowa 2025-26 media guide, Year-by-Year Scores","3/13 24/9 vs. Purdue (n) W, 75-66",resolved,,,,,
2907,IOWARAW-02908,iowa,2025-26_media_guide_year_by_year,2021-2022,2022,2022-03-17,Richmond,Richmond,richmond,No,63,67,L,0,,,vs.,NEUTRAL,KeyBank Center,KeyBank Center,Buffalo,NY,NCAA Tournament,,NCAA_TOURNAMENT,R64,"Iowa 2025-26 media guide, Year-by-Year Scores","3/17 16/-- vs. Richmond (n) L, 63-67",resolved,,,,,
2908,IOWARAW-02909,iowa,2025-26_media_guide_year_by_year,2022-2023,2023,2022-11-07,Bethune-Cookman,Bethune-Cookman,bethune-cookman,Yes,89,58,W,0,,,H,SOURCE_PROGRAM_HOME,Carver-Hawkeye Arena,Carver-Hawkeye Arena,Iowa City,IA,,,REGULAR_SEASON,,"Iowa 2025-26 media guide, Year-by-Year Scores","11/7		 Bethune-Cookman W, 89-58",resolved,,,,,
2909,IOWARAW-02910,iowa,2025-26_media_guide_year_by_year,2022-2023,2023,2022-11-11,North Carolina A&T,North Carolina A&T,north-carolina-a-a-m-t,Yes,112,71,W,0,,,H,SOURCE_PROGRAM_HOME,Carver-Hawkeye Arena,Carver-Hawkeye Arena,Iowa City,IA,,,REGULAR_SEASON,,"Iowa 2025-26 media guide, Year-by-Year Scores","11/11		 North Carolina A&T W, 112-71",resolved,,,,,
2910,IOWARAW-02911,iowa,2025-26_media_guide_year_by_year,2022-2023,2023,2022-11-16,Seton Hall,Seton Hall,seton-hall,Yes,83,67,W,0,,,at,OPPONENT_HOME,,,,,,,REGULAR_SEASON,,"Iowa 2025-26 media guide, Year-by-Year Scores","11/16		 at Seton Hall W, 83-67",resolved,,,,,
2911,IOWARAW-02912,iowa,2025-26_media_guide_year_by_year,2022-2023,2023,2022-11-21,Omaha,Omaha,omaha,Yes,100,64,W,0,,,H,SOURCE_PROGRAM_HOME,Carver-Hawkeye Arena,Carver-Hawkeye Arena,Iowa City,IA,,,REGULAR_SEASON,,"Iowa 2025-26 media guide, Year-by-Year Scores","11/21 25/-- Omaha W, 100-64",resolved,,,,,
2912,IOWARAW-02913,iowa,2025-26_media_guide_year_by_year,2022-2023,2023,2022-11-25,Clemson,Clemson,clemson,Yes,74,71,W,0,,,vs.,NEUTRAL,,,,,,,REGULAR_SEASON,,"Iowa 2025-26 media guide, Year-by-Year Scores","11/25 25/-- vs. Clemson (n) W, 74-71",resolved,,,,,
2913,IOWARAW-02914,iowa,2025-26_media_guide_year_by_year,2022-2023,2023,2022-11-26,TCU,TCU,tcu,Yes,66,79,L,0,,,vs.,NEUTRAL,,,,,,,REGULAR_SEASON,,"Iowa 2025-26 media guide, Year-by-Year Scores","11/26 25/-- vs.TCU (n) L, 66-79",resolved,,,,,
2914,IOWARAW-02915,iowa,2025-26_media_guide_year_by_year,2022-2023,2023,2022-11-29,Georgia Tech,Georgia Tech,georgia-tech,No,81,65,W,0,,,H,SOURCE_PROGRAM_HOME,Carver-Hawkeye Arena,Carver-Hawkeye Arena,Iowa City,IA,,,REGULAR_SEASON,,"Iowa 2025-26 media guide, Year-by-Year Scores","11/29		 GeorgiaTech W, 81-65",resolved,,,,,
2915,IOWARAW-02916,iowa,2025-26_media_guide_year_by_year,2022-2023,2023,2022-12-06,Duke,Duke,duke,Yes,62,74,L,0,,,vs.,NEUTRAL,,,,,,,REGULAR_SEASON,,"Iowa 2025-26 media guide, Year-by-Year Scores","12/6 --/15 vs. Duke (n) L, 62-74",resolved,,,,,
2916,IOWARAW-02917,iowa,2025-26_media_guide_year_by_year,2022-2023,2023,2022-12-08,Iowa State,Iowa State,iowa-state,Yes,75,56,W,0,,,H,SOURCE_PROGRAM_HOME,Carver-Hawkeye Arena,Carver-Hawkeye Arena,Iowa City,IA,,,REGULAR_SEASON,,"Iowa 2025-26 media guide, Year-by-Year Scores","12/8 --/20 Iowa State W, 75-56",resolved,,,,,
2917,IOWARAW-02918,iowa,2025-26_media_guide_year_by_year,2022-2023,2023,2022-12-11,Wisconsin,Wisconsin,wisconsin,Yes,75,78,L,1,,,H,SOURCE_PROGRAM_HOME,Carver-Hawkeye Arena,Carver-Hawkeye Arena,Iowa City,IA,,,REGULAR_SEASON,,"Iowa 2025-26 media guide, Year-by-Year Scores","12/11		 Wisconsin# L, 75-78",resolved,,,,,
2918,IOWARAW-02919,iowa,2025-26_media_guide_year_by_year,2022-2023,2023,2022-12-17,Southeast Missouri State,Southeast Missouri State,southeast-missouri-state,Yes,106,75,W,0,,,H,SOURCE_PROGRAM_HOME,Carver-Hawkeye Arena,Carver-Hawkeye Arena,Iowa City,IA,,,REGULAR_SEASON,,"Iowa 2025-26 media guide, Year-by-Year Scores","12/17		 Southeast Missouri State W, 106-75",resolved,,,,,
2919,IOWARAW-02920,iowa,2025-26_media_guide_year_by_year,2022-2023,2023,2022-12-21,Eastern Illinois,Eastern Illinois,eastern-illinois,Yes,83,92,L,0,,,H,SOURCE_PROGRAM_HOME,Carver-Hawkeye Arena,Carver-Hawkeye Arena,Iowa City,IA,,,REGULAR_SEASON,,"Iowa 2025-26 media guide, Year-by-Year Scores","12/21		 Eastern Illinois L, 83-92",resolved,,,,,
2920,IOWARAW-02921,iowa,2025-26_media_guide_year_by_year,2022-2023,2023,2022-12-29,Nebraska,Nebraska,nebraska,Yes,50,66,L,0,,,at,OPPONENT_HOME,,,,,,,REGULAR_SEASON,,"Iowa 2025-26 media guide, Year-by-Year Scores","12/29		 at Nebraska L, 50-66",resolved,,,,,
2921,IOWARAW-02922,iowa,2025-26_media_guide_year_by_year,2022-2023,2023,2023-01-01,Penn State,Penn State,penn-state,Yes,79,83,L,0,,,at,OPPONENT_HOME,,,,,,,REGULAR_SEASON,,"Iowa 2025-26 media guide, Year-by-Year Scores","1/1		 at Penn State L, 79-83",resolved,,,,,
2922,IOWARAW-02923,iowa,2025-26_media_guide_year_by_year,2022-2023,2023,2023-01-05,Indiana,Indiana,indiana,Yes,91,89,W,0,,,H,SOURCE_PROGRAM_HOME,Carver-Hawkeye Arena,Carver-Hawkeye Arena,Iowa City,IA,,,REGULAR_SEASON,,"Iowa 2025-26 media guide, Year-by-Year Scores","1/5 --/15 Indiana W, 91-89",resolved,,,,,
2923,IOWARAW-02924,iowa,2025-26_media_guide_year_by_year,2022-2023,2023,2023-01-08,Rutgers,Rutgers,rutgers,Yes,76,65,W,0,,,at,OPPONENT_HOME,,,,,,,REGULAR_SEASON,,"Iowa 2025-26 media guide, Year-by-Year Scores","1/8		 at Rutgers W, 76-65",resolved,,,,,
2924,IOWARAW-02925,iowa,2025-26_media_guide_year_by_year,2022-2023,2023,2023-01-12,Michigan,Michigan,michigan,Yes,93,84,W,1,,,H,SOURCE_PROGRAM_HOME,Carver-Hawkeye Arena,Carver-Hawkeye Arena,Iowa City,IA,,,REGULAR_SEASON,,"Iowa 2025-26 media guide, Year-by-Year Scores","1/12		 Michigan# W, 93-84",resolved,,,,,
2925,IOWARAW-02926,iowa,2025-26_media_guide_year_by_year,2022-2023,2023,2023-01-15,Maryland,Maryland,maryland,Yes,81,67,W,0,,,H,SOURCE_PROGRAM_HOME,Carver-Hawkeye Arena,Carver-Hawkeye Arena,Iowa City,IA,,,REGULAR_SEASON,,"Iowa 2025-26 media guide, Year-by-Year Scores","1/15		 Maryland W, 81-67",resolved,,,,,
2926,IOWARAW-02927,iowa,2025-26_media_guide_year_by_year,2022-2023,2023,2023-01-21,Ohio State,Ohio State,ohio-state,Yes,77,93,L,0,,,at,OPPONENT_HOME,,,,,,,REGULAR_SEASON,,"Iowa 2025-26 media guide, Year-by-Year Scores","1/21		 at Ohio State L, 77-93",resolved,,,,,
2927,IOWARAW-02928,iowa,2025-26_media_guide_year_by_year,2022-2023,2023,2023-01-26,Michigan State,Michigan State,michigan-state,Yes,61,63,L,0,,,at,OPPONENT_HOME,,,,,,,REGULAR_SEASON,,"Iowa 2025-26 media guide, Year-by-Year Scores","1/26		 at Michigan State L, 61-63",resolved,,,,,
2928,IOWARAW-02929,iowa,2025-26_media_guide_year_by_year,2022-2023,2023,2023-01-29,Rutgers,Rutgers,rutgers,Yes,93,82,W,0,,,H,SOURCE_PROGRAM_HOME,Carver-Hawkeye Arena,Carver-Hawkeye Arena,Iowa City,IA,,,REGULAR_SEASON,,"Iowa 2025-26 media guide, Year-by-Year Scores","1/29		 Rutgers W, 93-82",resolved,,,,,
2929,IOWARAW-02930,iowa,2025-26_media_guide_year_by_year,2022-2023,2023,2023-01-31,Northwestern,Northwestern,northwestern,Yes,86,70,W,0,,,H,SOURCE_PROGRAM_HOME,Carver-Hawkeye Arena,Carver-Hawkeye Arena,Iowa City,IA,,,REGULAR_SEASON,,"Iowa 2025-26 media guide, Year-by-Year Scores","1/31		 Northwestern W, 86-70",resolved,,,,,
2930,IOWARAW-02931,iowa,2025-26_media_guide_year_by_year,2022-2023,2023,2023-02-04,Illinois,Illinois,illinois,Yes,81,79,W,0,,,H,SOURCE_PROGRAM_HOME,Carver-Hawkeye Arena,Carver-Hawkeye Arena,Iowa City,IA,,,REGULAR_SEASON,,"Iowa 2025-26 media guide, Year-by-Year Scores","2/4		 Illinois W, 81-79",resolved,,,,,
2931,IOWARAW-02932,iowa,2025-26_media_guide_year_by_year,2022-2023,2023,2023-02-09,Purdue,Purdue,purdue,Yes,73,87,L,0,,,at,OPPONENT_HOME,,,,,,,REGULAR_SEASON,,"Iowa 2025-26 media guide, Year-by-Year Scores","2/9 --/1 at Purdue L, 73-87",resolved,,,,,
2932,IOWARAW-02933,iowa,2025-26_media_guide_year_by_year,2022-2023,2023,2023-02-12,Minnesota,Minnesota,minnesota,Yes,68,56,W,0,,,at,OPPONENT_HOME,,,,,,,REGULAR_SEASON,,"Iowa 2025-26 media guide, Year-by-Year Scores","2/12		 at Minnesota W, 68-56",resolved,,,,,
2933,IOWARAW-02934,iowa,2025-26_media_guide_year_by_year,2022-2023,2023,2023-02-16,Ohio State,Ohio State,ohio-state,Yes,92,75,W,0,,,H,SOURCE_PROGRAM_HOME,Carver-Hawkeye Arena,Carver-Hawkeye Arena,Iowa City,IA,,,REGULAR_SEASON,,"Iowa 2025-26 media guide, Year-by-Year Scores","2/16		 Ohio State W, 92-75",resolved,,,,,
2934,IOWARAW-02935,iowa,2025-26_media_guide_year_by_year,2022-2023,2023,2023-02-19,Northwestern,Northwestern,northwestern,Yes,60,80,L,0,,,at,OPPONENT_HOME,,,,,,,REGULAR_SEASON,,"Iowa 2025-26 media guide, Year-by-Year Scores","2/19		 at Northwestern L, 60-80",resolved,,,,,
2935,IOWARAW-02936,iowa,2025-26_media_guide_year_by_year,2022-2023,2023,2023-02-22,Wisconsin,Wisconsin,wisconsin,Yes,52,64,L,0,,,H,SOURCE_PROGRAM_HOME,Carver-Hawkeye Arena,Carver-Hawkeye Arena,Iowa City,IA,,,REGULAR_SEASON,,"Iowa 2025-26 media guide, Year-by-Year Scores","2/22		 atWisconsin L, 52-64",resolved,,,,,
2936,IOWARAW-02937,iowa,2025-26_media_guide_year_by_year,2022-2023,2023,2023-02-25,Michigan State,Michigan State,michigan-state,Yes,112,106,W,1,,,H,SOURCE_PROGRAM_HOME,Carver-Hawkeye Arena,Carver-Hawkeye Arena,Iowa City,IA,,,REGULAR_SEASON,,"Iowa 2025-26 media guide, Year-by-Year Scores","2/25		 Michigan State# W, 112-106",resolved,,,,,
2937,IOWARAW-02938,iowa,2025-26_media_guide_year_by_year,2022-2023,2023,2023-02-28,Indiana,Indiana,indiana,Yes,90,68,W,0,,,at,OPPONENT_HOME,,,,,,,REGULAR_SEASON,,"Iowa 2025-26 media guide, Year-by-Year Scores","2/28 --/15 at Indiana W, 90-68",resolved,,,,,
2938,IOWARAW-02939,iowa,2025-26_media_guide_year_by_year,2022-2023,2023,2023-03-05,Nebraska,Nebraska,nebraska,Yes,77,81,L,0,,,H,SOURCE_PROGRAM_HOME,Carver-Hawkeye Arena,Carver-Hawkeye Arena,Iowa City,IA,,,REGULAR_SEASON,,"Iowa 2025-26 media guide, Year-by-Year Scores","3/5		 Nebraska L, 77-81",resolved,,,,,
2939,IOWARAW-02940,iowa,2025-26_media_guide_year_by_year,2022-2023,2023,2023-03-09,Ohio State,Ohio State,ohio-state,Yes,69,73,L,0,,,vs.,NEUTRAL,United Center,United Center,Chicago,IL,Big Ten Tournament,,CONFERENCE_TOURNAMENT,,"Iowa 2025-26 media guide, Year-by-Year Scores","3/9		 vs. Ohio State (n) L, 69-73",resolved,,,,,
2940,IOWARAW-02941,iowa,2025-26_media_guide_year_by_year,2022-2023,2023,2023-03-16,Auburn,Auburn,auburn,Yes,75,83,L,0,,,vs.,NEUTRAL,Legacy Arena,Legacy Arena,Birmingham,AL,NCAA Tournament,,NCAA_TOURNAMENT,R64,"Iowa 2025-26 media guide, Year-by-Year Scores","3/16		 vs. Auburn (n) L, 75-83",resolved,,,,,
2941,IOWARAW-02942,iowa,2025-26_media_guide_year_by_year,2023-2024,2024,2023-11-07,North Dakota,North Dakota,north-dakota,Yes,110,68,W,0,,,H,SOURCE_PROGRAM_HOME,Carver-Hawkeye Arena,Carver-Hawkeye Arena,Iowa City,IA,,,REGULAR_SEASON,,"Iowa 2025-26 media guide, Year-by-Year Scores","11/7		 North Dakota W, 110-68",resolved,,,,,
2942,IOWARAW-02943,iowa,2025-26_media_guide_year_by_year,2023-2024,2024,2023-11-10,Alabama State,Alabama State,alabama-state,Yes,98,67,W,0,,,H,SOURCE_PROGRAM_HOME,Carver-Hawkeye Arena,Carver-Hawkeye Arena,Iowa City,IA,,,REGULAR_SEASON,,"Iowa 2025-26 media guide, Year-by-Year Scores","11/10		 Alabama State W, 98-67",resolved,,,,,
2943,IOWARAW-02944,iowa,2025-26_media_guide_year_by_year,2023-2024,2024,2023-11-14,Creighton,Creighton,creighton,Yes,84,92,L,0,,,at,OPPONENT_HOME,,,,,,,REGULAR_SEASON,,"Iowa 2025-26 media guide, Year-by-Year Scores","11/14 --/8 at Creighton L, 84-92",resolved,,,,,
2944,IOWARAW-02945,iowa,2025-26_media_guide_year_by_year,2023-2024,2024,2023-11-17,Arkansas State,Arkansas State,arkansas-state,Yes,88,74,W,0,,,H,SOURCE_PROGRAM_HOME,Carver-Hawkeye Arena,Carver-Hawkeye Arena,Iowa City,IA,,,REGULAR_SEASON,,"Iowa 2025-26 media guide, Year-by-Year Scores","11/17		 Arkansas State W, 88-74",resolved,,,,,
2945,IOWARAW-02946,iowa,2025-26_media_guide_year_by_year,2023-2024,2024,2023-11-23,Oklahoma,Oklahoma,oklahoma,Yes,67,79,L,0,,,vs.,NEUTRAL,,,,,,,REGULAR_SEASON,,"Iowa 2025-26 media guide, Year-by-Year Scores","11/23		 vs. Oklahoma L, 67-79",resolved,,,,,
2946,IOWARAW-02947,iowa,2025-26_media_guide_year_by_year,2023-2024,2024,2023-11-24,Seton Hall,Seton Hall,seton-hall,Yes,85,72,W,0,,,vs.,NEUTRAL,,,,,,,REGULAR_SEASON,,"Iowa 2025-26 media guide, Year-by-Year Scores","11/24		 vs. Seton Hall W, 85-72",resolved,,,,,
2947,IOWARAW-02948,iowa,2025-26_media_guide_year_by_year,2023-2024,2024,2023-11-29,North Florida,North Florida,north-florida,Yes,103,78,W,0,,,H,SOURCE_PROGRAM_HOME,Carver-Hawkeye Arena,Carver-Hawkeye Arena,Iowa City,IA,,,REGULAR_SEASON,,"Iowa 2025-26 media guide, Year-by-Year Scores","11/29		 North Florida W, 103-78",resolved,,,,,
2948,IOWARAW-02949,iowa,2025-26_media_guide_year_by_year,2023-2024,2024,2023-12-04,Purdue,Purdue,purdue,Yes,68,87,L,0,,,at,OPPONENT_HOME,,,,,,,REGULAR_SEASON,,"Iowa 2025-26 media guide, Year-by-Year Scores","12/4 --/4 at Purdue L, 68-87",resolved,,,,,
2949,IOWARAW-02950,iowa,2025-26_media_guide_year_by_year,2023-2024,2024,2023-12-07,Iowa State,Iowa State,iowa-state,Yes,65,90,L,0,,,H,SOURCE_PROGRAM_HOME,Carver-Hawkeye Arena,Carver-Hawkeye Arena,Iowa City,IA,,,REGULAR_SEASON,,"Iowa 2025-26 media guide, Year-by-Year Scores","12/7		 Iowa State L, 65-90",resolved,,,,,
2950,IOWARAW-02951,iowa,2025-26_media_guide_year_by_year,2023-2024,2024,2023-12-10,Michigan,Michigan,michigan,Yes,80,90,L,0,,,H,SOURCE_PROGRAM_HOME,Carver-Hawkeye Arena,Carver-Hawkeye Arena,Iowa City,IA,,,REGULAR_SEASON,,"Iowa 2025-26 media guide, Year-by-Year Scores","12/10		 Michigan L, 80-90",resolved,,,,,
2951,IOWARAW-02952,iowa,2025-26_media_guide_year_by_year,2023-2024,2024,2023-12-16,Florida A&M,Florida A&M,florida-a-a-m-m,Yes,88,52,W,0,,,vs.,NEUTRAL,,,,,,,REGULAR_SEASON,,"Iowa 2025-26 media guide, Year-by-Year Scores","12/16		 vs. Florida A&M W, 88-52",resolved,,,,,
2952,IOWARAW-02953,iowa,2025-26_media_guide_year_by_year,2023-2024,2024,2023-12-20,UMBC,UMBC,umbc,Yes,103,81,W,0,,,H,SOURCE_PROGRAM_HOME,Carver-Hawkeye Arena,Carver-Hawkeye Arena,Iowa City,IA,,,REGULAR_SEASON,,"Iowa 2025-26 media guide, Year-by-Year Scores","12/20		 UMBC W, 103-81",resolved,,,,,
2953,IOWARAW-02954,iowa,2025-26_media_guide_year_by_year,2023-2024,2024,2023-12-29,Northern Illinois,Northern Illinois,northern-illinois,Yes,103,74,W,0,,,H,SOURCE_PROGRAM_HOME,Carver-Hawkeye Arena,Carver-Hawkeye Arena,Iowa City,IA,,,REGULAR_SEASON,,"Iowa 2025-26 media guide, Year-by-Year Scores","12/29		 Northern Illinois W, 103-74",resolved,,,,,
2954,IOWARAW-02955,iowa,2025-26_media_guide_year_by_year,2023-2024,2024,2024-01-02,Wisconsin,Wisconsin,wisconsin,Yes,72,83,L,0,,,H,SOURCE_PROGRAM_HOME,Carver-Hawkeye Arena,Carver-Hawkeye Arena,Iowa City,IA,,,REGULAR_SEASON,,"Iowa 2025-26 media guide, Year-by-Year Scores","1/2 --/21 atWisconsin L, 72-83",resolved,,,,,
2955,IOWARAW-02956,iowa,2025-26_media_guide_year_by_year,2023-2024,2024,2024-01-06,Rutgers,Rutgers,rutgers,Yes,86,77,W,0,,,H,SOURCE_PROGRAM_HOME,Carver-Hawkeye Arena,Carver-Hawkeye Arena,Iowa City,IA,,,REGULAR_SEASON,,"Iowa 2025-26 media guide, Year-by-Year Scores","1/6		 Rutgers W, 86-77",resolved,,,,,
2956,IOWARAW-02957,iowa,2025-26_media_guide_year_by_year,2023-2024,2024,2024-01-12,Nebraska,Nebraska,nebraska,Yes,94,76,W,0,,,H,SOURCE_PROGRAM_HOME,Carver-Hawkeye Arena,Carver-Hawkeye Arena,Iowa City,IA,,,REGULAR_SEASON,,"Iowa 2025-26 media guide, Year-by-Year Scores","1/12		 Nebraska W, 94-76",resolved,,,,,
2957,IOWARAW-02958,iowa,2025-26_media_guide_year_by_year,2023-2024,2024,2024-01-15,Minnesota,Minnesota,minnesota,Yes,86,77,W,0,,,at,OPPONENT_HOME,,,,,,,REGULAR_SEASON,,"Iowa 2025-26 media guide, Year-by-Year Scores","1/15		 at Minnesota W, 86-77",resolved,,,,,
2958,IOWARAW-02959,iowa,2025-26_media_guide_year_by_year,2023-2024,2024,2024-01-20,Purdue,Purdue,purdue,Yes,70,84,L,0,,,H,SOURCE_PROGRAM_HOME,Carver-Hawkeye Arena,Carver-Hawkeye Arena,Iowa City,IA,,,REGULAR_SEASON,,"Iowa 2025-26 media guide, Year-by-Year Scores","1/20 --/2 Purdue L, 70-84",resolved,,,,,
2959,IOWARAW-02960,iowa,2025-26_media_guide_year_by_year,2023-2024,2024,2024-01-24,Maryland,Maryland,maryland,Yes,67,69,L,0,,,H,SOURCE_PROGRAM_HOME,Carver-Hawkeye Arena,Carver-Hawkeye Arena,Iowa City,IA,,,REGULAR_SEASON,,"Iowa 2025-26 media guide, Year-by-Year Scores","1/24		 Maryland L, 67-69",resolved,,,,,
2960,IOWARAW-02961,iowa,2025-26_media_guide_year_by_year,2023-2024,2024,2024-01-27,Michigan,Michigan,michigan,Yes,88,78,W,0,,,at,OPPONENT_HOME,,,,,,,REGULAR_SEASON,,"Iowa 2025-26 media guide, Year-by-Year Scores","1/27		 at Michigan W, 88-78",resolved,,,,,
2961,IOWARAW-02962,iowa,2025-26_media_guide_year_by_year,2023-2024,2024,2024-01-30,Indiana,Indiana,indiana,Yes,68,74,L,0,,,at,OPPONENT_HOME,,,,,,,REGULAR_SEASON,,"Iowa 2025-26 media guide, Year-by-Year Scores","1/30		 at Indiana L, 68-74",resolved,,,,,
2962,IOWARAW-02963,iowa,2025-26_media_guide_year_by_year,2023-2024,2024,2024-02-02,Ohio State,Ohio State,ohio-state,Yes,79,77,W,0,,,H,SOURCE_PROGRAM_HOME,Carver-Hawkeye Arena,Carver-Hawkeye Arena,Iowa City,IA,,,REGULAR_SEASON,,"Iowa 2025-26 media guide, Year-by-Year Scores","2/2		 Ohio State W, 79-77",resolved,,,,,
2963,IOWARAW-02964,iowa,2025-26_media_guide_year_by_year,2023-2024,2024,2024-02-08,Penn State,Penn State,penn-state,Yes,79,89,L,0,,,at,OPPONENT_HOME,,,,,,,REGULAR_SEASON,,"Iowa 2025-26 media guide, Year-by-Year Scores","2/8		 at Penn State L, 79-89",resolved,,,,,
2964,IOWARAW-02965,iowa,2025-26_media_guide_year_by_year,2023-2024,2024,2024-02-11,Minnesota,Minnesota,minnesota,Yes,90,85,W,0,,,H,SOURCE_PROGRAM_HOME,Carver-Hawkeye Arena,Carver-Hawkeye Arena,Iowa City,IA,,,REGULAR_SEASON,,"Iowa 2025-26 media guide, Year-by-Year Scores","2/11		 Minnesota W, 90-85",resolved,,,,,
2965,IOWARAW-02966,iowa,2025-26_media_guide_year_by_year,2023-2024,2024,2024-02-14,Maryland,Maryland,maryland,Yes,66,78,L,0,,,at,OPPONENT_HOME,,,,,,,REGULAR_SEASON,,"Iowa 2025-26 media guide, Year-by-Year Scores","2/14		 at Maryland L, 66-78",resolved,,,,,
2966,IOWARAW-02967,iowa,2025-26_media_guide_year_by_year,2023-2024,2024,2024-02-17,Wisconsin,Wisconsin,wisconsin,Yes,88,86,W,1,,,H,SOURCE_PROGRAM_HOME,Carver-Hawkeye Arena,Carver-Hawkeye Arena,Iowa City,IA,,,REGULAR_SEASON,,"Iowa 2025-26 media guide, Year-by-Year Scores","2/17 --/20 Wisconsin# W, 88-86",resolved,,,,,
2967,IOWARAW-02968,iowa,2025-26_media_guide_year_by_year,2023-2024,2024,2024-02-20,Michigan State,Michigan State,michigan-state,Yes,78,71,W,0,,,at,OPPONENT_HOME,,,,,,,REGULAR_SEASON,,"Iowa 2025-26 media guide, Year-by-Year Scores","2/20		 at Michigan State W, 78-71",resolved,,,,,
2968,IOWARAW-02969,iowa,2025-26_media_guide_year_by_year,2023-2024,2024,2024-02-24,Illinois,Illinois,illinois,Yes,85,95,L,0,,,at,OPPONENT_HOME,,,,,,,REGULAR_SEASON,,"Iowa 2025-26 media guide, Year-by-Year Scores","2/24 --/12 at Illinois L, 85-95",resolved,,,,,
2969,IOWARAW-02970,iowa,2025-26_media_guide_year_by_year,2023-2024,2024,2024-02-27,Penn State,Penn State,penn-state,Yes,90,81,W,0,,,H,SOURCE_PROGRAM_HOME,Carver-Hawkeye Arena,Carver-Hawkeye Arena,Iowa City,IA,,,REGULAR_SEASON,,"Iowa 2025-26 media guide, Year-by-Year Scores","2/27		 Penn State W, 90-81",resolved,,,,,
2970,IOWARAW-02971,iowa,2025-26_media_guide_year_by_year,2023-2024,2024,2024-03-02,Northwestern,Northwestern,northwestern,Yes,87,80,W,0,,,at,OPPONENT_HOME,,,,,,,REGULAR_SEASON,,"Iowa 2025-26 media guide, Year-by-Year Scores","3/2		 at Northwestern W, 87-80",resolved,,,,,
2971,IOWARAW-02972,iowa,2025-26_media_guide_year_by_year,2023-2024,2024,2024-03-10,Illinois,Illinois,illinois,Yes,61,73,L,0,,,H,SOURCE_PROGRAM_HOME,Carver-Hawkeye Arena,Carver-Hawkeye Arena,Iowa City,IA,,,REGULAR_SEASON,,"Iowa 2025-26 media guide, Year-by-Year Scores","3/10 --/12 Illinois L, 61-73",resolved,,,,,
2972,IOWARAW-02973,iowa,2025-26_media_guide_year_by_year,2023-2024,2024,2024-03-14,Ohio State,Ohio State,ohio-state,Yes,78,90,L,0,,,vs.,NEUTRAL,Target Center,Target Center,Minneapolis,MN,Big Ten Tournament,,CONFERENCE_TOURNAMENT,,"Iowa 2025-26 media guide, Year-by-Year Scores","3/14		 vs. Ohio State (n) L, 78-90",resolved,,,,,
2973,IOWARAW-02974,iowa,2025-26_media_guide_year_by_year,2023-2024,2024,2024-03-19,Kansas State,Kansas State,kansas-state,Yes,91,82,W,0,,,H,SOURCE_PROGRAM_HOME,Carver-Hawkeye Arena,Carver-Hawkeye Arena,Iowa City,IA,National Invitation Tournament,,NIT,,"Iowa 2025-26 media guide, Year-by-Year Scores","3/19		 Kansas State W, 91-82",resolved,,,,,
2974,IOWARAW-02975,iowa,2025-26_media_guide_year_by_year,2023-2024,2024,2024-03-19,Utah,Utah,utah,Yes,82,91,L,0,,,at,OPPONENT_HOME,,,,,National Invitation Tournament,,NIT,,"Iowa 2025-26 media guide, Year-by-Year Scores","3/19		 at Utah L, 82-91",resolved,,,,,
2975,IOWARAW-02976,iowa,2025-26_media_guide_year_by_year,2024-2025,2025,2024-11-04,East Texas A&M,East Texas A&M,east-texas-a-m,Yes,89,67,W,0,,,H,SOURCE_PROGRAM_HOME,Carver-Hawkeye Arena,Carver-Hawkeye Arena,Iowa City,IA,,,REGULAR_SEASON,,"Iowa 2025-26 media guide, Year-by-Year Scores","11/4		 EastTexas A&M W, 89-67",resolved,,,,,
2976,IOWARAW-02977,iowa,2025-26_media_guide_year_by_year,2024-2025,2025,2024-11-07,Southern,Southern,southern,Yes,89,74,W,0,,,H,SOURCE_PROGRAM_HOME,Carver-Hawkeye Arena,Carver-Hawkeye Arena,Iowa City,IA,,,REGULAR_SEASON,,"Iowa 2025-26 media guide, Year-by-Year Scores","11/7		 Southern W, 89-74",resolved,,,,,
2977,IOWARAW-02978,iowa,2025-26_media_guide_year_by_year,2024-2025,2025,2024-11-12,South Dakota,South Dakota,south-dakota,Yes,96,77,W,0,,,H,SOURCE_PROGRAM_HOME,Carver-Hawkeye Arena,Carver-Hawkeye Arena,Iowa City,IA,,,REGULAR_SEASON,,"Iowa 2025-26 media guide, Year-by-Year Scores","11/12		 South Dakota W, 96-77",resolved,,,,,
2978,IOWARAW-02979,iowa,2025-26_media_guide_year_by_year,2024-2025,2025,2024-11-15,Washington State,Washington State,washington-state,Yes,76,66,W,0,,,vs.,NEUTRAL,,,,,,,REGULAR_SEASON,,"Iowa 2025-26 media guide, Year-by-Year Scores","11/15		 vs.Washington State W, 76-66",resolved,,,,,
2979,IOWARAW-02980,iowa,2025-26_media_guide_year_by_year,2024-2025,2025,2024-11-19,Rider,Rider,rider,Yes,83,58,W,0,,,H,SOURCE_PROGRAM_HOME,Carver-Hawkeye Arena,Carver-Hawkeye Arena,Iowa City,IA,,,REGULAR_SEASON,,"Iowa 2025-26 media guide, Year-by-Year Scores","11/19		 Rider W, 83-58",resolved,,,,,
2980,IOWARAW-02981,iowa,2025-26_media_guide_year_by_year,2024-2025,2025,2024-11-22,Utah State,Utah State,utah-state,Yes,69,77,L,0,,,vs.,NEUTRAL,,,,,,,REGULAR_SEASON,,"Iowa 2025-26 media guide, Year-by-Year Scores","11/22		 vs. Utah State L, 69-77",resolved,,,,,
2981,IOWARAW-02982,iowa,2025-26_media_guide_year_by_year,2024-2025,2025,2024-11-26,USC Upstate,USC Upstate,usc-upstate,Yes,110,77,W,0,,,H,SOURCE_PROGRAM_HOME,Carver-Hawkeye Arena,Carver-Hawkeye Arena,Iowa City,IA,,,REGULAR_SEASON,,"Iowa 2025-26 media guide, Year-by-Year Scores","11/26		 USC Upstate W, 110-77",resolved,,,,,
2982,IOWARAW-02983,iowa,2025-26_media_guide_year_by_year,2024-2025,2025,2024-12-03,Northwestern,Northwestern,northwestern,Yes,80,79,W,0,,,H,SOURCE_PROGRAM_HOME,Carver-Hawkeye Arena,Carver-Hawkeye Arena,Iowa City,IA,,,REGULAR_SEASON,,"Iowa 2025-26 media guide, Year-by-Year Scores","12/3		 Northwestern W, 80-79",resolved,,,,,
2983,IOWARAW-02984,iowa,2025-26_media_guide_year_by_year,2024-2025,2025,2024-12-07,Michigan,Michigan,michigan,Yes,83,85,L,0,,,at,OPPONENT_HOME,,,,,,,REGULAR_SEASON,,"Iowa 2025-26 media guide, Year-by-Year Scores","12/7		 at Michigan L, 83-85",resolved,,,,,
2984,IOWARAW-02985,iowa,2025-26_media_guide_year_by_year,2024-2025,2025,2024-12-12,Iowa State,Iowa State,iowa-state,Yes,80,89,L,0,,,H,SOURCE_PROGRAM_HOME,Carver-Hawkeye Arena,Carver-Hawkeye Arena,Iowa City,IA,,,REGULAR_SEASON,,"Iowa 2025-26 media guide, Year-by-Year Scores","12/12 --/3 Iowa State L, 80-89",resolved,,,,,
2985,IOWARAW-02986,iowa,2025-26_media_guide_year_by_year,2024-2025,2025,2024-12-15,New Orleans,New Orleans,new-orleans,Yes,104,57,W,0,,,H,SOURCE_PROGRAM_HOME,Carver-Hawkeye Arena,Carver-Hawkeye Arena,Iowa City,IA,,,REGULAR_SEASON,,"Iowa 2025-26 media guide, Year-by-Year Scores","12/15		 New Orleans W, 104-57",resolved,,,,,
2986,IOWARAW-02987,iowa,2025-26_media_guide_year_by_year,2024-2025,2025,2024-12-21,Utah,Utah,utah,Yes,95,88,W,0,,,vs.,NEUTRAL,,,,,,,REGULAR_SEASON,,"Iowa 2025-26 media guide, Year-by-Year Scores","12/21		 vs. Utah W, 95-88",resolved,,,,,
2987,IOWARAW-02988,iowa,2025-26_media_guide_year_by_year,2024-2025,2025,2024-12-30,New Hampshire,New Hampshire,new-hampshire,Yes,112,70,W,0,,,H,SOURCE_PROGRAM_HOME,Carver-Hawkeye Arena,Carver-Hawkeye Arena,Iowa City,IA,,,REGULAR_SEASON,,"Iowa 2025-26 media guide, Year-by-Year Scores","12/30		 New Hampshire W, 112-70",resolved,,,,,
2988,IOWARAW-02989,iowa,2025-26_media_guide_year_by_year,2024-2025,2025,2025-01-03,Wisconsin,Wisconsin,wisconsin,Yes,85,116,L,0,,,H,SOURCE_PROGRAM_HOME,Carver-Hawkeye Arena,Carver-Hawkeye Arena,Iowa City,IA,,,REGULAR_SEASON,,"Iowa 2025-26 media guide, Year-by-Year Scores","1/3		 atWisconsin L, 85-116",resolved,,,,,
2989,IOWARAW-02990,iowa,2025-26_media_guide_year_by_year,2024-2025,2025,2025-01-07,Nebraska,Nebraska,nebraska,Yes,97,87,W,1,,,H,SOURCE_PROGRAM_HOME,Carver-Hawkeye Arena,Carver-Hawkeye Arena,Iowa City,IA,,,REGULAR_SEASON,,"Iowa 2025-26 media guide, Year-by-Year Scores","1/7		 Nebraska# W, 97-87",resolved,,,,,
2990,IOWARAW-02991,iowa,2025-26_media_guide_year_by_year,2024-2025,2025,2025-01-11,Indiana,Indiana,indiana,Yes,85,60,W,0,,,H,SOURCE_PROGRAM_HOME,Carver-Hawkeye Arena,Carver-Hawkeye Arena,Iowa City,IA,,,REGULAR_SEASON,,"Iowa 2025-26 media guide, Year-by-Year Scores","1/11		 Indiana W, 85-60",resolved,,,,,
2991,IOWARAW-02992,iowa,2025-26_media_guide_year_by_year,2024-2025,2025,2025-01-14,Southern California,USC,usc,Yes,89,99,L,0,,,at,OPPONENT_HOME,,,,,,,REGULAR_SEASON,,"Iowa 2025-26 media guide, Year-by-Year Scores","1/14		 at Southern California L, 89-99",resolved,,,,,
2992,IOWARAW-02993,iowa,2025-26_media_guide_year_by_year,2024-2025,2025,2025-01-17,UCLA,UCLA,ucla,Yes,70,94,L,0,,,at,OPPONENT_HOME,,,,,,,REGULAR_SEASON,,"Iowa 2025-26 media guide, Year-by-Year Scores","1/17		 at UCLA L, 70-94",resolved,,,,,
2993,IOWARAW-02994,iowa,2025-26_media_guide_year_by_year,2024-2025,2025,2025-01-21,Minnesota,Minnesota,minnesota,Yes,67,72,L,0,,,H,SOURCE_PROGRAM_HOME,Carver-Hawkeye Arena,Carver-Hawkeye Arena,Iowa City,IA,,,REGULAR_SEASON,,"Iowa 2025-26 media guide, Year-by-Year Scores","1/21		 Minnesota L, 67-72",resolved,,,,,
2994,IOWARAW-02995,iowa,2025-26_media_guide_year_by_year,2024-2025,2025,2025-01-24,Penn State,Penn State,penn-state,Yes,76,75,W,0,,,H,SOURCE_PROGRAM_HOME,Carver-Hawkeye Arena,Carver-Hawkeye Arena,Iowa City,IA,,,REGULAR_SEASON,,"Iowa 2025-26 media guide, Year-by-Year Scores","1/24		 Penn State W, 76-75",resolved,,,,,
2995,IOWARAW-02996,iowa,2025-26_media_guide_year_by_year,2024-2025,2025,2025-01-27,Ohio State,Ohio State,ohio-state,Yes,65,82,L,0,,,at,OPPONENT_HOME,,,,,,,REGULAR_SEASON,,"Iowa 2025-26 media guide, Year-by-Year Scores","1/27		 at Ohio State L, 65-82",resolved,,,,,
2996,IOWARAW-02997,iowa,2025-26_media_guide_year_by_year,2024-2025,2025,2025-02-04,Purdue,Purdue,purdue,Yes,81,90,L,0,,,H,SOURCE_PROGRAM_HOME,Carver-Hawkeye Arena,Carver-Hawkeye Arena,Iowa City,IA,,,REGULAR_SEASON,,"Iowa 2025-26 media guide, Year-by-Year Scores","2/4 --/7 Purdue L, 81-90",resolved,,,,,
2997,IOWARAW-02998,iowa,2025-26_media_guide_year_by_year,2024-2025,2025,2025-02-08,Wisconsin,Wisconsin,wisconsin,Yes,63,74,L,0,,,H,SOURCE_PROGRAM_HOME,Carver-Hawkeye Arena,Carver-Hawkeye Arena,Iowa City,IA,,,REGULAR_SEASON,,"Iowa 2025-26 media guide, Year-by-Year Scores","2/8 --/21 Wisconsin L, 63-74",resolved,,,,,
2998,IOWARAW-02999,iowa,2025-26_media_guide_year_by_year,2024-2025,2025,2025-02-12,Rutgers,Rutgers,rutgers,Yes,84,73,W,0,,,at,OPPONENT_HOME,,,,,,,REGULAR_SEASON,,"Iowa 2025-26 media guide, Year-by-Year Scores","2/12		 at Rutgers W, 84-73",resolved,,,,,
2999,IOWARAW-03000,iowa,2025-26_media_guide_year_by_year,2024-2025,2025,2025-02-16,Maryland,Maryland,maryland,Yes,75,101,L,0,,,at,OPPONENT_HOME,,,,,,,REGULAR_SEASON,,"Iowa 2025-26 media guide, Year-by-Year Scores","2/16 --/25 at Maryland L, 75-101",resolved,,,,,
3000,IOWARAW-03001,iowa,2025-26_media_guide_year_by_year,2024-2025,2025,2025-02-19,Oregon,Oregon,oregon,Yes,78,80,L,0,,,H,SOURCE_PROGRAM_HOME,Carver-Hawkeye Arena,Carver-Hawkeye Arena,Iowa City,IA,,,REGULAR_SEASON,,"Iowa 2025-26 media guide, Year-by-Year Scores","2/19		 Oregon L, 78-80",resolved,,,,,
3001,IOWARAW-03002,iowa,2025-26_media_guide_year_by_year,2024-2025,2025,2025-02-22,Washington,Washington,washington,Yes,85,79,W,0,,,H,SOURCE_PROGRAM_HOME,Carver-Hawkeye Arena,Carver-Hawkeye Arena,Iowa City,IA,,,REGULAR_SEASON,,"Iowa 2025-26 media guide, Year-by-Year Scores","2/22		 Washington W, 85-79",resolved,,,,,
3002,IOWARAW-03003,iowa,2025-26_media_guide_year_by_year,2024-2025,2025,2025-02-25,Illinois,Illinois,illinois,Yes,61,81,L,0,,,at,OPPONENT_HOME,,,,,,,REGULAR_SEASON,,"Iowa 2025-26 media guide, Year-by-Year Scores","2/25		 at Illinois L, 61-81",resolved,,,,,
3003,IOWARAW-03004,iowa,2025-26_media_guide_year_by_year,2024-2025,2025,2025-02-28,Northwestern,Northwestern,northwestern,Yes,57,68,L,0,,,at,OPPONENT_HOME,,,,,,,REGULAR_SEASON,,"Iowa 2025-26 media guide, Year-by-Year Scores","2/28		 at Northwestern L, 57-68",resolved,,,,,
3004,IOWARAW-03005,iowa,2025-26_media_guide_year_by_year,2024-2025,2025,2025-03-06,Michigan State,Michigan State,michigan-state,Yes,84,91,L,0,,,H,SOURCE_PROGRAM_HOME,Carver-Hawkeye Arena,Carver-Hawkeye Arena,Iowa City,IA,,,REGULAR_SEASON,,"Iowa 2025-26 media guide, Year-by-Year Scores","3/6 --/8 Michigan State L, 84-91",resolved,,,,,
3005,IOWARAW-03006,iowa,2025-26_media_guide_year_by_year,2024-2025,2025,2025-03-09,Nebraska,Nebraska,nebraska,Yes,83,68,W,0,,,at,OPPONENT_HOME,,,,,,,REGULAR_SEASON,,"Iowa 2025-26 media guide, Year-by-Year Scores","3/9		 at Nebraska W, 83-68",resolved,,,,,
3006,IOWARAW-03007,iowa,2025-26_media_guide_year_by_year,2024-2025,2025,2025-03-12,Ohio State,Ohio State,ohio-state,Yes,77,70,W,0,,,vs.,NEUTRAL,Gainbridge Fieldhouse,Gainbridge Fieldhouse,Indianapolis,IN,Big Ten Tournament,,CONFERENCE_TOURNAMENT,,"Iowa 2025-26 media guide, Year-by-Year Scores","3/12		 vs. Ohio State W, 77-70",resolved,,,,,
3007,IOWARAW-03008,iowa,2025-26_media_guide_year_by_year,2024-2025,2025,2025-03-13,Illinois,Illinois,illinois,Yes,94,106,L,0,,,vs.,NEUTRAL,Gainbridge Fieldhouse,Gainbridge Fieldhouse,Indianapolis,IN,Big Ten Tournament,,CONFERENCE_TOURNAMENT,,"Iowa 2025-26 media guide, Year-by-Year Scores","3/13 --/24 vs. Illinois L, 94-106",resolved,,,,,
3008,IOWARAW-03009,iowa,official_2025-26_schedule,2025-2026,2026,2025-11-04,Robert Morris,Robert Morris,robert-morris,Yes,101,69,W,0,,,H,SOURCE_PROGRAM_HOME,Carver-Hawkeye Arena,Carver-Hawkeye Arena,Iowa City,IA,,,REGULAR_SEASON,,Iowa Athletics official 2025-26 schedule/results,"2025-11-04 Robert Morris W, 101-69",resolved,,,,,
3009,IOWARAW-03010,iowa,official_2025-26_schedule,2025-2026,2026,2025-11-07,Western Illinois,Western Illinois,western-illinois,Yes,77,58,W,0,,,H,SOURCE_PROGRAM_HOME,Carver-Hawkeye Arena,Carver-Hawkeye Arena,Iowa City,IA,,,REGULAR_SEASON,,Iowa Athletics official 2025-26 schedule/results,"2025-11-07 Western Illinois W, 77-58",resolved,,,,,
3010,IOWARAW-03011,iowa,official_2025-26_schedule,2025-2026,2026,2025-11-14,Xavier,Xavier,xavier,Yes,81,62,W,0,,,H,SOURCE_PROGRAM_HOME,Carver-Hawkeye Arena,Carver-Hawkeye Arena,Iowa City,IA,,,REGULAR_SEASON,,Iowa Athletics official 2025-26 schedule/results,"2025-11-14 Xavier W, 81-62",resolved,,,,,
3011,IOWARAW-03012,iowa,official_2025-26_schedule,2025-2026,2026,2025-11-18,Southeast Missouri State,Southeast Missouri State,southeast-missouri-state,Yes,99,70,W,0,,,H,SOURCE_PROGRAM_HOME,Carver-Hawkeye Arena,Carver-Hawkeye Arena,Iowa City,IA,,,REGULAR_SEASON,,Iowa Athletics official 2025-26 schedule/results,"2025-11-18 Southeast Missouri State W, 99-70",resolved,,,,,
3012,IOWARAW-03013,iowa,official_2025-26_schedule,2025-2026,2026,2025-11-20,Chicago State,Chicago State,chicago-state,Yes,93,54,W,0,,,H,SOURCE_PROGRAM_HOME,Carver-Hawkeye Arena,Carver-Hawkeye Arena,Iowa City,IA,,,REGULAR_SEASON,,Iowa Athletics official 2025-26 schedule/results,"2025-11-20 Chicago State W, 93-54",resolved,,,,,
3013,IOWARAW-03014,iowa,official_2025-26_schedule,2025-2026,2026,2025-11-25,Ole Miss,Ole Miss,ole-miss,Yes,74,69,W,0,,,vs.,NEUTRAL,Acrisure Arena,Acrisure Arena,Palm Desert,CA,Acrisure Classic,,REGULAR_SEASON,,Iowa Athletics official 2025-26 schedule/results,"2025-11-25 Ole Miss W, 74-69",resolved,,,,,
3014,IOWARAW-03015,iowa,official_2025-26_schedule,2025-2026,2026,2025-11-26,Grand Canyon,Grand Canyon,grand-canyon,Yes,59,46,W,0,,,vs.,NEUTRAL,Acrisure Arena,Acrisure Arena,Palm Desert,CA,Acrisure Classic,Championship,REGULAR_SEASON,,Iowa Athletics official 2025-26 schedule/results,"2025-11-26 Grand Canyon W, 59-46",resolved,,,,,
3015,IOWARAW-03016,iowa,official_2025-26_schedule,2025-2026,2026,2025-12-02,Michigan State,Michigan State,michigan-state,Yes,52,71,L,0,,,at,OPPONENT_HOME,,,East Lansing,MI,,,REGULAR_SEASON,,Iowa Athletics official 2025-26 schedule/results,"2025-12-02 Michigan State L, 52-71",resolved,,,,,
3016,IOWARAW-03017,iowa,official_2025-26_schedule,2025-2026,2026,2025-12-06,Maryland,Maryland,maryland,Yes,83,64,W,0,,,H,SOURCE_PROGRAM_HOME,Carver-Hawkeye Arena,Carver-Hawkeye Arena,Iowa City,IA,,,REGULAR_SEASON,,Iowa Athletics official 2025-26 schedule/results,"2025-12-06 Maryland W, 83-64",resolved,,,,,
3017,IOWARAW-03018,iowa,official_2025-26_schedule,2025-2026,2026,2025-12-11,Iowa State,Iowa State,iowa-state,Yes,62,66,L,0,,,at,OPPONENT_HOME,,,Ames,IA,,,REGULAR_SEASON,,Iowa Athletics official 2025-26 schedule/results,"2025-12-11 Iowa State L, 62-66",resolved,,,,,
3018,IOWARAW-03019,iowa,official_2025-26_schedule,2025-2026,2026,2025-12-14,Western Michigan,Western Michigan,western-michigan,Yes,91,51,W,0,,,H,SOURCE_PROGRAM_HOME,Carver-Hawkeye Arena,Carver-Hawkeye Arena,Iowa City,IA,,,REGULAR_SEASON,,Iowa Athletics official 2025-26 schedule/results,"2025-12-14 Western Michigan W, 91-51",resolved,,,,,
3019,IOWARAW-03020,iowa,official_2025-26_schedule,2025-2026,2026,2025-12-20,Bucknell,Bucknell,bucknell,Yes,94,39,W,0,,,vs.,NEUTRAL,Wells Fargo Arena,Wells Fargo Arena,Des Moines,IA,,,REGULAR_SEASON,,Iowa Athletics official 2025-26 schedule/results,"2025-12-20 Bucknell W, 94-39",resolved,,,,,
3020,IOWARAW-03021,iowa,official_2025-26_schedule,2025-2026,2026,2025-12-29,UMass Lowell,UMass Lowell,umass-lowell,Yes,90,62,W,0,,,H,SOURCE_PROGRAM_HOME,Carver-Hawkeye Arena,Carver-Hawkeye Arena,Iowa City,IA,,,REGULAR_SEASON,,Iowa Athletics official 2025-26 schedule/results,"2025-12-29 UMass Lowell W, 90-62",resolved,,,,,
3021,IOWARAW-03022,iowa,official_2025-26_schedule,2025-2026,2026,2026-01-03,UCLA,UCLA,ucla,Yes,74,61,W,0,,,H,SOURCE_PROGRAM_HOME,Carver-Hawkeye Arena,Carver-Hawkeye Arena,Iowa City,IA,,,REGULAR_SEASON,,Iowa Athletics official 2025-26 schedule/results,"2026-01-03 UCLA W, 74-61",resolved,,,,,
3022,IOWARAW-03023,iowa,official_2025-26_schedule,2025-2026,2026,2026-01-06,Minnesota,Minnesota,minnesota,Yes,67,70,L,0,,,at,OPPONENT_HOME,,,Minneapolis,MN,,,REGULAR_SEASON,,Iowa Athletics official 2025-26 schedule/results,"2026-01-06 Minnesota L, 67-70",resolved,,,,,
3023,IOWARAW-03024,iowa,official_2025-26_schedule,2025-2026,2026,2026-01-11,Illinois,Illinois,illinois,Yes,69,75,L,0,,,H,SOURCE_PROGRAM_HOME,Carver-Hawkeye Arena,Carver-Hawkeye Arena,Iowa City,IA,,,REGULAR_SEASON,,Iowa Athletics official 2025-26 schedule/results,"2026-01-11 Illinois L, 69-75",resolved,,,,,
3024,IOWARAW-03025,iowa,official_2025-26_schedule,2025-2026,2026,2026-01-14,Purdue,Purdue,purdue,Yes,72,79,L,0,,,at,OPPONENT_HOME,,,West Lafayette,IN,,,REGULAR_SEASON,,Iowa Athletics official 2025-26 schedule/results,"2026-01-14 Purdue L, 72-79",resolved,,,,,
3025,IOWARAW-03026,iowa,official_2025-26_schedule,2025-2026,2026,2026-01-17,Indiana,Indiana,indiana,Yes,74,57,W,0,,,at,OPPONENT_HOME,,,Bloomington,IN,,,REGULAR_SEASON,,Iowa Athletics official 2025-26 schedule/results,"2026-01-17 Indiana W, 74-57",resolved,,,,,
3026,IOWARAW-03027,iowa,official_2025-26_schedule,2025-2026,2026,2026-01-20,Rutgers,Rutgers,rutgers,Yes,68,62,W,0,,,H,SOURCE_PROGRAM_HOME,Carver-Hawkeye Arena,Carver-Hawkeye Arena,Iowa City,IA,,,REGULAR_SEASON,,Iowa Athletics official 2025-26 schedule/results,"2026-01-20 Rutgers W, 68-62",resolved,,,,,
3027,IOWARAW-03028,iowa,official_2025-26_schedule,2025-2026,2026,2026-01-28,USC,USC,usc,Yes,73,72,W,0,,,H,SOURCE_PROGRAM_HOME,Carver-Hawkeye Arena,Carver-Hawkeye Arena,Iowa City,IA,,,REGULAR_SEASON,,Iowa Athletics official 2025-26 schedule/results,"2026-01-28 USC W, 73-72",resolved,,,,,
3028,IOWARAW-03029,iowa,official_2025-26_schedule,2025-2026,2026,2026-02-01,Oregon,Oregon,oregon,Yes,84,66,W,0,,,at,OPPONENT_HOME,,,Eugene,OR,,,REGULAR_SEASON,,Iowa Athletics official 2025-26 schedule/results,"2026-02-01 Oregon W, 84-66",resolved,,,,,
3029,IOWARAW-03030,iowa,official_2025-26_schedule,2025-2026,2026,2026-02-04,Washington,Washington,washington,Yes,84,74,W,0,,,at,OPPONENT_HOME,,,Seattle,WA,,,REGULAR_SEASON,,Iowa Athletics official 2025-26 schedule/results,"2026-02-04 Washington W, 84-74",resolved,,,,,
3030,IOWARAW-03031,iowa,official_2025-26_schedule,2025-2026,2026,2026-02-08,Northwestern,Northwestern,northwestern,Yes,76,70,W,0,,,H,SOURCE_PROGRAM_HOME,Carver-Hawkeye Arena,Carver-Hawkeye Arena,Iowa City,IA,,,REGULAR_SEASON,,Iowa Athletics official 2025-26 schedule/results,"2026-02-08 Northwestern W, 76-70",resolved,,,,,
3031,IOWARAW-03032,iowa,official_2025-26_schedule,2025-2026,2026,2026-02-11,Maryland,Maryland,maryland,Yes,70,77,L,0,,,at,OPPONENT_HOME,,,College Park,MD,,,REGULAR_SEASON,,Iowa Athletics official 2025-26 schedule/results,"2026-02-11 Maryland L, 70-77",resolved,,,,,
3032,IOWARAW-03033,iowa,official_2025-26_schedule,2025-2026,2026,2026-02-14,Purdue,Purdue,purdue,Yes,57,78,L,0,,,H,SOURCE_PROGRAM_HOME,Carver-Hawkeye Arena,Carver-Hawkeye Arena,Iowa City,IA,,,REGULAR_SEASON,,Iowa Athletics official 2025-26 schedule/results,"2026-02-14 Purdue L, 57-78",resolved,,,,,
3033,IOWARAW-03034,iowa,official_2025-26_schedule,2025-2026,2026,2026-02-17,Nebraska,Nebraska,nebraska,Yes,57,52,W,0,,,H,SOURCE_PROGRAM_HOME,Carver-Hawkeye Arena,Carver-Hawkeye Arena,Iowa City,IA,,,REGULAR_SEASON,,Iowa Athletics official 2025-26 schedule/results,"2026-02-17 Nebraska W, 57-52",resolved,,,,,
3034,IOWARAW-03035,iowa,official_2025-26_schedule,2025-2026,2026,2026-02-22,Wisconsin,Wisconsin,wisconsin,Yes,71,84,L,0,,,at,OPPONENT_HOME,,,Madison,WI,,,REGULAR_SEASON,,Iowa Athletics official 2025-26 schedule/results,"2026-02-22 Wisconsin L, 71-84",resolved,,,,,
3035,IOWARAW-03036,iowa,official_2025-26_schedule,2025-2026,2026,2026-02-25,Ohio State,Ohio State,ohio-state,Yes,74,57,W,0,,,H,SOURCE_PROGRAM_HOME,Carver-Hawkeye Arena,Carver-Hawkeye Arena,Iowa City,IA,,,REGULAR_SEASON,,Iowa Athletics official 2025-26 schedule/results,"2026-02-25 Ohio State W, 74-57",resolved,,,,,
3036,IOWARAW-03037,iowa,official_2025-26_schedule,2025-2026,2026,2026-02-28,Penn State,Penn State,penn-state,Yes,69,71,L,0,,,at,OPPONENT_HOME,,,University Park,PA,,,REGULAR_SEASON,,Iowa Athletics official 2025-26 schedule/results,"2026-02-28 Penn State L, 69-71",resolved,,,,,
3037,IOWARAW-03038,iowa,official_2025-26_schedule,2025-2026,2026,2026-03-05,Michigan,Michigan,michigan,Yes,68,71,L,0,,,H,SOURCE_PROGRAM_HOME,Carver-Hawkeye Arena,Carver-Hawkeye Arena,Iowa City,IA,,,REGULAR_SEASON,,Iowa Athletics official 2025-26 schedule/results,"2026-03-05 Michigan L, 68-71",resolved,,,,,
3038,IOWARAW-03039,iowa,official_2025-26_schedule,2025-2026,2026,2026-03-08,Nebraska,Nebraska,nebraska,Yes,75,84,L,1,,,at,OPPONENT_HOME,,,Lincoln,NE,,1OT,REGULAR_SEASON,,Iowa Athletics official 2025-26 schedule/results,"2026-03-08 Nebraska L, 75-84",resolved,,,,,
3039,IOWARAW-03040,iowa,official_2025-26_schedule,2025-2026,2026,2026-03-11,Maryland,Maryland,maryland,Yes,75,64,W,0,,,vs.,NEUTRAL,United Center,United Center,Chicago,IL,Big Ten Tournament,Second Round,CONFERENCE_TOURNAMENT,,Iowa Athletics official 2025-26 schedule/results,"2026-03-11 Maryland W, 75-64",resolved,,,,,
3040,IOWARAW-03041,iowa,official_2025-26_schedule,2025-2026,2026,2026-03-12,Ohio State,Ohio State,ohio-state,Yes,69,72,L,0,,,vs.,NEUTRAL,United Center,United Center,Chicago,IL,Big Ten Tournament,Third Round,CONFERENCE_TOURNAMENT,,Iowa Athletics official 2025-26 schedule/results,"2026-03-12 Ohio State L, 69-72",resolved,,,,,
3041,IOWARAW-03042,iowa,official_2025-26_schedule,2025-2026,2026,2026-03-20,Clemson,Clemson,clemson,Yes,67,61,W,0,,,vs.,NEUTRAL,Benchmark International Arena,Benchmark International Arena,Tampa,FL,NCAA Tournament,R64,NCAA_TOURNAMENT,R64,Iowa Athletics official 2025-26 schedule/results,"2026-03-20 Clemson W, 67-61",resolved,,,,,
3042,IOWARAW-03043,iowa,official_2025-26_schedule,2025-2026,2026,2026-03-22,Florida,Florida,florida,Yes,73,72,W,0,,,vs.,NEUTRAL,Benchmark International Arena,Benchmark International Arena,Tampa,FL,NCAA Tournament,R32,NCAA_TOURNAMENT,R32,Iowa Athletics official 2025-26 schedule/results,"2026-03-22 Florida W, 73-72",resolved,,,,,
3043,IOWARAW-03044,iowa,official_2025-26_schedule,2025-2026,2026,2026-03-26,Nebraska,Nebraska,nebraska,Yes,77,71,W,0,,,vs.,NEUTRAL,Toyota Center,Toyota Center,Houston,TX,NCAA Tournament,Sweet Sixteen,NCAA_TOURNAMENT,Sweet Sixteen,Iowa Athletics official 2025-26 schedule/results,"2026-03-26 Nebraska W, 77-71",resolved,,,,,
3044,IOWARAW-03045,iowa,official_2025-26_schedule,2025-2026,2026,2026-03-28,Illinois,Illinois,illinois,Yes,59,71,L,0,,,vs.,NEUTRAL,Toyota Center,Toyota Center,Houston,TX,NCAA Tournament,Elite Eight,NCAA_TOURNAMENT,Elite Eight,Iowa Athletics official 2025-26 schedule/results,"2026-03-28 Illinois L, 59-71",resolved,,,,,
