source_program_key,source_opponent_label,canonical_opponent_key,canonical_opponent_name,current_d1,games_with_source_label,first_season,last_season,resolution_status,resolution_method,user_choice,audit_note
arizona-state,Abilene Christian,abilene-christian,Abilene Christian,TRUE,1,1959-1960,1959-1960,RESOLVED,RESOLVED_CURRENT_PROGRAM_REGISTRY_OR_SAFE_VARIANT,,Identity class: HISTORICAL_IDENTITY_RESOLVED_CURRENT_PROGRAM. Global registration: REUSE_CURRENT_MAIN_PROGRAM_EXPECTED. Evidence: Protected-main programs.csv at 9738fe4f54b813aad4d2a12344a2c8279c3590ee identifies current program Abilene Christian under key abilene-christian; source label 'Abilene Christian' is an exact name/display match or conservative abbreviation/punctuation variant with no competing current-program identity. Sources: https://github.com/pollackelliott/college-basketball-history/blob/9738fe4f54b813aad4d2a12344a2c8279c3590ee/data/reference/programs.csv
arizona-state,Air Force,air-force,Air Force,TRUE,5,1959-1960,1969-1970,RESOLVED,RESOLVED_CURRENT_PROGRAM_REGISTRY_OR_SAFE_VARIANT,,Identity class: HISTORICAL_IDENTITY_RESOLVED_CURRENT_PROGRAM. Global registration: REUSE_CURRENT_MAIN_PROGRAM_EXPECTED. Evidence: Protected-main programs.csv at 9738fe4f54b813aad4d2a12344a2c8279c3590ee identifies current program Air Force under key air-force; source label 'Air Force' is an exact name/display match or conservative abbreviation/punctuation variant with no competing current-program identity. Sources: https://github.com/pollackelliott/college-basketball-history/blob/9738fe4f54b813aad4d2a12344a2c8279c3590ee/data/reference/programs.csv
arizona-state,Akron,akron,Akron,TRUE,2,1950-1951,1956-1957,RESOLVED,RESOLVED_CURRENT_PROGRAM_REGISTRY_OR_SAFE_VARIANT | RESOLVED_FROM_STAGE1_ACCEPTED_IDENTITY,,Identity class: HISTORICAL_IDENTITY_RESOLVED_CURRENT_PROGRAM. Global registration: REUSE_CURRENT_MAIN_PROGRAM_EXPECTED. Evidence: Batch 33 accepted Stage 1 opponent identity; Stage 2 preserves rather than re-researches the row Stage 2 current-main registry linkage applied to protected-main key akron without changing the accepted historical opponent identity. || Protected-main programs.csv at 9738fe4f54b813aad4d2a12344a2c8279c3590ee identifies current program Akron under key akron; source label 'Akron' is an exact name/display match or conservative abbreviation/punctuation variant with no competing current-program identity. Stage 2 current-main registry linkage applied to protected-main key akron without changing the accepted historical opponent identity. Sources: https://github.com/pollackelliott/college-basketball-history/blob/9738fe4f54b813aad4d2a12344a2c8279c3590ee/data/reference/programs.csv
arizona-state,Alabama (10),alabama,Alabama,TRUE,1,1974-1975,1974-1975,RESOLVED,RESOLVED_CURRENT_PROGRAM_REGISTRY_OR_SAFE_VARIANT,,Identity class: HISTORICAL_IDENTITY_RESOLVED_CURRENT_PROGRAM. Global registration: REUSE_CURRENT_MAIN_PROGRAM_EXPECTED. Evidence: Protected-main programs.csv at 9738fe4f54b813aad4d2a12344a2c8279c3590ee identifies current program Alabama under key alabama; source label 'Alabama' is an exact name/display match or conservative abbreviation/punctuation variant with no competing current-program identity. Sources: https://github.com/pollackelliott/college-basketball-history/blob/9738fe4f54b813aad4d2a12344a2c8279c3590ee/data/reference/programs.csv
arizona-state,Alabama (NIT),alabama,Alabama,TRUE,1,2014-2015,2014-2015,RESOLVED,RESOLVED_CURRENT_PROGRAM_REGISTRY_OR_SAFE_VARIANT,,Identity class: HISTORICAL_IDENTITY_RESOLVED_CURRENT_PROGRAM. Global registration: REUSE_CURRENT_MAIN_PROGRAM_EXPECTED. Evidence: Protected-main programs.csv at 9738fe4f54b813aad4d2a12344a2c8279c3590ee identifies current program Alabama under key alabama; source label 'Alabama' is an exact name/display match or conservative abbreviation/punctuation variant with no competing current-program identity. Sources: https://github.com/pollackelliott/college-basketball-history/blob/9738fe4f54b813aad4d2a12344a2c8279c3590ee/data/reference/programs.csv
arizona-state,Alabama (OT),alabama,Alabama,TRUE,1,1988-1989,1988-1989,RESOLVED,RESOLVED_CURRENT_PROGRAM_REGISTRY_OR_SAFE_VARIANT,,Identity class: HISTORICAL_IDENTITY_RESOLVED_CURRENT_PROGRAM. Global registration: REUSE_CURRENT_MAIN_PROGRAM_EXPECTED. Evidence: Protected-main programs.csv at 9738fe4f54b813aad4d2a12344a2c8279c3590ee identifies current program Alabama under key alabama; source label 'Alabama' is an exact name/display match or conservative abbreviation/punctuation variant with no competing current-program identity. Sources: https://github.com/pollackelliott/college-basketball-history/blob/9738fe4f54b813aad4d2a12344a2c8279c3590ee/data/reference/programs.csv
arizona-state,Alabama State (NIT),alabama-state,Alabama State,TRUE,1,2007-2008,2007-2008,RESOLVED,RESOLVED_CURRENT_PROGRAM_REGISTRY_OR_SAFE_VARIANT,,Identity class: HISTORICAL_IDENTITY_RESOLVED_CURRENT_PROGRAM. Global registration: REUSE_CURRENT_MAIN_PROGRAM_EXPECTED. Evidence: Protected-main programs.csv at 9738fe4f54b813aad4d2a12344a2c8279c3590ee identifies current program Alabama State under key alabama-state; source label 'Alabama State' is an exact name/display match or conservative abbreviation/punctuation variant with no competing current-program identity. Sources: https://github.com/pollackelliott/college-basketball-history/blob/9738fe4f54b813aad4d2a12344a2c8279c3590ee/data/reference/programs.csv
arizona-state,Ak.-Anchorage,alaska-anchorage,Alaska Anchorage,FALSE,1,1992-1993,1992-1993,RESOLVED,RESOLVED_LITERAL_HISTORICAL_NON_D1,,Identity class: HISTORICAL_NON_D1_IDENTITY_RESOLVED. Global registration: PENDING_CURRENT_MAIN_REBASE_IDENTITY. Evidence: Literal source label 'Ak.-Anchorage' identifies the historical/non-D1 opponent without requiring a current-D1 merge; current protected-main program registry contains no competing current-D1 identity requiring reassignment. Preserved distinctly under Stage 2 convergence policy. Sources: https://github.com/pollackelliott/college-basketball-history/blob/9738fe4f54b813aad4d2a12344a2c8279c3590ee/data/reference/programs.csv
arizona-state,Alaska-Anchorage,alaska-anchorage,Alaska Anchorage,FALSE,1,1998-1999,1998-1999,RESOLVED,RESOLVED_LITERAL_HISTORICAL_NON_D1,,Identity class: HISTORICAL_NON_D1_IDENTITY_RESOLVED. Global registration: PENDING_CURRENT_MAIN_REBASE_IDENTITY. Evidence: Literal source label 'Alaska-Anchorage' identifies the historical/non-D1 opponent without requiring a current-D1 merge; current protected-main program registry contains no competing current-D1 identity requiring reassignment. Preserved distinctly under Stage 2 convergence policy. Sources: https://github.com/pollackelliott/college-basketball-history/blob/9738fe4f54b813aad4d2a12344a2c8279c3590ee/data/reference/programs.csv
arizona-state,Alcorn State,alcorn-state,Alcorn State,TRUE,2,2005-2006,2022-2023,RESOLVED,RESOLVED_CURRENT_PROGRAM_REGISTRY_OR_SAFE_VARIANT,,Identity class: HISTORICAL_IDENTITY_RESOLVED_CURRENT_PROGRAM. Global registration: REUSE_CURRENT_MAIN_PROGRAM_EXPECTED. Evidence: Protected-main programs.csv at 9738fe4f54b813aad4d2a12344a2c8279c3590ee identifies current program Alcorn State under key alcorn-state; source label 'Alcorn State' is an exact name/display match or conservative abbreviation/punctuation variant with no competing current-program identity. Sources: https://github.com/pollackelliott/college-basketball-history/blob/9738fe4f54b813aad4d2a12344a2c8279c3590ee/data/reference/programs.csv
arizona-state,American P.R.,american-university-at-puerto-rico,American University at Puerto Rico,FALSE,1,1999-2000,1999-2000,RESOLVED,RESOLVED_RESEARCHED_HISTORICAL_NON_D1,,Identity class: HISTORICAL_NON_D1_IDENTITY_RESOLVED. Global registration: PENDING_CURRENT_MAIN_REBASE_IDENTITY. Evidence: Arizona State's own contemporary recap identifies the 1999 Puerto Rico tournament opponent as American University at Puerto Rico and describes it as NCAA Division II. The abbreviated media-guide label is preserved. Sources: https://thesundevils.com/news/1999/11/26/207816230.aspx
arizona-state,Angelo St.,angelo-state,Angelo State,FALSE,1,1984-1985,1984-1985,RESOLVED,RESOLVED_LITERAL_HISTORICAL_NON_D1,,Identity class: HISTORICAL_NON_D1_IDENTITY_RESOLVED. Global registration: PENDING_CURRENT_MAIN_REBASE_IDENTITY. Evidence: Literal source label 'Angelo St.' identifies the historical/non-D1 opponent without requiring a current-D1 merge; current protected-main program registry contains no competing current-D1 identity requiring reassignment. Preserved distinctly under Stage 2 convergence policy. Sources: https://github.com/pollackelliott/college-basketball-history/blob/9738fe4f54b813aad4d2a12344a2c8279c3590ee/data/reference/programs.csv
arizona-state,Appalachian St.,app-state,App State,TRUE,1,1991-1992,1991-1992,RESOLVED,RESOLVED_CURRENT_PROGRAM_REGISTRY_OR_SAFE_VARIANT,,Identity class: HISTORICAL_IDENTITY_RESOLVED_CURRENT_PROGRAM. Global registration: REUSE_CURRENT_MAIN_PROGRAM_EXPECTED. Evidence: Protected-main programs.csv at 9738fe4f54b813aad4d2a12344a2c8279c3590ee identifies current program App State under key app-state; source label 'Appalachian St.' is an exact name/display match or conservative abbreviation/punctuation variant with no competing current-program identity. Sources: https://github.com/pollackelliott/college-basketball-history/blob/9738fe4f54b813aad4d2a12344a2c8279c3590ee/data/reference/programs.csv
arizona-state,#15 Arizona (NCAA),arizona,Arizona,TRUE,1,2010-2011,2010-2011,RESOLVED,RESOLVED_TRANCHE1,,Identity class: CURRENT_PROGRAM_IDENTITY. Global registration: REUSE_CURRENT_MAIN_PROGRAM_EXPECTED. Evidence: Protected-main current program registry/name plus conservative source-label abbreviation normalization; no institution merge based on geography
arizona-state,Arizona,arizona,Arizona,TRUE,184,1913-1914,2025-2026,RESOLVED,RESOLVED_CURRENT_PROGRAM_REGISTRY_OR_SAFE_VARIANT | RESOLVED_FROM_STAGE1_ACCEPTED_IDENTITY | RESOLVED_TRANCHE1,,Identity class: HISTORICAL_IDENTITY_RESOLVED | CURRENT_PROGRAM_IDENTITY. Global registration: REUSE_CURRENT_MAIN_PROGRAM_EXPECTED. Evidence: Batch 33 accepted Stage 1 opponent identity; Stage 2 preserves rather than re-researches the row || Protected-main current program registry/name plus conservative source-label abbreviation normalization; no institution merge based on geography || Protected-main programs.csv at 9738fe4f54b813aad4d2a12344a2c8279c3590ee identifies the current program; source label is an exact or conservative case/punctuation/abbreviation variant with no competing current-program identity. Sources: https://github.com/pollackelliott/college-basketball-history/blob/9738fe4f54b813aad4d2a12344a2c8279c3590ee/data/reference/programs.csv
arizona-state,Arizona (1),arizona,Arizona,TRUE,1,1987-1988,1987-1988,RESOLVED,RESOLVED_TRANCHE1,,Identity class: CURRENT_PROGRAM_IDENTITY. Global registration: REUSE_CURRENT_MAIN_PROGRAM_EXPECTED. Evidence: Protected-main current program registry/name plus conservative source-label abbreviation normalization; no institution merge based on geography
arizona-state,Arizona (1) (NCAA),arizona,Arizona,TRUE,2,2002-2003,2002-2003,RESOLVED,RESOLVED_TRANCHE1,,Identity class: CURRENT_PROGRAM_IDENTITY. Global registration: REUSE_CURRENT_MAIN_PROGRAM_EXPECTED. Evidence: Protected-main current program registry/name plus conservative source-label abbreviation normalization; no institution merge based on geography
arizona-state,Arizona (10),arizona,Arizona,TRUE,1,1998-1999,1998-1999,RESOLVED,RESOLVED_TRANCHE1,,Identity class: CURRENT_PROGRAM_IDENTITY. Global registration: REUSE_CURRENT_MAIN_PROGRAM_EXPECTED. Evidence: Protected-main current program registry/name plus conservative source-label abbreviation normalization; no institution merge based on geography
arizona-state,Arizona (10) (NCAA),arizona,Arizona,TRUE,1,2001-2002,2001-2002,RESOLVED,RESOLVED_TRANCHE1,,Identity class: CURRENT_PROGRAM_IDENTITY. Global registration: REUSE_CURRENT_MAIN_PROGRAM_EXPECTED. Evidence: Protected-main current program registry/name plus conservative source-label abbreviation normalization; no institution merge based on geography
arizona-state,Arizona (10) (OT),arizona,Arizona,TRUE,1,1976-1977,1976-1977,RESOLVED,RESOLVED_TRANCHE1,,Identity class: CURRENT_PROGRAM_IDENTITY. Global registration: REUSE_CURRENT_MAIN_PROGRAM_EXPECTED. Evidence: Protected-main current program registry/name plus conservative source-label abbreviation normalization; no institution merge based on geography
arizona-state,Arizona (11),arizona,Arizona,TRUE,2,1991-1992,1992-1993,RESOLVED,RESOLVED_TRANCHE1,,Identity class: CURRENT_PROGRAM_IDENTITY. Global registration: REUSE_CURRENT_MAIN_PROGRAM_EXPECTED. Evidence: Protected-main current program registry/name plus conservative source-label abbreviation normalization; no institution merge based on geography
arizona-state,Arizona (11) (NCAA),arizona,Arizona,TRUE,1,2004-2005,2004-2005,RESOLVED,RESOLVED_TRANCHE1,,Identity class: CURRENT_PROGRAM_IDENTITY. Global registration: REUSE_CURRENT_MAIN_PROGRAM_EXPECTED. Evidence: Protected-main current program registry/name plus conservative source-label abbreviation normalization; no institution merge based on geography
arizona-state,Arizona (12) (2OT),arizona,Arizona,TRUE,1,1994-1995,1994-1995,RESOLVED,RESOLVED_TRANCHE1,,Identity class: CURRENT_PROGRAM_IDENTITY. Global registration: REUSE_CURRENT_MAIN_PROGRAM_EXPECTED. Evidence: Protected-main current program registry/name plus conservative source-label abbreviation normalization; no institution merge based on geography
arizona-state,Arizona (12) (NCAA),arizona,Arizona,TRUE,1,2000-2001,2000-2001,RESOLVED,RESOLVED_TRANCHE1,,Identity class: CURRENT_PROGRAM_IDENTITY. Global registration: REUSE_CURRENT_MAIN_PROGRAM_EXPECTED. Evidence: Protected-main current program registry/name plus conservative source-label abbreviation normalization; no institution merge based on geography
arizona-state,Arizona (14),arizona,Arizona,TRUE,1,1996-1997,1996-1997,RESOLVED,RESOLVED_TRANCHE1,,Identity class: CURRENT_PROGRAM_IDENTITY. Global registration: REUSE_CURRENT_MAIN_PROGRAM_EXPECTED. Evidence: Protected-main current program registry/name plus conservative source-label abbreviation normalization; no institution merge based on geography
arizona-state,Arizona (14) (NCAA),arizona,Arizona,TRUE,2,2001-2002,2004-2005,RESOLVED,RESOLVED_TRANCHE1,,Identity class: CURRENT_PROGRAM_IDENTITY. Global registration: REUSE_CURRENT_MAIN_PROGRAM_EXPECTED. Evidence: Protected-main current program registry/name plus conservative source-label abbreviation normalization; no institution merge based on geography
arizona-state,Arizona (15),arizona,Arizona,TRUE,1,1974-1975,1974-1975,RESOLVED,RESOLVED_TRANCHE1,,Identity class: CURRENT_PROGRAM_IDENTITY. Global registration: REUSE_CURRENT_MAIN_PROGRAM_EXPECTED. Evidence: Protected-main current program registry/name plus conservative source-label abbreviation normalization; no institution merge based on geography
arizona-state,Arizona (15) (NCAA),arizona,Arizona,TRUE,1,2001-2002,2001-2002,RESOLVED,RESOLVED_TRANCHE1,,Identity class: CURRENT_PROGRAM_IDENTITY. Global registration: REUSE_CURRENT_MAIN_PROGRAM_EXPECTED. Evidence: Protected-main current program registry/name plus conservative source-label abbreviation normalization; no institution merge based on geography
arizona-state,Arizona (16),arizona,Arizona,TRUE,1,1995-1996,1995-1996,RESOLVED,RESOLVED_TRANCHE1,,Identity class: CURRENT_PROGRAM_IDENTITY. Global registration: REUSE_CURRENT_MAIN_PROGRAM_EXPECTED. Evidence: Protected-main current program registry/name plus conservative source-label abbreviation normalization; no institution merge based on geography
arizona-state,Arizona (16) (NCAA),arizona,Arizona,TRUE,1,2016-2017,2016-2017,RESOLVED,RESOLVED_TRANCHE1,,Identity class: CURRENT_PROGRAM_IDENTITY. Global registration: REUSE_CURRENT_MAIN_PROGRAM_EXPECTED. Evidence: Protected-main current program registry/name plus conservative source-label abbreviation normalization; no institution merge based on geography
arizona-state,Arizona (17) (NCAA),arizona,Arizona,TRUE,1,2006-2007,2006-2007,RESOLVED,RESOLVED_TRANCHE1,,Identity class: CURRENT_PROGRAM_IDENTITY. Global registration: REUSE_CURRENT_MAIN_PROGRAM_EXPECTED. Evidence: Protected-main current program registry/name plus conservative source-label abbreviation normalization; no institution merge based on geography
arizona-state,Arizona (17) (OT),arizona,Arizona,TRUE,1,1976-1977,1976-1977,RESOLVED,RESOLVED_TRANCHE1,,Identity class: CURRENT_PROGRAM_IDENTITY. Global registration: REUSE_CURRENT_MAIN_PROGRAM_EXPECTED. Evidence: Protected-main current program registry/name plus conservative source-label abbreviation normalization; no institution merge based on geography
arizona-state,Arizona (18),arizona,Arizona,TRUE,2,1973-1974,1995-1996,RESOLVED,RESOLVED_TRANCHE1,,Identity class: CURRENT_PROGRAM_IDENTITY. Global registration: REUSE_CURRENT_MAIN_PROGRAM_EXPECTED. Evidence: Protected-main current program registry/name plus conservative source-label abbreviation normalization; no institution merge based on geography
arizona-state,Arizona (19),arizona,Arizona,TRUE,2,1974-1975,1976-1977,RESOLVED,RESOLVED_TRANCHE1,,Identity class: CURRENT_PROGRAM_IDENTITY. Global registration: REUSE_CURRENT_MAIN_PROGRAM_EXPECTED. Evidence: Protected-main current program registry/name plus conservative source-label abbreviation normalization; no institution merge based on geography
arizona-state,Arizona (2 OT) (NCAA) (2),arizona,Arizona,TRUE,1,2013-2014,2013-2014,RESOLVED,RESOLVED_TRANCHE1,,Identity class: CURRENT_PROGRAM_IDENTITY. Global registration: REUSE_CURRENT_MAIN_PROGRAM_EXPECTED. Evidence: Protected-main current program registry/name plus conservative source-label abbreviation normalization; no institution merge based on geography
arizona-state,Arizona (2),arizona,Arizona,TRUE,1,1988-1989,1988-1989,RESOLVED,RESOLVED_TRANCHE1,,Identity class: CURRENT_PROGRAM_IDENTITY. Global registration: REUSE_CURRENT_MAIN_PROGRAM_EXPECTED. Evidence: Protected-main current program registry/name plus conservative source-label abbreviation normalization; no institution merge based on geography
arizona-state,Arizona (20),arizona,Arizona,TRUE,1,1989-1990,1989-1990,RESOLVED,RESOLVED_TRANCHE1,,Identity class: CURRENT_PROGRAM_IDENTITY. Global registration: REUSE_CURRENT_MAIN_PROGRAM_EXPECTED. Evidence: Protected-main current program registry/name plus conservative source-label abbreviation normalization; no institution merge based on geography
arizona-state,Arizona (22) (NCAA),arizona,Arizona,TRUE,1,2003-2004,2003-2004,RESOLVED,RESOLVED_TRANCHE1,,Identity class: CURRENT_PROGRAM_IDENTITY. Global registration: REUSE_CURRENT_MAIN_PROGRAM_EXPECTED. Evidence: Protected-main current program registry/name plus conservative source-label abbreviation normalization; no institution merge based on geography
arizona-state,Arizona (23),arizona,Arizona,TRUE,1,1989-1990,1989-1990,RESOLVED,RESOLVED_TRANCHE1,,Identity class: CURRENT_PROGRAM_IDENTITY. Global registration: REUSE_CURRENT_MAIN_PROGRAM_EXPECTED. Evidence: Protected-main current program registry/name plus conservative source-label abbreviation normalization; no institution merge based on geography
arizona-state,Arizona (3),arizona,Arizona,TRUE,2,1987-1988,1997-1998,RESOLVED,RESOLVED_TRANCHE1,,Identity class: CURRENT_PROGRAM_IDENTITY. Global registration: REUSE_CURRENT_MAIN_PROGRAM_EXPECTED. Evidence: Protected-main current program registry/name plus conservative source-label abbreviation normalization; no institution merge based on geography
arizona-state,Arizona (4),arizona,Arizona,TRUE,2,1992-1993,1999-2000,RESOLVED,RESOLVED_TRANCHE1,,Identity class: CURRENT_PROGRAM_IDENTITY. Global registration: REUSE_CURRENT_MAIN_PROGRAM_EXPECTED. Evidence: Protected-main current program registry/name plus conservative source-label abbreviation normalization; no institution merge based on geography
arizona-state,Arizona (4) (NCAA),arizona,Arizona,TRUE,1,2003-2004,2003-2004,RESOLVED,RESOLVED_TRANCHE1,,Identity class: CURRENT_PROGRAM_IDENTITY. Global registration: REUSE_CURRENT_MAIN_PROGRAM_EXPECTED. Evidence: Protected-main current program registry/name plus conservative source-label abbreviation normalization; no institution merge based on geography
arizona-state,Arizona (5),arizona,Arizona,TRUE,3,1991-1992,1999-2000,RESOLVED,RESOLVED_TRANCHE1,,Identity class: CURRENT_PROGRAM_IDENTITY. Global registration: REUSE_CURRENT_MAIN_PROGRAM_EXPECTED. Evidence: Protected-main current program registry/name plus conservative source-label abbreviation normalization; no institution merge based on geography
arizona-state,Arizona (6),arizona,Arizona,TRUE,3,1988-1989,1990-1991,RESOLVED,RESOLVED_TRANCHE1,,Identity class: CURRENT_PROGRAM_IDENTITY. Global registration: REUSE_CURRENT_MAIN_PROGRAM_EXPECTED. Evidence: Protected-main current program registry/name plus conservative source-label abbreviation normalization; no institution merge based on geography
arizona-state,Arizona (7),arizona,Arizona,TRUE,3,1993-1994,1998-1999,RESOLVED,RESOLVED_TRANCHE1,,Identity class: CURRENT_PROGRAM_IDENTITY. Global registration: REUSE_CURRENT_MAIN_PROGRAM_EXPECTED. Evidence: Protected-main current program registry/name plus conservative source-label abbreviation normalization; no institution merge based on geography
arizona-state,Arizona (7) (NCAA),arizona,Arizona,TRUE,1,2016-2017,2016-2017,RESOLVED,RESOLVED_TRANCHE1,,Identity class: CURRENT_PROGRAM_IDENTITY. Global registration: REUSE_CURRENT_MAIN_PROGRAM_EXPECTED. Evidence: Protected-main current program registry/name plus conservative source-label abbreviation normalization; no institution merge based on geography
arizona-state,Arizona (8) (NCAA),arizona,Arizona,TRUE,1,2000-2001,2000-2001,RESOLVED,RESOLVED_TRANCHE1,,Identity class: CURRENT_PROGRAM_IDENTITY. Global registration: REUSE_CURRENT_MAIN_PROGRAM_EXPECTED. Evidence: Protected-main current program registry/name plus conservative source-label abbreviation normalization; no institution merge based on geography
arizona-state,Arizona (9),arizona,Arizona,TRUE,2,1993-1994,1994-1995,RESOLVED,RESOLVED_TRANCHE1,,Identity class: CURRENT_PROGRAM_IDENTITY. Global registration: REUSE_CURRENT_MAIN_PROGRAM_EXPECTED. Evidence: Protected-main current program registry/name plus conservative source-label abbreviation normalization; no institution merge based on geography
arizona-state,Arizona (NCAA),arizona,Arizona,TRUE,10,2005-2006,2012-2013,RESOLVED,RESOLVED_TRANCHE1,,Identity class: CURRENT_PROGRAM_IDENTITY. Global registration: REUSE_CURRENT_MAIN_PROGRAM_EXPECTED. Evidence: Protected-main current program registry/name plus conservative source-label abbreviation normalization; no institution merge based on geography
arizona-state,Arizona (NCAA) (1),arizona,Arizona,TRUE,1,2013-2014,2013-2014,RESOLVED,RESOLVED_TRANCHE1,,Identity class: CURRENT_PROGRAM_IDENTITY. Global registration: REUSE_CURRENT_MAIN_PROGRAM_EXPECTED. Evidence: Protected-main current program registry/name plus conservative source-label abbreviation normalization; no institution merge based on geography
arizona-state,Arizona (NCAA) (12),arizona,Arizona,TRUE,1,2015-2016,2015-2016,RESOLVED,RESOLVED_TRANCHE1,,Identity class: CURRENT_PROGRAM_IDENTITY. Global registration: REUSE_CURRENT_MAIN_PROGRAM_EXPECTED. Evidence: Protected-main current program registry/name plus conservative source-label abbreviation normalization; no institution merge based on geography
arizona-state,Arizona (NCAA) (6),arizona,Arizona,TRUE,1,2014-2015,2014-2015,RESOLVED,RESOLVED_TRANCHE1,,Identity class: CURRENT_PROGRAM_IDENTITY. Global registration: REUSE_CURRENT_MAIN_PROGRAM_EXPECTED. Evidence: Protected-main current program registry/name plus conservative source-label abbreviation normalization; no institution merge based on geography
arizona-state,Arizona (NCAA) (8),arizona,Arizona,TRUE,2,2014-2015,2015-2016,RESOLVED,RESOLVED_TRANCHE1,,Identity class: CURRENT_PROGRAM_IDENTITY. Global registration: REUSE_CURRENT_MAIN_PROGRAM_EXPECTED. Evidence: Protected-main current program registry/name plus conservative source-label abbreviation normalization; no institution merge based on geography
arizona-state,Arizona (NIT),arizona,Arizona,TRUE,2,2011-2012,2011-2012,RESOLVED,RESOLVED_TRANCHE1,,Identity class: CURRENT_PROGRAM_IDENTITY. Global registration: REUSE_CURRENT_MAIN_PROGRAM_EXPECTED. Evidence: Protected-main current program registry/name plus conservative source-label abbreviation normalization; no institution merge based on geography
arizona-state,Arizona (OT),arizona,Arizona,TRUE,1,1977-1978,1977-1978,RESOLVED,RESOLVED_TRANCHE1,,Identity class: CURRENT_PROGRAM_IDENTITY. Global registration: REUSE_CURRENT_MAIN_PROGRAM_EXPECTED. Evidence: Protected-main current program registry/name plus conservative source-label abbreviation normalization; no institution merge based on geography
arizona-state,Arizona (OT) (NCAA),arizona,Arizona,TRUE,1,2007-2008,2007-2008,RESOLVED,RESOLVED_TRANCHE1,,Identity class: CURRENT_PROGRAM_IDENTITY. Global registration: REUSE_CURRENT_MAIN_PROGRAM_EXPECTED. Evidence: Protected-main current program registry/name plus conservative source-label abbreviation normalization; no institution merge based on geography
arizona-state,All-Stars (Arizona),arizona-all-stars,Arizona All-Stars,FALSE,1,1931-1932,1931-1932,RESOLVED,RESOLVED_LITERAL_HISTORICAL_NON_D1,,"Identity class: HISTORICAL_ALL_STAR_IDENTITY_RESOLVED. Global registration: PENDING_CURRENT_MAIN_REBASE_IDENTITY. Evidence: Literal source label denotes an Arizona all-star team, not University of Arizona varsity; preserved as a distinct non-collegiate opponent. Sources: https://github.com/pollackelliott/college-basketball-history/blob/9738fe4f54b813aad4d2a12344a2c8279c3590ee/data/reference/programs.csv"
arizona-state,Arizona frosh,arizona-freshmen,Arizona Freshmen,FALSE,1,1927-1928,1927-1928,RESOLVED,RESOLVED_RESEARCHED_NONVARSITY_SUBTEAM,,Identity class: HISTORICAL_NONVARSITY_IDENTITY_RESOLVED. Global registration: PENDING_CURRENT_MAIN_REBASE_IDENTITY. Evidence: Literal label explicitly denotes University of Arizona freshmen rather than Arizona varsity; kept distinct to prevent false current-program merge. Sources: https://github.com/pollackelliott/college-basketball-history/blob/9738fe4f54b813aad4d2a12344a2c8279c3590ee/data/reference/programs.csv
arizona-state,Arkansas,arkansas,Arkansas,TRUE,1,2012-2013,2012-2013,RESOLVED,RESOLVED_CURRENT_PROGRAM_REGISTRY_OR_SAFE_VARIANT,,Identity class: HISTORICAL_IDENTITY_RESOLVED_CURRENT_PROGRAM. Global registration: REUSE_CURRENT_MAIN_PROGRAM_EXPECTED. Evidence: Protected-main programs.csv at 9738fe4f54b813aad4d2a12344a2c8279c3590ee identifies current program Arkansas under key arkansas; source label 'Arkansas' is an exact name/display match or conservative abbreviation/punctuation variant with no competing current-program identity. Sources: https://github.com/pollackelliott/college-basketball-history/blob/9738fe4f54b813aad4d2a12344a2c8279c3590ee/data/reference/programs.csv
arizona-state,Arkansas (2),arkansas,Arkansas,TRUE,1,1990-1991,1990-1991,RESOLVED,RESOLVED_CURRENT_PROGRAM_REGISTRY_OR_SAFE_VARIANT,,Identity class: HISTORICAL_IDENTITY_RESOLVED_CURRENT_PROGRAM. Global registration: REUSE_CURRENT_MAIN_PROGRAM_EXPECTED. Evidence: Protected-main programs.csv at 9738fe4f54b813aad4d2a12344a2c8279c3590ee identifies current program Arkansas under key arkansas; source label 'Arkansas' is an exact name/display match or conservative abbreviation/punctuation variant with no competing current-program identity. Sources: https://github.com/pollackelliott/college-basketball-history/blob/9738fe4f54b813aad4d2a12344a2c8279c3590ee/data/reference/programs.csv
arizona-state,Arkansas-Pine Bluff,arkansas-pine-bluff,Arkansas-Pine Bluff,TRUE,1,2012-2013,2012-2013,RESOLVED,RESOLVED_CURRENT_PROGRAM_REGISTRY_OR_SAFE_VARIANT,,Identity class: HISTORICAL_IDENTITY_RESOLVED_CURRENT_PROGRAM. Global registration: REUSE_CURRENT_MAIN_PROGRAM_EXPECTED. Evidence: Protected-main programs.csv at 9738fe4f54b813aad4d2a12344a2c8279c3590ee identifies current program Arkansas-Pine Bluff under key arkansas-pine-bluff; source label 'Arkansas-Pine Bluff' is an exact name/display match or conservative abbreviation/punctuation variant with no competing current-program identity. Sources: https://github.com/pollackelliott/college-basketball-history/blob/9738fe4f54b813aad4d2a12344a2c8279c3590ee/data/reference/programs.csv
arizona-state,Arkansas-Pine Bluff (NCAA),arkansas-pine-bluff,Arkansas-Pine Bluff,TRUE,1,2009-2010,2009-2010,RESOLVED,RESOLVED_CURRENT_PROGRAM_REGISTRY_OR_SAFE_VARIANT,,Identity class: HISTORICAL_IDENTITY_RESOLVED_CURRENT_PROGRAM. Global registration: REUSE_CURRENT_MAIN_PROGRAM_EXPECTED. Evidence: Protected-main programs.csv at 9738fe4f54b813aad4d2a12344a2c8279c3590ee identifies current program Arkansas-Pine Bluff under key arkansas-pine-bluff; source label 'Arkansas-Pine Bluff' is an exact name/display match or conservative abbreviation/punctuation variant with no competing current-program identity. Sources: https://github.com/pollackelliott/college-basketball-history/blob/9738fe4f54b813aad4d2a12344a2c8279c3590ee/data/reference/programs.csv
arizona-state,Ball St.,ball-state,Ball State,TRUE,1,1994-1995,1994-1995,RESOLVED,RESOLVED_CURRENT_PROGRAM_REGISTRY_OR_SAFE_VARIANT,,Identity class: HISTORICAL_IDENTITY_RESOLVED_CURRENT_PROGRAM. Global registration: REUSE_CURRENT_MAIN_PROGRAM_EXPECTED. Evidence: Protected-main programs.csv at 9738fe4f54b813aad4d2a12344a2c8279c3590ee identifies current program Ball State under key ball-state; source label 'Ball St.' is an exact name/display match or conservative abbreviation/punctuation variant with no competing current-program identity. Sources: https://github.com/pollackelliott/college-basketball-history/blob/9738fe4f54b813aad4d2a12344a2c8279c3590ee/data/reference/programs.csv
arizona-state,Baylor,baylor,Baylor,TRUE,7,1938-1939,2025-2026,RESOLVED,RESOLVED_CURRENT_PROGRAM_REGISTRY_OR_SAFE_VARIANT | RESOLVED_TRANCHE1,,Identity class: CURRENT_PROGRAM_IDENTITY. Global registration: REUSE_CURRENT_MAIN_PROGRAM_EXPECTED. Evidence: Protected-main current program registry/name plus conservative source-label abbreviation normalization; no institution merge based on geography || Protected-main programs.csv at 9738fe4f54b813aad4d2a12344a2c8279c3590ee identifies the current program; source label is an exact or conservative case/punctuation/abbreviation variant with no competing current-program identity. Sources: https://github.com/pollackelliott/college-basketball-history/blob/9738fe4f54b813aad4d2a12344a2c8279c3590ee/data/reference/programs.csv
arizona-state,Baylor (11),baylor,Baylor,TRUE,1,2010-2011,2010-2011,RESOLVED,RESOLVED_TRANCHE1,,Identity class: CURRENT_PROGRAM_IDENTITY. Global registration: REUSE_CURRENT_MAIN_PROGRAM_EXPECTED. Evidence: Protected-main current program registry/name plus conservative source-label abbreviation normalization; no institution merge based on geography
arizona-state,Baylor (NCAA),baylor,Baylor,TRUE,1,2009-2010,2009-2010,RESOLVED,RESOLVED_TRANCHE1,,Identity class: CURRENT_PROGRAM_IDENTITY. Global registration: REUSE_CURRENT_MAIN_PROGRAM_EXPECTED. Evidence: Protected-main current program registry/name plus conservative source-label abbreviation normalization; no institution merge based on geography
arizona-state,Baylor (NIT),baylor,Baylor,TRUE,2,2008-2009,2012-2013,RESOLVED,RESOLVED_TRANCHE1,,Identity class: CURRENT_PROGRAM_IDENTITY. Global registration: REUSE_CURRENT_MAIN_PROGRAM_EXPECTED. Evidence: Protected-main current program registry/name plus conservative source-label abbreviation normalization; no institution merge based on geography
arizona-state,Belmont,belmont,Belmont,TRUE,1,2000-2001,2000-2001,RESOLVED,RESOLVED_CURRENT_PROGRAM_REGISTRY_OR_SAFE_VARIANT,,Identity class: HISTORICAL_IDENTITY_RESOLVED_CURRENT_PROGRAM. Global registration: REUSE_CURRENT_MAIN_PROGRAM_EXPECTED. Evidence: Protected-main programs.csv at 9738fe4f54b813aad4d2a12344a2c8279c3590ee identifies current program Belmont under key belmont; source label 'Belmont' is an exact name/display match or conservative abbreviation/punctuation variant with no competing current-program identity. Sources: https://github.com/pollackelliott/college-basketball-history/blob/9738fe4f54b813aad4d2a12344a2c8279c3590ee/data/reference/programs.csv
arizona-state,Belmont (NIT),belmont,Belmont,TRUE,1,2015-2016,2015-2016,RESOLVED,RESOLVED_CURRENT_PROGRAM_REGISTRY_OR_SAFE_VARIANT,,Identity class: HISTORICAL_IDENTITY_RESOLVED_CURRENT_PROGRAM. Global registration: REUSE_CURRENT_MAIN_PROGRAM_EXPECTED. Evidence: Protected-main programs.csv at 9738fe4f54b813aad4d2a12344a2c8279c3590ee identifies current program Belmont under key belmont; source label 'Belmont' is an exact name/display match or conservative abbreviation/punctuation variant with no competing current-program identity. Sources: https://github.com/pollackelliott/college-basketball-history/blob/9738fe4f54b813aad4d2a12344a2c8279c3590ee/data/reference/programs.csv
arizona-state,Bethune-Cookman,bethune-cookman,Bethune-Cookman,TRUE,1,2014-2015,2014-2015,RESOLVED,RESOLVED_CURRENT_PROGRAM_REGISTRY_OR_SAFE_VARIANT,,Identity class: HISTORICAL_IDENTITY_RESOLVED_CURRENT_PROGRAM. Global registration: REUSE_CURRENT_MAIN_PROGRAM_EXPECTED. Evidence: Protected-main programs.csv at 9738fe4f54b813aad4d2a12344a2c8279c3590ee identifies current program Bethune-Cookman under key bethune-cookman; source label 'Bethune-Cookman' is an exact name/display match or conservative abbreviation/punctuation variant with no competing current-program identity. Sources: https://github.com/pollackelliott/college-basketball-history/blob/9738fe4f54b813aad4d2a12344a2c8279c3590ee/data/reference/programs.csv
arizona-state,Boise State,boise-state,Boise State,TRUE,1,2005-2006,2005-2006,RESOLVED,RESOLVED_CURRENT_PROGRAM_REGISTRY_OR_SAFE_VARIANT,,Identity class: HISTORICAL_IDENTITY_RESOLVED_CURRENT_PROGRAM. Global registration: REUSE_CURRENT_MAIN_PROGRAM_EXPECTED. Evidence: Protected-main programs.csv at 9738fe4f54b813aad4d2a12344a2c8279c3590ee identifies current program Boise State under key boise-state; source label 'Boise State' is an exact name/display match or conservative abbreviation/punctuation variant with no competing current-program identity. Sources: https://github.com/pollackelliott/college-basketball-history/blob/9738fe4f54b813aad4d2a12344a2c8279c3590ee/data/reference/programs.csv
arizona-state,Boston College,boston-college,Boston College,TRUE,3,1974-1975,1993-1994,RESOLVED,RESOLVED_CURRENT_PROGRAM_REGISTRY_OR_SAFE_VARIANT,,Identity class: HISTORICAL_IDENTITY_RESOLVED_CURRENT_PROGRAM. Global registration: REUSE_CURRENT_MAIN_PROGRAM_EXPECTED. Evidence: Protected-main programs.csv at 9738fe4f54b813aad4d2a12344a2c8279c3590ee identifies current program Boston College under key boston-college; source label 'Boston College' is an exact name/display match or conservative abbreviation/punctuation variant with no competing current-program identity. Sources: https://github.com/pollackelliott/college-basketball-history/blob/9738fe4f54b813aad4d2a12344a2c8279c3590ee/data/reference/programs.csv
arizona-state,Bradley,bradley,Bradley,TRUE,3,1963-1964,2013-2014,RESOLVED,RESOLVED_CURRENT_PROGRAM_REGISTRY_OR_SAFE_VARIANT,,Identity class: HISTORICAL_IDENTITY_RESOLVED_CURRENT_PROGRAM. Global registration: REUSE_CURRENT_MAIN_PROGRAM_EXPECTED. Evidence: Protected-main programs.csv at 9738fe4f54b813aad4d2a12344a2c8279c3590ee identifies current program Bradley under key bradley; source label 'Bradley' is an exact name/display match or conservative abbreviation/punctuation variant with no competing current-program identity. Sources: https://github.com/pollackelliott/college-basketball-history/blob/9738fe4f54b813aad4d2a12344a2c8279c3590ee/data/reference/programs.csv
arizona-state,Brown,brown,Brown,TRUE,1,1991-1992,1991-1992,RESOLVED,RESOLVED_CURRENT_PROGRAM_REGISTRY_OR_SAFE_VARIANT,,Identity class: HISTORICAL_IDENTITY_RESOLVED_CURRENT_PROGRAM. Global registration: REUSE_CURRENT_MAIN_PROGRAM_EXPECTED. Evidence: Protected-main programs.csv at 9738fe4f54b813aad4d2a12344a2c8279c3590ee identifies current program Brown under key brown; source label 'Brown' is an exact name/display match or conservative abbreviation/punctuation variant with no competing current-program identity. Sources: https://github.com/pollackelliott/college-basketball-history/blob/9738fe4f54b813aad4d2a12344a2c8279c3590ee/data/reference/programs.csv
arizona-state,Bucknell,bucknell,Bucknell,TRUE,3,1951-1952,2002-2003,RESOLVED,RESOLVED_CURRENT_PROGRAM_REGISTRY_OR_SAFE_VARIANT,,Identity class: HISTORICAL_IDENTITY_RESOLVED_CURRENT_PROGRAM. Global registration: REUSE_CURRENT_MAIN_PROGRAM_EXPECTED. Evidence: Protected-main programs.csv at 9738fe4f54b813aad4d2a12344a2c8279c3590ee identifies current program Bucknell under key bucknell; source label 'Bucknell' is an exact name/display match or conservative abbreviation/punctuation variant with no competing current-program identity. Sources: https://github.com/pollackelliott/college-basketball-history/blob/9738fe4f54b813aad4d2a12344a2c8279c3590ee/data/reference/programs.csv
arizona-state,Buffalo,buffalo,Buffalo,TRUE,1,2018-2019,2018-2019,RESOLVED,RESOLVED_CURRENT_PROGRAM_REGISTRY_OR_SAFE_VARIANT,,Identity class: HISTORICAL_IDENTITY_RESOLVED_CURRENT_PROGRAM. Global registration: REUSE_CURRENT_MAIN_PROGRAM_EXPECTED. Evidence: Protected-main programs.csv at 9738fe4f54b813aad4d2a12344a2c8279c3590ee identifies current program Buffalo under key buffalo; source label 'Buffalo' is an exact name/display match or conservative abbreviation/punctuation variant with no competing current-program identity. Sources: https://github.com/pollackelliott/college-basketball-history/blob/9738fe4f54b813aad4d2a12344a2c8279c3590ee/data/reference/programs.csv
arizona-state,Brigham Young,byu,BYU,TRUE,1,1999-2000,1999-2000,RESOLVED,RESOLVED_TRANCHE1,,Identity class: CURRENT_PROGRAM_IDENTITY. Global registration: REUSE_CURRENT_MAIN_PROGRAM_EXPECTED. Evidence: Protected-main current program registry/name plus conservative source-label abbreviation normalization; no institution merge based on geography
arizona-state,Brigham Young (NCAA),byu,BYU,TRUE,2,2000-2001,2002-2003,RESOLVED,RESOLVED_TRANCHE1,,Identity class: CURRENT_PROGRAM_IDENTITY. Global registration: REUSE_CURRENT_MAIN_PROGRAM_EXPECTED. Evidence: Protected-main current program registry/name plus conservative source-label abbreviation normalization; no institution merge based on geography
arizona-state,Brigham Young (NIT),byu,BYU,TRUE,1,2001-2002,2001-2002,RESOLVED,RESOLVED_TRANCHE1,,Identity class: CURRENT_PROGRAM_IDENTITY. Global registration: REUSE_CURRENT_MAIN_PROGRAM_EXPECTED. Evidence: Protected-main current program registry/name plus conservative source-label abbreviation normalization; no institution merge based on geography
arizona-state,BYU,byu,BYU,TRUE,42,1946-1947,2025-2026,RESOLVED,RESOLVED_CURRENT_PROGRAM_REGISTRY_OR_SAFE_VARIANT | RESOLVED_TRANCHE1,,Identity class: CURRENT_PROGRAM_IDENTITY. Global registration: REUSE_CURRENT_MAIN_PROGRAM_EXPECTED. Evidence: Protected-main current program registry/name plus conservative source-label abbreviation normalization; no institution merge based on geography || Protected-main programs.csv at 9738fe4f54b813aad4d2a12344a2c8279c3590ee identifies the current program; source label is an exact or conservative case/punctuation/abbreviation variant with no competing current-program identity. Sources: https://github.com/pollackelliott/college-basketball-history/blob/9738fe4f54b813aad4d2a12344a2c8279c3590ee/data/reference/programs.csv
arizona-state,BYU (10),byu,BYU,TRUE,1,1971-1972,1971-1972,RESOLVED,RESOLVED_TRANCHE1,,Identity class: CURRENT_PROGRAM_IDENTITY. Global registration: REUSE_CURRENT_MAIN_PROGRAM_EXPECTED. Evidence: Protected-main current program registry/name plus conservative source-label abbreviation normalization; no institution merge based on geography
arizona-state,BYU (18),byu,BYU,TRUE,1,1971-1972,1971-1972,RESOLVED,RESOLVED_TRANCHE1,,Identity class: CURRENT_PROGRAM_IDENTITY. Global registration: REUSE_CURRENT_MAIN_PROGRAM_EXPECTED. Evidence: Protected-main current program registry/name plus conservative source-label abbreviation normalization; no institution merge based on geography
arizona-state,BYU (8),byu,BYU,TRUE,1,1965-1966,1965-1966,RESOLVED,RESOLVED_TRANCHE1,,Identity class: CURRENT_PROGRAM_IDENTITY. Global registration: REUSE_CURRENT_MAIN_PROGRAM_EXPECTED. Evidence: Protected-main current program registry/name plus conservative source-label abbreviation normalization; no institution merge based on geography
arizona-state,BYU (NCAA),byu,BYU,TRUE,2,2008-2009,2009-2010,RESOLVED,RESOLVED_TRANCHE1,,Identity class: CURRENT_PROGRAM_IDENTITY. Global registration: REUSE_CURRENT_MAIN_PROGRAM_EXPECTED. Evidence: Protected-main current program registry/name plus conservative source-label abbreviation normalization; no institution merge based on geography
arizona-state,BYU (OT),byu,BYU,TRUE,2,1966-1967,1976-1977,RESOLVED,RESOLVED_TRANCHE1,,Identity class: CURRENT_PROGRAM_IDENTITY. Global registration: REUSE_CURRENT_MAIN_PROGRAM_EXPECTED. Evidence: Protected-main current program registry/name plus conservative source-label abbreviation normalization; no institution merge based on geography
arizona-state,[no target-source row; reciprocal recovery],cal-poly,Cal Poly,TRUE,1,1949-1950,1949-1950,RESOLVED,RESOLVED_OWNER_AUTHORIZED_STAGE1_REPAIR_CURRENT_PROGRAM,,"Identity class: HISTORICAL_IDENTITY_RESOLVED_CURRENT_PROGRAM. Global registration: REUSE_CURRENT_MAIN_PROGRAM_EXPECTED. Evidence: Owner-authorized Stage 1 repair accepted the missing Dec. 2, 1949 game. Cal Poly's official year-by-year and series ledgers establish its program identity; Arizona State's official 2024 series count independently corroborates seven pre-2024 meetings. Sources: https://gopoly.com/documents/download/2023/5/4/Year-by-Year_Results.pdf | https://gopoly.com/documents/download/2024/10/10/Cal_Poly_Men_s_Basketball_Series_Records_Year-by-Year.pdf | https://thesundevils.com/news/2024/08/30/sun-devil-mens-hoops-finalizes-non-conference-schedule"
arizona-state,Cal Poly,cal-poly,Cal Poly,TRUE,3,2007-2008,2024-2025,RESOLVED,RESOLVED_CURRENT_PROGRAM_REGISTRY_OR_SAFE_VARIANT,,Identity class: HISTORICAL_IDENTITY_RESOLVED_CURRENT_PROGRAM. Global registration: REUSE_CURRENT_MAIN_PROGRAM_EXPECTED. Evidence: Protected-main programs.csv at 9738fe4f54b813aad4d2a12344a2c8279c3590ee identifies current program Cal Poly under key cal-poly; source label 'Cal Poly' is an exact name/display match or conservative abbreviation/punctuation variant with no competing current-program identity. Sources: https://github.com/pollackelliott/college-basketball-history/blob/9738fe4f54b813aad4d2a12344a2c8279c3590ee/data/reference/programs.csv
arizona-state,Cal Poly SLO,cal-poly,Cal Poly,TRUE,1,1994-1995,1994-1995,RESOLVED,RESOLVED_CURRENT_PROGRAM_REGISTRY_OR_SAFE_VARIANT,,Identity class: HISTORICAL_IDENTITY_RESOLVED_CURRENT_PROGRAM. Global registration: REUSE_CURRENT_MAIN_PROGRAM_EXPECTED. Evidence: Protected-main programs.csv at 9738fe4f54b813aad4d2a12344a2c8279c3590ee identifies current program Cal Poly under key cal-poly; source label 'Cal Poly SLO' is an exact name/display match or conservative abbreviation/punctuation variant with no competing current-program identity. Sources: https://github.com/pollackelliott/college-basketball-history/blob/9738fe4f54b813aad4d2a12344a2c8279c3590ee/data/reference/programs.csv
arizona-state,California Poly,cal-poly,Cal Poly,TRUE,1,1953-1954,1953-1954,RESOLVED,RESOLVED_RESEARCHED_RECIPROCAL_CURRENT_PROGRAM,,"Identity class: HISTORICAL_IDENTITY_RESOLVED_CURRENT_PROGRAM. Global registration: REUSE_CURRENT_MAIN_PROGRAM_EXPECTED. Evidence: Cal Poly's official year-by-year series record lists the exact Dec. 18, 1953 game at Arizona State as a 94-69 loss. This directly identifies ASU's literal 'California Poly' opponent as Cal Poly San Luis Obispo, not Cal Poly Pomona. Sources: https://gopoly.com/documents/download/2024/10/10/Cal_Poly_Men_s_Basketball_Series_Records_Year-by-Year.pdf"
arizona-state,california poly,cal-poly,Cal Poly,TRUE,1,1949-1950,1949-1950,RESOLVED,RESOLVED_RESEARCHED_DISAMBIGUATED_CURRENT_PROGRAM,,"Identity class: HISTORICAL_IDENTITY_RESOLVED_CURRENT_PROGRAM. Global registration: REUSE_CURRENT_MAIN_PROGRAM_EXPECTED. Evidence: Cal Poly San Luis Obispo is the 1949 California Polytechnic institutional program; Cal Poly official history notes Pomona was only established in 1949, and the later ASU California Poly identity was independently resolved to Cal Poly SLO. || Cal Poly official series and year-by-year records independently confirm the Arizona State opponent is the Cal Poly program; those same records expose a separate Stage 1 game-universe contradiction because they list an additional Dec. 2, 1949 game. Sources: https://gopoly.com/documents/download/2024/10/10/Cal_Poly_Men_s_Basketball_Series_Records_Year-by-Year.pdf | https://gopoly.com/documents/download/2023/5/4/Year-by-Year_Results.pdf"
arizona-state,C. Poly Pomona,cal-poly-pomona,Cal Poly Pomona,FALSE,2,1960-1961,1969-1970,RESOLVED,RESOLVED_LITERAL_HISTORICAL_NON_D1,,Identity class: HISTORICAL_NON_D1_IDENTITY_RESOLVED. Global registration: PENDING_CURRENT_MAIN_REBASE_IDENTITY. Evidence: Literal source label 'C. Poly Pomona' identifies the historical/non-D1 opponent without requiring a current-D1 merge; current protected-main program registry contains no competing current-D1 identity requiring reassignment. Preserved distinctly under Stage 2 convergence policy. Sources: https://github.com/pollackelliott/college-basketball-history/blob/9738fe4f54b813aad4d2a12344a2c8279c3590ee/data/reference/programs.csv
arizona-state,C. Poly-Pomona,cal-poly-pomona,Cal Poly Pomona,FALSE,1,1965-1966,1965-1966,RESOLVED,RESOLVED_LITERAL_HISTORICAL_NON_D1,,Identity class: HISTORICAL_NON_D1_IDENTITY_RESOLVED. Global registration: PENDING_CURRENT_MAIN_REBASE_IDENTITY. Evidence: Literal source label 'C. Poly-Pomona' identifies the historical/non-D1 opponent without requiring a current-D1 merge; current protected-main program registry contains no competing current-D1 identity requiring reassignment. Preserved distinctly under Stage 2 convergence policy. Sources: https://github.com/pollackelliott/college-basketball-history/blob/9738fe4f54b813aad4d2a12344a2c8279c3590ee/data/reference/programs.csv
arizona-state,Cal State-Bakersfield,cal-state-bakersfield,Cal State Bakersfield,TRUE,1,2015-2016,2015-2016,RESOLVED,RESOLVED_CURRENT_PROGRAM_REGISTRY_OR_SAFE_VARIANT,,Identity class: HISTORICAL_IDENTITY_RESOLVED_CURRENT_PROGRAM. Global registration: REUSE_CURRENT_MAIN_PROGRAM_EXPECTED. Evidence: Protected-main programs.csv at 9738fe4f54b813aad4d2a12344a2c8279c3590ee identifies current program Cal State Bakersfield under key cal-state-bakersfield; source label 'Cal State-Bakersfield' is an exact name/display match or conservative abbreviation/punctuation variant with no competing current-program identity. Sources: https://github.com/pollackelliott/college-basketball-history/blob/9738fe4f54b813aad4d2a12344a2c8279c3590ee/data/reference/programs.csv
arizona-state,Cal St.-Fullerton,cal-state-fullerton,Cal State Fullerton,TRUE,1,1982-1983,1982-1983,RESOLVED,RESOLVED_CURRENT_PROGRAM_REGISTRY_OR_SAFE_VARIANT,,Identity class: HISTORICAL_IDENTITY_RESOLVED_CURRENT_PROGRAM. Global registration: REUSE_CURRENT_MAIN_PROGRAM_EXPECTED. Evidence: Protected-main programs.csv at 9738fe4f54b813aad4d2a12344a2c8279c3590ee identifies current program Cal State Fullerton under key cal-state-fullerton; source label 'Cal St.-Fullerton' is an exact name/display match or conservative abbreviation/punctuation variant with no competing current-program identity. Sources: https://github.com/pollackelliott/college-basketball-history/blob/9738fe4f54b813aad4d2a12344a2c8279c3590ee/data/reference/programs.csv
arizona-state,Cal State Fullerton,cal-state-fullerton,Cal State Fullerton,TRUE,2,2003-2004,2018-2019,RESOLVED,RESOLVED_CURRENT_PROGRAM_REGISTRY_OR_SAFE_VARIANT,,Identity class: HISTORICAL_IDENTITY_RESOLVED_CURRENT_PROGRAM. Global registration: REUSE_CURRENT_MAIN_PROGRAM_EXPECTED. Evidence: Protected-main programs.csv at 9738fe4f54b813aad4d2a12344a2c8279c3590ee identifies current program Cal State Fullerton under key cal-state-fullerton; source label 'Cal State Fullerton' is an exact name/display match or conservative abbreviation/punctuation variant with no competing current-program identity. Sources: https://github.com/pollackelliott/college-basketball-history/blob/9738fe4f54b813aad4d2a12344a2c8279c3590ee/data/reference/programs.csv
arizona-state,Cal St.-LA,cal-state-la,Cal State LA,FALSE,3,1977-1978,1981-1982,RESOLVED,RESOLVED_LITERAL_HISTORICAL_NON_D1,,Identity class: HISTORICAL_NON_D1_IDENTITY_RESOLVED. Global registration: PENDING_CURRENT_MAIN_REBASE_IDENTITY. Evidence: Literal source label 'Cal St.-LA' identifies the historical/non-D1 opponent without requiring a current-D1 merge; current protected-main program registry contains no competing current-D1 identity requiring reassignment. Preserved distinctly under Stage 2 convergence policy. Sources: https://github.com/pollackelliott/college-basketball-history/blob/9738fe4f54b813aad4d2a12344a2c8279c3590ee/data/reference/programs.csv
arizona-state,Cal. St. (LA),cal-state-la,Cal State LA,FALSE,1,1971-1972,1971-1972,RESOLVED,RESOLVED_LITERAL_HISTORICAL_NON_D1,,Identity class: HISTORICAL_NON_D1_IDENTITY_RESOLVED. Global registration: PENDING_CURRENT_MAIN_REBASE_IDENTITY. Evidence: Literal source label 'Cal. St. (LA)' identifies the historical/non-D1 opponent without requiring a current-D1 merge; current protected-main program registry contains no competing current-D1 identity requiring reassignment. Preserved distinctly under Stage 2 convergence policy. Sources: https://github.com/pollackelliott/college-basketball-history/blob/9738fe4f54b813aad4d2a12344a2c8279c3590ee/data/reference/programs.csv
arizona-state,Los Angeles St.,cal-state-la,Cal State LA,FALSE,13,1953-1954,1964-1965,RESOLVED,RESOLVED_TRANCHE1,,"Identity class: HISTORICAL_NONCURRENT_IDENTITY. Global registration: PENDING_CURRENT_MAIN_REBASE_NONCURRENT_IDENTITY. Evidence: Cal State LA official history: Los Angeles State College is the same institution later named California State University, Los Angeles Sources: https://www.calstatela.edu/specialcollections/cal-state-la-history"
arizona-state,Cal St. Northridge,cal-state-northridge,Cal State Northridge,TRUE,1,1993-1994,1993-1994,RESOLVED,RESOLVED_CURRENT_PROGRAM_REGISTRY_OR_SAFE_VARIANT,,Identity class: HISTORICAL_IDENTITY_RESOLVED_CURRENT_PROGRAM. Global registration: REUSE_CURRENT_MAIN_PROGRAM_EXPECTED. Evidence: Protected-main programs.csv at 9738fe4f54b813aad4d2a12344a2c8279c3590ee identifies current program Cal State Northridge under key cal-state-northridge; source label 'Cal St. Northridge' is an exact name/display match or conservative abbreviation/punctuation variant with no competing current-program identity. Sources: https://github.com/pollackelliott/college-basketball-history/blob/9738fe4f54b813aad4d2a12344a2c8279c3590ee/data/reference/programs.csv
arizona-state,Cal St.-N’ridge,cal-state-northridge,Cal State Northridge,TRUE,1,1982-1983,1982-1983,RESOLVED,RESOLVED_CURRENT_PROGRAM_REGISTRY_OR_SAFE_VARIANT,,Identity class: HISTORICAL_IDENTITY_RESOLVED_CURRENT_PROGRAM. Global registration: REUSE_CURRENT_MAIN_PROGRAM_EXPECTED. Evidence: Protected-main programs.csv at 9738fe4f54b813aad4d2a12344a2c8279c3590ee identifies current program Cal State Northridge under key cal-state-northridge; source label 'Cal St.-N’ridge' is an exact name/display match or conservative abbreviation/punctuation variant with no competing current-program identity. Sources: https://github.com/pollackelliott/college-basketball-history/blob/9738fe4f54b813aad4d2a12344a2c8279c3590ee/data/reference/programs.csv
arizona-state,Cal State Northridge,cal-state-northridge,Cal State Northridge,TRUE,3,1997-1998,2012-2013,RESOLVED,RESOLVED_CURRENT_PROGRAM_REGISTRY_OR_SAFE_VARIANT,,Identity class: HISTORICAL_IDENTITY_RESOLVED_CURRENT_PROGRAM. Global registration: REUSE_CURRENT_MAIN_PROGRAM_EXPECTED. Evidence: Protected-main programs.csv at 9738fe4f54b813aad4d2a12344a2c8279c3590ee identifies current program Cal State Northridge under key cal-state-northridge; source label 'Cal State Northridge' is an exact name/display match or conservative abbreviation/punctuation variant with no competing current-program identity. Sources: https://github.com/pollackelliott/college-basketball-history/blob/9738fe4f54b813aad4d2a12344a2c8279c3590ee/data/reference/programs.csv
arizona-state,CS San Bernardino,cal-state-san-bernardino,Cal State San Bernardino,FALSE,1,2006-2007,2006-2007,RESOLVED,RESOLVED_LITERAL_HISTORICAL_NON_D1,,Identity class: HISTORICAL_NON_D1_IDENTITY_RESOLVED. Global registration: PENDING_CURRENT_MAIN_REBASE_IDENTITY. Evidence: Literal source label 'CS San Bernardino' identifies the historical/non-D1 opponent without requiring a current-D1 merge; current protected-main program registry contains no competing current-D1 identity requiring reassignment. Preserved distinctly under Stage 2 convergence policy. Sources: https://github.com/pollackelliott/college-basketball-history/blob/9738fe4f54b813aad4d2a12344a2c8279c3590ee/data/reference/programs.csv
arizona-state,California,california,California,TRUE,62,1955-1956,2023-2024,RESOLVED,RESOLVED_TRANCHE1,,Identity class: CURRENT_PROGRAM_IDENTITY. Global registration: REUSE_CURRENT_MAIN_PROGRAM_EXPECTED. Evidence: Protected-main current program registry/name plus conservative source-label abbreviation normalization; no institution merge based on geography
arizona-state,California (18),california,California,TRUE,1,1993-1994,1993-1994,RESOLVED,RESOLVED_TRANCHE1,,Identity class: CURRENT_PROGRAM_IDENTITY. Global registration: REUSE_CURRENT_MAIN_PROGRAM_EXPECTED. Evidence: Protected-main current program registry/name plus conservative source-label abbreviation normalization; no institution merge based on geography
arizona-state,California (19),california,California,TRUE,1,1993-1994,1993-1994,RESOLVED,RESOLVED_TRANCHE1,,Identity class: CURRENT_PROGRAM_IDENTITY. Global registration: REUSE_CURRENT_MAIN_PROGRAM_EXPECTED. Evidence: Protected-main current program registry/name plus conservative source-label abbreviation normalization; no institution merge based on geography
arizona-state,California (20),california,California,TRUE,1,1994-1995,1994-1995,RESOLVED,RESOLVED_TRANCHE1,,Identity class: CURRENT_PROGRAM_IDENTITY. Global registration: REUSE_CURRENT_MAIN_PROGRAM_EXPECTED. Evidence: Protected-main current program registry/name plus conservative source-label abbreviation normalization; no institution merge based on geography
arizona-state,California (20) (NCAA),california,California,TRUE,1,2002-2003,2002-2003,RESOLVED,RESOLVED_TRANCHE1,,Identity class: CURRENT_PROGRAM_IDENTITY. Global registration: REUSE_CURRENT_MAIN_PROGRAM_EXPECTED. Evidence: Protected-main current program registry/name plus conservative source-label abbreviation normalization; no institution merge based on geography
arizona-state,California (20T),california,California,TRUE,1,1989-1990,1989-1990,RESOLVED,RESOLVED_TRANCHE1,,Identity class: CURRENT_PROGRAM_IDENTITY. Global registration: REUSE_CURRENT_MAIN_PROGRAM_EXPECTED. Evidence: Protected-main current program registry/name plus conservative source-label abbreviation normalization; no institution merge based on geography
arizona-state,California (21) (NCAA),california,California,TRUE,1,2001-2002,2001-2002,RESOLVED,RESOLVED_TRANCHE1,,Identity class: CURRENT_PROGRAM_IDENTITY. Global registration: REUSE_CURRENT_MAIN_PROGRAM_EXPECTED. Evidence: Protected-main current program registry/name plus conservative source-label abbreviation normalization; no institution merge based on geography
arizona-state,California (23) (NCAA),california,California,TRUE,1,2002-2003,2002-2003,RESOLVED,RESOLVED_TRANCHE1,,Identity class: CURRENT_PROGRAM_IDENTITY. Global registration: REUSE_CURRENT_MAIN_PROGRAM_EXPECTED. Evidence: Protected-main current program registry/name plus conservative source-label abbreviation normalization; no institution merge based on geography
arizona-state,California (2OT),california,California,TRUE,1,1999-2000,1999-2000,RESOLVED,RESOLVED_TRANCHE1,,Identity class: CURRENT_PROGRAM_IDENTITY. Global registration: REUSE_CURRENT_MAIN_PROGRAM_EXPECTED. Evidence: Protected-main current program registry/name plus conservative source-label abbreviation normalization; no institution merge based on geography
arizona-state,California (2OT) (NCAA),california,California,TRUE,1,2005-2006,2005-2006,RESOLVED,RESOLVED_TRANCHE1,,Identity class: CURRENT_PROGRAM_IDENTITY. Global registration: REUSE_CURRENT_MAIN_PROGRAM_EXPECTED. Evidence: Protected-main current program registry/name plus conservative source-label abbreviation normalization; no institution merge based on geography
arizona-state,California (NCAA),california,California,TRUE,11,2000-2001,2015-2016,RESOLVED,RESOLVED_TRANCHE1,,Identity class: CURRENT_PROGRAM_IDENTITY. Global registration: REUSE_CURRENT_MAIN_PROGRAM_EXPECTED. Evidence: Protected-main current program registry/name plus conservative source-label abbreviation normalization; no institution merge based on geography
arizona-state,California (NCAA) (25),california,California,TRUE,1,2015-2016,2015-2016,RESOLVED,RESOLVED_TRANCHE1,,Identity class: CURRENT_PROGRAM_IDENTITY. Global registration: REUSE_CURRENT_MAIN_PROGRAM_EXPECTED. Evidence: Protected-main current program registry/name plus conservative source-label abbreviation normalization; no institution merge based on geography
arizona-state,California (NIT),california,California,TRUE,6,2007-2008,2016-2017,RESOLVED,RESOLVED_TRANCHE1,,Identity class: CURRENT_PROGRAM_IDENTITY. Global registration: REUSE_CURRENT_MAIN_PROGRAM_EXPECTED. Evidence: Protected-main current program registry/name plus conservative source-label abbreviation normalization; no institution merge based on geography
arizona-state,California (OT),california,California,TRUE,2,1985-1986,2006-2007,RESOLVED,RESOLVED_TRANCHE1,,Identity class: CURRENT_PROGRAM_IDENTITY. Global registration: REUSE_CURRENT_MAIN_PROGRAM_EXPECTED. Evidence: Protected-main current program registry/name plus conservative source-label abbreviation normalization; no institution merge based on geography
arizona-state,California (OT) (NIT),california,California,TRUE,2,2007-2008,2013-2014,RESOLVED,RESOLVED_TRANCHE1,,Identity class: CURRENT_PROGRAM_IDENTITY. Global registration: REUSE_CURRENT_MAIN_PROGRAM_EXPECTED. Evidence: Protected-main current program registry/name plus conservative source-label abbreviation normalization; no institution merge based on geography
arizona-state,Camp Pendleton,camp-pendleton-marines,Camp Pendleton Marines,FALSE,2,1952-1953,1952-1953,RESOLVED,RESOLVED_LITERAL_HISTORICAL_NON_D1,,Identity class: HISTORICAL_NON_D1_IDENTITY_RESOLVED. Global registration: PENDING_CURRENT_MAIN_REBASE_IDENTITY. Evidence: Literal source label 'Camp Pendleton' identifies the historical/non-D1 opponent without requiring a current-D1 merge; current protected-main program registry contains no competing current-D1 identity requiring reassignment. Preserved distinctly under Stage 2 convergence policy. Sources: https://github.com/pollackelliott/college-basketball-history/blob/9738fe4f54b813aad4d2a12344a2c8279c3590ee/data/reference/programs.csv
arizona-state,camp pendleton,camp-pendleton-marines,Camp Pendleton Marines,FALSE,1,1948-1949,1948-1949,RESOLVED,RESOLVED_RESEARCHED_HISTORICAL_NON_D1,,Identity class: HISTORICAL_SERVICE_IDENTITY_RESOLVED. Global registration: PENDING_CURRENT_MAIN_REBASE_IDENTITY. Evidence: Camp Pendleton is the Marine Corps service-team identity; this canonical label matches the later ASU Pendleton Marines historical identity. Sources: https://github.com/pollackelliott/college-basketball-history/blob/9738fe4f54b813aad4d2a12344a2c8279c3590ee/data/reference/programs.csv
arizona-state,Pendleton Marines,camp-pendleton-marines,Camp Pendleton Marines,FALSE,1,1951-1952,1951-1952,RESOLVED,RESOLVED_LITERAL_HISTORICAL_NON_D1,,Identity class: HISTORICAL_NON_D1_IDENTITY_RESOLVED. Global registration: PENDING_CURRENT_MAIN_REBASE_IDENTITY. Evidence: Literal source label 'Pendleton Marines' identifies the historical/non-D1 opponent without requiring a current-D1 merge; current protected-main program registry contains no competing current-D1 identity requiring reassignment. Preserved distinctly under Stage 2 convergence policy. Sources: https://github.com/pollackelliott/college-basketball-history/blob/9738fe4f54b813aad4d2a12344a2c8279c3590ee/data/reference/programs.csv
arizona-state,Canisius,canisius,Canisius,TRUE,2,1962-1963,2001-2002,RESOLVED,RESOLVED_CURRENT_PROGRAM_REGISTRY_OR_SAFE_VARIANT,,Identity class: HISTORICAL_IDENTITY_RESOLVED_CURRENT_PROGRAM. Global registration: REUSE_CURRENT_MAIN_PROGRAM_EXPECTED. Evidence: Protected-main programs.csv at 9738fe4f54b813aad4d2a12344a2c8279c3590ee identifies current program Canisius under key canisius; source label 'Canisius' is an exact name/display match or conservative abbreviation/punctuation variant with no competing current-program identity. Sources: https://github.com/pollackelliott/college-basketball-history/blob/9738fe4f54b813aad4d2a12344a2c8279c3590ee/data/reference/programs.csv
arizona-state,Centenary,centenary-college-louisiana,Centenary College (Louisiana),FALSE,3,1953-1954,1983-1984,RESOLVED,RESOLVED_RESEARCHED_HISTORICAL_NON_D1,,"Identity class: HISTORICAL_NON_D1_IDENTITY_RESOLVED. Global registration: PENDING_CURRENT_MAIN_REBASE_IDENTITY. Evidence: Independent major-college schedules identify ASU's 1972-73 and 1983-84 opponents as Centenary (LA), and contemporary regional schedules identify Centenary College (Louisiana) in the same western/southwestern major-college context in 1953-54. The three ASU literal 'Centenary' rows are one Centenary College of Louisiana identity, not another same-name institution. Sources: https://www.sports-reference.com/cbb/schools/centenary-la/men/1973-schedule.html;https://www.sports-reference.com/cbb/schools/arizona-state/men/1984-schedule.html;https://arizonawildcats.com/sports/mens-basketball/schedule/1953-54"
arizona-state,Central Arkansas,central-arkansas,Central Arkansas,TRUE,2,2012-2013,2016-2017,RESOLVED,RESOLVED_CURRENT_PROGRAM_REGISTRY_OR_SAFE_VARIANT,,Identity class: HISTORICAL_IDENTITY_RESOLVED_CURRENT_PROGRAM. Global registration: REUSE_CURRENT_MAIN_PROGRAM_EXPECTED. Evidence: Protected-main programs.csv at 9738fe4f54b813aad4d2a12344a2c8279c3590ee identifies current program Central Arkansas under key central-arkansas; source label 'Central Arkansas' is an exact name/display match or conservative abbreviation/punctuation variant with no competing current-program identity. Sources: https://github.com/pollackelliott/college-basketball-history/blob/9738fe4f54b813aad4d2a12344a2c8279c3590ee/data/reference/programs.csv
arizona-state,Central Connecticut State,central-connecticut,Central Connecticut,TRUE,2,2008-2009,2019-2020,RESOLVED,RESOLVED_CURRENT_PROGRAM_REGISTRY_OR_SAFE_VARIANT,,Identity class: HISTORICAL_IDENTITY_RESOLVED_CURRENT_PROGRAM. Global registration: REUSE_CURRENT_MAIN_PROGRAM_EXPECTED. Evidence: Protected-main programs.csv at 9738fe4f54b813aad4d2a12344a2c8279c3590ee identifies current program Central Connecticut under key central-connecticut; source label 'Central Connecticut State' is an exact name/display match or conservative abbreviation/punctuation variant with no competing current-program identity. Sources: https://github.com/pollackelliott/college-basketball-history/blob/9738fe4f54b813aad4d2a12344a2c8279c3590ee/data/reference/programs.csv
arizona-state,central St.,central-oklahoma,Central Oklahoma,FALSE,1,1948-1949,1948-1949,RESOLVED,RESOLVED_RESEARCHED_HISTORICAL_ALIAS_NON_D1,,Identity class: HISTORICAL_NONCURRENT_IDENTITY. Global registration: PENDING_CURRENT_MAIN_REBASE_NONCURRENT_IDENTITY. Evidence: University of Central Oklahoma official history states the institution was named Central State College beginning in 1939; the 1948-49 ASU Central St. opponent is this lineage. Sources: https://www.uco.edu/about/history
arizona-state,Chaminade,chaminade,Chaminade,FALSE,3,1996-1997,2002-2003,RESOLVED,RESOLVED_LITERAL_HISTORICAL_NON_D1,,Identity class: HISTORICAL_NON_D1_IDENTITY_RESOLVED. Global registration: PENDING_CURRENT_MAIN_REBASE_IDENTITY. Evidence: Literal source label 'Chaminade' identifies the historical/non-D1 opponent without requiring a current-D1 merge; current protected-main program registry contains no competing current-D1 identity requiring reassignment. Preserved distinctly under Stage 2 convergence policy. Sources: https://github.com/pollackelliott/college-basketball-history/blob/9738fe4f54b813aad4d2a12344a2c8279c3590ee/data/reference/programs.csv
arizona-state,chandler High,chandler-high-school,Chandler High School,FALSE,1,1930-1931,1930-1931,RESOLVED,RESOLVED_LITERAL_HISTORICAL_NON_D1,,Identity class: HISTORICAL_SCHOLASTIC_IDENTITY_RESOLVED. Global registration: PENDING_CURRENT_MAIN_REBASE_IDENTITY. Evidence: Literal source label identifies Chandler High School; kept outside collegiate/current-D1 identity space. Sources: https://github.com/pollackelliott/college-basketball-history/blob/9738fe4f54b813aad4d2a12344a2c8279c3590ee/data/reference/programs.csv
arizona-state,Chapman,chapman,Chapman,FALSE,1,1937-1938,1937-1938,RESOLVED,RESOLVED_LITERAL_HISTORICAL_NON_D1,,Identity class: HISTORICAL_NONCURRENT_IDENTITY. Global registration: PENDING_CURRENT_MAIN_REBASE_NONCURRENT_IDENTITY. Evidence: Literal source label uniquely identifies Chapman University and does not conceal a current-D1 program. Sources: https://github.com/pollackelliott/college-basketball-history/blob/9738fe4f54b813aad4d2a12344a2c8279c3590ee/data/reference/programs.csv
arizona-state,College of Charleston,charleston,Charleston,TRUE,2,1996-1997,2013-2014,RESOLVED,RESOLVED_CURRENT_PROGRAM_REGISTRY_OR_SAFE_VARIANT,,Identity class: HISTORICAL_IDENTITY_RESOLVED_CURRENT_PROGRAM. Global registration: REUSE_CURRENT_MAIN_PROGRAM_EXPECTED. Evidence: Protected-main programs.csv at 9738fe4f54b813aad4d2a12344a2c8279c3590ee identifies current program Charleston under key charleston; source label 'College of Charleston' is an exact name/display match or conservative abbreviation/punctuation variant with no competing current-program identity. Sources: https://github.com/pollackelliott/college-basketball-history/blob/9738fe4f54b813aad4d2a12344a2c8279c3590ee/data/reference/programs.csv
arizona-state,Charlotte,charlotte,Charlotte,TRUE,1,2008-2009,2008-2009,RESOLVED,RESOLVED_CURRENT_PROGRAM_REGISTRY_OR_SAFE_VARIANT,,Identity class: HISTORICAL_IDENTITY_RESOLVED_CURRENT_PROGRAM. Global registration: REUSE_CURRENT_MAIN_PROGRAM_EXPECTED. Evidence: Protected-main programs.csv at 9738fe4f54b813aad4d2a12344a2c8279c3590ee identifies current program Charlotte under key charlotte; source label 'Charlotte' is an exact name/display match or conservative abbreviation/punctuation variant with no competing current-program identity. Sources: https://github.com/pollackelliott/college-basketball-history/blob/9738fe4f54b813aad4d2a12344a2c8279c3590ee/data/reference/programs.csv
arizona-state,Charlotte (NCAA),charlotte,Charlotte,TRUE,1,2000-2001,2000-2001,RESOLVED,RESOLVED_CURRENT_PROGRAM_REGISTRY_OR_SAFE_VARIANT,,Identity class: HISTORICAL_IDENTITY_RESOLVED_CURRENT_PROGRAM. Global registration: REUSE_CURRENT_MAIN_PROGRAM_EXPECTED. Evidence: Protected-main programs.csv at 9738fe4f54b813aad4d2a12344a2c8279c3590ee identifies current program Charlotte under key charlotte; source label 'Charlotte' is an exact name/display match or conservative abbreviation/punctuation variant with no competing current-program identity. Sources: https://github.com/pollackelliott/college-basketball-history/blob/9738fe4f54b813aad4d2a12344a2c8279c3590ee/data/reference/programs.csv
arizona-state,Chicago State,chicago-state,Chicago State,TRUE,1,2014-2015,2014-2015,RESOLVED,RESOLVED_CURRENT_PROGRAM_REGISTRY_OR_SAFE_VARIANT,,Identity class: HISTORICAL_IDENTITY_RESOLVED_CURRENT_PROGRAM. Global registration: REUSE_CURRENT_MAIN_PROGRAM_EXPECTED. Evidence: Protected-main programs.csv at 9738fe4f54b813aad4d2a12344a2c8279c3590ee identifies current program Chicago State under key chicago-state; source label 'Chicago State' is an exact name/display match or conservative abbreviation/punctuation variant with no competing current-program identity. Sources: https://github.com/pollackelliott/college-basketball-history/blob/9738fe4f54b813aad4d2a12344a2c8279c3590ee/data/reference/programs.csv
arizona-state,Cincinnati,cincinnati,Cincinnati,TRUE,5,1972-1973,2025-2026,RESOLVED,RESOLVED_CURRENT_PROGRAM_REGISTRY_OR_SAFE_VARIANT,,Identity class: HISTORICAL_IDENTITY_RESOLVED_CURRENT_PROGRAM. Global registration: REUSE_CURRENT_MAIN_PROGRAM_EXPECTED. Evidence: Protected-main programs.csv at 9738fe4f54b813aad4d2a12344a2c8279c3590ee identifies current program Cincinnati under key cincinnati; source label 'Cincinnati' is an exact name/display match or conservative abbreviation/punctuation variant with no competing current-program identity. Sources: https://github.com/pollackelliott/college-basketball-history/blob/9738fe4f54b813aad4d2a12344a2c8279c3590ee/data/reference/programs.csv
arizona-state,Colgate,colgate,Colgate,TRUE,3,2000-2001,2014-2015,RESOLVED,RESOLVED_CURRENT_PROGRAM_REGISTRY_OR_SAFE_VARIANT,,Identity class: HISTORICAL_IDENTITY_RESOLVED_CURRENT_PROGRAM. Global registration: REUSE_CURRENT_MAIN_PROGRAM_EXPECTED. Evidence: Protected-main programs.csv at 9738fe4f54b813aad4d2a12344a2c8279c3590ee identifies current program Colgate under key colgate; source label 'Colgate' is an exact name/display match or conservative abbreviation/punctuation variant with no competing current-program identity. Sources: https://github.com/pollackelliott/college-basketball-history/blob/9738fe4f54b813aad4d2a12344a2c8279c3590ee/data/reference/programs.csv
arizona-state,Colorado,colorado,Colorado,TRUE,21,1963-1964,2025-2026,RESOLVED,RESOLVED_TRANCHE1,,Identity class: CURRENT_PROGRAM_IDENTITY. Global registration: REUSE_CURRENT_MAIN_PROGRAM_EXPECTED. Evidence: Protected-main current program registry/name plus conservative source-label abbreviation normalization; no institution merge based on geography
arizona-state,Colorado (6),colorado,Colorado,TRUE,1,1962-1963,1962-1963,RESOLVED,RESOLVED_TRANCHE1,,Identity class: CURRENT_PROGRAM_IDENTITY. Global registration: REUSE_CURRENT_MAIN_PROGRAM_EXPECTED. Evidence: Protected-main current program registry/name plus conservative source-label abbreviation normalization; no institution merge based on geography
arizona-state,Colorado (CBI),colorado,Colorado,TRUE,2,2014-2015,2014-2015,RESOLVED,RESOLVED_TRANCHE1,,Identity class: CURRENT_PROGRAM_IDENTITY. Global registration: REUSE_CURRENT_MAIN_PROGRAM_EXPECTED. Evidence: Protected-main current program registry/name plus conservative source-label abbreviation normalization; no institution merge based on geography
arizona-state,Colorado (NCAA),colorado,Colorado,TRUE,6,2011-2012,2015-2016,RESOLVED,RESOLVED_TRANCHE1,,Identity class: CURRENT_PROGRAM_IDENTITY. Global registration: REUSE_CURRENT_MAIN_PROGRAM_EXPECTED. Evidence: Protected-main current program registry/name plus conservative source-label abbreviation normalization; no institution merge based on geography
arizona-state,Colorado (NIT),colorado,Colorado,TRUE,1,2016-2017,2016-2017,RESOLVED,RESOLVED_TRANCHE1,,Identity class: CURRENT_PROGRAM_IDENTITY. Global registration: REUSE_CURRENT_MAIN_PROGRAM_EXPECTED. Evidence: Protected-main current program registry/name plus conservative source-label abbreviation normalization; no institution merge based on geography
arizona-state,Colorado (OT) (NCAA),colorado,Colorado,TRUE,1,2012-2013,2012-2013,RESOLVED,RESOLVED_TRANCHE1,,Identity class: CURRENT_PROGRAM_IDENTITY. Global registration: REUSE_CURRENT_MAIN_PROGRAM_EXPECTED. Evidence: Protected-main current program registry/name plus conservative source-label abbreviation normalization; no institution merge based on geography
arizona-state,Colorado A&M,colorado-state,Colorado State,TRUE,1,1956-1957,1956-1957,RESOLVED,RESOLVED_TRANCHE1,,Identity class: CURRENT_PROGRAM_IDENTITY. Global registration: REUSE_CURRENT_MAIN_PROGRAM_EXPECTED. Evidence: Colorado State official history: Colorado A&M became Colorado State University in 1957 Sources: https://english.colostate.edu/2019/10/1950s-a-time-of-change-a-new-name/
arizona-state,Colorado St.,colorado-state,Colorado State,TRUE,20,1963-1964,1977-1978,RESOLVED,RESOLVED_TRANCHE1,,Identity class: CURRENT_PROGRAM_IDENTITY. Global registration: REUSE_CURRENT_MAIN_PROGRAM_EXPECTED. Evidence: Colorado State official history: Colorado A&M became Colorado State University in 1957 Sources: https://english.colostate.edu/2019/10/1950s-a-time-of-change-a-new-name/
arizona-state,Colorado State,colorado-state,Colorado State,TRUE,1,1999-2000,1999-2000,RESOLVED,RESOLVED_TRANCHE1,,Identity class: CURRENT_PROGRAM_IDENTITY. Global registration: REUSE_CURRENT_MAIN_PROGRAM_EXPECTED. Evidence: Colorado State official history: Colorado A&M became Colorado State University in 1957 Sources: https://english.colostate.edu/2019/10/1950s-a-time-of-change-a-new-name/
arizona-state,Coppin State,coppin-state,Coppin State,TRUE,1,2012-2013,2012-2013,RESOLVED,RESOLVED_CURRENT_PROGRAM_REGISTRY_OR_SAFE_VARIANT,,Identity class: HISTORICAL_IDENTITY_RESOLVED_CURRENT_PROGRAM. Global registration: REUSE_CURRENT_MAIN_PROGRAM_EXPECTED. Evidence: Protected-main programs.csv at 9738fe4f54b813aad4d2a12344a2c8279c3590ee identifies current program Coppin State under key coppin-state; source label 'Coppin State' is an exact name/display match or conservative abbreviation/punctuation variant with no competing current-program identity. Sources: https://github.com/pollackelliott/college-basketball-history/blob/9738fe4f54b813aad4d2a12344a2c8279c3590ee/data/reference/programs.csv
arizona-state,Coppin State (NCAA),coppin-state,Coppin State,TRUE,1,2007-2008,2007-2008,RESOLVED,RESOLVED_CURRENT_PROGRAM_REGISTRY_OR_SAFE_VARIANT,,Identity class: HISTORICAL_IDENTITY_RESOLVED_CURRENT_PROGRAM. Global registration: REUSE_CURRENT_MAIN_PROGRAM_EXPECTED. Evidence: Protected-main programs.csv at 9738fe4f54b813aad4d2a12344a2c8279c3590ee identifies current program Coppin State under key coppin-state; source label 'Coppin State' is an exact name/display match or conservative abbreviation/punctuation variant with no competing current-program identity. Sources: https://github.com/pollackelliott/college-basketball-history/blob/9738fe4f54b813aad4d2a12344a2c8279c3590ee/data/reference/programs.csv
arizona-state,Cornell,cornell,Cornell,TRUE,1,2012-2013,2012-2013,RESOLVED,RESOLVED_CURRENT_PROGRAM_REGISTRY_OR_SAFE_VARIANT,,Identity class: HISTORICAL_IDENTITY_RESOLVED_CURRENT_PROGRAM. Global registration: REUSE_CURRENT_MAIN_PROGRAM_EXPECTED. Evidence: Protected-main programs.csv at 9738fe4f54b813aad4d2a12344a2c8279c3590ee identifies current program Cornell under key cornell; source label 'Cornell' is an exact name/display match or conservative abbreviation/punctuation variant with no competing current-program identity. Sources: https://github.com/pollackelliott/college-basketball-history/blob/9738fe4f54b813aad4d2a12344a2c8279c3590ee/data/reference/programs.csv
arizona-state,Creighton,creighton,Creighton,TRUE,9,1962-1963,2022-2023,RESOLVED,RESOLVED_TRANCHE1,,Identity class: CURRENT_PROGRAM_IDENTITY. Global registration: REUSE_CURRENT_MAIN_PROGRAM_EXPECTED. Evidence: Protected-main current program registry/name plus conservative source-label abbreviation normalization; no institution merge based on geography
arizona-state,Creighton (9) (NCAA),creighton,Creighton,TRUE,1,2016-2017,2016-2017,RESOLVED,RESOLVED_TRANCHE1,,Identity class: CURRENT_PROGRAM_IDENTITY. Global registration: REUSE_CURRENT_MAIN_PROGRAM_EXPECTED. Evidence: Protected-main current program registry/name plus conservative source-label abbreviation normalization; no institution merge based on geography
arizona-state,Creighton (NCAA),creighton,Creighton,TRUE,1,2012-2013,2012-2013,RESOLVED,RESOLVED_TRANCHE1,,Identity class: CURRENT_PROGRAM_IDENTITY. Global registration: REUSE_CURRENT_MAIN_PROGRAM_EXPECTED. Evidence: Protected-main current program registry/name plus conservative source-label abbreviation normalization; no institution merge based on geography
arizona-state,Creighton (NCAA) (20),creighton,Creighton,TRUE,1,2013-2014,2013-2014,RESOLVED,RESOLVED_TRANCHE1,,Identity class: CURRENT_PROGRAM_IDENTITY. Global registration: REUSE_CURRENT_MAIN_PROGRAM_EXPECTED. Evidence: Protected-main current program registry/name plus conservative source-label abbreviation normalization; no institution merge based on geography
arizona-state,Creighton (NIT),creighton,Creighton,TRUE,1,2015-2016,2015-2016,RESOLVED,RESOLVED_TRANCHE1,,Identity class: CURRENT_PROGRAM_IDENTITY. Global registration: REUSE_CURRENT_MAIN_PROGRAM_EXPECTED. Evidence: Protected-main current program registry/name plus conservative source-label abbreviation normalization; no institution merge based on geography
arizona-state,Dartmouth,dartmouth,Dartmouth,TRUE,2,1989-1990,2012-2013,RESOLVED,RESOLVED_CURRENT_PROGRAM_REGISTRY_OR_SAFE_VARIANT,,Identity class: HISTORICAL_IDENTITY_RESOLVED_CURRENT_PROGRAM. Global registration: REUSE_CURRENT_MAIN_PROGRAM_EXPECTED. Evidence: Protected-main programs.csv at 9738fe4f54b813aad4d2a12344a2c8279c3590ee identifies current program Dartmouth under key dartmouth; source label 'Dartmouth' is an exact name/display match or conservative abbreviation/punctuation variant with no competing current-program identity. Sources: https://github.com/pollackelliott/college-basketball-history/blob/9738fe4f54b813aad4d2a12344a2c8279c3590ee/data/reference/programs.csv
arizona-state,Davidson,davidson,Davidson,TRUE,1,2016-2017,2016-2017,RESOLVED,RESOLVED_CURRENT_PROGRAM_REGISTRY_OR_SAFE_VARIANT,,Identity class: HISTORICAL_IDENTITY_RESOLVED_CURRENT_PROGRAM. Global registration: REUSE_CURRENT_MAIN_PROGRAM_EXPECTED. Evidence: Protected-main programs.csv at 9738fe4f54b813aad4d2a12344a2c8279c3590ee identifies current program Davidson under key davidson; source label 'Davidson' is an exact name/display match or conservative abbreviation/punctuation variant with no competing current-program identity. Sources: https://github.com/pollackelliott/college-basketball-history/blob/9738fe4f54b813aad4d2a12344a2c8279c3590ee/data/reference/programs.csv
arizona-state,Davidson (NCAA),davidson,Davidson,TRUE,1,2006-2007,2006-2007,RESOLVED,RESOLVED_CURRENT_PROGRAM_REGISTRY_OR_SAFE_VARIANT,,Identity class: HISTORICAL_IDENTITY_RESOLVED_CURRENT_PROGRAM. Global registration: REUSE_CURRENT_MAIN_PROGRAM_EXPECTED. Evidence: Protected-main programs.csv at 9738fe4f54b813aad4d2a12344a2c8279c3590ee identifies current program Davidson under key davidson; source label 'Davidson' is an exact name/display match or conservative abbreviation/punctuation variant with no competing current-program identity. Sources: https://github.com/pollackelliott/college-basketball-history/blob/9738fe4f54b813aad4d2a12344a2c8279c3590ee/data/reference/programs.csv
arizona-state,Dayton,dayton,Dayton,TRUE,4,1949-1950,1959-1960,RESOLVED,RESOLVED_CURRENT_PROGRAM_REGISTRY_OR_SAFE_VARIANT | RESOLVED_FROM_STAGE1_ACCEPTED_IDENTITY,,Identity class: HISTORICAL_IDENTITY_RESOLVED_CURRENT_PROGRAM | CURRENT_PROGRAM_IDENTITY. Global registration: REUSE_CURRENT_MAIN_PROGRAM_EXPECTED. Evidence: Batch 33 accepted Stage 1 opponent identity; Stage 2 preserves rather than re-researches the row Stage 2 current-main registry linkage applied to protected-main key dayton without changing the accepted historical opponent identity. || Protected-main programs.csv at 9738fe4f54b813aad4d2a12344a2c8279c3590ee identifies current program Dayton under key dayton; source label 'Dayton' is an exact name/display match or conservative abbreviation/punctuation variant with no competing current-program identity. Stage 2 current-main registry linkage applied to protected-main key dayton without changing the accepted historical opponent identity. || Protected-main programs.csv at 9738fe4f54b813aad4d2a12344a2c8279c3590ee identifies the current program; source label is an exact or conservative case/punctuation/abbreviation variant with no competing current-program identity. Sources: https://github.com/pollackelliott/college-basketball-history/blob/9738fe4f54b813aad4d2a12344a2c8279c3590ee/data/reference/programs.csv
arizona-state,Delaware State,delaware-state,Delaware State,TRUE,3,1997-1998,2009-2010,RESOLVED,RESOLVED_CURRENT_PROGRAM_REGISTRY_OR_SAFE_VARIANT,,Identity class: HISTORICAL_IDENTITY_RESOLVED_CURRENT_PROGRAM. Global registration: REUSE_CURRENT_MAIN_PROGRAM_EXPECTED. Evidence: Protected-main programs.csv at 9738fe4f54b813aad4d2a12344a2c8279c3590ee identifies current program Delaware State under key delaware-state; source label 'Delaware State' is an exact name/display match or conservative abbreviation/punctuation variant with no competing current-program identity. Sources: https://github.com/pollackelliott/college-basketball-history/blob/9738fe4f54b813aad4d2a12344a2c8279c3590ee/data/reference/programs.csv
arizona-state,Delaware State (NCAA),delaware-state,Delaware State,TRUE,1,2004-2005,2004-2005,RESOLVED,RESOLVED_CURRENT_PROGRAM_REGISTRY_OR_SAFE_VARIANT,,Identity class: HISTORICAL_IDENTITY_RESOLVED_CURRENT_PROGRAM. Global registration: REUSE_CURRENT_MAIN_PROGRAM_EXPECTED. Evidence: Protected-main programs.csv at 9738fe4f54b813aad4d2a12344a2c8279c3590ee identifies current program Delaware State under key delaware-state; source label 'Delaware State' is an exact name/display match or conservative abbreviation/punctuation variant with no competing current-program identity. Sources: https://github.com/pollackelliott/college-basketball-history/blob/9738fe4f54b813aad4d2a12344a2c8279c3590ee/data/reference/programs.csv
arizona-state,Denver,denver,Denver,TRUE,4,1961-1962,1985-1986,RESOLVED,RESOLVED_CURRENT_PROGRAM_REGISTRY_OR_SAFE_VARIANT,,Identity class: HISTORICAL_IDENTITY_RESOLVED_CURRENT_PROGRAM. Global registration: REUSE_CURRENT_MAIN_PROGRAM_EXPECTED. Evidence: Protected-main programs.csv at 9738fe4f54b813aad4d2a12344a2c8279c3590ee identifies current program Denver under key denver; source label 'Denver' is an exact name/display match or conservative abbreviation/punctuation variant with no competing current-program identity. Sources: https://github.com/pollackelliott/college-basketball-history/blob/9738fe4f54b813aad4d2a12344a2c8279c3590ee/data/reference/programs.csv
arizona-state,Denver (OT),denver,Denver,TRUE,1,1962-1963,1962-1963,RESOLVED,RESOLVED_CURRENT_PROGRAM_REGISTRY_OR_SAFE_VARIANT,,Identity class: HISTORICAL_IDENTITY_RESOLVED_CURRENT_PROGRAM. Global registration: REUSE_CURRENT_MAIN_PROGRAM_EXPECTED. Evidence: Protected-main programs.csv at 9738fe4f54b813aad4d2a12344a2c8279c3590ee identifies current program Denver under key denver; source label 'Denver' is an exact name/display match or conservative abbreviation/punctuation variant with no competing current-program identity. Sources: https://github.com/pollackelliott/college-basketball-history/blob/9738fe4f54b813aad4d2a12344a2c8279c3590ee/data/reference/programs.csv
arizona-state,DePaul,depaul,DePaul,TRUE,5,1966-1967,2013-2014,RESOLVED,RESOLVED_TRANCHE1,,Identity class: CURRENT_PROGRAM_IDENTITY. Global registration: REUSE_CURRENT_MAIN_PROGRAM_EXPECTED. Evidence: Protected-main current program registry/name plus conservative source-label abbreviation normalization; no institution merge based on geography
arizona-state,DePaul (OT),depaul,DePaul,TRUE,1,1982-1983,1982-1983,RESOLVED,RESOLVED_TRANCHE1,,Identity class: CURRENT_PROGRAM_IDENTITY. Global registration: REUSE_CURRENT_MAIN_PROGRAM_EXPECTED. Evidence: Protected-main current program registry/name plus conservative source-label abbreviation normalization; no institution merge based on geography
arizona-state,DePauw,depauw,DePauw,FALSE,1,1970-1971,1970-1971,RESOLVED,RESOLVED_LITERAL_HISTORICAL_NON_D1,,Identity class: HISTORICAL_NON_D1_IDENTITY_RESOLVED. Global registration: PENDING_CURRENT_MAIN_REBASE_IDENTITY. Evidence: Literal source label 'DePauw' identifies the historical/non-D1 opponent without requiring a current-D1 merge; current protected-main program registry contains no competing current-D1 identity requiring reassignment. Preserved distinctly under Stage 2 convergence policy. Sources: https://github.com/pollackelliott/college-basketball-history/blob/9738fe4f54b813aad4d2a12344a2c8279c3590ee/data/reference/programs.csv
arizona-state,Detroit,detroit-mercy,Detroit Mercy,TRUE,3,1970-1971,2014-2015,RESOLVED,RESOLVED_RESEARCHED_HISTORICAL_ALIAS,,Identity class: HISTORICAL_IDENTITY_RESOLVED_CURRENT_PROGRAM. Global registration: REUSE_CURRENT_MAIN_PROGRAM_EXPECTED. Evidence: University of Detroit and Mercy College consolidated in 1990 to form the University of Detroit Mercy; the ASU series rows before and after the consolidation belong to that program lineage. Literal 'Detroit' is preserved. Sources: https://www.udmercy.edu/about/history.php;https://www.sports-reference.com/cbb/schools/arizona-state/men/1971-schedule.html
arizona-state,Detroit (NIT),detroit-mercy,Detroit Mercy,TRUE,1,2012-2013,2012-2013,RESOLVED,RESOLVED_RESEARCHED_HISTORICAL_ALIAS,,Identity class: HISTORICAL_IDENTITY_RESOLVED_CURRENT_PROGRAM. Global registration: REUSE_CURRENT_MAIN_PROGRAM_EXPECTED. Evidence: University of Detroit and Mercy College consolidated in 1990 to form the University of Detroit Mercy; the ASU series rows before and after the consolidation belong to that program lineage. Literal 'Detroit' is preserved. Sources: https://www.udmercy.edu/about/history.php;https://www.sports-reference.com/cbb/schools/arizona-state/men/1971-schedule.html
arizona-state,Detroit Mercy,detroit-mercy,Detroit Mercy,TRUE,1,1992-1993,1992-1993,RESOLVED,RESOLVED_CURRENT_PROGRAM_REGISTRY_OR_SAFE_VARIANT,,Identity class: HISTORICAL_IDENTITY_RESOLVED_CURRENT_PROGRAM. Global registration: REUSE_CURRENT_MAIN_PROGRAM_EXPECTED. Evidence: Protected-main programs.csv at 9738fe4f54b813aad4d2a12344a2c8279c3590ee identifies current program Detroit Mercy under key detroit-mercy; source label 'Detroit Mercy' is an exact name/display match or conservative abbreviation/punctuation variant with no competing current-program identity. Sources: https://github.com/pollackelliott/college-basketball-history/blob/9738fe4f54b813aad4d2a12344a2c8279c3590ee/data/reference/programs.csv
arizona-state,Drake,drake,Drake,TRUE,1,1990-1991,1990-1991,RESOLVED,RESOLVED_CURRENT_PROGRAM_REGISTRY_OR_SAFE_VARIANT,,Identity class: HISTORICAL_IDENTITY_RESOLVED_CURRENT_PROGRAM. Global registration: REUSE_CURRENT_MAIN_PROGRAM_EXPECTED. Evidence: Protected-main programs.csv at 9738fe4f54b813aad4d2a12344a2c8279c3590ee identifies current program Drake under key drake; source label 'Drake' is an exact name/display match or conservative abbreviation/punctuation variant with no competing current-program identity. Sources: https://github.com/pollackelliott/college-basketball-history/blob/9738fe4f54b813aad4d2a12344a2c8279c3590ee/data/reference/programs.csv
arizona-state,Duke (7) (NCAA),duke,Duke,TRUE,1,2009-2010,2009-2010,RESOLVED,RESOLVED_CURRENT_PROGRAM_REGISTRY_OR_SAFE_VARIANT,,Identity class: HISTORICAL_IDENTITY_RESOLVED_CURRENT_PROGRAM. Global registration: REUSE_CURRENT_MAIN_PROGRAM_EXPECTED. Evidence: Protected-main programs.csv at 9738fe4f54b813aad4d2a12344a2c8279c3590ee identifies current program Duke under key duke; source label 'Duke' is an exact name/display match or conservative abbreviation/punctuation variant with no competing current-program identity. Sources: https://github.com/pollackelliott/college-basketball-history/blob/9738fe4f54b813aad4d2a12344a2c8279c3590ee/data/reference/programs.csv
arizona-state,Duquesne,duquesne,Duquesne,TRUE,2,1949-1950,1992-1993,RESOLVED,RESOLVED_CURRENT_PROGRAM_REGISTRY_OR_SAFE_VARIANT,,Identity class: HISTORICAL_IDENTITY_RESOLVED_CURRENT_PROGRAM | CURRENT_PROGRAM_IDENTITY. Global registration: REUSE_CURRENT_MAIN_PROGRAM_EXPECTED. Evidence: Protected-main programs.csv at 9738fe4f54b813aad4d2a12344a2c8279c3590ee identifies current program Duquesne under key duquesne; source label 'Duquesne' is an exact name/display match or conservative abbreviation/punctuation variant with no competing current-program identity. || Protected-main programs.csv at 9738fe4f54b813aad4d2a12344a2c8279c3590ee identifies the current program; source label is an exact or conservative case/punctuation/abbreviation variant with no competing current-program identity. Sources: https://github.com/pollackelliott/college-basketball-history/blob/9738fe4f54b813aad4d2a12344a2c8279c3590ee/data/reference/programs.csv
arizona-state,E. Tennessee (T),east-tennessee-state,East Tennessee State,TRUE,1,1952-1953,1952-1953,RESOLVED,RESOLVED_CURRENT_PROGRAM_REGISTRY_OR_SAFE_VARIANT,,Identity class: HISTORICAL_IDENTITY_RESOLVED_CURRENT_PROGRAM. Global registration: REUSE_CURRENT_MAIN_PROGRAM_EXPECTED. Evidence: Protected-main programs.csv at 9738fe4f54b813aad4d2a12344a2c8279c3590ee identifies current program East Tennessee State under key east-tennessee-state; source label 'E. Tennessee' is an exact name/display match or conservative abbreviation/punctuation variant with no competing current-program identity. Sources: https://github.com/pollackelliott/college-basketball-history/blob/9738fe4f54b813aad4d2a12344a2c8279c3590ee/data/reference/programs.csv
arizona-state,E. Arizona Jc,eastern-arizona-college,Eastern Arizona College,FALSE,13,1925-1926,1931-1932,RESOLVED,RESOLVED_RESEARCHED_HISTORICAL_ALIAS_NON_D1,,Identity class: HISTORICAL_NONCURRENT_IDENTITY. Global registration: PENDING_CURRENT_MAIN_REBASE_NONCURRENT_IDENTITY. Evidence: Eastern Arizona College official history documents the same institutional lineage through Gila College/Gila Junior College and the later Eastern Arizona Junior College name. The retrospective ASU E. Arizona JC label is therefore unified with Gila College. Sources: https://eac.edu/about/history/
arizona-state,E.Arizona Jc,eastern-arizona-college,Eastern Arizona College,FALSE,1,1932-1933,1932-1933,RESOLVED,RESOLVED_RESEARCHED_HISTORICAL_ALIAS_NON_D1,,Identity class: HISTORICAL_NONCURRENT_IDENTITY. Global registration: PENDING_CURRENT_MAIN_REBASE_NONCURRENT_IDENTITY. Evidence: Eastern Arizona College official history documents the same institutional lineage through Gila College/Gila Junior College and the later Eastern Arizona Junior College name. The retrospective ASU E. Arizona JC label is therefore unified with Gila College. Sources: https://eac.edu/about/history/
arizona-state,Gila College,eastern-arizona-college,Eastern Arizona College,FALSE,1,1924-1925,1924-1925,RESOLVED,RESOLVED_RESEARCHED_HISTORICAL_ALIAS_NON_D1,,Identity class: HISTORICAL_NONCURRENT_IDENTITY. Global registration: PENDING_CURRENT_MAIN_REBASE_NONCURRENT_IDENTITY. Evidence: Eastern Arizona College official history documents the same institutional lineage through Gila College/Gila Junior College and the later Eastern Arizona Junior College name. The retrospective ASU E. Arizona JC label is therefore unified with Gila College. Sources: https://eac.edu/about/history/
arizona-state,Eastern Michigan,eastern-michigan,Eastern Michigan,TRUE,1,1997-1998,1997-1998,RESOLVED,RESOLVED_CURRENT_PROGRAM_REGISTRY_OR_SAFE_VARIANT,,Identity class: HISTORICAL_IDENTITY_RESOLVED_CURRENT_PROGRAM. Global registration: REUSE_CURRENT_MAIN_PROGRAM_EXPECTED. Evidence: Protected-main programs.csv at 9738fe4f54b813aad4d2a12344a2c8279c3590ee identifies current program Eastern Michigan under key eastern-michigan; source label 'Eastern Michigan' is an exact name/display match or conservative abbreviation/punctuation variant with no competing current-program identity. Sources: https://github.com/pollackelliott/college-basketball-history/blob/9738fe4f54b813aad4d2a12344a2c8279c3590ee/data/reference/programs.csv
arizona-state,Fairfield,fairfield,Fairfield,TRUE,1,2011-2012,2011-2012,RESOLVED,RESOLVED_CURRENT_PROGRAM_REGISTRY_OR_SAFE_VARIANT,,Identity class: HISTORICAL_IDENTITY_RESOLVED_CURRENT_PROGRAM. Global registration: REUSE_CURRENT_MAIN_PROGRAM_EXPECTED. Evidence: Protected-main programs.csv at 9738fe4f54b813aad4d2a12344a2c8279c3590ee identifies current program Fairfield under key fairfield; source label 'Fairfield' is an exact name/display match or conservative abbreviation/punctuation variant with no competing current-program identity. Sources: https://github.com/pollackelliott/college-basketball-history/blob/9738fe4f54b813aad4d2a12344a2c8279c3590ee/data/reference/programs.csv
arizona-state,Fairleigh Dickinson (NCAA),fairleigh-dickinson,Fairleigh Dickinson,TRUE,1,2004-2005,2004-2005,RESOLVED,RESOLVED_CURRENT_PROGRAM_REGISTRY_OR_SAFE_VARIANT,,Identity class: HISTORICAL_IDENTITY_RESOLVED_CURRENT_PROGRAM. Global registration: REUSE_CURRENT_MAIN_PROGRAM_EXPECTED. Evidence: Protected-main programs.csv at 9738fe4f54b813aad4d2a12344a2c8279c3590ee identifies current program Fairleigh Dickinson under key fairleigh-dickinson; source label 'Fairleigh Dickinson' is an exact name/display match or conservative abbreviation/punctuation variant with no competing current-program identity. Sources: https://github.com/pollackelliott/college-basketball-history/blob/9738fe4f54b813aad4d2a12344a2c8279c3590ee/data/reference/programs.csv
arizona-state,Florida,florida,Florida,TRUE,2,1984-1985,2024-2025,RESOLVED,RESOLVED_CURRENT_PROGRAM_REGISTRY_OR_SAFE_VARIANT,,Identity class: HISTORICAL_IDENTITY_RESOLVED_CURRENT_PROGRAM. Global registration: REUSE_CURRENT_MAIN_PROGRAM_EXPECTED. Evidence: Protected-main programs.csv at 9738fe4f54b813aad4d2a12344a2c8279c3590ee identifies current program Florida under key florida; source label 'Florida' is an exact name/display match or conservative abbreviation/punctuation variant with no competing current-program identity. Sources: https://github.com/pollackelliott/college-basketball-history/blob/9738fe4f54b813aad4d2a12344a2c8279c3590ee/data/reference/programs.csv
arizona-state,Florida (NIT),florida,Florida,TRUE,1,2007-2008,2007-2008,RESOLVED,RESOLVED_CURRENT_PROGRAM_REGISTRY_OR_SAFE_VARIANT,,Identity class: HISTORICAL_IDENTITY_RESOLVED_CURRENT_PROGRAM. Global registration: REUSE_CURRENT_MAIN_PROGRAM_EXPECTED. Evidence: Protected-main programs.csv at 9738fe4f54b813aad4d2a12344a2c8279c3590ee identifies current program Florida under key florida; source label 'Florida' is an exact name/display match or conservative abbreviation/punctuation variant with no competing current-program identity. Sources: https://github.com/pollackelliott/college-basketball-history/blob/9738fe4f54b813aad4d2a12344a2c8279c3590ee/data/reference/programs.csv
arizona-state,Florida A&M,florida-a-m,Florida A&M,TRUE,1,2012-2013,2012-2013,RESOLVED,RESOLVED_CURRENT_PROGRAM_REGISTRY_OR_SAFE_VARIANT,,Identity class: HISTORICAL_IDENTITY_RESOLVED_CURRENT_PROGRAM. Global registration: REUSE_CURRENT_MAIN_PROGRAM_EXPECTED. Evidence: Protected-main programs.csv at 9738fe4f54b813aad4d2a12344a2c8279c3590ee identifies current program Florida A&M under key florida-a-m; source label 'Florida A&M' is an exact name/display match or conservative abbreviation/punctuation variant with no competing current-program identity. Sources: https://github.com/pollackelliott/college-basketball-history/blob/9738fe4f54b813aad4d2a12344a2c8279c3590ee/data/reference/programs.csv
arizona-state,Florida Gulf Coast,florida-gulf-coast,Florida Gulf Coast,TRUE,1,2007-2008,2007-2008,RESOLVED,RESOLVED_CURRENT_PROGRAM_REGISTRY_OR_SAFE_VARIANT,,Identity class: HISTORICAL_IDENTITY_RESOLVED_CURRENT_PROGRAM. Global registration: REUSE_CURRENT_MAIN_PROGRAM_EXPECTED. Evidence: Protected-main programs.csv at 9738fe4f54b813aad4d2a12344a2c8279c3590ee identifies current program Florida Gulf Coast under key florida-gulf-coast; source label 'Florida Gulf Coast' is an exact name/display match or conservative abbreviation/punctuation variant with no competing current-program identity. Sources: https://github.com/pollackelliott/college-basketball-history/blob/9738fe4f54b813aad4d2a12344a2c8279c3590ee/data/reference/programs.csv
arizona-state,Fordham,fordham,Fordham,TRUE,1,1985-1986,1985-1986,RESOLVED,RESOLVED_CURRENT_PROGRAM_REGISTRY_OR_SAFE_VARIANT,,Identity class: HISTORICAL_IDENTITY_RESOLVED_CURRENT_PROGRAM. Global registration: REUSE_CURRENT_MAIN_PROGRAM_EXPECTED. Evidence: Protected-main programs.csv at 9738fe4f54b813aad4d2a12344a2c8279c3590ee identifies current program Fordham under key fordham; source label 'Fordham' is an exact name/display match or conservative abbreviation/punctuation variant with no competing current-program identity. Sources: https://github.com/pollackelliott/college-basketball-history/blob/9738fe4f54b813aad4d2a12344a2c8279c3590ee/data/reference/programs.csv
arizona-state,fort Bliss,fort-bliss,Fort Bliss,FALSE,1,1945-1946,1945-1946,RESOLVED,RESOLVED_RESEARCHED_HISTORICAL_NON_D1,,Identity class: HISTORICAL_SERVICE_IDENTITY_RESOLVED. Global registration: PENDING_CURRENT_MAIN_REBASE_IDENTITY. Evidence: Literal source label identifies the Fort Bliss service team; University of Arizona official 1945-46 schedule independently shows Ft. Bliss in the same regional basketball circuit. Sources: https://arizonawildcats.com/sports/mens-basketball/schedule/1945-46
arizona-state,Fresno St.,fresno-state,Fresno State,TRUE,6,1958-1959,1971-1972,RESOLVED,RESOLVED_TRANCHE1,,Identity class: CURRENT_PROGRAM_IDENTITY. Global registration: REUSE_CURRENT_MAIN_PROGRAM_EXPECTED. Evidence: Protected-main current program registry/name plus conservative source-label abbreviation normalization; no institution merge based on geography
arizona-state,Fresno State,fresno-state,Fresno State,TRUE,1,2011-2012,2011-2012,RESOLVED,RESOLVED_TRANCHE1,,Identity class: CURRENT_PROGRAM_IDENTITY. Global registration: REUSE_CURRENT_MAIN_PROGRAM_EXPECTED. Evidence: Protected-main current program registry/name plus conservative source-label abbreviation normalization; no institution merge based on geography
arizona-state,funk Jewelers,funk-s-jewelers,Funk's Jewelers,FALSE,3,1945-1946,1945-1946,RESOLVED,RESOLVED_RESEARCHED_HISTORICAL_NON_D1,,"Identity class: HISTORICAL_COMMERCIAL_IDENTITY_RESOLVED. Global registration: PENDING_CURRENT_MAIN_REBASE_IDENTITY. Evidence: University of Arizona historical records independently list Funk's Jewelers in the same 1937-38 regional basketball context, supporting one local commercial-team identity. Sources: https://static.arizonawildcats.com/old_site/pdf/m-baskbl/media-guide-129-188.pdf"
arizona-state,Gardner-Webb,gardner-webb,Gardner-Webb,TRUE,1,2010-2011,2010-2011,RESOLVED,RESOLVED_CURRENT_PROGRAM_REGISTRY_OR_SAFE_VARIANT,,Identity class: HISTORICAL_IDENTITY_RESOLVED_CURRENT_PROGRAM. Global registration: REUSE_CURRENT_MAIN_PROGRAM_EXPECTED. Evidence: Protected-main programs.csv at 9738fe4f54b813aad4d2a12344a2c8279c3590ee identifies current program Gardner-Webb under key gardner-webb; source label 'Gardner-Webb' is an exact name/display match or conservative abbreviation/punctuation variant with no competing current-program identity. Sources: https://github.com/pollackelliott/college-basketball-history/blob/9738fe4f54b813aad4d2a12344a2c8279c3590ee/data/reference/programs.csv
arizona-state,Georgetown,georgetown,Georgetown,TRUE,1,1992-1993,1992-1993,RESOLVED,RESOLVED_CURRENT_PROGRAM_REGISTRY_OR_SAFE_VARIANT,,Identity class: HISTORICAL_IDENTITY_RESOLVED_CURRENT_PROGRAM. Global registration: REUSE_CURRENT_MAIN_PROGRAM_EXPECTED. Evidence: Protected-main programs.csv at 9738fe4f54b813aad4d2a12344a2c8279c3590ee identifies current program Georgetown under key georgetown; source label 'Georgetown' is an exact name/display match or conservative abbreviation/punctuation variant with no competing current-program identity. Sources: https://github.com/pollackelliott/college-basketball-history/blob/9738fe4f54b813aad4d2a12344a2c8279c3590ee/data/reference/programs.csv
arizona-state,Georgia,georgia,Georgia,TRUE,3,1989-1990,2019-2020,RESOLVED,RESOLVED_CURRENT_PROGRAM_REGISTRY_OR_SAFE_VARIANT,,Identity class: HISTORICAL_IDENTITY_RESOLVED_CURRENT_PROGRAM. Global registration: REUSE_CURRENT_MAIN_PROGRAM_EXPECTED. Evidence: Protected-main programs.csv at 9738fe4f54b813aad4d2a12344a2c8279c3590ee identifies current program Georgia under key georgia; source label 'Georgia' is an exact name/display match or conservative abbreviation/punctuation variant with no competing current-program identity. Sources: https://github.com/pollackelliott/college-basketball-history/blob/9738fe4f54b813aad4d2a12344a2c8279c3590ee/data/reference/programs.csv
arizona-state,Georgia State,georgia-state,Georgia State,TRUE,1,2025-2026,2025-2026,RESOLVED,RESOLVED_CURRENT_PROGRAM_REGISTRY_OR_SAFE_VARIANT,,Identity class: HISTORICAL_IDENTITY_RESOLVED_CURRENT_PROGRAM. Global registration: REUSE_CURRENT_MAIN_PROGRAM_EXPECTED. Evidence: Protected-main programs.csv at 9738fe4f54b813aad4d2a12344a2c8279c3590ee identifies current program Georgia State under key georgia-state; source label 'Georgia State' is an exact name/display match or conservative abbreviation/punctuation variant with no competing current-program identity. Sources: https://github.com/pollackelliott/college-basketball-history/blob/9738fe4f54b813aad4d2a12344a2c8279c3590ee/data/reference/programs.csv
arizona-state,Georgia Tech,georgia-tech,Georgia Tech,TRUE,1,1975-1976,1975-1976,RESOLVED,RESOLVED_CURRENT_PROGRAM_REGISTRY_OR_SAFE_VARIANT,,Identity class: HISTORICAL_IDENTITY_RESOLVED_CURRENT_PROGRAM. Global registration: REUSE_CURRENT_MAIN_PROGRAM_EXPECTED. Evidence: Protected-main programs.csv at 9738fe4f54b813aad4d2a12344a2c8279c3590ee identifies current program Georgia Tech under key georgia-tech; source label 'Georgia Tech' is an exact name/display match or conservative abbreviation/punctuation variant with no competing current-program identity. Sources: https://github.com/pollackelliott/college-basketball-history/blob/9738fe4f54b813aad4d2a12344a2c8279c3590ee/data/reference/programs.csv
arizona-state,Gilbert,gilbert-yellow-jackets-1921-22,Gilbert Yellow Jackets (1921-22),FALSE,3,1921-1922,1921-1922,RESOLVED,RESOLVED_FROM_CONTEMPORARY_STAGE1_CONTEXT,,Identity class: HISTORICAL_LOCAL_IDENTITY_RESOLVED. Global registration: PENDING_CURRENT_MAIN_REBASE_IDENTITY. Evidence: The controlling 1921-22 contemporary Tempe Normal source identifies a three-game Gilbert valley-championship series; contemporary Phoenix Junior College evidence calls the same local basketball side the Gilbert Yellow-Jackets. Preserved as a historical local identity without forcing a modern institutional lineage. Sources: stage1:arizona-state-stage1-source-register-batch8.md; https://azmemory.azlibrary.gov/assets/displaypdf/143869
arizona-state,Goldwater,goldwater-s,Goldwater's,FALSE,1,1932-1933,1932-1933,RESOLVED,RESOLVED_RESEARCHED_HISTORICAL_NON_D1,,"Identity class: HISTORICAL_COMMERCIAL_IDENTITY_RESOLVED. Global registration: PENDING_CURRENT_MAIN_REBASE_IDENTITY. Evidence: University of Arizona's official 1932-33 schedule independently lists Goldwater's in Phoenix, confirming the local commercial-team identity behind ASU's Goldwater label. Sources: https://arizonawildcats.com/sports/mens-basketball/schedule/1932-33"
arizona-state,Gonzaga,gonzaga,Gonzaga,TRUE,2,2024-2025,2025-2026,RESOLVED,RESOLVED_CURRENT_PROGRAM_REGISTRY_OR_SAFE_VARIANT,,Identity class: HISTORICAL_IDENTITY_RESOLVED_CURRENT_PROGRAM. Global registration: REUSE_CURRENT_MAIN_PROGRAM_EXPECTED. Evidence: Protected-main programs.csv at 9738fe4f54b813aad4d2a12344a2c8279c3590ee identifies current program Gonzaga under key gonzaga; source label 'Gonzaga' is an exact name/display match or conservative abbreviation/punctuation variant with no competing current-program identity. Sources: https://github.com/pollackelliott/college-basketball-history/blob/9738fe4f54b813aad4d2a12344a2c8279c3590ee/data/reference/programs.csv
arizona-state,Grambling,grambling,Grambling,TRUE,1,2013-2014,2013-2014,RESOLVED,RESOLVED_CURRENT_PROGRAM_REGISTRY_OR_SAFE_VARIANT,,Identity class: HISTORICAL_IDENTITY_RESOLVED_CURRENT_PROGRAM. Global registration: REUSE_CURRENT_MAIN_PROGRAM_EXPECTED. Evidence: Protected-main programs.csv at 9738fe4f54b813aad4d2a12344a2c8279c3590ee identifies current program Grambling under key grambling; source label 'Grambling' is an exact name/display match or conservative abbreviation/punctuation variant with no competing current-program identity. Sources: https://github.com/pollackelliott/college-basketball-history/blob/9738fe4f54b813aad4d2a12344a2c8279c3590ee/data/reference/programs.csv
arizona-state,Grambling State,grambling,Grambling,TRUE,1,2022-2023,2022-2023,RESOLVED,RESOLVED_CURRENT_PROGRAM_REGISTRY_OR_SAFE_VARIANT,,Identity class: HISTORICAL_IDENTITY_RESOLVED_CURRENT_PROGRAM. Global registration: REUSE_CURRENT_MAIN_PROGRAM_EXPECTED. Evidence: Protected-main programs.csv at 9738fe4f54b813aad4d2a12344a2c8279c3590ee identifies current program Grambling under key grambling; source label 'Grambling State' is an exact name/display match or conservative abbreviation/punctuation variant with no competing current-program identity. Sources: https://github.com/pollackelliott/college-basketball-history/blob/9738fe4f54b813aad4d2a12344a2c8279c3590ee/data/reference/programs.csv
arizona-state,Grand Canyon,grand-canyon,Grand Canyon,TRUE,4,1979-1980,2024-2025,RESOLVED,RESOLVED_CURRENT_PROGRAM_REGISTRY_OR_SAFE_VARIANT,,Identity class: HISTORICAL_IDENTITY_RESOLVED_CURRENT_PROGRAM. Global registration: REUSE_CURRENT_MAIN_PROGRAM_EXPECTED. Evidence: Protected-main programs.csv at 9738fe4f54b813aad4d2a12344a2c8279c3590ee identifies current program Grand Canyon under key grand-canyon; source label 'Grand Canyon' is an exact name/display match or conservative abbreviation/punctuation variant with no competing current-program identity. Sources: https://github.com/pollackelliott/college-basketball-history/blob/9738fe4f54b813aad4d2a12344a2c8279c3590ee/data/reference/programs.csv
arizona-state,Hamline,hamline,Hamline,FALSE,1,1955-1956,1955-1956,RESOLVED,RESOLVED_LITERAL_HISTORICAL_NON_D1,,Identity class: HISTORICAL_NON_D1_IDENTITY_RESOLVED. Global registration: PENDING_CURRENT_MAIN_REBASE_IDENTITY. Evidence: Literal source label 'Hamline' identifies the historical/non-D1 opponent without requiring a current-D1 merge; current protected-main program registry contains no competing current-D1 identity requiring reassignment. Preserved distinctly under Stage 2 convergence policy. Sources: https://github.com/pollackelliott/college-basketball-history/blob/9738fe4f54b813aad4d2a12344a2c8279c3590ee/data/reference/programs.csv
arizona-state,Hardin Simmons,hardin-simmons,Hardin-Simmons,FALSE,2,1947-1948,1949-1950,RESOLVED,RESOLVED_RESEARCHED_HISTORICAL_NON_D1,,Identity class: HISTORICAL_NONCURRENT_IDENTITY. Global registration: PENDING_CURRENT_MAIN_REBASE_NONCURRENT_IDENTITY. Evidence: Source variants identify the same Hardin-Simmons University basketball program; no current-D1 registry identity competes with this mapping. Sources: https://github.com/pollackelliott/college-basketball-history/blob/9738fe4f54b813aad4d2a12344a2c8279c3590ee/data/reference/programs.csv
arizona-state,Hardin-Simmons,hardin-simmons,Hardin-Simmons,FALSE,31,1941-1942,1961-1962,RESOLVED,RESOLVED_FROM_STAGE1_ACCEPTED_IDENTITY | RESOLVED_RESEARCHED_HISTORICAL_NON_D1 | RESOLVED_TRANCHE1,,Identity class: HISTORICAL_IDENTITY_RESOLVED | HISTORICAL_NONCURRENT_IDENTITY. Global registration: PENDING_CURRENT_MAIN_REBASE_NONCURRENT_IDENTITY. Evidence: Batch 33 accepted Stage 1 opponent identity; Stage 2 preserves rather than re-researches the row || Protected-main current program registry/name plus conservative source-label abbreviation normalization; no institution merge based on geography || Source variants identify the same Hardin-Simmons University basketball program; no current-D1 registry identity competes with this mapping. Sources: https://github.com/pollackelliott/college-basketball-history/blob/9738fe4f54b813aad4d2a12344a2c8279c3590ee/data/reference/programs.csv
arizona-state,Hardins-Simmons,hardin-simmons,Hardin-Simmons,FALSE,1,1941-1942,1941-1942,RESOLVED,RESOLVED_RESEARCHED_HISTORICAL_NON_D1,,Identity class: HISTORICAL_NONCURRENT_IDENTITY. Global registration: PENDING_CURRENT_MAIN_REBASE_NONCURRENT_IDENTITY. Evidence: Source variants identify the same Hardin-Simmons University basketball program; no current-D1 registry identity competes with this mapping. Sources: https://github.com/pollackelliott/college-basketball-history/blob/9738fe4f54b813aad4d2a12344a2c8279c3590ee/data/reference/programs.csv
arizona-state,Hartford (CIT),hartford,Hartford,FALSE,1,2012-2013,2012-2013,RESOLVED,RESOLVED_LITERAL_HISTORICAL_NON_D1,,Identity class: HISTORICAL_NON_D1_IDENTITY_RESOLVED. Global registration: PENDING_CURRENT_MAIN_REBASE_IDENTITY. Evidence: Literal source label 'Hartford' identifies the historical/non-D1 opponent without requiring a current-D1 merge; current protected-main program registry contains no competing current-D1 identity requiring reassignment. Preserved distinctly under Stage 2 convergence policy. Sources: https://github.com/pollackelliott/college-basketball-history/blob/9738fe4f54b813aad4d2a12344a2c8279c3590ee/data/reference/programs.csv
arizona-state,Harvard,harvard,Harvard,TRUE,1,2014-2015,2014-2015,RESOLVED,RESOLVED_CURRENT_PROGRAM_REGISTRY_OR_SAFE_VARIANT,,Identity class: HISTORICAL_IDENTITY_RESOLVED_CURRENT_PROGRAM. Global registration: REUSE_CURRENT_MAIN_PROGRAM_EXPECTED. Evidence: Protected-main programs.csv at 9738fe4f54b813aad4d2a12344a2c8279c3590ee identifies current program Harvard under key harvard; source label 'Harvard' is an exact name/display match or conservative abbreviation/punctuation variant with no competing current-program identity. Sources: https://github.com/pollackelliott/college-basketball-history/blob/9738fe4f54b813aad4d2a12344a2c8279c3590ee/data/reference/programs.csv
arizona-state,Harvard (OT),harvard,Harvard,TRUE,1,1978-1979,1978-1979,RESOLVED,RESOLVED_CURRENT_PROGRAM_REGISTRY_OR_SAFE_VARIANT,,Identity class: HISTORICAL_IDENTITY_RESOLVED_CURRENT_PROGRAM. Global registration: REUSE_CURRENT_MAIN_PROGRAM_EXPECTED. Evidence: Protected-main programs.csv at 9738fe4f54b813aad4d2a12344a2c8279c3590ee identifies current program Harvard under key harvard; source label 'Harvard' is an exact name/display match or conservative abbreviation/punctuation variant with no competing current-program identity. Sources: https://github.com/pollackelliott/college-basketball-history/blob/9738fe4f54b813aad4d2a12344a2c8279c3590ee/data/reference/programs.csv
arizona-state,Hawai'i,hawai-i,Hawai'i,TRUE,1,2025-2026,2025-2026,RESOLVED,RESOLVED_CURRENT_PROGRAM_REGISTRY_OR_SAFE_VARIANT,,Identity class: HISTORICAL_IDENTITY_RESOLVED_CURRENT_PROGRAM. Global registration: REUSE_CURRENT_MAIN_PROGRAM_EXPECTED. Evidence: Protected-main programs.csv at 9738fe4f54b813aad4d2a12344a2c8279c3590ee identifies current program Hawai'i under key hawai-i; source label 'Hawai'i' is an exact name/display match or conservative abbreviation/punctuation variant with no competing current-program identity. Sources: https://github.com/pollackelliott/college-basketball-history/blob/9738fe4f54b813aad4d2a12344a2c8279c3590ee/data/reference/programs.csv
arizona-state,Hawaii,hawai-i,Hawai'i,TRUE,11,1964-1965,1997-1998,RESOLVED,RESOLVED_CURRENT_PROGRAM_REGISTRY_OR_SAFE_VARIANT,,Identity class: HISTORICAL_IDENTITY_RESOLVED_CURRENT_PROGRAM. Global registration: REUSE_CURRENT_MAIN_PROGRAM_EXPECTED. Evidence: Protected-main programs.csv at 9738fe4f54b813aad4d2a12344a2c8279c3590ee identifies current program Hawai'i under key hawai-i; source label 'Hawaii' is an exact name/display match or conservative abbreviation/punctuation variant with no competing current-program identity. Sources: https://github.com/pollackelliott/college-basketball-history/blob/9738fe4f54b813aad4d2a12344a2c8279c3590ee/data/reference/programs.csv
arizona-state,Hawaii (18),hawai-i,Hawai'i,TRUE,1,1971-1972,1971-1972,RESOLVED,RESOLVED_CURRENT_PROGRAM_REGISTRY_OR_SAFE_VARIANT,,Identity class: HISTORICAL_IDENTITY_RESOLVED_CURRENT_PROGRAM. Global registration: REUSE_CURRENT_MAIN_PROGRAM_EXPECTED. Evidence: Protected-main programs.csv at 9738fe4f54b813aad4d2a12344a2c8279c3590ee identifies current program Hawai'i under key hawai-i; source label 'Hawaii' is an exact name/display match or conservative abbreviation/punctuation variant with no competing current-program identity. Sources: https://github.com/pollackelliott/college-basketball-history/blob/9738fe4f54b813aad4d2a12344a2c8279c3590ee/data/reference/programs.csv
arizona-state,Holy Cross,holy-cross,Holy Cross,TRUE,2,1951-1952,1972-1973,RESOLVED,RESOLVED_CURRENT_PROGRAM_REGISTRY_OR_SAFE_VARIANT,,Identity class: HISTORICAL_IDENTITY_RESOLVED_CURRENT_PROGRAM. Global registration: REUSE_CURRENT_MAIN_PROGRAM_EXPECTED. Evidence: Protected-main programs.csv at 9738fe4f54b813aad4d2a12344a2c8279c3590ee identifies current program Holy Cross under key holy-cross; source label 'Holy Cross' is an exact name/display match or conservative abbreviation/punctuation variant with no competing current-program identity. Sources: https://github.com/pollackelliott/college-basketball-history/blob/9738fe4f54b813aad4d2a12344a2c8279c3590ee/data/reference/programs.csv
arizona-state,Houston,houston,Houston,TRUE,6,1958-1959,2025-2026,RESOLVED,RESOLVED_TRANCHE1,,Identity class: CURRENT_PROGRAM_IDENTITY. Global registration: REUSE_CURRENT_MAIN_PROGRAM_EXPECTED. Evidence: Protected-main current program registry/name plus conservative source-label abbreviation normalization; no institution merge based on geography
arizona-state,Houston (12),houston,Houston,TRUE,2,1971-1972,1971-1972,RESOLVED,RESOLVED_TRANCHE1,,Identity class: CURRENT_PROGRAM_IDENTITY. Global registration: REUSE_CURRENT_MAIN_PROGRAM_EXPECTED. Evidence: Protected-main current program registry/name plus conservative source-label abbreviation normalization; no institution merge based on geography
arizona-state,Houston Baptist,houston-christian,Houston Christian,TRUE,3,1996-1997,2020-2021,RESOLVED,RESOLVED_CURRENT_PROGRAM_REGISTRY_OR_SAFE_VARIANT,,Identity class: HISTORICAL_IDENTITY_RESOLVED_CURRENT_PROGRAM. Global registration: REUSE_CURRENT_MAIN_PROGRAM_EXPECTED. Evidence: Protected-main program-names.csv verifies Houston Baptist University as the immediate predecessor name of Houston Christian University; mapped to current program key houston-christian. Sources: https://github.com/pollackelliott/college-basketball-history/blob/9738fe4f54b813aad4d2a12344a2c8279c3590ee/data/reference/programs.csv
arizona-state,Houston Baptist (CBI),houston-christian,Houston Christian,TRUE,1,2015-2016,2015-2016,RESOLVED,RESOLVED_CURRENT_PROGRAM_REGISTRY_OR_SAFE_VARIANT,,Identity class: HISTORICAL_IDENTITY_RESOLVED_CURRENT_PROGRAM. Global registration: REUSE_CURRENT_MAIN_PROGRAM_EXPECTED. Evidence: Protected-main program-names.csv verifies Houston Baptist University as the immediate predecessor name of Houston Christian University; mapped to current program key houston-christian. Sources: https://github.com/pollackelliott/college-basketball-history/blob/9738fe4f54b813aad4d2a12344a2c8279c3590ee/data/reference/programs.csv
arizona-state,Idaho,idaho,Idaho,TRUE,4,1960-1961,2007-2008,RESOLVED,RESOLVED_CURRENT_PROGRAM_REGISTRY_OR_SAFE_VARIANT,,Identity class: HISTORICAL_IDENTITY_RESOLVED_CURRENT_PROGRAM. Global registration: REUSE_CURRENT_MAIN_PROGRAM_EXPECTED. Evidence: Protected-main programs.csv at 9738fe4f54b813aad4d2a12344a2c8279c3590ee identifies current program Idaho under key idaho; source label 'Idaho' is an exact name/display match or conservative abbreviation/punctuation variant with no competing current-program identity. Sources: https://github.com/pollackelliott/college-basketball-history/blob/9738fe4f54b813aad4d2a12344a2c8279c3590ee/data/reference/programs.csv
arizona-state,Idaho St.,idaho-state,Idaho State,TRUE,2,1975-1976,1991-1992,RESOLVED,RESOLVED_CURRENT_PROGRAM_REGISTRY_OR_SAFE_VARIANT,,Identity class: HISTORICAL_IDENTITY_RESOLVED_CURRENT_PROGRAM. Global registration: REUSE_CURRENT_MAIN_PROGRAM_EXPECTED. Evidence: Protected-main programs.csv at 9738fe4f54b813aad4d2a12344a2c8279c3590ee identifies current program Idaho State under key idaho-state; source label 'Idaho St.' is an exact name/display match or conservative abbreviation/punctuation variant with no competing current-program identity. Sources: https://github.com/pollackelliott/college-basketball-history/blob/9738fe4f54b813aad4d2a12344a2c8279c3590ee/data/reference/programs.csv
arizona-state,Idaho St. (Y),idaho-state,Idaho State,TRUE,1,1957-1958,1957-1958,RESOLVED,RESOLVED_SOURCE_METADATA_SUFFIX,,"Identity class: HISTORICAL_IDENTITY_RESOLVED_CURRENT_PROGRAM. Global registration: REUSE_CURRENT_MAIN_PROGRAM_EXPECTED. Evidence: The source legend defines '(Y)' as an NCAA Tournament marker, not part of opponent identity. Removing only that game metadata leaves Idaho State, which matches protected-main program key idaho-state. Sources: https://github.com/pollackelliott/college-basketball-history/blob/9738fe4f54b813aad4d2a12344a2c8279c3590ee/data/reference/programs.csv"
arizona-state,Idaho State,idaho-state,Idaho State,TRUE,4,2008-2009,2024-2025,RESOLVED,RESOLVED_CURRENT_PROGRAM_REGISTRY_OR_SAFE_VARIANT,,Identity class: HISTORICAL_IDENTITY_RESOLVED_CURRENT_PROGRAM. Global registration: REUSE_CURRENT_MAIN_PROGRAM_EXPECTED. Evidence: Protected-main programs.csv at 9738fe4f54b813aad4d2a12344a2c8279c3590ee identifies current program Idaho State under key idaho-state; source label 'Idaho State' is an exact name/display match or conservative abbreviation/punctuation variant with no competing current-program identity. Sources: https://github.com/pollackelliott/college-basketball-history/blob/9738fe4f54b813aad4d2a12344a2c8279c3590ee/data/reference/programs.csv
arizona-state,Illinois,illinois,Illinois,TRUE,4,1963-1964,2007-2008,RESOLVED,RESOLVED_CURRENT_PROGRAM_REGISTRY_OR_SAFE_VARIANT,,Identity class: HISTORICAL_IDENTITY_RESOLVED_CURRENT_PROGRAM. Global registration: REUSE_CURRENT_MAIN_PROGRAM_EXPECTED. Evidence: Protected-main programs.csv at 9738fe4f54b813aad4d2a12344a2c8279c3590ee identifies current program Illinois under key illinois; source label 'Illinois' is an exact name/display match or conservative abbreviation/punctuation variant with no competing current-program identity. Sources: https://github.com/pollackelliott/college-basketball-history/blob/9738fe4f54b813aad4d2a12344a2c8279c3590ee/data/reference/programs.csv
arizona-state,Illinois St.,illinois-state,Illinois State,TRUE,1,1981-1982,1981-1982,RESOLVED,RESOLVED_CURRENT_PROGRAM_REGISTRY_OR_SAFE_VARIANT,,Identity class: HISTORICAL_IDENTITY_RESOLVED_CURRENT_PROGRAM. Global registration: REUSE_CURRENT_MAIN_PROGRAM_EXPECTED. Evidence: Protected-main programs.csv at 9738fe4f54b813aad4d2a12344a2c8279c3590ee identifies current program Illinois State under key illinois-state; source label 'Illinois St.' is an exact name/display match or conservative abbreviation/punctuation variant with no competing current-program identity. Sources: https://github.com/pollackelliott/college-basketball-history/blob/9738fe4f54b813aad4d2a12344a2c8279c3590ee/data/reference/programs.csv
arizona-state,Illinois Wesleyan,illinois-wesleyan,Illinois Wesleyan,FALSE,2,1980-1981,1985-1986,RESOLVED,RESOLVED_LITERAL_HISTORICAL_NON_D1,,Identity class: HISTORICAL_NON_D1_IDENTITY_RESOLVED. Global registration: PENDING_CURRENT_MAIN_REBASE_IDENTITY. Evidence: Literal source label 'Illinois Wesleyan' identifies the historical/non-D1 opponent without requiring a current-D1 merge; current protected-main program registry contains no competing current-D1 identity requiring reassignment. Preserved distinctly under Stage 2 convergence policy. Sources: https://github.com/pollackelliott/college-basketball-history/blob/9738fe4f54b813aad4d2a12344a2c8279c3590ee/data/reference/programs.csv
arizona-state,Indiana,indiana,Indiana,TRUE,1,1961-1962,1961-1962,RESOLVED,RESOLVED_CURRENT_PROGRAM_REGISTRY_OR_SAFE_VARIANT,,Identity class: HISTORICAL_IDENTITY_RESOLVED_CURRENT_PROGRAM. Global registration: REUSE_CURRENT_MAIN_PROGRAM_EXPECTED. Evidence: Protected-main programs.csv at 9738fe4f54b813aad4d2a12344a2c8279c3590ee identifies current program Indiana under key indiana; source label 'Indiana' is an exact name/display match or conservative abbreviation/punctuation variant with no competing current-program identity. Sources: https://github.com/pollackelliott/college-basketball-history/blob/9738fe4f54b813aad4d2a12344a2c8279c3590ee/data/reference/programs.csv
arizona-state,Indiana St.,indiana-state,Indiana State,TRUE,1,1988-1989,1988-1989,RESOLVED,RESOLVED_CURRENT_PROGRAM_REGISTRY_OR_SAFE_VARIANT,,Identity class: HISTORICAL_IDENTITY_RESOLVED_CURRENT_PROGRAM. Global registration: REUSE_CURRENT_MAIN_PROGRAM_EXPECTED. Evidence: Protected-main programs.csv at 9738fe4f54b813aad4d2a12344a2c8279c3590ee identifies current program Indiana State under key indiana-state; source label 'Indiana St.' is an exact name/display match or conservative abbreviation/punctuation variant with no competing current-program identity. Sources: https://github.com/pollackelliott/college-basketball-history/blob/9738fe4f54b813aad4d2a12344a2c8279c3590ee/data/reference/programs.csv
arizona-state,Iona,iona,Iona,TRUE,1,1982-1983,1982-1983,RESOLVED,RESOLVED_CURRENT_PROGRAM_REGISTRY_OR_SAFE_VARIANT,,Identity class: HISTORICAL_IDENTITY_RESOLVED_CURRENT_PROGRAM. Global registration: REUSE_CURRENT_MAIN_PROGRAM_EXPECTED. Evidence: Protected-main programs.csv at 9738fe4f54b813aad4d2a12344a2c8279c3590ee identifies current program Iona under key iona; source label 'Iona' is an exact name/display match or conservative abbreviation/punctuation variant with no competing current-program identity. Sources: https://github.com/pollackelliott/college-basketball-history/blob/9738fe4f54b813aad4d2a12344a2c8279c3590ee/data/reference/programs.csv
arizona-state,Iowa,iowa,Iowa,TRUE,1,2006-2007,2006-2007,RESOLVED,RESOLVED_CURRENT_PROGRAM_REGISTRY_OR_SAFE_VARIANT,,Identity class: HISTORICAL_IDENTITY_RESOLVED_CURRENT_PROGRAM. Global registration: REUSE_CURRENT_MAIN_PROGRAM_EXPECTED. Evidence: Protected-main programs.csv at 9738fe4f54b813aad4d2a12344a2c8279c3590ee identifies current program Iowa under key iowa; source label 'Iowa' is an exact name/display match or conservative abbreviation/punctuation variant with no competing current-program identity. Sources: https://github.com/pollackelliott/college-basketball-history/blob/9738fe4f54b813aad4d2a12344a2c8279c3590ee/data/reference/programs.csv
arizona-state,Iowa (12),iowa,Iowa,TRUE,1,1980-1981,1980-1981,RESOLVED,RESOLVED_CURRENT_PROGRAM_REGISTRY_OR_SAFE_VARIANT,,Identity class: HISTORICAL_IDENTITY_RESOLVED_CURRENT_PROGRAM. Global registration: REUSE_CURRENT_MAIN_PROGRAM_EXPECTED. Evidence: Protected-main programs.csv at 9738fe4f54b813aad4d2a12344a2c8279c3590ee identifies current program Iowa under key iowa; source label 'Iowa' is an exact name/display match or conservative abbreviation/punctuation variant with no competing current-program identity. Sources: https://github.com/pollackelliott/college-basketball-history/blob/9738fe4f54b813aad4d2a12344a2c8279c3590ee/data/reference/programs.csv
arizona-state,Iowa (22) (NCAA),iowa,Iowa,TRUE,1,2005-2006,2005-2006,RESOLVED,RESOLVED_CURRENT_PROGRAM_REGISTRY_OR_SAFE_VARIANT,,Identity class: HISTORICAL_IDENTITY_RESOLVED_CURRENT_PROGRAM. Global registration: REUSE_CURRENT_MAIN_PROGRAM_EXPECTED. Evidence: Protected-main programs.csv at 9738fe4f54b813aad4d2a12344a2c8279c3590ee identifies current program Iowa under key iowa; source label 'Iowa' is an exact name/display match or conservative abbreviation/punctuation variant with no competing current-program identity. Sources: https://github.com/pollackelliott/college-basketball-history/blob/9738fe4f54b813aad4d2a12344a2c8279c3590ee/data/reference/programs.csv
arizona-state,Iowa St.,iowa-state,Iowa State,TRUE,3,1976-1977,1987-1988,RESOLVED,RESOLVED_CURRENT_PROGRAM_REGISTRY_OR_SAFE_VARIANT,,Identity class: HISTORICAL_IDENTITY_RESOLVED_CURRENT_PROGRAM. Global registration: REUSE_CURRENT_MAIN_PROGRAM_EXPECTED. Evidence: Protected-main programs.csv at 9738fe4f54b813aad4d2a12344a2c8279c3590ee identifies current program Iowa State under key iowa-state; source label 'Iowa St.' is an exact name/display match or conservative abbreviation/punctuation variant with no competing current-program identity. Sources: https://github.com/pollackelliott/college-basketball-history/blob/9738fe4f54b813aad4d2a12344a2c8279c3590ee/data/reference/programs.csv
arizona-state,Iowa State,iowa-state,Iowa State,TRUE,3,2024-2025,2025-2026,RESOLVED,RESOLVED_CURRENT_PROGRAM_REGISTRY_OR_SAFE_VARIANT,,Identity class: HISTORICAL_IDENTITY_RESOLVED_CURRENT_PROGRAM. Global registration: REUSE_CURRENT_MAIN_PROGRAM_EXPECTED. Evidence: Protected-main programs.csv at 9738fe4f54b813aad4d2a12344a2c8279c3590ee identifies current program Iowa State under key iowa-state; source label 'Iowa State' is an exact name/display match or conservative abbreviation/punctuation variant with no competing current-program identity. Sources: https://github.com/pollackelliott/college-basketball-history/blob/9738fe4f54b813aad4d2a12344a2c8279c3590ee/data/reference/programs.csv
arizona-state,IUPUI (OT),iu-indianapolis,IU Indianapolis,TRUE,1,2008-2009,2008-2009,RESOLVED,RESOLVED_RESEARCHED_HISTORICAL_ALIAS,,Identity class: HISTORICAL_IDENTITY_RESOLVED_CURRENT_PROGRAM. Global registration: REUSE_CURRENT_MAIN_PROGRAM_EXPECTED. Evidence: IU Indianapolis athletics documents the transition from IUPUI athletics to IU Indianapolis while continuing the Jaguars program. The 2008-09 ASU IUPUI row normalizes to the current IU Indianapolis program. Sources: https://iuindyjags.com/news/2024/3/18/mens-basketball-iupui-athletics-announces-mens-basketball-leadership-change.aspx
arizona-state,Jackson State,jackson-state,Jackson State,TRUE,3,1996-1997,2008-2009,RESOLVED,RESOLVED_CURRENT_PROGRAM_REGISTRY_OR_SAFE_VARIANT,,Identity class: HISTORICAL_IDENTITY_RESOLVED_CURRENT_PROGRAM. Global registration: REUSE_CURRENT_MAIN_PROGRAM_EXPECTED. Evidence: Protected-main programs.csv at 9738fe4f54b813aad4d2a12344a2c8279c3590ee identifies current program Jackson State under key jackson-state; source label 'Jackson State' is an exact name/display match or conservative abbreviation/punctuation variant with no competing current-program identity. Sources: https://github.com/pollackelliott/college-basketball-history/blob/9738fe4f54b813aad4d2a12344a2c8279c3590ee/data/reference/programs.csv
arizona-state,Jacksonville,jacksonville,Jacksonville,TRUE,1,1996-1997,1996-1997,RESOLVED,RESOLVED_CURRENT_PROGRAM_REGISTRY_OR_SAFE_VARIANT,,Identity class: HISTORICAL_IDENTITY_RESOLVED_CURRENT_PROGRAM. Global registration: REUSE_CURRENT_MAIN_PROGRAM_EXPECTED. Evidence: Protected-main programs.csv at 9738fe4f54b813aad4d2a12344a2c8279c3590ee identifies current program Jacksonville under key jacksonville; source label 'Jacksonville' is an exact name/display match or conservative abbreviation/punctuation variant with no competing current-program identity. Sources: https://github.com/pollackelliott/college-basketball-history/blob/9738fe4f54b813aad4d2a12344a2c8279c3590ee/data/reference/programs.csv
arizona-state,Jacksonville (NIT),jacksonville,Jacksonville,TRUE,1,2009-2010,2009-2010,RESOLVED,RESOLVED_CURRENT_PROGRAM_REGISTRY_OR_SAFE_VARIANT,,Identity class: HISTORICAL_IDENTITY_RESOLVED_CURRENT_PROGRAM. Global registration: REUSE_CURRENT_MAIN_PROGRAM_EXPECTED. Evidence: Protected-main programs.csv at 9738fe4f54b813aad4d2a12344a2c8279c3590ee identifies current program Jacksonville under key jacksonville; source label 'Jacksonville' is an exact name/display match or conservative abbreviation/punctuation variant with no competing current-program identity. Sources: https://github.com/pollackelliott/college-basketball-history/blob/9738fe4f54b813aad4d2a12344a2c8279c3590ee/data/reference/programs.csv
arizona-state,Kansas,kansas,Kansas,TRUE,8,1961-1962,2025-2026,RESOLVED,RESOLVED_TRANCHE1,,Identity class: CURRENT_PROGRAM_IDENTITY. Global registration: REUSE_CURRENT_MAIN_PROGRAM_EXPECTED. Evidence: Protected-main current program registry/name plus conservative source-label abbreviation normalization; no institution merge based on geography
arizona-state,Kansas (2),kansas,Kansas,TRUE,1,1989-1990,1989-1990,RESOLVED,RESOLVED_TRANCHE1,,Identity class: CURRENT_PROGRAM_IDENTITY. Global registration: REUSE_CURRENT_MAIN_PROGRAM_EXPECTED. Evidence: Protected-main current program registry/name plus conservative source-label abbreviation normalization; no institution merge based on geography
arizona-state,Kansas (2) (OT),kansas,Kansas,TRUE,1,1997-1998,1997-1998,RESOLVED,RESOLVED_TRANCHE1,,Identity class: CURRENT_PROGRAM_IDENTITY. Global registration: REUSE_CURRENT_MAIN_PROGRAM_EXPECTED. Evidence: Protected-main current program registry/name plus conservative source-label abbreviation normalization; no institution merge based on geography
arizona-state,Kansas (5),kansas,Kansas,TRUE,1,1980-1981,1980-1981,RESOLVED,RESOLVED_TRANCHE1,,Identity class: CURRENT_PROGRAM_IDENTITY. Global registration: REUSE_CURRENT_MAIN_PROGRAM_EXPECTED. Evidence: Protected-main current program registry/name plus conservative source-label abbreviation normalization; no institution merge based on geography
arizona-state,Kansas (6) (NCAA),kansas,Kansas,TRUE,1,2002-2003,2002-2003,RESOLVED,RESOLVED_TRANCHE1,,Identity class: CURRENT_PROGRAM_IDENTITY. Global registration: REUSE_CURRENT_MAIN_PROGRAM_EXPECTED. Evidence: Protected-main current program registry/name plus conservative source-label abbreviation normalization; no institution merge based on geography
arizona-state,Kansas (OT),kansas,Kansas,TRUE,1,1979-1980,1979-1980,RESOLVED,RESOLVED_TRANCHE1,,Identity class: CURRENT_PROGRAM_IDENTITY. Global registration: REUSE_CURRENT_MAIN_PROGRAM_EXPECTED. Evidence: Protected-main current program registry/name plus conservative source-label abbreviation normalization; no institution merge based on geography
arizona-state,Kansas St.,kansas-state,Kansas State,TRUE,5,1962-1963,1982-1983,RESOLVED,RESOLVED_TRANCHE1,,Identity class: CURRENT_PROGRAM_IDENTITY. Global registration: REUSE_CURRENT_MAIN_PROGRAM_EXPECTED. Evidence: Protected-main current program registry/name plus conservative source-label abbreviation normalization; no institution merge based on geography
arizona-state,Kansas St. (13),kansas-state,Kansas State,TRUE,1,1973-1974,1973-1974,RESOLVED,RESOLVED_TRANCHE1,,Identity class: CURRENT_PROGRAM_IDENTITY. Global registration: REUSE_CURRENT_MAIN_PROGRAM_EXPECTED. Evidence: Protected-main current program registry/name plus conservative source-label abbreviation normalization; no institution merge based on geography
arizona-state,Kansas St. (19),kansas-state,Kansas State,TRUE,1,1977-1978,1977-1978,RESOLVED,RESOLVED_TRANCHE1,,Identity class: CURRENT_PROGRAM_IDENTITY. Global registration: REUSE_CURRENT_MAIN_PROGRAM_EXPECTED. Evidence: Protected-main current program registry/name plus conservative source-label abbreviation normalization; no institution merge based on geography
arizona-state,Kansas State,kansas-state,Kansas State,TRUE,5,2017-2018,2025-2026,RESOLVED,RESOLVED_TRANCHE1,,Identity class: CURRENT_PROGRAM_IDENTITY. Global registration: REUSE_CURRENT_MAIN_PROGRAM_EXPECTED. Evidence: Protected-main current program registry/name plus conservative source-label abbreviation normalization; no institution merge based on geography
arizona-state,Kansas State (OT),kansas-state,Kansas State,TRUE,1,1998-1999,1998-1999,RESOLVED,RESOLVED_TRANCHE1,,Identity class: CURRENT_PROGRAM_IDENTITY. Global registration: REUSE_CURRENT_MAIN_PROGRAM_EXPECTED. Evidence: Protected-main current program registry/name plus conservative source-label abbreviation normalization; no institution merge based on geography
arizona-state,Kennesaw State,kennesaw-state,Kennesaw State,TRUE,1,2015-2016,2015-2016,RESOLVED,RESOLVED_CURRENT_PROGRAM_REGISTRY_OR_SAFE_VARIANT,,Identity class: HISTORICAL_IDENTITY_RESOLVED_CURRENT_PROGRAM. Global registration: REUSE_CURRENT_MAIN_PROGRAM_EXPECTED. Evidence: Protected-main programs.csv at 9738fe4f54b813aad4d2a12344a2c8279c3590ee identifies current program Kennesaw State under key kennesaw-state; source label 'Kennesaw State' is an exact name/display match or conservative abbreviation/punctuation variant with no competing current-program identity. Sources: https://github.com/pollackelliott/college-basketball-history/blob/9738fe4f54b813aad4d2a12344a2c8279c3590ee/data/reference/programs.csv
arizona-state,Kent St.,kent-state,Kent State,TRUE,3,1959-1960,1968-1969,RESOLVED,RESOLVED_CURRENT_PROGRAM_REGISTRY_OR_SAFE_VARIANT,,Identity class: HISTORICAL_IDENTITY_RESOLVED_CURRENT_PROGRAM. Global registration: REUSE_CURRENT_MAIN_PROGRAM_EXPECTED. Evidence: Protected-main programs.csv at 9738fe4f54b813aad4d2a12344a2c8279c3590ee identifies current program Kent State under key kent-state; source label 'Kent St.' is an exact name/display match or conservative abbreviation/punctuation variant with no competing current-program identity. Sources: https://github.com/pollackelliott/college-basketball-history/blob/9738fe4f54b813aad4d2a12344a2c8279c3590ee/data/reference/programs.csv
arizona-state,Kent State (NCAA),kent-state,Kent State,TRUE,1,2000-2001,2000-2001,RESOLVED,RESOLVED_CURRENT_PROGRAM_REGISTRY_OR_SAFE_VARIANT,,Identity class: HISTORICAL_IDENTITY_RESOLVED_CURRENT_PROGRAM. Global registration: REUSE_CURRENT_MAIN_PROGRAM_EXPECTED. Evidence: Protected-main programs.csv at 9738fe4f54b813aad4d2a12344a2c8279c3590ee identifies current program Kent State under key kent-state; source label 'Kent State' is an exact name/display match or conservative abbreviation/punctuation variant with no competing current-program identity. Sources: https://github.com/pollackelliott/college-basketball-history/blob/9738fe4f54b813aad4d2a12344a2c8279c3590ee/data/reference/programs.csv
arizona-state,Kentucky (1) (NCAA),kentucky,Kentucky,TRUE,1,2016-2017,2016-2017,RESOLVED,RESOLVED_CURRENT_PROGRAM_REGISTRY_OR_SAFE_VARIANT,,Identity class: HISTORICAL_IDENTITY_RESOLVED_CURRENT_PROGRAM. Global registration: REUSE_CURRENT_MAIN_PROGRAM_EXPECTED. Evidence: Protected-main programs.csv at 9738fe4f54b813aad4d2a12344a2c8279c3590ee identifies current program Kentucky under key kentucky; source label 'Kentucky' is an exact name/display match or conservative abbreviation/punctuation variant with no competing current-program identity. Sources: https://github.com/pollackelliott/college-basketball-history/blob/9738fe4f54b813aad4d2a12344a2c8279c3590ee/data/reference/programs.csv
arizona-state,Kentucky (15) (NCAA),kentucky,Kentucky,TRUE,1,2002-2003,2002-2003,RESOLVED,RESOLVED_CURRENT_PROGRAM_REGISTRY_OR_SAFE_VARIANT,,Identity class: HISTORICAL_IDENTITY_RESOLVED_CURRENT_PROGRAM. Global registration: REUSE_CURRENT_MAIN_PROGRAM_EXPECTED. Evidence: Protected-main programs.csv at 9738fe4f54b813aad4d2a12344a2c8279c3590ee identifies current program Kentucky under key kentucky; source label 'Kentucky' is an exact name/display match or conservative abbreviation/punctuation variant with no competing current-program identity. Sources: https://github.com/pollackelliott/college-basketball-history/blob/9738fe4f54b813aad4d2a12344a2c8279c3590ee/data/reference/programs.csv
arizona-state,Kentucky (2),kentucky,Kentucky,TRUE,1,1994-1995,1994-1995,RESOLVED,RESOLVED_CURRENT_PROGRAM_REGISTRY_OR_SAFE_VARIANT,,Identity class: HISTORICAL_IDENTITY_RESOLVED_CURRENT_PROGRAM. Global registration: REUSE_CURRENT_MAIN_PROGRAM_EXPECTED. Evidence: Protected-main programs.csv at 9738fe4f54b813aad4d2a12344a2c8279c3590ee identifies current program Kentucky under key kentucky; source label 'Kentucky' is an exact name/display match or conservative abbreviation/punctuation variant with no competing current-program identity. Sources: https://github.com/pollackelliott/college-basketball-history/blob/9738fe4f54b813aad4d2a12344a2c8279c3590ee/data/reference/programs.csv
arizona-state,Kentucky (5),kentucky,Kentucky,TRUE,1,2015-2016,2015-2016,RESOLVED,RESOLVED_CURRENT_PROGRAM_REGISTRY_OR_SAFE_VARIANT,,Identity class: HISTORICAL_IDENTITY_RESOLVED_CURRENT_PROGRAM. Global registration: REUSE_CURRENT_MAIN_PROGRAM_EXPECTED. Evidence: Protected-main programs.csv at 9738fe4f54b813aad4d2a12344a2c8279c3590ee identifies current program Kentucky under key kentucky; source label 'Kentucky' is an exact name/display match or conservative abbreviation/punctuation variant with no competing current-program identity. Sources: https://github.com/pollackelliott/college-basketball-history/blob/9738fe4f54b813aad4d2a12344a2c8279c3590ee/data/reference/programs.csv
arizona-state,Kentucky (9),kentucky,Kentucky,TRUE,1,1991-1992,1991-1992,RESOLVED,RESOLVED_CURRENT_PROGRAM_REGISTRY_OR_SAFE_VARIANT,,Identity class: HISTORICAL_IDENTITY_RESOLVED_CURRENT_PROGRAM. Global registration: REUSE_CURRENT_MAIN_PROGRAM_EXPECTED. Evidence: Protected-main programs.csv at 9738fe4f54b813aad4d2a12344a2c8279c3590ee identifies current program Kentucky under key kentucky; source label 'Kentucky' is an exact name/display match or conservative abbreviation/punctuation variant with no competing current-program identity. Sources: https://github.com/pollackelliott/college-basketball-history/blob/9738fe4f54b813aad4d2a12344a2c8279c3590ee/data/reference/programs.csv
arizona-state,La Salle,la-salle,La Salle,TRUE,1,1997-1998,1997-1998,RESOLVED,RESOLVED_CURRENT_PROGRAM_REGISTRY_OR_SAFE_VARIANT,,Identity class: HISTORICAL_IDENTITY_RESOLVED_CURRENT_PROGRAM. Global registration: REUSE_CURRENT_MAIN_PROGRAM_EXPECTED. Evidence: Protected-main programs.csv at 9738fe4f54b813aad4d2a12344a2c8279c3590ee identifies current program La Salle under key la-salle; source label 'La Salle' is an exact name/display match or conservative abbreviation/punctuation variant with no competing current-program identity. Sources: https://github.com/pollackelliott/college-basketball-history/blob/9738fe4f54b813aad4d2a12344a2c8279c3590ee/data/reference/programs.csv
arizona-state,Lafayette,lafayette,Lafayette,TRUE,1,2002-2003,2002-2003,RESOLVED,RESOLVED_CURRENT_PROGRAM_REGISTRY_OR_SAFE_VARIANT,,Identity class: HISTORICAL_IDENTITY_RESOLVED_CURRENT_PROGRAM. Global registration: REUSE_CURRENT_MAIN_PROGRAM_EXPECTED. Evidence: Protected-main programs.csv at 9738fe4f54b813aad4d2a12344a2c8279c3590ee identifies current program Lafayette under key lafayette; source label 'Lafayette' is an exact name/display match or conservative abbreviation/punctuation variant with no competing current-program identity. Sources: https://github.com/pollackelliott/college-basketball-history/blob/9738fe4f54b813aad4d2a12344a2c8279c3590ee/data/reference/programs.csv
arizona-state,Lamar,lamar,Lamar,TRUE,1,1991-1992,1991-1992,RESOLVED,RESOLVED_CURRENT_PROGRAM_REGISTRY_OR_SAFE_VARIANT,,Identity class: HISTORICAL_IDENTITY_RESOLVED_CURRENT_PROGRAM. Global registration: REUSE_CURRENT_MAIN_PROGRAM_EXPECTED. Evidence: Protected-main programs.csv at 9738fe4f54b813aad4d2a12344a2c8279c3590ee identifies current program Lamar under key lamar; source label 'Lamar' is an exact name/display match or conservative abbreviation/punctuation variant with no competing current-program identity. Sources: https://github.com/pollackelliott/college-basketball-history/blob/9738fe4f54b813aad4d2a12344a2c8279c3590ee/data/reference/programs.csv
arizona-state,Lehigh,lehigh,Lehigh,TRUE,1,1984-1985,1984-1985,RESOLVED,RESOLVED_CURRENT_PROGRAM_REGISTRY_OR_SAFE_VARIANT,,Identity class: HISTORICAL_IDENTITY_RESOLVED_CURRENT_PROGRAM. Global registration: REUSE_CURRENT_MAIN_PROGRAM_EXPECTED. Evidence: Protected-main programs.csv at 9738fe4f54b813aad4d2a12344a2c8279c3590ee identifies current program Lehigh under key lehigh; source label 'Lehigh' is an exact name/display match or conservative abbreviation/punctuation variant with no competing current-program identity. Sources: https://github.com/pollackelliott/college-basketball-history/blob/9738fe4f54b813aad4d2a12344a2c8279c3590ee/data/reference/programs.csv
arizona-state,Lehigh (3 OT),lehigh,Lehigh,TRUE,1,2014-2015,2014-2015,RESOLVED,RESOLVED_CURRENT_PROGRAM_REGISTRY_OR_SAFE_VARIANT,,Identity class: HISTORICAL_IDENTITY_RESOLVED_CURRENT_PROGRAM. Global registration: REUSE_CURRENT_MAIN_PROGRAM_EXPECTED. Evidence: Protected-main programs.csv at 9738fe4f54b813aad4d2a12344a2c8279c3590ee identifies current program Lehigh under key lehigh; source label 'Lehigh' is an exact name/display match or conservative abbreviation/punctuation variant with no competing current-program identity. Sources: https://github.com/pollackelliott/college-basketball-history/blob/9738fe4f54b813aad4d2a12344a2c8279c3590ee/data/reference/programs.csv
arizona-state,Arkansas-Little Rock,little-rock,Little Rock,TRUE,1,2003-2004,2003-2004,RESOLVED,RESOLVED_CURRENT_PROGRAM_REGISTRY_OR_SAFE_VARIANT,,Identity class: HISTORICAL_IDENTITY_RESOLVED_CURRENT_PROGRAM. Global registration: REUSE_CURRENT_MAIN_PROGRAM_EXPECTED. Evidence: Protected-main programs.csv at 9738fe4f54b813aad4d2a12344a2c8279c3590ee identifies current program Little Rock under key little-rock; source label 'Arkansas-Little Rock' is an exact name/display match or conservative abbreviation/punctuation variant with no competing current-program identity. Sources: https://github.com/pollackelliott/college-basketball-history/blob/9738fe4f54b813aad4d2a12344a2c8279c3590ee/data/reference/programs.csv
arizona-state,Long Beach St.,long-beach-state,Long Beach State,TRUE,3,1975-1976,1989-1990,RESOLVED,RESOLVED_CURRENT_PROGRAM_REGISTRY_OR_SAFE_VARIANT,,Identity class: HISTORICAL_IDENTITY_RESOLVED_CURRENT_PROGRAM. Global registration: REUSE_CURRENT_MAIN_PROGRAM_EXPECTED. Evidence: Protected-main programs.csv at 9738fe4f54b813aad4d2a12344a2c8279c3590ee identifies current program Long Beach State under key long-beach-state; source label 'Long Beach St.' is an exact name/display match or conservative abbreviation/punctuation variant with no competing current-program identity. Sources: https://github.com/pollackelliott/college-basketball-history/blob/9738fe4f54b813aad4d2a12344a2c8279c3590ee/data/reference/programs.csv
arizona-state,Long Beach St. (3),long-beach-state,Long Beach State,TRUE,1,1972-1973,1972-1973,RESOLVED,RESOLVED_CURRENT_PROGRAM_REGISTRY_OR_SAFE_VARIANT,,Identity class: HISTORICAL_IDENTITY_RESOLVED_CURRENT_PROGRAM. Global registration: REUSE_CURRENT_MAIN_PROGRAM_EXPECTED. Evidence: Protected-main programs.csv at 9738fe4f54b813aad4d2a12344a2c8279c3590ee identifies current program Long Beach State under key long-beach-state; source label 'Long Beach St.' is an exact name/display match or conservative abbreviation/punctuation variant with no competing current-program identity. Sources: https://github.com/pollackelliott/college-basketball-history/blob/9738fe4f54b813aad4d2a12344a2c8279c3590ee/data/reference/programs.csv
arizona-state,Long Beach State,long-beach-state,Long Beach State,TRUE,2,2010-2011,2018-2019,RESOLVED,RESOLVED_CURRENT_PROGRAM_REGISTRY_OR_SAFE_VARIANT,,Identity class: HISTORICAL_IDENTITY_RESOLVED_CURRENT_PROGRAM. Global registration: REUSE_CURRENT_MAIN_PROGRAM_EXPECTED. Evidence: Protected-main programs.csv at 9738fe4f54b813aad4d2a12344a2c8279c3590ee identifies current program Long Beach State under key long-beach-state; source label 'Long Beach State' is an exact name/display match or conservative abbreviation/punctuation variant with no competing current-program identity. Sources: https://github.com/pollackelliott/college-basketball-history/blob/9738fe4f54b813aad4d2a12344a2c8279c3590ee/data/reference/programs.csv
arizona-state,Long Island,long-island-university,Long Island University,TRUE,1,2004-2005,2004-2005,RESOLVED,RESOLVED_RESEARCHED_PREDECESSOR_CURRENT_PROGRAM,,Identity class: HISTORICAL_IDENTITY_RESOLVED_CURRENT_PROGRAM. Global registration: REUSE_CURRENT_MAIN_PROGRAM_EXPECTED. Evidence: LIU Brooklyn's historical record identifies the 2004-05 63-92 game at Arizona State. Long Island University later unified the Brooklyn and Post athletic programs into the current LIU Division I program; this row is carried to the current long-island-university identity while preserving its Brooklyn-era source label and provenance. Sources: https://liuathletics.com/documents/2018/11/2/MBB_Record_Book.pdf;https://www.liu.edu/post/press-release/2018/september/liu-unification-athletics
arizona-state,Longwood,longwood,Longwood,TRUE,1,2017-2018,2017-2018,RESOLVED,RESOLVED_CURRENT_PROGRAM_REGISTRY_OR_SAFE_VARIANT,,Identity class: HISTORICAL_IDENTITY_RESOLVED_CURRENT_PROGRAM. Global registration: REUSE_CURRENT_MAIN_PROGRAM_EXPECTED. Evidence: Protected-main programs.csv at 9738fe4f54b813aad4d2a12344a2c8279c3590ee identifies current program Longwood under key longwood; source label 'Longwood' is an exact name/display match or conservative abbreviation/punctuation variant with no competing current-program identity. Sources: https://github.com/pollackelliott/college-basketball-history/blob/9738fe4f54b813aad4d2a12344a2c8279c3590ee/data/reference/programs.csv
arizona-state,Louisiana,louisiana,Louisiana,TRUE,1,2019-2020,2019-2020,RESOLVED,RESOLVED_CURRENT_PROGRAM_REGISTRY_OR_SAFE_VARIANT,,Identity class: HISTORICAL_IDENTITY_RESOLVED_CURRENT_PROGRAM. Global registration: REUSE_CURRENT_MAIN_PROGRAM_EXPECTED. Evidence: Protected-main programs.csv at 9738fe4f54b813aad4d2a12344a2c8279c3590ee identifies current program Louisiana under key louisiana; source label 'Louisiana' is an exact name/display match or conservative abbreviation/punctuation variant with no competing current-program identity. Sources: https://github.com/pollackelliott/college-basketball-history/blob/9738fe4f54b813aad4d2a12344a2c8279c3590ee/data/reference/programs.csv
arizona-state,S.W. Louisiana,louisiana,Louisiana,TRUE,1,1978-1979,1978-1979,RESOLVED,RESOLVED_RESEARCHED_HISTORICAL_ALIAS,,Identity class: HISTORICAL_IDENTITY_RESOLVED_CURRENT_PROGRAM. Global registration: REUSE_CURRENT_MAIN_PROGRAM_EXPECTED. Evidence: Louisiana institutional history documents University of Southwestern Louisiana as a predecessor name of the University of Louisiana at Lafayette. ASU's S.W. Louisiana abbreviation normalizes to current Louisiana. Sources: https://louisiana.edu/about-us/university-history/history-university
arizona-state,SW Louisiana,louisiana,Louisiana,TRUE,1,1968-1969,1968-1969,RESOLVED,RESOLVED_RESEARCHED_HISTORICAL_ALIAS,,Identity class: HISTORICAL_IDENTITY_RESOLVED_CURRENT_PROGRAM. Global registration: REUSE_CURRENT_MAIN_PROGRAM_EXPECTED. Evidence: Louisiana institutional history documents University of Southwestern Louisiana as a predecessor name of the University of Louisiana at Lafayette. ASU's SW Louisiana abbreviation normalizes to current Louisiana. Sources: https://louisiana.edu/about-us/university-history/history-university
arizona-state,La. Tech (OT),louisiana-tech,Louisiana Tech,TRUE,1,1985-1986,1985-1986,RESOLVED,RESOLVED_CURRENT_PROGRAM_REGISTRY_OR_SAFE_VARIANT,,Identity class: HISTORICAL_IDENTITY_RESOLVED_CURRENT_PROGRAM. Global registration: REUSE_CURRENT_MAIN_PROGRAM_EXPECTED. Evidence: Protected-main programs.csv at 9738fe4f54b813aad4d2a12344a2c8279c3590ee identifies current program Louisiana Tech under key louisiana-tech; source label 'La. Tech' is an exact name/display match or conservative abbreviation/punctuation variant with no competing current-program identity. Sources: https://github.com/pollackelliott/college-basketball-history/blob/9738fe4f54b813aad4d2a12344a2c8279c3590ee/data/reference/programs.csv
arizona-state,Louisville,louisville,Louisville,TRUE,1,1992-1993,1992-1993,RESOLVED,RESOLVED_CURRENT_PROGRAM_REGISTRY_OR_SAFE_VARIANT,,Identity class: HISTORICAL_IDENTITY_RESOLVED_CURRENT_PROGRAM. Global registration: REUSE_CURRENT_MAIN_PROGRAM_EXPECTED. Evidence: Protected-main programs.csv at 9738fe4f54b813aad4d2a12344a2c8279c3590ee identifies current program Louisville under key louisville; source label 'Louisville' is an exact name/display match or conservative abbreviation/punctuation variant with no competing current-program identity. Sources: https://github.com/pollackelliott/college-basketball-history/blob/9738fe4f54b813aad4d2a12344a2c8279c3590ee/data/reference/programs.csv
arizona-state,Louisville (OT),louisville,Louisville,TRUE,1,1991-1992,1991-1992,RESOLVED,RESOLVED_CURRENT_PROGRAM_REGISTRY_OR_SAFE_VARIANT,,Identity class: HISTORICAL_IDENTITY_RESOLVED_CURRENT_PROGRAM. Global registration: REUSE_CURRENT_MAIN_PROGRAM_EXPECTED. Evidence: Protected-main programs.csv at 9738fe4f54b813aad4d2a12344a2c8279c3590ee identifies current program Louisville under key louisville; source label 'Louisville' is an exact name/display match or conservative abbreviation/punctuation variant with no competing current-program identity. Sources: https://github.com/pollackelliott/college-basketball-history/blob/9738fe4f54b813aad4d2a12344a2c8279c3590ee/data/reference/programs.csv
arizona-state,Loyola (Ill.),loyola-chicago,Loyola Chicago,TRUE,2,1970-1971,1972-1973,RESOLVED,RESOLVED_CURRENT_PROGRAM_REGISTRY_OR_SAFE_VARIANT,,Identity class: HISTORICAL_IDENTITY_RESOLVED_CURRENT_PROGRAM. Global registration: REUSE_CURRENT_MAIN_PROGRAM_EXPECTED. Evidence: Protected-main programs.csv at 9738fe4f54b813aad4d2a12344a2c8279c3590ee identifies current program Loyola Chicago under key loyola-chicago; source label 'Loyola (Ill.)' is an exact name/display match or conservative abbreviation/punctuation variant with no competing current-program identity. Sources: https://github.com/pollackelliott/college-basketball-history/blob/9738fe4f54b813aad4d2a12344a2c8279c3590ee/data/reference/programs.csv
arizona-state,Loyola Chicago,loyola-chicago,Loyola Chicago,TRUE,1,2021-2022,2021-2022,RESOLVED,RESOLVED_CURRENT_PROGRAM_REGISTRY_OR_SAFE_VARIANT,,Identity class: HISTORICAL_IDENTITY_RESOLVED_CURRENT_PROGRAM. Global registration: REUSE_CURRENT_MAIN_PROGRAM_EXPECTED. Evidence: Protected-main programs.csv at 9738fe4f54b813aad4d2a12344a2c8279c3590ee identifies current program Loyola Chicago under key loyola-chicago; source label 'Loyola Chicago' is an exact name/display match or conservative abbreviation/punctuation variant with no competing current-program identity. Sources: https://github.com/pollackelliott/college-basketball-history/blob/9738fe4f54b813aad4d2a12344a2c8279c3590ee/data/reference/programs.csv
arizona-state,Loy. Marymount,loyola-marymount,Loyola Marymount,TRUE,1,1979-1980,1979-1980,RESOLVED,RESOLVED_TRANCHE1,,Identity class: CURRENT_PROGRAM_IDENTITY. Global registration: REUSE_CURRENT_MAIN_PROGRAM_EXPECTED. Evidence: Protected-main program-names.csv verifies Loyola University of Los Angeles in the Loyola Marymount lineage Sources: https://www.lmu.edu/about/history/
arizona-state,Loyola,loyola-marymount,Loyola Marymount,TRUE,5,1952-1953,1958-1959,RESOLVED,RESOLVED_RESEARCHED_HISTORICAL_ALIAS,,"Identity class: HISTORICAL_IDENTITY_RESOLVED_CURRENT_PROGRAM. Global registration: REUSE_CURRENT_MAIN_PROGRAM_EXPECTED. Evidence: ASU's 1952-53, 1954-55, 1957-58 and 1958-59 score lines match independent season records that identify this opponent as Loyola Marymount/Loyola of Los Angeles. The literal 'Loyola' label is preserved; canonical identity is the current Loyola Marymount program. Sources: https://www.sports-reference.com/cbb/schools/arizona-state/men/1958-schedule.html;https://www.sports-reference.com/cbb/schools/arizona-state/men/1959-schedule.html"
arizona-state,Loyola (calif),loyola-marymount,Loyola Marymount,TRUE,1,1949-1950,1949-1950,RESOLVED,RESOLVED_RESEARCHED_HISTORICAL_ALIAS,,Identity class: HISTORICAL_IDENTITY_RESOLVED_CURRENT_PROGRAM. Global registration: REUSE_CURRENT_MAIN_PROGRAM_EXPECTED. Evidence: The California/Los Angeles Loyola opponent is the Loyola University of Los Angeles lineage that became Loyola Marymount; kept distinct from Loyola Chicago/New Orleans. Sources: https://www.lmu.edu/about/history/
arizona-state,Loyola (Calif.),loyola-marymount,Loyola Marymount,TRUE,2,1939-1940,1939-1940,RESOLVED,RESOLVED_RESEARCHED_HISTORICAL_ALIAS,,Identity class: HISTORICAL_IDENTITY_RESOLVED_CURRENT_PROGRAM. Global registration: REUSE_CURRENT_MAIN_PROGRAM_EXPECTED. Evidence: The California/Los Angeles Loyola opponent is the Loyola University of Los Angeles lineage that became Loyola Marymount; kept distinct from Loyola Chicago/New Orleans. Sources: https://www.lmu.edu/about/history/
arizona-state,Loyola (calif.),loyola-marymount,Loyola Marymount,TRUE,3,1947-1948,1948-1949,RESOLVED,RESOLVED_RESEARCHED_HISTORICAL_ALIAS,,Identity class: HISTORICAL_IDENTITY_RESOLVED_CURRENT_PROGRAM. Global registration: REUSE_CURRENT_MAIN_PROGRAM_EXPECTED. Evidence: The California/Los Angeles Loyola opponent is the Loyola University of Los Angeles lineage that became Loyola Marymount; kept distinct from Loyola Chicago/New Orleans. Sources: https://www.lmu.edu/about/history/
arizona-state,Loyola (LA),loyola-marymount,Loyola Marymount,TRUE,6,1963-1964,1970-1971,RESOLVED,RESOLVED_TRANCHE1,,Identity class: CURRENT_PROGRAM_IDENTITY. Global registration: REUSE_CURRENT_MAIN_PROGRAM_EXPECTED. Evidence: Protected-main program-names.csv verifies Loyola University of Los Angeles in the Loyola Marymount lineage Sources: https://www.lmu.edu/about/history/
arizona-state,Loyola Marymount,loyola-marymount,Loyola Marymount,TRUE,1,1975-1976,1975-1976,RESOLVED,RESOLVED_TRANCHE1,,Identity class: CURRENT_PROGRAM_IDENTITY. Global registration: REUSE_CURRENT_MAIN_PROGRAM_EXPECTED. Evidence: Protected-main program-names.csv verifies Loyola University of Los Angeles in the Loyola Marymount lineage Sources: https://www.lmu.edu/about/history/
arizona-state,Loyola-Marymount,loyola-marymount,Loyola Marymount,TRUE,1,2014-2015,2014-2015,RESOLVED,RESOLVED_TRANCHE1,,Identity class: CURRENT_PROGRAM_IDENTITY. Global registration: REUSE_CURRENT_MAIN_PROGRAM_EXPECTED. Evidence: Protected-main program-names.csv verifies Loyola University of Los Angeles in the Loyola Marymount lineage Sources: https://www.lmu.edu/about/history/
arizona-state,Loyola (N.O.),loyola-new-orleans,Loyola New Orleans,FALSE,1,1970-1971,1970-1971,RESOLVED,RESOLVED_RESEARCHED_HISTORICAL_NON_D1,,"Identity class: HISTORICAL_NON_D1_IDENTITY_RESOLVED. Global registration: PENDING_CURRENT_MAIN_REBASE_IDENTITY. Evidence: Loyola University New Orleans' official 1970-71 schedule lists the exact Dec. 28 game against Arizona State, a 75-77 loss. This is a distinct Loyola New Orleans identity and must not be merged with Loyola Chicago or Loyola Marymount. Sources: https://loyolawolfpack.com/sports/mens-basketball/schedule/1970-71"
arizona-state,Louisiana State (OT),lsu,LSU,TRUE,1,2007-2008,2007-2008,RESOLVED,RESOLVED_CURRENT_PROGRAM_REGISTRY_OR_SAFE_VARIANT,,Identity class: HISTORICAL_IDENTITY_RESOLVED_CURRENT_PROGRAM. Global registration: REUSE_CURRENT_MAIN_PROGRAM_EXPECTED. Evidence: Protected-main programs.csv at 9738fe4f54b813aad4d2a12344a2c8279c3590ee identifies current program LSU under key lsu; source label 'Louisiana State' is an exact name/display match or conservative abbreviation/punctuation variant with no competing current-program identity. Sources: https://github.com/pollackelliott/college-basketball-history/blob/9738fe4f54b813aad4d2a12344a2c8279c3590ee/data/reference/programs.csv
arizona-state,LSU,lsu,LSU,TRUE,1,2009-2010,2009-2010,RESOLVED,RESOLVED_CURRENT_PROGRAM_REGISTRY_OR_SAFE_VARIANT,,Identity class: HISTORICAL_IDENTITY_RESOLVED_CURRENT_PROGRAM. Global registration: REUSE_CURRENT_MAIN_PROGRAM_EXPECTED. Evidence: Protected-main programs.csv at 9738fe4f54b813aad4d2a12344a2c8279c3590ee identifies current program LSU under key lsu; source label 'LSU' is an exact name/display match or conservative abbreviation/punctuation variant with no competing current-program identity. Sources: https://github.com/pollackelliott/college-basketball-history/blob/9738fe4f54b813aad4d2a12344a2c8279c3590ee/data/reference/programs.csv
arizona-state,Luke field,luke-field,Luke Field,FALSE,3,1945-1946,1945-1946,RESOLVED,RESOLVED_LITERAL_HISTORICAL_NON_D1,,Identity class: HISTORICAL_SERVICE_IDENTITY_RESOLVED. Global registration: PENDING_CURRENT_MAIN_REBASE_IDENTITY. Evidence: Literal wartime source label identifies the Luke Field service team; exact unit genealogy is not material to canonical opponent identity. Sources: https://github.com/pollackelliott/college-basketball-history/blob/9738fe4f54b813aad4d2a12344a2c8279c3590ee/data/reference/programs.csv
arizona-state,Maine,maine,Maine,TRUE,1,1996-1997,1996-1997,RESOLVED,RESOLVED_CURRENT_PROGRAM_REGISTRY_OR_SAFE_VARIANT,,Identity class: HISTORICAL_IDENTITY_RESOLVED_CURRENT_PROGRAM. Global registration: REUSE_CURRENT_MAIN_PROGRAM_EXPECTED. Evidence: Protected-main programs.csv at 9738fe4f54b813aad4d2a12344a2c8279c3590ee identifies current program Maine under key maine; source label 'Maine' is an exact name/display match or conservative abbreviation/punctuation variant with no competing current-program identity. Sources: https://github.com/pollackelliott/college-basketball-history/blob/9738fe4f54b813aad4d2a12344a2c8279c3590ee/data/reference/programs.csv
arizona-state,Manhattan,manhattan,Manhattan,TRUE,3,1986-1987,1994-1995,RESOLVED,RESOLVED_CURRENT_PROGRAM_REGISTRY_OR_SAFE_VARIANT,,Identity class: HISTORICAL_IDENTITY_RESOLVED_CURRENT_PROGRAM. Global registration: REUSE_CURRENT_MAIN_PROGRAM_EXPECTED. Evidence: Protected-main programs.csv at 9738fe4f54b813aad4d2a12344a2c8279c3590ee identifies current program Manhattan under key manhattan; source label 'Manhattan' is an exact name/display match or conservative abbreviation/punctuation variant with no competing current-program identity. Sources: https://github.com/pollackelliott/college-basketball-history/blob/9738fe4f54b813aad4d2a12344a2c8279c3590ee/data/reference/programs.csv
arizona-state,Marist,marist,Marist,TRUE,1,1998-1999,1998-1999,RESOLVED,RESOLVED_CURRENT_PROGRAM_REGISTRY_OR_SAFE_VARIANT,,Identity class: HISTORICAL_IDENTITY_RESOLVED_CURRENT_PROGRAM. Global registration: REUSE_CURRENT_MAIN_PROGRAM_EXPECTED. Evidence: Protected-main programs.csv at 9738fe4f54b813aad4d2a12344a2c8279c3590ee identifies current program Marist under key marist; source label 'Marist' is an exact name/display match or conservative abbreviation/punctuation variant with no competing current-program identity. Sources: https://github.com/pollackelliott/college-basketball-history/blob/9738fe4f54b813aad4d2a12344a2c8279c3590ee/data/reference/programs.csv
arizona-state,Marquette,marquette,Marquette,TRUE,3,1981-1982,2014-2015,RESOLVED,RESOLVED_CURRENT_PROGRAM_REGISTRY_OR_SAFE_VARIANT,,Identity class: HISTORICAL_IDENTITY_RESOLVED_CURRENT_PROGRAM. Global registration: REUSE_CURRENT_MAIN_PROGRAM_EXPECTED. Evidence: Protected-main programs.csv at 9738fe4f54b813aad4d2a12344a2c8279c3590ee identifies current program Marquette under key marquette; source label 'Marquette' is an exact name/display match or conservative abbreviation/punctuation variant with no competing current-program identity. Sources: https://github.com/pollackelliott/college-basketball-history/blob/9738fe4f54b813aad4d2a12344a2c8279c3590ee/data/reference/programs.csv
arizona-state,Marquette (25),marquette,Marquette,TRUE,1,2013-2014,2013-2014,RESOLVED,RESOLVED_CURRENT_PROGRAM_REGISTRY_OR_SAFE_VARIANT,,Identity class: HISTORICAL_IDENTITY_RESOLVED_CURRENT_PROGRAM. Global registration: REUSE_CURRENT_MAIN_PROGRAM_EXPECTED. Evidence: Protected-main programs.csv at 9738fe4f54b813aad4d2a12344a2c8279c3590ee identifies current program Marquette under key marquette; source label 'Marquette' is an exact name/display match or conservative abbreviation/punctuation variant with no competing current-program identity. Sources: https://github.com/pollackelliott/college-basketball-history/blob/9738fe4f54b813aad4d2a12344a2c8279c3590ee/data/reference/programs.csv
arizona-state,Marquette (OT),marquette,Marquette,TRUE,1,2015-2016,2015-2016,RESOLVED,RESOLVED_CURRENT_PROGRAM_REGISTRY_OR_SAFE_VARIANT,,Identity class: HISTORICAL_IDENTITY_RESOLVED_CURRENT_PROGRAM. Global registration: REUSE_CURRENT_MAIN_PROGRAM_EXPECTED. Evidence: Protected-main programs.csv at 9738fe4f54b813aad4d2a12344a2c8279c3590ee identifies current program Marquette under key marquette; source label 'Marquette' is an exact name/display match or conservative abbreviation/punctuation variant with no competing current-program identity. Sources: https://github.com/pollackelliott/college-basketball-history/blob/9738fe4f54b813aad4d2a12344a2c8279c3590ee/data/reference/programs.csv
arizona-state,Marshall,marshall,Marshall,TRUE,1,1956-1957,1956-1957,RESOLVED,RESOLVED_CURRENT_PROGRAM_REGISTRY_OR_SAFE_VARIANT,,Identity class: HISTORICAL_IDENTITY_RESOLVED_CURRENT_PROGRAM. Global registration: REUSE_CURRENT_MAIN_PROGRAM_EXPECTED. Evidence: Protected-main programs.csv at 9738fe4f54b813aad4d2a12344a2c8279c3590ee identifies current program Marshall under key marshall; source label 'Marshall' is an exact name/display match or conservative abbreviation/punctuation variant with no competing current-program identity. Sources: https://github.com/pollackelliott/college-basketball-history/blob/9738fe4f54b813aad4d2a12344a2c8279c3590ee/data/reference/programs.csv
arizona-state,Marstons,marston-s-supply,Marston's Supply,FALSE,2,1942-1943,1942-1943,RESOLVED,RESOLVED_RESEARCHED_HISTORICAL_NON_D1,,"Identity class: HISTORICAL_COMMERCIAL_IDENTITY_RESOLVED. Global registration: PENDING_CURRENT_MAIN_REBASE_IDENTITY. Evidence: University of Arizona's official 1944-45 schedule independently lists Marston's Supply in Phoenix, supporting normalization of ASU's Marstons label to the same local commercial team. Sources: https://arizonawildcats.com/sports/mens-basketball/schedule/1944-45"
arizona-state,Maryland,maryland,Maryland,TRUE,1,1953-1954,1953-1954,RESOLVED,RESOLVED_CURRENT_PROGRAM_REGISTRY_OR_SAFE_VARIANT,,Identity class: HISTORICAL_IDENTITY_RESOLVED_CURRENT_PROGRAM. Global registration: REUSE_CURRENT_MAIN_PROGRAM_EXPECTED. Evidence: Protected-main programs.csv at 9738fe4f54b813aad4d2a12344a2c8279c3590ee identifies current program Maryland under key maryland; source label 'Maryland' is an exact name/display match or conservative abbreviation/punctuation variant with no competing current-program identity. Sources: https://github.com/pollackelliott/college-basketball-history/blob/9738fe4f54b813aad4d2a12344a2c8279c3590ee/data/reference/programs.csv
arizona-state,Maryland (7),maryland,Maryland,TRUE,1,1994-1995,1994-1995,RESOLVED,RESOLVED_CURRENT_PROGRAM_REGISTRY_OR_SAFE_VARIANT,,Identity class: HISTORICAL_IDENTITY_RESOLVED_CURRENT_PROGRAM. Global registration: REUSE_CURRENT_MAIN_PROGRAM_EXPECTED. Evidence: Protected-main programs.csv at 9738fe4f54b813aad4d2a12344a2c8279c3590ee identifies current program Maryland under key maryland; source label 'Maryland' is an exact name/display match or conservative abbreviation/punctuation variant with no competing current-program identity. Sources: https://github.com/pollackelliott/college-basketball-history/blob/9738fe4f54b813aad4d2a12344a2c8279c3590ee/data/reference/programs.csv
arizona-state,Maryland (NCAA),maryland,Maryland,TRUE,1,2014-2015,2014-2015,RESOLVED,RESOLVED_CURRENT_PROGRAM_REGISTRY_OR_SAFE_VARIANT,,Identity class: HISTORICAL_IDENTITY_RESOLVED_CURRENT_PROGRAM. Global registration: REUSE_CURRENT_MAIN_PROGRAM_EXPECTED. Evidence: Protected-main programs.csv at 9738fe4f54b813aad4d2a12344a2c8279c3590ee identifies current program Maryland under key maryland; source label 'Maryland' is an exact name/display match or conservative abbreviation/punctuation variant with no competing current-program identity. Sources: https://github.com/pollackelliott/college-basketball-history/blob/9738fe4f54b813aad4d2a12344a2c8279c3590ee/data/reference/programs.csv
arizona-state,UMass,massachusetts,Massachusetts,TRUE,1,2024-2025,2024-2025,RESOLVED,RESOLVED_CURRENT_PROGRAM_REGISTRY_OR_SAFE_VARIANT,,Identity class: HISTORICAL_IDENTITY_RESOLVED_CURRENT_PROGRAM. Global registration: REUSE_CURRENT_MAIN_PROGRAM_EXPECTED. Evidence: Protected-main programs.csv at 9738fe4f54b813aad4d2a12344a2c8279c3590ee identifies current program Massachusetts under key massachusetts; source label 'UMass' is an exact name/display match or conservative abbreviation/punctuation variant with no competing current-program identity. Sources: https://github.com/pollackelliott/college-basketball-history/blob/9738fe4f54b813aad4d2a12344a2c8279c3590ee/data/reference/programs.csv
arizona-state,McNeese,mcneese,McNeese,TRUE,1,2018-2019,2018-2019,RESOLVED,RESOLVED_CURRENT_PROGRAM_REGISTRY_OR_SAFE_VARIANT,,Identity class: HISTORICAL_IDENTITY_RESOLVED_CURRENT_PROGRAM. Global registration: REUSE_CURRENT_MAIN_PROGRAM_EXPECTED. Evidence: Protected-main programs.csv at 9738fe4f54b813aad4d2a12344a2c8279c3590ee identifies current program McNeese under key mcneese; source label 'McNeese' is an exact name/display match or conservative abbreviation/punctuation variant with no competing current-program identity. Sources: https://github.com/pollackelliott/college-basketball-history/blob/9738fe4f54b813aad4d2a12344a2c8279c3590ee/data/reference/programs.csv
arizona-state,McNeese State,mcneese,McNeese,TRUE,1,2003-2004,2003-2004,RESOLVED,RESOLVED_CURRENT_PROGRAM_REGISTRY_OR_SAFE_VARIANT,,Identity class: HISTORICAL_IDENTITY_RESOLVED_CURRENT_PROGRAM. Global registration: REUSE_CURRENT_MAIN_PROGRAM_EXPECTED. Evidence: Protected-main programs.csv at 9738fe4f54b813aad4d2a12344a2c8279c3590ee identifies current program McNeese under key mcneese; source label 'McNeese State' is an exact name/display match or conservative abbreviation/punctuation variant with no competing current-program identity. Sources: https://github.com/pollackelliott/college-basketball-history/blob/9738fe4f54b813aad4d2a12344a2c8279c3590ee/data/reference/programs.csv
arizona-state,Memphis (19) (NCAA),memphis,Memphis,TRUE,1,2002-2003,2002-2003,RESOLVED,RESOLVED_CURRENT_PROGRAM_REGISTRY_OR_SAFE_VARIANT,,Identity class: HISTORICAL_IDENTITY_RESOLVED_CURRENT_PROGRAM. Global registration: REUSE_CURRENT_MAIN_PROGRAM_EXPECTED. Evidence: Protected-main programs.csv at 9738fe4f54b813aad4d2a12344a2c8279c3590ee identifies current program Memphis under key memphis; source label 'Memphis' is an exact name/display match or conservative abbreviation/punctuation variant with no competing current-program identity. Sources: https://github.com/pollackelliott/college-basketball-history/blob/9738fe4f54b813aad4d2a12344a2c8279c3590ee/data/reference/programs.csv
arizona-state,Memphis St.,memphis,Memphis,TRUE,2,1969-1970,1992-1993,RESOLVED,RESOLVED_RESEARCHED_HISTORICAL_ALIAS,,Identity class: HISTORICAL_IDENTITY_RESOLVED_CURRENT_PROGRAM. Global registration: REUSE_CURRENT_MAIN_PROGRAM_EXPECTED. Evidence: The University of Memphis documents that Memphis State University became the University of Memphis in 1994. ASU's historical 'Memphis St.' rows therefore normalize to the current Memphis program. Sources: https://www.memphis.edu/about/history.php
arizona-state,Mercer,mercer,Mercer,TRUE,1,2000-2001,2000-2001,RESOLVED,RESOLVED_CURRENT_PROGRAM_REGISTRY_OR_SAFE_VARIANT,,Identity class: HISTORICAL_IDENTITY_RESOLVED_CURRENT_PROGRAM. Global registration: REUSE_CURRENT_MAIN_PROGRAM_EXPECTED. Evidence: Protected-main programs.csv at 9738fe4f54b813aad4d2a12344a2c8279c3590ee identifies current program Mercer under key mercer; source label 'Mercer' is an exact name/display match or conservative abbreviation/punctuation variant with no competing current-program identity. Sources: https://github.com/pollackelliott/college-basketball-history/blob/9738fe4f54b813aad4d2a12344a2c8279c3590ee/data/reference/programs.csv
arizona-state,Mesa,mesa-1921-22-arizona-a-league,Mesa (1921-22 Arizona A League),FALSE,2,1921-1922,1921-1922,RESOLVED,RESOLVED_CONSERVATIVE_HISTORICAL_LOCAL_IDENTITY,,Identity class: HISTORICAL_LOCAL_IDENTITY_RESOLVED. Global registration: PENDING_CURRENT_MAIN_REBASE_IDENTITY. Evidence: Contemporary Tempe Normal season ledger identifies Mesa as an A-League opponent. Evidence is sufficient to keep one distinct historical local identity but not to force a later school/college genealogy. Sources: stage1:arizona-state-stage1-source-register-batch8.md
arizona-state,Mesa HS,mesa-high-school,Mesa High School,FALSE,2,1912-1913,1912-1913,RESOLVED,RESOLVED_LITERAL_HISTORICAL_NON_D1,,Identity class: HISTORICAL_SCHOLASTIC_IDENTITY_RESOLVED. Global registration: PENDING_CURRENT_MAIN_REBASE_IDENTITY. Evidence: Literal source label identifies Mesa High School; kept outside collegiate/current-D1 identity space. Sources: https://github.com/pollackelliott/college-basketball-history/blob/9738fe4f54b813aad4d2a12344a2c8279c3590ee/data/reference/programs.csv
arizona-state,Mexico National,mexico-national-team,Mexico,FALSE,1,1947-1948,1947-1948,RESOLVED,RESOLVED_LITERAL_HISTORICAL_NON_D1,,Identity class: HISTORICAL_NATIONAL_TEAM_IDENTITY_RESOLVED. Global registration: PENDING_CURRENT_MAIN_REBASE_IDENTITY. Evidence: Literal source label denotes the Mexico national team rather than a U.S. collegiate program. Sources: https://github.com/pollackelliott/college-basketball-history/blob/9738fe4f54b813aad4d2a12344a2c8279c3590ee/data/reference/programs.csv
arizona-state,Miami (Fla.),miami,Miami (FL),TRUE,2,1989-1990,2013-2014,RESOLVED,RESOLVED_CURRENT_PROGRAM_REGISTRY_OR_SAFE_VARIANT,,Identity class: HISTORICAL_IDENTITY_RESOLVED_CURRENT_PROGRAM. Global registration: REUSE_CURRENT_MAIN_PROGRAM_EXPECTED. Evidence: Protected-main programs.csv at 9738fe4f54b813aad4d2a12344a2c8279c3590ee identifies current program Miami (FL) under key miami; source label 'Miami (Fla.)' is an exact name/display match or conservative abbreviation/punctuation variant with no competing current-program identity. Sources: https://github.com/pollackelliott/college-basketball-history/blob/9738fe4f54b813aad4d2a12344a2c8279c3590ee/data/reference/programs.csv
arizona-state,"Miami, Fla.",miami,Miami (FL),TRUE,1,1991-1992,1991-1992,RESOLVED,RESOLVED_CURRENT_PROGRAM_REGISTRY_OR_SAFE_VARIANT,,"Identity class: HISTORICAL_IDENTITY_RESOLVED_CURRENT_PROGRAM. Global registration: REUSE_CURRENT_MAIN_PROGRAM_EXPECTED. Evidence: Protected-main programs.csv at 9738fe4f54b813aad4d2a12344a2c8279c3590ee identifies current program Miami (FL) under key miami; source label 'Miami, Fla.' is an exact name/display match or conservative abbreviation/punctuation variant with no competing current-program identity. Sources: https://github.com/pollackelliott/college-basketball-history/blob/9738fe4f54b813aad4d2a12344a2c8279c3590ee/data/reference/programs.csv"
arizona-state,Miami (OH),miami-oh,Miami (OH),TRUE,1,2013-2014,2013-2014,RESOLVED,RESOLVED_CURRENT_PROGRAM_REGISTRY_OR_SAFE_VARIANT,,Identity class: HISTORICAL_IDENTITY_RESOLVED_CURRENT_PROGRAM. Global registration: REUSE_CURRENT_MAIN_PROGRAM_EXPECTED. Evidence: Protected-main programs.csv at 9738fe4f54b813aad4d2a12344a2c8279c3590ee identifies current program Miami (OH) under key miami-oh; source label 'Miami (OH)' is an exact name/display match or conservative abbreviation/punctuation variant with no competing current-program identity. Sources: https://github.com/pollackelliott/college-basketball-history/blob/9738fe4f54b813aad4d2a12344a2c8279c3590ee/data/reference/programs.csv
arizona-state,Miami (Ohio),miami-oh,Miami (OH),TRUE,2,1953-1954,1984-1985,RESOLVED,RESOLVED_CURRENT_PROGRAM_REGISTRY_OR_SAFE_VARIANT,,Identity class: HISTORICAL_IDENTITY_RESOLVED_CURRENT_PROGRAM. Global registration: REUSE_CURRENT_MAIN_PROGRAM_EXPECTED. Evidence: Protected-main programs.csv at 9738fe4f54b813aad4d2a12344a2c8279c3590ee identifies current program Miami (OH) under key miami-oh; source label 'Miami (Ohio)' is an exact name/display match or conservative abbreviation/punctuation variant with no competing current-program identity. Sources: https://github.com/pollackelliott/college-basketball-history/blob/9738fe4f54b813aad4d2a12344a2c8279c3590ee/data/reference/programs.csv
arizona-state,Miami High,miami-high-school-arizona,Miami High School (Arizona),FALSE,1,1921-1922,1921-1922,RESOLVED,RESOLVED_LITERAL_HISTORICAL_NON_D1,,Identity class: HISTORICAL_SCHOLASTIC_IDENTITY_RESOLVED. Global registration: PENDING_CURRENT_MAIN_REBASE_IDENTITY. Evidence: Literal source label identifies the Arizona high-school opponent in the contemporary local context; no collegiate merge is made. Sources: https://github.com/pollackelliott/college-basketball-history/blob/9738fe4f54b813aad4d2a12344a2c8279c3590ee/data/reference/programs.csv
arizona-state,Miami Miners,miami-miners-arizona,Miami Miners (Arizona),FALSE,1,1925-1926,1925-1926,RESOLVED,RESOLVED_CONSERVATIVE_HISTORICAL_LOCAL_IDENTITY,,Identity class: HISTORICAL_LOCAL_IDENTITY_RESOLVED. Global registration: PENDING_CURRENT_MAIN_REBASE_IDENTITY. Evidence: Literal source label identifies a recurring Arizona local/mining-team opponent. No reliable evidence requires attachment to a current collegiate program; preserved distinctly under convergence policy. Sources: https://github.com/pollackelliott/college-basketball-history/blob/9738fe4f54b813aad4d2a12344a2c8279c3590ee/data/reference/programs.csv
arizona-state,Michigan,michigan,Michigan,TRUE,2,1967-1968,2022-2023,RESOLVED,RESOLVED_CURRENT_PROGRAM_REGISTRY_OR_SAFE_VARIANT,,Identity class: HISTORICAL_IDENTITY_RESOLVED_CURRENT_PROGRAM. Global registration: REUSE_CURRENT_MAIN_PROGRAM_EXPECTED. Evidence: Protected-main programs.csv at 9738fe4f54b813aad4d2a12344a2c8279c3590ee identifies current program Michigan under key michigan; source label 'Michigan' is an exact name/display match or conservative abbreviation/punctuation variant with no competing current-program identity. Sources: https://github.com/pollackelliott/college-basketball-history/blob/9738fe4f54b813aad4d2a12344a2c8279c3590ee/data/reference/programs.csv
arizona-state,Michigan (13),michigan,Michigan,TRUE,1,1994-1995,1994-1995,RESOLVED,RESOLVED_CURRENT_PROGRAM_REGISTRY_OR_SAFE_VARIANT,,Identity class: HISTORICAL_IDENTITY_RESOLVED_CURRENT_PROGRAM. Global registration: REUSE_CURRENT_MAIN_PROGRAM_EXPECTED. Evidence: Protected-main programs.csv at 9738fe4f54b813aad4d2a12344a2c8279c3590ee identifies current program Michigan under key michigan; source label 'Michigan' is an exact name/display match or conservative abbreviation/punctuation variant with no competing current-program identity. Sources: https://github.com/pollackelliott/college-basketball-history/blob/9738fe4f54b813aad4d2a12344a2c8279c3590ee/data/reference/programs.csv
arizona-state,Michigan (3),michigan,Michigan,TRUE,1,1965-1966,1965-1966,RESOLVED,RESOLVED_CURRENT_PROGRAM_REGISTRY_OR_SAFE_VARIANT,,Identity class: HISTORICAL_IDENTITY_RESOLVED_CURRENT_PROGRAM. Global registration: REUSE_CURRENT_MAIN_PROGRAM_EXPECTED. Evidence: Protected-main programs.csv at 9738fe4f54b813aad4d2a12344a2c8279c3590ee identifies current program Michigan under key michigan; source label 'Michigan' is an exact name/display match or conservative abbreviation/punctuation variant with no competing current-program identity. Sources: https://github.com/pollackelliott/college-basketball-history/blob/9738fe4f54b813aad4d2a12344a2c8279c3590ee/data/reference/programs.csv
arizona-state,Michigan St.,michigan-state,Michigan State,TRUE,1,1972-1973,1972-1973,RESOLVED,RESOLVED_CURRENT_PROGRAM_REGISTRY_OR_SAFE_VARIANT,,Identity class: HISTORICAL_IDENTITY_RESOLVED_CURRENT_PROGRAM. Global registration: REUSE_CURRENT_MAIN_PROGRAM_EXPECTED. Evidence: Protected-main programs.csv at 9738fe4f54b813aad4d2a12344a2c8279c3590ee identifies current program Michigan State under key michigan-state; source label 'Michigan St.' is an exact name/display match or conservative abbreviation/punctuation variant with no competing current-program identity. Sources: https://github.com/pollackelliott/college-basketball-history/blob/9738fe4f54b813aad4d2a12344a2c8279c3590ee/data/reference/programs.csv
arizona-state,Minnesota,minnesota,Minnesota,TRUE,4,1961-1962,2006-2007,RESOLVED,RESOLVED_CURRENT_PROGRAM_REGISTRY_OR_SAFE_VARIANT,,Identity class: HISTORICAL_IDENTITY_RESOLVED_CURRENT_PROGRAM. Global registration: REUSE_CURRENT_MAIN_PROGRAM_EXPECTED. Evidence: Protected-main programs.csv at 9738fe4f54b813aad4d2a12344a2c8279c3590ee identifies current program Minnesota under key minnesota; source label 'Minnesota' is an exact name/display match or conservative abbreviation/punctuation variant with no competing current-program identity. Sources: https://github.com/pollackelliott/college-basketball-history/blob/9738fe4f54b813aad4d2a12344a2c8279c3590ee/data/reference/programs.csv
arizona-state,Minnesota (OT),minnesota,Minnesota,TRUE,1,2005-2006,2005-2006,RESOLVED,RESOLVED_CURRENT_PROGRAM_REGISTRY_OR_SAFE_VARIANT,,Identity class: HISTORICAL_IDENTITY_RESOLVED_CURRENT_PROGRAM. Global registration: REUSE_CURRENT_MAIN_PROGRAM_EXPECTED. Evidence: Protected-main programs.csv at 9738fe4f54b813aad4d2a12344a2c8279c3590ee identifies current program Minnesota under key minnesota; source label 'Minnesota' is an exact name/display match or conservative abbreviation/punctuation variant with no competing current-program identity. Sources: https://github.com/pollackelliott/college-basketball-history/blob/9738fe4f54b813aad4d2a12344a2c8279c3590ee/data/reference/programs.csv
arizona-state,Mankato St. (t),minnesota-state-mankato,Minnesota State Mankato,FALSE,1,1947-1948,1947-1948,RESOLVED,RESOLVED_RESEARCHED_HISTORICAL_ALIAS_NON_D1,,Identity class: HISTORICAL_NONCURRENT_IDENTITY. Global registration: PENDING_CURRENT_MAIN_REBASE_NONCURRENT_IDENTITY. Evidence: Minnesota State Mankato official history documents Mankato State Teachers College from 1921 and Mankato State College from 1957 in the same institutional lineage. Sources: https://mankato.mnsu.edu/about-the-university/fast-facts/history/
arizona-state,Mississippi St.,mississippi-state,Mississippi State,TRUE,1,1987-1988,1987-1988,RESOLVED,RESOLVED_CURRENT_PROGRAM_REGISTRY_OR_SAFE_VARIANT,,Identity class: HISTORICAL_IDENTITY_RESOLVED_CURRENT_PROGRAM. Global registration: REUSE_CURRENT_MAIN_PROGRAM_EXPECTED. Evidence: Protected-main programs.csv at 9738fe4f54b813aad4d2a12344a2c8279c3590ee identifies current program Mississippi State under key mississippi-state; source label 'Mississippi St.' is an exact name/display match or conservative abbreviation/punctuation variant with no competing current-program identity. Sources: https://github.com/pollackelliott/college-basketball-history/blob/9738fe4f54b813aad4d2a12344a2c8279c3590ee/data/reference/programs.csv
arizona-state,Mississippi State,mississippi-state,Mississippi State,TRUE,2,2018-2019,2023-2024,RESOLVED,RESOLVED_CURRENT_PROGRAM_REGISTRY_OR_SAFE_VARIANT,,Identity class: HISTORICAL_IDENTITY_RESOLVED_CURRENT_PROGRAM. Global registration: REUSE_CURRENT_MAIN_PROGRAM_EXPECTED. Evidence: Protected-main programs.csv at 9738fe4f54b813aad4d2a12344a2c8279c3590ee identifies current program Mississippi State under key mississippi-state; source label 'Mississippi State' is an exact name/display match or conservative abbreviation/punctuation variant with no competing current-program identity. Sources: https://github.com/pollackelliott/college-basketball-history/blob/9738fe4f54b813aad4d2a12344a2c8279c3590ee/data/reference/programs.csv
arizona-state,Mississippi Valley State,mississippi-valley-state,Mississippi Valley State,TRUE,1,2008-2009,2008-2009,RESOLVED,RESOLVED_CURRENT_PROGRAM_REGISTRY_OR_SAFE_VARIANT,,Identity class: HISTORICAL_IDENTITY_RESOLVED_CURRENT_PROGRAM. Global registration: REUSE_CURRENT_MAIN_PROGRAM_EXPECTED. Evidence: Protected-main programs.csv at 9738fe4f54b813aad4d2a12344a2c8279c3590ee identifies current program Mississippi Valley State under key mississippi-valley-state; source label 'Mississippi Valley State' is an exact name/display match or conservative abbreviation/punctuation variant with no competing current-program identity. Sources: https://github.com/pollackelliott/college-basketball-history/blob/9738fe4f54b813aad4d2a12344a2c8279c3590ee/data/reference/programs.csv
arizona-state,Missouri,missouri,Missouri,TRUE,2,1969-1970,1978-1979,RESOLVED,RESOLVED_CURRENT_PROGRAM_REGISTRY_OR_SAFE_VARIANT,,Identity class: HISTORICAL_IDENTITY_RESOLVED_CURRENT_PROGRAM. Global registration: REUSE_CURRENT_MAIN_PROGRAM_EXPECTED. Evidence: Protected-main programs.csv at 9738fe4f54b813aad4d2a12344a2c8279c3590ee identifies current program Missouri under key missouri; source label 'Missouri' is an exact name/display match or conservative abbreviation/punctuation variant with no competing current-program identity. Sources: https://github.com/pollackelliott/college-basketball-history/blob/9738fe4f54b813aad4d2a12344a2c8279c3590ee/data/reference/programs.csv
arizona-state,Missouri (6),missouri,Missouri,TRUE,1,1982-1983,1982-1983,RESOLVED,RESOLVED_CURRENT_PROGRAM_REGISTRY_OR_SAFE_VARIANT,,Identity class: HISTORICAL_IDENTITY_RESOLVED_CURRENT_PROGRAM. Global registration: REUSE_CURRENT_MAIN_PROGRAM_EXPECTED. Evidence: Protected-main programs.csv at 9738fe4f54b813aad4d2a12344a2c8279c3590ee identifies current program Missouri under key missouri; source label 'Missouri' is an exact name/display match or conservative abbreviation/punctuation variant with no competing current-program identity. Sources: https://github.com/pollackelliott/college-basketball-history/blob/9738fe4f54b813aad4d2a12344a2c8279c3590ee/data/reference/programs.csv
arizona-state,Montana,montana,Montana,TRUE,3,1974-1975,1976-1977,RESOLVED,RESOLVED_CURRENT_PROGRAM_REGISTRY_OR_SAFE_VARIANT,,Identity class: HISTORICAL_IDENTITY_RESOLVED_CURRENT_PROGRAM. Global registration: REUSE_CURRENT_MAIN_PROGRAM_EXPECTED. Evidence: Protected-main programs.csv at 9738fe4f54b813aad4d2a12344a2c8279c3590ee identifies current program Montana under key montana; source label 'Montana' is an exact name/display match or conservative abbreviation/punctuation variant with no competing current-program identity. Sources: https://github.com/pollackelliott/college-basketball-history/blob/9738fe4f54b813aad4d2a12344a2c8279c3590ee/data/reference/programs.csv
arizona-state,Montana St.,montana-state,Montana State,TRUE,2,1980-1981,1990-1991,RESOLVED,RESOLVED_CURRENT_PROGRAM_REGISTRY_OR_SAFE_VARIANT,,Identity class: HISTORICAL_IDENTITY_RESOLVED_CURRENT_PROGRAM. Global registration: REUSE_CURRENT_MAIN_PROGRAM_EXPECTED. Evidence: Protected-main programs.csv at 9738fe4f54b813aad4d2a12344a2c8279c3590ee identifies current program Montana State under key montana-state; source label 'Montana St.' is an exact name/display match or conservative abbreviation/punctuation variant with no competing current-program identity. Sources: https://github.com/pollackelliott/college-basketball-history/blob/9738fe4f54b813aad4d2a12344a2c8279c3590ee/data/reference/programs.csv
arizona-state,Montana State,montana-state,Montana State,TRUE,3,2001-2002,2011-2012,RESOLVED,RESOLVED_CURRENT_PROGRAM_REGISTRY_OR_SAFE_VARIANT,,Identity class: HISTORICAL_IDENTITY_RESOLVED_CURRENT_PROGRAM. Global registration: REUSE_CURRENT_MAIN_PROGRAM_EXPECTED. Evidence: Protected-main programs.csv at 9738fe4f54b813aad4d2a12344a2c8279c3590ee identifies current program Montana State under key montana-state; source label 'Montana State' is an exact name/display match or conservative abbreviation/punctuation variant with no competing current-program identity. Sources: https://github.com/pollackelliott/college-basketball-history/blob/9738fe4f54b813aad4d2a12344a2c8279c3590ee/data/reference/programs.csv
arizona-state,Morehead State,morehead-state,Morehead State,TRUE,1,2002-2003,2002-2003,RESOLVED,RESOLVED_CURRENT_PROGRAM_REGISTRY_OR_SAFE_VARIANT,,Identity class: HISTORICAL_IDENTITY_RESOLVED_CURRENT_PROGRAM. Global registration: REUSE_CURRENT_MAIN_PROGRAM_EXPECTED. Evidence: Protected-main programs.csv at 9738fe4f54b813aad4d2a12344a2c8279c3590ee identifies current program Morehead State under key morehead-state; source label 'Morehead State' is an exact name/display match or conservative abbreviation/punctuation variant with no competing current-program identity. Sources: https://github.com/pollackelliott/college-basketball-history/blob/9738fe4f54b813aad4d2a12344a2c8279c3590ee/data/reference/programs.csv
arizona-state,Morgan State,morgan-state,Morgan State,TRUE,1,1999-2000,1999-2000,RESOLVED,RESOLVED_CURRENT_PROGRAM_REGISTRY_OR_SAFE_VARIANT,,Identity class: HISTORICAL_IDENTITY_RESOLVED_CURRENT_PROGRAM. Global registration: REUSE_CURRENT_MAIN_PROGRAM_EXPECTED. Evidence: Protected-main programs.csv at 9738fe4f54b813aad4d2a12344a2c8279c3590ee identifies current program Morgan State under key morgan-state; source label 'Morgan State' is an exact name/display match or conservative abbreviation/punctuation variant with no competing current-program identity. Sources: https://github.com/pollackelliott/college-basketball-history/blob/9738fe4f54b813aad4d2a12344a2c8279c3590ee/data/reference/programs.csv
arizona-state,Murray St.,murray-state,Murray State,TRUE,1,1964-1965,1964-1965,RESOLVED,RESOLVED_CURRENT_PROGRAM_REGISTRY_OR_SAFE_VARIANT,,Identity class: HISTORICAL_IDENTITY_RESOLVED_CURRENT_PROGRAM. Global registration: REUSE_CURRENT_MAIN_PROGRAM_EXPECTED. Evidence: Protected-main programs.csv at 9738fe4f54b813aad4d2a12344a2c8279c3590ee identifies current program Murray State under key murray-state; source label 'Murray St.' is an exact name/display match or conservative abbreviation/punctuation variant with no competing current-program identity. Sources: https://github.com/pollackelliott/college-basketball-history/blob/9738fe4f54b813aad4d2a12344a2c8279c3590ee/data/reference/programs.csv
arizona-state,Naval Station,naval-station,Naval Station,FALSE,1,1945-1946,1945-1946,RESOLVED,RESOLVED_CONSERVATIVE_HISTORICAL_SERVICE_IDENTITY,,Identity class: HISTORICAL_SERVICE_IDENTITY_RESOLVED. Global registration: PENDING_CURRENT_MAIN_REBASE_IDENTITY. Evidence: Literal source label uniquely distinguishes this military/service opponent within the ASU season. Exact station-unit genealogy is not supported strongly enough to refine further and would not materially affect canonical identity. Sources: https://github.com/pollackelliott/college-basketball-history/blob/9738fe4f54b813aad4d2a12344a2c8279c3590ee/data/reference/programs.csv
arizona-state,Navy,navy,Navy,TRUE,1,1998-1999,1998-1999,RESOLVED,RESOLVED_CURRENT_PROGRAM_REGISTRY_OR_SAFE_VARIANT,,Identity class: HISTORICAL_IDENTITY_RESOLVED_CURRENT_PROGRAM. Global registration: REUSE_CURRENT_MAIN_PROGRAM_EXPECTED. Evidence: Protected-main programs.csv at 9738fe4f54b813aad4d2a12344a2c8279c3590ee identifies current program Navy under key navy; source label 'Navy' is an exact name/display match or conservative abbreviation/punctuation variant with no competing current-program identity. Sources: https://github.com/pollackelliott/college-basketball-history/blob/9738fe4f54b813aad4d2a12344a2c8279c3590ee/data/reference/programs.csv
arizona-state,NC State,nc-state,NC State,TRUE,1,2015-2016,2015-2016,RESOLVED,RESOLVED_CURRENT_PROGRAM_REGISTRY_OR_SAFE_VARIANT,,Identity class: HISTORICAL_IDENTITY_RESOLVED_CURRENT_PROGRAM. Global registration: REUSE_CURRENT_MAIN_PROGRAM_EXPECTED. Evidence: Protected-main programs.csv at 9738fe4f54b813aad4d2a12344a2c8279c3590ee identifies current program NC State under key nc-state; source label 'NC State' is an exact name/display match or conservative abbreviation/punctuation variant with no competing current-program identity. Sources: https://github.com/pollackelliott/college-basketball-history/blob/9738fe4f54b813aad4d2a12344a2c8279c3590ee/data/reference/programs.csv
arizona-state,No. Carolina St.,nc-state,NC State,TRUE,1,1987-1988,1987-1988,RESOLVED,RESOLVED_CURRENT_PROGRAM_REGISTRY_OR_SAFE_VARIANT,,Identity class: HISTORICAL_IDENTITY_RESOLVED_CURRENT_PROGRAM. Global registration: REUSE_CURRENT_MAIN_PROGRAM_EXPECTED. Evidence: Protected-main programs.csv at 9738fe4f54b813aad4d2a12344a2c8279c3590ee identifies current program NC State under key nc-state; source label 'No. Carolina St.' is an exact name/display match or conservative abbreviation/punctuation variant with no competing current-program identity. Sources: https://github.com/pollackelliott/college-basketball-history/blob/9738fe4f54b813aad4d2a12344a2c8279c3590ee/data/reference/programs.csv
arizona-state,North Carolina State,nc-state,NC State,TRUE,2,1995-1996,1999-2000,RESOLVED,RESOLVED_CURRENT_PROGRAM_REGISTRY_OR_SAFE_VARIANT,,Identity class: HISTORICAL_IDENTITY_RESOLVED_CURRENT_PROGRAM. Global registration: REUSE_CURRENT_MAIN_PROGRAM_EXPECTED. Evidence: Protected-main programs.csv at 9738fe4f54b813aad4d2a12344a2c8279c3590ee identifies current program NC State under key nc-state; source label 'North Carolina State' is an exact name/display match or conservative abbreviation/punctuation variant with no competing current-program identity. Sources: https://github.com/pollackelliott/college-basketball-history/blob/9738fe4f54b813aad4d2a12344a2c8279c3590ee/data/reference/programs.csv
arizona-state,North Carolina State (21),nc-state,NC State,TRUE,1,1999-2000,1999-2000,RESOLVED,RESOLVED_CURRENT_PROGRAM_REGISTRY_OR_SAFE_VARIANT,,Identity class: HISTORICAL_IDENTITY_RESOLVED_CURRENT_PROGRAM. Global registration: REUSE_CURRENT_MAIN_PROGRAM_EXPECTED. Evidence: Protected-main programs.csv at 9738fe4f54b813aad4d2a12344a2c8279c3590ee identifies current program NC State under key nc-state; source label 'North Carolina State' is an exact name/display match or conservative abbreviation/punctuation variant with no competing current-program identity. Sources: https://github.com/pollackelliott/college-basketball-history/blob/9738fe4f54b813aad4d2a12344a2c8279c3590ee/data/reference/programs.csv
arizona-state,Nebraska,nebraska,Nebraska,TRUE,5,1968-1969,2024-2025,RESOLVED,RESOLVED_CURRENT_PROGRAM_REGISTRY_OR_SAFE_VARIANT,,Identity class: HISTORICAL_IDENTITY_RESOLVED_CURRENT_PROGRAM. Global registration: REUSE_CURRENT_MAIN_PROGRAM_EXPECTED. Evidence: Protected-main programs.csv at 9738fe4f54b813aad4d2a12344a2c8279c3590ee identifies current program Nebraska under key nebraska; source label 'Nebraska' is an exact name/display match or conservative abbreviation/punctuation variant with no competing current-program identity. Sources: https://github.com/pollackelliott/college-basketball-history/blob/9738fe4f54b813aad4d2a12344a2c8279c3590ee/data/reference/programs.csv
arizona-state,Nebraska (NIT),nebraska,Nebraska,TRUE,3,2003-2004,2008-2009,RESOLVED,RESOLVED_CURRENT_PROGRAM_REGISTRY_OR_SAFE_VARIANT,,Identity class: HISTORICAL_IDENTITY_RESOLVED_CURRENT_PROGRAM. Global registration: REUSE_CURRENT_MAIN_PROGRAM_EXPECTED. Evidence: Protected-main programs.csv at 9738fe4f54b813aad4d2a12344a2c8279c3590ee identifies current program Nebraska under key nebraska; source label 'Nebraska' is an exact name/display match or conservative abbreviation/punctuation variant with no competing current-program identity. Sources: https://github.com/pollackelliott/college-basketball-history/blob/9738fe4f54b813aad4d2a12344a2c8279c3590ee/data/reference/programs.csv
arizona-state,kearney St.,nebraska-kearney,Nebraska Kearney,FALSE,1,1929-1930,1929-1930,RESOLVED,RESOLVED_RESEARCHED_HISTORICAL_ALIAS_NON_D1,,"Identity class: HISTORICAL_NONCURRENT_IDENTITY. Global registration: PENDING_CURRENT_MAIN_REBASE_NONCURRENT_IDENTITY. Evidence: University of Nebraska at Kearney official history documents Nebraska State Teachers College at Kearney beginning in 1921, later Kearney State College and UNK. This is the ASU source Kearney St. opponent. Sources: https://www.unk.edu/about/history.php"
arizona-state,Neb. Wesleyan (T),nebraska-wesleyan,Nebraska Wesleyan,FALSE,1,1952-1953,1952-1953,RESOLVED,RESOLVED_LITERAL_HISTORICAL_NON_D1,,Identity class: HISTORICAL_NON_D1_IDENTITY_RESOLVED. Global registration: PENDING_CURRENT_MAIN_REBASE_IDENTITY. Evidence: Literal source label 'Neb. Wesleyan' identifies the historical/non-D1 opponent without requiring a current-D1 merge; current protected-main program registry contains no competing current-D1 identity requiring reassignment. Preserved distinctly under Stage 2 convergence policy. Sources: https://github.com/pollackelliott/college-basketball-history/blob/9738fe4f54b813aad4d2a12344a2c8279c3590ee/data/reference/programs.csv
arizona-state,Nevada,nevada,Nevada,TRUE,3,2010-2011,2022-2023,RESOLVED,RESOLVED_CURRENT_PROGRAM_REGISTRY_OR_SAFE_VARIANT,,Identity class: HISTORICAL_IDENTITY_RESOLVED_CURRENT_PROGRAM. Global registration: REUSE_CURRENT_MAIN_PROGRAM_EXPECTED. Evidence: Protected-main programs.csv at 9738fe4f54b813aad4d2a12344a2c8279c3590ee identifies current program Nevada under key nevada; source label 'Nevada' is an exact name/display match or conservative abbreviation/punctuation variant with no competing current-program identity. Sources: https://github.com/pollackelliott/college-basketball-history/blob/9738fe4f54b813aad4d2a12344a2c8279c3590ee/data/reference/programs.csv
arizona-state,Nevada (NIT),nevada,Nevada,TRUE,2,2002-2003,2011-2012,RESOLVED,RESOLVED_CURRENT_PROGRAM_REGISTRY_OR_SAFE_VARIANT,,Identity class: HISTORICAL_IDENTITY_RESOLVED_CURRENT_PROGRAM. Global registration: REUSE_CURRENT_MAIN_PROGRAM_EXPECTED. Evidence: Protected-main programs.csv at 9738fe4f54b813aad4d2a12344a2c8279c3590ee identifies current program Nevada under key nevada; source label 'Nevada' is an exact name/display match or conservative abbreviation/punctuation variant with no competing current-program identity. Sources: https://github.com/pollackelliott/college-basketball-history/blob/9738fe4f54b813aad4d2a12344a2c8279c3590ee/data/reference/programs.csv
arizona-state,New Mexico,new-mexico,New Mexico,TRUE,78,1930-1931,2024-2025,RESOLVED,RESOLVED_CURRENT_PROGRAM_REGISTRY_OR_SAFE_VARIANT | RESOLVED_FROM_STAGE1_ACCEPTED_IDENTITY | RESOLVED_TRANCHE1,,Identity class: HISTORICAL_IDENTITY_RESOLVED | CURRENT_PROGRAM_IDENTITY. Global registration: REUSE_CURRENT_MAIN_PROGRAM_EXPECTED. Evidence: Batch 33 accepted Stage 1 opponent identity; Stage 2 preserves rather than re-researches the row || Protected-main current program registry/name plus conservative source-label abbreviation normalization; no institution merge based on geography || Protected-main programs.csv at 9738fe4f54b813aad4d2a12344a2c8279c3590ee identifies the current program; source label is an exact or conservative case/punctuation/abbreviation variant with no competing current-program identity. Sources: https://github.com/pollackelliott/college-basketball-history/blob/9738fe4f54b813aad4d2a12344a2c8279c3590ee/data/reference/programs.csv
arizona-state,New Mexico (16),new-mexico,New Mexico,TRUE,1,1972-1973,1972-1973,RESOLVED,RESOLVED_TRANCHE1,,Identity class: CURRENT_PROGRAM_IDENTITY. Global registration: REUSE_CURRENT_MAIN_PROGRAM_EXPECTED. Evidence: Protected-main current program registry/name plus conservative source-label abbreviation normalization; no institution merge based on geography
arizona-state,New Mexico (18),new-mexico,New Mexico,TRUE,1,1968-1969,1968-1969,RESOLVED,RESOLVED_TRANCHE1,,Identity class: CURRENT_PROGRAM_IDENTITY. Global registration: REUSE_CURRENT_MAIN_PROGRAM_EXPECTED. Evidence: Protected-main current program registry/name plus conservative source-label abbreviation normalization; no institution merge based on geography
arizona-state,New Mexico (20),new-mexico,New Mexico,TRUE,1,1972-1973,1972-1973,RESOLVED,RESOLVED_TRANCHE1,,Identity class: CURRENT_PROGRAM_IDENTITY. Global registration: REUSE_CURRENT_MAIN_PROGRAM_EXPECTED. Evidence: Protected-main current program registry/name plus conservative source-label abbreviation normalization; no institution merge based on geography
arizona-state,New Mexico (4),new-mexico,New Mexico,TRUE,1,1967-1968,1967-1968,RESOLVED,RESOLVED_TRANCHE1,,Identity class: CURRENT_PROGRAM_IDENTITY. Global registration: REUSE_CURRENT_MAIN_PROGRAM_EXPECTED. Evidence: Protected-main current program registry/name plus conservative source-label abbreviation normalization; no institution merge based on geography
arizona-state,New Mexico (6),new-mexico,New Mexico,TRUE,1,1977-1978,1977-1978,RESOLVED,RESOLVED_TRANCHE1,,Identity class: CURRENT_PROGRAM_IDENTITY. Global registration: REUSE_CURRENT_MAIN_PROGRAM_EXPECTED. Evidence: Protected-main current program registry/name plus conservative source-label abbreviation normalization; no institution merge based on geography
arizona-state,New Mexico (7),new-mexico,New Mexico,TRUE,1,1967-1968,1967-1968,RESOLVED,RESOLVED_TRANCHE1,,Identity class: CURRENT_PROGRAM_IDENTITY. Global registration: REUSE_CURRENT_MAIN_PROGRAM_EXPECTED. Evidence: Protected-main current program registry/name plus conservative source-label abbreviation normalization; no institution merge based on geography
arizona-state,New Mexico (8),new-mexico,New Mexico,TRUE,1,1973-1974,1973-1974,RESOLVED,RESOLVED_TRANCHE1,,Identity class: CURRENT_PROGRAM_IDENTITY. Global registration: REUSE_CURRENT_MAIN_PROGRAM_EXPECTED. Evidence: Protected-main current program registry/name plus conservative source-label abbreviation normalization; no institution merge based on geography
arizona-state,New Mexico (NCAA),new-mexico,New Mexico,TRUE,1,2011-2012,2011-2012,RESOLVED,RESOLVED_TRANCHE1,,Identity class: CURRENT_PROGRAM_IDENTITY. Global registration: REUSE_CURRENT_MAIN_PROGRAM_EXPECTED. Evidence: Protected-main current program registry/name plus conservative source-label abbreviation normalization; no institution merge based on geography
arizona-state,New Mexico (NIT),new-mexico,New Mexico,TRUE,1,2010-2011,2010-2011,RESOLVED,RESOLVED_TRANCHE1,,Identity class: CURRENT_PROGRAM_IDENTITY. Global registration: REUSE_CURRENT_MAIN_PROGRAM_EXPECTED. Evidence: Protected-main current program registry/name plus conservative source-label abbreviation normalization; no institution merge based on geography
arizona-state,N.M. Highlands,new-mexico-highlands,New Mexico Highlands,FALSE,2,1957-1958,1959-1960,RESOLVED,RESOLVED_LITERAL_HISTORICAL_NON_D1,,Identity class: HISTORICAL_NON_D1_IDENTITY_RESOLVED. Global registration: PENDING_CURRENT_MAIN_REBASE_IDENTITY. Evidence: Literal source label 'N.M. Highlands' identifies the historical/non-D1 opponent without requiring a current-D1 merge; current protected-main program registry contains no competing current-D1 identity requiring reassignment. Preserved distinctly under Stage 2 convergence policy. Sources: https://github.com/pollackelliott/college-basketball-history/blob/9738fe4f54b813aad4d2a12344a2c8279c3590ee/data/reference/programs.csv
arizona-state,New Mex. Highlands,new-mexico-highlands,New Mexico Highlands,FALSE,1,1948-1949,1948-1949,RESOLVED,RESOLVED_RESEARCHED_HISTORICAL_NON_D1,,Identity class: HISTORICAL_NONCURRENT_IDENTITY. Global registration: PENDING_CURRENT_MAIN_REBASE_NONCURRENT_IDENTITY. Evidence: The literal New Mexico Highlands label identifies New Mexico Highlands University; no current-D1 identity competes with the historical program. Sources: https://www.nmhu.edu/
arizona-state,New Mexico,new-mexico-state,New Mexico State,TRUE,1,1949-1950,1949-1950,RESOLVED,RESOLVED_OWNER_AUTHORIZED_NARROW_REPAIR,,Identity class: CURRENT_PROGRAM_IDENTITY. Global registration: REUSE_CURRENT_MAIN_PROGRAM_EXPECTED. Evidence: Owner-authorized narrow Stage 2 repair. New Mexico official 1949-50 history contains only the ASU W96-75 and ASU L71-77 meetings and excludes W76-51. Independent Arizona State-New Mexico State series evidence gives an exact Arizona State 76-51 New Mexico State result on 1950-01-13 at Arizona State. The target source's literal 'New Mexico' is preserved as source evidence but is treated as a missing 'State' label. Sources: https://storage.googleapis.com/golobos-prod/2022/11/f4a8c7c4-2023_mbb_media_guide.pdf | https://mcubed.net/ncaab/series/azst/nmst.shtml
arizona-state,New Mexico St.,new-mexico-state,New Mexico State,TRUE,53,1930-1931,1981-1982,RESOLVED,RESOLVED_CURRENT_PROGRAM_REGISTRY_OR_SAFE_VARIANT | RESOLVED_FROM_STAGE1_ACCEPTED_IDENTITY | RESOLVED_TRANCHE1,,Identity class: HISTORICAL_IDENTITY_RESOLVED | CURRENT_PROGRAM_IDENTITY. Global registration: REUSE_CURRENT_MAIN_PROGRAM_EXPECTED. Evidence: Batch 33 accepted Stage 1 opponent identity; Stage 2 preserves rather than re-researches the row || Protected-main current program registry/name plus conservative source-label abbreviation normalization; no institution merge based on geography || Protected-main programs.csv at 9738fe4f54b813aad4d2a12344a2c8279c3590ee identifies the current program; source label is an exact or conservative case/punctuation/abbreviation variant with no competing current-program identity. Sources: https://github.com/pollackelliott/college-basketball-history/blob/9738fe4f54b813aad4d2a12344a2c8279c3590ee/data/reference/programs.csv
arizona-state,New Mexico St. (12),new-mexico-state,New Mexico State,TRUE,1,1968-1969,1968-1969,RESOLVED,RESOLVED_TRANCHE1,,Identity class: CURRENT_PROGRAM_IDENTITY. Global registration: REUSE_CURRENT_MAIN_PROGRAM_EXPECTED. Evidence: Protected-main current program registry/name plus conservative source-label abbreviation normalization; no institution merge based on geography
arizona-state,New Mexico St. (3),new-mexico-state,New Mexico State,TRUE,1,1969-1970,1969-1970,RESOLVED,RESOLVED_TRANCHE1,,Identity class: CURRENT_PROGRAM_IDENTITY. Global registration: REUSE_CURRENT_MAIN_PROGRAM_EXPECTED. Evidence: Protected-main current program registry/name plus conservative source-label abbreviation normalization; no institution merge based on geography
arizona-state,New Mexico State,new-mexico-state,New Mexico State,TRUE,9,1935-1936,1999-2000,RESOLVED,RESOLVED_CURRENT_PROGRAM_REGISTRY_OR_SAFE_VARIANT | RESOLVED_TRANCHE1,,Identity class: CURRENT_PROGRAM_IDENTITY. Global registration: REUSE_CURRENT_MAIN_PROGRAM_EXPECTED. Evidence: Protected-main current program registry/name plus conservative source-label abbreviation normalization; no institution merge based on geography || Protected-main programs.csv at 9738fe4f54b813aad4d2a12344a2c8279c3590ee identifies the current program; source label is an exact or conservative case/punctuation/abbreviation variant with no competing current-program identity. Sources: https://github.com/pollackelliott/college-basketball-history/blob/9738fe4f54b813aad4d2a12344a2c8279c3590ee/data/reference/programs.csv
arizona-state,New Mexico State (NCAA),new-mexico-state,New Mexico State,TRUE,1,2016-2017,2016-2017,RESOLVED,RESOLVED_TRANCHE1,,Identity class: CURRENT_PROGRAM_IDENTITY. Global registration: REUSE_CURRENT_MAIN_PROGRAM_EXPECTED. Evidence: Protected-main current program registry/name plus conservative source-label abbreviation normalization; no institution merge based on geography
arizona-state,New MexicoSt,new-mexico-state,New Mexico State,TRUE,1,1931-1932,1931-1932,RESOLVED,RESOLVED_CURRENT_PROGRAM_REGISTRY_OR_SAFE_VARIANT,,Identity class: CURRENT_PROGRAM_IDENTITY. Global registration: REUSE_CURRENT_MAIN_PROGRAM_EXPECTED. Evidence: Protected-main programs.csv at 9738fe4f54b813aad4d2a12344a2c8279c3590ee identifies the current program; source label is an exact or conservative case/punctuation/abbreviation variant with no competing current-program identity. Sources: https://github.com/pollackelliott/college-basketball-history/blob/9738fe4f54b813aad4d2a12344a2c8279c3590ee/data/reference/programs.csv
arizona-state,New Mexico Mines,new-mexico-tech,New Mexico Tech,FALSE,4,1938-1939,1940-1941,RESOLVED,RESOLVED_RESEARCHED_HISTORICAL_ALIAS_NON_D1,,Identity class: HISTORICAL_NONCURRENT_IDENTITY. Global registration: PENDING_CURRENT_MAIN_REBASE_NONCURRENT_IDENTITY. Evidence: New Mexico Tech official history identifies the institution as the New Mexico School of Mines during the period represented by the ASU source label. Sources: https://www.nmt.edu/aboutnmt/nmthistory.php
arizona-state,New Orleans,new-orleans,LSU New Orleans,TRUE,3,1980-1981,1998-1999,RESOLVED,RESOLVED_CURRENT_PROGRAM_REGISTRY_OR_SAFE_VARIANT,,Identity class: HISTORICAL_IDENTITY_RESOLVED_CURRENT_PROGRAM. Global registration: REUSE_CURRENT_MAIN_PROGRAM_EXPECTED. Evidence: Protected-main programs.csv at 9738fe4f54b813aad4d2a12344a2c8279c3590ee identifies current program New Orleans under key new-orleans; source label 'New Orleans' is an exact name/display match or conservative abbreviation/punctuation variant with no competing current-program identity. Sources: https://github.com/pollackelliott/college-basketball-history/blob/9738fe4f54b813aad4d2a12344a2c8279c3590ee/data/reference/programs.csv
arizona-state,Niagara,niagara,Niagara,TRUE,1,1951-1952,1951-1952,RESOLVED,RESOLVED_CURRENT_PROGRAM_REGISTRY_OR_SAFE_VARIANT,,Identity class: HISTORICAL_IDENTITY_RESOLVED_CURRENT_PROGRAM. Global registration: REUSE_CURRENT_MAIN_PROGRAM_EXPECTED. Evidence: Protected-main programs.csv at 9738fe4f54b813aad4d2a12344a2c8279c3590ee identifies current program Niagara under key niagara; source label 'Niagara' is an exact name/display match or conservative abbreviation/punctuation variant with no competing current-program identity. Sources: https://github.com/pollackelliott/college-basketball-history/blob/9738fe4f54b813aad4d2a12344a2c8279c3590ee/data/reference/programs.csv
arizona-state,North Carolina (10),north-carolina,North Carolina,TRUE,1,1984-1985,1984-1985,RESOLVED,RESOLVED_CURRENT_PROGRAM_REGISTRY_OR_SAFE_VARIANT,,Identity class: HISTORICAL_IDENTITY_RESOLVED_CURRENT_PROGRAM. Global registration: REUSE_CURRENT_MAIN_PROGRAM_EXPECTED. Evidence: Protected-main programs.csv at 9738fe4f54b813aad4d2a12344a2c8279c3590ee identifies current program North Carolina under key north-carolina; source label 'North Carolina' is an exact name/display match or conservative abbreviation/punctuation variant with no competing current-program identity. Sources: https://github.com/pollackelliott/college-basketball-history/blob/9738fe4f54b813aad4d2a12344a2c8279c3590ee/data/reference/programs.csv
arizona-state,North Carolina A&T,north-carolina-a-t,North Carolina A&T,TRUE,2,2006-2007,2010-2011,RESOLVED,RESOLVED_CURRENT_PROGRAM_REGISTRY_OR_SAFE_VARIANT,,Identity class: HISTORICAL_IDENTITY_RESOLVED_CURRENT_PROGRAM. Global registration: REUSE_CURRENT_MAIN_PROGRAM_EXPECTED. Evidence: Protected-main programs.csv at 9738fe4f54b813aad4d2a12344a2c8279c3590ee identifies current program North Carolina A&T under key north-carolina-a-t; source label 'North Carolina A&T' is an exact name/display match or conservative abbreviation/punctuation variant with no competing current-program identity. Sources: https://github.com/pollackelliott/college-basketball-history/blob/9738fe4f54b813aad4d2a12344a2c8279c3590ee/data/reference/programs.csv
arizona-state,North Dakota State (CBI),north-dakota-state,North Dakota State,TRUE,1,2011-2012,2011-2012,RESOLVED,RESOLVED_CURRENT_PROGRAM_REGISTRY_OR_SAFE_VARIANT,,Identity class: HISTORICAL_IDENTITY_RESOLVED_CURRENT_PROGRAM. Global registration: REUSE_CURRENT_MAIN_PROGRAM_EXPECTED. Evidence: Protected-main programs.csv at 9738fe4f54b813aad4d2a12344a2c8279c3590ee identifies current program North Dakota State under key north-dakota-state; source label 'North Dakota State' is an exact name/display match or conservative abbreviation/punctuation variant with no competing current-program identity. Sources: https://github.com/pollackelliott/college-basketball-history/blob/9738fe4f54b813aad4d2a12344a2c8279c3590ee/data/reference/programs.csv
arizona-state,North Florida,north-florida,North Florida,TRUE,1,2021-2022,2021-2022,RESOLVED,RESOLVED_CURRENT_PROGRAM_REGISTRY_OR_SAFE_VARIANT,,Identity class: HISTORICAL_IDENTITY_RESOLVED_CURRENT_PROGRAM. Global registration: REUSE_CURRENT_MAIN_PROGRAM_EXPECTED. Evidence: Protected-main programs.csv at 9738fe4f54b813aad4d2a12344a2c8279c3590ee identifies current program North Florida under key north-florida; source label 'North Florida' is an exact name/display match or conservative abbreviation/punctuation variant with no competing current-program identity. Sources: https://github.com/pollackelliott/college-basketball-history/blob/9738fe4f54b813aad4d2a12344a2c8279c3590ee/data/reference/programs.csv
arizona-state,North Texas,north-texas,North Texas,TRUE,1,2005-2006,2005-2006,RESOLVED,RESOLVED_CURRENT_PROGRAM_REGISTRY_OR_SAFE_VARIANT,,Identity class: HISTORICAL_IDENTITY_RESOLVED_CURRENT_PROGRAM. Global registration: REUSE_CURRENT_MAIN_PROGRAM_EXPECTED. Evidence: Protected-main programs.csv at 9738fe4f54b813aad4d2a12344a2c8279c3590ee identifies current program North Texas under key north-texas; source label 'North Texas' is an exact name/display match or conservative abbreviation/punctuation variant with no competing current-program identity. Sources: https://github.com/pollackelliott/college-basketball-history/blob/9738fe4f54b813aad4d2a12344a2c8279c3590ee/data/reference/programs.csv
arizona-state,North Texas St.,north-texas,North Texas,TRUE,2,1972-1973,1975-1976,RESOLVED,RESOLVED_RESEARCHED_HISTORICAL_ALIAS,,Identity class: HISTORICAL_IDENTITY_RESOLVED_CURRENT_PROGRAM. Global registration: REUSE_CURRENT_MAIN_PROGRAM_EXPECTED. Evidence: University of North Texas history documents North Texas State University as the predecessor institutional name before the 1988 UNT name. The 1972-73 and 1975-76 ASU rows normalize to current North Texas. Sources: https://www.unt.edu/history
arizona-state,NE Illinois,northeastern-illinois,Northeastern Illinois,FALSE,2,1992-1993,1993-1994,RESOLVED,RESOLVED_RESEARCHED_HISTORICAL_NON_D1,,Identity class: HISTORICAL_NON_D1_IDENTITY_RESOLVED. Global registration: PENDING_CURRENT_MAIN_REBASE_IDENTITY. Evidence: ASU season records and Northeastern Illinois archival basketball materials identify the 1992-93 and 1993-94 opponent as Northeastern Illinois University. It is preserved as a distinct historical/non-D1 program identity and is not merged to Northeastern University or Northern Illinois. Sources: https://www.sports-reference.com/cbb/schools/arizona-state/men/1993-schedule.html;https://neiudc.neiu.edu/athletics/
arizona-state,Northeastern Illinois,northeastern-illinois,Northeastern Illinois,FALSE,1,1996-1997,1996-1997,RESOLVED,RESOLVED_LITERAL_HISTORICAL_NON_D1,,Identity class: HISTORICAL_NON_D1_IDENTITY_RESOLVED. Global registration: PENDING_CURRENT_MAIN_REBASE_IDENTITY. Evidence: Literal source label 'Northeastern Illinois' identifies the historical/non-D1 opponent without requiring a current-D1 merge; current protected-main program registry contains no competing current-D1 identity requiring reassignment. Preserved distinctly under Stage 2 convergence policy. Sources: https://github.com/pollackelliott/college-basketball-history/blob/9738fe4f54b813aad4d2a12344a2c8279c3590ee/data/reference/programs.csv
arizona-state,ASC,northern-arizona,Northern Arizona,TRUE,27,1912-1913,1961-1962,RESOLVED,RESOLVED_FROM_STAGE1_ACCEPTED_IDENTITY | RESOLVED_TRANCHE1,,"Identity class: HISTORICAL_IDENTITY_RESOLVED | CURRENT_PROGRAM_IDENTITY | HISTORICAL_IDENTITY_RESOLVED_CURRENT_PROGRAM. Global registration: REUSE_CURRENT_MAIN_PROGRAM_EXPECTED. Evidence: Batch 33 accepted Stage 1 opponent identity; Stage 2 preserves rather than re-researches the row; NAU official history: Arizona State College at Flagstaff became Northern Arizona University in 1966; Stage 1 reciprocal ledgers already established ASC/Flagstaff identity || NAU official history: Arizona State College at Flagstaff became Northern Arizona University in 1966; Stage 1 reciprocal ledgers already established ASC/Flagstaff identity || Stage 1 durable evidence established ASC/Flagstaff rows as the Northern Arizona program, including direct reciprocal NAU records; Stage 2 preserves that accepted identity and links it to protected-main key northern-arizona. Sources: https://library.nau.edu/speccoll/exhibits/nau50/ ; stage1:arizona-state-stage1-source-register-batch20.md; https://nauathletics.com/"
arizona-state,ASc,northern-arizona,Northern Arizona,TRUE,45,1925-1926,1949-1950,RESOLVED,RESOLVED_FROM_STAGE1_ACCEPTED_IDENTITY,,"Identity class: HISTORICAL_IDENTITY_RESOLVED_CURRENT_PROGRAM. Global registration: REUSE_CURRENT_MAIN_PROGRAM_EXPECTED. Evidence: Stage 1 durable evidence established ASC/Flagstaff rows as the Northern Arizona program, including direct reciprocal NAU records; Stage 2 preserves that accepted identity and links it to protected-main key northern-arizona. Sources: stage1:arizona-state-stage1-source-register-batch20.md; https://nauathletics.com/"
arizona-state,ASC / Northern Arizona,northern-arizona,Northern Arizona,TRUE,1,1924-1925,1924-1925,RESOLVED,RESOLVED_FROM_STAGE1_ACCEPTED_IDENTITY,,"Identity class: HISTORICAL_IDENTITY_RESOLVED_CURRENT_PROGRAM. Global registration: REUSE_CURRENT_MAIN_PROGRAM_EXPECTED. Evidence: Stage 1 durable evidence established ASC/Flagstaff rows as the Northern Arizona program, including direct reciprocal NAU records; Stage 2 preserves that accepted identity and links it to protected-main key northern-arizona. Sources: stage1:arizona-state-stage1-source-register-batch20.md; https://nauathletics.com/"
arizona-state,No. Arizona,northern-arizona,Northern Arizona,TRUE,17,1970-1971,1994-1995,RESOLVED,RESOLVED_TRANCHE1,,Identity class: CURRENT_PROGRAM_IDENTITY. Global registration: REUSE_CURRENT_MAIN_PROGRAM_EXPECTED. Evidence: NAU official history: Arizona State College at Flagstaff became Northern Arizona University in 1966; Stage 1 reciprocal ledgers already established ASC/Flagstaff identity Sources: https://library.nau.edu/speccoll/exhibits/nau50/
arizona-state,Northern Arizona,northern-arizona,Northern Arizona,TRUE,34,1933-1934,2025-2026,RESOLVED,RESOLVED_FROM_STAGE1_ACCEPTED_IDENTITY | RESOLVED_TRANCHE1,,"Identity class: CURRENT_PROGRAM_IDENTITY | HISTORICAL_IDENTITY_RESOLVED_CURRENT_PROGRAM. Global registration: REUSE_CURRENT_MAIN_PROGRAM_EXPECTED. Evidence: NAU official history: Arizona State College at Flagstaff became Northern Arizona University in 1966; Stage 1 reciprocal ledgers already established ASC/Flagstaff identity || Stage 1 durable evidence established ASC/Flagstaff rows as the Northern Arizona program, including direct reciprocal NAU records; Stage 2 preserves that accepted identity and links it to protected-main key northern-arizona. Sources: https://library.nau.edu/speccoll/exhibits/nau50/ ; stage1:arizona-state-stage1-source-register-batch20.md; https://nauathletics.com/"
arizona-state,Northern Arizona (NIT),northern-arizona,Northern Arizona,TRUE,1,2005-2006,2005-2006,RESOLVED,RESOLVED_TRANCHE1,,Identity class: CURRENT_PROGRAM_IDENTITY. Global registration: REUSE_CURRENT_MAIN_PROGRAM_EXPECTED. Evidence: NAU official history: Arizona State College at Flagstaff became Northern Arizona University in 1966; Stage 1 reciprocal ledgers already established ASC/Flagstaff identity Sources: https://library.nau.edu/speccoll/exhibits/nau50/
arizona-state,Northern Arizona / Arizona State College at Flagstaff,northern-arizona,Northern Arizona,TRUE,1,1950-1951,1950-1951,RESOLVED,RESOLVED_FROM_STAGE1_ACCEPTED_IDENTITY,,Identity class: HISTORICAL_IDENTITY_RESOLVED. Global registration: REUSE_CURRENT_MAIN_PROGRAM_EXPECTED. Evidence: Batch 33 accepted Stage 1 opponent identity; Stage 2 preserves rather than re-researches the row; NAU official history: Arizona State College at Flagstaff became Northern Arizona University in 1966; Stage 1 reciprocal ledgers already established ASC/Flagstaff identity Sources: https://library.nau.edu/speccoll/exhibits/nau50/
arizona-state,Northern Arizona / Flagstaff,northern-arizona,Northern Arizona,TRUE,6,1911-1912,1928-1929,RESOLVED,RESOLVED_FROM_STAGE1_ACCEPTED_IDENTITY,,"Identity class: HISTORICAL_IDENTITY_RESOLVED_CURRENT_PROGRAM. Global registration: REUSE_CURRENT_MAIN_PROGRAM_EXPECTED. Evidence: Stage 1 durable evidence established ASC/Flagstaff rows as the Northern Arizona program, including direct reciprocal NAU records; Stage 2 preserves that accepted identity and links it to protected-main key northern-arizona. Sources: stage1:arizona-state-stage1-source-register-batch20.md; https://nauathletics.com/"
arizona-state,Northern Arizona / Flagstaff program,northern-arizona,Northern Arizona,TRUE,7,1939-1940,1940-1941,RESOLVED,RESOLVED_FROM_STAGE1_ACCEPTED_IDENTITY,,"Identity class: HISTORICAL_IDENTITY_RESOLVED_CURRENT_PROGRAM. Global registration: REUSE_CURRENT_MAIN_PROGRAM_EXPECTED. Evidence: Stage 1 durable evidence established ASC/Flagstaff rows as the Northern Arizona program, including direct reciprocal NAU records; Stage 2 preserves that accepted identity and links it to protected-main key northern-arizona. Sources: stage1:arizona-state-stage1-source-register-batch20.md; https://nauathletics.com/"
arizona-state,Northern Colorado,northern-colorado,Northern Colorado,TRUE,1,2006-2007,2006-2007,RESOLVED,RESOLVED_CURRENT_PROGRAM_REGISTRY_OR_SAFE_VARIANT,,Identity class: HISTORICAL_IDENTITY_RESOLVED_CURRENT_PROGRAM. Global registration: REUSE_CURRENT_MAIN_PROGRAM_EXPECTED. Evidence: Protected-main programs.csv at 9738fe4f54b813aad4d2a12344a2c8279c3590ee identifies current program Northern Colorado under key northern-colorado; source label 'Northern Colorado' is an exact name/display match or conservative abbreviation/punctuation variant with no competing current-program identity. Sources: https://github.com/pollackelliott/college-basketball-history/blob/9738fe4f54b813aad4d2a12344a2c8279c3590ee/data/reference/programs.csv
arizona-state,Northern Iowa,northern-iowa,Northern Iowa,TRUE,1,2016-2017,2016-2017,RESOLVED,RESOLVED_CURRENT_PROGRAM_REGISTRY_OR_SAFE_VARIANT,,Identity class: HISTORICAL_IDENTITY_RESOLVED_CURRENT_PROGRAM. Global registration: REUSE_CURRENT_MAIN_PROGRAM_EXPECTED. Evidence: Protected-main programs.csv at 9738fe4f54b813aad4d2a12344a2c8279c3590ee identifies current program Northern Iowa under key northern-iowa; source label 'Northern Iowa' is an exact name/display match or conservative abbreviation/punctuation variant with no competing current-program identity. Sources: https://github.com/pollackelliott/college-basketball-history/blob/9738fe4f54b813aad4d2a12344a2c8279c3590ee/data/reference/programs.csv
arizona-state,Northwestern,northwestern,Northwestern,TRUE,7,1969-1970,2023-2024,RESOLVED,RESOLVED_TRANCHE1,,Identity class: CURRENT_PROGRAM_IDENTITY. Global registration: REUSE_CURRENT_MAIN_PROGRAM_EXPECTED. Evidence: Protected-main current program registry/name plus conservative source-label abbreviation normalization; no institution merge based on geography
arizona-state,occidental,occidental,Occidental,FALSE,2,1930-1931,1930-1931,RESOLVED,RESOLVED_LITERAL_HISTORICAL_NON_D1,,Identity class: HISTORICAL_NONCURRENT_IDENTITY. Global registration: PENDING_CURRENT_MAIN_REBASE_NONCURRENT_IDENTITY. Evidence: Literal source label uniquely identifies Occidental College and does not conceal a current-D1 program. Sources: https://github.com/pollackelliott/college-basketball-history/blob/9738fe4f54b813aad4d2a12344a2c8279c3590ee/data/reference/programs.csv
arizona-state,Ohio,ohio,Ohio,TRUE,2,1956-1957,2000-2001,RESOLVED,RESOLVED_CURRENT_PROGRAM_REGISTRY_OR_SAFE_VARIANT,,Identity class: HISTORICAL_IDENTITY_RESOLVED_CURRENT_PROGRAM. Global registration: REUSE_CURRENT_MAIN_PROGRAM_EXPECTED. Evidence: Protected-main programs.csv at 9738fe4f54b813aad4d2a12344a2c8279c3590ee identifies current program Ohio under key ohio; source label 'Ohio' is an exact name/display match or conservative abbreviation/punctuation variant with no competing current-program identity. Sources: https://github.com/pollackelliott/college-basketball-history/blob/9738fe4f54b813aad4d2a12344a2c8279c3590ee/data/reference/programs.csv
arizona-state,Ohio St.,ohio-state,Ohio State,TRUE,1,1982-1983,1982-1983,RESOLVED,RESOLVED_CURRENT_PROGRAM_REGISTRY_OR_SAFE_VARIANT,,Identity class: HISTORICAL_IDENTITY_RESOLVED_CURRENT_PROGRAM. Global registration: REUSE_CURRENT_MAIN_PROGRAM_EXPECTED. Evidence: Protected-main programs.csv at 9738fe4f54b813aad4d2a12344a2c8279c3590ee identifies current program Ohio State under key ohio-state; source label 'Ohio St.' is an exact name/display match or conservative abbreviation/punctuation variant with no competing current-program identity. Sources: https://github.com/pollackelliott/college-basketball-history/blob/9738fe4f54b813aad4d2a12344a2c8279c3590ee/data/reference/programs.csv
arizona-state,Ohio St. (10),ohio-state,Ohio State,TRUE,1,1979-1980,1979-1980,RESOLVED,RESOLVED_CURRENT_PROGRAM_REGISTRY_OR_SAFE_VARIANT,,Identity class: HISTORICAL_IDENTITY_RESOLVED_CURRENT_PROGRAM. Global registration: REUSE_CURRENT_MAIN_PROGRAM_EXPECTED. Evidence: Protected-main programs.csv at 9738fe4f54b813aad4d2a12344a2c8279c3590ee identifies current program Ohio State under key ohio-state; source label 'Ohio St.' is an exact name/display match or conservative abbreviation/punctuation variant with no competing current-program identity. Sources: https://github.com/pollackelliott/college-basketball-history/blob/9738fe4f54b813aad4d2a12344a2c8279c3590ee/data/reference/programs.csv
arizona-state,Ohio St. (7),ohio-state,Ohio State,TRUE,1,1980-1981,1980-1981,RESOLVED,RESOLVED_CURRENT_PROGRAM_REGISTRY_OR_SAFE_VARIANT,,Identity class: HISTORICAL_IDENTITY_RESOLVED_CURRENT_PROGRAM. Global registration: REUSE_CURRENT_MAIN_PROGRAM_EXPECTED. Evidence: Protected-main programs.csv at 9738fe4f54b813aad4d2a12344a2c8279c3590ee identifies current program Ohio State under key ohio-state; source label 'Ohio St.' is an exact name/display match or conservative abbreviation/punctuation variant with no competing current-program identity. Sources: https://github.com/pollackelliott/college-basketball-history/blob/9738fe4f54b813aad4d2a12344a2c8279c3590ee/data/reference/programs.csv
arizona-state,Oklahoma,oklahoma,Oklahoma,TRUE,3,1963-1964,2025-2026,RESOLVED,RESOLVED_CURRENT_PROGRAM_REGISTRY_OR_SAFE_VARIANT,,Identity class: HISTORICAL_IDENTITY_RESOLVED_CURRENT_PROGRAM. Global registration: REUSE_CURRENT_MAIN_PROGRAM_EXPECTED. Evidence: Protected-main programs.csv at 9738fe4f54b813aad4d2a12344a2c8279c3590ee identifies current program Oklahoma under key oklahoma; source label 'Oklahoma' is an exact name/display match or conservative abbreviation/punctuation variant with no competing current-program identity. Sources: https://github.com/pollackelliott/college-basketball-history/blob/9738fe4f54b813aad4d2a12344a2c8279c3590ee/data/reference/programs.csv
arizona-state,Oklahoma City,oklahoma-city,Oklahoma City,FALSE,1,1972-1973,1972-1973,RESOLVED,RESOLVED_LITERAL_HISTORICAL_NON_D1,,Identity class: HISTORICAL_NON_D1_IDENTITY_RESOLVED. Global registration: PENDING_CURRENT_MAIN_REBASE_IDENTITY. Evidence: Literal source label 'Oklahoma City' identifies the historical/non-D1 opponent without requiring a current-D1 merge; current protected-main program registry contains no competing current-D1 identity requiring reassignment. Preserved distinctly under Stage 2 convergence policy. Sources: https://github.com/pollackelliott/college-basketball-history/blob/9738fe4f54b813aad4d2a12344a2c8279c3590ee/data/reference/programs.csv
arizona-state,Oklahoma St.,oklahoma-state,Oklahoma State,TRUE,4,1965-1966,1994-1995,RESOLVED,RESOLVED_CURRENT_PROGRAM_REGISTRY_OR_SAFE_VARIANT,,Identity class: HISTORICAL_IDENTITY_RESOLVED_CURRENT_PROGRAM. Global registration: REUSE_CURRENT_MAIN_PROGRAM_EXPECTED. Evidence: Protected-main programs.csv at 9738fe4f54b813aad4d2a12344a2c8279c3590ee identifies current program Oklahoma State under key oklahoma-state; source label 'Oklahoma St.' is an exact name/display match or conservative abbreviation/punctuation variant with no competing current-program identity. Sources: https://github.com/pollackelliott/college-basketball-history/blob/9738fe4f54b813aad4d2a12344a2c8279c3590ee/data/reference/programs.csv
arizona-state,Oklahoma St. (8),oklahoma-state,Oklahoma State,TRUE,1,1993-1994,1993-1994,RESOLVED,RESOLVED_CURRENT_PROGRAM_REGISTRY_OR_SAFE_VARIANT,,Identity class: HISTORICAL_IDENTITY_RESOLVED_CURRENT_PROGRAM. Global registration: REUSE_CURRENT_MAIN_PROGRAM_EXPECTED. Evidence: Protected-main programs.csv at 9738fe4f54b813aad4d2a12344a2c8279c3590ee identifies current program Oklahoma State under key oklahoma-state; source label 'Oklahoma St.' is an exact name/display match or conservative abbreviation/punctuation variant with no competing current-program identity. Sources: https://github.com/pollackelliott/college-basketball-history/blob/9738fe4f54b813aad4d2a12344a2c8279c3590ee/data/reference/programs.csv
arizona-state,Oklahoma State,oklahoma-state,Oklahoma State,TRUE,5,1995-1996,2025-2026,RESOLVED,RESOLVED_CURRENT_PROGRAM_REGISTRY_OR_SAFE_VARIANT,,Identity class: HISTORICAL_IDENTITY_RESOLVED_CURRENT_PROGRAM. Global registration: REUSE_CURRENT_MAIN_PROGRAM_EXPECTED. Evidence: Protected-main programs.csv at 9738fe4f54b813aad4d2a12344a2c8279c3590ee identifies current program Oklahoma State under key oklahoma-state; source label 'Oklahoma State' is an exact name/display match or conservative abbreviation/punctuation variant with no competing current-program identity. Sources: https://github.com/pollackelliott/college-basketball-history/blob/9738fe4f54b813aad4d2a12344a2c8279c3590ee/data/reference/programs.csv
arizona-state,Old Dominion,old-dominion,Old Dominion,TRUE,1,1994-1995,1994-1995,RESOLVED,RESOLVED_CURRENT_PROGRAM_REGISTRY_OR_SAFE_VARIANT,,Identity class: HISTORICAL_IDENTITY_RESOLVED_CURRENT_PROGRAM. Global registration: REUSE_CURRENT_MAIN_PROGRAM_EXPECTED. Evidence: Protected-main programs.csv at 9738fe4f54b813aad4d2a12344a2c8279c3590ee identifies current program Old Dominion under key old-dominion; source label 'Old Dominion' is an exact name/display match or conservative abbreviation/punctuation variant with no competing current-program identity. Sources: https://github.com/pollackelliott/college-basketball-history/blob/9738fe4f54b813aad4d2a12344a2c8279c3590ee/data/reference/programs.csv
arizona-state,Mississippi,ole-miss,Ole Miss,TRUE,1,1986-1987,1986-1987,RESOLVED,RESOLVED_CURRENT_PROGRAM_REGISTRY_OR_SAFE_VARIANT,,Identity class: HISTORICAL_IDENTITY_RESOLVED_CURRENT_PROGRAM. Global registration: REUSE_CURRENT_MAIN_PROGRAM_EXPECTED. Evidence: Protected-main programs.csv at 9738fe4f54b813aad4d2a12344a2c8279c3590ee identifies current program Ole Miss under key ole-miss; source label 'Mississippi' is an exact name/display match or conservative abbreviation/punctuation variant with no competing current-program identity. Sources: https://github.com/pollackelliott/college-basketball-history/blob/9738fe4f54b813aad4d2a12344a2c8279c3590ee/data/reference/programs.csv
arizona-state,Omaha,omaha,Omaha,TRUE,1,2018-2019,2018-2019,RESOLVED,RESOLVED_CURRENT_PROGRAM_REGISTRY_OR_SAFE_VARIANT,,Identity class: HISTORICAL_IDENTITY_RESOLVED_CURRENT_PROGRAM. Global registration: REUSE_CURRENT_MAIN_PROGRAM_EXPECTED. Evidence: Protected-main programs.csv at 9738fe4f54b813aad4d2a12344a2c8279c3590ee identifies current program Omaha under key omaha; source label 'Omaha' is an exact name/display match or conservative abbreviation/punctuation variant with no competing current-program identity. Sources: https://github.com/pollackelliott/college-basketball-history/blob/9738fe4f54b813aad4d2a12344a2c8279c3590ee/data/reference/programs.csv
arizona-state,Oral Roberts,oral-roberts,Oral Roberts,TRUE,1,1977-1978,1977-1978,RESOLVED,RESOLVED_CURRENT_PROGRAM_REGISTRY_OR_SAFE_VARIANT,,Identity class: HISTORICAL_IDENTITY_RESOLVED_CURRENT_PROGRAM. Global registration: REUSE_CURRENT_MAIN_PROGRAM_EXPECTED. Evidence: Protected-main programs.csv at 9738fe4f54b813aad4d2a12344a2c8279c3590ee identifies current program Oral Roberts under key oral-roberts; source label 'Oral Roberts' is an exact name/display match or conservative abbreviation/punctuation variant with no competing current-program identity. Sources: https://github.com/pollackelliott/college-basketball-history/blob/9738fe4f54b813aad4d2a12344a2c8279c3590ee/data/reference/programs.csv
arizona-state,Oregon,oregon,Oregon,TRUE,67,1960-1961,2023-2024,RESOLVED,RESOLVED_TRANCHE1,,Identity class: CURRENT_PROGRAM_IDENTITY. Global registration: REUSE_CURRENT_MAIN_PROGRAM_EXPECTED. Evidence: Protected-main current program registry/name plus conservative source-label abbreviation normalization; no institution merge based on geography
arizona-state,Oregon (13) (NCAA),oregon,Oregon,TRUE,1,2016-2017,2016-2017,RESOLVED,RESOLVED_TRANCHE1,,Identity class: CURRENT_PROGRAM_IDENTITY. Global registration: REUSE_CURRENT_MAIN_PROGRAM_EXPECTED. Evidence: Protected-main current program registry/name plus conservative source-label abbreviation normalization; no institution merge based on geography
arizona-state,Oregon (15) (NCAA),oregon,Oregon,TRUE,1,2006-2007,2006-2007,RESOLVED,RESOLVED_TRANCHE1,,Identity class: CURRENT_PROGRAM_IDENTITY. Global registration: REUSE_CURRENT_MAIN_PROGRAM_EXPECTED. Evidence: Protected-main current program registry/name plus conservative source-label abbreviation normalization; no institution merge based on geography
arizona-state,Oregon (18),oregon,Oregon,TRUE,1,1994-1995,1994-1995,RESOLVED,RESOLVED_TRANCHE1,,Identity class: CURRENT_PROGRAM_IDENTITY. Global registration: REUSE_CURRENT_MAIN_PROGRAM_EXPECTED. Evidence: Protected-main current program registry/name plus conservative source-label abbreviation normalization; no institution merge based on geography
arizona-state,Oregon (19),oregon,Oregon,TRUE,1,1974-1975,1974-1975,RESOLVED,RESOLVED_TRANCHE1,,Identity class: CURRENT_PROGRAM_IDENTITY. Global registration: REUSE_CURRENT_MAIN_PROGRAM_EXPECTED. Evidence: Protected-main current program registry/name plus conservative source-label abbreviation normalization; no institution merge based on geography
arizona-state,Oregon (23),oregon,Oregon,TRUE,1,1999-2000,1999-2000,RESOLVED,RESOLVED_TRANCHE1,,Identity class: CURRENT_PROGRAM_IDENTITY. Global registration: REUSE_CURRENT_MAIN_PROGRAM_EXPECTED. Evidence: Protected-main current program registry/name plus conservative source-label abbreviation normalization; no institution merge based on geography
arizona-state,Oregon (5) (NCAA),oregon,Oregon,TRUE,1,2016-2017,2016-2017,RESOLVED,RESOLVED_TRANCHE1,,Identity class: CURRENT_PROGRAM_IDENTITY. Global registration: REUSE_CURRENT_MAIN_PROGRAM_EXPECTED. Evidence: Protected-main current program registry/name plus conservative source-label abbreviation normalization; no institution merge based on geography
arizona-state,Oregon (9) (NCAA),oregon,Oregon,TRUE,1,2002-2003,2002-2003,RESOLVED,RESOLVED_TRANCHE1,,Identity class: CURRENT_PROGRAM_IDENTITY. Global registration: REUSE_CURRENT_MAIN_PROGRAM_EXPECTED. Evidence: Protected-main current program registry/name plus conservative source-label abbreviation normalization; no institution merge based on geography
arizona-state,Oregon (CBI),oregon,Oregon,TRUE,3,2010-2011,2010-2011,RESOLVED,RESOLVED_TRANCHE1,,Identity class: CURRENT_PROGRAM_IDENTITY. Global registration: REUSE_CURRENT_MAIN_PROGRAM_EXPECTED. Evidence: Protected-main current program registry/name plus conservative source-label abbreviation normalization; no institution merge based on geography
arizona-state,Oregon (NCAA),oregon,Oregon,TRUE,10,2001-2002,2014-2015,RESOLVED,RESOLVED_TRANCHE1,,Identity class: CURRENT_PROGRAM_IDENTITY. Global registration: REUSE_CURRENT_MAIN_PROGRAM_EXPECTED. Evidence: Protected-main current program registry/name plus conservative source-label abbreviation normalization; no institution merge based on geography
arizona-state,Oregon (NCAA) (13),oregon,Oregon,TRUE,1,2006-2007,2006-2007,RESOLVED,RESOLVED_TRANCHE1,,Identity class: CURRENT_PROGRAM_IDENTITY. Global registration: REUSE_CURRENT_MAIN_PROGRAM_EXPECTED. Evidence: Protected-main current program registry/name plus conservative source-label abbreviation normalization; no institution merge based on geography
arizona-state,Oregon (NCAA) (23),oregon,Oregon,TRUE,1,2015-2016,2015-2016,RESOLVED,RESOLVED_TRANCHE1,,Identity class: CURRENT_PROGRAM_IDENTITY. Global registration: REUSE_CURRENT_MAIN_PROGRAM_EXPECTED. Evidence: Protected-main current program registry/name plus conservative source-label abbreviation normalization; no institution merge based on geography
arizona-state,Oregon (NIT),oregon,Oregon,TRUE,3,2003-2004,2011-2012,RESOLVED,RESOLVED_TRANCHE1,,Identity class: CURRENT_PROGRAM_IDENTITY. Global registration: REUSE_CURRENT_MAIN_PROGRAM_EXPECTED. Evidence: Protected-main current program registry/name plus conservative source-label abbreviation normalization; no institution merge based on geography
arizona-state,Oregon (OT),oregon,Oregon,TRUE,3,1982-1983,1990-1991,RESOLVED,RESOLVED_TRANCHE1,,Identity class: CURRENT_PROGRAM_IDENTITY. Global registration: REUSE_CURRENT_MAIN_PROGRAM_EXPECTED. Evidence: Protected-main current program registry/name plus conservative source-label abbreviation normalization; no institution merge based on geography
arizona-state,Oregon (OT) (NCAA),oregon,Oregon,TRUE,1,2014-2015,2014-2015,RESOLVED,RESOLVED_TRANCHE1,,Identity class: CURRENT_PROGRAM_IDENTITY. Global registration: REUSE_CURRENT_MAIN_PROGRAM_EXPECTED. Evidence: Protected-main current program registry/name plus conservative source-label abbreviation normalization; no institution merge based on geography
arizona-state,Oregon St.,oregon-state,Oregon State,TRUE,31,1960-1961,1994-1995,RESOLVED,RESOLVED_TRANCHE1,,Identity class: CURRENT_PROGRAM_IDENTITY. Global registration: REUSE_CURRENT_MAIN_PROGRAM_EXPECTED. Evidence: Protected-main current program registry/name plus conservative source-label abbreviation normalization; no institution merge based on geography
arizona-state,Oregon St. (1),oregon-state,Oregon State,TRUE,1,1980-1981,1980-1981,RESOLVED,RESOLVED_TRANCHE1,,Identity class: CURRENT_PROGRAM_IDENTITY. Global registration: REUSE_CURRENT_MAIN_PROGRAM_EXPECTED. Evidence: Protected-main current program registry/name plus conservative source-label abbreviation normalization; no institution merge based on geography
arizona-state,Oregon St. (10) (20T),oregon-state,Oregon State,TRUE,1,1984-1985,1984-1985,RESOLVED,RESOLVED_TRANCHE1,,Identity class: CURRENT_PROGRAM_IDENTITY. Global registration: REUSE_CURRENT_MAIN_PROGRAM_EXPECTED. Evidence: Protected-main current program registry/name plus conservative source-label abbreviation normalization; no institution merge based on geography
arizona-state,Oregon St. (15),oregon-state,Oregon State,TRUE,1,1981-1982,1981-1982,RESOLVED,RESOLVED_TRANCHE1,,Identity class: CURRENT_PROGRAM_IDENTITY. Global registration: REUSE_CURRENT_MAIN_PROGRAM_EXPECTED. Evidence: Protected-main current program registry/name plus conservative source-label abbreviation normalization; no institution merge based on geography
arizona-state,Oregon St. (16),oregon-state,Oregon State,TRUE,1,1989-1990,1989-1990,RESOLVED,RESOLVED_TRANCHE1,,Identity class: CURRENT_PROGRAM_IDENTITY. Global registration: REUSE_CURRENT_MAIN_PROGRAM_EXPECTED. Evidence: Protected-main current program registry/name plus conservative source-label abbreviation normalization; no institution merge based on geography
arizona-state,Oregon St. (19),oregon-state,Oregon State,TRUE,1,1984-1985,1984-1985,RESOLVED,RESOLVED_TRANCHE1,,Identity class: CURRENT_PROGRAM_IDENTITY. Global registration: REUSE_CURRENT_MAIN_PROGRAM_EXPECTED. Evidence: Protected-main current program registry/name plus conservative source-label abbreviation normalization; no institution merge based on geography
arizona-state,Oregon St. (2),oregon-state,Oregon State,TRUE,1,1980-1981,1980-1981,RESOLVED,RESOLVED_TRANCHE1,,Identity class: CURRENT_PROGRAM_IDENTITY. Global registration: REUSE_CURRENT_MAIN_PROGRAM_EXPECTED. Evidence: Protected-main current program registry/name plus conservative source-label abbreviation normalization; no institution merge based on geography
arizona-state,Oregon St. (20),oregon-state,Oregon State,TRUE,1,1983-1984,1983-1984,RESOLVED,RESOLVED_TRANCHE1,,Identity class: CURRENT_PROGRAM_IDENTITY. Global registration: REUSE_CURRENT_MAIN_PROGRAM_EXPECTED. Evidence: Protected-main current program registry/name plus conservative source-label abbreviation normalization; no institution merge based on geography
arizona-state,Oregon St. (22),oregon-state,Oregon State,TRUE,1,1989-1990,1989-1990,RESOLVED,RESOLVED_TRANCHE1,,Identity class: CURRENT_PROGRAM_IDENTITY. Global registration: REUSE_CURRENT_MAIN_PROGRAM_EXPECTED. Evidence: Protected-main current program registry/name plus conservative source-label abbreviation normalization; no institution merge based on geography
arizona-state,Oregon St. (4) (OT),oregon-state,Oregon State,TRUE,1,1979-1980,1979-1980,RESOLVED,RESOLVED_TRANCHE1,,Identity class: CURRENT_PROGRAM_IDENTITY. Global registration: REUSE_CURRENT_MAIN_PROGRAM_EXPECTED. Evidence: Protected-main current program registry/name plus conservative source-label abbreviation normalization; no institution merge based on geography
arizona-state,Oregon St. (9),oregon-state,Oregon State,TRUE,1,1979-1980,1979-1980,RESOLVED,RESOLVED_TRANCHE1,,Identity class: CURRENT_PROGRAM_IDENTITY. Global registration: REUSE_CURRENT_MAIN_PROGRAM_EXPECTED. Evidence: Protected-main current program registry/name plus conservative source-label abbreviation normalization; no institution merge based on geography
arizona-state,Oregon St. (OT),oregon-state,Oregon State,TRUE,2,1968-1969,1985-1986,RESOLVED,RESOLVED_TRANCHE1,,Identity class: CURRENT_PROGRAM_IDENTITY. Global registration: REUSE_CURRENT_MAIN_PROGRAM_EXPECTED. Evidence: Protected-main current program registry/name plus conservative source-label abbreviation normalization; no institution merge based on geography
arizona-state,Oregon St.(4),oregon-state,Oregon State,TRUE,1,1981-1982,1981-1982,RESOLVED,RESOLVED_TRANCHE1,,Identity class: CURRENT_PROGRAM_IDENTITY. Global registration: REUSE_CURRENT_MAIN_PROGRAM_EXPECTED. Evidence: Protected-main current program registry/name plus conservative source-label abbreviation normalization; no institution merge based on geography
arizona-state,Oregon State,oregon-state,Oregon State,TRUE,42,1995-1996,2025-2026,RESOLVED,RESOLVED_TRANCHE1,,Identity class: CURRENT_PROGRAM_IDENTITY. Global registration: REUSE_CURRENT_MAIN_PROGRAM_EXPECTED. Evidence: Protected-main current program registry/name plus conservative source-label abbreviation normalization; no institution merge based on geography
arizona-state,Oregon State (CBI),oregon-state,Oregon State,TRUE,6,2008-2009,2013-2014,RESOLVED,RESOLVED_TRANCHE1,,Identity class: CURRENT_PROGRAM_IDENTITY. Global registration: REUSE_CURRENT_MAIN_PROGRAM_EXPECTED. Evidence: Protected-main current program registry/name plus conservative source-label abbreviation normalization; no institution merge based on geography
arizona-state,Oregon State (NCAA),oregon-state,Oregon State,TRUE,2,2015-2016,2015-2016,RESOLVED,RESOLVED_TRANCHE1,,Identity class: CURRENT_PROGRAM_IDENTITY. Global registration: REUSE_CURRENT_MAIN_PROGRAM_EXPECTED. Evidence: Protected-main current program registry/name plus conservative source-label abbreviation normalization; no institution merge based on geography
arizona-state,Oregon State (NIT),oregon-state,Oregon State,TRUE,2,2004-2005,2004-2005,RESOLVED,RESOLVED_TRANCHE1,,Identity class: CURRENT_PROGRAM_IDENTITY. Global registration: REUSE_CURRENT_MAIN_PROGRAM_EXPECTED. Evidence: Protected-main current program registry/name plus conservative source-label abbreviation normalization; no institution merge based on geography
arizona-state,Oregon State (OT),oregon-state,Oregon State,TRUE,4,1995-1996,2005-2006,RESOLVED,RESOLVED_TRANCHE1,,Identity class: CURRENT_PROGRAM_IDENTITY. Global registration: REUSE_CURRENT_MAIN_PROGRAM_EXPECTED. Evidence: Protected-main current program registry/name plus conservative source-label abbreviation normalization; no institution merge based on geography
arizona-state,Oregon State (OT) (CBI),oregon-state,Oregon State,TRUE,1,2013-2014,2013-2014,RESOLVED,RESOLVED_TRANCHE1,,Identity class: CURRENT_PROGRAM_IDENTITY. Global registration: REUSE_CURRENT_MAIN_PROGRAM_EXPECTED. Evidence: Protected-main current program registry/name plus conservative source-label abbreviation normalization; no institution merge based on geography
arizona-state,Pacific,pacific,Pacific,TRUE,7,1954-1955,2017-2018,RESOLVED,RESOLVED_TRANCHE1,,Identity class: CURRENT_PROGRAM_IDENTITY. Global registration: REUSE_CURRENT_MAIN_PROGRAM_EXPECTED. Evidence: Protected-main current program registry/name plus conservative source-label abbreviation normalization; no institution merge based on geography
arizona-state,Penn St.,penn-state,Penn State,TRUE,1,1983-1984,1983-1984,RESOLVED,RESOLVED_CURRENT_PROGRAM_REGISTRY_OR_SAFE_VARIANT,,Identity class: HISTORICAL_IDENTITY_RESOLVED_CURRENT_PROGRAM. Global registration: REUSE_CURRENT_MAIN_PROGRAM_EXPECTED. Evidence: Protected-main programs.csv at 9738fe4f54b813aad4d2a12344a2c8279c3590ee identifies current program Penn State under key penn-state; source label 'Penn St.' is an exact name/display match or conservative abbreviation/punctuation variant with no competing current-program identity. Sources: https://github.com/pollackelliott/college-basketball-history/blob/9738fe4f54b813aad4d2a12344a2c8279c3590ee/data/reference/programs.csv
arizona-state,Penn State,penn-state,Penn State,TRUE,1,1999-2000,1999-2000,RESOLVED,RESOLVED_CURRENT_PROGRAM_REGISTRY_OR_SAFE_VARIANT,,Identity class: HISTORICAL_IDENTITY_RESOLVED_CURRENT_PROGRAM. Global registration: REUSE_CURRENT_MAIN_PROGRAM_EXPECTED. Evidence: Protected-main programs.csv at 9738fe4f54b813aad4d2a12344a2c8279c3590ee identifies current program Penn State under key penn-state; source label 'Penn State' is an exact name/display match or conservative abbreviation/punctuation variant with no competing current-program identity. Sources: https://github.com/pollackelliott/college-basketball-history/blob/9738fe4f54b813aad4d2a12344a2c8279c3590ee/data/reference/programs.csv
arizona-state,Pennsylvania,pennsylvania,Pennsylvania,TRUE,1,1990-1991,1990-1991,RESOLVED,RESOLVED_CURRENT_PROGRAM_REGISTRY_OR_SAFE_VARIANT,,Identity class: HISTORICAL_IDENTITY_RESOLVED_CURRENT_PROGRAM. Global registration: REUSE_CURRENT_MAIN_PROGRAM_EXPECTED. Evidence: Protected-main programs.csv at 9738fe4f54b813aad4d2a12344a2c8279c3590ee identifies current program Pennsylvania under key pennsylvania; source label 'Pennsylvania' is an exact name/display match or conservative abbreviation/punctuation variant with no competing current-program identity. Sources: https://github.com/pollackelliott/college-basketball-history/blob/9738fe4f54b813aad4d2a12344a2c8279c3590ee/data/reference/programs.csv
arizona-state,Pepperdine,pepperdine,Pepperdine,TRUE,12,1952-1953,2011-2012,RESOLVED,RESOLVED_TRANCHE1,,Identity class: CURRENT_PROGRAM_IDENTITY. Global registration: REUSE_CURRENT_MAIN_PROGRAM_EXPECTED. Evidence: Protected-main current program registry/name plus conservative source-label abbreviation normalization; no institution merge based on geography
arizona-state,pepperdine,pepperdine,Pepperdine,TRUE,6,1947-1948,1948-1949,RESOLVED,RESOLVED_CURRENT_PROGRAM_REGISTRY_OR_SAFE_VARIANT,,Identity class: CURRENT_PROGRAM_IDENTITY. Global registration: REUSE_CURRENT_MAIN_PROGRAM_EXPECTED. Evidence: Protected-main programs.csv at 9738fe4f54b813aad4d2a12344a2c8279c3590ee identifies the current program; source label is an exact or conservative case/punctuation/abbreviation variant with no competing current-program identity. Sources: https://github.com/pollackelliott/college-basketball-history/blob/9738fe4f54b813aad4d2a12344a2c8279c3590ee/data/reference/programs.csv
arizona-state,Pepperdine (CBI),pepperdine,Pepperdine,TRUE,1,2014-2015,2014-2015,RESOLVED,RESOLVED_TRANCHE1,,Identity class: CURRENT_PROGRAM_IDENTITY. Global registration: REUSE_CURRENT_MAIN_PROGRAM_EXPECTED. Evidence: Protected-main current program registry/name plus conservative source-label abbreviation normalization; no institution merge based on geography
arizona-state,Phoenix College,phoenix-college,Phoenix College,FALSE,1,1922-1923,1922-1923,RESOLVED,RESOLVED_RESEARCHED_HISTORICAL_ALIAS_NON_D1,,Identity class: HISTORICAL_NONCURRENT_IDENTITY. Global registration: PENDING_CURRENT_MAIN_REBASE_NONCURRENT_IDENTITY. Evidence: Phoenix College institutional history documents its 1920 opening as Phoenix Junior College; Phoenix JC/Junior College/College source labels are one program identity. Sources: https://www.phoenixcollege.edu/about/history
arizona-state,phoenix college,phoenix-college,Phoenix College,FALSE,10,1925-1926,1928-1929,RESOLVED,RESOLVED_RESEARCHED_HISTORICAL_ALIAS_NON_D1,,Identity class: HISTORICAL_NONCURRENT_IDENTITY. Global registration: PENDING_CURRENT_MAIN_REBASE_NONCURRENT_IDENTITY. Evidence: Phoenix College institutional history documents its 1920 opening as Phoenix Junior College; Phoenix JC/Junior College/College source labels are one program identity. Sources: https://www.phoenixcollege.edu/about/history
arizona-state,phoenix Jc,phoenix-college,Phoenix College,FALSE,2,1945-1946,1945-1946,RESOLVED,RESOLVED_RESEARCHED_HISTORICAL_ALIAS_NON_D1,,Identity class: HISTORICAL_NONCURRENT_IDENTITY. Global registration: PENDING_CURRENT_MAIN_REBASE_NONCURRENT_IDENTITY. Evidence: Phoenix College institutional history documents its 1920 opening as Phoenix Junior College; Phoenix JC/Junior College/College source labels are one program identity. Sources: https://www.phoenixcollege.edu/about/history
arizona-state,Phoenix Junior College,phoenix-college,Phoenix College,FALSE,3,1924-1925,1935-1936,RESOLVED,RESOLVED_RESEARCHED_HISTORICAL_ALIAS_NON_D1,,Identity class: HISTORICAL_NONCURRENT_IDENTITY. Global registration: PENDING_CURRENT_MAIN_REBASE_NONCURRENT_IDENTITY. Evidence: Phoenix College institutional history documents its 1920 opening as Phoenix Junior College; Phoenix JC/Junior College/College source labels are one program identity. Sources: https://www.phoenixcollege.edu/about/history
arizona-state,Phoenix,phoenix-high-school,Phoenix High School,FALSE,2,1921-1922,1921-1922,RESOLVED,RESOLVED_FROM_CONTEMPORARY_STAGE1_CONTEXT,,Identity class: HISTORICAL_LOCAL_IDENTITY_RESOLVED. Global registration: PENDING_CURRENT_MAIN_REBASE_IDENTITY. Evidence: The controlling 1921-22 Tempe Normal Student season narrative explicitly says the team defeated Phoenix High twice; its score list abbreviates those two opponents as Phoenix. Canonicalized to Phoenix High School without broader institutional genealogy. Sources: stage1:arizona-state-stage1-source-register-batch8.md
arizona-state,Phoenix High,phoenix-high-school,Phoenix High School,FALSE,3,1918-1919,1922-1923,RESOLVED,RESOLVED_LITERAL_HISTORICAL_NON_D1,,Identity class: HISTORICAL_SCHOLASTIC_IDENTITY_RESOLVED. Global registration: PENDING_CURRENT_MAIN_REBASE_IDENTITY. Evidence: Literal source label identifies Phoenix High School; kept outside collegiate/current-D1 identity space. Sources: https://github.com/pollackelliott/college-basketball-history/blob/9738fe4f54b813aad4d2a12344a2c8279c3590ee/data/reference/programs.csv
arizona-state,Indians,phoenix-indian-school,Phoenix Indian School,FALSE,2,1921-1922,1921-1922,RESOLVED,RESOLVED_RESEARCHED_HISTORICAL_ALIAS_NON_D1,,Identity class: HISTORICAL_NON_D1_IDENTITY_RESOLVED. Global registration: PENDING_CURRENT_MAIN_REBASE_IDENTITY. Evidence: The ASU ledger repeatedly names Phoenix Indian; contemporaneous Arizona junior-college athletics also refers to the Phoenix Indians in the same Arizona basketball circuit. The 1921-22 shorthand Indians is normalized to that recurring Phoenix Indian School identity rather than a current program. Sources: https://azmemory.azlibrary.gov/assets/displaypdf/143869
arizona-state,Phoenix Indian,phoenix-indian-school,Phoenix Indian School,FALSE,3,1918-1919,1922-1923,RESOLVED,RESOLVED_RESEARCHED_HISTORICAL_ALIAS_NON_D1,,Identity class: HISTORICAL_NON_D1_IDENTITY_RESOLVED. Global registration: PENDING_CURRENT_MAIN_REBASE_IDENTITY. Evidence: The ASU ledger repeatedly names Phoenix Indian; contemporaneous Arizona junior-college athletics also refers to the Phoenix Indians in the same Arizona basketball circuit. The 1921-22 shorthand Indians is normalized to that recurring Phoenix Indian School identity rather than a current program. Sources: https://azmemory.azlibrary.gov/assets/displaypdf/143869
arizona-state,phoenix indian,phoenix-indian-school,Phoenix Indian School,FALSE,4,1926-1927,1928-1929,RESOLVED,RESOLVED_RESEARCHED_HISTORICAL_ALIAS_NON_D1,,Identity class: HISTORICAL_NON_D1_IDENTITY_RESOLVED. Global registration: PENDING_CURRENT_MAIN_REBASE_IDENTITY. Evidence: The ASU ledger repeatedly names Phoenix Indian; contemporaneous Arizona junior-college athletics also refers to the Phoenix Indians in the same Arizona basketball circuit. The 1921-22 shorthand Indians is normalized to that recurring Phoenix Indian School identity rather than a current program. Sources: https://azmemory.azlibrary.gov/assets/displaypdf/143869
arizona-state,Pasadena Coll.,point-loma-nazarene,Point Loma Nazarene,FALSE,2,1959-1960,1961-1962,RESOLVED,RESOLVED_RESEARCHED_HISTORICAL_ALIAS_NON_D1,,Identity class: HISTORICAL_NON_D1_IDENTITY_RESOLVED. Global registration: PENDING_CURRENT_MAIN_REBASE_IDENTITY. Evidence: Point Loma Nazarene institutional history documents Pasadena College as the same institutional lineage before its 1973 move to Point Loma. PLNU's historical results also include the 1961-62 130-65 loss to Arizona State. Literal Pasadena College is preserved while the canonical historical lineage is unified. Sources: https://www.pointloma.edu/about/history;https://plnusealions.com/sports/mens-basketball
arizona-state,Pasadena Nazarene,point-loma-nazarene,Point Loma Nazarene,FALSE,1,1955-1956,1955-1956,RESOLVED,RESOLVED_RESEARCHED_HISTORICAL_ALIAS_NON_D1,,Identity class: HISTORICAL_NON_D1_IDENTITY_RESOLVED. Global registration: PENDING_CURRENT_MAIN_REBASE_IDENTITY. Evidence: The ASU source's 'Pasadena Nazarene' label refers to Pasadena College in the Point Loma Nazarene institutional lineage. Point Loma Nazarene history documents Pasadena College as the institution's longstanding pre-1973 name; the variant is preserved literally rather than split into a false second opponent. Sources: https://www.pointloma.edu/about/history
arizona-state,Portland,portland,Portland,TRUE,3,1954-1955,2021-2022,RESOLVED,RESOLVED_CURRENT_PROGRAM_REGISTRY_OR_SAFE_VARIANT,,Identity class: HISTORICAL_IDENTITY_RESOLVED_CURRENT_PROGRAM. Global registration: REUSE_CURRENT_MAIN_PROGRAM_EXPECTED. Evidence: Protected-main programs.csv at 9738fe4f54b813aad4d2a12344a2c8279c3590ee identifies current program Portland under key portland; source label 'Portland' is an exact name/display match or conservative abbreviation/punctuation variant with no competing current-program identity. Sources: https://github.com/pollackelliott/college-basketball-history/blob/9738fe4f54b813aad4d2a12344a2c8279c3590ee/data/reference/programs.csv
arizona-state,Portland State,portland-state,Portland State,TRUE,4,1997-1998,2016-2017,RESOLVED,RESOLVED_CURRENT_PROGRAM_REGISTRY_OR_SAFE_VARIANT,,Identity class: HISTORICAL_IDENTITY_RESOLVED_CURRENT_PROGRAM. Global registration: REUSE_CURRENT_MAIN_PROGRAM_EXPECTED. Evidence: Protected-main programs.csv at 9738fe4f54b813aad4d2a12344a2c8279c3590ee identifies current program Portland State under key portland-state; source label 'Portland State' is an exact name/display match or conservative abbreviation/punctuation variant with no competing current-program identity. Sources: https://github.com/pollackelliott/college-basketball-history/blob/9738fe4f54b813aad4d2a12344a2c8279c3590ee/data/reference/programs.csv
arizona-state,Portland State (OT),portland-state,Portland State,TRUE,1,2001-2002,2001-2002,RESOLVED,RESOLVED_CURRENT_PROGRAM_REGISTRY_OR_SAFE_VARIANT,,Identity class: HISTORICAL_IDENTITY_RESOLVED_CURRENT_PROGRAM. Global registration: REUSE_CURRENT_MAIN_PROGRAM_EXPECTED. Evidence: Protected-main programs.csv at 9738fe4f54b813aad4d2a12344a2c8279c3590ee identifies current program Portland State under key portland-state; source label 'Portland State' is an exact name/display match or conservative abbreviation/punctuation variant with no competing current-program identity. Sources: https://github.com/pollackelliott/college-basketball-history/blob/9738fe4f54b813aad4d2a12344a2c8279c3590ee/data/reference/programs.csv
arizona-state,Prairie View A & M,prairie-view-a-m,Prairie View A&M,TRUE,1,2001-2002,2001-2002,RESOLVED,RESOLVED_CURRENT_PROGRAM_REGISTRY_OR_SAFE_VARIANT,,Identity class: HISTORICAL_IDENTITY_RESOLVED_CURRENT_PROGRAM. Global registration: REUSE_CURRENT_MAIN_PROGRAM_EXPECTED. Evidence: Protected-main programs.csv at 9738fe4f54b813aad4d2a12344a2c8279c3590ee identifies current program Prairie View A&M under key prairie-view-a-m; source label 'Prairie View A & M' is an exact name/display match or conservative abbreviation/punctuation variant with no competing current-program identity. Sources: https://github.com/pollackelliott/college-basketball-history/blob/9738fe4f54b813aad4d2a12344a2c8279c3590ee/data/reference/programs.csv
arizona-state,Prairie View A&M,prairie-view-a-m,Prairie View A&M,TRUE,1,2019-2020,2019-2020,RESOLVED,RESOLVED_CURRENT_PROGRAM_REGISTRY_OR_SAFE_VARIANT,,Identity class: HISTORICAL_IDENTITY_RESOLVED_CURRENT_PROGRAM. Global registration: REUSE_CURRENT_MAIN_PROGRAM_EXPECTED. Evidence: Protected-main programs.csv at 9738fe4f54b813aad4d2a12344a2c8279c3590ee identifies current program Prairie View A&M under key prairie-view-a-m; source label 'Prairie View A&M' is an exact name/display match or conservative abbreviation/punctuation variant with no competing current-program identity. Sources: https://github.com/pollackelliott/college-basketball-history/blob/9738fe4f54b813aad4d2a12344a2c8279c3590ee/data/reference/programs.csv
arizona-state,Prescott,prescott-1921-22-arizona-opponent,Prescott (1921-22 Arizona opponent),FALSE,1,1921-1922,1921-1922,RESOLVED,RESOLVED_CONSERVATIVE_HISTORICAL_LOCAL_IDENTITY,,"Identity class: HISTORICAL_LOCAL_IDENTITY_RESOLVED. Global registration: PENDING_CURRENT_MAIN_REBASE_IDENTITY. Evidence: Contemporary Tempe Normal season ledger uniquely identifies the Prescott opponent; further institutional genealogy would not materially affect canonical identity, so the literal historical identity is preserved under convergence policy. Sources: stage1:arizona-state-stage1-source-register-batch8.md"
arizona-state,prescott cowboys,prescott-cowboys,Prescott Cowboys,FALSE,1,1925-1926,1925-1926,RESOLVED,RESOLVED_CONSERVATIVE_HISTORICAL_LOCAL_IDENTITY,,Identity class: HISTORICAL_LOCAL_IDENTITY_RESOLVED. Global registration: PENDING_CURRENT_MAIN_REBASE_IDENTITY. Evidence: Literal source label identifies a historical Prescott Cowboys opponent. No reliable evidence requires attachment to a current collegiate program; preserved distinctly under convergence policy. Sources: https://github.com/pollackelliott/college-basketball-history/blob/9738fe4f54b813aad4d2a12344a2c8279c3590ee/data/reference/programs.csv
arizona-state,Princeton,princeton,Princeton,TRUE,3,2007-2008,2019-2020,RESOLVED,RESOLVED_CURRENT_PROGRAM_REGISTRY_OR_SAFE_VARIANT,,Identity class: HISTORICAL_IDENTITY_RESOLVED_CURRENT_PROGRAM. Global registration: REUSE_CURRENT_MAIN_PROGRAM_EXPECTED. Evidence: Protected-main programs.csv at 9738fe4f54b813aad4d2a12344a2c8279c3590ee identifies current program Princeton under key princeton; source label 'Princeton' is an exact name/display match or conservative abbreviation/punctuation variant with no competing current-program identity. Sources: https://github.com/pollackelliott/college-basketball-history/blob/9738fe4f54b813aad4d2a12344a2c8279c3590ee/data/reference/programs.csv
arizona-state,Providence,providence,Providence,TRUE,1,1982-1983,1982-1983,RESOLVED,RESOLVED_CURRENT_PROGRAM_REGISTRY_OR_SAFE_VARIANT,,Identity class: HISTORICAL_IDENTITY_RESOLVED_CURRENT_PROGRAM. Global registration: REUSE_CURRENT_MAIN_PROGRAM_EXPECTED. Evidence: Protected-main programs.csv at 9738fe4f54b813aad4d2a12344a2c8279c3590ee identifies current program Providence under key providence; source label 'Providence' is an exact name/display match or conservative abbreviation/punctuation variant with no competing current-program identity. Sources: https://github.com/pollackelliott/college-basketball-history/blob/9738fe4f54b813aad4d2a12344a2c8279c3590ee/data/reference/programs.csv
arizona-state,Purdue,purdue,Purdue,TRUE,2,1977-1978,1978-1979,RESOLVED,RESOLVED_TRANCHE1,,Identity class: CURRENT_PROGRAM_IDENTITY. Global registration: REUSE_CURRENT_MAIN_PROGRAM_EXPECTED. Evidence: Protected-main current program registry/name plus conservative source-label abbreviation normalization; no institution merge based on geography
arizona-state,Purdue (12),purdue,Purdue,TRUE,1,1968-1969,1968-1969,RESOLVED,RESOLVED_TRANCHE1,,Identity class: CURRENT_PROGRAM_IDENTITY. Global registration: REUSE_CURRENT_MAIN_PROGRAM_EXPECTED. Evidence: Protected-main current program registry/name plus conservative source-label abbreviation normalization; no institution merge based on geography
arizona-state,Purdue (NCAA),purdue,Purdue,TRUE,2,2002-2003,2016-2017,RESOLVED,RESOLVED_TRANCHE1,,Identity class: CURRENT_PROGRAM_IDENTITY. Global registration: REUSE_CURRENT_MAIN_PROGRAM_EXPECTED. Evidence: Protected-main current program registry/name plus conservative source-label abbreviation normalization; no institution merge based on geography
arizona-state,Purdue (OT),purdue,Purdue,TRUE,1,1978-1979,1978-1979,RESOLVED,RESOLVED_TRANCHE1,,Identity class: CURRENT_PROGRAM_IDENTITY. Global registration: REUSE_CURRENT_MAIN_PROGRAM_EXPECTED. Evidence: Protected-main current program registry/name plus conservative source-label abbreviation normalization; no institution merge based on geography
arizona-state,Regis,regis-colorado,Regis,FALSE,2,1960-1961,1960-1961,RESOLVED,RESOLVED_LITERAL_HISTORICAL_NON_D1,,Identity class: HISTORICAL_NON_D1_IDENTITY_RESOLVED. Global registration: PENDING_CURRENT_MAIN_REBASE_IDENTITY. Evidence: Literal source label 'Regis' identifies the historical/non-D1 opponent without requiring a current-D1 merge; current protected-main program registry contains no competing current-D1 identity requiring reassignment. Preserved distinctly under Stage 2 convergence policy. Sources: https://github.com/pollackelliott/college-basketball-history/blob/9738fe4f54b813aad4d2a12344a2c8279c3590ee/data/reference/programs.csv
arizona-state,Rhode Island,rhode-island,Rhode Island,TRUE,4,1962-1963,2020-2021,RESOLVED,RESOLVED_CURRENT_PROGRAM_REGISTRY_OR_SAFE_VARIANT,,Identity class: HISTORICAL_IDENTITY_RESOLVED_CURRENT_PROGRAM. Global registration: REUSE_CURRENT_MAIN_PROGRAM_EXPECTED. Evidence: Protected-main programs.csv at 9738fe4f54b813aad4d2a12344a2c8279c3590ee identifies current program Rhode Island under key rhode-island; source label 'Rhode Island' is an exact name/display match or conservative abbreviation/punctuation variant with no competing current-program identity. Sources: https://github.com/pollackelliott/college-basketball-history/blob/9738fe4f54b813aad4d2a12344a2c8279c3590ee/data/reference/programs.csv
arizona-state,Rice,rice,Rice,TRUE,1,1991-1992,1991-1992,RESOLVED,RESOLVED_CURRENT_PROGRAM_REGISTRY_OR_SAFE_VARIANT,,Identity class: HISTORICAL_IDENTITY_RESOLVED_CURRENT_PROGRAM. Global registration: REUSE_CURRENT_MAIN_PROGRAM_EXPECTED. Evidence: Protected-main programs.csv at 9738fe4f54b813aad4d2a12344a2c8279c3590ee identifies current program Rice under key rice; source label 'Rice' is an exact name/display match or conservative abbreviation/punctuation variant with no competing current-program identity. Sources: https://github.com/pollackelliott/college-basketball-history/blob/9738fe4f54b813aad4d2a12344a2c8279c3590ee/data/reference/programs.csv
arizona-state,Rice (OT),rice,Rice,TRUE,1,1969-1970,1969-1970,RESOLVED,RESOLVED_CURRENT_PROGRAM_REGISTRY_OR_SAFE_VARIANT,,Identity class: HISTORICAL_IDENTITY_RESOLVED_CURRENT_PROGRAM. Global registration: REUSE_CURRENT_MAIN_PROGRAM_EXPECTED. Evidence: Protected-main programs.csv at 9738fe4f54b813aad4d2a12344a2c8279c3590ee identifies current program Rice under key rice; source label 'Rice' is an exact name/display match or conservative abbreviation/punctuation variant with no competing current-program identity. Sources: https://github.com/pollackelliott/college-basketball-history/blob/9738fe4f54b813aad4d2a12344a2c8279c3590ee/data/reference/programs.csv
arizona-state,Richmond,richmond,Richmond,TRUE,1,1987-1988,1987-1988,RESOLVED,RESOLVED_CURRENT_PROGRAM_REGISTRY_OR_SAFE_VARIANT,,Identity class: HISTORICAL_IDENTITY_RESOLVED_CURRENT_PROGRAM. Global registration: REUSE_CURRENT_MAIN_PROGRAM_EXPECTED. Evidence: Protected-main programs.csv at 9738fe4f54b813aad4d2a12344a2c8279c3590ee identifies current program Richmond under key richmond; source label 'Richmond' is an exact name/display match or conservative abbreviation/punctuation variant with no competing current-program identity. Sources: https://github.com/pollackelliott/college-basketball-history/blob/9738fe4f54b813aad4d2a12344a2c8279c3590ee/data/reference/programs.csv
arizona-state,Richmond (NCAA),richmond,Richmond,TRUE,1,2010-2011,2010-2011,RESOLVED,RESOLVED_CURRENT_PROGRAM_REGISTRY_OR_SAFE_VARIANT,,Identity class: HISTORICAL_IDENTITY_RESOLVED_CURRENT_PROGRAM. Global registration: REUSE_CURRENT_MAIN_PROGRAM_EXPECTED. Evidence: Protected-main programs.csv at 9738fe4f54b813aad4d2a12344a2c8279c3590ee identifies current program Richmond under key richmond; source label 'Richmond' is an exact name/display match or conservative abbreviation/punctuation variant with no competing current-program identity. Sources: https://github.com/pollackelliott/college-basketball-history/blob/9738fe4f54b813aad4d2a12344a2c8279c3590ee/data/reference/programs.csv
arizona-state,Richmond (OT) (NIT),richmond,Richmond,TRUE,1,2014-2015,2014-2015,RESOLVED,RESOLVED_CURRENT_PROGRAM_REGISTRY_OR_SAFE_VARIANT,,Identity class: HISTORICAL_IDENTITY_RESOLVED_CURRENT_PROGRAM. Global registration: REUSE_CURRENT_MAIN_PROGRAM_EXPECTED. Evidence: Protected-main programs.csv at 9738fe4f54b813aad4d2a12344a2c8279c3590ee identifies current program Richmond under key richmond; source label 'Richmond' is an exact name/display match or conservative abbreviation/punctuation variant with no competing current-program identity. Sources: https://github.com/pollackelliott/college-basketball-history/blob/9738fe4f54b813aad4d2a12344a2c8279c3590ee/data/reference/programs.csv
arizona-state,Rider,rider,Rider,TRUE,1,2019-2020,2019-2020,RESOLVED,RESOLVED_CURRENT_PROGRAM_REGISTRY_OR_SAFE_VARIANT,,Identity class: HISTORICAL_IDENTITY_RESOLVED_CURRENT_PROGRAM. Global registration: REUSE_CURRENT_MAIN_PROGRAM_EXPECTED. Evidence: Protected-main programs.csv at 9738fe4f54b813aad4d2a12344a2c8279c3590ee identifies current program Rider under key rider; source label 'Rider' is an exact name/display match or conservative abbreviation/punctuation variant with no competing current-program identity. Sources: https://github.com/pollackelliott/college-basketball-history/blob/9738fe4f54b813aad4d2a12344a2c8279c3590ee/data/reference/programs.csv
arizona-state,Rutgers,rutgers,Rutgers,TRUE,1,1990-1991,1990-1991,RESOLVED,RESOLVED_CURRENT_PROGRAM_REGISTRY_OR_SAFE_VARIANT,,Identity class: HISTORICAL_IDENTITY_RESOLVED_CURRENT_PROGRAM. Global registration: REUSE_CURRENT_MAIN_PROGRAM_EXPECTED. Evidence: Protected-main programs.csv at 9738fe4f54b813aad4d2a12344a2c8279c3590ee identifies current program Rutgers under key rutgers; source label 'Rutgers' is an exact name/display match or conservative abbreviation/punctuation variant with no competing current-program identity. Sources: https://github.com/pollackelliott/college-basketball-history/blob/9738fe4f54b813aad4d2a12344a2c8279c3590ee/data/reference/programs.csv
arizona-state,Cal State Sacramento,sacramento-state,Sacramento State,TRUE,1,1995-1996,1995-1996,RESOLVED,RESOLVED_CURRENT_PROGRAM_REGISTRY_OR_SAFE_VARIANT,,Identity class: HISTORICAL_IDENTITY_RESOLVED_CURRENT_PROGRAM. Global registration: REUSE_CURRENT_MAIN_PROGRAM_EXPECTED. Evidence: Protected-main programs.csv at 9738fe4f54b813aad4d2a12344a2c8279c3590ee identifies current program Sacramento State under key sacramento-state; source label 'Cal State Sacramento' is an exact name/display match or conservative abbreviation/punctuation variant with no competing current-program identity. Sources: https://github.com/pollackelliott/college-basketball-history/blob/9738fe4f54b813aad4d2a12344a2c8279c3590ee/data/reference/programs.csv
arizona-state,Sacramento State,sacramento-state,Sacramento State,TRUE,2,2012-2013,2015-2016,RESOLVED,RESOLVED_CURRENT_PROGRAM_REGISTRY_OR_SAFE_VARIANT,,Identity class: HISTORICAL_IDENTITY_RESOLVED_CURRENT_PROGRAM. Global registration: REUSE_CURRENT_MAIN_PROGRAM_EXPECTED. Evidence: Protected-main programs.csv at 9738fe4f54b813aad4d2a12344a2c8279c3590ee identifies current program Sacramento State under key sacramento-state; source label 'Sacramento State' is an exact name/display match or conservative abbreviation/punctuation variant with no competing current-program identity. Sources: https://github.com/pollackelliott/college-basketball-history/blob/9738fe4f54b813aad4d2a12344a2c8279c3590ee/data/reference/programs.csv
arizona-state,Saint Francis (Pa.),saint-francis-pa,Saint Francis (PA),FALSE,1,2007-2008,2007-2008,RESOLVED,RESOLVED_RESEARCHED_HISTORICAL_NON_D1,,"Identity class: HISTORICAL_NON_D1_IDENTITY_RESOLVED. Global registration: PENDING_CURRENT_MAIN_REBASE_IDENTITY. Evidence: The 2007-08 source label identifies Saint Francis University in Loretto, Pennsylvania. The institution remained Division I through 2025-26 and began Division III reclassification in 2026-27; current protected main therefore has no current-D1 program key to reuse. Historical identity is resolved without pretending current-D1 status. Sources: https://www.francis.edu/division-iii-transition"
arizona-state,St. Joseph’s,saint-joseph-s,Saint Joseph's,TRUE,1,1964-1965,1964-1965,RESOLVED,RESOLVED_CURRENT_PROGRAM_REGISTRY_OR_SAFE_VARIANT,,Identity class: HISTORICAL_IDENTITY_RESOLVED_CURRENT_PROGRAM. Global registration: REUSE_CURRENT_MAIN_PROGRAM_EXPECTED. Evidence: Protected-main programs.csv at 9738fe4f54b813aad4d2a12344a2c8279c3590ee identifies current program Saint Joseph's under key saint-joseph-s; source label 'St. Joseph’s' is an exact name/display match or conservative abbreviation/punctuation variant with no competing current-program identity. Sources: https://github.com/pollackelliott/college-basketball-history/blob/9738fe4f54b813aad4d2a12344a2c8279c3590ee/data/reference/programs.csv
arizona-state,Saint Louis,saint-louis,Saint Louis,TRUE,1,1993-1994,1993-1994,RESOLVED,RESOLVED_CURRENT_PROGRAM_REGISTRY_OR_SAFE_VARIANT,,Identity class: HISTORICAL_IDENTITY_RESOLVED_CURRENT_PROGRAM. Global registration: REUSE_CURRENT_MAIN_PROGRAM_EXPECTED. Evidence: Protected-main programs.csv at 9738fe4f54b813aad4d2a12344a2c8279c3590ee identifies current program Saint Louis under key saint-louis; source label 'Saint Louis' is an exact name/display match or conservative abbreviation/punctuation variant with no competing current-program identity. Sources: https://github.com/pollackelliott/college-basketball-history/blob/9738fe4f54b813aad4d2a12344a2c8279c3590ee/data/reference/programs.csv
arizona-state,St. Louis,saint-louis,Saint Louis,TRUE,2,1972-1973,1974-1975,RESOLVED,RESOLVED_CURRENT_PROGRAM_REGISTRY_OR_SAFE_VARIANT,,Identity class: HISTORICAL_IDENTITY_RESOLVED_CURRENT_PROGRAM. Global registration: REUSE_CURRENT_MAIN_PROGRAM_EXPECTED. Evidence: Protected-main programs.csv at 9738fe4f54b813aad4d2a12344a2c8279c3590ee identifies current program Saint Louis under key saint-louis; source label 'St. Louis' is an exact name/display match or conservative abbreviation/punctuation variant with no competing current-program identity. Sources: https://github.com/pollackelliott/college-basketball-history/blob/9738fe4f54b813aad4d2a12344a2c8279c3590ee/data/reference/programs.csv
arizona-state,Saint Mary's,saint-mary-s,Saint Mary's,TRUE,2,2019-2020,2024-2025,RESOLVED,RESOLVED_CURRENT_PROGRAM_REGISTRY_OR_SAFE_VARIANT,,Identity class: HISTORICAL_IDENTITY_RESOLVED_CURRENT_PROGRAM. Global registration: REUSE_CURRENT_MAIN_PROGRAM_EXPECTED. Evidence: Protected-main programs.csv at 9738fe4f54b813aad4d2a12344a2c8279c3590ee identifies current program Saint Mary's under key saint-mary-s; source label 'Saint Mary's' is an exact name/display match or conservative abbreviation/punctuation variant with no competing current-program identity. Sources: https://github.com/pollackelliott/college-basketball-history/blob/9738fe4f54b813aad4d2a12344a2c8279c3590ee/data/reference/programs.csv
arizona-state,St. Mary’s,saint-mary-s,Saint Mary's,TRUE,1,1954-1955,1954-1955,RESOLVED,RESOLVED_CURRENT_PROGRAM_REGISTRY_OR_SAFE_VARIANT,,Identity class: HISTORICAL_IDENTITY_RESOLVED_CURRENT_PROGRAM. Global registration: REUSE_CURRENT_MAIN_PROGRAM_EXPECTED. Evidence: Protected-main programs.csv at 9738fe4f54b813aad4d2a12344a2c8279c3590ee identifies current program Saint Mary's under key saint-mary-s; source label 'St. Mary’s' is an exact name/display match or conservative abbreviation/punctuation variant with no competing current-program identity. Sources: https://github.com/pollackelliott/college-basketball-history/blob/9738fe4f54b813aad4d2a12344a2c8279c3590ee/data/reference/programs.csv
arizona-state,Sam Houston State,sam-houston,Sam Houston,TRUE,1,2023-2024,2023-2024,RESOLVED,RESOLVED_CURRENT_PROGRAM_REGISTRY_OR_SAFE_VARIANT,,Identity class: HISTORICAL_IDENTITY_RESOLVED_CURRENT_PROGRAM. Global registration: REUSE_CURRENT_MAIN_PROGRAM_EXPECTED. Evidence: Protected-main programs.csv at 9738fe4f54b813aad4d2a12344a2c8279c3590ee identifies current program Sam Houston under key sam-houston; source label 'Sam Houston State' is an exact name/display match or conservative abbreviation/punctuation variant with no competing current-program identity. Sources: https://github.com/pollackelliott/college-basketball-history/blob/9738fe4f54b813aad4d2a12344a2c8279c3590ee/data/reference/programs.csv
arizona-state,Sam Houston State (OT),sam-houston,Sam Houston,TRUE,1,1996-1997,1996-1997,RESOLVED,RESOLVED_CURRENT_PROGRAM_REGISTRY_OR_SAFE_VARIANT,,Identity class: HISTORICAL_IDENTITY_RESOLVED_CURRENT_PROGRAM. Global registration: REUSE_CURRENT_MAIN_PROGRAM_EXPECTED. Evidence: Protected-main programs.csv at 9738fe4f54b813aad4d2a12344a2c8279c3590ee identifies current program Sam Houston under key sam-houston; source label 'Sam Houston State' is an exact name/display match or conservative abbreviation/punctuation variant with no competing current-program identity. Sources: https://github.com/pollackelliott/college-basketball-history/blob/9738fe4f54b813aad4d2a12344a2c8279c3590ee/data/reference/programs.csv
arizona-state,San Diego,san-diego,San Diego,TRUE,5,1972-1973,2024-2025,RESOLVED,RESOLVED_CURRENT_PROGRAM_REGISTRY_OR_SAFE_VARIANT,,Identity class: HISTORICAL_IDENTITY_RESOLVED_CURRENT_PROGRAM. Global registration: REUSE_CURRENT_MAIN_PROGRAM_EXPECTED. Evidence: Protected-main programs.csv at 9738fe4f54b813aad4d2a12344a2c8279c3590ee identifies current program San Diego under key san-diego; source label 'San Diego' is an exact name/display match or conservative abbreviation/punctuation variant with no competing current-program identity. Sources: https://github.com/pollackelliott/college-basketball-history/blob/9738fe4f54b813aad4d2a12344a2c8279c3590ee/data/reference/programs.csv
arizona-state,San Diego (OT),san-diego,San Diego,TRUE,1,1991-1992,1991-1992,RESOLVED,RESOLVED_CURRENT_PROGRAM_REGISTRY_OR_SAFE_VARIANT,,Identity class: HISTORICAL_IDENTITY_RESOLVED_CURRENT_PROGRAM. Global registration: REUSE_CURRENT_MAIN_PROGRAM_EXPECTED. Evidence: Protected-main programs.csv at 9738fe4f54b813aad4d2a12344a2c8279c3590ee identifies current program San Diego under key san-diego; source label 'San Diego' is an exact name/display match or conservative abbreviation/punctuation variant with no competing current-program identity. Sources: https://github.com/pollackelliott/college-basketball-history/blob/9738fe4f54b813aad4d2a12344a2c8279c3590ee/data/reference/programs.csv
arizona-state,San Diego Marines,san-diego-marines,San Diego Marines,FALSE,3,1951-1952,1952-1953,RESOLVED,RESOLVED_LITERAL_HISTORICAL_NON_D1,,Identity class: HISTORICAL_NON_D1_IDENTITY_RESOLVED. Global registration: PENDING_CURRENT_MAIN_REBASE_IDENTITY. Evidence: Literal source label 'San Diego Marines' identifies the historical/non-D1 opponent without requiring a current-D1 merge; current protected-main program registry contains no competing current-D1 identity requiring reassignment. Preserved distinctly under Stage 2 convergence policy. Sources: https://github.com/pollackelliott/college-basketball-history/blob/9738fe4f54b813aad4d2a12344a2c8279c3590ee/data/reference/programs.csv
arizona-state,San Diego Navy,san-diego-navy,San Diego Navy,FALSE,5,1951-1952,1954-1955,RESOLVED,RESOLVED_LITERAL_HISTORICAL_NON_D1,,Identity class: HISTORICAL_NON_D1_IDENTITY_RESOLVED. Global registration: PENDING_CURRENT_MAIN_REBASE_IDENTITY. Evidence: Literal source label 'San Diego Navy' identifies the historical/non-D1 opponent without requiring a current-D1 merge; current protected-main program registry contains no competing current-D1 identity requiring reassignment. Preserved distinctly under Stage 2 convergence policy. Sources: https://github.com/pollackelliott/college-basketball-history/blob/9738fe4f54b813aad4d2a12344a2c8279c3590ee/data/reference/programs.csv
arizona-state,San Diego St.,san-diego-state,San Diego State,TRUE,20,1948-1949,1992-1993,RESOLVED,RESOLVED_CURRENT_PROGRAM_REGISTRY_OR_SAFE_VARIANT | RESOLVED_FROM_STAGE1_ACCEPTED_IDENTITY | RESOLVED_TRANCHE1,,Identity class: HISTORICAL_IDENTITY_RESOLVED | CURRENT_PROGRAM_IDENTITY. Global registration: REUSE_CURRENT_MAIN_PROGRAM_EXPECTED. Evidence: Batch 33 accepted Stage 1 opponent identity; Stage 2 preserves rather than re-researches the row || Protected-main current program registry/name plus conservative source-label abbreviation normalization; no institution merge based on geography || Protected-main programs.csv at 9738fe4f54b813aad4d2a12344a2c8279c3590ee identifies the current program; source label is an exact or conservative case/punctuation/abbreviation variant with no competing current-program identity. Sources: https://github.com/pollackelliott/college-basketball-history/blob/9738fe4f54b813aad4d2a12344a2c8279c3590ee/data/reference/programs.csv
arizona-state,San Diego State,san-diego-state,San Diego State,TRUE,8,1937-1938,2021-2022,RESOLVED,RESOLVED_CURRENT_PROGRAM_REGISTRY_OR_SAFE_VARIANT | RESOLVED_TRANCHE1,,Identity class: CURRENT_PROGRAM_IDENTITY. Global registration: REUSE_CURRENT_MAIN_PROGRAM_EXPECTED. Evidence: Protected-main current program registry/name plus conservative source-label abbreviation normalization; no institution merge based on geography || Protected-main programs.csv at 9738fe4f54b813aad4d2a12344a2c8279c3590ee identifies the current program; source label is an exact or conservative case/punctuation/abbreviation variant with no competing current-program identity. Sources: https://github.com/pollackelliott/college-basketball-history/blob/9738fe4f54b813aad4d2a12344a2c8279c3590ee/data/reference/programs.csv
arizona-state,San Diego State (NCAA),san-diego-state,San Diego State,TRUE,1,2009-2010,2009-2010,RESOLVED,RESOLVED_TRANCHE1,,Identity class: CURRENT_PROGRAM_IDENTITY. Global registration: REUSE_CURRENT_MAIN_PROGRAM_EXPECTED. Evidence: Protected-main current program registry/name plus conservative source-label abbreviation normalization; no institution merge based on geography
arizona-state,San Diego State (NIT),san-diego-state,San Diego State,TRUE,1,2008-2009,2008-2009,RESOLVED,RESOLVED_TRANCHE1,,Identity class: CURRENT_PROGRAM_IDENTITY. Global registration: REUSE_CURRENT_MAIN_PROGRAM_EXPECTED. Evidence: Protected-main current program registry/name plus conservative source-label abbreviation normalization; no institution merge based on geography
arizona-state,San Francisco,san-francisco,San Francisco,TRUE,7,1988-1989,2023-2024,RESOLVED,RESOLVED_TRANCHE1,,Identity class: CURRENT_PROGRAM_IDENTITY. Global registration: REUSE_CURRENT_MAIN_PROGRAM_EXPECTED. Evidence: Protected-main current program registry/name plus conservative source-label abbreviation normalization; no institution merge based on geography
arizona-state,San Francisco (19),san-francisco,San Francisco,TRUE,1,1977-1978,1977-1978,RESOLVED,RESOLVED_TRANCHE1,,Identity class: CURRENT_PROGRAM_IDENTITY. Global registration: REUSE_CURRENT_MAIN_PROGRAM_EXPECTED. Evidence: Protected-main current program registry/name plus conservative source-label abbreviation normalization; no institution merge based on geography
arizona-state,San Francisco (20T),san-francisco,San Francisco,TRUE,1,1989-1990,1989-1990,RESOLVED,RESOLVED_TRANCHE1,,Identity class: CURRENT_PROGRAM_IDENTITY. Global registration: REUSE_CURRENT_MAIN_PROGRAM_EXPECTED. Evidence: Protected-main current program registry/name plus conservative source-label abbreviation normalization; no institution merge based on geography
arizona-state,San Francisco (3),san-francisco,San Francisco,TRUE,1,1976-1977,1976-1977,RESOLVED,RESOLVED_TRANCHE1,,Identity class: CURRENT_PROGRAM_IDENTITY. Global registration: REUSE_CURRENT_MAIN_PROGRAM_EXPECTED. Evidence: Protected-main current program registry/name plus conservative source-label abbreviation normalization; no institution merge based on geography
arizona-state,San Francisco (5),san-francisco,San Francisco,TRUE,1,1977-1978,1977-1978,RESOLVED,RESOLVED_TRANCHE1,,Identity class: CURRENT_PROGRAM_IDENTITY. Global registration: REUSE_CURRENT_MAIN_PROGRAM_EXPECTED. Evidence: Protected-main current program registry/name plus conservative source-label abbreviation normalization; no institution merge based on geography
arizona-state,San Francisco (8),san-francisco,San Francisco,TRUE,1,1964-1965,1964-1965,RESOLVED,RESOLVED_TRANCHE1,,Identity class: CURRENT_PROGRAM_IDENTITY. Global registration: REUSE_CURRENT_MAIN_PROGRAM_EXPECTED. Evidence: Protected-main current program registry/name plus conservative source-label abbreviation normalization; no institution merge based on geography
arizona-state,USF,san-francisco,San Francisco,TRUE,1,1967-1968,1967-1968,RESOLVED,RESOLVED_RESEARCHED_RECIPROCAL_CURRENT_PROGRAM,,"Identity class: HISTORICAL_IDENTITY_RESOLVED_CURRENT_PROGRAM. Global registration: REUSE_CURRENT_MAIN_PROGRAM_EXPECTED. Evidence: San Francisco's official series history identifies the exact Jan. 27, 1968 result as San Francisco 93, Arizona State 74. The source abbreviation USF therefore resolves uniquely to current San Francisco. Sources: https://usfdons.com/sports/mens-basketball/opponent-history/arizona-state-university/44"
arizona-state,S. Jose St. (OT),san-jose-state,San José State,TRUE,1,1986-1987,1986-1987,RESOLVED,RESOLVED_TRANCHE1,,Identity class: CURRENT_PROGRAM_IDENTITY. Global registration: REUSE_CURRENT_MAIN_PROGRAM_EXPECTED. Evidence: Protected-main current program registry/name plus conservative source-label abbreviation normalization; no institution merge based on geography
arizona-state,San Jose,san-jose-state,San José State,TRUE,1,1966-1967,1966-1967,RESOLVED,RESOLVED_TRANCHE1,,Identity class: CURRENT_PROGRAM_IDENTITY. Global registration: REUSE_CURRENT_MAIN_PROGRAM_EXPECTED. Evidence: Protected-main current program registry/name plus conservative source-label abbreviation normalization; no institution merge based on geography
arizona-state,San Jose St.,san-jose-state,San José State,TRUE,10,1953-1954,1985-1986,RESOLVED,RESOLVED_TRANCHE1,,Identity class: CURRENT_PROGRAM_IDENTITY. Global registration: REUSE_CURRENT_MAIN_PROGRAM_EXPECTED. Evidence: Protected-main current program registry/name plus conservative source-label abbreviation normalization; no institution merge based on geography
arizona-state,San Jose State,san-jose-state,San José State,TRUE,2,1998-1999,2006-2007,RESOLVED,RESOLVED_TRANCHE1,,Identity class: CURRENT_PROGRAM_IDENTITY. Global registration: REUSE_CURRENT_MAIN_PROGRAM_EXPECTED. Evidence: Protected-main current program registry/name plus conservative source-label abbreviation normalization; no institution merge based on geography
arizona-state,Santa Clara,santa-clara,Santa Clara,TRUE,9,1956-1957,2025-2026,RESOLVED,RESOLVED_TRANCHE1,,Identity class: CURRENT_PROGRAM_IDENTITY. Global registration: REUSE_CURRENT_MAIN_PROGRAM_EXPECTED. Evidence: Protected-main current program registry/name plus conservative source-label abbreviation normalization; no institution merge based on geography
arizona-state,Seattle Pacific,seattle-pacific,Seattle Pacific,FALSE,2,1975-1976,1989-1990,RESOLVED,RESOLVED_LITERAL_HISTORICAL_NON_D1,,Identity class: HISTORICAL_NON_D1_IDENTITY_RESOLVED. Global registration: PENDING_CURRENT_MAIN_REBASE_IDENTITY. Evidence: Literal source label 'Seattle Pacific' identifies the historical/non-D1 opponent without requiring a current-D1 merge; current protected-main program registry contains no competing current-D1 identity requiring reassignment. Preserved distinctly under Stage 2 convergence policy. Sources: https://github.com/pollackelliott/college-basketball-history/blob/9738fe4f54b813aad4d2a12344a2c8279c3590ee/data/reference/programs.csv
arizona-state,Seattle,seattle-u,Seattle U,TRUE,9,1954-1955,1985-1986,RESOLVED,RESOLVED_TRANCHE1,,Identity class: CURRENT_PROGRAM_IDENTITY. Global registration: REUSE_CURRENT_MAIN_PROGRAM_EXPECTED. Evidence: Protected-main current program registry/name plus conservative source-label abbreviation normalization; no institution merge based on geography Stage 2 current-main registry linkage applied to protected-main key seattle-u without changing the accepted historical opponent identity.
arizona-state,Seton Hall,seton-hall,Seton Hall,TRUE,1,1983-1984,1983-1984,RESOLVED,RESOLVED_CURRENT_PROGRAM_REGISTRY_OR_SAFE_VARIANT,,Identity class: HISTORICAL_IDENTITY_RESOLVED_CURRENT_PROGRAM. Global registration: REUSE_CURRENT_MAIN_PROGRAM_EXPECTED. Evidence: Protected-main programs.csv at 9738fe4f54b813aad4d2a12344a2c8279c3590ee identifies current program Seton Hall under key seton-hall; source label 'Seton Hall' is an exact name/display match or conservative abbreviation/punctuation variant with no competing current-program identity. Sources: https://github.com/pollackelliott/college-basketball-history/blob/9738fe4f54b813aad4d2a12344a2c8279c3590ee/data/reference/programs.csv
arizona-state,Sienna,siena,Siena,TRUE,1,1951-1952,1951-1952,RESOLVED,RESOLVED_CURRENT_PROGRAM_REGISTRY_OR_SAFE_VARIANT,,Identity class: HISTORICAL_IDENTITY_RESOLVED_CURRENT_PROGRAM. Global registration: REUSE_CURRENT_MAIN_PROGRAM_EXPECTED. Evidence: Protected-main programs.csv at 9738fe4f54b813aad4d2a12344a2c8279c3590ee identifies current program Siena under key siena; source label 'Sienna' is an exact name/display match or conservative abbreviation/punctuation variant with no competing current-program identity. Sources: https://github.com/pollackelliott/college-basketball-history/blob/9738fe4f54b813aad4d2a12344a2c8279c3590ee/data/reference/programs.csv
arizona-state,SMU,smu,SMU,TRUE,3,1975-1976,2023-2024,RESOLVED,RESOLVED_CURRENT_PROGRAM_REGISTRY_OR_SAFE_VARIANT,,Identity class: HISTORICAL_IDENTITY_RESOLVED_CURRENT_PROGRAM. Global registration: REUSE_CURRENT_MAIN_PROGRAM_EXPECTED. Evidence: Protected-main programs.csv at 9738fe4f54b813aad4d2a12344a2c8279c3590ee identifies current program SMU under key smu; source label 'SMU' is an exact name/display match or conservative abbreviation/punctuation variant with no competing current-program identity. Sources: https://github.com/pollackelliott/college-basketball-history/blob/9738fe4f54b813aad4d2a12344a2c8279c3590ee/data/reference/programs.csv
arizona-state,So. Methodist,smu,SMU,TRUE,1,1990-1991,1990-1991,RESOLVED,RESOLVED_CURRENT_PROGRAM_REGISTRY_OR_SAFE_VARIANT,,Identity class: HISTORICAL_IDENTITY_RESOLVED_CURRENT_PROGRAM. Global registration: REUSE_CURRENT_MAIN_PROGRAM_EXPECTED. Evidence: Protected-main programs.csv at 9738fe4f54b813aad4d2a12344a2c8279c3590ee identifies current program SMU under key smu; source label 'So. Methodist' is an exact name/display match or conservative abbreviation/punctuation variant with no competing current-program identity. Sources: https://github.com/pollackelliott/college-basketball-history/blob/9738fe4f54b813aad4d2a12344a2c8279c3590ee/data/reference/programs.csv
arizona-state,So. Methodist (OT),smu,SMU,TRUE,1,1993-1994,1993-1994,RESOLVED,RESOLVED_CURRENT_PROGRAM_REGISTRY_OR_SAFE_VARIANT,,Identity class: HISTORICAL_IDENTITY_RESOLVED_CURRENT_PROGRAM. Global registration: REUSE_CURRENT_MAIN_PROGRAM_EXPECTED. Evidence: Protected-main programs.csv at 9738fe4f54b813aad4d2a12344a2c8279c3590ee identifies current program SMU under key smu; source label 'So. Methodist' is an exact name/display match or conservative abbreviation/punctuation variant with no competing current-program identity. Sources: https://github.com/pollackelliott/college-basketball-history/blob/9738fe4f54b813aad4d2a12344a2c8279c3590ee/data/reference/programs.csv
arizona-state,Southern Methodist,smu,SMU,TRUE,1,1995-1996,1995-1996,RESOLVED,RESOLVED_CURRENT_PROGRAM_REGISTRY_OR_SAFE_VARIANT,,Identity class: HISTORICAL_IDENTITY_RESOLVED_CURRENT_PROGRAM. Global registration: REUSE_CURRENT_MAIN_PROGRAM_EXPECTED. Evidence: Protected-main programs.csv at 9738fe4f54b813aad4d2a12344a2c8279c3590ee identifies current program SMU under key smu; source label 'Southern Methodist' is an exact name/display match or conservative abbreviation/punctuation variant with no competing current-program identity. Sources: https://github.com/pollackelliott/college-basketball-history/blob/9738fe4f54b813aad4d2a12344a2c8279c3590ee/data/reference/programs.csv
arizona-state,Snow College,snow-college,Snow College,FALSE,1,1940-1941,1940-1941,RESOLVED,RESOLVED_LITERAL_HISTORICAL_NON_D1,,Identity class: HISTORICAL_NONCURRENT_IDENTITY. Global registration: PENDING_CURRENT_MAIN_REBASE_NONCURRENT_IDENTITY. Evidence: Literal source label uniquely identifies Snow College and does not conceal a current-D1 program. Sources: https://github.com/pollackelliott/college-basketball-history/blob/9738fe4f54b813aad4d2a12344a2c8279c3590ee/data/reference/programs.csv
arizona-state,South Carolina,south-carolina,South Carolina,TRUE,1,1982-1983,1982-1983,RESOLVED,RESOLVED_CURRENT_PROGRAM_REGISTRY_OR_SAFE_VARIANT,,Identity class: HISTORICAL_IDENTITY_RESOLVED_CURRENT_PROGRAM. Global registration: REUSE_CURRENT_MAIN_PROGRAM_EXPECTED. Evidence: Protected-main programs.csv at 9738fe4f54b813aad4d2a12344a2c8279c3590ee identifies current program South Carolina under key south-carolina; source label 'South Carolina' is an exact name/display match or conservative abbreviation/punctuation variant with no competing current-program identity. Sources: https://github.com/pollackelliott/college-basketball-history/blob/9738fe4f54b813aad4d2a12344a2c8279c3590ee/data/reference/programs.csv
arizona-state,SIU Carbondale,southern-illinois,Southern Illinois,TRUE,1,1979-1980,1979-1980,RESOLVED,RESOLVED_CURRENT_PROGRAM_REGISTRY_OR_SAFE_VARIANT,,Identity class: HISTORICAL_IDENTITY_RESOLVED_CURRENT_PROGRAM. Global registration: REUSE_CURRENT_MAIN_PROGRAM_EXPECTED. Evidence: Protected-main programs.csv at 9738fe4f54b813aad4d2a12344a2c8279c3590ee identifies current program Southern Illinois under key southern-illinois; source label 'SIU Carbondale' is an exact name/display match or conservative abbreviation/punctuation variant with no competing current-program identity. Sources: https://github.com/pollackelliott/college-basketball-history/blob/9738fe4f54b813aad4d2a12344a2c8279c3590ee/data/reference/programs.csv
arizona-state,SIU Carbondale (OT),southern-illinois,Southern Illinois,TRUE,1,1965-1966,1965-1966,RESOLVED,RESOLVED_CURRENT_PROGRAM_REGISTRY_OR_SAFE_VARIANT,,Identity class: HISTORICAL_IDENTITY_RESOLVED_CURRENT_PROGRAM. Global registration: REUSE_CURRENT_MAIN_PROGRAM_EXPECTED. Evidence: Protected-main programs.csv at 9738fe4f54b813aad4d2a12344a2c8279c3590ee identifies current program Southern Illinois under key southern-illinois; source label 'SIU Carbondale' is an exact name/display match or conservative abbreviation/punctuation variant with no competing current-program identity. Sources: https://github.com/pollackelliott/college-basketball-history/blob/9738fe4f54b813aad4d2a12344a2c8279c3590ee/data/reference/programs.csv
arizona-state,So. Illinois,southern-illinois,Southern Illinois,TRUE,1,1967-1968,1967-1968,RESOLVED,RESOLVED_CURRENT_PROGRAM_REGISTRY_OR_SAFE_VARIANT,,Identity class: HISTORICAL_IDENTITY_RESOLVED_CURRENT_PROGRAM. Global registration: REUSE_CURRENT_MAIN_PROGRAM_EXPECTED. Evidence: Protected-main programs.csv at 9738fe4f54b813aad4d2a12344a2c8279c3590ee identifies current program Southern Illinois under key southern-illinois; source label 'So. Illinois' is an exact name/display match or conservative abbreviation/punctuation variant with no competing current-program identity. Sources: https://github.com/pollackelliott/college-basketball-history/blob/9738fe4f54b813aad4d2a12344a2c8279c3590ee/data/reference/programs.csv
arizona-state,Southern Illinois (NIT),southern-illinois,Southern Illinois,TRUE,1,2007-2008,2007-2008,RESOLVED,RESOLVED_CURRENT_PROGRAM_REGISTRY_OR_SAFE_VARIANT,,Identity class: HISTORICAL_IDENTITY_RESOLVED_CURRENT_PROGRAM. Global registration: REUSE_CURRENT_MAIN_PROGRAM_EXPECTED. Evidence: Protected-main programs.csv at 9738fe4f54b813aad4d2a12344a2c8279c3590ee identifies current program Southern Illinois under key southern-illinois; source label 'Southern Illinois' is an exact name/display match or conservative abbreviation/punctuation variant with no competing current-program identity. Sources: https://github.com/pollackelliott/college-basketball-history/blob/9738fe4f54b813aad4d2a12344a2c8279c3590ee/data/reference/programs.csv
arizona-state,Southern Miss (NCAA),southern-miss,Southern Miss,TRUE,1,2011-2012,2011-2012,RESOLVED,RESOLVED_CURRENT_PROGRAM_REGISTRY_OR_SAFE_VARIANT,,Identity class: HISTORICAL_IDENTITY_RESOLVED_CURRENT_PROGRAM. Global registration: REUSE_CURRENT_MAIN_PROGRAM_EXPECTED. Evidence: Protected-main programs.csv at 9738fe4f54b813aad4d2a12344a2c8279c3590ee identifies current program Southern Miss under key southern-miss; source label 'Southern Miss' is an exact name/display match or conservative abbreviation/punctuation variant with no competing current-program identity. Sources: https://github.com/pollackelliott/college-basketball-history/blob/9738fe4f54b813aad4d2a12344a2c8279c3590ee/data/reference/programs.csv
arizona-state,So. Utah,southern-utah,Southern Utah,TRUE,1,1990-1991,1990-1991,RESOLVED,RESOLVED_RESEARCHED_HISTORICAL_ALIAS,,Identity class: HISTORICAL_IDENTITY_RESOLVED_CURRENT_PROGRAM. Global registration: REUSE_CURRENT_MAIN_PROGRAM_EXPECTED. Evidence: Southern Utah institutional history documents the Southern Utah State College / Southern Utah University lineage. The 1990-91 abbreviated ASU label belongs to current Southern Utah. Sources: https://www.suu.edu/about/history.html
arizona-state,So. Utah St.,southern-utah,Southern Utah,TRUE,1,1987-1988,1987-1988,RESOLVED,RESOLVED_RESEARCHED_HISTORICAL_ALIAS,,Identity class: HISTORICAL_IDENTITY_RESOLVED_CURRENT_PROGRAM. Global registration: REUSE_CURRENT_MAIN_PROGRAM_EXPECTED. Evidence: Southern Utah institutional history documents Southern Utah State College as the institution's 1969-1990 name before Southern Utah University. The 1987-88 ASU label therefore normalizes to current Southern Utah. Sources: https://www.suu.edu/about/history.html
arizona-state,Southern Utah,southern-utah,Southern Utah,TRUE,3,1995-1996,2025-2026,RESOLVED,RESOLVED_CURRENT_PROGRAM_REGISTRY_OR_SAFE_VARIANT,,Identity class: HISTORICAL_IDENTITY_RESOLVED_CURRENT_PROGRAM. Global registration: REUSE_CURRENT_MAIN_PROGRAM_EXPECTED. Evidence: Protected-main programs.csv at 9738fe4f54b813aad4d2a12344a2c8279c3590ee identifies current program Southern Utah under key southern-utah; source label 'Southern Utah' is an exact name/display match or conservative abbreviation/punctuation variant with no competing current-program identity. Sources: https://github.com/pollackelliott/college-basketball-history/blob/9738fe4f54b813aad4d2a12344a2c8279c3590ee/data/reference/programs.csv
arizona-state,Southern Utah (NCAA),southern-utah,Southern Utah,TRUE,1,2000-2001,2000-2001,RESOLVED,RESOLVED_CURRENT_PROGRAM_REGISTRY_OR_SAFE_VARIANT,,Identity class: HISTORICAL_IDENTITY_RESOLVED_CURRENT_PROGRAM. Global registration: REUSE_CURRENT_MAIN_PROGRAM_EXPECTED. Evidence: Protected-main programs.csv at 9738fe4f54b813aad4d2a12344a2c8279c3590ee identifies current program Southern Utah under key southern-utah; source label 'Southern Utah' is an exact name/display match or conservative abbreviation/punctuation variant with no competing current-program identity. Sources: https://github.com/pollackelliott/college-basketball-history/blob/9738fe4f54b813aad4d2a12344a2c8279c3590ee/data/reference/programs.csv
arizona-state,South Western (tX),southwestern-texas,Southwestern (Texas),FALSE,1,1948-1949,1948-1949,RESOLVED,RESOLVED_RESEARCHED_HISTORICAL_NON_D1,,"Identity class: HISTORICAL_NONCURRENT_IDENTITY. Global registration: PENDING_CURRENT_MAIN_REBASE_NONCURRENT_IDENTITY. Evidence: Southwestern University in Georgetown, Texas is the distinct Texas collegiate identity corresponding to the source label South Western (TX); institutional history preserves the Southwestern University lineage. Sources: https://www.southwestern.edu/about-southwestern/our-history/"
arizona-state,SW oklahoma St,southwestern-oklahoma-state,Southwestern Oklahoma State,FALSE,1,1938-1939,1938-1939,RESOLVED,RESOLVED_RESEARCHED_HISTORICAL_NON_D1,,Identity class: HISTORICAL_NONCURRENT_IDENTITY. Global registration: PENDING_CURRENT_MAIN_REBASE_NONCURRENT_IDENTITY. Evidence: Literal source label resolves to Southwestern Oklahoma State University; no current-D1 registry identity competes with this historical opponent. Sources: https://www.swosu.edu/
arizona-state,St. Bonaventure,st-bonaventure,St. Bonaventure,TRUE,1,1996-1997,1996-1997,RESOLVED,RESOLVED_CURRENT_PROGRAM_REGISTRY_OR_SAFE_VARIANT,,Identity class: HISTORICAL_IDENTITY_RESOLVED_CURRENT_PROGRAM. Global registration: REUSE_CURRENT_MAIN_PROGRAM_EXPECTED. Evidence: Protected-main programs.csv at 9738fe4f54b813aad4d2a12344a2c8279c3590ee identifies current program St. Bonaventure under key st-bonaventure; source label 'St. Bonaventure' is an exact name/display match or conservative abbreviation/punctuation variant with no competing current-program identity. Sources: https://github.com/pollackelliott/college-basketball-history/blob/9738fe4f54b813aad4d2a12344a2c8279c3590ee/data/reference/programs.csv
arizona-state,St. John's,st-john-s,St. John's,TRUE,3,2017-2018,2019-2020,RESOLVED,RESOLVED_CURRENT_PROGRAM_REGISTRY_OR_SAFE_VARIANT,,Identity class: HISTORICAL_IDENTITY_RESOLVED_CURRENT_PROGRAM. Global registration: REUSE_CURRENT_MAIN_PROGRAM_EXPECTED. Evidence: Protected-main programs.csv at 9738fe4f54b813aad4d2a12344a2c8279c3590ee identifies current program St. John's under key st-john-s; source label 'St. John's' is an exact name/display match or conservative abbreviation/punctuation variant with no competing current-program identity. Sources: https://github.com/pollackelliott/college-basketball-history/blob/9738fe4f54b813aad4d2a12344a2c8279c3590ee/data/reference/programs.csv
arizona-state,St. John’s (NCAA),st-john-s,St. John's,TRUE,1,2010-2011,2010-2011,RESOLVED,RESOLVED_CURRENT_PROGRAM_REGISTRY_OR_SAFE_VARIANT,,Identity class: HISTORICAL_IDENTITY_RESOLVED_CURRENT_PROGRAM. Global registration: REUSE_CURRENT_MAIN_PROGRAM_EXPECTED. Evidence: Protected-main programs.csv at 9738fe4f54b813aad4d2a12344a2c8279c3590ee identifies current program St. John's under key st-john-s; source label 'St. John’s' is an exact name/display match or conservative abbreviation/punctuation variant with no competing current-program identity. Sources: https://github.com/pollackelliott/college-basketball-history/blob/9738fe4f54b813aad4d2a12344a2c8279c3590ee/data/reference/programs.csv
arizona-state,St. Michael’s,st-michael-s-college-santa-fe,St. Michael's College (Santa Fe),FALSE,1,1961-1962,1961-1962,RESOLVED,RESOLVED_RESEARCHED_DISAMBIGUATED_HISTORICAL_NON_D1,,"Identity class: HISTORICAL_NON_D1_IDENTITY_RESOLVED. Global registration: PENDING_CURRENT_MAIN_REBASE_IDENTITY. Evidence: The source label is ambiguous by name alone. Contemporary Southwest schedules distinguish St. Michael's College in Santa Fe, New Mexico as a regional college opponent, while Saint Michael's College (Vermont)'s official 1961-62 all-time results contain no Arizona State game. Grand Canyon-era materials explicitly identify the regional St. Michael's College as Santa Fe. The ASU 1961-62 row is therefore assigned to St. Michael's College (Santa Fe), kept distinct from Saint Michael's College (Vermont). Sources: https://s3.us-east-2.amazonaws.com/sidearm.nextgen.sites/gculopes.com/documents/2020/7/10/1963_64.pdf;https://saintmichael_ftp.sidearmsports.com/custompages/stats/mbkb/histresu.htm"
arizona-state,St. Thomas,st-thomas-minnesota,St. Thomas-Minnesota,TRUE,1,2024-2025,2024-2025,RESOLVED,RESOLVED_CURRENT_PROGRAM_REGISTRY_OR_SAFE_VARIANT,,Identity class: HISTORICAL_IDENTITY_RESOLVED_CURRENT_PROGRAM. Global registration: REUSE_CURRENT_MAIN_PROGRAM_EXPECTED. Evidence: Protected-main programs.csv at 9738fe4f54b813aad4d2a12344a2c8279c3590ee identifies current program St. Thomas under key st-thomas-minnesota; source label 'St. Thomas' is an exact name/display match or conservative abbreviation/punctuation variant with no competing current-program identity. Sources: https://github.com/pollackelliott/college-basketball-history/blob/9738fe4f54b813aad4d2a12344a2c8279c3590ee/data/reference/programs.csv
arizona-state,Stanford,stanford,Stanford,TRUE,57,1957-1958,2023-2024,RESOLVED,RESOLVED_TRANCHE1,,Identity class: CURRENT_PROGRAM_IDENTITY. Global registration: REUSE_CURRENT_MAIN_PROGRAM_EXPECTED. Evidence: Protected-main current program registry/name plus conservative source-label abbreviation normalization; no institution merge based on geography
arizona-state,Stanford (1),stanford,Stanford,TRUE,1,1999-2000,1999-2000,RESOLVED,RESOLVED_TRANCHE1,,Identity class: CURRENT_PROGRAM_IDENTITY. Global registration: REUSE_CURRENT_MAIN_PROGRAM_EXPECTED. Evidence: Protected-main current program registry/name plus conservative source-label abbreviation normalization; no institution merge based on geography
arizona-state,Stanford (1) (NCAA),stanford,Stanford,TRUE,1,2000-2001,2000-2001,RESOLVED,RESOLVED_TRANCHE1,,Identity class: CURRENT_PROGRAM_IDENTITY. Global registration: REUSE_CURRENT_MAIN_PROGRAM_EXPECTED. Evidence: Protected-main current program registry/name plus conservative source-label abbreviation normalization; no institution merge based on geography
arizona-state,Stanford (15),stanford,Stanford,TRUE,1,1994-1995,1994-1995,RESOLVED,RESOLVED_TRANCHE1,,Identity class: CURRENT_PROGRAM_IDENTITY. Global registration: REUSE_CURRENT_MAIN_PROGRAM_EXPECTED. Evidence: Protected-main current program registry/name plus conservative source-label abbreviation normalization; no institution merge based on geography
arizona-state,Stanford (17) (NCAA),stanford,Stanford,TRUE,1,2001-2002,2001-2002,RESOLVED,RESOLVED_TRANCHE1,,Identity class: CURRENT_PROGRAM_IDENTITY. Global registration: REUSE_CURRENT_MAIN_PROGRAM_EXPECTED. Evidence: Protected-main current program registry/name plus conservative source-label abbreviation normalization; no institution merge based on geography
arizona-state,Stanford (18) (NCAA),stanford,Stanford,TRUE,1,2001-2002,2001-2002,RESOLVED,RESOLVED_TRANCHE1,,Identity class: CURRENT_PROGRAM_IDENTITY. Global registration: REUSE_CURRENT_MAIN_PROGRAM_EXPECTED. Evidence: Protected-main current program registry/name plus conservative source-label abbreviation normalization; no institution merge based on geography
arizona-state,Stanford (19) (NCAA),stanford,Stanford,TRUE,1,2002-2003,2002-2003,RESOLVED,RESOLVED_TRANCHE1,,Identity class: CURRENT_PROGRAM_IDENTITY. Global registration: REUSE_CURRENT_MAIN_PROGRAM_EXPECTED. Evidence: Protected-main current program registry/name plus conservative source-label abbreviation normalization; no institution merge based on geography
arizona-state,Stanford (2),stanford,Stanford,TRUE,1,1999-2000,1999-2000,RESOLVED,RESOLVED_TRANCHE1,,Identity class: CURRENT_PROGRAM_IDENTITY. Global registration: REUSE_CURRENT_MAIN_PROGRAM_EXPECTED. Evidence: Protected-main current program registry/name plus conservative source-label abbreviation normalization; no institution merge based on geography
arizona-state,Stanford (2) (NCAA),stanford,Stanford,TRUE,2,2000-2001,2003-2004,RESOLVED,RESOLVED_TRANCHE1,,Identity class: CURRENT_PROGRAM_IDENTITY. Global registration: REUSE_CURRENT_MAIN_PROGRAM_EXPECTED. Evidence: Protected-main current program registry/name plus conservative source-label abbreviation normalization; no institution merge based on geography
arizona-state,Stanford (20),stanford,Stanford,TRUE,1,1988-1989,1988-1989,RESOLVED,RESOLVED_TRANCHE1,,Identity class: CURRENT_PROGRAM_IDENTITY. Global registration: REUSE_CURRENT_MAIN_PROGRAM_EXPECTED. Evidence: Protected-main current program registry/name plus conservative source-label abbreviation normalization; no institution merge based on geography
arizona-state,Stanford (21),stanford,Stanford,TRUE,1,1996-1997,1996-1997,RESOLVED,RESOLVED_TRANCHE1,,Identity class: CURRENT_PROGRAM_IDENTITY. Global registration: REUSE_CURRENT_MAIN_PROGRAM_EXPECTED. Evidence: Protected-main current program registry/name plus conservative source-label abbreviation normalization; no institution merge based on geography
arizona-state,Stanford (23),stanford,Stanford,TRUE,1,1996-1997,1996-1997,RESOLVED,RESOLVED_TRANCHE1,,Identity class: CURRENT_PROGRAM_IDENTITY. Global registration: REUSE_CURRENT_MAIN_PROGRAM_EXPECTED. Evidence: Protected-main current program registry/name plus conservative source-label abbreviation normalization; no institution merge based on geography
arizona-state,Stanford (3),stanford,Stanford,TRUE,1,1998-1999,1998-1999,RESOLVED,RESOLVED_TRANCHE1,,Identity class: CURRENT_PROGRAM_IDENTITY. Global registration: REUSE_CURRENT_MAIN_PROGRAM_EXPECTED. Evidence: Protected-main current program registry/name plus conservative source-label abbreviation normalization; no institution merge based on geography
arizona-state,Stanford (4) (NCAA),stanford,Stanford,TRUE,1,2003-2004,2003-2004,RESOLVED,RESOLVED_TRANCHE1,,Identity class: CURRENT_PROGRAM_IDENTITY. Global registration: REUSE_CURRENT_MAIN_PROGRAM_EXPECTED. Evidence: Protected-main current program registry/name plus conservative source-label abbreviation normalization; no institution merge based on geography
arizona-state,Stanford (4) (OT),stanford,Stanford,TRUE,1,1997-1998,1997-1998,RESOLVED,RESOLVED_TRANCHE1,,Identity class: CURRENT_PROGRAM_IDENTITY. Global registration: REUSE_CURRENT_MAIN_PROGRAM_EXPECTED. Evidence: Protected-main current program registry/name plus conservative source-label abbreviation normalization; no institution merge based on geography
arizona-state,Stanford (6) (OT),stanford,Stanford,TRUE,1,1998-1999,1998-1999,RESOLVED,RESOLVED_TRANCHE1,,Identity class: CURRENT_PROGRAM_IDENTITY. Global registration: REUSE_CURRENT_MAIN_PROGRAM_EXPECTED. Evidence: Protected-main current program registry/name plus conservative source-label abbreviation normalization; no institution merge based on geography
arizona-state,Stanford (7) (OT) (NCAA),stanford,Stanford,TRUE,1,2007-2008,2007-2008,RESOLVED,RESOLVED_TRANCHE1,,Identity class: CURRENT_PROGRAM_IDENTITY. Global registration: REUSE_CURRENT_MAIN_PROGRAM_EXPECTED. Evidence: Protected-main current program registry/name plus conservative source-label abbreviation normalization; no institution merge based on geography
arizona-state,Stanford (8),stanford,Stanford,TRUE,1,1997-1998,1997-1998,RESOLVED,RESOLVED_TRANCHE1,,Identity class: CURRENT_PROGRAM_IDENTITY. Global registration: REUSE_CURRENT_MAIN_PROGRAM_EXPECTED. Evidence: Protected-main current program registry/name plus conservative source-label abbreviation normalization; no institution merge based on geography
arizona-state,Stanford (CBI),stanford,Stanford,TRUE,2,2008-2009,2008-2009,RESOLVED,RESOLVED_TRANCHE1,,Identity class: CURRENT_PROGRAM_IDENTITY. Global registration: REUSE_CURRENT_MAIN_PROGRAM_EXPECTED. Evidence: Protected-main current program registry/name plus conservative source-label abbreviation normalization; no institution merge based on geography
arizona-state,Stanford (NCAA),stanford,Stanford,TRUE,9,2002-2003,2013-2014,RESOLVED,RESOLVED_TRANCHE1,,Identity class: CURRENT_PROGRAM_IDENTITY. Global registration: REUSE_CURRENT_MAIN_PROGRAM_EXPECTED. Evidence: Protected-main current program registry/name plus conservative source-label abbreviation normalization; no institution merge based on geography
arizona-state,Stanford (NIT),stanford,Stanford,TRUE,7,2005-2006,2014-2015,RESOLVED,RESOLVED_TRANCHE1,,Identity class: CURRENT_PROGRAM_IDENTITY. Global registration: REUSE_CURRENT_MAIN_PROGRAM_EXPECTED. Evidence: Protected-main current program registry/name plus conservative source-label abbreviation normalization; no institution merge based on geography
arizona-state,Stanford (OT),stanford,Stanford,TRUE,4,1982-1983,2016-2017,RESOLVED,RESOLVED_TRANCHE1,,Identity class: CURRENT_PROGRAM_IDENTITY. Global registration: REUSE_CURRENT_MAIN_PROGRAM_EXPECTED. Evidence: Protected-main current program registry/name plus conservative source-label abbreviation normalization; no institution merge based on geography
arizona-state,Stanford (OT) (NIT,stanford,Stanford,TRUE,1,2012-2013,2012-2013,RESOLVED,RESOLVED_TRANCHE1,,Identity class: CURRENT_PROGRAM_IDENTITY. Global registration: REUSE_CURRENT_MAIN_PROGRAM_EXPECTED. Evidence: Protected-main current program registry/name plus conservative source-label abbreviation normalization; no institution merge based on geography
arizona-state,Stephen F. Austin,stephen-f-austin,Stephen F. Austin,TRUE,2,1998-1999,2001-2002,RESOLVED,RESOLVED_CURRENT_PROGRAM_REGISTRY_OR_SAFE_VARIANT,,Identity class: HISTORICAL_IDENTITY_RESOLVED_CURRENT_PROGRAM. Global registration: REUSE_CURRENT_MAIN_PROGRAM_EXPECTED. Evidence: Protected-main programs.csv at 9738fe4f54b813aad4d2a12344a2c8279c3590ee identifies current program Stephen F. Austin under key stephen-f-austin; source label 'Stephen F. Austin' is an exact name/display match or conservative abbreviation/punctuation variant with no competing current-program identity. Sources: https://github.com/pollackelliott/college-basketball-history/blob/9738fe4f54b813aad4d2a12344a2c8279c3590ee/data/reference/programs.csv
arizona-state,Stephen F. Austin (NCAA),stephen-f-austin,Stephen F. Austin,TRUE,1,2015-2016,2015-2016,RESOLVED,RESOLVED_CURRENT_PROGRAM_REGISTRY_OR_SAFE_VARIANT,,Identity class: HISTORICAL_IDENTITY_RESOLVED_CURRENT_PROGRAM. Global registration: REUSE_CURRENT_MAIN_PROGRAM_EXPECTED. Evidence: Protected-main programs.csv at 9738fe4f54b813aad4d2a12344a2c8279c3590ee identifies current program Stephen F. Austin under key stephen-f-austin; source label 'Stephen F. Austin' is an exact name/display match or conservative abbreviation/punctuation variant with no competing current-program identity. Sources: https://github.com/pollackelliott/college-basketball-history/blob/9738fe4f54b813aad4d2a12344a2c8279c3590ee/data/reference/programs.csv
arizona-state,Syracuse,syracuse,Syracuse,TRUE,3,1968-1969,2021-2022,RESOLVED,RESOLVED_CURRENT_PROGRAM_REGISTRY_OR_SAFE_VARIANT,,Identity class: HISTORICAL_IDENTITY_RESOLVED_CURRENT_PROGRAM. Global registration: REUSE_CURRENT_MAIN_PROGRAM_EXPECTED. Evidence: Protected-main programs.csv at 9738fe4f54b813aad4d2a12344a2c8279c3590ee identifies current program Syracuse under key syracuse; source label 'Syracuse' is an exact name/display match or conservative abbreviation/punctuation variant with no competing current-program identity. Sources: https://github.com/pollackelliott/college-basketball-history/blob/9738fe4f54b813aad4d2a12344a2c8279c3590ee/data/reference/programs.csv
arizona-state,Syracuse (13) (NCAA),syracuse,Syracuse,TRUE,1,2008-2009,2008-2009,RESOLVED,RESOLVED_CURRENT_PROGRAM_REGISTRY_OR_SAFE_VARIANT,,Identity class: HISTORICAL_IDENTITY_RESOLVED_CURRENT_PROGRAM. Global registration: REUSE_CURRENT_MAIN_PROGRAM_EXPECTED. Evidence: Protected-main programs.csv at 9738fe4f54b813aad4d2a12344a2c8279c3590ee identifies current program Syracuse under key syracuse; source label 'Syracuse' is an exact name/display match or conservative abbreviation/punctuation variant with no competing current-program identity. Sources: https://github.com/pollackelliott/college-basketball-history/blob/9738fe4f54b813aad4d2a12344a2c8279c3590ee/data/reference/programs.csv
arizona-state,Tarleton State,tarleton-state,Tarleton State,TRUE,1,2022-2023,2022-2023,RESOLVED,RESOLVED_CURRENT_PROGRAM_REGISTRY_OR_SAFE_VARIANT,,Identity class: HISTORICAL_IDENTITY_RESOLVED_CURRENT_PROGRAM. Global registration: REUSE_CURRENT_MAIN_PROGRAM_EXPECTED. Evidence: Protected-main programs.csv at 9738fe4f54b813aad4d2a12344a2c8279c3590ee identifies current program Tarleton State under key tarleton-state; source label 'Tarleton State' is an exact name/display match or conservative abbreviation/punctuation variant with no competing current-program identity. Sources: https://github.com/pollackelliott/college-basketball-history/blob/9738fe4f54b813aad4d2a12344a2c8279c3590ee/data/reference/programs.csv
arizona-state,TCU,tcu,TCU,TRUE,5,2009-2010,2025-2026,RESOLVED,RESOLVED_CURRENT_PROGRAM_REGISTRY_OR_SAFE_VARIANT,,Identity class: HISTORICAL_IDENTITY_RESOLVED_CURRENT_PROGRAM. Global registration: REUSE_CURRENT_MAIN_PROGRAM_EXPECTED. Evidence: Protected-main programs.csv at 9738fe4f54b813aad4d2a12344a2c8279c3590ee identifies current program TCU under key tcu; source label 'TCU' is an exact name/display match or conservative abbreviation/punctuation variant with no competing current-program identity. Sources: https://github.com/pollackelliott/college-basketball-history/blob/9738fe4f54b813aad4d2a12344a2c8279c3590ee/data/reference/programs.csv
arizona-state,Texas Christian,tcu,TCU,TRUE,3,1982-1983,1986-1987,RESOLVED,RESOLVED_CURRENT_PROGRAM_REGISTRY_OR_SAFE_VARIANT,,Identity class: HISTORICAL_IDENTITY_RESOLVED_CURRENT_PROGRAM. Global registration: REUSE_CURRENT_MAIN_PROGRAM_EXPECTED. Evidence: Protected-main programs.csv at 9738fe4f54b813aad4d2a12344a2c8279c3590ee identifies current program TCU under key tcu; source label 'Texas Christian' is an exact name/display match or conservative abbreviation/punctuation variant with no competing current-program identity. Sources: https://github.com/pollackelliott/college-basketball-history/blob/9738fe4f54b813aad4d2a12344a2c8279c3590ee/data/reference/programs.csv
arizona-state,Tempe High,tempe-high-school,Tempe High School,FALSE,1,1918-1919,1918-1919,RESOLVED,RESOLVED_LITERAL_HISTORICAL_NON_D1,,Identity class: HISTORICAL_SCHOLASTIC_IDENTITY_RESOLVED. Global registration: PENDING_CURRENT_MAIN_REBASE_IDENTITY. Evidence: Literal source label identifies Tempe High School; kept outside collegiate/current-D1 identity space. Sources: https://github.com/pollackelliott/college-basketball-history/blob/9738fe4f54b813aad4d2a12344a2c8279c3590ee/data/reference/programs.csv
arizona-state,Tempe HS,tempe-high-school,Tempe High School,FALSE,1,1912-1913,1912-1913,RESOLVED,RESOLVED_LITERAL_HISTORICAL_NON_D1,,Identity class: HISTORICAL_SCHOLASTIC_IDENTITY_RESOLVED. Global registration: PENDING_CURRENT_MAIN_REBASE_IDENTITY. Evidence: Literal source label identifies Tempe High School; kept outside collegiate/current-D1 identity space. Sources: https://github.com/pollackelliott/college-basketball-history/blob/9738fe4f54b813aad4d2a12344a2c8279c3590ee/data/reference/programs.csv
arizona-state,Temple,temple,Temple,TRUE,3,1966-1967,1976-1977,RESOLVED,RESOLVED_TRANCHE1,,Identity class: CURRENT_PROGRAM_IDENTITY. Global registration: REUSE_CURRENT_MAIN_PROGRAM_EXPECTED. Evidence: Protected-main current program registry/name plus conservative source-label abbreviation normalization; no institution merge based on geography
arizona-state,Temple (NCAA),temple,Temple,TRUE,1,2008-2009,2008-2009,RESOLVED,RESOLVED_TRANCHE1,,Identity class: CURRENT_PROGRAM_IDENTITY. Global registration: REUSE_CURRENT_MAIN_PROGRAM_EXPECTED. Evidence: Protected-main current program registry/name plus conservative source-label abbreviation normalization; no institution merge based on geography
arizona-state,Temple (NIT),temple,Temple,TRUE,2,2003-2004,2004-2005,RESOLVED,RESOLVED_TRANCHE1,,Identity class: CURRENT_PROGRAM_IDENTITY. Global registration: REUSE_CURRENT_MAIN_PROGRAM_EXPECTED. Evidence: Protected-main current program registry/name plus conservative source-label abbreviation normalization; no institution merge based on geography
arizona-state,Tennessee,tennessee,Tennessee,TRUE,3,1953-1954,1980-1981,RESOLVED,RESOLVED_CURRENT_PROGRAM_REGISTRY_OR_SAFE_VARIANT,,Identity class: HISTORICAL_IDENTITY_RESOLVED_CURRENT_PROGRAM. Global registration: REUSE_CURRENT_MAIN_PROGRAM_EXPECTED. Evidence: Protected-main programs.csv at 9738fe4f54b813aad4d2a12344a2c8279c3590ee identifies current program Tennessee under key tennessee; source label 'Tennessee' is an exact name/display match or conservative abbreviation/punctuation variant with no competing current-program identity. Sources: https://github.com/pollackelliott/college-basketball-history/blob/9738fe4f54b813aad4d2a12344a2c8279c3590ee/data/reference/programs.csv
arizona-state,Texas,texas,Texas,TRUE,4,1966-1967,2025-2026,RESOLVED,RESOLVED_TRANCHE1,,Identity class: CURRENT_PROGRAM_IDENTITY. Global registration: REUSE_CURRENT_MAIN_PROGRAM_EXPECTED. Evidence: Protected-main current program registry/name plus conservative source-label abbreviation normalization; no institution merge based on geography
arizona-state,Texas (20),texas,Texas,TRUE,1,1999-2000,1999-2000,RESOLVED,RESOLVED_TRANCHE1,,Identity class: CURRENT_PROGRAM_IDENTITY. Global registration: REUSE_CURRENT_MAIN_PROGRAM_EXPECTED. Evidence: Protected-main current program registry/name plus conservative source-label abbreviation normalization; no institution merge based on geography
arizona-state,Texas (NCAA),texas,Texas,TRUE,1,2013-2014,2013-2014,RESOLVED,RESOLVED_TRANCHE1,,Identity class: CURRENT_PROGRAM_IDENTITY. Global registration: REUSE_CURRENT_MAIN_PROGRAM_EXPECTED. Evidence: Protected-main current program registry/name plus conservative source-label abbreviation normalization; no institution merge based on geography
arizona-state,Texas A & M,texas-a-m,Texas A&M,TRUE,2,1994-1995,1997-1998,RESOLVED,RESOLVED_CURRENT_PROGRAM_REGISTRY_OR_SAFE_VARIANT,,Identity class: HISTORICAL_IDENTITY_RESOLVED_CURRENT_PROGRAM. Global registration: REUSE_CURRENT_MAIN_PROGRAM_EXPECTED. Evidence: Protected-main programs.csv at 9738fe4f54b813aad4d2a12344a2c8279c3590ee identifies current program Texas A&M under key texas-a-m; source label 'Texas A & M' is an exact name/display match or conservative abbreviation/punctuation variant with no competing current-program identity. Sources: https://github.com/pollackelliott/college-basketball-history/blob/9738fe4f54b813aad4d2a12344a2c8279c3590ee/data/reference/programs.csv
arizona-state,Texas A & M (3OT),texas-a-m,Texas A&M,TRUE,1,1998-1999,1998-1999,RESOLVED,RESOLVED_CURRENT_PROGRAM_REGISTRY_OR_SAFE_VARIANT,,Identity class: HISTORICAL_IDENTITY_RESOLVED_CURRENT_PROGRAM. Global registration: REUSE_CURRENT_MAIN_PROGRAM_EXPECTED. Evidence: Protected-main programs.csv at 9738fe4f54b813aad4d2a12344a2c8279c3590ee identifies current program Texas A&M under key texas-a-m; source label 'Texas A & M' is an exact name/display match or conservative abbreviation/punctuation variant with no competing current-program identity. Sources: https://github.com/pollackelliott/college-basketball-history/blob/9738fe4f54b813aad4d2a12344a2c8279c3590ee/data/reference/programs.csv
arizona-state,Texas A&M,texas-a-m,Texas A&M,TRUE,1,1987-1988,1987-1988,RESOLVED,RESOLVED_CURRENT_PROGRAM_REGISTRY_OR_SAFE_VARIANT,,Identity class: HISTORICAL_IDENTITY_RESOLVED_CURRENT_PROGRAM. Global registration: REUSE_CURRENT_MAIN_PROGRAM_EXPECTED. Evidence: Protected-main programs.csv at 9738fe4f54b813aad4d2a12344a2c8279c3590ee identifies current program Texas A&M under key texas-a-m; source label 'Texas A&M' is an exact name/display match or conservative abbreviation/punctuation variant with no competing current-program identity. Sources: https://github.com/pollackelliott/college-basketball-history/blob/9738fe4f54b813aad4d2a12344a2c8279c3590ee/data/reference/programs.csv
arizona-state,Texas A&M (NCAA) (18),texas-a-m,Texas A&M,TRUE,1,2015-2016,2015-2016,RESOLVED,RESOLVED_CURRENT_PROGRAM_REGISTRY_OR_SAFE_VARIANT,,Identity class: HISTORICAL_IDENTITY_RESOLVED_CURRENT_PROGRAM. Global registration: REUSE_CURRENT_MAIN_PROGRAM_EXPECTED. Evidence: Protected-main programs.csv at 9738fe4f54b813aad4d2a12344a2c8279c3590ee identifies current program Texas A&M under key texas-a-m; source label 'Texas A&M' is an exact name/display match or conservative abbreviation/punctuation variant with no competing current-program identity. Sources: https://github.com/pollackelliott/college-basketball-history/blob/9738fe4f54b813aad4d2a12344a2c8279c3590ee/data/reference/programs.csv
arizona-state,Texas A&M (NIT),texas-a-m,Texas A&M,TRUE,1,2014-2015,2014-2015,RESOLVED,RESOLVED_CURRENT_PROGRAM_REGISTRY_OR_SAFE_VARIANT,,Identity class: HISTORICAL_IDENTITY_RESOLVED_CURRENT_PROGRAM. Global registration: REUSE_CURRENT_MAIN_PROGRAM_EXPECTED. Evidence: Protected-main programs.csv at 9738fe4f54b813aad4d2a12344a2c8279c3590ee identifies current program Texas A&M under key texas-a-m; source label 'Texas A&M' is an exact name/display match or conservative abbreviation/punctuation variant with no competing current-program identity. Sources: https://github.com/pollackelliott/college-basketball-history/blob/9738fe4f54b813aad4d2a12344a2c8279c3590ee/data/reference/programs.csv
arizona-state,Texas Southern,texas-southern,Texas Southern,TRUE,5,1995-1996,2023-2024,RESOLVED,RESOLVED_CURRENT_PROGRAM_REGISTRY_OR_SAFE_VARIANT,,Identity class: HISTORICAL_IDENTITY_RESOLVED_CURRENT_PROGRAM. Global registration: REUSE_CURRENT_MAIN_PROGRAM_EXPECTED. Evidence: Protected-main programs.csv at 9738fe4f54b813aad4d2a12344a2c8279c3590ee identifies current program Texas Southern under key texas-southern; source label 'Texas Southern' is an exact name/display match or conservative abbreviation/punctuation variant with no competing current-program identity. Sources: https://github.com/pollackelliott/college-basketball-history/blob/9738fe4f54b813aad4d2a12344a2c8279c3590ee/data/reference/programs.csv
arizona-state,Texas State,texas-state,Texas State,TRUE,1,2009-2010,2009-2010,RESOLVED,RESOLVED_CURRENT_PROGRAM_REGISTRY_OR_SAFE_VARIANT,,Identity class: HISTORICAL_IDENTITY_RESOLVED_CURRENT_PROGRAM. Global registration: REUSE_CURRENT_MAIN_PROGRAM_EXPECTED. Evidence: Protected-main programs.csv at 9738fe4f54b813aad4d2a12344a2c8279c3590ee identifies current program Texas State under key texas-state; source label 'Texas State' is an exact name/display match or conservative abbreviation/punctuation variant with no competing current-program identity. Sources: https://github.com/pollackelliott/college-basketball-history/blob/9738fe4f54b813aad4d2a12344a2c8279c3590ee/data/reference/programs.csv
arizona-state,Texas Tech,texas-tech,Texas Tech,TRUE,33,1933-1934,2025-2026,RESOLVED,RESOLVED_CURRENT_PROGRAM_REGISTRY_OR_SAFE_VARIANT | RESOLVED_FROM_STAGE1_ACCEPTED_IDENTITY | RESOLVED_TRANCHE1,,Identity class: HISTORICAL_IDENTITY_RESOLVED | CURRENT_PROGRAM_IDENTITY. Global registration: REUSE_CURRENT_MAIN_PROGRAM_EXPECTED. Evidence: Batch 33 accepted Stage 1 opponent identity; Stage 2 preserves rather than re-researches the row || Protected-main current program registry/name plus conservative source-label abbreviation normalization; no institution merge based on geography || Protected-main programs.csv at 9738fe4f54b813aad4d2a12344a2c8279c3590ee identifies the current program; source label is an exact or conservative case/punctuation/abbreviation variant with no competing current-program identity. Sources: https://github.com/pollackelliott/college-basketball-history/blob/9738fe4f54b813aad4d2a12344a2c8279c3590ee/data/reference/programs.csv
arizona-state,texas tech,texas-tech,Texas Tech,TRUE,12,1938-1939,1949-1950,RESOLVED,RESOLVED_CURRENT_PROGRAM_REGISTRY_OR_SAFE_VARIANT,,Identity class: CURRENT_PROGRAM_IDENTITY. Global registration: REUSE_CURRENT_MAIN_PROGRAM_EXPECTED. Evidence: Protected-main programs.csv at 9738fe4f54b813aad4d2a12344a2c8279c3590ee identifies the current program; source label is an exact or conservative case/punctuation/abbreviation variant with no competing current-program identity. Sources: https://github.com/pollackelliott/college-basketball-history/blob/9738fe4f54b813aad4d2a12344a2c8279c3590ee/data/reference/programs.csv
arizona-state,Texas Tech (OT),texas-tech,Texas Tech,TRUE,1,1982-1983,1982-1983,RESOLVED,RESOLVED_TRANCHE1,,Identity class: CURRENT_PROGRAM_IDENTITY. Global registration: REUSE_CURRENT_MAIN_PROGRAM_EXPECTED. Evidence: Protected-main current program registry/name plus conservative source-label abbreviation normalization; no institution merge based on geography
arizona-state,texas Wesleyan,texas-wesleyan,Texas Wesleyan,FALSE,1,1938-1939,1938-1939,RESOLVED,RESOLVED_LITERAL_HISTORICAL_NON_D1,,Identity class: HISTORICAL_NONCURRENT_IDENTITY. Global registration: PENDING_CURRENT_MAIN_REBASE_NONCURRENT_IDENTITY. Evidence: Literal source label uniquely identifies Texas Wesleyan University and does not conceal a current-D1 program. Sources: https://github.com/pollackelliott/college-basketball-history/blob/9738fe4f54b813aad4d2a12344a2c8279c3590ee/data/reference/programs.csv
arizona-state,Citadel,the-citadel,The Citadel,TRUE,1,2016-2017,2016-2017,RESOLVED,RESOLVED_CURRENT_PROGRAM_REGISTRY_OR_SAFE_VARIANT,,Identity class: HISTORICAL_IDENTITY_RESOLVED_CURRENT_PROGRAM. Global registration: REUSE_CURRENT_MAIN_PROGRAM_EXPECTED. Evidence: Protected-main programs.csv at 9738fe4f54b813aad4d2a12344a2c8279c3590ee identifies current program The Citadel under key the-citadel; source label 'Citadel' is an exact name/display match or conservative abbreviation/punctuation variant with no competing current-program identity. Sources: https://github.com/pollackelliott/college-basketball-history/blob/9738fe4f54b813aad4d2a12344a2c8279c3590ee/data/reference/programs.csv
arizona-state,Toledo,toledo,Toledo,TRUE,3,1973-1974,1984-1985,RESOLVED,RESOLVED_CURRENT_PROGRAM_REGISTRY_OR_SAFE_VARIANT,,Identity class: HISTORICAL_IDENTITY_RESOLVED_CURRENT_PROGRAM. Global registration: REUSE_CURRENT_MAIN_PROGRAM_EXPECTED. Evidence: Protected-main programs.csv at 9738fe4f54b813aad4d2a12344a2c8279c3590ee identifies current program Toledo under key toledo; source label 'Toledo' is an exact name/display match or conservative abbreviation/punctuation variant with no competing current-program identity. Sources: https://github.com/pollackelliott/college-basketball-history/blob/9738fe4f54b813aad4d2a12344a2c8279c3590ee/data/reference/programs.csv
arizona-state,toledo,toledo,Toledo,TRUE,1,1949-1950,1949-1950,RESOLVED,RESOLVED_CURRENT_PROGRAM_REGISTRY_OR_SAFE_VARIANT,,Identity class: CURRENT_PROGRAM_IDENTITY. Global registration: REUSE_CURRENT_MAIN_PROGRAM_EXPECTED. Evidence: Protected-main programs.csv at 9738fe4f54b813aad4d2a12344a2c8279c3590ee identifies the current program; source label is an exact or conservative case/punctuation/abbreviation variant with no competing current-program identity. Sources: https://github.com/pollackelliott/college-basketball-history/blob/9738fe4f54b813aad4d2a12344a2c8279c3590ee/data/reference/programs.csv
arizona-state,N.E.Missouri St. (t),truman-state,Truman State,FALSE,1,1947-1948,1947-1948,RESOLVED,RESOLVED_RESEARCHED_HISTORICAL_ALIAS_NON_D1,,Identity class: HISTORICAL_NONCURRENT_IDENTITY. Global registration: PENDING_CURRENT_MAIN_REBASE_NONCURRENT_IDENTITY. Evidence: Truman State official history documents the Northeast Missouri State Teachers College lineage beginning in 1919 and later Northeast Missouri State College/University. Sources: https://www.truman.edu/about/history/
arizona-state,Tulane,tulane,Tulane,TRUE,2,1973-1974,2016-2017,RESOLVED,RESOLVED_CURRENT_PROGRAM_REGISTRY_OR_SAFE_VARIANT,,Identity class: HISTORICAL_IDENTITY_RESOLVED_CURRENT_PROGRAM. Global registration: REUSE_CURRENT_MAIN_PROGRAM_EXPECTED. Evidence: Protected-main programs.csv at 9738fe4f54b813aad4d2a12344a2c8279c3590ee identifies current program Tulane under key tulane; source label 'Tulane' is an exact name/display match or conservative abbreviation/punctuation variant with no competing current-program identity. Sources: https://github.com/pollackelliott/college-basketball-history/blob/9738fe4f54b813aad4d2a12344a2c8279c3590ee/data/reference/programs.csv
arizona-state,Tulsa,tulsa,Tulsa,TRUE,3,1958-1959,2011-2012,RESOLVED,RESOLVED_CURRENT_PROGRAM_REGISTRY_OR_SAFE_VARIANT,,Identity class: HISTORICAL_IDENTITY_RESOLVED_CURRENT_PROGRAM. Global registration: REUSE_CURRENT_MAIN_PROGRAM_EXPECTED. Evidence: Protected-main programs.csv at 9738fe4f54b813aad4d2a12344a2c8279c3590ee identifies current program Tulsa under key tulsa; source label 'Tulsa' is an exact name/display match or conservative abbreviation/punctuation variant with no competing current-program identity. Sources: https://github.com/pollackelliott/college-basketball-history/blob/9738fe4f54b813aad4d2a12344a2c8279c3590ee/data/reference/programs.csv
arizona-state,Tulsa (NIT),tulsa,Tulsa,TRUE,1,2000-2001,2000-2001,RESOLVED,RESOLVED_CURRENT_PROGRAM_REGISTRY_OR_SAFE_VARIANT,,Identity class: HISTORICAL_IDENTITY_RESOLVED_CURRENT_PROGRAM. Global registration: REUSE_CURRENT_MAIN_PROGRAM_EXPECTED. Evidence: Protected-main programs.csv at 9738fe4f54b813aad4d2a12344a2c8279c3590ee identifies current program Tulsa under key tulsa; source label 'Tulsa' is an exact name/display match or conservative abbreviation/punctuation variant with no competing current-program identity. Sources: https://github.com/pollackelliott/college-basketball-history/blob/9738fe4f54b813aad4d2a12344a2c8279c3590ee/data/reference/programs.csv
arizona-state,U.S. Marines,u-s-marines,U.S. Marines,FALSE,1,1942-1943,1942-1943,RESOLVED,RESOLVED_CONSERVATIVE_HISTORICAL_SERVICE_IDENTITY,,Identity class: HISTORICAL_SERVICE_IDENTITY_RESOLVED. Global registration: PENDING_CURRENT_MAIN_REBASE_IDENTITY. Evidence: Literal source label uniquely distinguishes this military/service opponent. Exact unit genealogy is not supported strongly enough to refine further and would not materially affect canonical identity. Sources: https://github.com/pollackelliott/college-basketball-history/blob/9738fe4f54b813aad4d2a12344a2c8279c3590ee/data/reference/programs.csv
arizona-state,UAB (NCAA),uab,UAB,TRUE,1,2010-2011,2010-2011,RESOLVED,RESOLVED_CURRENT_PROGRAM_REGISTRY_OR_SAFE_VARIANT,,Identity class: HISTORICAL_IDENTITY_RESOLVED_CURRENT_PROGRAM. Global registration: REUSE_CURRENT_MAIN_PROGRAM_EXPECTED. Evidence: Protected-main programs.csv at 9738fe4f54b813aad4d2a12344a2c8279c3590ee identifies current program UAB under key uab; source label 'UAB' is an exact name/display match or conservative abbreviation/punctuation variant with no competing current-program identity. Sources: https://github.com/pollackelliott/college-basketball-history/blob/9738fe4f54b813aad4d2a12344a2c8279c3590ee/data/reference/programs.csv
arizona-state,Cal-Irvine,uc-irvine,UC Irvine,TRUE,1,1981-1982,1981-1982,RESOLVED,RESOLVED_CURRENT_PROGRAM_REGISTRY_OR_SAFE_VARIANT,,Identity class: HISTORICAL_IDENTITY_RESOLVED_CURRENT_PROGRAM. Global registration: REUSE_CURRENT_MAIN_PROGRAM_EXPECTED. Evidence: Protected-main programs.csv at 9738fe4f54b813aad4d2a12344a2c8279c3590ee identifies current program UC Irvine under key uc-irvine; source label 'Cal-Irvine' is an exact name/display match or conservative abbreviation/punctuation variant with no competing current-program identity. Sources: https://github.com/pollackelliott/college-basketball-history/blob/9738fe4f54b813aad4d2a12344a2c8279c3590ee/data/reference/programs.csv
arizona-state,UC Irvine,uc-irvine,UC Irvine,TRUE,2,1994-1995,2017-2018,RESOLVED,RESOLVED_CURRENT_PROGRAM_REGISTRY_OR_SAFE_VARIANT,,Identity class: HISTORICAL_IDENTITY_RESOLVED_CURRENT_PROGRAM. Global registration: REUSE_CURRENT_MAIN_PROGRAM_EXPECTED. Evidence: Protected-main programs.csv at 9738fe4f54b813aad4d2a12344a2c8279c3590ee identifies current program UC Irvine under key uc-irvine; source label 'UC Irvine' is an exact name/display match or conservative abbreviation/punctuation variant with no competing current-program identity. Sources: https://github.com/pollackelliott/college-basketball-history/blob/9738fe4f54b813aad4d2a12344a2c8279c3590ee/data/reference/programs.csv
arizona-state,UC Irvine (NIT),uc-irvine,UC Irvine,TRUE,1,2013-2014,2013-2014,RESOLVED,RESOLVED_CURRENT_PROGRAM_REGISTRY_OR_SAFE_VARIANT,,Identity class: HISTORICAL_IDENTITY_RESOLVED_CURRENT_PROGRAM. Global registration: REUSE_CURRENT_MAIN_PROGRAM_EXPECTED. Evidence: Protected-main programs.csv at 9738fe4f54b813aad4d2a12344a2c8279c3590ee identifies current program UC Irvine under key uc-irvine; source label 'UC Irvine' is an exact name/display match or conservative abbreviation/punctuation variant with no competing current-program identity. Sources: https://github.com/pollackelliott/college-basketball-history/blob/9738fe4f54b813aad4d2a12344a2c8279c3590ee/data/reference/programs.csv
arizona-state,UC Riverside,uc-riverside,UC Riverside,TRUE,4,2001-2002,2021-2022,RESOLVED,RESOLVED_CURRENT_PROGRAM_REGISTRY_OR_SAFE_VARIANT,,Identity class: HISTORICAL_IDENTITY_RESOLVED_CURRENT_PROGRAM. Global registration: REUSE_CURRENT_MAIN_PROGRAM_EXPECTED. Evidence: Protected-main programs.csv at 9738fe4f54b813aad4d2a12344a2c8279c3590ee identifies current program UC Riverside under key uc-riverside; source label 'UC Riverside' is an exact name/display match or conservative abbreviation/punctuation variant with no competing current-program identity. Sources: https://github.com/pollackelliott/college-basketball-history/blob/9738fe4f54b813aad4d2a12344a2c8279c3590ee/data/reference/programs.csv
arizona-state,UC-Riverside,uc-riverside,UC Riverside,TRUE,1,1971-1972,1971-1972,RESOLVED,RESOLVED_CURRENT_PROGRAM_REGISTRY_OR_SAFE_VARIANT,,Identity class: HISTORICAL_IDENTITY_RESOLVED_CURRENT_PROGRAM. Global registration: REUSE_CURRENT_MAIN_PROGRAM_EXPECTED. Evidence: Protected-main programs.csv at 9738fe4f54b813aad4d2a12344a2c8279c3590ee identifies current program UC Riverside under key uc-riverside; source label 'UC-Riverside' is an exact name/display match or conservative abbreviation/punctuation variant with no competing current-program identity. Sources: https://github.com/pollackelliott/college-basketball-history/blob/9738fe4f54b813aad4d2a12344a2c8279c3590ee/data/reference/programs.csv
arizona-state,Santa Barbara,uc-santa-barbara,UC Santa Barbara,TRUE,4,1958-1959,1973-1974,RESOLVED,RESOLVED_CURRENT_PROGRAM_REGISTRY_OR_SAFE_VARIANT,,Identity class: HISTORICAL_IDENTITY_RESOLVED_CURRENT_PROGRAM. Global registration: REUSE_CURRENT_MAIN_PROGRAM_EXPECTED. Evidence: Protected-main programs.csv at 9738fe4f54b813aad4d2a12344a2c8279c3590ee identifies current program UC Santa Barbara under key uc-santa-barbara; source label 'Santa Barbara' is an exact name/display match or conservative abbreviation/punctuation variant with no competing current-program identity. Sources: https://github.com/pollackelliott/college-basketball-history/blob/9738fe4f54b813aad4d2a12344a2c8279c3590ee/data/reference/programs.csv
arizona-state,UC Santa Barbara,uc-santa-barbara,UC Santa Barbara,TRUE,4,1956-1957,2005-2006,RESOLVED,RESOLVED_CURRENT_PROGRAM_REGISTRY_OR_SAFE_VARIANT,,Identity class: HISTORICAL_IDENTITY_RESOLVED_CURRENT_PROGRAM. Global registration: REUSE_CURRENT_MAIN_PROGRAM_EXPECTED. Evidence: Protected-main programs.csv at 9738fe4f54b813aad4d2a12344a2c8279c3590ee identifies current program UC Santa Barbara under key uc-santa-barbara; source label 'UC Santa Barbara' is an exact name/display match or conservative abbreviation/punctuation variant with no competing current-program identity. Sources: https://github.com/pollackelliott/college-basketball-history/blob/9738fe4f54b813aad4d2a12344a2c8279c3590ee/data/reference/programs.csv
arizona-state,UCSB,uc-santa-barbara,UC Santa Barbara,TRUE,1,2015-2016,2015-2016,RESOLVED,RESOLVED_CURRENT_PROGRAM_REGISTRY_OR_SAFE_VARIANT,,Identity class: HISTORICAL_IDENTITY_RESOLVED_CURRENT_PROGRAM. Global registration: REUSE_CURRENT_MAIN_PROGRAM_EXPECTED. Evidence: Protected-main programs.csv at 9738fe4f54b813aad4d2a12344a2c8279c3590ee identifies current program UC Santa Barbara under key uc-santa-barbara; source label 'UCSB' is an exact name/display match or conservative abbreviation/punctuation variant with no competing current-program identity. Sources: https://github.com/pollackelliott/college-basketball-history/blob/9738fe4f54b813aad4d2a12344a2c8279c3590ee/data/reference/programs.csv
arizona-state,UCSB (NCAA),uc-santa-barbara,UC Santa Barbara,TRUE,1,2009-2010,2009-2010,RESOLVED,RESOLVED_CURRENT_PROGRAM_REGISTRY_OR_SAFE_VARIANT,,Identity class: HISTORICAL_IDENTITY_RESOLVED_CURRENT_PROGRAM. Global registration: REUSE_CURRENT_MAIN_PROGRAM_EXPECTED. Evidence: Protected-main programs.csv at 9738fe4f54b813aad4d2a12344a2c8279c3590ee identifies current program UC Santa Barbara under key uc-santa-barbara; source label 'UCSB' is an exact name/display match or conservative abbreviation/punctuation variant with no competing current-program identity. Sources: https://github.com/pollackelliott/college-basketball-history/blob/9738fe4f54b813aad4d2a12344a2c8279c3590ee/data/reference/programs.csv
arizona-state,UCF,ucf,UCF,TRUE,2,2024-2025,2025-2026,RESOLVED,RESOLVED_CURRENT_PROGRAM_REGISTRY_OR_SAFE_VARIANT,,Identity class: HISTORICAL_IDENTITY_RESOLVED_CURRENT_PROGRAM. Global registration: REUSE_CURRENT_MAIN_PROGRAM_EXPECTED. Evidence: Protected-main programs.csv at 9738fe4f54b813aad4d2a12344a2c8279c3590ee identifies current program UCF under key ucf; source label 'UCF' is an exact name/display match or conservative abbreviation/punctuation variant with no competing current-program identity. Sources: https://github.com/pollackelliott/college-basketball-history/blob/9738fe4f54b813aad4d2a12344a2c8279c3590ee/data/reference/programs.csv
arizona-state,UCLA,ucla,UCLA,TRUE,45,1950-1951,2025-2026,RESOLVED,RESOLVED_FROM_STAGE1_ACCEPTED_IDENTITY | RESOLVED_TRANCHE1,,Identity class: HISTORICAL_IDENTITY_RESOLVED | CURRENT_PROGRAM_IDENTITY. Global registration: REUSE_CURRENT_MAIN_PROGRAM_EXPECTED. Evidence: Batch 33 accepted Stage 1 opponent identity; Stage 2 preserves rather than re-researches the row || Protected-main current program registry/name plus conservative source-label abbreviation normalization; no institution merge based on geography
arizona-state,UcLA,ucla,UCLA,TRUE,1,1949-1950,1949-1950,RESOLVED,RESOLVED_CURRENT_PROGRAM_REGISTRY_OR_SAFE_VARIANT,,Identity class: CURRENT_PROGRAM_IDENTITY. Global registration: REUSE_CURRENT_MAIN_PROGRAM_EXPECTED. Evidence: Protected-main programs.csv at 9738fe4f54b813aad4d2a12344a2c8279c3590ee identifies the current program; source label is an exact or conservative case/punctuation/abbreviation variant with no competing current-program identity. Sources: https://github.com/pollackelliott/college-basketball-history/blob/9738fe4f54b813aad4d2a12344a2c8279c3590ee/data/reference/programs.csv
arizona-state,UCLA (1),ucla,UCLA,TRUE,2,1972-1973,1974-1975,RESOLVED,RESOLVED_TRANCHE1,,Identity class: CURRENT_PROGRAM_IDENTITY. Global registration: REUSE_CURRENT_MAIN_PROGRAM_EXPECTED. Evidence: Protected-main current program registry/name plus conservative source-label abbreviation normalization; no institution merge based on geography
arizona-state,UCLA (10),ucla,UCLA,TRUE,1,1997-1998,1997-1998,RESOLVED,RESOLVED_TRANCHE1,,Identity class: CURRENT_PROGRAM_IDENTITY. Global registration: REUSE_CURRENT_MAIN_PROGRAM_EXPECTED. Evidence: Protected-main current program registry/name plus conservative source-label abbreviation normalization; no institution merge based on geography
arizona-state,UCLA (11) (NCAA),ucla,UCLA,TRUE,1,2008-2009,2008-2009,RESOLVED,RESOLVED_TRANCHE1,,Identity class: CURRENT_PROGRAM_IDENTITY. Global registration: REUSE_CURRENT_MAIN_PROGRAM_EXPECTED. Evidence: Protected-main current program registry/name plus conservative source-label abbreviation normalization; no institution merge based on geography
arizona-state,UCLA (12),ucla,UCLA,TRUE,1,1998-1999,1998-1999,RESOLVED,RESOLVED_TRANCHE1,,Identity class: CURRENT_PROGRAM_IDENTITY. Global registration: REUSE_CURRENT_MAIN_PROGRAM_EXPECTED. Evidence: Protected-main current program registry/name plus conservative source-label abbreviation normalization; no institution merge based on geography
arizona-state,UCLA (13),ucla,UCLA,TRUE,1,1995-1996,1995-1996,RESOLVED,RESOLVED_TRANCHE1,,Identity class: CURRENT_PROGRAM_IDENTITY. Global registration: REUSE_CURRENT_MAIN_PROGRAM_EXPECTED. Evidence: Protected-main current program registry/name plus conservative source-label abbreviation normalization; no institution merge based on geography
arizona-state,UCLA (14),ucla,UCLA,TRUE,1,1990-1991,1990-1991,RESOLVED,RESOLVED_TRANCHE1,,Identity class: CURRENT_PROGRAM_IDENTITY. Global registration: REUSE_CURRENT_MAIN_PROGRAM_EXPECTED. Evidence: Protected-main current program registry/name plus conservative source-label abbreviation normalization; no institution merge based on geography
arizona-state,UCLA (14) (NCAA),ucla,UCLA,TRUE,1,2005-2006,2005-2006,RESOLVED,RESOLVED_TRANCHE1,,Identity class: CURRENT_PROGRAM_IDENTITY. Global registration: REUSE_CURRENT_MAIN_PROGRAM_EXPECTED. Evidence: Protected-main current program registry/name plus conservative source-label abbreviation normalization; no institution merge based on geography
arizona-state,UCLA (15),ucla,UCLA,TRUE,1,1992-1993,1992-1993,RESOLVED,RESOLVED_TRANCHE1,,Identity class: CURRENT_PROGRAM_IDENTITY. Global registration: REUSE_CURRENT_MAIN_PROGRAM_EXPECTED. Evidence: Protected-main current program registry/name plus conservative source-label abbreviation normalization; no institution merge based on geography
arizona-state,UCLA (17) (NCAA),ucla,UCLA,TRUE,1,2005-2006,2005-2006,RESOLVED,RESOLVED_TRANCHE1,,Identity class: CURRENT_PROGRAM_IDENTITY. Global registration: REUSE_CURRENT_MAIN_PROGRAM_EXPECTED. Evidence: Protected-main current program registry/name plus conservative source-label abbreviation normalization; no institution merge based on geography
arizona-state,UCLA (18),ucla,UCLA,TRUE,2,1986-1987,1995-1996,RESOLVED,RESOLVED_TRANCHE1,,Identity class: CURRENT_PROGRAM_IDENTITY. Global registration: REUSE_CURRENT_MAIN_PROGRAM_EXPECTED. Evidence: Protected-main current program registry/name plus conservative source-label abbreviation normalization; no institution merge based on geography
arizona-state,UCLA (19),ucla,UCLA,TRUE,3,1989-1990,1997-1998,RESOLVED,RESOLVED_TRANCHE1,,Identity class: CURRENT_PROGRAM_IDENTITY. Global registration: REUSE_CURRENT_MAIN_PROGRAM_EXPECTED. Evidence: Protected-main current program registry/name plus conservative source-label abbreviation normalization; no institution merge based on geography
arizona-state,UCLA (2),ucla,UCLA,TRUE,3,1978-1979,1993-1994,RESOLVED,RESOLVED_TRANCHE1,,Identity class: CURRENT_PROGRAM_IDENTITY. Global registration: REUSE_CURRENT_MAIN_PROGRAM_EXPECTED. Evidence: Protected-main current program registry/name plus conservative source-label abbreviation normalization; no institution merge based on geography
arizona-state,UCLA (20) (NCAA),ucla,UCLA,TRUE,1,2001-2002,2001-2002,RESOLVED,RESOLVED_TRANCHE1,,Identity class: CURRENT_PROGRAM_IDENTITY. Global registration: REUSE_CURRENT_MAIN_PROGRAM_EXPECTED. Evidence: Protected-main current program registry/name plus conservative source-label abbreviation normalization; no institution merge based on geography
arizona-state,UCLA (24),ucla,UCLA,TRUE,1,1996-1997,1996-1997,RESOLVED,RESOLVED_TRANCHE1,,Identity class: CURRENT_PROGRAM_IDENTITY. Global registration: REUSE_CURRENT_MAIN_PROGRAM_EXPECTED. Evidence: Protected-main current program registry/name plus conservative source-label abbreviation normalization; no institution merge based on geography
arizona-state,UCLA (24) (NCAA),ucla,UCLA,TRUE,1,2000-2001,2000-2001,RESOLVED,RESOLVED_TRANCHE1,,Identity class: CURRENT_PROGRAM_IDENTITY. Global registration: REUSE_CURRENT_MAIN_PROGRAM_EXPECTED. Evidence: Protected-main current program registry/name plus conservative source-label abbreviation normalization; no institution merge based on geography
arizona-state,UCLA (25),ucla,UCLA,TRUE,1,1999-2000,1999-2000,RESOLVED,RESOLVED_TRANCHE1,,Identity class: CURRENT_PROGRAM_IDENTITY. Global registration: REUSE_CURRENT_MAIN_PROGRAM_EXPECTED. Evidence: Protected-main current program registry/name plus conservative source-label abbreviation normalization; no institution merge based on geography
arizona-state,UCLA (3),ucla,UCLA,TRUE,1,1978-1979,1978-1979,RESOLVED,RESOLVED_TRANCHE1,,Identity class: CURRENT_PROGRAM_IDENTITY. Global registration: REUSE_CURRENT_MAIN_PROGRAM_EXPECTED. Evidence: Protected-main current program registry/name plus conservative source-label abbreviation normalization; no institution merge based on geography
arizona-state,UCLA (3) (NCAA),ucla,UCLA,TRUE,2,2006-2007,2016-2017,RESOLVED,RESOLVED_TRANCHE1,,Identity class: CURRENT_PROGRAM_IDENTITY. Global registration: REUSE_CURRENT_MAIN_PROGRAM_EXPECTED. Evidence: Protected-main current program registry/name plus conservative source-label abbreviation normalization; no institution merge based on geography
arizona-state,UCLA (4),ucla,UCLA,TRUE,2,1982-1983,1994-1995,RESOLVED,RESOLVED_TRANCHE1,,Identity class: CURRENT_PROGRAM_IDENTITY. Global registration: REUSE_CURRENT_MAIN_PROGRAM_EXPECTED. Evidence: Protected-main current program registry/name plus conservative source-label abbreviation normalization; no institution merge based on geography
arizona-state,UCLA (4) (NCAA),ucla,UCLA,TRUE,1,2007-2008,2007-2008,RESOLVED,RESOLVED_TRANCHE1,,Identity class: CURRENT_PROGRAM_IDENTITY. Global registration: REUSE_CURRENT_MAIN_PROGRAM_EXPECTED. Evidence: Protected-main current program registry/name plus conservative source-label abbreviation normalization; no institution merge based on geography
arizona-state,UCLA (5) (NCAA),ucla,UCLA,TRUE,3,2006-2007,2016-2017,RESOLVED,RESOLVED_TRANCHE1,,Identity class: CURRENT_PROGRAM_IDENTITY. Global registration: REUSE_CURRENT_MAIN_PROGRAM_EXPECTED. Evidence: Protected-main current program registry/name plus conservative source-label abbreviation normalization; no institution merge based on geography
arizona-state,UCLA (6),ucla,UCLA,TRUE,2,1982-1983,1983-1984,RESOLVED,RESOLVED_TRANCHE1,,Identity class: CURRENT_PROGRAM_IDENTITY. Global registration: REUSE_CURRENT_MAIN_PROGRAM_EXPECTED. Evidence: Protected-main current program registry/name plus conservative source-label abbreviation normalization; no institution merge based on geography
arizona-state,UCLA (6) (OT),ucla,UCLA,TRUE,1,1994-1995,1994-1995,RESOLVED,RESOLVED_TRANCHE1,,Identity class: CURRENT_PROGRAM_IDENTITY. Global registration: REUSE_CURRENT_MAIN_PROGRAM_EXPECTED. Evidence: Protected-main current program registry/name plus conservative source-label abbreviation normalization; no institution merge based on geography
arizona-state,UCLA (7),ucla,UCLA,TRUE,2,1964-1965,1990-1991,RESOLVED,RESOLVED_TRANCHE1,,Identity class: CURRENT_PROGRAM_IDENTITY. Global registration: REUSE_CURRENT_MAIN_PROGRAM_EXPECTED. Evidence: Protected-main current program registry/name plus conservative source-label abbreviation normalization; no institution merge based on geography
arizona-state,UCLA (7) (OT),ucla,UCLA,TRUE,1,1998-1999,1998-1999,RESOLVED,RESOLVED_TRANCHE1,,Identity class: CURRENT_PROGRAM_IDENTITY. Global registration: REUSE_CURRENT_MAIN_PROGRAM_EXPECTED. Evidence: Protected-main current program registry/name plus conservative source-label abbreviation normalization; no institution merge based on geography
arizona-state,UCLA (8),ucla,UCLA,TRUE,3,1980-1981,1993-1994,RESOLVED,RESOLVED_TRANCHE1,,Identity class: CURRENT_PROGRAM_IDENTITY. Global registration: REUSE_CURRENT_MAIN_PROGRAM_EXPECTED. Evidence: Protected-main current program registry/name plus conservative source-label abbreviation normalization; no institution merge based on geography
arizona-state,UCLA (8) (3 OT),ucla,UCLA,TRUE,1,1980-1981,1980-1981,RESOLVED,RESOLVED_TRANCHE1,,Identity class: CURRENT_PROGRAM_IDENTITY. Global registration: REUSE_CURRENT_MAIN_PROGRAM_EXPECTED. Evidence: Protected-main current program registry/name plus conservative source-label abbreviation normalization; no institution merge based on geography
arizona-state,UCLA (9) (NCAA),ucla,UCLA,TRUE,1,2001-2002,2001-2002,RESOLVED,RESOLVED_TRANCHE1,,Identity class: CURRENT_PROGRAM_IDENTITY. Global registration: REUSE_CURRENT_MAIN_PROGRAM_EXPECTED. Evidence: Protected-main current program registry/name plus conservative source-label abbreviation normalization; no institution merge based on geography
arizona-state,UCLA (9) (OT) (NCAA),ucla,UCLA,TRUE,1,2008-2009,2008-2009,RESOLVED,RESOLVED_TRANCHE1,,Identity class: CURRENT_PROGRAM_IDENTITY. Global registration: REUSE_CURRENT_MAIN_PROGRAM_EXPECTED. Evidence: Protected-main current program registry/name plus conservative source-label abbreviation normalization; no institution merge based on geography
arizona-state,UCLA (NCAA),ucla,UCLA,TRUE,8,2000-2001,2014-2015,RESOLVED,RESOLVED_TRANCHE1,,Identity class: CURRENT_PROGRAM_IDENTITY. Global registration: REUSE_CURRENT_MAIN_PROGRAM_EXPECTED. Evidence: Protected-main current program registry/name plus conservative source-label abbreviation normalization; no institution merge based on geography
arizona-state,UCLA (OT),ucla,UCLA,TRUE,2,1985-1986,2003-2004,RESOLVED,RESOLVED_TRANCHE1,,Identity class: CURRENT_PROGRAM_IDENTITY. Global registration: REUSE_CURRENT_MAIN_PROGRAM_EXPECTED. Evidence: Protected-main current program registry/name plus conservative source-label abbreviation normalization; no institution merge based on geography
arizona-state,UCLA (OT) (NCAA),ucla,UCLA,TRUE,2,2010-2011,2012-2013,RESOLVED,RESOLVED_TRANCHE1,,Identity class: CURRENT_PROGRAM_IDENTITY. Global registration: REUSE_CURRENT_MAIN_PROGRAM_EXPECTED. Evidence: Protected-main current program registry/name plus conservative source-label abbreviation normalization; no institution merge based on geography
arizona-state,Connecticut,uconn,UConn,TRUE,2,1982-1983,1983-1984,RESOLVED,RESOLVED_CURRENT_PROGRAM_REGISTRY_OR_SAFE_VARIANT,,Identity class: HISTORICAL_IDENTITY_RESOLVED_CURRENT_PROGRAM. Global registration: REUSE_CURRENT_MAIN_PROGRAM_EXPECTED. Evidence: Protected-main programs.csv at 9738fe4f54b813aad4d2a12344a2c8279c3590ee identifies current program UConn under key uconn; source label 'Connecticut' is an exact name/display match or conservative abbreviation/punctuation variant with no competing current-program identity. Sources: https://github.com/pollackelliott/college-basketball-history/blob/9738fe4f54b813aad4d2a12344a2c8279c3590ee/data/reference/programs.csv
arizona-state,Connecticut (11),uconn,UConn,TRUE,1,1997-1998,1997-1998,RESOLVED,RESOLVED_CURRENT_PROGRAM_REGISTRY_OR_SAFE_VARIANT,,Identity class: HISTORICAL_IDENTITY_RESOLVED_CURRENT_PROGRAM. Global registration: REUSE_CURRENT_MAIN_PROGRAM_EXPECTED. Evidence: Protected-main programs.csv at 9738fe4f54b813aad4d2a12344a2c8279c3590ee identifies current program UConn under key uconn; source label 'Connecticut' is an exact name/display match or conservative abbreviation/punctuation variant with no competing current-program identity. Sources: https://github.com/pollackelliott/college-basketball-history/blob/9738fe4f54b813aad4d2a12344a2c8279c3590ee/data/reference/programs.csv
arizona-state,UCONN (NIT),uconn,UConn,TRUE,1,2014-2015,2014-2015,RESOLVED,RESOLVED_CURRENT_PROGRAM_REGISTRY_OR_SAFE_VARIANT,,Identity class: HISTORICAL_IDENTITY_RESOLVED_CURRENT_PROGRAM. Global registration: REUSE_CURRENT_MAIN_PROGRAM_EXPECTED. Evidence: Protected-main programs.csv at 9738fe4f54b813aad4d2a12344a2c8279c3590ee identifies current program UConn under key uconn; source label 'UCONN' is an exact name/display match or conservative abbreviation/punctuation variant with no competing current-program identity. Sources: https://github.com/pollackelliott/college-basketball-history/blob/9738fe4f54b813aad4d2a12344a2c8279c3590ee/data/reference/programs.csv
arizona-state,UMass Lowell,umass-lowell,UMass Lowell,TRUE,1,2023-2024,2023-2024,RESOLVED,RESOLVED_CURRENT_PROGRAM_REGISTRY_OR_SAFE_VARIANT,,Identity class: HISTORICAL_IDENTITY_RESOLVED_CURRENT_PROGRAM. Global registration: REUSE_CURRENT_MAIN_PROGRAM_EXPECTED. Evidence: Protected-main programs.csv at 9738fe4f54b813aad4d2a12344a2c8279c3590ee identifies current program UMass Lowell under key umass-lowell; source label 'UMass Lowell' is an exact name/display match or conservative abbreviation/punctuation variant with no competing current-program identity. Sources: https://github.com/pollackelliott/college-basketball-history/blob/9738fe4f54b813aad4d2a12344a2c8279c3590ee/data/reference/programs.csv
arizona-state,UMBC,umbc,UMBC,TRUE,1,2013-2014,2013-2014,RESOLVED,RESOLVED_CURRENT_PROGRAM_REGISTRY_OR_SAFE_VARIANT,,Identity class: HISTORICAL_IDENTITY_RESOLVED_CURRENT_PROGRAM. Global registration: REUSE_CURRENT_MAIN_PROGRAM_EXPECTED. Evidence: Protected-main programs.csv at 9738fe4f54b813aad4d2a12344a2c8279c3590ee identifies current program UMBC under key umbc; source label 'UMBC' is an exact name/display match or conservative abbreviation/punctuation variant with no competing current-program identity. Sources: https://github.com/pollackelliott/college-basketball-history/blob/9738fe4f54b813aad4d2a12344a2c8279c3590ee/data/reference/programs.csv
arizona-state,UNC-Greensboro,unc-greensboro,UNC Greensboro,TRUE,1,1996-1997,1996-1997,RESOLVED,RESOLVED_CURRENT_PROGRAM_REGISTRY_OR_SAFE_VARIANT,,Identity class: HISTORICAL_IDENTITY_RESOLVED_CURRENT_PROGRAM. Global registration: REUSE_CURRENT_MAIN_PROGRAM_EXPECTED. Evidence: Protected-main programs.csv at 9738fe4f54b813aad4d2a12344a2c8279c3590ee identifies current program UNC Greensboro under key unc-greensboro; source label 'UNC-Greensboro' is an exact name/display match or conservative abbreviation/punctuation variant with no competing current-program identity. Sources: https://github.com/pollackelliott/college-basketball-history/blob/9738fe4f54b813aad4d2a12344a2c8279c3590ee/data/reference/programs.csv
arizona-state,Calif. Western,united-states-international-university,United States International University,FALSE,1,1960-1961,1960-1961,RESOLVED,RESOLVED_RESEARCHED_HISTORICAL_ALIAS_NON_D1,,Identity class: HISTORICAL_NON_D1_IDENTITY_RESOLVED. Global registration: PENDING_CURRENT_MAIN_REBASE_IDENTITY. Evidence: Institutional histories document California Western University as the predecessor name of United States International University (USIU) beginning with the 1968 rename. This prevents splitting ASU's 1960-61 California Western row from later USIU rows while preserving the literal game-era label. Sources: https://www.alliant.edu/about/history;https://www.cwsl.edu/about-us/history/
arizona-state,U.S. International,united-states-international-university,United States International University,FALSE,1,1980-1981,1980-1981,RESOLVED,RESOLVED_RESEARCHED_HISTORICAL_ALIAS_NON_D1,,Identity class: HISTORICAL_NON_D1_IDENTITY_RESOLVED. Global registration: PENDING_CURRENT_MAIN_REBASE_IDENTITY. Evidence: Institutional histories identify United States International University (USIU) as the same institutional lineage formerly named California Western University until 1968. Literal US International/U.S. International labels are preserved while the three ASU rows are unified to one historical program identity. Sources: https://www.alliant.edu/about/history;https://www.cwsl.edu/about-us/history/
arizona-state,US International,united-states-international-university,United States International University,FALSE,1,1983-1984,1983-1984,RESOLVED,RESOLVED_RESEARCHED_HISTORICAL_ALIAS_NON_D1,,Identity class: HISTORICAL_NON_D1_IDENTITY_RESOLVED. Global registration: PENDING_CURRENT_MAIN_REBASE_IDENTITY. Evidence: Institutional histories identify United States International University (USIU) as the same institutional lineage formerly named California Western University until 1968. Literal US International/U.S. International labels are preserved while the three ASU rows are unified to one historical program identity. Sources: https://www.alliant.edu/about/history;https://www.cwsl.edu/about-us/history/
arizona-state,UNLV,unlv,UNLV,TRUE,5,1998-1999,2016-2017,RESOLVED,RESOLVED_TRANCHE1,,Identity class: CURRENT_PROGRAM_IDENTITY. Global registration: REUSE_CURRENT_MAIN_PROGRAM_EXPECTED. Evidence: Protected-main current program registry/name plus conservative source-label abbreviation normalization; no institution merge based on geography
arizona-state,UNLV (16),unlv,UNLV,TRUE,1,1974-1975,1974-1975,RESOLVED,RESOLVED_TRANCHE1,,Identity class: CURRENT_PROGRAM_IDENTITY. Global registration: REUSE_CURRENT_MAIN_PROGRAM_EXPECTED. Evidence: Protected-main current program registry/name plus conservative source-label abbreviation normalization; no institution merge based on geography
arizona-state,UNLV (NIT),unlv,UNLV,TRUE,2,2001-2002,2004-2005,RESOLVED,RESOLVED_TRANCHE1,,Identity class: CURRENT_PROGRAM_IDENTITY. Global registration: REUSE_CURRENT_MAIN_PROGRAM_EXPECTED. Evidence: Protected-main current program registry/name plus conservative source-label abbreviation normalization; no institution merge based on geography
arizona-state,So. california,usc,USC,TRUE,1,1928-1929,1928-1929,RESOLVED,RESOLVED_CURRENT_PROGRAM_REGISTRY_OR_SAFE_VARIANT,,Identity class: HISTORICAL_IDENTITY_RESOLVED_CURRENT_PROGRAM. Global registration: REUSE_CURRENT_MAIN_PROGRAM_EXPECTED. Evidence: Southern California is the University of Southern California / USC current program identity. Sources: https://github.com/pollackelliott/college-basketball-history/blob/9738fe4f54b813aad4d2a12344a2c8279c3590ee/data/reference/programs.csv
arizona-state,USC,usc,USC,TRUE,83,1950-1951,2025-2026,RESOLVED,RESOLVED_FROM_STAGE1_ACCEPTED_IDENTITY | RESOLVED_TRANCHE1,,Identity class: HISTORICAL_IDENTITY_RESOLVED | CURRENT_PROGRAM_IDENTITY. Global registration: REUSE_CURRENT_MAIN_PROGRAM_EXPECTED. Evidence: Batch 33 accepted Stage 1 opponent identity; Stage 2 preserves rather than re-researches the row || Protected-main current program registry/name plus conservative source-label abbreviation normalization; no institution merge based on geography
arizona-state,USC (15),usc,USC,TRUE,1,1969-1970,1969-1970,RESOLVED,RESOLVED_TRANCHE1,,Identity class: CURRENT_PROGRAM_IDENTITY. Global registration: REUSE_CURRENT_MAIN_PROGRAM_EXPECTED. Evidence: Protected-main current program registry/name plus conservative source-label abbreviation normalization; no institution merge based on geography
arizona-state,USC (18) (NCAA),usc,USC,TRUE,1,2001-2002,2001-2002,RESOLVED,RESOLVED_TRANCHE1,,Identity class: CURRENT_PROGRAM_IDENTITY. Global registration: REUSE_CURRENT_MAIN_PROGRAM_EXPECTED. Evidence: Protected-main current program registry/name plus conservative source-label abbreviation normalization; no institution merge based on geography
arizona-state,USC (2),usc,USC,TRUE,1,1970-1971,1970-1971,RESOLVED,RESOLVED_TRANCHE1,,Identity class: CURRENT_PROGRAM_IDENTITY. Global registration: REUSE_CURRENT_MAIN_PROGRAM_EXPECTED. Evidence: Protected-main current program registry/name plus conservative source-label abbreviation normalization; no institution merge based on geography
arizona-state,USC (20),usc,USC,TRUE,1,1973-1974,1973-1974,RESOLVED,RESOLVED_TRANCHE1,,Identity class: CURRENT_PROGRAM_IDENTITY. Global registration: REUSE_CURRENT_MAIN_PROGRAM_EXPECTED. Evidence: Protected-main current program registry/name plus conservative source-label abbreviation normalization; no institution merge based on geography
arizona-state,USC (22) (NCAA),usc,USC,TRUE,1,2006-2007,2006-2007,RESOLVED,RESOLVED_TRANCHE1,,Identity class: CURRENT_PROGRAM_IDENTITY. Global registration: REUSE_CURRENT_MAIN_PROGRAM_EXPECTED. Evidence: Protected-main current program registry/name plus conservative source-label abbreviation normalization; no institution merge based on geography
arizona-state,USC (24) (NCAA),usc,USC,TRUE,1,2000-2001,2000-2001,RESOLVED,RESOLVED_TRANCHE1,,Identity class: CURRENT_PROGRAM_IDENTITY. Global registration: REUSE_CURRENT_MAIN_PROGRAM_EXPECTED. Evidence: Protected-main current program registry/name plus conservative source-label abbreviation normalization; no institution merge based on geography
arizona-state,USC (25) (NCAA),usc,USC,TRUE,1,2001-2002,2001-2002,RESOLVED,RESOLVED_TRANCHE1,,Identity class: CURRENT_PROGRAM_IDENTITY. Global registration: REUSE_CURRENT_MAIN_PROGRAM_EXPECTED. Evidence: Protected-main current program registry/name plus conservative source-label abbreviation normalization; no institution merge based on geography
arizona-state,USC (3),usc,USC,TRUE,1,1971-1972,1971-1972,RESOLVED,RESOLVED_TRANCHE1,,Identity class: CURRENT_PROGRAM_IDENTITY. Global registration: REUSE_CURRENT_MAIN_PROGRAM_EXPECTED. Evidence: Protected-main current program registry/name plus conservative source-label abbreviation normalization; no institution merge based on geography
arizona-state,USC (NCAA),usc,USC,TRUE,11,2000-2001,2016-2017,RESOLVED,RESOLVED_TRANCHE1,,Identity class: CURRENT_PROGRAM_IDENTITY. Global registration: REUSE_CURRENT_MAIN_PROGRAM_EXPECTED. Evidence: Protected-main current program registry/name plus conservative source-label abbreviation normalization; no institution merge based on geography
arizona-state,USC (NCAA) (23),usc,USC,TRUE,1,2015-2016,2015-2016,RESOLVED,RESOLVED_TRANCHE1,,Identity class: CURRENT_PROGRAM_IDENTITY. Global registration: REUSE_CURRENT_MAIN_PROGRAM_EXPECTED. Evidence: Protected-main current program registry/name plus conservative source-label abbreviation normalization; no institution merge based on geography
arizona-state,USC (OT),usc,USC,TRUE,5,1988-1989,2012-2013,RESOLVED,RESOLVED_TRANCHE1,,Identity class: CURRENT_PROGRAM_IDENTITY. Global registration: REUSE_CURRENT_MAIN_PROGRAM_EXPECTED. Evidence: Protected-main current program registry/name plus conservative source-label abbreviation normalization; no institution merge based on geography
arizona-state,USC Upstate,south-carolina-upstate,South Carolina Upstate,TRUE,1,2009-2010,2009-2010,RESOLVED,RESOLVED_CURRENT_PROGRAM_REGISTRY_OR_SAFE_VARIANT,,Identity class: HISTORICAL_IDENTITY_RESOLVED_CURRENT_PROGRAM. Global registration: REUSE_CURRENT_MAIN_PROGRAM_EXPECTED. Evidence: Protected-main programs.csv at 9738fe4f54b813aad4d2a12344a2c8279c3590ee identifies current program USC Upstate under key south-carolina-upstate; source label 'USC Upstate' is an exact name/display match or conservative abbreviation/punctuation variant with no competing current-program identity. Sources: https://github.com/pollackelliott/college-basketball-history/blob/9738fe4f54b813aad4d2a12344a2c8279c3590ee/data/reference/programs.csv
arizona-state,Utah,utah,Utah,TRUE,55,1960-1961,2025-2026,RESOLVED,RESOLVED_TRANCHE1,,Identity class: CURRENT_PROGRAM_IDENTITY. Global registration: REUSE_CURRENT_MAIN_PROGRAM_EXPECTED. Evidence: Protected-main current program registry/name plus conservative source-label abbreviation normalization; no institution merge based on geography
arizona-state,Utah (18),utah,Utah,TRUE,1,1998-1999,1998-1999,RESOLVED,RESOLVED_TRANCHE1,,Identity class: CURRENT_PROGRAM_IDENTITY. Global registration: REUSE_CURRENT_MAIN_PROGRAM_EXPECTED. Evidence: Protected-main current program registry/name plus conservative source-label abbreviation normalization; no institution merge based on geography
arizona-state,Utah (2OT) (NCAA),utah,Utah,TRUE,1,2002-2003,2002-2003,RESOLVED,RESOLVED_TRANCHE1,,Identity class: CURRENT_PROGRAM_IDENTITY. Global registration: REUSE_CURRENT_MAIN_PROGRAM_EXPECTED. Evidence: Protected-main current program registry/name plus conservative source-label abbreviation normalization; no institution merge based on geography
arizona-state,Utah (6),utah,Utah,TRUE,1,1967-1968,1967-1968,RESOLVED,RESOLVED_TRANCHE1,,Identity class: CURRENT_PROGRAM_IDENTITY. Global registration: REUSE_CURRENT_MAIN_PROGRAM_EXPECTED. Evidence: Protected-main current program registry/name plus conservative source-label abbreviation normalization; no institution merge based on geography
arizona-state,Utah (NCAA),utah,Utah,TRUE,2,2001-2002,2002-2003,RESOLVED,RESOLVED_TRANCHE1,,Identity class: CURRENT_PROGRAM_IDENTITY. Global registration: REUSE_CURRENT_MAIN_PROGRAM_EXPECTED. Evidence: Protected-main current program registry/name plus conservative source-label abbreviation normalization; no institution merge based on geography
arizona-state,Utah (NCAA) (13),utah,Utah,TRUE,1,2014-2015,2014-2015,RESOLVED,RESOLVED_TRANCHE1,,Identity class: CURRENT_PROGRAM_IDENTITY. Global registration: REUSE_CURRENT_MAIN_PROGRAM_EXPECTED. Evidence: Protected-main current program registry/name plus conservative source-label abbreviation normalization; no institution merge based on geography
arizona-state,Utah (NCAA) (22),utah,Utah,TRUE,1,2015-2016,2015-2016,RESOLVED,RESOLVED_TRANCHE1,,Identity class: CURRENT_PROGRAM_IDENTITY. Global registration: REUSE_CURRENT_MAIN_PROGRAM_EXPECTED. Evidence: Protected-main current program registry/name plus conservative source-label abbreviation normalization; no institution merge based on geography
arizona-state,Utah (NCAA) (8),utah,Utah,TRUE,1,2014-2015,2014-2015,RESOLVED,RESOLVED_TRANCHE1,,Identity class: CURRENT_PROGRAM_IDENTITY. Global registration: REUSE_CURRENT_MAIN_PROGRAM_EXPECTED. Evidence: Protected-main current program registry/name plus conservative source-label abbreviation normalization; no institution merge based on geography
arizona-state,Utah (NIT),utah,Utah,TRUE,3,2013-2014,2016-2017,RESOLVED,RESOLVED_TRANCHE1,,Identity class: CURRENT_PROGRAM_IDENTITY. Global registration: REUSE_CURRENT_MAIN_PROGRAM_EXPECTED. Evidence: Protected-main current program registry/name plus conservative source-label abbreviation normalization; no institution merge based on geography
arizona-state,Utah (OT),utah,Utah,TRUE,1,2012-2013,2012-2013,RESOLVED,RESOLVED_TRANCHE1,,Identity class: CURRENT_PROGRAM_IDENTITY. Global registration: REUSE_CURRENT_MAIN_PROGRAM_EXPECTED. Evidence: Protected-main current program registry/name plus conservative source-label abbreviation normalization; no institution merge based on geography
arizona-state,Utah St.,utah-state,Utah State,TRUE,12,1961-1962,1976-1977,RESOLVED,RESOLVED_TRANCHE1,,Identity class: CURRENT_PROGRAM_IDENTITY. Global registration: REUSE_CURRENT_MAIN_PROGRAM_EXPECTED. Evidence: Protected-main current program registry/name plus conservative source-label abbreviation normalization; no institution merge based on geography
arizona-state,Utah St. (OT),utah-state,Utah State,TRUE,1,1962-1963,1962-1963,RESOLVED,RESOLVED_TRANCHE1,,Identity class: CURRENT_PROGRAM_IDENTITY. Global registration: REUSE_CURRENT_MAIN_PROGRAM_EXPECTED. Evidence: Protected-main current program registry/name plus conservative source-label abbreviation normalization; no institution merge based on geography
arizona-state,Utah State,utah-state,Utah State,TRUE,1,2018-2019,2018-2019,RESOLVED,RESOLVED_TRANCHE1,,Identity class: CURRENT_PROGRAM_IDENTITY. Global registration: REUSE_CURRENT_MAIN_PROGRAM_EXPECTED. Evidence: Protected-main current program registry/name plus conservative source-label abbreviation normalization; no institution merge based on geography
arizona-state,Dixie college,utah-tech,Utah Tech,TRUE,5,1929-1930,1931-1932,RESOLVED,RESOLVED_RESEARCHED_PREDECESSOR_CURRENT_PROGRAM,,"Identity class: HISTORICAL_IDENTITY_RESOLVED_CURRENT_PROGRAM. Global registration: REUSE_CURRENT_MAIN_PROGRAM_EXPECTED. Evidence: Utah Tech official institutional history states the school took the Dixie College name in 1923 and continued through later Dixie State names to Utah Tech University; same institutional opponent, not a separate historical school. Sources: https://about.utahtech.edu/history/"
arizona-state,Utah Tech,utah-tech,Utah Tech,TRUE,1,2025-2026,2025-2026,RESOLVED,RESOLVED_CURRENT_PROGRAM_REGISTRY_OR_SAFE_VARIANT,,Identity class: HISTORICAL_IDENTITY_RESOLVED_CURRENT_PROGRAM. Global registration: REUSE_CURRENT_MAIN_PROGRAM_EXPECTED. Evidence: Protected-main programs.csv at 9738fe4f54b813aad4d2a12344a2c8279c3590ee identifies current program Utah Tech under key utah-tech; source label 'Utah Tech' is an exact name/display match or conservative abbreviation/punctuation variant with no competing current-program identity. Sources: https://github.com/pollackelliott/college-basketball-history/blob/9738fe4f54b813aad4d2a12344a2c8279c3590ee/data/reference/programs.csv
arizona-state,Utah Valley State,utah-valley,Utah Valley,TRUE,1,2005-2006,2005-2006,RESOLVED,RESOLVED_CURRENT_PROGRAM_REGISTRY_OR_SAFE_VARIANT,,Identity class: HISTORICAL_IDENTITY_RESOLVED_CURRENT_PROGRAM. Global registration: REUSE_CURRENT_MAIN_PROGRAM_EXPECTED. Evidence: Protected-main programs.csv at 9738fe4f54b813aad4d2a12344a2c8279c3590ee identifies current program Utah Valley under key utah-valley; source label 'Utah Valley State' is an exact name/display match or conservative abbreviation/punctuation variant with no competing current-program identity. Sources: https://github.com/pollackelliott/college-basketball-history/blob/9738fe4f54b813aad4d2a12344a2c8279c3590ee/data/reference/programs.csv
arizona-state,texas Mines,utep,UTEP,TRUE,1,1945-1946,1945-1946,RESOLVED,RESOLVED_RESEARCHED_HISTORICAL_ALIAS,,Identity class: HISTORICAL_IDENTITY_RESOLVED_CURRENT_PROGRAM. Global registration: REUSE_CURRENT_MAIN_PROGRAM_EXPECTED. Evidence: Texas Western / Texas Mines are historical names in the same UTEP institutional lineage; Stage 1 already used UTEP reciprocal evidence for these populations. Sources: https://www.utep.edu/about/history/; stage1 reciprocal evidence
arizona-state,Texas Mines / UTEP,utep,UTEP,TRUE,6,1936-1937,1937-1938,RESOLVED,RESOLVED_RESEARCHED_HISTORICAL_ALIAS,,Identity class: HISTORICAL_IDENTITY_RESOLVED_CURRENT_PROGRAM. Global registration: REUSE_CURRENT_MAIN_PROGRAM_EXPECTED. Evidence: Texas Western / Texas Mines are historical names in the same UTEP institutional lineage; Stage 1 already used UTEP reciprocal evidence for these populations. Sources: https://www.utep.edu/about/history/; stage1 reciprocal evidence
arizona-state,Texas Western,utep,UTEP,TRUE,33,1950-1951,1966-1967,RESOLVED,RESOLVED_FROM_STAGE1_ACCEPTED_IDENTITY | RESOLVED_TRANCHE1,,Identity class: HISTORICAL_IDENTITY_RESOLVED | CURRENT_PROGRAM_IDENTITY. Global registration: REUSE_CURRENT_MAIN_PROGRAM_EXPECTED. Evidence: Batch 33 accepted Stage 1 opponent identity; Stage 2 preserves rather than re-researches the row; UTEP official History & Spirit: Texas Western College renamed UTEP in 1967 || UTEP official History & Spirit: Texas Western College renamed UTEP in 1967 Sources: https://alumni.utep.edu/historyandspirit
arizona-state,texas Western,utep,UTEP,TRUE,18,1929-1930,1949-1950,RESOLVED,RESOLVED_RESEARCHED_HISTORICAL_ALIAS,,Identity class: HISTORICAL_IDENTITY_RESOLVED_CURRENT_PROGRAM. Global registration: REUSE_CURRENT_MAIN_PROGRAM_EXPECTED. Evidence: Texas Western / Texas Mines are historical names in the same UTEP institutional lineage; Stage 1 already used UTEP reciprocal evidence for these populations. Sources: https://www.utep.edu/about/history/; stage1 reciprocal evidence
arizona-state,Texas Western / UTEP,utep,UTEP,TRUE,10,1933-1934,1940-1941,RESOLVED,RESOLVED_RESEARCHED_HISTORICAL_ALIAS,,Identity class: HISTORICAL_IDENTITY_RESOLVED_CURRENT_PROGRAM. Global registration: REUSE_CURRENT_MAIN_PROGRAM_EXPECTED. Evidence: Texas Western / Texas Mines are historical names in the same UTEP institutional lineage; Stage 1 already used UTEP reciprocal evidence for these populations. Sources: https://www.utep.edu/about/history/; stage1 reciprocal evidence
arizona-state,UTEP,utep,UTEP,TRUE,24,1967-1968,2020-2021,RESOLVED,RESOLVED_TRANCHE1,,Identity class: CURRENT_PROGRAM_IDENTITY. Global registration: REUSE_CURRENT_MAIN_PROGRAM_EXPECTED. Evidence: UTEP official History & Spirit: Texas Western College renamed UTEP in 1967 Sources: https://alumni.utep.edu/historyandspirit
arizona-state,UTEP (18),utep,UTEP,TRUE,1,1983-1984,1983-1984,RESOLVED,RESOLVED_TRANCHE1,,Identity class: CURRENT_PROGRAM_IDENTITY. Global registration: REUSE_CURRENT_MAIN_PROGRAM_EXPECTED. Evidence: UTEP official History & Spirit: Texas Western College renamed UTEP in 1967 Sources: https://alumni.utep.edu/historyandspirit
arizona-state,UTEP (CBI),utep,UTEP,TRUE,1,2008-2009,2008-2009,RESOLVED,RESOLVED_TRANCHE1,,Identity class: CURRENT_PROGRAM_IDENTITY. Global registration: REUSE_CURRENT_MAIN_PROGRAM_EXPECTED. Evidence: UTEP official History & Spirit: Texas Western College renamed UTEP in 1967 Sources: https://alumni.utep.edu/historyandspirit
arizona-state,UTEP (NCAA),utep,UTEP,TRUE,1,2004-2005,2004-2005,RESOLVED,RESOLVED_TRANCHE1,,Identity class: CURRENT_PROGRAM_IDENTITY. Global registration: REUSE_CURRENT_MAIN_PROGRAM_EXPECTED. Evidence: UTEP official History & Spirit: Texas Western College renamed UTEP in 1967 Sources: https://alumni.utep.edu/historyandspirit
arizona-state,UT S. Ant. (OT),utsa,UTSA,TRUE,1,1994-1995,1994-1995,RESOLVED,RESOLVED_CURRENT_PROGRAM_REGISTRY_OR_SAFE_VARIANT,,Identity class: HISTORICAL_IDENTITY_RESOLVED_CURRENT_PROGRAM. Global registration: REUSE_CURRENT_MAIN_PROGRAM_EXPECTED. Evidence: Protected-main programs.csv at 9738fe4f54b813aad4d2a12344a2c8279c3590ee identifies current program UTSA under key utsa; source label 'UT S. Ant.' is an exact name/display match or conservative abbreviation/punctuation variant with no competing current-program identity. Sources: https://github.com/pollackelliott/college-basketball-history/blob/9738fe4f54b813aad4d2a12344a2c8279c3590ee/data/reference/programs.csv
arizona-state,UT San Antonio,utsa,UTSA,TRUE,1,1991-1992,1991-1992,RESOLVED,RESOLVED_CURRENT_PROGRAM_REGISTRY_OR_SAFE_VARIANT,,Identity class: HISTORICAL_IDENTITY_RESOLVED_CURRENT_PROGRAM. Global registration: REUSE_CURRENT_MAIN_PROGRAM_EXPECTED. Evidence: Protected-main programs.csv at 9738fe4f54b813aad4d2a12344a2c8279c3590ee identifies current program UTSA under key utsa; source label 'UT San Antonio' is an exact name/display match or conservative abbreviation/punctuation variant with no competing current-program identity. Sources: https://github.com/pollackelliott/college-basketball-history/blob/9738fe4f54b813aad4d2a12344a2c8279c3590ee/data/reference/programs.csv
arizona-state,Valparaiso,valparaiso,Valparaiso,TRUE,1,2004-2005,2004-2005,RESOLVED,RESOLVED_CURRENT_PROGRAM_REGISTRY_OR_SAFE_VARIANT,,Identity class: HISTORICAL_IDENTITY_RESOLVED_CURRENT_PROGRAM. Global registration: REUSE_CURRENT_MAIN_PROGRAM_EXPECTED. Evidence: Protected-main programs.csv at 9738fe4f54b813aad4d2a12344a2c8279c3590ee identifies current program Valparaiso under key valparaiso; source label 'Valparaiso' is an exact name/display match or conservative abbreviation/punctuation variant with no competing current-program identity. Sources: https://github.com/pollackelliott/college-basketball-history/blob/9738fe4f54b813aad4d2a12344a2c8279c3590ee/data/reference/programs.csv
arizona-state,Vanderbilt,vanderbilt,Vanderbilt,TRUE,5,1981-1982,2023-2024,RESOLVED,RESOLVED_TRANCHE1,,Identity class: CURRENT_PROGRAM_IDENTITY. Global registration: REUSE_CURRENT_MAIN_PROGRAM_EXPECTED. Evidence: Protected-main current program registry/name plus conservative source-label abbreviation normalization; no institution merge based on geography
arizona-state,Vanderbilt (NIT),vanderbilt,Vanderbilt,TRUE,1,2004-2005,2004-2005,RESOLVED,RESOLVED_TRANCHE1,,Identity class: CURRENT_PROGRAM_IDENTITY. Global registration: REUSE_CURRENT_MAIN_PROGRAM_EXPECTED. Evidence: Protected-main current program registry/name plus conservative source-label abbreviation normalization; no institution merge based on geography
arizona-state,VCU,vcu,VCU,TRUE,1,2022-2023,2022-2023,RESOLVED,RESOLVED_CURRENT_PROGRAM_REGISTRY_OR_SAFE_VARIANT,,Identity class: HISTORICAL_IDENTITY_RESOLVED_CURRENT_PROGRAM. Global registration: REUSE_CURRENT_MAIN_PROGRAM_EXPECTED. Evidence: Protected-main programs.csv at 9738fe4f54b813aad4d2a12344a2c8279c3590ee identifies current program VCU under key vcu; source label 'VCU' is an exact name/display match or conservative abbreviation/punctuation variant with no competing current-program identity. Sources: https://github.com/pollackelliott/college-basketball-history/blob/9738fe4f54b813aad4d2a12344a2c8279c3590ee/data/reference/programs.csv
arizona-state,Villanova,villanova,Villanova,TRUE,1,2020-2021,2020-2021,RESOLVED,RESOLVED_CURRENT_PROGRAM_REGISTRY_OR_SAFE_VARIANT,,Identity class: HISTORICAL_IDENTITY_RESOLVED_CURRENT_PROGRAM. Global registration: REUSE_CURRENT_MAIN_PROGRAM_EXPECTED. Evidence: Protected-main programs.csv at 9738fe4f54b813aad4d2a12344a2c8279c3590ee identifies current program Villanova under key villanova; source label 'Villanova' is an exact name/display match or conservative abbreviation/punctuation variant with no competing current-program identity. Sources: https://github.com/pollackelliott/college-basketball-history/blob/9738fe4f54b813aad4d2a12344a2c8279c3590ee/data/reference/programs.csv
arizona-state,Villanova (OT),villanova,Villanova,TRUE,1,1993-1994,1993-1994,RESOLVED,RESOLVED_CURRENT_PROGRAM_REGISTRY_OR_SAFE_VARIANT,,Identity class: HISTORICAL_IDENTITY_RESOLVED_CURRENT_PROGRAM. Global registration: REUSE_CURRENT_MAIN_PROGRAM_EXPECTED. Evidence: Protected-main programs.csv at 9738fe4f54b813aad4d2a12344a2c8279c3590ee identifies current program Villanova under key villanova; source label 'Villanova' is an exact name/display match or conservative abbreviation/punctuation variant with no competing current-program identity. Sources: https://github.com/pollackelliott/college-basketball-history/blob/9738fe4f54b813aad4d2a12344a2c8279c3590ee/data/reference/programs.csv
arizona-state,Virginia,virginia,Virginia,TRUE,2,1999-2000,2019-2020,RESOLVED,RESOLVED_CURRENT_PROGRAM_REGISTRY_OR_SAFE_VARIANT,,Identity class: HISTORICAL_IDENTITY_RESOLVED_CURRENT_PROGRAM. Global registration: REUSE_CURRENT_MAIN_PROGRAM_EXPECTED. Evidence: Protected-main programs.csv at 9738fe4f54b813aad4d2a12344a2c8279c3590ee identifies current program Virginia under key virginia; source label 'Virginia' is an exact name/display match or conservative abbreviation/punctuation variant with no competing current-program identity. Sources: https://github.com/pollackelliott/college-basketball-history/blob/9738fe4f54b813aad4d2a12344a2c8279c3590ee/data/reference/programs.csv
arizona-state,Wagner,wagner,Wagner,TRUE,1,1997-1998,1997-1998,RESOLVED,RESOLVED_CURRENT_PROGRAM_REGISTRY_OR_SAFE_VARIANT,,Identity class: HISTORICAL_IDENTITY_RESOLVED_CURRENT_PROGRAM. Global registration: REUSE_CURRENT_MAIN_PROGRAM_EXPECTED. Evidence: Protected-main programs.csv at 9738fe4f54b813aad4d2a12344a2c8279c3590ee identifies current program Wagner under key wagner; source label 'Wagner' is an exact name/display match or conservative abbreviation/punctuation variant with no competing current-program identity. Sources: https://github.com/pollackelliott/college-basketball-history/blob/9738fe4f54b813aad4d2a12344a2c8279c3590ee/data/reference/programs.csv
arizona-state,Wake Forest,wake-forest,Wake Forest,TRUE,1,2011-2012,2011-2012,RESOLVED,RESOLVED_CURRENT_PROGRAM_REGISTRY_OR_SAFE_VARIANT,,Identity class: HISTORICAL_IDENTITY_RESOLVED_CURRENT_PROGRAM. Global registration: REUSE_CURRENT_MAIN_PROGRAM_EXPECTED. Evidence: Protected-main programs.csv at 9738fe4f54b813aad4d2a12344a2c8279c3590ee identifies current program Wake Forest under key wake-forest; source label 'Wake Forest' is an exact name/display match or conservative abbreviation/punctuation variant with no competing current-program identity. Sources: https://github.com/pollackelliott/college-basketball-history/blob/9738fe4f54b813aad4d2a12344a2c8279c3590ee/data/reference/programs.csv
arizona-state,#20 Washington (NCAA),washington,Washington,TRUE,1,2010-2011,2010-2011,RESOLVED,RESOLVED_TRANCHE1,,Identity class: CURRENT_PROGRAM_IDENTITY. Global registration: REUSE_CURRENT_MAIN_PROGRAM_EXPECTED. Evidence: Protected-main current program registry/name plus conservative source-label abbreviation normalization; no institution merge based on geography
arizona-state,Washington,washington,Washington,TRUE,67,1977-1978,2023-2024,RESOLVED,RESOLVED_TRANCHE1,,Identity class: CURRENT_PROGRAM_IDENTITY. Global registration: REUSE_CURRENT_MAIN_PROGRAM_EXPECTED. Evidence: Protected-main current program registry/name plus conservative source-label abbreviation normalization; no institution merge based on geography
arizona-state,Washington (10) (NCAA),washington,Washington,TRUE,1,2004-2005,2004-2005,RESOLVED,RESOLVED_TRANCHE1,,Identity class: CURRENT_PROGRAM_IDENTITY. Global registration: REUSE_CURRENT_MAIN_PROGRAM_EXPECTED. Evidence: Protected-main current program registry/name plus conservative source-label abbreviation normalization; no institution merge based on geography
arizona-state,Washington (13) (NCAA),washington,Washington,TRUE,2,2004-2005,2008-2009,RESOLVED,RESOLVED_TRANCHE1,,Identity class: CURRENT_PROGRAM_IDENTITY. Global registration: REUSE_CURRENT_MAIN_PROGRAM_EXPECTED. Evidence: Protected-main current program registry/name plus conservative source-label abbreviation normalization; no institution merge based on geography
arizona-state,Washington (14) (NCAA),washington,Washington,TRUE,1,2005-2006,2005-2006,RESOLVED,RESOLVED_TRANCHE1,,Identity class: CURRENT_PROGRAM_IDENTITY. Global registration: REUSE_CURRENT_MAIN_PROGRAM_EXPECTED. Evidence: Protected-main current program registry/name plus conservative source-label abbreviation normalization; no institution merge based on geography
arizona-state,Washington (14) (OT) (NCAA),washington,Washington,TRUE,1,2004-2005,2004-2005,RESOLVED,RESOLVED_TRANCHE1,,Identity class: CURRENT_PROGRAM_IDENTITY. Global registration: REUSE_CURRENT_MAIN_PROGRAM_EXPECTED. Evidence: Protected-main current program registry/name plus conservative source-label abbreviation normalization; no institution merge based on geography
arizona-state,Washington (17),washington,Washington,TRUE,1,1983-1984,1983-1984,RESOLVED,RESOLVED_TRANCHE1,,Identity class: CURRENT_PROGRAM_IDENTITY. Global registration: REUSE_CURRENT_MAIN_PROGRAM_EXPECTED. Evidence: Protected-main current program registry/name plus conservative source-label abbreviation normalization; no institution merge based on geography
arizona-state,Washington (21) (OT) (NCAA),washington,Washington,TRUE,1,2008-2009,2008-2009,RESOLVED,RESOLVED_TRANCHE1,,Identity class: CURRENT_PROGRAM_IDENTITY. Global registration: REUSE_CURRENT_MAIN_PROGRAM_EXPECTED. Evidence: Protected-main current program registry/name plus conservative source-label abbreviation normalization; no institution merge based on geography
arizona-state,Washington (23) (NCAA),washington,Washington,TRUE,1,2008-2009,2008-2009,RESOLVED,RESOLVED_TRANCHE1,,Identity class: CURRENT_PROGRAM_IDENTITY. Global registration: REUSE_CURRENT_MAIN_PROGRAM_EXPECTED. Evidence: Protected-main current program registry/name plus conservative source-label abbreviation normalization; no institution merge based on geography
arizona-state,Washington (24),washington,Washington,TRUE,1,2006-2007,2006-2007,RESOLVED,RESOLVED_TRANCHE1,,Identity class: CURRENT_PROGRAM_IDENTITY. Global registration: REUSE_CURRENT_MAIN_PROGRAM_EXPECTED. Evidence: Protected-main current program registry/name plus conservative source-label abbreviation normalization; no institution merge based on geography
arizona-state,Washington (24) (NCAA),washington,Washington,TRUE,1,2009-2010,2009-2010,RESOLVED,RESOLVED_TRANCHE1,,Identity class: CURRENT_PROGRAM_IDENTITY. Global registration: REUSE_CURRENT_MAIN_PROGRAM_EXPECTED. Evidence: Protected-main current program registry/name plus conservative source-label abbreviation normalization; no institution merge based on geography
arizona-state,Washington (7) (NCAA),washington,Washington,TRUE,1,2005-2006,2005-2006,RESOLVED,RESOLVED_TRANCHE1,,Identity class: CURRENT_PROGRAM_IDENTITY. Global registration: REUSE_CURRENT_MAIN_PROGRAM_EXPECTED. Evidence: Protected-main current program registry/name plus conservative source-label abbreviation normalization; no institution merge based on geography
arizona-state,Washington (CBI),washington,Washington,TRUE,2,2007-2008,2007-2008,RESOLVED,RESOLVED_TRANCHE1,,Identity class: CURRENT_PROGRAM_IDENTITY. Global registration: REUSE_CURRENT_MAIN_PROGRAM_EXPECTED. Evidence: Protected-main current program registry/name plus conservative source-label abbreviation normalization; no institution merge based on geography
arizona-state,Washington (NCAA),washington,Washington,TRUE,4,2003-2004,2010-2011,RESOLVED,RESOLVED_TRANCHE1,,Identity class: CURRENT_PROGRAM_IDENTITY. Global registration: REUSE_CURRENT_MAIN_PROGRAM_EXPECTED. Evidence: Protected-main current program registry/name plus conservative source-label abbreviation normalization; no institution merge based on geography
arizona-state,Washington (NIT),washington,Washington,TRUE,4,2011-2012,2012-2013,RESOLVED,RESOLVED_TRANCHE1,,Identity class: CURRENT_PROGRAM_IDENTITY. Global registration: REUSE_CURRENT_MAIN_PROGRAM_EXPECTED. Evidence: Protected-main current program registry/name plus conservative source-label abbreviation normalization; no institution merge based on geography
arizona-state,Washington (OT),washington,Washington,TRUE,3,1994-1995,2002-2003,RESOLVED,RESOLVED_TRANCHE1,,Identity class: CURRENT_PROGRAM_IDENTITY. Global registration: REUSE_CURRENT_MAIN_PROGRAM_EXPECTED. Evidence: Protected-main current program registry/name plus conservative source-label abbreviation normalization; no institution merge based on geography
arizona-state,Washington (OT) (NIT),washington,Washington,TRUE,1,2015-2016,2015-2016,RESOLVED,RESOLVED_TRANCHE1,,Identity class: CURRENT_PROGRAM_IDENTITY. Global registration: REUSE_CURRENT_MAIN_PROGRAM_EXPECTED. Evidence: Protected-main current program registry/name plus conservative source-label abbreviation normalization; no institution merge based on geography
arizona-state,Wash. & Jeff.,washington-jefferson,Washington & Jefferson,FALSE,2,1950-1951,1951-1952,RESOLVED,RESOLVED_FROM_STAGE1_ACCEPTED_IDENTITY | RESOLVED_LITERAL_HISTORICAL_NON_D1,,Identity class: HISTORICAL_IDENTITY_RESOLVED | HISTORICAL_NON_D1_IDENTITY_RESOLVED. Global registration: PENDING_CURRENT_MAIN_REBASE_IDENTITY. Evidence: Batch 33 accepted Stage 1 opponent identity; Stage 2 preserves rather than re-researches the row || Literal source label 'Wash. & Jeff.' identifies the historical/non-D1 opponent without requiring a current-D1 merge; current protected-main program registry contains no competing current-D1 identity requiring reassignment. Preserved distinctly under Stage 2 convergence policy. Sources: https://github.com/pollackelliott/college-basketball-history/blob/9738fe4f54b813aad4d2a12344a2c8279c3590ee/data/reference/programs.csv
arizona-state,Wash. & Jefferson,washington-jefferson,Washington & Jefferson,FALSE,1,1949-1950,1949-1950,RESOLVED,RESOLVED_LITERAL_HISTORICAL_NON_D1,,Identity class: HISTORICAL_NONCURRENT_IDENTITY. Global registration: PENDING_CURRENT_MAIN_REBASE_NONCURRENT_IDENTITY. Evidence: Literal source abbreviation uniquely identifies Washington & Jefferson College; this remains distinct from Washington University and the University of Washington. Sources: https://github.com/pollackelliott/college-basketball-history/blob/9738fe4f54b813aad4d2a12344a2c8279c3590ee/data/reference/programs.csv
arizona-state,Wash. St. (2 OT),washington-state,Washington State,TRUE,1,1981-1982,1981-1982,RESOLVED,RESOLVED_TRANCHE1,,Identity class: CURRENT_PROGRAM_IDENTITY. Global registration: REUSE_CURRENT_MAIN_PROGRAM_EXPECTED. Evidence: Protected-main current program registry/name plus conservative source-label abbreviation normalization; no institution merge based on geography
arizona-state,Wash. St. (20T),washington-state,Washington State,TRUE,1,1985-1986,1985-1986,RESOLVED,RESOLVED_TRANCHE1,,Identity class: CURRENT_PROGRAM_IDENTITY. Global registration: REUSE_CURRENT_MAIN_PROGRAM_EXPECTED. Evidence: Protected-main current program registry/name plus conservative source-label abbreviation normalization; no institution merge based on geography
arizona-state,Wash. St. (OT),washington-state,Washington State,TRUE,2,1983-1984,1987-1988,RESOLVED,RESOLVED_TRANCHE1,,Identity class: CURRENT_PROGRAM_IDENTITY. Global registration: REUSE_CURRENT_MAIN_PROGRAM_EXPECTED. Evidence: Protected-main current program registry/name plus conservative source-label abbreviation normalization; no institution merge based on geography
arizona-state,Washington St.,washington-state,Washington State,TRUE,33,1959-1960,1994-1995,RESOLVED,RESOLVED_TRANCHE1,,Identity class: CURRENT_PROGRAM_IDENTITY. Global registration: REUSE_CURRENT_MAIN_PROGRAM_EXPECTED. Evidence: Protected-main current program registry/name plus conservative source-label abbreviation normalization; no institution merge based on geography
arizona-state,Washington St. (18) (NCAA),washington-state,Washington State,TRUE,1,2006-2007,2006-2007,RESOLVED,RESOLVED_TRANCHE1,,Identity class: CURRENT_PROGRAM_IDENTITY. Global registration: REUSE_CURRENT_MAIN_PROGRAM_EXPECTED. Evidence: Protected-main current program registry/name plus conservative source-label abbreviation normalization; no institution merge based on geography
arizona-state,Washington St. (6) (NCAA),washington-state,Washington State,TRUE,1,2007-2008,2007-2008,RESOLVED,RESOLVED_TRANCHE1,,Identity class: CURRENT_PROGRAM_IDENTITY. Global registration: REUSE_CURRENT_MAIN_PROGRAM_EXPECTED. Evidence: Protected-main current program registry/name plus conservative source-label abbreviation normalization; no institution merge based on geography
arizona-state,Washington St. (OT) (NIT),washington-state,Washington State,TRUE,1,2008-2009,2008-2009,RESOLVED,RESOLVED_TRANCHE1,,Identity class: CURRENT_PROGRAM_IDENTITY. Global registration: REUSE_CURRENT_MAIN_PROGRAM_EXPECTED. Evidence: Protected-main current program registry/name plus conservative source-label abbreviation normalization; no institution merge based on geography
arizona-state,Washington State,washington-state,Washington State,TRUE,43,1995-1996,2025-2026,RESOLVED,RESOLVED_TRANCHE1,,Identity class: CURRENT_PROGRAM_IDENTITY. Global registration: REUSE_CURRENT_MAIN_PROGRAM_EXPECTED. Evidence: Protected-main current program registry/name plus conservative source-label abbreviation normalization; no institution merge based on geography
arizona-state,Washington State (17) (NCAA),washington-state,Washington State,TRUE,1,2007-2008,2007-2008,RESOLVED,RESOLVED_TRANCHE1,,Identity class: CURRENT_PROGRAM_IDENTITY. Global registration: REUSE_CURRENT_MAIN_PROGRAM_EXPECTED. Evidence: Protected-main current program registry/name plus conservative source-label abbreviation normalization; no institution merge based on geography
arizona-state,Washington State (CBI),washington-state,Washington State,TRUE,2,2011-2012,2011-2012,RESOLVED,RESOLVED_TRANCHE1,,Identity class: CURRENT_PROGRAM_IDENTITY. Global registration: REUSE_CURRENT_MAIN_PROGRAM_EXPECTED. Evidence: Protected-main current program registry/name plus conservative source-label abbreviation normalization; no institution merge based on geography
arizona-state,Washington State (NCAA),washington-state,Washington State,TRUE,1,2006-2007,2006-2007,RESOLVED,RESOLVED_TRANCHE1,,Identity class: CURRENT_PROGRAM_IDENTITY. Global registration: REUSE_CURRENT_MAIN_PROGRAM_EXPECTED. Evidence: Protected-main current program registry/name plus conservative source-label abbreviation normalization; no institution merge based on geography
arizona-state,Washington State (NIT),washington-state,Washington State,TRUE,3,2008-2009,2010-2011,RESOLVED,RESOLVED_TRANCHE1,,Identity class: CURRENT_PROGRAM_IDENTITY. Global registration: REUSE_CURRENT_MAIN_PROGRAM_EXPECTED. Evidence: Protected-main current program registry/name plus conservative source-label abbreviation normalization; no institution merge based on geography
arizona-state,Washington State (OT),washington-state,Washington State,TRUE,1,1999-2000,1999-2000,RESOLVED,RESOLVED_TRANCHE1,,Identity class: CURRENT_PROGRAM_IDENTITY. Global registration: REUSE_CURRENT_MAIN_PROGRAM_EXPECTED. Evidence: Protected-main current program registry/name plus conservative source-label abbreviation normalization; no institution merge based on geography
arizona-state,Washington,washington-university-st-louis,Washington University in St. Louis,FALSE,2,1949-1950,1950-1951,RESOLVED,RESOLVED_FROM_STAGE1_ACCEPTED_IDENTITY | RESOLVED_RESEARCHED_DISAMBIGUATED_HISTORICAL_NON_D1,,Identity class: HISTORICAL_IDENTITY_RESOLVED | HISTORICAL_NONCURRENT_IDENTITY. Global registration: PENDING_CURRENT_MAIN_REBASE_IDENTITY | PENDING_CURRENT_MAIN_REBASE_NONCURRENT_IDENTITY. Evidence: Batch 33 accepted Stage 1 opponent identity; Stage 2 preserves rather than re-researches the row || A contemporary January 1950 account of ASU's first eastern varsity trip explicitly states that the Sun Devils knocked Washington University of St. Louis from the unbeaten ranks before the Duquesne game. This disambiguates the 1949-50 literal Washington label from the University of Washington and matches the adjacent-season accepted 1950-51 Washington University identity. Sources: https://pacificcitizen.org/wp-content/uploads/archives-menu/Vol.030_%2302_Jan_14_1950.pdf
arizona-state,Weber St.,weber-state,Weber State,TRUE,1,1969-1970,1969-1970,RESOLVED,RESOLVED_CURRENT_PROGRAM_REGISTRY_OR_SAFE_VARIANT,,Identity class: HISTORICAL_IDENTITY_RESOLVED_CURRENT_PROGRAM. Global registration: REUSE_CURRENT_MAIN_PROGRAM_EXPECTED. Evidence: Protected-main programs.csv at 9738fe4f54b813aad4d2a12344a2c8279c3590ee identifies current program Weber State under key weber-state; source label 'Weber St.' is an exact name/display match or conservative abbreviation/punctuation variant with no competing current-program identity. Sources: https://github.com/pollackelliott/college-basketball-history/blob/9738fe4f54b813aad4d2a12344a2c8279c3590ee/data/reference/programs.csv
arizona-state,Weber State,weber-state,Weber State,TRUE,2,1997-1998,2010-2011,RESOLVED,RESOLVED_CURRENT_PROGRAM_REGISTRY_OR_SAFE_VARIANT,,Identity class: HISTORICAL_IDENTITY_RESOLVED_CURRENT_PROGRAM. Global registration: REUSE_CURRENT_MAIN_PROGRAM_EXPECTED. Evidence: Protected-main programs.csv at 9738fe4f54b813aad4d2a12344a2c8279c3590ee identifies current program Weber State under key weber-state; source label 'Weber State' is an exact name/display match or conservative abbreviation/punctuation variant with no competing current-program identity. Sources: https://github.com/pollackelliott/college-basketball-history/blob/9738fe4f54b813aad4d2a12344a2c8279c3590ee/data/reference/programs.csv
arizona-state,West Texas St.,west-texas-a-m,West Texas A&M,FALSE,25,1950-1951,1961-1962,RESOLVED,RESOLVED_FROM_STAGE1_ACCEPTED_IDENTITY | RESOLVED_TRANCHE1,,Identity class: HISTORICAL_IDENTITY_RESOLVED | HISTORICAL_NONCURRENT_IDENTITY. Global registration: PENDING_CURRENT_MAIN_REBASE_NONCURRENT_IDENTITY. Evidence: Batch 33 accepted Stage 1 opponent identity; Stage 2 preserves rather than re-researches the row; WTAMU official history: West Texas State College/University lineage became West Texas A&M University in 1993 || WTAMU official history: West Texas State College/University lineage became West Texas A&M University in 1993 Sources: https://www.wtamu.edu/about/events/30-years-with-am/news/whats-in-a-name.html
arizona-state,West texas St.,west-texas-a-m,West Texas A&M,FALSE,10,1941-1942,1949-1950,RESOLVED,RESOLVED_RESEARCHED_HISTORICAL_ALIAS_NON_D1,,Identity class: HISTORICAL_NONCURRENT_IDENTITY. Global registration: PENDING_CURRENT_MAIN_REBASE_NONCURRENT_IDENTITY. Evidence: West Texas A&M official history documents the West Texas State institutional lineage; the historical labels remain literal source evidence. Sources: https://www.wtamu.edu/about/university-history/index.html
arizona-state,West Texas State,west-texas-a-m,West Texas A&M,FALSE,1,1933-1934,1933-1934,RESOLVED,RESOLVED_RESEARCHED_HISTORICAL_ALIAS_NON_D1,,Identity class: HISTORICAL_NONCURRENT_IDENTITY. Global registration: PENDING_CURRENT_MAIN_REBASE_NONCURRENT_IDENTITY. Evidence: West Texas A&M official history documents the West Texas State institutional lineage; the historical labels remain literal source evidence. Sources: https://www.wtamu.edu/about/university-history/index.html
arizona-state,West Virginia,west-virginia,West Virginia,TRUE,2,2024-2025,2025-2026,RESOLVED,RESOLVED_CURRENT_PROGRAM_REGISTRY_OR_SAFE_VARIANT,,Identity class: HISTORICAL_IDENTITY_RESOLVED_CURRENT_PROGRAM. Global registration: REUSE_CURRENT_MAIN_PROGRAM_EXPECTED. Evidence: Protected-main programs.csv at 9738fe4f54b813aad4d2a12344a2c8279c3590ee identifies current program West Virginia under key west-virginia; source label 'West Virginia' is an exact name/display match or conservative abbreviation/punctuation variant with no competing current-program identity. Sources: https://github.com/pollackelliott/college-basketball-history/blob/9738fe4f54b813aad4d2a12344a2c8279c3590ee/data/reference/programs.csv
arizona-state,W. Carolina,western-carolina,Western Carolina,TRUE,1,1983-1984,1983-1984,RESOLVED,RESOLVED_CURRENT_PROGRAM_REGISTRY_OR_SAFE_VARIANT,,Identity class: HISTORICAL_IDENTITY_RESOLVED_CURRENT_PROGRAM. Global registration: REUSE_CURRENT_MAIN_PROGRAM_EXPECTED. Evidence: Protected-main programs.csv at 9738fe4f54b813aad4d2a12344a2c8279c3590ee identifies current program Western Carolina under key western-carolina; source label 'W. Carolina' is an exact name/display match or conservative abbreviation/punctuation variant with no competing current-program identity. Sources: https://github.com/pollackelliott/college-basketball-history/blob/9738fe4f54b813aad4d2a12344a2c8279c3590ee/data/reference/programs.csv
arizona-state,Western Illinois,western-illinois,Western Illinois,TRUE,1,2009-2010,2009-2010,RESOLVED,RESOLVED_CURRENT_PROGRAM_REGISTRY_OR_SAFE_VARIANT,,Identity class: HISTORICAL_IDENTITY_RESOLVED_CURRENT_PROGRAM. Global registration: REUSE_CURRENT_MAIN_PROGRAM_EXPECTED. Evidence: Protected-main programs.csv at 9738fe4f54b813aad4d2a12344a2c8279c3590ee identifies current program Western Illinois under key western-illinois; source label 'Western Illinois' is an exact name/display match or conservative abbreviation/punctuation variant with no competing current-program identity. Sources: https://github.com/pollackelliott/college-basketball-history/blob/9738fe4f54b813aad4d2a12344a2c8279c3590ee/data/reference/programs.csv
arizona-state,Western Michigan (NCAA),western-michigan,Western Michigan,TRUE,1,2003-2004,2003-2004,RESOLVED,RESOLVED_CURRENT_PROGRAM_REGISTRY_OR_SAFE_VARIANT,,Identity class: HISTORICAL_IDENTITY_RESOLVED_CURRENT_PROGRAM. Global registration: REUSE_CURRENT_MAIN_PROGRAM_EXPECTED. Evidence: Protected-main programs.csv at 9738fe4f54b813aad4d2a12344a2c8279c3590ee identifies current program Western Michigan under key western-michigan; source label 'Western Michigan' is an exact name/display match or conservative abbreviation/punctuation variant with no competing current-program identity. Sources: https://github.com/pollackelliott/college-basketball-history/blob/9738fe4f54b813aad4d2a12344a2c8279c3590ee/data/reference/programs.csv
arizona-state,N Mexico Western,western-new-mexico,Western New Mexico,FALSE,2,1939-1940,1939-1940,RESOLVED,RESOLVED_RESEARCHED_HISTORICAL_ALIAS_NON_D1,,Identity class: HISTORICAL_NONCURRENT_IDENTITY. Global registration: PENDING_CURRENT_MAIN_REBASE_NONCURRENT_IDENTITY. Evidence: Western New Mexico University official history lists New Mexico Western College in the same institutional lineage before the 1963 WNMU name. Sources: https://wnmu.edu/about-us/
arizona-state,New Mex. Western,western-new-mexico,Western New Mexico,FALSE,1,1952-1953,1952-1953,RESOLVED,RESOLVED_LITERAL_HISTORICAL_NON_D1,,Identity class: HISTORICAL_NON_D1_IDENTITY_RESOLVED. Global registration: PENDING_CURRENT_MAIN_REBASE_IDENTITY. Evidence: Literal source label 'New Mex. Western' identifies the historical/non-D1 opponent without requiring a current-D1 merge; current protected-main program registry contains no competing current-D1 identity requiring reassignment. Preserved distinctly under Stage 2 convergence policy. Sources: https://github.com/pollackelliott/college-basketball-history/blob/9738fe4f54b813aad4d2a12344a2c8279c3590ee/data/reference/programs.csv
arizona-state,Western N.M.,western-new-mexico,Western New Mexico,FALSE,1,1963-1964,1963-1964,RESOLVED,RESOLVED_LITERAL_HISTORICAL_NON_D1,,Identity class: HISTORICAL_NON_D1_IDENTITY_RESOLVED. Global registration: PENDING_CURRENT_MAIN_REBASE_IDENTITY. Evidence: Literal source label 'Western N.M.' identifies the historical/non-D1 opponent without requiring a current-D1 merge; current protected-main program registry contains no competing current-D1 identity requiring reassignment. Preserved distinctly under Stage 2 convergence policy. Sources: https://github.com/pollackelliott/college-basketball-history/blob/9738fe4f54b813aad4d2a12344a2c8279c3590ee/data/reference/programs.csv
arizona-state,Westminster,westminster-pennsylvania,Westminster (PA),FALSE,1,1950-1951,1950-1951,RESOLVED,RESOLVED_FROM_STAGE1_ACCEPTED_IDENTITY,,Identity class: HISTORICAL_IDENTITY_RESOLVED. Global registration: PENDING_CURRENT_MAIN_REBASE_IDENTITY. Evidence: Batch 33 accepted Stage 1 opponent identity; Stage 2 preserves rather than re-researches the row
arizona-state,Whittier,whittier,Whittier,FALSE,8,1954-1955,1974-1975,RESOLVED,RESOLVED_TRANCHE1,,Identity class: HISTORICAL_NONCURRENT_IDENTITY. Global registration: PENDING_CURRENT_MAIN_REBASE_NONCURRENT_IDENTITY. Evidence: Protected-main current program registry/name plus conservative source-label abbreviation normalization; no institution merge based on geography
arizona-state,Wichita St.,wichita-state,Wichita State,TRUE,9,1938-1939,1985-1986,RESOLVED,RESOLVED_CURRENT_PROGRAM_REGISTRY_OR_SAFE_VARIANT | RESOLVED_TRANCHE1,,Identity class: CURRENT_PROGRAM_IDENTITY. Global registration: REUSE_CURRENT_MAIN_PROGRAM_EXPECTED. Evidence: Protected-main current program registry/name plus conservative source-label abbreviation normalization; no institution merge based on geography || Protected-main programs.csv at 9738fe4f54b813aad4d2a12344a2c8279c3590ee identifies the current program; source label is an exact or conservative case/punctuation/abbreviation variant with no competing current-program identity. Sources: https://github.com/pollackelliott/college-basketball-history/blob/9738fe4f54b813aad4d2a12344a2c8279c3590ee/data/reference/programs.csv
arizona-state,Wichita St. (5),wichita-state,Wichita State,TRUE,1,1963-1964,1963-1964,RESOLVED,RESOLVED_TRANCHE1,,Identity class: CURRENT_PROGRAM_IDENTITY. Global registration: REUSE_CURRENT_MAIN_PROGRAM_EXPECTED. Evidence: Protected-main current program registry/name plus conservative source-label abbreviation normalization; no institution merge based on geography
arizona-state,Wichita St. (OT),wichita-state,Wichita State,TRUE,1,1962-1963,1962-1963,RESOLVED,RESOLVED_TRANCHE1,,Identity class: CURRENT_PROGRAM_IDENTITY. Global registration: REUSE_CURRENT_MAIN_PROGRAM_EXPECTED. Evidence: Protected-main current program registry/name plus conservative source-label abbreviation normalization; no institution merge based on geography
arizona-state,William & Mary,william-mary,William & Mary,TRUE,1,1996-1997,1996-1997,RESOLVED,RESOLVED_CURRENT_PROGRAM_REGISTRY_OR_SAFE_VARIANT,,Identity class: HISTORICAL_IDENTITY_RESOLVED_CURRENT_PROGRAM. Global registration: REUSE_CURRENT_MAIN_PROGRAM_EXPECTED. Evidence: Protected-main programs.csv at 9738fe4f54b813aad4d2a12344a2c8279c3590ee identifies current program William & Mary under key william-mary; source label 'William & Mary' is an exact name/display match or conservative abbreviation/punctuation variant with no competing current-program identity. Sources: https://github.com/pollackelliott/college-basketball-history/blob/9738fe4f54b813aad4d2a12344a2c8279c3590ee/data/reference/programs.csv
arizona-state,Williams Field,williams-air-base,Williams Air Base,FALSE,3,1942-1943,1942-1943,RESOLVED,RESOLVED_RESEARCHED_HISTORICAL_NON_D1,,Identity class: HISTORICAL_SERVICE_IDENTITY_RESOLVED. Global registration: PENDING_CURRENT_MAIN_REBASE_IDENTITY. Evidence: University of Arizona official wartime schedules identify Williams Air Base in the same Arizona service-team basketball circuit; ASU's Williams Field variants are normalized to that installation team. Sources: https://arizonawildcats.com/sports/mens-basketball/schedule/1945-46
arizona-state,Williams field,williams-air-base,Williams Air Base,FALSE,3,1945-1946,1945-1946,RESOLVED,RESOLVED_RESEARCHED_HISTORICAL_NON_D1,,Identity class: HISTORICAL_SERVICE_IDENTITY_RESOLVED. Global registration: PENDING_CURRENT_MAIN_REBASE_IDENTITY. Evidence: University of Arizona official wartime schedules identify Williams Air Base in the same Arizona service-team basketball circuit; ASU's Williams Field variants are normalized to that installation team. Sources: https://arizonawildcats.com/sports/mens-basketball/schedule/1945-46
arizona-state,Winthrop (NCAA),winthrop,Winthrop,TRUE,1,2000-2001,2000-2001,RESOLVED,RESOLVED_CURRENT_PROGRAM_REGISTRY_OR_SAFE_VARIANT,,Identity class: HISTORICAL_IDENTITY_RESOLVED_CURRENT_PROGRAM. Global registration: REUSE_CURRENT_MAIN_PROGRAM_EXPECTED. Evidence: Protected-main programs.csv at 9738fe4f54b813aad4d2a12344a2c8279c3590ee identifies current program Winthrop under key winthrop; source label 'Winthrop' is an exact name/display match or conservative abbreviation/punctuation variant with no competing current-program identity. Sources: https://github.com/pollackelliott/college-basketball-history/blob/9738fe4f54b813aad4d2a12344a2c8279c3590ee/data/reference/programs.csv
arizona-state,Wyoming,wyoming,Wyoming,TRUE,32,1962-1963,1977-1978,RESOLVED,RESOLVED_TRANCHE1,,Identity class: CURRENT_PROGRAM_IDENTITY. Global registration: REUSE_CURRENT_MAIN_PROGRAM_EXPECTED. Evidence: Protected-main current program registry/name plus conservative source-label abbreviation normalization; no institution merge based on geography
arizona-state,Xavier,xavier,Xavier,TRUE,2,1984-1985,2017-2018,RESOLVED,RESOLVED_CURRENT_PROGRAM_REGISTRY_OR_SAFE_VARIANT,,Identity class: HISTORICAL_IDENTITY_RESOLVED_CURRENT_PROGRAM. Global registration: REUSE_CURRENT_MAIN_PROGRAM_EXPECTED. Evidence: Protected-main programs.csv at 9738fe4f54b813aad4d2a12344a2c8279c3590ee identifies current program Xavier under key xavier; source label 'Xavier' is an exact name/display match or conservative abbreviation/punctuation variant with no competing current-program identity. Sources: https://github.com/pollackelliott/college-basketball-history/blob/9738fe4f54b813aad4d2a12344a2c8279c3590ee/data/reference/programs.csv
arizona-state,Xavier (17) (NCAA),xavier,Xavier,TRUE,1,2007-2008,2007-2008,RESOLVED,RESOLVED_CURRENT_PROGRAM_REGISTRY_OR_SAFE_VARIANT,,Identity class: HISTORICAL_IDENTITY_RESOLVED_CURRENT_PROGRAM. Global registration: REUSE_CURRENT_MAIN_PROGRAM_EXPECTED. Evidence: Protected-main programs.csv at 9738fe4f54b813aad4d2a12344a2c8279c3590ee identifies current program Xavier under key xavier; source label 'Xavier' is an exact name/display match or conservative abbreviation/punctuation variant with no competing current-program identity. Sources: https://github.com/pollackelliott/college-basketball-history/blob/9738fe4f54b813aad4d2a12344a2c8279c3590ee/data/reference/programs.csv
arizona-state,Xavier (NCAA),xavier,Xavier,TRUE,1,2006-2007,2006-2007,RESOLVED,RESOLVED_CURRENT_PROGRAM_REGISTRY_OR_SAFE_VARIANT,,Identity class: HISTORICAL_IDENTITY_RESOLVED_CURRENT_PROGRAM. Global registration: REUSE_CURRENT_MAIN_PROGRAM_EXPECTED. Evidence: Protected-main programs.csv at 9738fe4f54b813aad4d2a12344a2c8279c3590ee identifies current program Xavier under key xavier; source label 'Xavier' is an exact name/display match or conservative abbreviation/punctuation variant with no competing current-program identity. Sources: https://github.com/pollackelliott/college-basketball-history/blob/9738fe4f54b813aad4d2a12344a2c8279c3590ee/data/reference/programs.csv
